[run_campaign_pos] node=algofi  run_id=pos_audit_b11_cTS_semantic_v2_seed999_n500
[run_campaign_pos] params: strat=cTS_semantic_v2 seed=999 num=500 b_count=16
[run_campaign_pos] host_args: --in1 5 --in4 10
[run_campaign_pos] WORK=/root/a4_campaign REPO=/root/a4_campaign/repo HOST=/root/a4_campaign/bin/risc0-host
[run_campaign_pos] expected host sha: 6873e5887dd98a84885ebe0dfb88ae2b05b113810b76ca586d9a7a19805cc444
[run_campaign_pos] actual   host sha: 6873e5887dd98a84885ebe0dfb88ae2b05b113810b76ca586d9a7a19805cc444
[run_campaign_pos] python: /usr/bin/python3 (Python 3.13.5)
[run_campaign_pos] mapping strategy 'cTS_semantic_v2' -> selector 'cTS_semantic_v2'
[run_campaign_pos] command: /usr/bin/python3 -m a4.standalone.cli fuzz --host /root/a4_campaign/bin/risc0-host --selector cTS_semantic_v2 --num 500 --seed 999 --db /root/results_pos_audit_b11_cTS_semantic_v2_seed999_n500/pos_audit_b11_cTS_semantic_v2_seed999_n500.db --telemetry-level full --debug-bandit-trace /root/results_pos_audit_b11_cTS_semantic_v2_seed999_n500/pos_audit_b11_cTS_semantic_v2_seed999_n500.bandit_trace.jsonl -- --in1 5 --in4 10
A4 Standalone Fuzzer
============================================================
Running inspection on /root/a4_campaign/bin/risc0-host...
  Args: --in1 5 --in4 10
Inspection Data Summary:
  Total cycles: 32768
  Total steps: 3930
  Total transactions: 34724
    - Register transactions: 8780
    - Memory transactions: 25944
  Cycles by major category:
    MISC0: 1386
    MISC1: 442
    MISC2: 664
    MUL0: 100
    DIV0: 23
    MEM0 (load): 680
    MEM1 (store): 596
    CONTROL0: 9641
    ECALL0: 87
    POSEIDON0: 2486
    POSEIDON1: 16371
    SHA0: 292

Starting campaign 1
  Mutations: 500
  Kind: all
  Seed: 999


--- V2 BANDIT SETUP (cTS_semantic_v2) ---
  Baseline: 1599 bitmap buckets
SemanticArmUniverse:
  Total steps:        3930
  Mutation kinds (K): 8
  Total available arms: 48
  Boundary arms:      13
  Singleton arms:     4

  Arms per kind (zone counts):
    COMP_OUT_MOD                4 zones,  1789 steps total
    LOAD_VAL_MOD                2 zones,   588 steps total
    STORE_OUT_MOD               2 zones,   596 steps total
    PRE_EXEC_REG_MOD            8 zones,  3600 steps total
    INSTR_TYPE_MOD              9 zones,  3891 steps total
    MEM_VAL_MOD                 9 zones,  2236 steps total
    INSTR_WORD_MOD_FULL         7 zones,  3872 steps total
    INSTR_WORD_MOD_SUR          7 zones,  3872 steps total

  Arms per zone (kind counts):
    step0                  3 kinds,     3 steps (singleton)
    last_step              1 kinds,     1 steps (singleton)
    pre_ecall              2 kinds,    50 steps (boundary)
    post_ecall             7 kinds,   164 steps (boundary)
    pre_mret               0 kinds,     0 steps (boundary)
    post_mret              0 kinds,     0 steps (boundary)
    pre_halt               0 kinds,     0 steps (boundary)
    post_halt              0 kinds,     0 steps (boundary)
    core_arithmetic        6 kinds, 11225 steps
    core_memory_load       6 kinds,  3504 steps
    core_memory_store      6 kinds,  3516 steps
    core_branch            1 kinds,    24 steps
    core_mul               5 kinds,   330 steps
    core_div               0 kinds,     0 steps
    core_shr               5 kinds,   110 steps
    core_sha               0 kinds,     0 steps
    core_poseidon          0 kinds,     0 steps
    core_other             0 kinds,     0 steps
    kernel_other           6 kinds,  1517 steps
--- V2 BANDIT READY (48 arms, budget 500) ---

  [1] ✓ COMP_OUT_MOD @ step 3639: 2 failures, 3290ms, outcome: REJECTED, exit: 101 [proof:GENERATED] [+2 new] [+1599 touch] G=memory
       r=0.200  T_new=0.00 F_new=0.78 F_rare=1.00 U=0 Q=0.43 Q_l=0.51 Q_g=0.85 dl=2 dg=1
       Value: 0x00205758 -> 0x80000000
       Destination: rd = x1 (ra)
       zkVM errors (1 lines):
         • [prover_impl.rs:280] verify segment (internal proof verification failed)
       Local constraints hit (2 unique):
         - MemoryWrite@mem.zir:100
           cycle=20515, step=3639, pc=0x002032F4, major=2, minor=4
         - MemoryWrite@mem.zir:99
           cycle=20515, step=3639, pc=0x002032F4, major=2, minor=4
       Global: memory permutation violated
         x1/ra: wrote 0x80000000, expected 0x00205758 (cycle 41031)
  [2] ✓ COMP_OUT_MOD @ step 618: 2 failures, 3275ms, outcome: REJECTED, exit: 101 [proof:GENERATED] G=memory
       r=0.196  T_new=0.00 F_new=0.78 F_rare=1.00 U=0 Q=0.43 Q_l=0.51 Q_g=0.85 dl=2 dg=1
       Value: 0x00000004 -> 0x7D9510A7
       Destination: rd = x9 (s1)
       zkVM errors (1 lines):
         • [prover_impl.rs:280] verify segment (internal proof verification failed)
       Local constraints hit (2 unique):
         - MemoryWrite@mem.zir:100
           cycle=17227, step=618, pc=0x002031BC, major=3, minor=1
         - MemoryWrite@mem.zir:99
           cycle=17227, step=618, pc=0x002031BC, major=3, minor=1
       Global: memory permutation violated
         x9/s1: wrote 0x7d9510a7, expected 0x00000004 (cycle 34455)
  [3] ✓ COMP_OUT_MOD @ step 3591: 1 failures, 3321ms, outcome: REJECTED, exit: 101 [proof:GENERATED] G=memory
       r=0.251  T_new=0.00 F_new=0.63 F_rare=1.00 U=0 Q=0.61 Q_l=0.72 Q_g=0.85 dl=1 dg=1
       Value: 0x00000009 -> 0x00010009
       Destination: rd = x14 (a4)
       zkVM errors (1 lines):
         • [prover_impl.rs:280] verify segment (internal proof verification failed)
       Local constraints hit (1 unique):
         - MemoryWrite@mem.zir:100
           cycle=20467, step=3591, pc=0x00205680, major=4, minor=2
       Global: memory permutation violated
         x14/a4: wrote 0x00010009, expected 0x00000009 (cycle 40935)
  [4] ✓ COMP_OUT_MOD @ step 3809: 2 failures, 3314ms, outcome: REJECTED, exit: 101 [proof:GENERATED] G=memory
       r=0.193  T_new=0.00 F_new=0.78 F_rare=1.00 U=0 Q=0.43 Q_l=0.51 Q_g=0.85 dl=2 dg=1
       Value: 0x00000000 -> 0x7FDEFD7B
       Destination: rd = x15 (a5)
       zkVM errors (1 lines):
         • [prover_impl.rs:280] verify segment (internal proof verification failed)
       Local constraints hit (2 unique):
         - MemoryWrite@mem.zir:100
           cycle=20759, step=3809, pc=0x002061F4, major=0, minor=1
         - MemoryWrite@mem.zir:99
           cycle=20759, step=3809, pc=0x002061F4, major=0, minor=1
       Global: memory permutation violated
         x15/a5: wrote 0x7fdefd7b, expected 0x00000000 (cycle 41519)
  [5] ✓ INSTR_TYPE_MOD @ step 3461: 3 failures, 3323ms, outcome: REJECTED, exit: 101 [proof:GENERATED] [+2 new] [+34 touch] G=memory
       r=0.173  T_new=0.62 F_new=0.92 F_rare=1.00 U=0 Q=0.26 Q_l=0.37 Q_g=0.72 dl=3 dg=2
       Value: 0x00000007 -> 0x00050007
       Original: AddI [major=0, minor=7]
       Mutated:  Unknown(5,7) [major=5, minor=7] ⚠INVALID
       zkVM errors (3 lines):
         • [prover_impl.rs:280] verify segment (internal proof verification failed)
         • [ffi.cpp:113] address mismatch at cycle 20263: preflight=0x3fffc03f, actual=0x00000000
         • [kernels/cxx/ffi.cpp:208] SKIP THROW: memory peek not in preflight
       Local constraints hit (3 unique):
         - AddrDecomposeBits@u32.zir:87
           cycle=20263, step=3461, pc=0x00218150, major=5, minor=7
         - IllegalLoadOp@inst_mem.zir:40
           cycle=20263, step=3461, pc=0x00218150, major=5, minor=7
         - MemoryWrite@mem.zir:99
           cycle=20263, step=3461, pc=0x00218150, major=5, minor=7
       Global: memory permutation violated
         0x00000000 (data): expected write missing, needed 0x00000000 (cycle 40368)
         x31/t6: unexpected write 0x00000000 (cycle 40368)
  [6] ✓ INSTR_TYPE_MOD @ step 1413: 2 failures, 3286ms, outcome: REJECTED, exit: 101 [proof:GENERATED] [+1 new] [+36 touch]
       r=0.305  T_new=0.64 F_new=0.63 F_rare=1.00 U=0 Q=0.51 Q_l=0.51 Q_g=1.00 dl=2 dg=0
       Value: 0x00050003 -> 0x00050004
       Original: LbU [major=5, minor=3]
       Mutated:  LhU [major=5, minor=4]
       zkVM errors (1 lines):
         • [prover_impl.rs:280] verify segment (internal proof verification failed)
       Local constraints hit (2 unique):
         - MemoryWrite@mem.zir:99
           cycle=18057, step=1413, pc=0x002184C4, major=5, minor=4
         - VerifyOpcodeF3@inst.zir:97
           cycle=18057, step=1413, pc=0x002184C4, major=5, minor=4
       Global: no permutation/lookup violations (local-only)
  [7] ✓ INSTR_TYPE_MOD @ step 2396: 3 failures, 3336ms, outcome: REJECTED, exit: 101 [proof:GENERATED] [+1 new] G=memory|cycle
       r=0.078  T_new=0.00 F_new=0.98 F_rare=1.00 U=0 Q=0.16 Q_l=0.37 Q_g=0.43 dl=3 dg=5
       Value: 0x00060002 -> 0x00020005
       Original: Sw [major=6, minor=2]
       Mutated:  Lui [major=2, minor=5]
       zkVM errors (3 lines):
         • [prover_impl.rs:280] verify segment (internal proof verification failed)
         • [ffi.cpp:113] address mismatch at cycle 19050: preflight=0x000800d0, actual=0x3fffc060
         • [kernels/cxx/ffi.cpp:208] SKIP THROW: memory peek not in preflight
       Local constraints hit (3 unique):
         - MemoryWrite@mem.zir:100
           cycle=19050, step=2396, pc=0x002013D4, major=2, minor=5
         - MemoryWrite@mem.zir:99
           cycle=19050, step=2396, pc=0x002013D4, major=2, minor=5
         - VerifyOpcode@inst.zir:91
           cycle=19050, step=2396, pc=0x002013D4, major=2, minor=5
       Global: memory permutation violated
         0x00200340 (data): unexpected write 0x00000000 (cycle 38081)
         0xFFFF0180 (data): expected write missing, needed 0x00000000 (cycle 38081)
       Global: cycle lookup violated (3 indices broken)
         index 0: 2254 provides, 1 uses (imbalanced)
         index 18: 84 provides, 1 uses (imbalanced)
         index 19: 97 provides, 1 uses (imbalanced)
  [8] ✓ INSTR_TYPE_MOD @ step 696: 5 failures, 3343ms, outcome: REJECTED, exit: 101 [proof:GENERATED] [+2 new] [+35 touch] G=memory|cycle
       r=0.055  T_new=0.63 F_new=0.99 F_rare=1.00 U=0 Q=0.08 Q_l=0.19 Q_g=0.43 dl=5 dg=5
       Value: 0x00030001 -> 0x00060001
       Original: SllI [major=3, minor=1]
       Mutated:  Sh [major=6, minor=1]
       zkVM errors (3 lines):
         • [prover_impl.rs:280] verify segment (internal proof verification failed)
         • [ffi.cpp:113] address mismatch at cycle 17311: preflight=0x3fffc029, actual=0x00000002
         • [kernels/cxx/ffi.cpp:208] SKIP THROW: memory peek not in preflight
       Local constraints hit (5 unique):
         - AddrDecomposeBits@u32.zir:87
           cycle=17311, step=696, pc=0x002031BC, major=6, minor=1
         - IsRead@mem.zir:79
           cycle=17311, step=696, pc=0x002031BC, major=6, minor=1
         - MemoryWrite@mem.zir:100
           cycle=17311, step=696, pc=0x002031BC, major=6, minor=1
         - MemoryWrite@mem.zir:99
           cycle=17311, step=696, pc=0x002031BC, major=6, minor=1
         - VerifyOpcodeF3@inst.zir:96
           cycle=17311, step=696, pc=0x002031BC, major=6, minor=1
       Global: memory permutation violated
         0x00000008 (data): expected write missing, needed 0x800005b7 (cycle 34456)
         x9/s1: unexpected write 0x00000001 (cycle 34622)
       Global: cycle lookup violated (3 indices broken)
         index 0: 2254 provides, 1 uses (imbalanced)
         index 166: 4 provides, 1 uses (imbalanced)
         index 2013265920: orphan provide (1 entries, no matching use)
  [9] ✓ INSTR_TYPE_MOD @ step 3755: 2 failures, 3252ms, outcome: REJECTED, exit: 101 [proof:GENERATED]
       r=0.207  T_new=0.00 F_new=0.63 F_rare=1.00 U=0 Q=0.51 Q_l=0.51 Q_g=1.00 dl=2 dg=0
       Value: 0x00040002 -> 0x00010002
       Original: SrlI [major=4, minor=2]
       Mutated:  AndI [major=1, minor=2]
       zkVM errors (1 lines):
         • [prover_impl.rs:280] verify segment (internal proof verification failed)
       Local constraints hit (2 unique):
         - MemoryWrite@mem.zir:99
           cycle=20631, step=3755, pc=0x00205794, major=1, minor=2
         - VerifyOpcodeF3@inst.zir:97
           cycle=20631, step=3755, pc=0x00205794, major=1, minor=2
       Global: no permutation/lookup violations (local-only)
  [10] ✓ INSTR_TYPE_MOD @ step 600: 4 failures, 3285ms, outcome: REJECTED, exit: 101 [proof:GENERATED] [+3 new] G=memory
       r=0.090  T_new=0.00 F_new=0.95 F_rare=1.00 U=0 Q=0.19 Q_l=0.26 Q_g=0.72 dl=4 dg=2
       Value: 0x00050002 -> 0x00000004
       Original: Lw [major=5, minor=2]
       Mutated:  And [major=0, minor=4]
       zkVM errors (3 lines):
         • [prover_impl.rs:280] verify segment (internal proof verification failed)
         • [ffi.cpp:113] address mismatch at cycle 17203: preflight=0x3fffc02a, actual=0x3fffc008
         • [kernels/cxx/ffi.cpp:208] SKIP THROW: memory peek not in preflight
       Local constraints hit (4 unique):
         - MemoryWrite@mem.zir:99
           cycle=17203, step=600, pc=0xC0000140, major=0, minor=4
         - VerifyOpcodeF3F7@inst.zir:102
           cycle=17203, step=600, pc=0xC0000140, major=0, minor=4
         - VerifyOpcodeF3F7@inst.zir:103
           cycle=17203, step=600, pc=0xC0000140, major=0, minor=4
         - VerifyOpcodeF3F7@inst.zir:104
           cycle=17203, step=600, pc=0xC0000140, major=0, minor=4
       Global: memory permutation violated
         0xFFFF0020 (data): expected write missing, needed 0x0020036c (cycle 34387)
         x10/a0: unexpected write 0x0020036c (cycle 34387)
  [11] ✓ INSTR_TYPE_MOD @ step 529: 6 failures, 3340ms, outcome: REJECTED, exit: 101 [proof:GENERATED] G=memory|cycle
       r=0.008  T_new=0.00 F_new=1.00 F_rare=1.00 U=0 Q=0.02 Q_l=0.14 Q_g=0.11 dl=6 dg=13
       Value: 0x00020002 -> 0x00060001
       Original: BgeU [major=2, minor=2]
       Mutated:  Sh [major=6, minor=1]
       zkVM errors (3 lines):
         • [prover_impl.rs:280] verify segment (internal proof verification failed)
         • [ffi.cpp:113] address mismatch at cycle 17132: preflight=0x3fffc060, actual=0x0000000c
         • [kernels/cxx/ffi.cpp:208] SKIP THROW: memory peek not in preflight
       Local constraints hit (5 unique):
         - AddrDecomposeBits@u32.zir:87
           cycle=17132, step=529, pc=0x002061A4, major=6, minor=1
         - MemoryWrite@mem.zir:100
           cycle=17132, step=529, pc=0x002061A4, major=6, minor=1
         - MemoryWrite@mem.zir:99 (x2)
           cycle=17132, step=529, pc=0x002061A4, major=6, minor=1
         - VerifyOpcodeF3@inst.zir:96
           cycle=17132, step=529, pc=0x002061A4, major=6, minor=1
         - VerifyOpcodeF3@inst.zir:97
           cycle=17132, step=529, pc=0x002061A4, major=6, minor=1
       Global: memory permutation violated (18 addrs: 16 code, 2 data)
         0x00000030 (data): expected write missing, needed 0x00255593 (cycle 34098)
         0xFFFF0180 (data): unexpected write 0x00000000 (cycle 34213)
         + 16 code addresses diverged (instruction fetch cascade)
       Global: cycle lookup violated (3 indices broken)
         index 50: 6 provides, 1 uses (imbalanced)
         index 51: 18 provides, 1 uses (imbalanced)
         index 166: 4 provides, 1 uses (imbalanced)
  [12] ✓ INSTR_TYPE_MOD @ step 837: 4 failures, 3345ms, outcome: REJECTED, exit: 101 [proof:GENERATED] [+1 new] G=memory|cycle
       r=0.024  T_new=0.00 F_new=1.00 F_rare=1.00 U=0 Q=0.05 Q_l=0.26 Q_g=0.19 dl=4 dg=10
       Value: 0x00000007 -> 0x00020005
       Original: AddI [major=0, minor=7]
       Mutated:  Lui [major=2, minor=5]
       zkVM errors (3 lines):
         • [prover_impl.rs:280] verify segment (internal proof verification failed)
         • [ffi.cpp:113] address mismatch at cycle 17458: preflight=0x3fffc011, actual=0x3fffc000
         • [kernels/cxx/buffers.h:43] SKIP THROW: Inconsistent set
       Local constraints hit (4 unique):
         - ECallHostReadSetup@inst_ecall.zir:70
           cycle=17459, step=837, pc=0xC000014C, major=8, minor=2
         - MemoryWrite@mem.zir:100
           cycle=17458, step=837, pc=0xC000014C, major=2, minor=5
         - MemoryWrite@mem.zir:99
           cycle=17458, step=837, pc=0xC000014C, major=2, minor=5
         - VerifyOpcode@inst.zir:91
           cycle=17458, step=837, pc=0xC000014C, major=2, minor=5
       Global: memory permutation violated
         0xC0000150 (data): unexpected write 0x00000513 (cycle 34754)
         0xC0000154 (data): expected write missing, needed 0x00000513 (cycle 34754)
         0xC0000158 (data): expected write missing, needed 0x02820593 (cycle 34756)
         0xC000015C (data): expected write missing, needed 0x00800613 (cycle 34758)
         0xC0000160 (data): expected write missing, needed 0x00000073 (cycle 34760)
         0xC0000164 (data): expected write missing, needed 0x30200073 (cycle 34766)
         0xFFFF0000 (data): expected write missing, needed 0x00000001 (cycle 34905)
         0xFFFF0044 (data): unexpected write 0x00000001 (cycle 34905)
         0xFFFF0100 (data): expected write missing, needed 0x0021a0c8 (cycle 34907)
       Global: cycle lookup violated (1 indices broken)
         index 9: 344 provides, 1 uses (imbalanced)
  [13] ✓ INSTR_TYPE_MOD @ step 0: 4 failures, 3321ms, outcome: REJECTED, exit: 101 [proof:GENERATED] [+3 new] [+3 touch] G=memory|cycle
       r=0.080  T_new=0.08 F_new=0.97 F_rare=1.00 U=0 Q=0.16 Q_l=0.26 Q_g=0.61 dl=4 dg=3
       Value: 0x00020006 -> 0x00010005
       Original: Auipc [major=2, minor=6]
       Mutated:  Beq [major=1, minor=5]
       zkVM errors (3 lines):
         • [prover_impl.rs:280] verify segment (internal proof verification failed)
         • [ffi.cpp:113] address mismatch at cycle 0: preflight=0x44000000, actual=0x00000000
         • [kernels/cxx/ffi.cpp:208] SKIP THROW: memory peek not in preflight
       Local constraints hit (4 unique):
         - AddrDecompose@u32.zir:67
           cycle=0, step=0, pc=0x00000000, major=1, minor=5
         - ControlLoadRootAndNonce@inst_control.zir:23
           cycle=1, step=0, pc=0x00000000, major=7, minor=0
         - MiscInput@inst_misc.zir:7
           cycle=0, step=0, pc=0x00000000, major=1, minor=5
         - VerifyOpcodeF3@inst.zir:96
           cycle=0, step=0, pc=0x00000000, major=1, minor=5
       Global: memory permutation violated
         0xFFFF0100 (data): expected write missing, needed 0x00000000 (cycle 0)
       Global: cycle lookup violated (2 indices broken)
         index 0: 2256 provides, 1 uses (imbalanced)
         index 2013265920: orphan provide (2 entries, no matching use)
  [14] ✓ INSTR_WORD_MOD_FULL @ step 412: 0 failures, 3308ms, outcome: REJECTED, exit: 101 [proof:GENERATED] G=memory[GO]
       r=0.263  T_new=0.00 F_new=0.78 F_rare=1.00 U=0 Q=0.61 Q_l=1.00 Q_g=0.61 dl=0 dg=3
       Value: 0x00058513 -> 0x000D8513
       Original: ADDI x10, x11, 0
       Mutated:  ADDI x10, x27, 0
       zkVM errors (3 lines):
         • [prover_impl.rs:280] verify segment (internal proof verification failed)
         • [ffi.cpp:113] address mismatch at cycle 17003: preflight=0x3fffc02b, actual=0x3fffc03b
         • [kernels/cxx/ffi.cpp:208] SKIP THROW: memory peek not in preflight
       Global: memory permutation violated [GLOBAL-ONLY]
         x11/a1: unexpected write 0x00000000 (cycle 34003)
         x27/s11: expected write missing, needed 0x00000000 (cycle 34003)
         0x002031A4 (code): wrote 0x00058513, expected 0x000d8513 (cycle 33838)
  [15] ✓ INSTR_WORD_MOD_FULL @ step 1972: 3 failures, 3283ms, outcome: REJECTED, exit: 101 [proof:GENERATED] G=memory
       r=0.055  T_new=0.00 F_new=0.99 F_rare=1.00 U=0 Q=0.11 Q_l=0.37 Q_g=0.31 dl=3 dg=7
       Value: 0x0005C703 -> 0xBE951697
       Original: LBU x14, 0(x11)
       Mutated:  AUIPC x13, 0xbe951000
       Format changed: I -> U
       zkVM errors (3 lines):
         • [prover_impl.rs:280] verify segment (internal proof verification failed)
         • [ffi.cpp:113] address mismatch at cycle 18621: preflight=0x3fffc02b, actual=0x3fffc02a
         • [kernels/cxx/ffi.cpp:208] SKIP THROW: memory peek not in preflight
       Local constraints hit (3 unique):
         - MemoryWrite@mem.zir:99
           cycle=18621, step=1972, pc=0x002184C4, major=5, minor=3
         - VerifyOpcodeF3@inst.zir:96
           cycle=18621, step=1972, pc=0x002184C4, major=5, minor=3
         - VerifyOpcodeF3@inst.zir:97
           cycle=18621, step=1972, pc=0x002184C4, major=5, minor=3
       Global: memory permutation violated
         x10/a0: expected write missing, needed 0x0021ba90 (cycle 37233)
         x11/a1: unexpected write 0x0021ba90 (cycle 37233)
         x13/a3: unexpected write 0x00000041 (cycle 37243)
         x14/a4: unexpected write 0x00000042 (cycle 37230)
         0x002184C0 (code): wrote 0x0005c703, expected 0xbe951697 (cycle 37228)
         0x0021B678 (code): expected write missing, needed 0x544b4341 (cycle 28390)
         0x0021BA90 (code): unexpected write 0x544b4341 (cycle 28390)
  [16] ✓ INSTR_WORD_MOD_FULL @ step 2794: 0 failures, 3300ms, outcome: REJECTED, exit: 101 [proof:GENERATED] G=memory[GO]
       r=0.262  T_new=0.00 F_new=0.78 F_rare=1.00 U=0 Q=0.61 Q_l=1.00 Q_g=0.61 dl=0 dg=3
       Value: 0x04C12223 -> 0x04412223
       Original: SW x12, 68(x2)
       Mutated:  SW x4, 68(x2)
       zkVM errors (3 lines):
         • [prover_impl.rs:280] verify segment (internal proof verification failed)
         • [ffi.cpp:113] address mismatch at cycle 19522: preflight=0x3fffc02c, actual=0x3fffc024
         • [kernels/cxx/ffi.cpp:208] SKIP THROW: memory peek not in preflight
       Global: memory permutation violated [GLOBAL-ONLY]
         x4/tp: expected write missing, needed 0x00000000 (cycle 39037)
         x12/a2: unexpected write 0x00000000 (cycle 39037)
         0x0020385C (code): wrote 0x04c12223, expected 0x04412223 (cycle 11286)
  [17] ✓ INSTR_WORD_MOD_FULL @ step 2530: 0 failures, 3327ms, outcome: REJECTED, exit: 101 [proof:GENERATED] G=memory[GO]
       r=0.262  T_new=0.00 F_new=0.78 F_rare=1.00 U=0 Q=0.61 Q_l=1.00 Q_g=0.61 dl=0 dg=3
       Value: 0x01869693 -> 0x01869493
       Original: SLLI x13, x13, 24
       Mutated:  SLLI x9, x13, 24
       zkVM errors (3 lines):
         • [prover_impl.rs:280] verify segment (internal proof verification failed)
         • [ffi.cpp:113] address mismatch at cycle 19258: preflight=0x3fffc02d, actual=0x3fffc029
         • [kernels/cxx/ffi.cpp:208] SKIP THROW: memory peek not in preflight
       Global: memory permutation violated [GLOBAL-ONLY]
         x9/s1: expected write missing, needed 0x0000000f (cycle 38516)
         x13/a3: unexpected write 0x0000000f (cycle 38516)
         0x00201470 (code): wrote 0x01869693, expected 0x01869493 (cycle 6798)
  [18] ✓ INSTR_WORD_MOD_FULL @ step 3755: 5 failures, 3388ms, outcome: REJECTED, exit: 101 [proof:GENERATED] [+2 touch] G=memory|cycle
       r=0.021  T_new=0.06 F_new=1.00 F_rare=1.00 U=0 Q=0.04 Q_l=0.19 Q_g=0.22 dl=5 dg=9
       Value: 0x018A5693 -> 0xFEF7A96F
       Original: SRLI x13, x20, 24
       Mutated:  JAL x18, -544786
       Format changed: I -> J
       zkVM errors (3 lines):
         • [prover_impl.rs:280] verify segment (internal proof verification failed)
         • [ffi.cpp:113] address mismatch at cycle 20631: preflight=0x3fffc034, actual=0x3fffc02f
         • [kernels/cxx/ffi.cpp:208] SKIP THROW: memory peek not in preflight
       Local constraints hit (5 unique):
         - MemoryWrite@mem.zir:100
           cycle=20631, step=3755, pc=0x00205794, major=4, minor=2
         - MemoryWrite@mem.zir:99
           cycle=20631, step=3755, pc=0x00205794, major=4, minor=2
         - VerifyOpcodeF3F7@inst.zir:102
           cycle=20631, step=3755, pc=0x00205794, major=4, minor=2
         - VerifyOpcodeF3F7@inst.zir:103
           cycle=20631, step=3755, pc=0x00205794, major=4, minor=2
         - VerifyOpcodeF3F7@inst.zir:104
           cycle=20631, step=3755, pc=0x00205794, major=4, minor=2
       Global: memory permutation violated
         x13/a3: unexpected write 0x00221634 (cycle 41238)
         x15/a5: expected write missing, needed 0x00000310 (cycle 41258)
         x18/s2: expected write missing, needed 0x002215ac (cycle 41240)
         x20/s4: unexpected write 0x00000310 (cycle 41258)
         x24/s8: unexpected write 0x002215ac (cycle 41240)
         0x00205790 (code): wrote 0x018a5693, expected 0xfef7a96f (cycle 39662)
       Global: cycle lookup violated (3 indices broken)
         index 21: 80 provides, 1 uses (imbalanced)
         index 22: 86 provides, 1 uses (imbalanced)
         index 24: 94 provides, 1 uses (imbalanced)
  [19] ✓ INSTR_WORD_MOD_FULL @ step 2043: 0 failures, 3260ms, outcome: REJECTED, exit: 101 [proof:GENERATED] G=memory[GO]
       r=0.091  T_new=0.00 F_new=0.99 F_rare=1.00 U=0 Q=0.19 Q_l=1.00 Q_g=0.19 dl=0 dg=10
       Value: 0x0DC0006F -> 0x0D80006F
       Original: JAL x0, 220
       Mutated:  JAL x0, 216
       zkVM errors (3 lines):
         • [prover_impl.rs:280] verify segment (internal proof verification failed)
         • [ffi.cpp:113] address mismatch at cycle 18692: preflight=0x3fffc01c, actual=0x3fffc018
         • [kernels/cxx/ffi.cpp:208] SKIP THROW: memory peek not in preflight
       Global: memory permutation violated (16 addrs: 16 data) [GLOBAL-ONLY]
         0xC0000058 (data): wrote 0x0dc0006f, expected 0x0d80006f (cycle 36974)
         0xC0000130 (data): expected write missing, needed 0x00100893 (cycle 36976)
         0xC0000134 (data): unexpected write 0x00100893 (cycle 36976)
         + 13 more addresses
  [20] ✓ INSTR_WORD_MOD_FULL @ step 372: 0 failures, 3355ms, outcome: REJECTED, exit: 101 [proof:GENERATED] G=memory[GO]
       r=0.261  T_new=0.00 F_new=0.78 F_rare=1.00 U=0 Q=0.61 Q_l=1.00 Q_g=0.61 dl=0 dg=3
       Value: 0x01050833 -> 0x01050C33
       Original: ADD x16, x10, x16
       Mutated:  ADD x24, x10, x16
       zkVM errors (3 lines):
         • [prover_impl.rs:280] verify segment (internal proof verification failed)
         • [ffi.cpp:113] address mismatch at cycle 16963: preflight=0x3fffc030, actual=0x3fffc038
         • [kernels/cxx/ffi.cpp:208] SKIP THROW: memory peek not in preflight
       Global: memory permutation violated [GLOBAL-ONLY]
         x16/a6: unexpected write 0x00000000 (cycle 33926)
         x24/s8: expected write missing, needed 0x00000000 (cycle 33926)
         0x00206174 (code): wrote 0x01050833, expected 0x01050c33 (cycle 33756)
  [21] ✓ INSTR_WORD_MOD_SUR @ step 1897: 1 failures, 3280ms, outcome: REJECTED, exit: 101 [proof:GENERATED] G=memory
       r=0.241  T_new=0.00 F_new=0.63 F_rare=1.00 U=0 Q=0.61 Q_l=0.72 Q_g=0.85 dl=1 dg=1
       Value: 0x00058A93 -> 0x00058A99
       Surgical: opcode = 19 -> 25
       Original: ADDI x21, x11, 0
       Mutated:  UNKNOWN 0x00058a99
       zkVM errors (1 lines):
         • [prover_impl.rs:280] verify segment (internal proof verification failed)
       Local constraints hit (1 unique):
         - VerifyOpcodeF3@inst.zir:96
           cycle=18546, step=1897, pc=0x002096E0, major=0, minor=7
       Global: memory permutation violated
         0x002096DC (code): wrote 0x00058a93, expected 0x00058a99 (cycle 36636)
  [22] ✓ INSTR_WORD_MOD_SUR @ step 465: 1 failures, 3325ms, outcome: REJECTED, exit: 101 [proof:GENERATED] [+1 new] G=memory
       r=0.196  T_new=0.00 F_new=0.86 F_rare=1.00 U=0 Q=0.43 Q_l=0.72 Q_g=0.61 dl=1 dg=3
       Value: 0x00C12083 -> 0x7AE12083
       Surgical: imm = 12 -> 1966
       Original: LW x1, 12(x2)
       Mutated:  LW x1, 1966(x2)
       zkVM errors (3 lines):
         • [prover_impl.rs:280] verify segment (internal proof verification failed)
         • [ffi.cpp:113] address mismatch at cycle 17062: preflight=0x000800d7, actual=0x000802bf
         • [kernels/cxx/ffi.cpp:208] SKIP THROW: memory peek not in preflight
       Local constraints hit (1 unique):
         - OpLW@inst_mem.zir:109
           cycle=17062, step=465, pc=0x002031EC, major=5, minor=2
       Global: memory permutation violated
         0x0020035C (data): unexpected write 0x002008c4 (cycle 33995)
         0x00200AFC (code): expected write missing, needed 0x002008c4 (cycle 33995)
         0x002031E8 (code): wrote 0x00c12083, expected 0x7ae12083 (cycle 33956)
  [23] ✓ INSTR_WORD_MOD_SUR @ step 1598: 0 failures, 3280ms, outcome: REJECTED, exit: 101 [proof:GENERATED] G=memory[GO]
       r=0.261  T_new=0.00 F_new=0.78 F_rare=1.00 U=0 Q=0.61 Q_l=1.00 Q_g=0.61 dl=0 dg=3
       Value: 0x09412C23 -> 0x0944AC23
       Surgical: rs1 = 2 -> 9
       Original: SW x20, 152(x2)
       Mutated:  SW x20, 152(x9)
       zkVM errors (3 lines):
         • [prover_impl.rs:280] verify segment (internal proof verification failed)
         • [ffi.cpp:113] address mismatch at cycle 18242: preflight=0x3fffc022, actual=0x3fffc029
         • [kernels/cxx/ffi.cpp:208] SKIP THROW: memory peek not in preflight
       Global: memory permutation violated [GLOBAL-ONLY]
         x2/sp: unexpected write 0x00200120 (cycle 36482)
         x9/s1: expected write missing, needed 0x00200120 (cycle 36482)
         0x00204014 (code): wrote 0x09412c23, expected 0x0944ac23 (cycle 12534)
  [24] ✓ INSTR_WORD_MOD_SUR @ step 3813: 0 failures, 3339ms, outcome: REJECTED, exit: 101 [proof:GENERATED] G=memory[GO]
       r=0.261  T_new=0.00 F_new=0.78 F_rare=1.00 U=0 Q=0.61 Q_l=1.00 Q_g=0.61 dl=0 dg=3
       Value: 0x002B9593 -> 0x002C9593
       Surgical: rs1 = 23 -> 25
       Original: SLLI x11, x23, 2
       Mutated:  SLLI x11, x25, 2
       zkVM errors (3 lines):
         • [prover_impl.rs:280] verify segment (internal proof verification failed)
         • [ffi.cpp:113] address mismatch at cycle 20763: preflight=0x3fffc037, actual=0x3fffc039
         • [kernels/cxx/ffi.cpp:208] SKIP THROW: memory peek not in preflight
       Global: memory permutation violated [GLOBAL-ONLY]
         x23/s7: unexpected write 0x00000010 (cycle 41524)
         x25/s9: expected write missing, needed 0x00000010 (cycle 41524)
         0x00205810 (code): wrote 0x002b9593, expected 0x002c9593 (cycle 39926)
  [25] ✓ INSTR_WORD_MOD_SUR @ step 765: 0 failures, 3467ms, outcome: REJECTED, exit: 101 [proof:GENERATED] G=memory[GO]
       r=0.261  T_new=0.00 F_new=0.78 F_rare=1.00 U=0 Q=0.61 Q_l=1.00 Q_g=0.61 dl=0 dg=3
       Value: 0x00255593 -> 0x00255E13
       Surgical: rd = 11 -> 28
       Original: SRLI x11, x10, 2
       Mutated:  SRLI x28, x10, 2
       zkVM errors (3 lines):
         • [prover_impl.rs:280] verify segment (internal proof verification failed)
         • [ffi.cpp:113] address mismatch at cycle 17386: preflight=0x3fffc02b, actual=0x3fffc03c
         • [kernels/cxx/ffi.cpp:208] SKIP THROW: memory peek not in preflight
       Global: memory permutation violated [GLOBAL-ONLY]
         x11/a1: unexpected write 0x00000000 (cycle 34765)
         x28/t3: expected write missing, needed 0x00000000 (cycle 34765)
         0x002061A4 (code): wrote 0x00255593, expected 0x00255e13 (cycle 34606)
  [26] ✓ INSTR_WORD_MOD_SUR @ step 599: 2 failures, 3314ms, outcome: REJECTED, exit: 101 [proof:GENERATED] [+1 new] G=memory
       r=0.140  T_new=0.00 F_new=0.86 F_rare=1.00 U=0 Q=0.31 Q_l=0.51 Q_g=0.61 dl=2 dg=3
       Value: 0x03022503 -> 0x94322503
       Surgical: imm = 48 -> 2371
       Original: LW x10, 48(x4)
       Mutated:  LW x10, -1725(x4)
       zkVM errors (3 lines):
         • [prover_impl.rs:280] verify segment (internal proof verification failed)
         • [ffi.cpp:113] address mismatch at cycle 17202: preflight=0x3fffc02c, actual=0x3fffbe70
         • [kernels/cxx/ffi.cpp:208] SKIP THROW: memory peek not in preflight
       Local constraints hit (2 unique):
         - OpLW@inst_mem.zir:108
           cycle=17202, step=599, pc=0xC000013C, major=5, minor=2
         - OpLW@inst_mem.zir:109
           cycle=17202, step=599, pc=0xC000013C, major=5, minor=2
       Global: memory permutation violated
         0xC0000138 (data): wrote 0x03022503, expected 0x94322503 (cycle 34232)
         0xFFFEF9C0 (data): expected write missing, needed 0x0021a0c8 (cycle 34371)
         x12/a2: unexpected write 0x0021a0c8 (cycle 34371)
  [27] ✓ INSTR_WORD_MOD_SUR @ step 1000: 1 failures, 3310ms, outcome: REJECTED, exit: 101 [proof:GENERATED] G=memory
       r=0.065  T_new=0.00 F_new=0.99 F_rare=1.00 U=0 Q=0.14 Q_l=0.72 Q_g=0.19 dl=1 dg=10
       Value: 0x02E57663 -> 0x72E57AE3
       Surgical: imm = 44 -> 3892
       Original: BGEU x10, x14, 44
       Mutated:  BGEU x10, x14, 3892
       zkVM errors (3 lines):
         • [prover_impl.rs:280] verify segment (internal proof verification failed)
         • [ffi.cpp:113] address mismatch at cycle 17640: preflight=0x00081869, actual=0x00081c2b
         • [kernels/cxx/buffers.h:43] SKIP THROW: Inconsistent set
       Local constraints hit (1 unique):
         - MemoryWrite@mem.zir:99
           cycle=17647, step=1008, pc=0x002031B8, major=2, minor=4
       Global: memory permutation violated (17 addrs: 17 code)
         + 17 code addresses diverged (instruction fetch cascade)
  [28] ✓ LOAD_VAL_MOD @ step 1531: 2 failures, 3317ms, outcome: REJECTED, exit: 101 [proof:GENERATED] G=memory
       r=0.172  T_new=0.00 F_new=0.63 F_rare=1.00 U=0 Q=0.43 Q_l=0.51 Q_g=0.85 dl=2 dg=1
       Value: 0x000000AB -> 0xFF7FFF54
       Load destination: rd = x13 (a3)
       zkVM errors (1 lines):
         • [prover_impl.rs:280] verify segment (internal proof verification failed)
       Local constraints hit (2 unique):
         - MemoryWrite@mem.zir:100
           cycle=18175, step=1531, pc=0x002184C0, major=5, minor=3
         - MemoryWrite@mem.zir:99
           cycle=18175, step=1531, pc=0x002184C0, major=5, minor=3
       Global: memory permutation violated
         x13/a3: wrote 0xff7fff54, expected 0x000000ab (cycle 36351)
  [29] ✓ LOAD_VAL_MOD @ step 1854: 2 failures, 3304ms, outcome: REJECTED, exit: 101 [proof:GENERATED] G=memory
       r=0.186  T_new=0.00 F_new=0.78 F_rare=1.00 U=0 Q=0.43 Q_l=0.51 Q_g=0.85 dl=2 dg=1
       Value: 0x002096FC -> 0x3020F69D
       Load destination: rd = x1 (ra)
       zkVM errors (1 lines):
         • [prover_impl.rs:280] verify segment (internal proof verification failed)
       Local constraints hit (2 unique):
         - MemoryWrite@mem.zir:100
           cycle=18503, step=1854, pc=0x00205FF8, major=5, minor=2
         - MemoryWrite@mem.zir:99
           cycle=18503, step=1854, pc=0x00205FF8, major=5, minor=2
       Global: memory permutation violated
         x1/ra: wrote 0x3020f69d, expected 0x002096fc (cycle 37007)
  [30] ✓ MEM_VAL_MOD @ step 3448: 7 failures, 3463ms, outcome: REJECTED, exit: 101 [proof:GENERATED] [+1 new] [+2 touch] G=memory|cycle
       r=0.008  T_new=0.06 F_new=1.00 F_rare=1.00 U=0 Q=0.02 Q_l=0.14 Q_g=0.11 dl=6 dg=13
       Value: 0x630080E7 -> 0x80000000
       Transaction: other_mem_read (READ) at address 0x00204d28
       zkVM errors (3 lines):
         • [prover_impl.rs:280] verify segment (internal proof verification failed)
         • [ffi.cpp:113] address mismatch at cycle 20250: preflight=0x3fffc021, actual=0x3fffc020
         • [kernels/cxx/ffi.cpp:208] SKIP THROW: memory peek not in preflight
       Local constraints hit (5 unique):
         - IsRead@mem.zir:79
           cycle=20250, step=3448, pc=0x00205354, major=2, minor=4
         - IsRead@mem.zir:80
           cycle=20250, step=3448, pc=0x00205354, major=2, minor=4
         - MemoryWrite@mem.zir:100
           cycle=20250, step=3448, pc=0x00205354, major=2, minor=4
         - MemoryWrite@mem.zir:99 (x3)
           cycle=20250, step=3448, pc=0x00205354, major=2, minor=4
         - VerifyOpcodeF3@inst.zir:96
           cycle=20250, step=3448, pc=0x00205354, major=2, minor=4
       Global: memory permutation violated (29 addrs: 3 register, 25 code, 1 data)
         x0/zero: expected write missing, needed 0x00204d24 (cycle 40499)
         x1/ra: unexpected write 0x00204d24 (cycle 40499)
         x16/a6: unexpected write 0x00000000 (cycle 40472)
         + 25 code addresses diverged (instruction fetch cascade)
         + 1 more addresses
       Global: cycle lookup violated (3 indices broken)
         index 0: 2254 provides, 1 uses (imbalanced)
         index 27: 37 provides, 1 uses (imbalanced)
         index 28: 150 provides, 1 uses (imbalanced)
  [31] ✓ MEM_VAL_MOD @ step 3531: 2 failures, 3314ms, outcome: REJECTED, exit: 101 [proof:GENERATED] G=memory
       r=0.186  T_new=0.00 F_new=0.78 F_rare=1.00 U=0 Q=0.43 Q_l=0.51 Q_g=0.85 dl=2 dg=1
       Value: 0x002061EC -> 0xBFDB8617
       Transaction: other_mem_write (WRITE) at address 0xffff0200
       zkVM errors (1 lines):
         • [prover_impl.rs:280] verify segment (internal proof verification failed)
       Local constraints hit (2 unique):
         - MemoryWrite@mem.zir:100
           cycle=20333, step=3531, pc=0xC0000070, major=7, minor=2
         - MemoryWrite@mem.zir:99
           cycle=20333, step=3531, pc=0xC0000070, major=7, minor=2
       Global: memory permutation violated
         0xFFFF0200 (data): wrote 0xbfdb8617, expected 0x002061ec (cycle 40667)
  [32] ✓ MEM_VAL_MOD @ step 3167: 4 failures, 3295ms, outcome: REJECTED, exit: 101 [proof:GENERATED] G=memory
       r=0.096  T_new=0.00 F_new=0.78 F_rare=1.00 U=0 Q=0.22 Q_l=0.26 Q_g=0.85 dl=4 dg=1
       Value: 0x0021AD2C -> 0x01000000
       Transaction: load_mem_read (READ) at address 0x00200190
       zkVM errors (1 lines):
         • [prover_impl.rs:280] verify segment (internal proof verification failed)
       Local constraints hit (4 unique):
         - IsRead@mem.zir:79
           cycle=19969, step=3167, pc=0x0020582C, major=5, minor=2
         - IsRead@mem.zir:80
           cycle=19969, step=3167, pc=0x0020582C, major=5, minor=2
         - MemoryWrite@mem.zir:100
           cycle=19969, step=3167, pc=0x0020582C, major=5, minor=2
         - MemoryWrite@mem.zir:99
           cycle=19969, step=3167, pc=0x0020582C, major=5, minor=2
       Global: memory permutation violated
         0x00200190 (data): wrote 0x01000000, expected 0x0021ad2c (cycle 39938)
  [33] ✓ MEM_VAL_MOD @ step 2738: 2 failures, 3275ms, outcome: REJECTED, exit: 101 [proof:GENERATED] G=memory
       r=0.186  T_new=0.00 F_new=0.78 F_rare=1.00 U=0 Q=0.43 Q_l=0.51 Q_g=0.85 dl=2 dg=1
       Value: 0x0F4BD989 -> 0xF0B42676
       Transaction: store_rmw_read (READ) at address 0x00200320
       zkVM errors (1 lines):
         • [prover_impl.rs:280] verify segment (internal proof verification failed)
       Local constraints hit (2 unique):
         - IsRead@mem.zir:79
           cycle=19466, step=2738, pc=0x002016D4, major=6, minor=2
         - IsRead@mem.zir:80
           cycle=19466, step=2738, pc=0x002016D4, major=6, minor=2
       Global: memory permutation violated
         0x00200320 (data): wrote 0xf0b42676, expected 0x0f4bd989 (cycle 38932)
  [34] ✓ MEM_VAL_MOD @ step 440: 2 failures, 3285ms, outcome: REJECTED, exit: 101 [proof:GENERATED] G=memory
       r=0.186  T_new=0.00 F_new=0.78 F_rare=1.00 U=0 Q=0.43 Q_l=0.51 Q_g=0.85 dl=2 dg=1
       Value: 0x00000000 -> 0x92290D1A
       Transaction: other_mem_read (READ) at address 0xffff0004
       zkVM errors (1 lines):
         • [prover_impl.rs:280] verify segment (internal proof verification failed)
       Local constraints hit (2 unique):
         - IsRead@mem.zir:79
           cycle=17031, step=440, pc=0xC0000138, major=0, minor=7
         - IsRead@mem.zir:80
           cycle=17031, step=440, pc=0xC0000138, major=0, minor=7
       Global: memory permutation violated
         0xFFFF0004 (data): wrote 0x92290d1a, expected 0x00000000 (cycle 34062)
  [35] ✓ MEM_VAL_MOD @ step 3929: 0 failures, 3315ms, outcome: REJECTED, exit: 101 [proof:GENERATED] G=memory[GO]
       r=0.286  T_new=0.00 F_new=0.39 F_rare=1.00 U=0 Q=0.85 Q_l=1.00 Q_g=0.85 dl=0 dg=1
       Value: 0x00000000 -> 0xFFFFFFFF
       Transaction: other_mem_read (READ) at address 0xffff12e4
       zkVM errors (2 lines):
         • [prover_impl.rs:280] verify segment (internal proof verification failed)
         • [kernels/cxx/buffers.h:43] SKIP THROW: Inconsistent set
       Global: memory permutation violated [GLOBAL-ONLY]
         0xFFFF12E4 (data): wrote 0xffffffff, expected 0x00000000 (cycle 42230)
  [36] ✓ MEM_VAL_MOD @ step 2507: 13 failures, 3314ms, outcome: REJECTED, exit: 101 [proof:GENERATED] [+1 new] G=memory
       r=0.006  T_new=0.00 F_new=1.00 F_rare=1.00 U=0 Q=0.01 Q_l=0.07 Q_g=0.19 dl=8 dg=10
       Value: 0x00008067 -> 0x40F2CFEA
       Transaction: other_mem_read (READ) at address 0x00206248
       zkVM errors (3 lines):
         • [prover_impl.rs:280] verify segment (internal proof verification failed)
         • [ffi.cpp:113] address mismatch at cycle 19235: preflight=0x3fffc021, actual=0x3fffc025
         • [kernels/cxx/ffi.cpp:208] SKIP THROW: memory peek not in preflight
       Local constraints hit (6 unique):
         - DecodeInst@inst.zir:29 (x8)
           cycle=19236, step=2508, pc=0x002055C4, major=0, minor=7
         - IsRead@mem.zir:79
           cycle=19235, step=2507, pc=0x002055C0, major=2, minor=4
         - IsRead@mem.zir:80
           cycle=19235, step=2507, pc=0x002055C0, major=2, minor=4
         - MemoryWrite@mem.zir:99
           cycle=19243, step=2515, pc=0x00201440, major=2, minor=4
         - VerifyOpcodeF3@inst.zir:96
           cycle=19235, step=2507, pc=0x002055C0, major=2, minor=4
         - VerifyOpcodeF3@inst.zir:97
           cycle=19235, step=2507, pc=0x002055C0, major=2, minor=4
       Global: memory permutation violated (23 addrs: 5 register, 17 code, 1 data)
         x0/zero: unexpected write 0x00000000 (cycle 38260)
         x1/ra: unexpected write 0x002055c0 (cycle 38260)
         x5/t0: expected write missing, needed 0x002055c0 (cycle 38260)
         + 17 code addresses diverged (instruction fetch cascade)
         + 3 more addresses
  [37] ✓ MEM_VAL_MOD @ step 3153: 2 failures, 3298ms, outcome: REJECTED, exit: 101 [proof:GENERATED] G=memory
       r=0.186  T_new=0.00 F_new=0.78 F_rare=1.00 U=0 Q=0.43 Q_l=0.51 Q_g=0.85 dl=2 dg=1
       Value: 0xB3FEEA77 -> 0xA19CBA54
       Transaction: other_mem_write (WRITE) at address 0x002214ec
       zkVM errors (1 lines):
         • [prover_impl.rs:280] verify segment (internal proof verification failed)
       Local constraints hit (2 unique):
         - MemoryWrite@mem.zir:100
           cycle=19954, step=3153, pc=0xC0000554, major=11, minor=4
         - MemoryWrite@mem.zir:99
           cycle=19954, step=3153, pc=0xC0000554, major=11, minor=4
       Global: memory permutation violated
         0x002214EC (code): wrote 0xa19cba54, expected 0xb3feea77 (cycle 39909)
  [38] ✓ MEM_VAL_MOD @ step 0: 10 failures, 3350ms, outcome: REJECTED, exit: 101 [proof:GENERATED] [+1 new] G=memory
       r=0.140  T_new=0.00 F_new=0.86 F_rare=1.00 U=0 Q=0.31 Q_l=0.37 Q_g=0.85 dl=3 dg=1
       Value: 0xFA5FF06F -> 0x92202725
       Transaction: other_mem_read (READ) at address 0x00205058
       zkVM errors (2 lines):
         • [prover_impl.rs:280] verify segment (internal proof verification failed)
         • [kernels/cxx/buffers.h:43] SKIP THROW: Inconsistent set
       Local constraints hit (3 unique):
         - IsRead@mem.zir:79
           cycle=7575, step=0, pc=0x00000000, major=9, minor=2
         - IsRead@mem.zir:80
           cycle=7575, step=0, pc=0x00000000, major=9, minor=2
         - PoseidonCheckOut@inst_p2.zir:265 (x8)
           cycle=7875, step=0, pc=0x00000000, major=9, minor=5
       Global: memory permutation violated
         0x00205058 (code): wrote 0x92202725, expected 0xfa5ff06f (cycle 15150)
  [39] ✓ PRE_EXEC_REG_MOD @ step 119: 1 failures, 3306ms, outcome: REJECTED, exit: 101 [proof:GENERATED] G=memory
       r=0.239  T_new=0.00 F_new=0.63 F_rare=1.00 U=0 Q=0.61 Q_l=0.72 Q_g=0.85 dl=1 dg=1
       Value: 0x00000000 -> 0x01000000
       Register: x26 (s10), READ, strategy=next_read
       zkVM errors (1 lines):
         • [prover_impl.rs:280] verify segment (internal proof verification failed)
       Local constraints hit (1 unique):
         - IsRead@mem.zir:80
           cycle=16692, step=119, pc=0x0020109C, major=2, minor=5
       Global: memory permutation violated
         x26/s10: wrote 0x01000000, expected 0x00000000 (cycle 33384)
  [40] ✓ PRE_EXEC_REG_MOD @ step 861: 3 failures, 3323ms, outcome: REJECTED, exit: 101 [proof:GENERATED] G=memory
       r=0.095  T_new=0.00 F_new=0.78 F_rare=1.00 U=0 Q=0.22 Q_l=0.37 Q_g=0.61 dl=3 dg=3
       Value: 0x00200360 -> 0x132A306A
       Register: x2 (sp), READ, strategy=next_read
       zkVM errors (3 lines):
         • [prover_impl.rs:280] verify segment (internal proof verification failed)
         • [ffi.cpp:113] address mismatch at cycle 17488: preflight=0x000800dc, actual=0x04ca8c1e
         • [kernels/cxx/ffi.cpp:208] SKIP THROW: memory peek not in preflight
       Local constraints hit (3 unique):
         - IsRead@mem.zir:79
           cycle=17488, step=861, pc=0x002009EC, major=5, minor=2
         - IsRead@mem.zir:80
           cycle=17488, step=861, pc=0x002009EC, major=5, minor=2
         - OpLW@inst_mem.zir:109
           cycle=17488, step=861, pc=0x002009EC, major=5, minor=2
       Global: memory permutation violated
         0x00200370 (data): unexpected write 0x80000007 (cycle 34965)
         0x132A3078 (data): expected write missing, needed 0x80000007 (cycle 34965)
         x2/sp: wrote 0x132a306a, expected 0x00200360 (cycle 34976)
  [41] ✓ PRE_EXEC_REG_MOD @ step 1906: 4 failures, 3332ms, outcome: REJECTED, exit: 101 [proof:GENERATED] G=memory
       r=0.095  T_new=0.00 F_new=0.78 F_rare=1.00 U=0 Q=0.22 Q_l=0.26 Q_g=0.85 dl=4 dg=1
       Value: 0x002096FC -> 0xFFDF6903
       Register: x1 (ra), READ, strategy=next_read
       zkVM errors (1 lines):
         • [prover_impl.rs:280] verify segment (internal proof verification failed)
       Local constraints hit (4 unique):
         - IsRead@mem.zir:79
           cycle=18555, step=1906, pc=0x00205F60, major=6, minor=2
         - IsRead@mem.zir:80
           cycle=18555, step=1906, pc=0x00205F60, major=6, minor=2
         - MemoryWrite@mem.zir:100
           cycle=18555, step=1906, pc=0x00205F60, major=6, minor=2
         - MemoryWrite@mem.zir:99
           cycle=18555, step=1906, pc=0x00205F60, major=6, minor=2
       Global: memory permutation violated
         x1/ra: wrote 0xffdf6903, expected 0x002096fc (cycle 37110)
  [42] ✓ PRE_EXEC_REG_MOD @ step 773: 4 failures, 3291ms, outcome: REJECTED, exit: 101 [proof:GENERATED] G=memory
       r=0.095  T_new=0.00 F_new=0.78 F_rare=1.00 U=0 Q=0.22 Q_l=0.26 Q_g=0.85 dl=4 dg=1
       Value: 0x00000001 -> 0xFFFFFFFF
       Register: x9 (s1), READ, strategy=next_read
       zkVM errors (1 lines):
         • [prover_impl.rs:280] verify segment (internal proof verification failed)
       Local constraints hit (4 unique):
         - IsRead@mem.zir:79
           cycle=17394, step=773, pc=0x002031BC, major=3, minor=1
         - IsRead@mem.zir:80
           cycle=17394, step=773, pc=0x002031BC, major=3, minor=1
         - MemoryWrite@mem.zir:100
           cycle=17394, step=773, pc=0x002031BC, major=3, minor=1
         - MemoryWrite@mem.zir:99
           cycle=17394, step=773, pc=0x002031BC, major=3, minor=1
       Global: memory permutation violated
         x9/s1: wrote 0xffffffff, expected 0x00000001 (cycle 34788)
  [43] ✓ PRE_EXEC_REG_MOD @ step 3755: 2 failures, 3296ms, outcome: REJECTED, exit: 101 [proof:GENERATED] G=memory
       r=0.186  T_new=0.00 F_new=0.78 F_rare=1.00 U=0 Q=0.43 Q_l=0.51 Q_g=0.85 dl=2 dg=1
       Value: 0x002215AC -> 0x80102493
       Register: x24 (s8), READ, strategy=next_read
       zkVM errors (1 lines):
         • [prover_impl.rs:280] verify segment (internal proof verification failed)
       Local constraints hit (2 unique):
         - IsRead@mem.zir:79
           cycle=20631, step=3755, pc=0x00205794, major=4, minor=2
         - IsRead@mem.zir:80
           cycle=20631, step=3755, pc=0x00205794, major=4, minor=2
       Global: memory permutation violated
         x24/s8: wrote 0x80102493, expected 0x002215ac (cycle 41262)
  [44] ✓ PRE_EXEC_REG_MOD @ step 754: 4 failures, 3298ms, outcome: REJECTED, exit: 101 [proof:GENERATED] G=memory
       r=0.064  T_new=0.00 F_new=0.39 F_rare=0.79 U=0 Q=0.22 Q_l=0.26 Q_g=0.85 dl=4 dg=1
       Value: 0x0021A0C8 -> 0x00400000
       Register: x12 (a2), READ, strategy=next_read
       zkVM errors (1 lines):
         • [prover_impl.rs:280] verify segment (internal proof verification failed)
       Local constraints hit (4 unique):
         - IsRead@mem.zir:79
           cycle=17369, step=754, pc=0xC000013C, major=5, minor=2
         - IsRead@mem.zir:80
           cycle=17369, step=754, pc=0xC000013C, major=5, minor=2
         - MemoryWrite@mem.zir:100
           cycle=17369, step=754, pc=0xC000013C, major=5, minor=2
         - MemoryWrite@mem.zir:99
           cycle=17369, step=754, pc=0xC000013C, major=5, minor=2
       Global: memory permutation violated
         x12/a2: wrote 0x00400000, expected 0x0021a0c8 (cycle 34738)
  [45] ✓ PRE_EXEC_REG_MOD @ step 1855: 2 failures, 3279ms, outcome: REJECTED, exit: 101 [proof:GENERATED] G=memory
       r=0.133  T_new=0.00 F_new=0.78 F_rare=1.00 U=0 Q=0.31 Q_l=0.51 Q_g=0.61 dl=2 dg=3
       Value: 0x00200060 -> 0xACCF5B64
       Register: x2 (sp), READ, strategy=next_read
       zkVM errors (3 lines):
         • [prover_impl.rs:280] verify segment (internal proof verification failed)
         • [ffi.cpp:113] address mismatch at cycle 18504: preflight=0x0008001e, actual=0x2b33d6df
         • [kernels/cxx/ffi.cpp:208] SKIP THROW: memory peek not in preflight
       Local constraints hit (2 unique):
         - IsRead@mem.zir:79
           cycle=18504, step=1855, pc=0x00205FFC, major=5, minor=2
         - IsRead@mem.zir:80
           cycle=18504, step=1855, pc=0x00205FFC, major=5, minor=2
       Global: memory permutation violated
         0x00200078 (data): unexpected write 0x002000a0 (cycle 36657)
         0xACCF5B7C (data): expected write missing, needed 0x002000a0 (cycle 36657)
         x2/sp: wrote 0xaccf5b64, expected 0x00200060 (cycle 37008)
  [46] ✓ PRE_EXEC_REG_MOD @ step 0: 10 failures, 3272ms, outcome: REJECTED, exit: 101 [proof:GENERATED] [+1 touch] G=memory
       r=0.097  T_new=0.03 F_new=0.39 F_rare=0.85 U=0 Q=0.31 Q_l=0.37 Q_g=0.85 dl=3 dg=1
       Value: 0x00000000 -> 0xE290FF80
       Register: x26 (s10), READ, strategy=next_read
       zkVM errors (2 lines):
         • [prover_impl.rs:280] verify segment (internal proof verification failed)
         • [kernels/cxx/buffers.h:43] SKIP THROW: Inconsistent set
       Local constraints hit (3 unique):
         - IsRead@mem.zir:79
           cycle=15997, step=0, pc=0x00000000, major=9, minor=2
         - IsRead@mem.zir:80
           cycle=15997, step=0, pc=0x00000000, major=9, minor=2
         - PoseidonCheckOut@inst_p2.zir:265 (x8)
           cycle=16247, step=0, pc=0x00000000, major=9, minor=5
       Global: memory permutation violated
         x26/s10: wrote 0xe290ff80, expected 0x00000000 (cycle 31994)
  [47] ✓ STORE_OUT_MOD @ step 2253: 2 failures, 3431ms, outcome: REJECTED, exit: 101 [proof:GENERATED] G=memory
       r=0.131  T_new=0.00 F_new=0.39 F_rare=0.85 U=0 Q=0.43 Q_l=0.51 Q_g=0.85 dl=2 dg=1
       Value: 0x00000000 -> 0xBE951694
       Store address: 0x00200314
       zkVM errors (1 lines):
         • [prover_impl.rs:280] verify segment (internal proof verification failed)
       Local constraints hit (2 unique):
         - MemoryWrite@mem.zir:100
           cycle=18907, step=2253, pc=0x00203430, major=6, minor=2
         - MemoryWrite@mem.zir:99
           cycle=18907, step=2253, pc=0x00203430, major=6, minor=2
       Global: memory permutation violated
         0x00200314 (data): wrote 0xbe951694, expected 0x00000000 (cycle 37815)
  [48] ✓ STORE_OUT_MOD @ step 3917: 2 failures, 3360ms, outcome: REJECTED, exit: 101 [proof:GENERATED] G=memory
       r=0.125  T_new=0.00 F_new=0.39 F_rare=0.79 U=0 Q=0.43 Q_l=0.51 Q_g=0.85 dl=2 dg=1
       Value: 0x77F009AC -> 0x880FF654
       Store address: 0xffff0258
       zkVM errors (1 lines):
         • [prover_impl.rs:280] verify segment (internal proof verification failed)
       Local constraints hit (2 unique):
         - MemoryWrite@mem.zir:100
           cycle=20867, step=3917, pc=0xC00000CC, major=6, minor=2
         - MemoryWrite@mem.zir:99
           cycle=20867, step=3917, pc=0xC00000CC, major=6, minor=2
       Global: memory permutation violated
         0xFFFF0258 (data): wrote 0x880ff654, expected 0x77f009ac (cycle 41735)
  [49] ✓ COMP_OUT_MOD @ step 1650: 2 failures, 3288ms, outcome: REJECTED, exit: 101 [proof:GENERATED] G=memory
       r=0.185  T_new=0.00 F_new=0.78 F_rare=1.00 U=0 Q=0.43 Q_l=0.51 Q_g=0.85 dl=2 dg=1
       Value: 0x002000F0 -> 0x1C2284C8
       Destination: rd = x8 (s0/fp)
       zkVM errors (1 lines):
         • [prover_impl.rs:280] verify segment (internal proof verification failed)
       Local constraints hit (2 unique):
         - MemoryWrite@mem.zir:100
           cycle=18294, step=1650, pc=0x0020AF0C, major=0, minor=7
         - MemoryWrite@mem.zir:99
           cycle=18294, step=1650, pc=0x0020AF0C, major=0, minor=7
       Global: memory permutation violated
         x8/s0: wrote 0x1c2284c8, expected 0x002000f0 (cycle 36589)
  [50] ✓ COMP_OUT_MOD @ step 417: 2 failures, 3320ms, outcome: REJECTED, exit: 101 [proof:GENERATED] G=memory
       r=0.124  T_new=0.00 F_new=0.39 F_rare=0.79 U=0 Q=0.43 Q_l=0.51 Q_g=0.85 dl=2 dg=1
       Value: 0x00000004 -> 0xA74C2BA7
       Destination: rd = x6 (t1)
       zkVM errors (1 lines):
         • [prover_impl.rs:280] verify segment (internal proof verification failed)
       Local constraints hit (2 unique):
         - MemoryWrite@mem.zir:100
           cycle=17008, step=417, pc=0x00206134, major=3, minor=1
         - MemoryWrite@mem.zir:99
           cycle=17008, step=417, pc=0x00206134, major=3, minor=1
       Global: memory permutation violated
         x6/t1: wrote 0xa74c2ba7, expected 0x00000004 (cycle 34017)
  [51] ✓ COMP_OUT_MOD @ step 688: 2 failures, 3350ms, outcome: REJECTED, exit: 101 [proof:GENERATED] G=memory
       r=0.131  T_new=0.00 F_new=0.39 F_rare=0.85 U=0 Q=0.43 Q_l=0.51 Q_g=0.85 dl=2 dg=1
       Value: 0x00000001 -> 0x00080000
       Destination: rd = x11 (a1)
       zkVM errors (1 lines):
         • [prover_impl.rs:280] verify segment (internal proof verification failed)
       Local constraints hit (2 unique):
         - MemoryWrite@mem.zir:100
           cycle=17303, step=688, pc=0x002061A8, major=4, minor=2
         - MemoryWrite@mem.zir:99
           cycle=17303, step=688, pc=0x002061A8, major=4, minor=2
       Global: memory permutation violated
         x11/a1: wrote 0x00080000, expected 0x00000001 (cycle 34607)
  [52] ✓ COMP_OUT_MOD @ step 3561: 2 failures, 3294ms, outcome: REJECTED, exit: 101 [proof:GENERATED] G=memory
       r=0.131  T_new=0.00 F_new=0.39 F_rare=0.85 U=0 Q=0.43 Q_l=0.51 Q_g=0.85 dl=2 dg=1
       Value: 0x00000000 -> 0x7706FF54
       Destination: rd = x15 (a5)
       zkVM errors (1 lines):
         • [prover_impl.rs:280] verify segment (internal proof verification failed)
       Local constraints hit (2 unique):
         - MemoryWrite@mem.zir:100
           cycle=20437, step=3561, pc=0x002061F4, major=0, minor=1
         - MemoryWrite@mem.zir:99
           cycle=20437, step=3561, pc=0x002061F4, major=0, minor=1
       Global: memory permutation violated
         x15/a5: wrote 0x7706ff54, expected 0x00000000 (cycle 40875)
  [53] ✓ INSTR_TYPE_MOD @ step 811: 4 failures, 3279ms, outcome: REJECTED, exit: 101 [proof:GENERATED] [+37 touch]
       r=0.172  T_new=0.65 F_new=0.86 F_rare=1.00 U=0 Q=0.26 Q_l=0.26 Q_g=1.00 dl=4 dg=0
       Value: 0x00000007 -> 0x00000005
       Original: AddI [major=0, minor=7]
       Mutated:  Slt [major=0, minor=5]
       zkVM errors (1 lines):
         • [prover_impl.rs:280] verify segment (internal proof verification failed)
       Local constraints hit (4 unique):
         - MemoryWrite@mem.zir:100
           cycle=17432, step=811, pc=0x00206140, major=0, minor=5
         - MemoryWrite@mem.zir:99
           cycle=17432, step=811, pc=0x00206140, major=0, minor=5
         - VerifyOpcodeF3F7@inst.zir:102
           cycle=17432, step=811, pc=0x00206140, major=0, minor=5
         - VerifyOpcodeF3F7@inst.zir:103
           cycle=17432, step=811, pc=0x00206140, major=0, minor=5
       Global: no permutation/lookup violations (local-only)
  [54] ✓ INSTR_TYPE_MOD @ step 2771: 3 failures, 3259ms, outcome: REJECTED, exit: 101 [proof:GENERATED]
       r=0.157  T_new=0.00 F_new=0.78 F_rare=1.00 U=0 Q=0.37 Q_l=0.37 Q_g=1.00 dl=3 dg=0
       Value: 0x00050002 -> 0x00050000
       Original: Lw [major=5, minor=2]
       Mutated:  Lb [major=5, minor=0]
       zkVM errors (1 lines):
         • [prover_impl.rs:280] verify segment (internal proof verification failed)
       Local constraints hit (3 unique):
         - MemoryWrite@mem.zir:100
           cycle=19499, step=2771, pc=0x00203804, major=5, minor=0
         - MemoryWrite@mem.zir:99
           cycle=19499, step=2771, pc=0x00203804, major=5, minor=0
         - VerifyOpcodeF3@inst.zir:97
           cycle=19499, step=2771, pc=0x00203804, major=5, minor=0
       Global: no permutation/lookup violations (local-only)
  [55] ✓ INSTR_TYPE_MOD @ step 3731: 2 failures, 3266ms, outcome: REJECTED, exit: 101 [proof:GENERATED] [+2 new] [+35 touch]
       r=0.304  T_new=0.63 F_new=0.63 F_rare=1.00 U=0 Q=0.51 Q_l=0.51 Q_g=1.00 dl=2 dg=0
       Value: 0x00060002 -> 0x00060009
       Original: Sw [major=6, minor=2]
       Mutated:  Mret [major=6, minor=9] ⚠INVALID
       zkVM errors (1 lines):
         • [prover_impl.rs:280] verify segment (internal proof verification failed)
       Local constraints hit (2 unique):
         - OneHot@one_hot.zir:11
           cycle=20607, step=3731, pc=0x00203278, major=6, minor=9
         - OneHot@one_hot.zir:9
           cycle=20607, step=3731, pc=0x00203278, major=6, minor=9
       Global: no permutation/lookup violations (local-only)
  [56] ✓ INSTR_TYPE_MOD @ step 2309: 5 failures, 3366ms, outcome: REJECTED, exit: 101 [proof:GENERATED] G=memory
       r=0.062  T_new=0.00 F_new=0.92 F_rare=1.00 U=0 Q=0.14 Q_l=0.19 Q_g=0.72 dl=5 dg=2
       Value: 0x00030001 -> 0x00050002
       Original: SllI [major=3, minor=1]
       Mutated:  Lw [major=5, minor=2]
       zkVM errors (3 lines):
         • [prover_impl.rs:280] verify segment (internal proof verification failed)
         • [ffi.cpp:113] address mismatch at cycle 18963: preflight=0x3fffc029, actual=0x00000002
         • [kernels/cxx/ffi.cpp:208] SKIP THROW: memory peek not in preflight
       Local constraints hit (5 unique):
         - AddrDecomposeBits@u32.zir:87
           cycle=18963, step=2309, pc=0x002012B4, major=5, minor=2
         - MemoryWrite@mem.zir:99
           cycle=18963, step=2309, pc=0x002012B4, major=5, minor=2
         - OpLW@inst_mem.zir:108
           cycle=18963, step=2309, pc=0x002012B4, major=5, minor=2
         - VerifyOpcodeF3@inst.zir:96
           cycle=18963, step=2309, pc=0x002012B4, major=5, minor=2
         - VerifyOpcodeF3@inst.zir:97
           cycle=18963, step=2309, pc=0x002012B4, major=5, minor=2
       Global: memory permutation violated
         0x00000008 (data): expected write missing, needed 0x00000001 (cycle 37663)
         x9/s1: unexpected write 0x00000001 (cycle 37663)
  [57] ✓ INSTR_TYPE_MOD @ step 765: 3 failures, 3292ms, outcome: REJECTED, exit: 101 [proof:GENERATED] [+50 touch]
       r=0.241  T_new=0.76 F_new=0.78 F_rare=1.00 U=0 Q=0.37 Q_l=0.37 Q_g=1.00 dl=3 dg=0
       Value: 0x00040002 -> 0x00040001
       Original: SrlI [major=4, minor=2]
       Mutated:  Sra [major=4, minor=1]
       zkVM errors (1 lines):
         • [prover_impl.rs:280] verify segment (internal proof verification failed)
       Local constraints hit (3 unique):
         - MemoryWrite@mem.zir:99
           cycle=17386, step=765, pc=0x002061A8, major=4, minor=1
         - VerifyOpcodeF3F7@inst.zir:102
           cycle=17386, step=765, pc=0x002061A8, major=4, minor=1
         - VerifyOpcodeF3F7@inst.zir:104
           cycle=17386, step=765, pc=0x002061A8, major=4, minor=1
       Global: no permutation/lookup violations (local-only)
  [58] ✓ INSTR_TYPE_MOD @ step 747: 1 failures, 3293ms, outcome: REJECTED, exit: 101 [proof:GENERATED]
       r=0.125  T_new=0.00 F_new=0.00 F_rare=0.71 U=0 Q=0.72 Q_l=0.72 Q_g=1.00 dl=1 dg=0
       Value: 0x00050002 -> 0x00050003
       Original: Lw [major=5, minor=2]
       Mutated:  LbU [major=5, minor=3]
       zkVM errors (1 lines):
         • [prover_impl.rs:280] verify segment (internal proof verification failed)
       Local constraints hit (1 unique):
         - VerifyOpcodeF3@inst.zir:97
           cycle=17362, step=747, pc=0xC0000074, major=5, minor=3
       Global: no permutation/lookup violations (local-only)
  [59] ✓ INSTR_TYPE_MOD @ step 450: 2 failures, 3291ms, outcome: REJECTED, exit: 101 [proof:GENERATED] G=memory
       r=0.157  T_new=0.00 F_new=0.78 F_rare=1.00 U=0 Q=0.37 Q_l=0.51 Q_g=0.72 dl=2 dg=2
       Value: 0x00000000 -> 0x00010005
       Original: Add [major=0, minor=0]
       Mutated:  Beq [major=1, minor=5]
       zkVM errors (3 lines):
         • [prover_impl.rs:280] verify segment (internal proof verification failed)
         • [ffi.cpp:113] address mismatch at cycle 17047: preflight=0x3fffc030, actual=0x3fffc060
         • [kernels/cxx/ffi.cpp:208] SKIP THROW: memory peek not in preflight
       Local constraints hit (2 unique):
         - MemoryWrite@mem.zir:99
           cycle=17047, step=450, pc=0x00206178, major=1, minor=5
         - VerifyOpcodeF3@inst.zir:96
           cycle=17047, step=450, pc=0x00206178, major=1, minor=5
       Global: memory permutation violated
         x16/a6: unexpected write 0x00000000 (cycle 34094)
         0xFFFF0180 (data): expected write missing, needed 0x00000000 (cycle 34094)
  [60] ✓ INSTR_TYPE_MOD @ step 289: 5 failures, 3360ms, outcome: REJECTED, exit: 101 [proof:GENERATED] [+2 touch] G=memory|cycle
       r=0.018  T_new=0.06 F_new=1.00 F_rare=1.00 U=0 Q=0.04 Q_l=0.19 Q_g=0.19 dl=5 dg=10
       Value: 0x00000007 -> 0x00000003
       Original: AddI [major=0, minor=7]
       Mutated:  Or [major=0, minor=3]
       zkVM errors (3 lines):
         • [prover_impl.rs:280] verify segment (internal proof verification failed)
         • [ffi.cpp:113] address mismatch at cycle 16868: preflight=0x3fffc011, actual=0x3fffc000
         • [kernels/cxx/buffers.h:43] SKIP THROW: Inconsistent set
       Local constraints hit (5 unique):
         - ECallHostReadSetup@inst_ecall.zir:70
           cycle=16869, step=289, pc=0xC000014C, major=8, minor=2
         - MemoryWrite@mem.zir:100
           cycle=16868, step=289, pc=0xC000014C, major=0, minor=3
         - MemoryWrite@mem.zir:99
           cycle=16868, step=289, pc=0xC000014C, major=0, minor=3
         - VerifyOpcodeF3F7@inst.zir:102
           cycle=16868, step=289, pc=0xC000014C, major=0, minor=3
         - VerifyOpcodeF3F7@inst.zir:103
           cycle=16868, step=289, pc=0xC000014C, major=0, minor=3
       Global: memory permutation violated
         0xC0000150 (data): unexpected write 0x00000513 (cycle 33492)
         0xC0000154 (data): expected write missing, needed 0x00000513 (cycle 33492)
         0xC0000158 (data): expected write missing, needed 0x02820593 (cycle 33494)
         0xC000015C (data): expected write missing, needed 0x00800613 (cycle 33496)
         0xC0000160 (data): expected write missing, needed 0x00000073 (cycle 33498)
         0xC0000164 (data): expected write missing, needed 0x30200073 (cycle 33504)
         0xFFFF0000 (data): expected write missing, needed 0x00000001 (cycle 33725)
         0xFFFF0044 (data): unexpected write 0x00000001 (cycle 33725)
         0xFFFF0100 (data): expected write missing, needed 0x0021a0c8 (cycle 33727)
       Global: cycle lookup violated (1 indices broken)
         index 9: 344 provides, 1 uses (imbalanced)
  [61] ✓ INSTR_TYPE_MOD @ step 0: 5 failures, 3358ms, outcome: REJECTED, exit: 101 [proof:GENERATED] [+1 new] [+3 touch] G=memory|cycle
       r=0.054  T_new=0.08 F_new=0.86 F_rare=1.00 U=0 Q=0.11 Q_l=0.19 Q_g=0.61 dl=5 dg=3
       Value: 0x00020006 -> 0x00030001
       Original: Auipc [major=2, minor=6]
       Mutated:  SllI [major=3, minor=1]
       zkVM errors (3 lines):
         • [prover_impl.rs:280] verify segment (internal proof verification failed)
         • [ffi.cpp:113] address mismatch at cycle 0: preflight=0x44000000, actual=0x00000000
         • [kernels/cxx/ffi.cpp:208] SKIP THROW: memory peek not in preflight
       Local constraints hit (5 unique):
         - AddrDecompose@u32.zir:67
           cycle=0, step=0, pc=0x00000000, major=3, minor=1
         - ControlLoadRootAndNonce@inst_control.zir:23
           cycle=1, step=0, pc=0x00000000, major=7, minor=0
         - MulInput@inst_mul.zir:8
           cycle=0, step=0, pc=0x00000000, major=3, minor=1
         - VerifyOpcodeF3F7@inst.zir:102
           cycle=0, step=0, pc=0x00000000, major=3, minor=1
         - VerifyOpcodeF3F7@inst.zir:103
           cycle=0, step=0, pc=0x00000000, major=3, minor=1
       Global: memory permutation violated
         0xFFFF0100 (data): expected write missing, needed 0x00000000 (cycle 0)
       Global: cycle lookup violated (2 indices broken)
         index 0: 2256 provides, 1 uses (imbalanced)
         index 2013265920: orphan provide (2 entries, no matching use)
  [62] ✓ INSTR_WORD_MOD_FULL @ step 1478: 1 failures, 3319ms, outcome: REJECTED, exit: 101 [proof:GENERATED] G=memory
       r=0.185  T_new=0.00 F_new=0.78 F_rare=1.00 U=0 Q=0.43 Q_l=0.72 Q_g=0.61 dl=1 dg=3
       Value: 0x00158593 -> 0x00958593
       Original: ADDI x11, x11, 1
       Mutated:  ADDI x11, x11, 9
       zkVM errors (3 lines):
         • [prover_impl.rs:280] verify segment (internal proof verification failed)
         • [ffi.cpp:113] address mismatch at cycle 18122: preflight=0x3fffc021, actual=0x3fffc029
         • [kernels/cxx/ffi.cpp:208] SKIP THROW: memory peek not in preflight
       Local constraints hit (1 unique):
         - MemoryWrite@mem.zir:99
           cycle=18122, step=1478, pc=0x002184CC, major=0, minor=7
       Global: memory permutation violated
         x1/ra: unexpected write 0x00202c04 (cycle 36234)
         x9/s1: expected write missing, needed 0x00202c04 (cycle 36234)
         0x002184C8 (code): wrote 0x00158593, expected 0x00958593 (cycle 36230)
  [63] ✓ INSTR_WORD_MOD_FULL @ step 317: 0 failures, 3278ms, outcome: REJECTED, exit: 101 [proof:GENERATED] G=memory[GO]
       r=0.258  T_new=0.00 F_new=0.78 F_rare=1.00 U=0 Q=0.61 Q_l=1.00 Q_g=0.61 dl=0 dg=3
       Value: 0x00C12503 -> 0x00412503
       Original: LW x10, 12(x2)
       Mutated:  LW x10, 4(x2)
       zkVM errors (3 lines):
         • [prover_impl.rs:280] verify segment (internal proof verification failed)
         • [ffi.cpp:113] address mismatch at cycle 16902: preflight=0x000800db, actual=0x000800d9
         • [kernels/cxx/ffi.cpp:208] SKIP THROW: memory peek not in preflight
       Global: memory permutation violated [GLOBAL-ONLY]
         0x00200364 (data): expected write missing, needed 0x00000000 (cycle 33741)
         0x0020036C (data): unexpected write 0x00000000 (cycle 33741)
         0x0020085C (code): wrote 0x00c12503, expected 0x00412503 (cycle 4846)
  [64] ✓ INSTR_WORD_MOD_FULL @ step 3453: 3 failures, 3277ms, outcome: REJECTED, exit: 101 [proof:GENERATED] [+1 new] G=memory
       r=0.055  T_new=0.00 F_new=0.99 F_rare=1.00 U=0 Q=0.11 Q_l=0.37 Q_g=0.31 dl=3 dg=7
       Value: 0x01212823 -> 0x923A7913
       Original: SW x18, 16(x2)
       Mutated:  ANDI x18, x20, -1757
       Format changed: S -> I
       zkVM errors (3 lines):
         • [prover_impl.rs:280] verify segment (internal proof verification failed)
         • [ffi.cpp:113] address mismatch at cycle 20255: preflight=0x3fffc022, actual=0x3fffc034
         • [kernels/cxx/ffi.cpp:208] SKIP THROW: memory peek not in preflight
       Local constraints hit (3 unique):
         - OpSW@inst_mem.zir:161
           cycle=20255, step=3453, pc=0x00205368, major=6, minor=2
         - VerifyOpcodeF3@inst.zir:96
           cycle=20255, step=3453, pc=0x00205368, major=6, minor=2
         - VerifyOpcodeF3@inst.zir:97
           cycle=20255, step=3453, pc=0x00205368, major=6, minor=2
       Global: memory permutation violated
         0x001FFAD0 (data): expected write missing, needed 0x00000004 (cycle 39968)
         0x002001B0 (data): unexpected write 0x00000004 (cycle 39968)
         x2/sp: unexpected write 0x002001a0 (cycle 40508)
         x3/gp: expected write missing, needed 0x00000062 (cycle 40478)
         x18/s2: unexpected write 0x00000062 (cycle 40478)
         x20/s4: expected write missing, needed 0x002001a0 (cycle 40508)
         0x00205364 (code): wrote 0x01212823, expected 0x923a7913 (cycle 39204)
  [65] ✓ INSTR_WORD_MOD_FULL @ step 2561: 5 failures, 3309ms, outcome: REJECTED, exit: 101 [proof:GENERATED] G=memory
       r=0.033  T_new=0.00 F_new=0.97 F_rare=1.00 U=0 Q=0.07 Q_l=0.19 Q_g=0.37 dl=5 dg=6
       Value: 0x00859593 -> 0xFF7AEA6F
       Original: SLLI x11, x11, 8
       Mutated:  JAL x20, -331786
       Format changed: I -> J
       zkVM errors (3 lines):
         • [prover_impl.rs:280] verify segment (internal proof verification failed)
         • [ffi.cpp:113] address mismatch at cycle 19289: preflight=0x3fffc02b, actual=0x3fffc035
         • [kernels/cxx/ffi.cpp:208] SKIP THROW: memory peek not in preflight
       Local constraints hit (5 unique):
         - MemoryWrite@mem.zir:100
           cycle=19289, step=2561, pc=0x002014F0, major=3, minor=1
         - MemoryWrite@mem.zir:99
           cycle=19289, step=2561, pc=0x002014F0, major=3, minor=1
         - VerifyOpcodeF3F7@inst.zir:102
           cycle=19289, step=2561, pc=0x002014F0, major=3, minor=1
         - VerifyOpcodeF3F7@inst.zir:103
           cycle=19289, step=2561, pc=0x002014F0, major=3, minor=1
         - VerifyOpcodeF3F7@inst.zir:104
           cycle=19289, step=2561, pc=0x002014F0, major=3, minor=1
       Global: memory permutation violated
         x8/s0: unexpected write 0x00000000 (cycle 38556)
         x11/a1: unexpected write 0x00000067 (cycle 38571)
         x20/s4: expected write missing, needed 0x00000067 (cycle 38578)
         x21/s5: expected write missing, needed 0x00000067 (cycle 38571)
         x23/s7: expected write missing, needed 0x00000000 (cycle 38556)
         0x002014EC (code): wrote 0x00859593, expected 0xff7aea6f (cycle 6878)
  [66] ✓ INSTR_WORD_MOD_FULL @ step 610: 4 failures, 3283ms, outcome: REJECTED, exit: 101 [proof:GENERATED] G=memory
       r=0.045  T_new=0.00 F_new=0.95 F_rare=1.00 U=0 Q=0.10 Q_l=0.26 Q_g=0.37 dl=4 dg=6
       Value: 0x00255593 -> 0x6BC9050F
       Original: SRLI x11, x10, 2
       Mutated:  UNKNOWN 0x6bc9050f
       Format changed: I -> UNKNOWN
       zkVM errors (3 lines):
         • [prover_impl.rs:280] verify segment (internal proof verification failed)
         • [ffi.cpp:113] address mismatch at cycle 17219: preflight=0x3fffc02a, actual=0x3fffc032
         • [kernels/cxx/ffi.cpp:208] SKIP THROW: memory peek not in preflight
       Local constraints hit (4 unique):
         - MemoryWrite@mem.zir:99
           cycle=17219, step=610, pc=0x002061A8, major=4, minor=2
         - VerifyOpcodeF3F7@inst.zir:102
           cycle=17219, step=610, pc=0x002061A8, major=4, minor=2
         - VerifyOpcodeF3F7@inst.zir:103
           cycle=17219, step=610, pc=0x002061A8, major=4, minor=2
         - VerifyOpcodeF3F7@inst.zir:104
           cycle=17219, step=610, pc=0x002061A8, major=4, minor=2
       Global: memory permutation violated
         x2/sp: unexpected write 0x00200350 (cycle 34372)
         x10/a0: wrote 0x00000004, expected 0x00000000 (cycle 34431)
         x11/a1: unexpected write 0x00000000 (cycle 34431)
         x18/s2: expected write missing, needed 0x00000004 (cycle 34436)
         x28/t3: expected write missing, needed 0x00200350 (cycle 34372)
         0x002061A4 (code): wrote 0x00255593, expected 0x6bc9050f (cycle 34266)
  [67] ✓ INSTR_WORD_MOD_FULL @ step 756: 0 failures, 3297ms, outcome: REJECTED, exit: 101 [proof:GENERATED] G=memory[GO]
       r=0.258  T_new=0.00 F_new=0.78 F_rare=1.00 U=0 Q=0.61 Q_l=1.00 Q_g=0.61 dl=0 dg=3
       Value: 0x02C22603 -> 0x02C22403
       Original: LW x12, 44(x4)
       Mutated:  LW x8, 44(x4)
       zkVM errors (3 lines):
         • [prover_impl.rs:280] verify segment (internal proof verification failed)
         • [ffi.cpp:113] address mismatch at cycle 17371: preflight=0x3fffc00c, actual=0x3fffc008
         • [kernels/cxx/ffi.cpp:208] SKIP THROW: memory peek not in preflight
       Global: memory permutation violated [GLOBAL-ONLY]
         0xC0000140 (data): wrote 0x02c22603, expected 0x02c22403 (cycle 34576)
         0xFFFF0020 (data): expected write missing, needed 0x00000008 (cycle 34596)
         0xFFFF0030 (data): unexpected write 0x00000008 (cycle 34596)
  [68] ✓ INSTR_WORD_MOD_FULL @ step 3561: 0 failures, 3319ms, outcome: REJECTED, exit: 101 [proof:GENERATED] G=memory[GO]
       r=0.258  T_new=0.00 F_new=0.78 F_rare=1.00 U=0 Q=0.61 Q_l=1.00 Q_g=0.61 dl=0 dg=3
       Value: 0x40E787B3 -> 0x40E783B3
       Original: SUB x15, x15, x14
       Mutated:  SUB x7, x15, x14
       zkVM errors (3 lines):
         • [prover_impl.rs:280] verify segment (internal proof verification failed)
         • [ffi.cpp:113] address mismatch at cycle 20437: preflight=0x3fffc02f, actual=0x3fffc027
         • [kernels/cxx/ffi.cpp:208] SKIP THROW: memory peek not in preflight
       Global: memory permutation violated [GLOBAL-ONLY]
         x7/t2: expected write missing, needed 0x00000001 (cycle 40874)
         x15/a5: unexpected write 0x00000001 (cycle 40874)
         0x002061F0 (code): wrote 0x40e787b3, expected 0x40e783b3 (cycle 39918)
  [69] ✓ INSTR_WORD_MOD_SUR @ step 2379: 0 failures, 3298ms, outcome: REJECTED, exit: 101 [proof:GENERATED] G=memory[GO]
       r=0.258  T_new=0.00 F_new=0.78 F_rare=1.00 U=0 Q=0.61 Q_l=1.00 Q_g=0.61 dl=0 dg=3
       Value: 0x01F00713 -> 0x01F90713
       Surgical: rs1 = 0 -> 18
       Original: ADDI x14, x0, 31
       Mutated:  ADDI x14, x18, 31
       zkVM errors (3 lines):
         • [prover_impl.rs:280] verify segment (internal proof verification failed)
         • [ffi.cpp:113] address mismatch at cycle 19033: preflight=0x3fffc020, actual=0x3fffc032
         • [kernels/cxx/ffi.cpp:208] SKIP THROW: memory peek not in preflight
       Global: memory permutation violated [GLOBAL-ONLY]
         x0/zero: unexpected write 0x00000000 (cycle 38058)
         x18/s2: expected write missing, needed 0x00000000 (cycle 38058)
         0x002032C0 (code): wrote 0x01f00713, expected 0x01f90713 (cycle 33344)
  [70] ✓ INSTR_WORD_MOD_SUR @ step 3168: 0 failures, 3270ms, outcome: REJECTED, exit: 101 [proof:GENERATED] G=memory[GO]
       r=0.258  T_new=0.00 F_new=0.78 F_rare=1.00 U=0 Q=0.61 Q_l=1.00 Q_g=0.61 dl=0 dg=3
       Value: 0x02C12983 -> 0x02CF2983
       Surgical: rs1 = 2 -> 30
       Original: LW x19, 44(x2)
       Mutated:  LW x19, 44(x30)
       zkVM errors (3 lines):
         • [prover_impl.rs:280] verify segment (internal proof verification failed)
         • [ffi.cpp:113] address mismatch at cycle 19970: preflight=0x3fffc022, actual=0x3fffc03e
         • [kernels/cxx/ffi.cpp:208] SKIP THROW: memory peek not in preflight
       Global: memory permutation violated [GLOBAL-ONLY]
         x2/sp: unexpected write 0x00200160 (cycle 39938)
         x30/t5: expected write missing, needed 0x00200160 (cycle 39938)
         0x0020582C (code): wrote 0x02c12983, expected 0x02cf2983 (cycle 16418)
  [71] ✓ INSTR_WORD_MOD_SUR @ step 633: 1 failures, 3286ms, outcome: REJECTED, exit: 101 [proof:GENERATED] G=memory
       r=0.182  T_new=0.00 F_new=0.39 F_rare=0.85 U=0 Q=0.61 Q_l=0.72 Q_g=0.85 dl=1 dg=1
       Value: 0x00012623 -> 0x00017623
       Surgical: funct3 = 2 -> 7
       Original: SW x0, 12(x2)
       Mutated:  STORE.7 x0, 12(x2)
       zkVM errors (1 lines):
         • [prover_impl.rs:280] verify segment (internal proof verification failed)
       Local constraints hit (1 unique):
         - VerifyOpcodeF3@inst.zir:97
           cycle=17242, step=633, pc=0x0020095C, major=6, minor=2
       Global: memory permutation violated
         0x00200958 (code): wrote 0x00012623, expected 0x00017623 (cycle 5006)
  [72] ✓ INSTR_WORD_MOD_SUR @ step 382: 0 failures, 3285ms, outcome: REJECTED, exit: 101 [proof:GENERATED] G=memory[GO]
       r=0.258  T_new=0.00 F_new=0.78 F_rare=1.00 U=0 Q=0.61 Q_l=1.00 Q_g=0.61 dl=0 dg=3
       Value: 0x00249493 -> 0x00249013
       Surgical: rd = 9 -> 0
       Original: SLLI x9, x9, 2
       Mutated:  SLLI x0, x9, 2
       zkVM errors (3 lines):
         • [prover_impl.rs:280] verify segment (internal proof verification failed)
         • [ffi.cpp:113] address mismatch at cycle 16973: preflight=0x3fffc029, actual=0x3fffc060
         • [kernels/cxx/ffi.cpp:208] SKIP THROW: memory peek not in preflight
       Global: memory permutation violated [GLOBAL-ONLY]
         x9/s1: unexpected write 0x00000001 (cycle 33946)
         0xFFFF0180 (data): expected write missing, needed 0x00000001 (cycle 33946)
         0x002031B8 (code): wrote 0x00249493, expected 0x00249013 (cycle 33776)
  [73] ✓ INSTR_WORD_MOD_SUR @ step 3103: 1 failures, 3297ms, outcome: REJECTED, exit: 101 [proof:GENERATED] G=memory
       r=0.173  T_new=0.00 F_new=0.39 F_rare=0.79 U=0 Q=0.61 Q_l=0.72 Q_g=0.85 dl=1 dg=1
       Value: 0x018A5693 -> 0x018A5697
       Surgical: opcode = 19 -> 23
       Original: SRLI x13, x20, 24
       Mutated:  AUIPC x13, 0x18a5000
       zkVM errors (1 lines):
         • [prover_impl.rs:280] verify segment (internal proof verification failed)
       Local constraints hit (1 unique):
         - VerifyOpcodeF3F7@inst.zir:102
           cycle=19831, step=3103, pc=0x00205794, major=4, minor=2
       Global: memory permutation violated
         0x00205790 (code): wrote 0x018a5693, expected 0x018a5697 (cycle 16314)
  [74] ✓ INSTR_WORD_MOD_SUR @ step 3532: 1 failures, 3308ms, outcome: REJECTED, exit: 101 [proof:GENERATED] G=memory
       r=0.182  T_new=0.00 F_new=0.39 F_rare=0.85 U=0 Q=0.61 Q_l=0.72 Q_g=0.85 dl=1 dg=1
       Value: 0x01422503 -> 0x01422573
       Surgical: opcode = 3 -> 115
       Original: LW x10, 20(x4)
       Mutated:  SYSTEM.2 x10, x4, 20
       zkVM errors (1 lines):
         • [prover_impl.rs:280] verify segment (internal proof verification failed)
       Local constraints hit (1 unique):
         - VerifyOpcodeF3@inst.zir:96
           cycle=20334, step=3532, pc=0xC0000074, major=5, minor=2
       Global: memory permutation violated
         0xC0000070 (data): wrote 0x01422503, expected 0x01422573 (cycle 39712)
  [75] ✓ INSTR_WORD_MOD_SUR @ step 373: 1 failures, 3286ms, outcome: REJECTED, exit: 101 [proof:GENERATED] G=memory
       r=0.064  T_new=0.00 F_new=0.99 F_rare=1.00 U=0 Q=0.14 Q_l=0.72 Q_g=0.19 dl=1 dg=10
       Value: 0x02E57663 -> 0x3CE57E63
       Surgical: imm = 44 -> 988
       Original: BGEU x10, x14, 44
       Mutated:  BGEU x10, x14, 988
       zkVM errors (3 lines):
         • [prover_impl.rs:280] verify segment (internal proof verification failed)
         • [ffi.cpp:113] address mismatch at cycle 16965: preflight=0x00081869, actual=0x00081955
         • [kernels/cxx/buffers.h:43] SKIP THROW: Inconsistent set
       Local constraints hit (1 unique):
         - MemoryWrite@mem.zir:99
           cycle=16972, step=381, pc=0x002031B8, major=2, minor=4
       Global: memory permutation violated (17 addrs: 17 code)
         + 17 code addresses diverged (instruction fetch cascade)
  [76] ✓ LOAD_VAL_MOD @ step 2601: 1 failures, 3288ms, outcome: REJECTED, exit: 101 [proof:GENERATED] G=memory
       r=0.182  T_new=0.00 F_new=0.39 F_rare=0.85 U=0 Q=0.61 Q_l=0.72 Q_g=0.85 dl=1 dg=1
       Value: 0x000000E0 -> 0xFFFF00E0
       Load destination: rd = x11 (a1)
       zkVM errors (1 lines):
         • [prover_impl.rs:280] verify segment (internal proof verification failed)
       Local constraints hit (1 unique):
         - MemoryWrite@mem.zir:100
           cycle=19329, step=2601, pc=0x00201590, major=5, minor=3
       Global: memory permutation violated
         x11/a1: wrote 0xffff00e0, expected 0x000000e0 (cycle 38659)
  [77] ✓ LOAD_VAL_MOD @ step 1854: 2 failures, 3304ms, outcome: REJECTED, exit: 101 [proof:GENERATED] G=memory
       r=0.120  T_new=0.00 F_new=0.39 F_rare=0.75 U=0 Q=0.43 Q_l=0.51 Q_g=0.85 dl=2 dg=1
       Value: 0x002096FC -> 0xAE2BD4C6
       Load destination: rd = x1 (ra)
       zkVM errors (1 lines):
         • [prover_impl.rs:280] verify segment (internal proof verification failed)
       Local constraints hit (2 unique):
         - MemoryWrite@mem.zir:100
           cycle=18503, step=1854, pc=0x00205FF8, major=5, minor=2
         - MemoryWrite@mem.zir:99
           cycle=18503, step=1854, pc=0x00205FF8, major=5, minor=2
       Global: memory permutation violated
         x1/ra: wrote 0xae2bd4c6, expected 0x002096fc (cycle 37007)
  [78] ✓ MEM_VAL_MOD @ step 506: 2 failures, 3301ms, outcome: REJECTED, exit: 101 [proof:GENERATED] G=memory
       r=0.185  T_new=0.00 F_new=0.78 F_rare=1.00 U=0 Q=0.43 Q_l=0.51 Q_g=0.85 dl=2 dg=1
       Value: 0x00000000 -> 0xDFEDFFBF
       Transaction: other_mem_write (WRITE) at address 0xffff0180
       zkVM errors (1 lines):
         • [prover_impl.rs:280] verify segment (internal proof verification failed)
       Local constraints hit (2 unique):
         - MemoryWrite@mem.zir:100
           cycle=17103, step=506, pc=0x00206160, major=2, minor=2
         - MemoryWrite@mem.zir:99
           cycle=17103, step=506, pc=0x00206160, major=2, minor=2
       Global: memory permutation violated
         0xFFFF0180 (data): wrote 0xdfedffbf, expected 0x00000000 (cycle 34207)
  [79] ✓ MEM_VAL_MOD @ step 746: 4 failures, 3290ms, outcome: REJECTED, exit: 101 [proof:GENERATED] G=memory
       r=0.024  T_new=0.00 F_new=1.00 F_rare=1.00 U=0 Q=0.05 Q_l=0.26 Q_g=0.19 dl=4 dg=10
       Value: 0xC0000070 -> 0x00040000
       Transaction: other_mem_read (READ) at address 0xffff1000
       zkVM errors (3 lines):
         • [prover_impl.rs:280] verify segment (internal proof verification failed)
         • [ffi.cpp:113] address mismatch at cycle 17362: preflight=0x3000001c, actual=0x00010000
         • [kernels/cxx/buffers.h:43] SKIP THROW: Inconsistent set
       Local constraints hit (4 unique):
         - IsRead@mem.zir:79
           cycle=17361, step=746, pc=0xC0000070, major=7, minor=2
         - IsRead@mem.zir:80
           cycle=17361, step=746, pc=0xC0000070, major=7, minor=2
         - MemoryWrite@mem.zir:100
           cycle=17366, step=751, pc=0xC0000058, major=2, minor=4
         - MemoryWrite@mem.zir:99
           cycle=17366, step=751, pc=0xC0000058, major=2, minor=4
       Global: memory permutation violated (11 addrs: 11 data)
         0x00040000 (data): expected write missing, needed 0x01422503 (cycle 34558)
         0x00040004 (data): expected write missing, needed 0x01255863 (cycle 34560)
         0x00040008 (data): expected write missing, needed 0x00251513 (cycle 34562)
         + 8 more addresses
  [80] ✓ MEM_VAL_MOD @ step 2604: 3 failures, 3352ms, outcome: REJECTED, exit: 101 [proof:GENERATED] G=memory
       r=0.132  T_new=0.00 F_new=0.78 F_rare=1.00 U=0 Q=0.31 Q_l=0.37 Q_g=0.85 dl=3 dg=1
       Value: 0xC3D4E0D9 -> 0x0000FFFF
       Transaction: load_mem_read (READ) at address 0x002214ac
       zkVM errors (1 lines):
         • [prover_impl.rs:280] verify segment (internal proof verification failed)
       Local constraints hit (3 unique):
         - IsRead@mem.zir:79
           cycle=19332, step=2604, pc=0x0020159C, major=5, minor=3
         - IsRead@mem.zir:80
           cycle=19332, step=2604, pc=0x0020159C, major=5, minor=3
         - MemoryWrite@mem.zir:99
           cycle=19332, step=2604, pc=0x0020159C, major=5, minor=3
       Global: memory permutation violated
         0x002214AC (code): wrote 0x0000ffff, expected 0xc3d4e0d9 (cycle 38664)
  [81] ✓ MEM_VAL_MOD @ step 3576: 2 failures, 3348ms, outcome: REJECTED, exit: 101 [proof:GENERATED] G=memory
       r=0.124  T_new=0.00 F_new=0.39 F_rare=0.79 U=0 Q=0.43 Q_l=0.51 Q_g=0.85 dl=2 dg=1
       Value: 0x0021AD2C -> 0xBFB2638F
       Transaction: store_rmw_read (READ) at address 0x00200190
       zkVM errors (1 lines):
         • [prover_impl.rs:280] verify segment (internal proof verification failed)
       Local constraints hit (2 unique):
         - IsRead@mem.zir:79
           cycle=20452, step=3576, pc=0x00205624, major=6, minor=2
         - IsRead@mem.zir:80
           cycle=20452, step=3576, pc=0x00205624, major=6, minor=2
       Global: memory permutation violated
         0x00200190 (data): wrote 0xbfb2638f, expected 0x0021ad2c (cycle 40904)
  [82] ✓ MEM_VAL_MOD @ step 983: 2 failures, 3321ms, outcome: REJECTED, exit: 101 [proof:GENERATED] G=memory
       r=0.117  T_new=0.00 F_new=0.39 F_rare=0.72 U=0 Q=0.43 Q_l=0.51 Q_g=0.85 dl=2 dg=1
       Value: 0x00000002 -> 0x20000000
       Transaction: load_mem_read (WRITE) at address 0xffff0028
       zkVM errors (1 lines):
         • [prover_impl.rs:280] verify segment (internal proof verification failed)
       Local constraints hit (2 unique):
         - MemoryWrite@mem.zir:100
           cycle=17616, step=983, pc=0xC0000074, major=5, minor=2
         - MemoryWrite@mem.zir:99
           cycle=17616, step=983, pc=0xC0000074, major=5, minor=2
       Global: memory permutation violated
         0xFFFF0028 (data): wrote 0x20000000, expected 0x00000002 (cycle 35233)
  [83] ✓ MEM_VAL_MOD @ step 3929: 0 failures, 3340ms, outcome: REJECTED, exit: 101 [proof:GENERATED] G=memory[GO]
       r=0.283  T_new=0.00 F_new=0.39 F_rare=1.00 U=0 Q=0.85 Q_l=1.00 Q_g=0.85 dl=0 dg=1
       Value: 0x373B404C -> 0xC4EFFD46
       Transaction: other_mem_read (READ) at address 0x107feef88
       zkVM errors (2 lines):
         • [prover_impl.rs:280] verify segment (internal proof verification failed)
         • [kernels/cxx/buffers.h:43] SKIP THROW: Inconsistent set
       Global: memory permutation violated [GLOBAL-ONLY]
         0x107FEEF88 (data): wrote 0xc4effd46, expected 0x373b404c (cycle 45044)
  [84] ✓ MEM_VAL_MOD @ step 2507: 4 failures, 3354ms, outcome: REJECTED, exit: 101 [proof:GENERATED] G=memory|cycle
       r=0.032  T_new=0.00 F_new=0.95 F_rare=1.00 U=0 Q=0.07 Q_l=0.26 Q_g=0.26 dl=4 dg=8
       Value: 0x00008067 -> 0x00000100
       Transaction: other_mem_read (READ) at address 0x00206248
       zkVM errors (3 lines):
         • [prover_impl.rs:280] verify segment (internal proof verification failed)
         • [ffi.cpp:113] address mismatch at cycle 19235: preflight=0x3fffc021, actual=0x3fffc020
         • [kernels/cxx/ffi.cpp:208] SKIP THROW: memory peek not in preflight
       Local constraints hit (4 unique):
         - IsRead@mem.zir:79
           cycle=19235, step=2507, pc=0x002055C0, major=2, minor=4
         - MemoryWrite@mem.zir:100
           cycle=19235, step=2507, pc=0x002055C0, major=2, minor=4
         - MemoryWrite@mem.zir:99
           cycle=19235, step=2507, pc=0x002055C0, major=2, minor=4
         - VerifyOpcodeF3@inst.zir:96
           cycle=19235, step=2507, pc=0x002055C0, major=2, minor=4
       Global: memory permutation violated
         x0/zero: wrote 0x00000000, expected 0x002055c0 (cycle 38260)
         x1/ra: unexpected write 0x002055c0 (cycle 38260)
         x2/sp: expected write missing, needed 0x00000000 (cycle 38260)
         0xFFFF0180 (data): unexpected write 0x00205e40 (cycle 38245)
         0x00206248 (code): wrote 0x00000100, expected 0x00008067 (cycle 38470)
       Global: cycle lookup violated (3 indices broken)
         index 209: 1 provides, 1 uses (imbalanced)
         index 210: 4 provides, 1 uses (imbalanced)
         index 225: 1 provides, 1 uses (imbalanced)
  [85] ✓ MEM_VAL_MOD @ step 292: 14 failures, 3298ms, outcome: REJECTED, exit: 101 [proof:GENERATED] G=memory
       r=0.002  T_new=0.00 F_new=1.00 F_rare=1.00 U=0 Q=0.00 Q_l=0.02 Q_g=0.19 dl=12 dg=10
       Value: 0x00206170 -> 0x3B28BA76
       Transaction: other_mem_read (READ) at address 0xffff0200
       zkVM errors (3 lines):
         • [prover_impl.rs:280] verify segment (internal proof verification failed)
         • [ffi.cpp:113] address mismatch at cycle 16878: preflight=0x0008185d, actual=0x0eca2e9e
         • [kernels/cxx/buffers.h:43] SKIP THROW: Inconsistent set
       Local constraints hit (5 unique):
         - DecodeInst@inst.zir:29 (x10)
           cycle=16878, step=293, pc=0x00206178, major=0, minor=0
         - IsRead@mem.zir:79
           cycle=16877, step=292, pc=0x00206174, major=7, minor=3
         - IsRead@mem.zir:80
           cycle=16877, step=292, pc=0x00206174, major=7, minor=3
         - MemoryWrite@mem.zir:100
           cycle=16887, step=302, pc=0x002031B8, major=2, minor=4
         - MemoryWrite@mem.zir:99
           cycle=16887, step=302, pc=0x002031B8, major=2, minor=4
       Global: memory permutation violated (21 addrs: 10 code, 11 data)
         0x3B28BA78 (data): expected write missing, needed 0x01050833 (cycle 17906)
         0x3B28BA7C (data): expected write missing, needed 0x02e57663 (cycle 17906)
         0x3B28BAA8 (data): expected write missing, needed 0x00255593 (cycle 17946)
         + 10 code addresses diverged (instruction fetch cascade)
         + 8 more addresses
  [86] ✓ MEM_VAL_MOD @ step 0: 10 failures, 3289ms, outcome: REJECTED, exit: 101 [proof:GENERATED] G=memory
       r=0.089  T_new=0.00 F_new=0.39 F_rare=0.79 U=0 Q=0.31 Q_l=0.37 Q_g=0.85 dl=3 dg=1
       Value: 0x00859593 -> 0x80629121
       Transaction: other_mem_read (READ) at address 0x00201544
       zkVM errors (2 lines):
         • [prover_impl.rs:280] verify segment (internal proof verification failed)
         • [kernels/cxx/buffers.h:43] SKIP THROW: Inconsistent set
       Local constraints hit (3 unique):
         - IsRead@mem.zir:79
           cycle=3469, step=0, pc=0x00000000, major=9, minor=2
         - IsRead@mem.zir:80
           cycle=3469, step=0, pc=0x00000000, major=9, minor=2
         - PoseidonCheckOut@inst_p2.zir:265 (x8)
           cycle=3689, step=0, pc=0x00000000, major=9, minor=5
       Global: memory permutation violated
         0x00201544 (code): wrote 0x80629121, expected 0x00859593 (cycle 6938)
  [87] ✓ PRE_EXEC_REG_MOD @ step 3368: 2 failures, 3301ms, outcome: REJECTED, exit: 101 [proof:GENERATED] G=memory
       r=0.130  T_new=0.00 F_new=0.39 F_rare=0.85 U=0 Q=0.43 Q_l=0.51 Q_g=0.85 dl=2 dg=1
       Value: 0x00000000 -> 0xFFFFFFFE
       Register: x0 (zero), READ, strategy=next_read
       zkVM errors (1 lines):
         • [prover_impl.rs:280] verify segment (internal proof verification failed)
       Local constraints hit (2 unique):
         - IsRead@mem.zir:79
           cycle=20170, step=3368, pc=0x00204C34, major=0, minor=7
         - IsRead@mem.zir:80
           cycle=20170, step=3368, pc=0x00204C34, major=0, minor=7
       Global: memory permutation violated
         x0/zero: wrote 0xfffffffe, expected 0x00000000 (cycle 40340)
  [88] 💥 PRE_EXEC_REG_MOD @ step 723: 2 failures, 537ms, outcome: CRASH, exit: -11 [proof:NOT_GENERATED]
       r=0.000  T_new=0.00 F_new=0.00 F_rare=0.00 U=0 Q=0.00 Q_l=0.00 Q_g=1.00 dl=0 dg=0
       Value: 0x00200368 -> 0xC5E7A9B2
       Register: x11 (a1), READ, strategy=next_read
       Local constraints hit (2 unique):
         - IsRead@mem.zir:79
           cycle=17338, step=723, pc=0x002031A0, major=5, minor=2
         - IsRead@mem.zir:80
           cycle=17338, step=723, pc=0x002031A0, major=5, minor=2
       Global: no permutation/lookup violations (local-only)
  [89] ✓ PRE_EXEC_REG_MOD @ step 193: 2 failures, 3301ms, outcome: REJECTED, exit: 101 [proof:GENERATED] G=memory
       r=0.120  T_new=0.00 F_new=0.39 F_rare=0.75 U=0 Q=0.43 Q_l=0.51 Q_g=0.85 dl=2 dg=1
       Value: 0x00000000 -> 0x20000000
       Register: x9 (s1), READ, strategy=next_read
       zkVM errors (1 lines):
         • [prover_impl.rs:280] verify segment (internal proof verification failed)
       Local constraints hit (2 unique):
         - IsRead@mem.zir:80
           cycle=16772, step=193, pc=0x0020B890, major=6, minor=2
         - MemoryWrite@mem.zir:100
           cycle=16772, step=193, pc=0x0020B890, major=6, minor=2
       Global: memory permutation violated
         x9/s1: wrote 0x20000000, expected 0x00000000 (cycle 33544)
  [90] ✓ PRE_EXEC_REG_MOD @ step 3202: 4 failures, 3292ms, outcome: REJECTED, exit: 101 [proof:GENERATED] G=memory
       r=0.067  T_new=0.00 F_new=0.39 F_rare=0.85 U=0 Q=0.22 Q_l=0.26 Q_g=0.85 dl=4 dg=1
       Value: 0x00000000 -> 0x1BEBA342
       Register: x19 (s3), READ, strategy=next_read
       zkVM errors (1 lines):
         • [prover_impl.rs:280] verify segment (internal proof verification failed)
       Local constraints hit (4 unique):
         - IsRead@mem.zir:79
           cycle=20004, step=3202, pc=0x00204B6C, major=3, minor=1
         - IsRead@mem.zir:80
           cycle=20004, step=3202, pc=0x00204B6C, major=3, minor=1
         - MemoryWrite@mem.zir:100
           cycle=20004, step=3202, pc=0x00204B6C, major=3, minor=1
         - MemoryWrite@mem.zir:99
           cycle=20004, step=3202, pc=0x00204B6C, major=3, minor=1
       Global: memory permutation violated
         x19/s3: wrote 0x1beba342, expected 0x00000000 (cycle 40008)
  [91] ✓ PRE_EXEC_REG_MOD @ step 530: 2 failures, 3302ms, outcome: REJECTED, exit: 101 [proof:GENERATED] G=memory
       r=0.130  T_new=0.00 F_new=0.39 F_rare=0.85 U=0 Q=0.43 Q_l=0.51 Q_g=0.85 dl=2 dg=1
       Value: 0x00200350 -> 0x0B8816F3
       Register: x2 (sp), READ, strategy=next_read
       zkVM errors (1 lines):
         • [prover_impl.rs:280] verify segment (internal proof verification failed)
       Local constraints hit (2 unique):
         - IsRead@mem.zir:79
           cycle=17133, step=530, pc=0x002061A8, major=4, minor=2
         - IsRead@mem.zir:80
           cycle=17133, step=530, pc=0x002061A8, major=4, minor=2
       Global: memory permutation violated
         x2/sp: wrote 0x0b8816f3, expected 0x00200350 (cycle 34266)
  [92] ✓ PRE_EXEC_REG_MOD @ step 441: 4 failures, 3304ms, outcome: REJECTED, exit: 101 [proof:GENERATED] G=memory
       r=0.060  T_new=0.00 F_new=0.39 F_rare=0.72 U=0 Q=0.22 Q_l=0.26 Q_g=0.85 dl=4 dg=1
       Value: 0x0021A0C8 -> 0x2BEDE9B6
       Register: x12 (a2), READ, strategy=next_read
       zkVM errors (1 lines):
         • [prover_impl.rs:280] verify segment (internal proof verification failed)
       Local constraints hit (4 unique):
         - IsRead@mem.zir:79
           cycle=17032, step=441, pc=0xC000013C, major=5, minor=2
         - IsRead@mem.zir:80
           cycle=17032, step=441, pc=0xC000013C, major=5, minor=2
         - MemoryWrite@mem.zir:100
           cycle=17032, step=441, pc=0xC000013C, major=5, minor=2
         - MemoryWrite@mem.zir:99
           cycle=17032, step=441, pc=0xC000013C, major=5, minor=2
       Global: memory permutation violated
         x12/a2: wrote 0x2bede9b6, expected 0x0021a0c8 (cycle 34064)
  [93] ✓ PRE_EXEC_REG_MOD @ step 841: 4 failures, 3279ms, outcome: REJECTED, exit: 101 [proof:GENERATED] G=memory
       r=0.102  T_new=0.00 F_new=0.92 F_rare=1.00 U=0 Q=0.22 Q_l=0.26 Q_g=0.85 dl=4 dg=1
       Value: 0x00000004 -> 0x20000000
       Register: x10 (a0), READ, strategy=next_read
       zkVM errors (1 lines):
         • [prover_impl.rs:280] verify segment (internal proof verification failed)
       Local constraints hit (4 unique):
         - IsRead@mem.zir:79
           cycle=17468, step=841, pc=0x00206178, major=0, minor=0
         - IsRead@mem.zir:80
           cycle=17468, step=841, pc=0x00206178, major=0, minor=0
         - MemoryWrite@mem.zir:100
           cycle=17468, step=841, pc=0x00206178, major=0, minor=0
         - MemoryWrite@mem.zir:99
           cycle=17468, step=841, pc=0x00206178, major=0, minor=0
       Global: memory permutation violated
         x10/a0: wrote 0x20000000, expected 0x00000004 (cycle 34936)
  [94] ✓ PRE_EXEC_REG_MOD @ step 0: 10 failures, 3286ms, outcome: REJECTED, exit: 101 [proof:GENERATED] G=memory
       r=0.086  T_new=0.00 F_new=0.39 F_rare=0.75 U=0 Q=0.31 Q_l=0.37 Q_g=0.85 dl=3 dg=1
       Value: 0x00000000 -> 0x9B8F97A8
       Register: x8 (s0), READ, strategy=next_read
       zkVM errors (2 lines):
         • [prover_impl.rs:280] verify segment (internal proof verification failed)
         • [kernels/cxx/buffers.h:43] SKIP THROW: Inconsistent set
       Local constraints hit (3 unique):
         - IsRead@mem.zir:79
           cycle=15977, step=0, pc=0x00000000, major=9, minor=2
         - IsRead@mem.zir:80
           cycle=15977, step=0, pc=0x00000000, major=9, minor=2
         - PoseidonCheckOut@inst_p2.zir:265 (x8)
           cycle=16247, step=0, pc=0x00000000, major=9, minor=5
       Global: memory permutation violated
         x8/s0: wrote 0x9b8f97a8, expected 0x00000000 (cycle 31954)
  [95] ✓ STORE_OUT_MOD @ step 330: 2 failures, 3283ms, outcome: REJECTED, exit: 101 [proof:GENERATED] G=memory
       r=0.120  T_new=0.00 F_new=0.39 F_rare=0.75 U=0 Q=0.43 Q_l=0.51 Q_g=0.85 dl=2 dg=1
       Value: 0x00000000 -> 0x3A4A7F0E
       Store address: 0x00200354
       zkVM errors (1 lines):
         • [prover_impl.rs:280] verify segment (internal proof verification failed)
       Local constraints hit (2 unique):
         - MemoryWrite@mem.zir:100
           cycle=16915, step=330, pc=0x00203198, major=6, minor=2
         - MemoryWrite@mem.zir:99
           cycle=16915, step=330, pc=0x00203198, major=6, minor=2
       Global: memory permutation violated
         0x00200354 (data): wrote 0x3a4a7f0e, expected 0x00000000 (cycle 33831)
  [96] ✓ STORE_OUT_MOD @ step 18: 2 failures, 3331ms, outcome: REJECTED, exit: 101 [proof:GENERATED] G=memory
       r=0.117  T_new=0.00 F_new=0.39 F_rare=0.72 U=0 Q=0.43 Q_l=0.51 Q_g=0.85 dl=2 dg=1
       Value: 0x002036FC -> 0x02036FC0
       Store address: 0xffff0200
       zkVM errors (1 lines):
         • [prover_impl.rs:280] verify segment (internal proof verification failed)
       Local constraints hit (2 unique):
         - MemoryWrite@mem.zir:100
           cycle=16591, step=18, pc=0xC000004C, major=6, minor=2
         - MemoryWrite@mem.zir:99
           cycle=16591, step=18, pc=0xC000004C, major=6, minor=2
       Global: memory permutation violated
         0xFFFF0200 (data): wrote 0x02036fc0, expected 0x002036fc (cycle 33183)
  [97] ✓ COMP_OUT_MOD @ step 2633: 1 failures, 3326ms, outcome: REJECTED, exit: 101 [proof:GENERATED] G=memory
       r=0.182  T_new=0.00 F_new=0.39 F_rare=0.85 U=0 Q=0.61 Q_l=0.72 Q_g=0.85 dl=1 dg=1
       Value: 0x0020038C -> 0x0120038C
       Destination: rd = x14 (a4)
       zkVM errors (1 lines):
         • [prover_impl.rs:280] verify segment (internal proof verification failed)
       Local constraints hit (1 unique):
         - MemoryWrite@mem.zir:100
           cycle=19361, step=2633, pc=0x00203404, major=0, minor=7
       Global: memory permutation violated
         x14/a4: wrote 0x0120038c, expected 0x0020038c (cycle 38723)
  [98] ✓ INSTR_TYPE_MOD @ step 3490: 13 failures, 3312ms, outcome: REJECTED, exit: 101 [proof:GENERATED] G=memory
       r=0.002  T_new=0.00 F_new=1.00 F_rare=1.00 U=0 Q=0.00 Q_l=0.03 Q_g=0.19 dl=11 dg=10
       Value: 0x00000000 -> 0x00020002
       Original: Add [major=0, minor=0]
       Mutated:  BgeU [major=2, minor=2]
       zkVM errors (3 lines):
         • [prover_impl.rs:280] verify segment (internal proof verification failed)
         • [ffi.cpp:113] address mismatch at cycle 20292: preflight=0x3fffc02a, actual=0x3fffc060
         • [kernels/cxx/ffi.cpp:208] SKIP THROW: memory peek not in preflight
       Local constraints hit (5 unique):
         - DecodeInst@inst.zir:29 (x8)
           cycle=20293, step=3491, pc=0x00205E24, major=2, minor=1
         - MemoryWrite@mem.zir:100
           cycle=20292, step=3490, pc=0x00205E20, major=2, minor=2
         - MemoryWrite@mem.zir:99 (x2)
           cycle=20292, step=3490, pc=0x00205E20, major=2, minor=2
         - VerifyOpcodeF3@inst.zir:96
           cycle=20292, step=3490, pc=0x00205E20, major=2, minor=2
         - VerifyOpcodeF3@inst.zir:97
           cycle=20292, step=3490, pc=0x00205E20, major=2, minor=2
       Global: memory permutation violated (11 addrs: 1 register, 9 code, 1 data)
         x10/a0: unexpected write 0x00000040 (cycle 40584)
         0xFFFF0180 (data): expected write missing, needed 0x00000040 (cycle 40584)
         + 9 code addresses diverged (instruction fetch cascade)
  [99] ✓ INSTR_TYPE_MOD @ step 2314: 23 failures, 3411ms, outcome: REJECTED, exit: 101 [proof:GENERATED] G=memory
       r=0.000  T_new=0.00 F_new=1.00 F_rare=1.00 U=0 Q=0.00 Q_l=0.00 Q_g=0.19 dl=16 dg=10
       Value: 0x00040002 -> 0x00020004
       Original: SrlI [major=4, minor=2]
       Mutated:  JalR [major=2, minor=4]
       zkVM errors (3 lines):
         • [prover_impl.rs:280] verify segment (internal proof verification failed)
         • [ffi.cpp:113] address mismatch at cycle 18969: preflight=0x000804b2, actual=0x00000006
         • [kernels/cxx/buffers.h:43] SKIP THROW: Inconsistent set
       Local constraints hit (5 unique):
         - AddrDecompose@u32.zir:67 (x15)
           cycle=18969, step=2315, pc=0x002012CC, major=0, minor=3
         - MemoryWrite@mem.zir:100 (x3)
           cycle=18968, step=2314, pc=0x002012C8, major=2, minor=4
         - MemoryWrite@mem.zir:99 (x3)
           cycle=18968, step=2314, pc=0x002012C8, major=2, minor=4
         - VerifyOpcodeF3@inst.zir:96
           cycle=18968, step=2314, pc=0x002012C8, major=2, minor=4
         - VerifyOpcodeF3@inst.zir:97
           cycle=18968, step=2314, pc=0x002012C8, major=2, minor=4
       Global: memory permutation violated (30 addrs: 15 code, 15 data)
         0x00000018 (data): expected write missing, needed 0x00c56533 (cycle 6534)
         0x0000001C (data): expected write missing, needed 0x08000713 (cycle 6534)
         0x00000020 (data): expected write missing, needed 0x00b6f5b3 (cycle 6534)
         + 15 code addresses diverged (instruction fetch cascade)
         + 12 more addresses
  [100] ✓ INSTR_TYPE_MOD @ step 0: 5 failures, 3353ms, outcome: REJECTED, exit: 101 [proof:GENERATED] [+3 touch] G=memory|cycle
       r=0.054  T_new=0.08 F_new=0.86 F_rare=1.00 U=0 Q=0.11 Q_l=0.19 Q_g=0.61 dl=5 dg=3
       Value: 0x00020006 -> 0x00020000
       Original: Auipc [major=2, minor=6]
       Mutated:  Bge [major=2, minor=0]
       zkVM errors (3 lines):
         • [prover_impl.rs:280] verify segment (internal proof verification failed)
         • [ffi.cpp:113] address mismatch at cycle 0: preflight=0x44000000, actual=0x00000000
         • [kernels/cxx/ffi.cpp:208] SKIP THROW: memory peek not in preflight
       Local constraints hit (5 unique):
         - AddrDecompose@u32.zir:67
           cycle=0, step=0, pc=0x00000000, major=2, minor=0
         - ControlLoadRootAndNonce@inst_control.zir:23
           cycle=1, step=0, pc=0x00000000, major=7, minor=0
         - MiscInput@inst_misc.zir:7
           cycle=0, step=0, pc=0x00000000, major=2, minor=0
         - VerifyOpcodeF3@inst.zir:96
           cycle=0, step=0, pc=0x00000000, major=2, minor=0
         - VerifyOpcodeF3@inst.zir:97
           cycle=0, step=0, pc=0x00000000, major=2, minor=0
       Global: memory permutation violated
         0xFFFF0100 (data): expected write missing, needed 0x00000000 (cycle 0)
       Global: cycle lookup violated (2 indices broken)
         index 0: 2256 provides, 1 uses (imbalanced)
         index 2013265920: orphan provide (2 entries, no matching use)
  [101] ✓ INSTR_WORD_MOD_FULL @ step 929: 0 failures, 3335ms, outcome: REJECTED, exit: 101 [proof:GENERATED] G=memory[GO]
       r=0.257  T_new=0.00 F_new=0.78 F_rare=1.00 U=0 Q=0.61 Q_l=1.00 Q_g=0.61 dl=0 dg=3
       Value: 0x00249493 -> 0x00249593
       Original: SLLI x9, x9, 2
       Mutated:  SLLI x11, x9, 2
       zkVM errors (3 lines):
         • [prover_impl.rs:280] verify segment (internal proof verification failed)
         • [ffi.cpp:113] address mismatch at cycle 17562: preflight=0x3fffc029, actual=0x3fffc02b
         • [kernels/cxx/ffi.cpp:208] SKIP THROW: memory peek not in preflight
       Global: memory permutation violated [GLOBAL-ONLY]
         x9/s1: unexpected write 0x00000001 (cycle 35124)
         x11/a1: expected write missing, needed 0x00000001 (cycle 35124)
         0x002031B8 (code): wrote 0x00249493, expected 0x00249593 (cycle 34956)
  [102] ✓ INSTR_WORD_MOD_SUR @ step 3126: 1 failures, 3296ms, outcome: REJECTED, exit: 101 [proof:GENERATED] G=memory
       r=0.236  T_new=0.00 F_new=0.63 F_rare=1.00 U=0 Q=0.61 Q_l=0.72 Q_g=0.85 dl=1 dg=1
       Value: 0x00300293 -> 0x00304293
       Surgical: funct3 = 0 -> 4
       Original: ADDI x5, x0, 3
       Mutated:  XORI x5, x0, 3
       zkVM errors (1 lines):
         • [prover_impl.rs:280] verify segment (internal proof verification failed)
       Local constraints hit (1 unique):
         - VerifyOpcodeF3@inst.zir:97
           cycle=19854, step=3126, pc=0x002061EC, major=0, minor=7
       Global: memory permutation violated
         0x002061E8 (code): wrote 0x00300293, expected 0x00304293 (cycle 17986)
  [103] ✓ INSTR_WORD_MOD_SUR @ step 3101: 0 failures, 3336ms, outcome: REJECTED, exit: 101 [proof:GENERATED] G=memory[GO]
       r=0.257  T_new=0.00 F_new=0.78 F_rare=1.00 U=0 Q=0.61 Q_l=1.00 Q_g=0.61 dl=0 dg=3
       Value: 0x008A5513 -> 0x008A5313
       Surgical: rd = 10 -> 6
       Original: SRLI x10, x20, 8
       Mutated:  SRLI x6, x20, 8
       zkVM errors (3 lines):
         • [prover_impl.rs:280] verify segment (internal proof verification failed)
         • [ffi.cpp:113] address mismatch at cycle 19829: preflight=0x3fffc02a, actual=0x3fffc026
         • [kernels/cxx/ffi.cpp:208] SKIP THROW: memory peek not in preflight
       Global: memory permutation violated [GLOBAL-ONLY]
         x6/t1: expected write missing, needed 0x00000000 (cycle 39656)
         x10/a0: unexpected write 0x00000000 (cycle 39656)
         0x00205788 (code): wrote 0x008a5513, expected 0x008a5313 (cycle 16314)
  [104] ✓ LOAD_VAL_MOD @ step 1855: 2 failures, 3364ms, outcome: REJECTED, exit: 101 [proof:GENERATED] G=memory
       r=0.113  T_new=0.00 F_new=0.39 F_rare=0.69 U=0 Q=0.43 Q_l=0.51 Q_g=0.85 dl=2 dg=1
       Value: 0x002000A0 -> 0xCBAD0737
       Load destination: rd = x8 (s0/fp)
       zkVM errors (1 lines):
         • [prover_impl.rs:280] verify segment (internal proof verification failed)
       Local constraints hit (2 unique):
         - MemoryWrite@mem.zir:100
           cycle=18504, step=1855, pc=0x00205FFC, major=5, minor=2
         - MemoryWrite@mem.zir:99
           cycle=18504, step=1855, pc=0x00205FFC, major=5, minor=2
       Global: memory permutation violated
         x8/s0: wrote 0xcbad0737, expected 0x002000a0 (cycle 37009)
  [105] ✓ MEM_VAL_MOD @ step 3050: 4 failures, 3314ms, outcome: REJECTED, exit: 101 [proof:GENERATED] G=memory
       r=0.102  T_new=0.00 F_new=0.92 F_rare=1.00 U=0 Q=0.22 Q_l=0.26 Q_g=0.85 dl=4 dg=1
       Value: 0x00000080 -> 0x3524BCB8
       Transaction: store_rmw_read (READ) at address 0x00221538
       zkVM errors (1 lines):
         • [prover_impl.rs:280] verify segment (internal proof verification failed)
       Local constraints hit (4 unique):
         - IsRead@mem.zir:79
           cycle=19778, step=3050, pc=0x00203204, major=6, minor=0
         - IsRead@mem.zir:80
           cycle=19778, step=3050, pc=0x00203204, major=6, minor=0
         - MemoryWrite@mem.zir:100
           cycle=19778, step=3050, pc=0x00203204, major=6, minor=0
         - MemoryWrite@mem.zir:99
           cycle=19778, step=3050, pc=0x00203204, major=6, minor=0
       Global: memory permutation violated
         0x00221538 (code): wrote 0x3524bcb8, expected 0x00000080 (cycle 39556)
  [106] ✓ MEM_VAL_MOD @ step 289: 0 failures, 3271ms, outcome: REJECTED, exit: 101 [proof:GENERATED] G=memory[GO]
       r=0.282  T_new=0.00 F_new=0.39 F_rare=1.00 U=0 Q=0.85 Q_l=1.00 Q_g=0.85 dl=0 dg=1
       Value: 0x00000000 -> 0x000000FF
       Transaction: other_mem_write (WRITE) at address 0x0020036c
       zkVM errors (1 lines):
         • [prover_impl.rs:280] verify segment (internal proof verification failed)
       Global: memory permutation violated [GLOBAL-ONLY]
         0x0020036C (data): wrote 0x000000ff, expected 0x00000000 (cycle 33741)
  [107] ✓ PRE_EXEC_REG_MOD @ step 3350: 4 failures, 3297ms, outcome: REJECTED, exit: 101 [proof:GENERATED] G=memory
       r=0.061  T_new=0.00 F_new=0.39 F_rare=0.75 U=0 Q=0.22 Q_l=0.26 Q_g=0.85 dl=4 dg=1
       Value: 0x0F4BD989 -> 0x4823DD0A
       Register: x5 (t0), READ, strategy=next_read
       zkVM errors (1 lines):
         • [prover_impl.rs:280] verify segment (internal proof verification failed)
       Local constraints hit (4 unique):
         - IsRead@mem.zir:79
           cycle=20152, step=3350, pc=0x00203438, major=6, minor=2
         - IsRead@mem.zir:80
           cycle=20152, step=3350, pc=0x00203438, major=6, minor=2
         - MemoryWrite@mem.zir:100
           cycle=20152, step=3350, pc=0x00203438, major=6, minor=2
         - MemoryWrite@mem.zir:99
           cycle=20152, step=3350, pc=0x00203438, major=6, minor=2
       Global: memory permutation violated
         x5/t0: wrote 0x4823dd0a, expected 0x0f4bd989 (cycle 40304)
  [108] ✓ PRE_EXEC_REG_MOD @ step 920: 3 failures, 3281ms, outcome: REJECTED, exit: 101 [proof:GENERATED] G=memory
       r=0.033  T_new=0.00 F_new=1.00 F_rare=1.00 U=0 Q=0.07 Q_l=0.37 Q_g=0.19 dl=3 dg=10
       Value: 0x00000004 -> 0xF7BFB773
       Register: x14 (a4), READ, strategy=next_read
       zkVM errors (3 lines):
         • [prover_impl.rs:280] verify segment (internal proof verification failed)
         • [ffi.cpp:113] address mismatch at cycle 17554: preflight=0x00081869, actual=0x0008185f
         • [kernels/cxx/buffers.h:43] SKIP THROW: Inconsistent set
       Local constraints hit (3 unique):
         - IsRead@mem.zir:79
           cycle=17553, step=920, pc=0x002061A4, major=2, minor=2
         - IsRead@mem.zir:80
           cycle=17553, step=920, pc=0x002061A4, major=2, minor=2
         - MemoryWrite@mem.zir:99
           cycle=17561, step=928, pc=0x002031B8, major=2, minor=4
       Global: memory permutation violated (17 addrs: 1 register, 16 code)
         x14/a4: wrote 0xf7bfb773, expected 0x00000004 (cycle 35106)
         + 16 code addresses diverged (instruction fetch cascade)
  [109] ✓ COMP_OUT_MOD @ step 730: 2 failures, 3296ms, outcome: REJECTED, exit: 101 [proof:GENERATED] G=memory
       r=0.115  T_new=0.00 F_new=0.39 F_rare=0.70 U=0 Q=0.43 Q_l=0.51 Q_g=0.85 dl=2 dg=1
       Value: 0x00000004 -> 0x3EEBFBC6
       Destination: rd = x6 (t1)
       zkVM errors (1 lines):
         • [prover_impl.rs:280] verify segment (internal proof verification failed)
       Local constraints hit (2 unique):
         - MemoryWrite@mem.zir:100
           cycle=17345, step=730, pc=0x00206134, major=3, minor=1
         - MemoryWrite@mem.zir:99
           cycle=17345, step=730, pc=0x00206134, major=3, minor=1
       Global: memory permutation violated
         x6/t1: wrote 0x3eebfbc6, expected 0x00000004 (cycle 34691)
  [110] ✓ INSTR_TYPE_MOD @ step 2572: 3 failures, 3244ms, outcome: REJECTED, exit: 101 [proof:GENERATED]
       r=0.063  T_new=0.00 F_new=0.00 F_rare=0.71 U=0 Q=0.37 Q_l=0.37 Q_g=1.00 dl=3 dg=0
       Value: 0x00030001 -> 0x00000004
       Original: SllI [major=3, minor=1]
       Mutated:  And [major=0, minor=4]
       zkVM errors (1 lines):
         • [prover_impl.rs:280] verify segment (internal proof verification failed)
       Local constraints hit (3 unique):
         - MemoryWrite@mem.zir:99
           cycle=19300, step=2572, pc=0x0020151C, major=0, minor=4
         - VerifyOpcodeF3F7@inst.zir:102
           cycle=19300, step=2572, pc=0x0020151C, major=0, minor=4
         - VerifyOpcodeF3F7@inst.zir:103
           cycle=19300, step=2572, pc=0x0020151C, major=0, minor=4
       Global: no permutation/lookup violations (local-only)
  [111] ✓ INSTR_WORD_MOD_FULL @ step 2824: 3 failures, 3303ms, outcome: REJECTED, exit: 101 [proof:GENERATED] G=memory
       r=0.054  T_new=0.00 F_new=0.97 F_rare=1.00 U=0 Q=0.11 Q_l=0.37 Q_g=0.31 dl=3 dg=7
       Value: 0x03812683 -> 0x61EB7EE3
       Original: LW x13, 56(x2)
       Mutated:  BGEU x22, x30, 3612
       Format changed: I -> B
       zkVM errors (3 lines):
         • [prover_impl.rs:280] verify segment (internal proof verification failed)
         • [ffi.cpp:113] address mismatch at cycle 19552: preflight=0x3fffc022, actual=0x3fffc036
         • [kernels/cxx/ffi.cpp:208] SKIP THROW: memory peek not in preflight
       Local constraints hit (3 unique):
         - OpLW@inst_mem.zir:109
           cycle=19552, step=2824, pc=0x00203B90, major=5, minor=2
         - VerifyOpcodeF3@inst.zir:96
           cycle=19552, step=2824, pc=0x00203B90, major=5, minor=2
         - VerifyOpcodeF3@inst.zir:97
           cycle=19552, step=2824, pc=0x00203B90, major=5, minor=2
       Global: memory permutation violated
         0x00200268 (data): unexpected write 0x00000000 (cycle 39063)
         x2/sp: unexpected write 0x00200230 (cycle 39102)
         x13/a3: unexpected write 0x98eaebaf (cycle 39096)
         x22/s6: expected write missing, needed 0x00200230 (cycle 39102)
         x29/t4: expected write missing, needed 0x98eaebaf (cycle 39096)
         0x0020084C (code): expected write missing, needed 0x00000000 (cycle 39063)
         0x00203B8C (code): wrote 0x03812683, expected 0x61eb7ee3 (cycle 11806)
  [112] ✓ INSTR_WORD_MOD_SUR @ step 780: 1 failures, 3314ms, outcome: REJECTED, exit: 101 [proof:GENERATED] G=memory
       r=0.167  T_new=0.00 F_new=0.39 F_rare=0.75 U=0 Q=0.61 Q_l=0.72 Q_g=0.85 dl=1 dg=1
       Value: 0x00412483 -> 0x004124E3
       Surgical: opcode = 3 -> 99
       Original: LW x9, 4(x2)
       Mutated:  BRANCH.2 x2, x4, 2056
       zkVM errors (1 lines):
         • [prover_impl.rs:280] verify segment (internal proof verification failed)
       Local constraints hit (1 unique):
         - VerifyOpcodeF3@inst.zir:96
           cycle=17401, step=780, pc=0x002031F4, major=5, minor=2
       Global: memory permutation violated
         0x002031F0 (code): wrote 0x00412483, expected 0x004124e3 (cycle 34636)
  [113] ✓ LOAD_VAL_MOD @ step 1441: 2 failures, 3297ms, outcome: REJECTED, exit: 101 [proof:GENERATED] G=memory
       r=0.123  T_new=0.00 F_new=0.39 F_rare=0.79 U=0 Q=0.43 Q_l=0.51 Q_g=0.85 dl=2 dg=1
       Value: 0x000000F5 -> 0x97265810
       Load destination: rd = x14 (a4)
       zkVM errors (1 lines):
         • [prover_impl.rs:280] verify segment (internal proof verification failed)
       Local constraints hit (2 unique):
         - MemoryWrite@mem.zir:100
           cycle=18085, step=1441, pc=0x002184C4, major=5, minor=3
         - MemoryWrite@mem.zir:99
           cycle=18085, step=1441, pc=0x002184C4, major=5, minor=3
       Global: memory permutation violated
         x14/a4: wrote 0x97265810, expected 0x000000f5 (cycle 36171)
  [114] ✓ MEM_VAL_MOD @ step 3929: 2 failures, 3310ms, outcome: REJECTED, exit: 101 [proof:GENERATED] G=memory
       r=0.184  T_new=0.00 F_new=0.78 F_rare=1.00 U=0 Q=0.43 Q_l=0.51 Q_g=0.85 dl=2 dg=1
       Value: 0x297691FE -> 0x2877B176
       Transaction: other_mem_write (WRITE) at address 0x10fffc03c
       zkVM errors (2 lines):
         • [prover_impl.rs:280] verify segment (internal proof verification failed)
         • [kernels/cxx/buffers.h:43] SKIP THROW: Inconsistent set
       Local constraints hit (2 unique):
         - MemoryWrite@mem.zir:100
           cycle=22961, step=3929, pc=0x00000000, major=9, minor=5
         - MemoryWrite@mem.zir:99
           cycle=22961, step=3929, pc=0x00000000, major=9, minor=5
       Global: memory permutation violated
         0x10FFFC03C (data): wrote 0x2877b176, expected 0x297691fe (cycle 45923)
  [115] ✓ PRE_EXEC_REG_MOD @ step 3760: 2 failures, 3283ms, outcome: REJECTED, exit: 101 [proof:GENERATED] G=memory
       r=0.123  T_new=0.00 F_new=0.39 F_rare=0.79 U=0 Q=0.43 Q_l=0.51 Q_g=0.85 dl=2 dg=1
       Value: 0x00000300 -> 0x00000400
       Register: x12 (a2), READ, strategy=next_read
       zkVM errors (1 lines):
         • [prover_impl.rs:280] verify segment (internal proof verification failed)
       Local constraints hit (2 unique):
         - IsRead@mem.zir:79
           cycle=20636, step=3760, pc=0x002057A8, major=3, minor=1
         - MemoryWrite@mem.zir:100
           cycle=20636, step=3760, pc=0x002057A8, major=3, minor=1
       Global: memory permutation violated
         x12/a2: wrote 0x00000400, expected 0x00000300 (cycle 41272)
  [116] ✓ STORE_OUT_MOD @ step 3919: 2 failures, 3278ms, outcome: REJECTED, exit: 101 [proof:GENERATED] G=memory
       r=0.113  T_new=0.00 F_new=0.39 F_rare=0.69 U=0 Q=0.43 Q_l=0.51 Q_g=0.85 dl=2 dg=1
       Value: 0x0F745431 -> 0x7BA2A188
       Store address: 0xffff025c
       zkVM errors (1 lines):
         • [prover_impl.rs:280] verify segment (internal proof verification failed)
       Local constraints hit (2 unique):
         - MemoryWrite@mem.zir:100
           cycle=20869, step=3919, pc=0xC00000D4, major=6, minor=2
         - MemoryWrite@mem.zir:99
           cycle=20869, step=3919, pc=0xC00000D4, major=6, minor=2
       Global: memory permutation violated
         0xFFFF025C (data): wrote 0x7ba2a188, expected 0x0f745431 (cycle 41739)
  [117] ✓ INSTR_TYPE_MOD @ step 838: 3 failures, 3227ms, outcome: REJECTED, exit: 101 [proof:GENERATED] [+1 new] [+34 touch]
       r=0.229  T_new=0.62 F_new=0.78 F_rare=1.00 U=0 Q=0.37 Q_l=0.37 Q_g=1.00 dl=3 dg=0
       Value: 0x00000007 -> 0x00030007
       Original: AddI [major=0, minor=7]
       Mutated:  Unknown(3,7) [major=3, minor=7] ⚠INVALID
       zkVM errors (1 lines):
         • [prover_impl.rs:280] verify segment (internal proof verification failed)
       Local constraints hit (3 unique):
         - IllegalMulOp@inst_mul.zir:18
           cycle=17462, step=838, pc=0xC0000158, major=3, minor=7
         - MemoryWrite@mem.zir:100
           cycle=17462, step=838, pc=0xC0000158, major=3, minor=7
         - MemoryWrite@mem.zir:99
           cycle=17462, step=838, pc=0xC0000158, major=3, minor=7
       Global: no permutation/lookup violations (local-only)
  [118] ✓ INSTR_WORD_MOD_FULL @ step 3793: 0 failures, 3291ms, outcome: REJECTED, exit: 101 [proof:GENERATED] G=memory[GO]
       r=0.257  T_new=0.00 F_new=0.78 F_rare=1.00 U=0 Q=0.61 Q_l=1.00 Q_g=0.61 dl=0 dg=3
       Value: 0x02060893 -> 0x02070893
       Original: ADDI x17, x12, 32
       Mutated:  ADDI x17, x14, 32
       zkVM errors (3 lines):
         • [prover_impl.rs:280] verify segment (internal proof verification failed)
         • [ffi.cpp:113] address mismatch at cycle 20669: preflight=0x3fffc00c, actual=0x3fffc00e
         • [kernels/cxx/ffi.cpp:208] SKIP THROW: memory peek not in preflight
       Global: memory permutation violated [GLOBAL-ONLY]
         0xC0000490 (data): wrote 0x02060893, expected 0x02070893 (cycle 40694)
         0xFFFF0030 (data): unexpected write 0x00221610 (cycle 41336)
         0xFFFF0038 (data): expected write missing, needed 0x00221610 (cycle 41336)
  [119] ✓ MEM_VAL_MOD @ step 1509: 1 failures, 3304ms, outcome: REJECTED, exit: 101 [proof:GENERATED] G=memory
       r=0.193  T_new=0.00 F_new=0.86 F_rare=1.00 U=0 Q=0.43 Q_l=0.72 Q_g=0.61 dl=1 dg=3
       Value: 0xFE0614E3 -> 0xFE0514E3
       Transaction: other_mem_read (READ) at address 0x002184d4
       zkVM errors (3 lines):
         • [prover_impl.rs:280] verify segment (internal proof verification failed)
         • [ffi.cpp:113] address mismatch at cycle 18153: preflight=0x3fffc02c, actual=0x3fffc02a
         • [kernels/cxx/ffi.cpp:208] SKIP THROW: memory peek not in preflight
       Local constraints hit (1 unique):
         - IsRead@mem.zir:80
           cycle=18153, step=1509, pc=0x002184BC, major=1, minor=6
       Global: memory permutation violated
         x10/a0: expected write missing, needed 0x00000008 (cycle 36303)
         x12/a2: unexpected write 0x00000008 (cycle 36303)
         0x002184D4 (code): wrote 0xfe0514e3, expected 0xfe0614e3 (cycle 36306)
  [120] ✓ PRE_EXEC_REG_MOD @ step 2453: 4 failures, 3269ms, outcome: REJECTED, exit: 101 [proof:GENERATED] G=memory
       r=0.063  T_new=0.00 F_new=0.39 F_rare=0.79 U=0 Q=0.22 Q_l=0.26 Q_g=0.85 dl=4 dg=1
       Value: 0x00000004 -> 0xDC00C35D
       Register: x11 (a1), READ, strategy=next_read
       zkVM errors (1 lines):
         • [prover_impl.rs:280] verify segment (internal proof verification failed)
       Local constraints hit (4 unique):
         - IsRead@mem.zir:79
           cycle=19107, step=2453, pc=0x00205E04, major=0, minor=7
         - IsRead@mem.zir:80
           cycle=19107, step=2453, pc=0x00205E04, major=0, minor=7
         - MemoryWrite@mem.zir:100
           cycle=19107, step=2453, pc=0x00205E04, major=0, minor=7
         - MemoryWrite@mem.zir:99
           cycle=19107, step=2453, pc=0x00205E04, major=0, minor=7
       Global: memory permutation violated
         x11/a1: wrote 0xdc00c35d, expected 0x00000004 (cycle 38214)
  [121] ✓ COMP_OUT_MOD @ step 374: 2 failures, 3313ms, outcome: REJECTED, exit: 101 [proof:GENERATED] G=memory
       r=0.119  T_new=0.00 F_new=0.39 F_rare=0.75 U=0 Q=0.43 Q_l=0.51 Q_g=0.85 dl=2 dg=1
       Value: 0x00000001 -> 0x9F47F9FA
       Destination: rd = x11 (a1)
       zkVM errors (1 lines):
         • [prover_impl.rs:280] verify segment (internal proof verification failed)
       Local constraints hit (2 unique):
         - MemoryWrite@mem.zir:100
           cycle=16965, step=374, pc=0x002061A8, major=4, minor=2
         - MemoryWrite@mem.zir:99
           cycle=16965, step=374, pc=0x002061A8, major=4, minor=2
       Global: memory permutation violated
         x11/a1: wrote 0x9f47f9fa, expected 0x00000001 (cycle 33931)
  [122] ✓ INSTR_WORD_MOD_FULL @ step 3747: 1 failures, 3277ms, outcome: REJECTED, exit: 101 [proof:GENERATED] [+1 new] G=memory
       r=0.105  T_new=0.00 F_new=0.98 F_rare=1.00 U=0 Q=0.22 Q_l=0.72 Q_g=0.31 dl=1 dg=7
       Value: 0xFEB72823 -> 0x9B7FAAA3
       Original: SW x11, -16(x14)
       Mutated:  SW x23, -1611(x31)
       zkVM errors (3 lines):
         • [prover_impl.rs:280] verify segment (internal proof verification failed)
         • [ffi.cpp:113] address mismatch at cycle 20623: preflight=0x3fffc02e, actual=0x3fffc03f
         • [kernels/cxx/ffi.cpp:208] SKIP THROW: memory peek not in preflight
       Local constraints hit (1 unique):
         - OpSW@inst_mem.zir:160
           cycle=20623, step=3747, pc=0x002032B8, major=6, minor=2
       Global: memory permutation violated
         x11/a1: unexpected write 0x00000000 (cycle 41236)
         x14/a4: unexpected write 0x00221650 (cycle 41236)
         x23/s7: expected write missing, needed 0x00000000 (cycle 41236)
         x31/t6: expected write missing, needed 0x00221650 (cycle 41236)
         0x002032B4 (code): wrote 0xfeb72823, expected 0x9b7faaa3 (cycle 39646)
         0x00221004 (code): expected write missing, needed 0x00000000 (cycle 41225)
         0x00221640 (code): unexpected write 0x00000000 (cycle 41225)
  [123] ✓ MEM_VAL_MOD @ step 2477: 4 failures, 3315ms, outcome: REJECTED, exit: 101 [proof:GENERATED] G=memory
       r=0.024  T_new=0.00 F_new=0.99 F_rare=1.00 U=0 Q=0.05 Q_l=0.26 Q_g=0.19 dl=4 dg=10
       Value: 0xC0000070 -> 0x20000000
       Transaction: other_mem_read (READ) at address 0xffff1000
       zkVM errors (3 lines):
         • [prover_impl.rs:280] verify segment (internal proof verification failed)
         • [ffi.cpp:113] address mismatch at cycle 19132: preflight=0x3000001c, actual=0x08000000
         • [kernels/cxx/buffers.h:43] SKIP THROW: Inconsistent set
       Local constraints hit (4 unique):
         - IsRead@mem.zir:79
           cycle=19131, step=2477, pc=0xC0000070, major=7, minor=2
         - IsRead@mem.zir:80
           cycle=19131, step=2477, pc=0xC0000070, major=7, minor=2
         - MemoryWrite@mem.zir:100
           cycle=19136, step=2482, pc=0xC000005C, major=2, minor=4
         - MemoryWrite@mem.zir:99
           cycle=19136, step=2482, pc=0xC000005C, major=2, minor=4
       Global: memory permutation violated (11 addrs: 11 data)
         0x20000000 (data): expected write missing, needed 0x01422503 (cycle 37374)
         0x20000004 (data): expected write missing, needed 0x01255863 (cycle 37376)
         0x20000008 (data): expected write missing, needed 0x00251513 (cycle 37378)
         + 8 more addresses
  [124] ✓ PRE_EXEC_REG_MOD @ step 3138: 4 failures, 3297ms, outcome: REJECTED, exit: 101 [proof:GENERATED] G=memory
       r=0.059  T_new=0.00 F_new=0.39 F_rare=0.70 U=0 Q=0.22 Q_l=0.26 Q_g=0.85 dl=4 dg=1
       Value: 0x00000001 -> 0x8041D301
       Register: x14 (a4), READ, strategy=next_read
       zkVM errors (1 lines):
         • [prover_impl.rs:280] verify segment (internal proof verification failed)
       Local constraints hit (4 unique):
         - IsRead@mem.zir:79
           cycle=19866, step=3138, pc=0xC0000184, major=5, minor=2
         - IsRead@mem.zir:80
           cycle=19866, step=3138, pc=0xC0000184, major=5, minor=2
         - MemoryWrite@mem.zir:100
           cycle=19866, step=3138, pc=0xC0000184, major=5, minor=2
         - MemoryWrite@mem.zir:99
           cycle=19866, step=3138, pc=0xC0000184, major=5, minor=2
       Global: memory permutation violated
         x14/a4: wrote 0x8041d301, expected 0x00000001 (cycle 39732)
  [125] ✓ INSTR_TYPE_MOD @ step 170: 5 failures, 3324ms, outcome: REJECTED, exit: 101 [proof:GENERATED] G=memory|cycle
       r=0.012  T_new=0.00 F_new=1.00 F_rare=1.00 U=0 Q=0.03 Q_l=0.19 Q_g=0.14 dl=5 dg=12
       Value: 0x00000007 -> 0x00050000
       Original: AddI [major=0, minor=7]
       Mutated:  Lb [major=5, minor=0]
       zkVM errors (3 lines):
         • [prover_impl.rs:280] verify segment (internal proof verification failed)
         • [ffi.cpp:113] address mismatch at cycle 16743: preflight=0x3fffc011, actual=0x3fffc000
         • [kernels/cxx/ffi.cpp:208] SKIP THROW: memory peek not in preflight
       Local constraints hit (5 unique):
         - AddrDecomposeBits@u32.zir:87
           cycle=16743, step=170, pc=0xC000014C, major=5, minor=0
         - ECallHostReadSetup@inst_ecall.zir:70
           cycle=16744, step=170, pc=0xC000014C, major=8, minor=2
         - MemoryWrite@mem.zir:100
           cycle=16743, step=170, pc=0xC000014C, major=5, minor=0
         - MemoryWrite@mem.zir:99
           cycle=16743, step=170, pc=0xC000014C, major=5, minor=0
         - VerifyOpcodeF3@inst.zir:96
           cycle=16743, step=170, pc=0xC000014C, major=5, minor=0
       Global: memory permutation violated (10 addrs: 10 data)
         0x00000000 (data): expected write missing, needed 0x0021a31c (cycle 33477)
         0xC0000150 (data): unexpected write 0x00000513 (cycle 30122)
         0xC0000154 (data): wrote 0x02820593, expected 0x00000513 (cycle 30122)
         + 7 more addresses
       Global: cycle lookup violated (2 indices broken)
         index 7: 280 provides, 1 uses (imbalanced)
         index 8: 326 provides, 1 uses (imbalanced)
  [126] ✓ MEM_VAL_MOD @ step 2674: 2 failures, 3318ms, outcome: REJECTED, exit: 101 [proof:GENERATED] G=memory
       r=0.113  T_new=0.00 F_new=0.39 F_rare=0.69 U=0 Q=0.43 Q_l=0.51 Q_g=0.85 dl=2 dg=1
       Value: 0x00000000 -> 0x00000004
       Transaction: load_mem_read (READ) at address 0x002002f8
       zkVM errors (1 lines):
         • [prover_impl.rs:280] verify segment (internal proof verification failed)
       Local constraints hit (2 unique):
         - IsRead@mem.zir:79
           cycle=19402, step=2674, pc=0x00205318, major=5, minor=2
         - MemoryWrite@mem.zir:99
           cycle=19402, step=2674, pc=0x00205318, major=5, minor=2
       Global: memory permutation violated
         0x002002F8 (data): wrote 0x00000004, expected 0x00000000 (cycle 38804)
  [127] ✓ COMP_OUT_MOD @ step 3157: 2 failures, 3347ms, outcome: REJECTED, exit: 101 [proof:GENERATED] G=memory
       r=0.123  T_new=0.00 F_new=0.39 F_rare=0.79 U=0 Q=0.43 Q_l=0.51 Q_g=0.85 dl=2 dg=1
       Value: 0x00000000 -> 0xE49E55C7
       Destination: rd = x15 (a5)
       zkVM errors (1 lines):
         • [prover_impl.rs:280] verify segment (internal proof verification failed)
       Local constraints hit (2 unique):
         - MemoryWrite@mem.zir:100
           cycle=19959, step=3157, pc=0x002061F4, major=0, minor=1
         - MemoryWrite@mem.zir:99
           cycle=19959, step=3157, pc=0x002061F4, major=0, minor=1
       Global: memory permutation violated
         x15/a5: wrote 0xe49e55c7, expected 0x00000000 (cycle 39919)
  [128] ✓ INSTR_WORD_MOD_SUR @ step 2495: 0 failures, 3304ms, outcome: REJECTED, exit: 101 [proof:GENERATED] G=memory[GO]
       r=0.257  T_new=0.00 F_new=0.78 F_rare=1.00 U=0 Q=0.61 Q_l=1.00 Q_g=0.61 dl=0 dg=3
       Value: 0x08D88863 -> 0x08DE8863
       Surgical: rs1 = 17 -> 29
       Original: BEQ x17, x13, 144
       Mutated:  BEQ x29, x13, 144
       zkVM errors (3 lines):
         • [prover_impl.rs:280] verify segment (internal proof verification failed)
         • [ffi.cpp:113] address mismatch at cycle 19149: preflight=0x3fffc011, actual=0x3fffc01d
         • [kernels/cxx/ffi.cpp:208] SKIP THROW: memory peek not in preflight
       Global: memory permutation violated [GLOBAL-ONLY]
         0xC00004A0 (data): wrote 0x08d88863, expected 0x08de8863 (cycle 30666)
         0xFFFF0044 (data): unexpected write 0x00200328 (cycle 38291)
         0xFFFF0074 (data): expected write missing, needed 0x00200328 (cycle 38291)
  [129] ✓ INSTR_TYPE_MOD @ step 3345: 4 failures, 3260ms, outcome: REJECTED, exit: 101 [proof:GENERATED] [+32 touch]
       r=0.168  T_new=0.60 F_new=0.86 F_rare=1.00 U=0 Q=0.26 Q_l=0.26 Q_g=1.00 dl=4 dg=0
       Value: 0x00050002 -> 0x0005000A
       Original: Lw [major=5, minor=2]
       Mutated:  Sw [major=5, minor=10] ⚠INVALID
       zkVM errors (1 lines):
         • [prover_impl.rs:280] verify segment (internal proof verification failed)
       Local constraints hit (4 unique):
         - MemoryWrite@mem.zir:100
           cycle=20147, step=3345, pc=0x00203424, major=5, minor=10
         - MemoryWrite@mem.zir:99
           cycle=20147, step=3345, pc=0x00203424, major=5, minor=10
         - OneHot@one_hot.zir:11
           cycle=20147, step=3345, pc=0x00203424, major=5, minor=10
         - OneHot@one_hot.zir:9
           cycle=20147, step=3345, pc=0x00203424, major=5, minor=10
       Global: no permutation/lookup violations (local-only)
  [130] ✓ MEM_VAL_MOD @ step 1854: 4 failures, 3474ms, outcome: REJECTED, exit: 101 [proof:GENERATED] G=memory
       r=0.058  T_new=0.00 F_new=0.39 F_rare=0.69 U=0 Q=0.22 Q_l=0.26 Q_g=0.85 dl=4 dg=1
       Value: 0x002096FC -> 0xFDDF6983
       Transaction: load_mem_read (READ) at address 0x0020007c
       zkVM errors (1 lines):
         • [prover_impl.rs:280] verify segment (internal proof verification failed)
       Local constraints hit (4 unique):
         - IsRead@mem.zir:79
           cycle=18503, step=1854, pc=0x00205FF8, major=5, minor=2
         - IsRead@mem.zir:80
           cycle=18503, step=1854, pc=0x00205FF8, major=5, minor=2
         - MemoryWrite@mem.zir:100
           cycle=18503, step=1854, pc=0x00205FF8, major=5, minor=2
         - MemoryWrite@mem.zir:99
           cycle=18503, step=1854, pc=0x00205FF8, major=5, minor=2
       Global: memory permutation violated
         0x0020007C (data): wrote 0xfddf6983, expected 0x002096fc (cycle 37006)
  [131] ✓ INSTR_WORD_MOD_FULL @ step 528: 0 failures, 3295ms, outcome: REJECTED, exit: 101 [proof:GENERATED] G=memory[GO]
       r=0.257  T_new=0.00 F_new=0.78 F_rare=1.00 U=0 Q=0.61 Q_l=1.00 Q_g=0.61 dl=0 dg=3
       Value: 0x01050833 -> 0x01050A33
       Original: ADD x16, x10, x16
       Mutated:  ADD x20, x10, x16
       zkVM errors (3 lines):
         • [prover_impl.rs:280] verify segment (internal proof verification failed)
         • [ffi.cpp:113] address mismatch at cycle 17131: preflight=0x3fffc030, actual=0x3fffc034
         • [kernels/cxx/ffi.cpp:208] SKIP THROW: memory peek not in preflight
       Global: memory permutation violated [GLOBAL-ONLY]
         x16/a6: unexpected write 0x00000000 (cycle 34262)
         x20/s4: expected write missing, needed 0x00000000 (cycle 34262)
         0x00206174 (code): wrote 0x01050833, expected 0x01050a33 (cycle 34094)
  [132] ✓ INSTR_TYPE_MOD @ step 1089: 2 failures, 3250ms, outcome: REJECTED, exit: 101 [proof:GENERATED]
       r=0.153  T_new=0.00 F_new=0.39 F_rare=0.85 U=0 Q=0.51 Q_l=0.51 Q_g=1.00 dl=2 dg=0
       Value: 0x00000001 -> 0x00000000
       Original: Sub [major=0, minor=1]
       Mutated:  Add [major=0, minor=0]
       zkVM errors (1 lines):
         • [prover_impl.rs:280] verify segment (internal proof verification failed)
       Local constraints hit (2 unique):
         - MemoryWrite@mem.zir:99
           cycle=17733, step=1089, pc=0x00206348, major=0, minor=0
         - VerifyOpcodeF3F7@inst.zir:104
           cycle=17733, step=1089, pc=0x00206348, major=0, minor=0
       Global: no permutation/lookup violations (local-only)
  [133] ✓ INSTR_TYPE_MOD @ step 192: 4 failures, 3320ms, outcome: REJECTED, exit: 101 [proof:GENERATED] G=memory|cycle
       r=0.054  T_new=0.00 F_new=0.98 F_rare=1.00 U=0 Q=0.11 Q_l=0.26 Q_g=0.43 dl=4 dg=5
       Value: 0x00060002 -> 0x00010000
       Original: Sw [major=6, minor=2]
       Mutated:  XorI [major=1, minor=0]
       zkVM errors (3 lines):
         • [prover_impl.rs:280] verify segment (internal proof verification failed)
         • [ffi.cpp:113] address mismatch at cycle 16771: preflight=0x000800f6, actual=0x3fffc038
         • [kernels/cxx/ffi.cpp:208] SKIP THROW: memory peek not in preflight
       Local constraints hit (4 unique):
         - MemoryWrite@mem.zir:100
           cycle=16771, step=192, pc=0x0020B88C, major=1, minor=0
         - MemoryWrite@mem.zir:99
           cycle=16771, step=192, pc=0x0020B88C, major=1, minor=0
         - VerifyOpcodeF3@inst.zir:96
           cycle=16771, step=192, pc=0x0020B88C, major=1, minor=0
         - VerifyOpcodeF3@inst.zir:97
           cycle=16771, step=192, pc=0x0020B88C, major=1, minor=0
       Global: memory permutation violated
         0x002003D8 (data): unexpected write 0x00000000 (cycle 4762)
         x24/s8: expected write missing, needed 0x00000000 (cycle 4762)
       Global: cycle lookup violated (3 indices broken)
         index 0: 2254 provides, 1 uses (imbalanced)
         index 28779: orphan use (1 entries, no matching provide)
         index 28780: 1 provides, 1 uses (imbalanced)
  [134] ✓ INSTR_WORD_MOD_FULL @ step 765: 4 failures, 3364ms, outcome: REJECTED, exit: 101 [proof:GENERATED] G=memory
       r=0.045  T_new=0.00 F_new=0.95 F_rare=1.00 U=0 Q=0.10 Q_l=0.26 Q_g=0.37 dl=4 dg=6
       Value: 0x00255593 -> 0x8ABEF717
       Original: SRLI x11, x10, 2
       Mutated:  AUIPC x14, 0x8abef000
       Format changed: I -> U
       zkVM errors (3 lines):
         • [prover_impl.rs:280] verify segment (internal proof verification failed)
         • [ffi.cpp:113] address mismatch at cycle 17386: preflight=0x3fffc02a, actual=0x3fffc03d
         • [kernels/cxx/ffi.cpp:208] SKIP THROW: memory peek not in preflight
       Local constraints hit (4 unique):
         - MemoryWrite@mem.zir:99
           cycle=17386, step=765, pc=0x002061A8, major=4, minor=2
         - VerifyOpcodeF3F7@inst.zir:102
           cycle=17386, step=765, pc=0x002061A8, major=4, minor=2
         - VerifyOpcodeF3F7@inst.zir:103
           cycle=17386, step=765, pc=0x002061A8, major=4, minor=2
         - VerifyOpcodeF3F7@inst.zir:104
           cycle=17386, step=765, pc=0x002061A8, major=4, minor=2
       Global: memory permutation violated
         x2/sp: unexpected write 0x00200350 (cycle 34706)
         x10/a0: unexpected write 0x00000004 (cycle 34770)
         x11/a1: expected write missing, needed 0x00200350 (cycle 34706)
         x14/a4: expected write missing, needed 0x00000000 (cycle 34765)
         x29/t4: expected write missing, needed 0x00000004 (cycle 34770)
         0x002061A4 (code): wrote 0x00255593, expected 0x8abef717 (cycle 34606)
  [135] ✓ MEM_VAL_MOD @ step 2492: 4 failures, 3298ms, outcome: REJECTED, exit: 101 [proof:GENERATED] G=memory
       r=0.061  T_new=0.00 F_new=0.39 F_rare=0.75 U=0 Q=0.22 Q_l=0.26 Q_g=0.85 dl=4 dg=1
       Value: 0x00000001 -> 0x40241001
       Transaction: other_mem_read (READ) at address 0xffff0038
       zkVM errors (1 lines):
         • [prover_impl.rs:280] verify segment (internal proof verification failed)
       Local constraints hit (4 unique):
         - IsRead@mem.zir:79
           cycle=19146, step=2492, pc=0xC0000498, major=0, minor=7
         - IsRead@mem.zir:80
           cycle=19146, step=2492, pc=0xC0000498, major=0, minor=7
         - MemoryWrite@mem.zir:100
           cycle=19146, step=2492, pc=0xC0000498, major=0, minor=7
         - MemoryWrite@mem.zir:99
           cycle=19146, step=2492, pc=0xC0000498, major=0, minor=7
       Global: memory permutation violated
         0xFFFF0038 (data): wrote 0x40241001, expected 0x00000001 (cycle 38292)
  [136] ✓ INSTR_WORD_MOD_FULL @ step 1961: 3 failures, 3256ms, outcome: REJECTED, exit: 101 [proof:GENERATED] G=memory
       r=0.094  T_new=0.00 F_new=0.78 F_rare=1.00 U=0 Q=0.22 Q_l=0.37 Q_g=0.61 dl=3 dg=3
       Value: 0xFFF60613 -> 0xBBF62013
       Original: ADDI x12, x12, -1
       Mutated:  SLTI x0, x12, -1089
       zkVM errors (3 lines):
         • [prover_impl.rs:280] verify segment (internal proof verification failed)
         • [ffi.cpp:113] address mismatch at cycle 18610: preflight=0x3fffc02c, actual=0x3fffc060
         • [kernels/cxx/ffi.cpp:208] SKIP THROW: memory peek not in preflight
       Local constraints hit (3 unique):
         - MemoryWrite@mem.zir:100
           cycle=18610, step=1961, pc=0x002184D0, major=0, minor=7
         - MemoryWrite@mem.zir:99
           cycle=18610, step=1961, pc=0x002184D0, major=0, minor=7
         - VerifyOpcodeF3@inst.zir:97
           cycle=18610, step=1961, pc=0x002184D0, major=0, minor=7
       Global: memory permutation violated
         x12/a2: unexpected write 0x0000000a (cycle 37220)
         0xFFFF0180 (data): expected write missing, needed 0x0000000a (cycle 37220)
         0x002184CC (code): wrote 0xfff60613, expected 0xbbf62013 (cycle 37206)
  [137] ✓ INSTR_WORD_MOD_SUR @ step 2702: 1 failures, 3322ms, outcome: REJECTED, exit: 101 [proof:GENERATED] G=memory
       r=0.181  T_new=0.00 F_new=0.39 F_rare=0.85 U=0 Q=0.61 Q_l=0.72 Q_g=0.85 dl=1 dg=1
       Value: 0x08A12E23 -> 0x08A12E13
       Surgical: opcode = 35 -> 19
       Original: SW x10, 156(x2)
       Mutated:  SLTI x28, x2, 138
       zkVM errors (1 lines):
         • [prover_impl.rs:280] verify segment (internal proof verification failed)
       Local constraints hit (1 unique):
         - VerifyOpcodeF3@inst.zir:96
           cycle=19430, step=2702, pc=0x00201634, major=6, minor=2
       Global: memory permutation violated
         0x00201630 (code): wrote 0x08a12e23, expected 0x08a12e13 (cycle 7078)
  [138] ✓ PRE_EXEC_REG_MOD @ step 843: 2 failures, 3261ms, outcome: REJECTED, exit: 101 [proof:GENERATED] G=memory
       r=0.123  T_new=0.00 F_new=0.39 F_rare=0.79 U=0 Q=0.43 Q_l=0.51 Q_g=0.85 dl=2 dg=1
       Value: 0x00200350 -> 0x00000001
       Register: x2 (sp), READ, strategy=next_read
       zkVM errors (1 lines):
         • [prover_impl.rs:280] verify segment (internal proof verification failed)
       Local constraints hit (2 unique):
         - IsRead@mem.zir:79
           cycle=17470, step=843, pc=0x002061A8, major=4, minor=2
         - IsRead@mem.zir:80
           cycle=17470, step=843, pc=0x002061A8, major=4, minor=2
       Global: memory permutation violated
         x2/sp: wrote 0x00000001, expected 0x00200350 (cycle 34940)
  [139] ✓ INSTR_WORD_MOD_SUR @ step 260: 0 failures, 3293ms, outcome: REJECTED, exit: 101 [proof:GENERATED] G=memory[GO]
       r=0.257  T_new=0.00 F_new=0.78 F_rare=1.00 U=0 Q=0.61 Q_l=1.00 Q_g=0.61 dl=0 dg=3
       Value: 0x00261313 -> 0x002B9313
       Surgical: rs1 = 12 -> 23
       Original: SLLI x6, x12, 2
       Mutated:  SLLI x6, x23, 2
       zkVM errors (3 lines):
         • [prover_impl.rs:280] verify segment (internal proof verification failed)
         • [ffi.cpp:113] address mismatch at cycle 16839: preflight=0x3fffc02c, actual=0x3fffc037
         • [kernels/cxx/ffi.cpp:208] SKIP THROW: memory peek not in preflight
       Global: memory permutation violated [GLOBAL-ONLY]
         x12/a2: unexpected write 0x00000001 (cycle 33673)
         x23/s7: expected write missing, needed 0x00000001 (cycle 33673)
         0x00206130 (code): wrote 0x00261313, expected 0x002b9313 (cycle 17866)
  [140] ✓ STORE_OUT_MOD @ step 3671: 2 failures, 3348ms, outcome: REJECTED, exit: 101 [proof:GENERATED] G=memory
       r=0.112  T_new=0.00 F_new=0.39 F_rare=0.68 U=0 Q=0.43 Q_l=0.51 Q_g=0.85 dl=2 dg=1
       Value: 0x00000000 -> 0x095C7FB7
       Store address: 0x0022162c
       zkVM errors (1 lines):
         • [prover_impl.rs:280] verify segment (internal proof verification failed)
       Local constraints hit (2 unique):
         - MemoryWrite@mem.zir:100
           cycle=20547, step=3671, pc=0x00203438, major=6, minor=2
         - MemoryWrite@mem.zir:99
           cycle=20547, step=3671, pc=0x00203438, major=6, minor=2
       Global: memory permutation violated
         0x0022162C (code): wrote 0x095c7fb7, expected 0x00000000 (cycle 41095)
  [141] ✓ INSTR_WORD_MOD_SUR @ step 1089: 0 failures, 3287ms, outcome: REJECTED, exit: 101 [proof:GENERATED] G=memory[GO]
       r=0.257  T_new=0.00 F_new=0.78 F_rare=1.00 U=0 Q=0.61 Q_l=1.00 Q_g=0.61 dl=0 dg=3
       Value: 0x40F80833 -> 0x40F10833
       Surgical: rs1 = 16 -> 2
       Original: SUB x16, x16, x15
       Mutated:  SUB x16, x2, x15
       zkVM errors (3 lines):
         • [prover_impl.rs:280] verify segment (internal proof verification failed)
         • [ffi.cpp:113] address mismatch at cycle 17733: preflight=0x3fffc030, actual=0x3fffc022
         • [kernels/cxx/ffi.cpp:208] SKIP THROW: memory peek not in preflight
       Global: memory permutation violated [GLOBAL-ONLY]
         x2/sp: expected write missing, needed 0x00000004 (cycle 35416)
         x16/a6: unexpected write 0x00000004 (cycle 35416)
         0x00206344 (code): wrote 0x40f80833, expected 0x40f10833 (cycle 18206)
  [142] ✓ MEM_VAL_MOD @ step 0: 3 failures, 3278ms, outcome: REJECTED, exit: 101 [proof:GENERATED] G=memory
       r=0.132  T_new=0.00 F_new=0.78 F_rare=1.00 U=0 Q=0.31 Q_l=0.37 Q_g=0.85 dl=3 dg=1
       Value: 0x4E470C8E -> 0x00010000
       Transaction: other_mem_read (READ) at address 0x10bff7d3c
       zkVM errors (1 lines):
         • [prover_impl.rs:280] verify segment (internal proof verification failed)
       Local constraints hit (3 unique):
         - IsRead@mem.zir:79
           cycle=1627, step=0, pc=0x00000000, major=9, minor=5
         - IsRead@mem.zir:80
           cycle=1627, step=0, pc=0x00000000, major=9, minor=5
         - PoseidonCheckOut@inst_p2.zir:265
           cycle=1627, step=0, pc=0x00000000, major=9, minor=5
       Global: memory permutation violated
         0x10BFF7D3C (data): wrote 0x00010000, expected 0x4e470c8e (cycle 3254)
  [143] ✓ PRE_EXEC_REG_MOD @ step 3281: 2 failures, 3304ms, outcome: REJECTED, exit: 101 [proof:GENERATED] G=memory
       r=0.116  T_new=0.00 F_new=0.39 F_rare=0.72 U=0 Q=0.43 Q_l=0.51 Q_g=0.85 dl=2 dg=1
       Value: 0x002001DC -> 0x002001DE
       Register: x14 (a4), READ, strategy=next_read
       zkVM errors (1 lines):
         • [prover_impl.rs:280] verify segment (internal proof verification failed)
       Local constraints hit (2 unique):
         - IsRead@mem.zir:79
           cycle=20083, step=3281, pc=0x00203424, major=5, minor=2
         - OpLW@inst_mem.zir:109
           cycle=20083, step=3281, pc=0x00203424, major=5, minor=2
       Global: memory permutation violated
         x14/a4: wrote 0x002001de, expected 0x002001dc (cycle 40166)
  [144] ✓ PRE_EXEC_REG_MOD @ step 0: 10 failures, 3344ms, outcome: REJECTED, exit: 101 [proof:GENERATED] G=memory
       r=0.083  T_new=0.00 F_new=0.39 F_rare=0.72 U=0 Q=0.31 Q_l=0.37 Q_g=0.85 dl=3 dg=1
       Value: 0x00000000 -> 0x860FD81E
       Register: x30 (t5), READ, strategy=next_read
       zkVM errors (2 lines):
         • [prover_impl.rs:280] verify segment (internal proof verification failed)
         • [kernels/cxx/buffers.h:43] SKIP THROW: Inconsistent set
       Local constraints hit (3 unique):
         - IsRead@mem.zir:79
           cycle=15997, step=0, pc=0x00000000, major=9, minor=2
         - IsRead@mem.zir:80
           cycle=15997, step=0, pc=0x00000000, major=9, minor=2
         - PoseidonCheckOut@inst_p2.zir:265 (x8)
           cycle=16247, step=0, pc=0x00000000, major=9, minor=5
       Global: memory permutation violated
         x30/t5: wrote 0x860fd81e, expected 0x00000000 (cycle 31994)
  [145] ✓ INSTR_TYPE_MOD @ step 0: 5 failures, 3386ms, outcome: REJECTED, exit: 101 [proof:GENERATED] [+1 touch] G=memory|cycle
       r=0.035  T_new=0.03 F_new=0.39 F_rare=0.85 U=0 Q=0.11 Q_l=0.19 Q_g=0.61 dl=5 dg=3
       Value: 0x00020006 -> 0x00020004
       Original: Auipc [major=2, minor=6]
       Mutated:  JalR [major=2, minor=4]
       zkVM errors (3 lines):
         • [prover_impl.rs:280] verify segment (internal proof verification failed)
         • [ffi.cpp:113] address mismatch at cycle 0: preflight=0x44000000, actual=0x00000000
         • [kernels/cxx/ffi.cpp:208] SKIP THROW: memory peek not in preflight
       Local constraints hit (5 unique):
         - AddrDecompose@u32.zir:67
           cycle=0, step=0, pc=0x00000000, major=2, minor=4
         - ControlLoadRootAndNonce@inst_control.zir:23
           cycle=1, step=0, pc=0x00000000, major=7, minor=0
         - MemoryWrite@mem.zir:99
           cycle=0, step=0, pc=0x00000000, major=2, minor=4
         - MiscInput@inst_misc.zir:7
           cycle=0, step=0, pc=0x00000000, major=2, minor=4
         - VerifyOpcodeF3@inst.zir:96
           cycle=0, step=0, pc=0x00000000, major=2, minor=4
       Global: memory permutation violated
         0xFFFF0100 (data): expected write missing, needed 0x00000000 (cycle 0)
       Global: cycle lookup violated (2 indices broken)
         index 0: 2256 provides, 1 uses (imbalanced)
         index 2013265920: orphan provide (2 entries, no matching use)
  [146] ✓ MEM_VAL_MOD @ step 3929: 0 failures, 3274ms, outcome: REJECTED, exit: 101 [proof:GENERATED] G=memory[GO]
       r=0.282  T_new=0.00 F_new=0.39 F_rare=1.00 U=0 Q=0.85 Q_l=1.00 Q_g=0.85 dl=0 dg=1
       Value: 0x00000000 -> 0x6BD487FF
       Transaction: other_mem_read (READ) at address 0xffff1324
       zkVM errors (2 lines):
         • [prover_impl.rs:280] verify segment (internal proof verification failed)
         • [kernels/cxx/buffers.h:43] SKIP THROW: Inconsistent set
       Global: memory permutation violated [GLOBAL-ONLY]
         0xFFFF1324 (data): wrote 0x6bd487ff, expected 0x00000000 (cycle 42270)
  [147] ✓ MEM_VAL_MOD @ step 0: 9 failures, 3293ms, outcome: REJECTED, exit: 101 [proof:GENERATED] G=memory
       r=0.114  T_new=0.00 F_new=0.39 F_rare=0.70 U=0 Q=0.43 Q_l=0.51 Q_g=0.85 dl=2 dg=1
       Value: 0x00000000 -> 0x00000010
       Transaction: other_mem_read (READ) at address 0x00221304
       zkVM errors (2 lines):
         • [prover_impl.rs:280] verify segment (internal proof verification failed)
         • [kernels/cxx/buffers.h:43] SKIP THROW: Inconsistent set
       Local constraints hit (2 unique):
         - IsRead@mem.zir:79
           cycle=14557, step=0, pc=0x00000000, major=9, minor=2
         - PoseidonCheckOut@inst_p2.zir:265 (x8)
           cycle=14637, step=0, pc=0x00000000, major=9, minor=5
       Global: memory permutation violated
         0x00221304 (code): wrote 0x00000010, expected 0x00000000 (cycle 29114)
  [148] ✓ PRE_EXEC_REG_MOD @ step 0: 10 failures, 3292ms, outcome: REJECTED, exit: 101 [proof:GENERATED] G=memory
       r=0.082  T_new=0.00 F_new=0.39 F_rare=0.70 U=0 Q=0.31 Q_l=0.37 Q_g=0.85 dl=3 dg=1
       Value: 0x00000000 -> 0xFFFFFFFF
       Register: x6 (t1), READ, strategy=next_read
       zkVM errors (2 lines):
         • [prover_impl.rs:280] verify segment (internal proof verification failed)
         • [kernels/cxx/buffers.h:43] SKIP THROW: Inconsistent set
       Local constraints hit (3 unique):
         - IsRead@mem.zir:79
           cycle=15967, step=0, pc=0x00000000, major=9, minor=2
         - IsRead@mem.zir:80
           cycle=15967, step=0, pc=0x00000000, major=9, minor=2
         - PoseidonCheckOut@inst_p2.zir:265 (x8)
           cycle=16247, step=0, pc=0x00000000, major=9, minor=5
       Global: memory permutation violated
         x6/t1: wrote 0xffffffff, expected 0x00000000 (cycle 31934)
  [149] ✓ INSTR_TYPE_MOD @ step 0: 6 failures, 3350ms, outcome: REJECTED, exit: 101 [proof:GENERATED] [+1 new] [+56 touch] G=memory|cycle
       r=0.057  T_new=0.80 F_new=0.92 F_rare=1.00 U=0 Q=0.08 Q_l=0.14 Q_g=0.61 dl=6 dg=3
       Value: 0x00020006 -> 0x00040006
       Original: Auipc [major=2, minor=6]
       Mutated:  Rem [major=4, minor=6]
       zkVM errors (3 lines):
         • [prover_impl.rs:280] verify segment (internal proof verification failed)
         • [ffi.cpp:113] address mismatch at cycle 0: preflight=0x44000000, actual=0x00000000
         • [kernels/cxx/ffi.cpp:208] SKIP THROW: memory peek not in preflight
       Local constraints hit (6 unique):
         - AddrDecompose@u32.zir:67
           cycle=0, step=0, pc=0x00000000, major=4, minor=6
         - ControlLoadRootAndNonce@inst_control.zir:23
           cycle=1, step=0, pc=0x00000000, major=7, minor=0
         - DivInput@inst_div.zir:8
           cycle=0, step=0, pc=0x00000000, major=4, minor=6
         - VerifyOpcodeF3F7@inst.zir:102
           cycle=0, step=0, pc=0x00000000, major=4, minor=6
         - VerifyOpcodeF3F7@inst.zir:103
           cycle=0, step=0, pc=0x00000000, major=4, minor=6
         - VerifyOpcodeF3F7@inst.zir:104
           cycle=0, step=0, pc=0x00000000, major=4, minor=6
       Global: memory permutation violated
         0xFFFF0100 (data): expected write missing, needed 0x00000000 (cycle 0)
       Global: cycle lookup violated (2 indices broken)
         index 0: 2256 provides, 1 uses (imbalanced)
         index 2013265920: orphan provide (2 entries, no matching use)
  [150] ✓ PRE_EXEC_REG_MOD @ step 0: 9 failures, 3274ms, outcome: REJECTED, exit: 101 [proof:GENERATED] G=memory
       r=0.113  T_new=0.00 F_new=0.39 F_rare=0.69 U=0 Q=0.43 Q_l=0.51 Q_g=0.85 dl=2 dg=1
       Value: 0x00000000 -> 0x01000000
       Register: x7 (t2), READ, strategy=next_read
       zkVM errors (2 lines):
         • [prover_impl.rs:280] verify segment (internal proof verification failed)
         • [kernels/cxx/buffers.h:43] SKIP THROW: Inconsistent set
       Local constraints hit (2 unique):
         - IsRead@mem.zir:80
           cycle=15967, step=0, pc=0x00000000, major=9, minor=2
         - PoseidonCheckOut@inst_p2.zir:265 (x8)
           cycle=16247, step=0, pc=0x00000000, major=9, minor=5
       Global: memory permutation violated
         x7/t2: wrote 0x01000000, expected 0x00000000 (cycle 31934)
  [151] ✓ MEM_VAL_MOD @ step 3929: 0 failures, 3298ms, outcome: REJECTED, exit: 101 [proof:GENERATED] G=memory[GO]
       r=0.282  T_new=0.00 F_new=0.39 F_rare=1.00 U=0 Q=0.85 Q_l=1.00 Q_g=0.85 dl=0 dg=1
       Value: 0x4A1B4840 -> 0xC50E9482
       Transaction: other_mem_read (READ) at address 0x10effde0c
       zkVM errors (2 lines):
         • [prover_impl.rs:280] verify segment (internal proof verification failed)
         • [kernels/cxx/buffers.h:43] SKIP THROW: Inconsistent set
       Global: memory permutation violated [GLOBAL-ONLY]
         0x10EFFDE0C (data): wrote 0xc50e9482, expected 0x4a1b4840 (cycle 45304)
  [152] ✓ MEM_VAL_MOD @ step 0: 10 failures, 3361ms, outcome: REJECTED, exit: 101 [proof:GENERATED] G=memory
       r=0.080  T_new=0.00 F_new=0.39 F_rare=0.68 U=0 Q=0.31 Q_l=0.37 Q_g=0.85 dl=3 dg=1
       Value: 0x2EC96E60 -> 0x917EC95D
       Transaction: other_mem_read (READ) at address 0x10ffffe2c
       zkVM errors (2 lines):
         • [prover_impl.rs:280] verify segment (internal proof verification failed)
         • [kernels/cxx/buffers.h:43] SKIP THROW: Inconsistent set
       Local constraints hit (3 unique):
         - IsRead@mem.zir:79
           cycle=56, step=0, pc=0x00000000, major=9, minor=2
         - IsRead@mem.zir:80
           cycle=56, step=0, pc=0x00000000, major=9, minor=2
         - PoseidonCheckOut@inst_p2.zir:265 (x8)
           cycle=67, step=0, pc=0x00000000, major=9, minor=5
       Global: memory permutation violated
         0x10FFFFE2C (data): wrote 0x917ec95d, expected 0x2ec96e60 (cycle 112)
  [153] ✓ COMP_OUT_MOD @ step 187: 2 failures, 3467ms, outcome: REJECTED, exit: 101 [proof:GENERATED] G=memory
       r=0.114  T_new=0.00 F_new=0.39 F_rare=0.70 U=0 Q=0.43 Q_l=0.51 Q_g=0.85 dl=2 dg=1
       Value: 0x00000000 -> 0xFFFFFFFE
       Destination: rd = x14 (a4)
       zkVM errors (1 lines):
         • [prover_impl.rs:280] verify segment (internal proof verification failed)
       Local constraints hit (2 unique):
         - MemoryWrite@mem.zir:100
           cycle=16766, step=187, pc=0x00200ED0, major=0, minor=7
         - MemoryWrite@mem.zir:99
           cycle=16766, step=187, pc=0x00200ED0, major=0, minor=7
       Global: memory permutation violated
         x14/a4: wrote 0xfffffffe, expected 0x00000000 (cycle 33533)
  [154] ✓ INSTR_TYPE_MOD @ step 2444: 3 failures, 3336ms, outcome: REJECTED, exit: 101 [proof:GENERATED]
       r=0.058  T_new=0.00 F_new=0.00 F_rare=0.64 U=0 Q=0.37 Q_l=0.37 Q_g=1.00 dl=3 dg=0
       Value: 0x00000007 -> 0x00030001
       Original: AddI [major=0, minor=7]
       Mutated:  SllI [major=3, minor=1]
       zkVM errors (1 lines):
         • [prover_impl.rs:280] verify segment (internal proof verification failed)
       Local constraints hit (3 unique):
         - MemoryWrite@mem.zir:99
           cycle=19098, step=2444, pc=0x0020559C, major=3, minor=1
         - VerifyOpcodeF3F7@inst.zir:103
           cycle=19098, step=2444, pc=0x0020559C, major=3, minor=1
         - VerifyOpcodeF3F7@inst.zir:104
           cycle=19098, step=2444, pc=0x0020559C, major=3, minor=1
       Global: no permutation/lookup violations (local-only)
  [155] ✓ INSTR_TYPE_MOD @ step 921: 3 failures, 3283ms, outcome: REJECTED, exit: 101 [proof:GENERATED] [+49 touch]
       r=0.241  T_new=0.75 F_new=0.78 F_rare=1.00 U=0 Q=0.37 Q_l=0.37 Q_g=1.00 dl=3 dg=0
       Value: 0x00040002 -> 0x00040005
       Original: SrlI [major=4, minor=2]
       Mutated:  DivU [major=4, minor=5]
       zkVM errors (1 lines):
         • [prover_impl.rs:280] verify segment (internal proof verification failed)
       Local constraints hit (3 unique):
         - MemoryWrite@mem.zir:99
           cycle=17554, step=921, pc=0x002061A8, major=4, minor=5
         - VerifyOpcodeF3F7@inst.zir:102
           cycle=17554, step=921, pc=0x002061A8, major=4, minor=5
         - VerifyOpcodeF3F7@inst.zir:104
           cycle=17554, step=921, pc=0x002061A8, major=4, minor=5
       Global: no permutation/lookup violations (local-only)
  [156] ✓ COMP_OUT_MOD @ step 1225: 2 failures, 3335ms, outcome: REJECTED, exit: 101 [proof:GENERATED] G=memory
       r=0.113  T_new=0.00 F_new=0.39 F_rare=0.69 U=0 Q=0.43 Q_l=0.51 Q_g=0.85 dl=2 dg=1
       Value: 0x002003E0 -> 0x0EADB5FE
       Destination: rd = x2 (sp)
       zkVM errors (1 lines):
         • [prover_impl.rs:280] verify segment (internal proof verification failed)
       Local constraints hit (2 unique):
         - MemoryWrite@mem.zir:100
           cycle=17869, step=1225, pc=0x0020B978, major=0, minor=7
         - MemoryWrite@mem.zir:99
           cycle=17869, step=1225, pc=0x0020B978, major=0, minor=7
       Global: memory permutation violated
         x2/sp: wrote 0x0eadb5fe, expected 0x002003e0 (cycle 35739)
  [157] ✓ COMP_OUT_MOD @ step 2924: 2 failures, 3331ms, outcome: REJECTED, exit: 101 [proof:GENERATED] G=memory
       r=0.111  T_new=0.00 F_new=0.39 F_rare=0.68 U=0 Q=0.43 Q_l=0.51 Q_g=0.85 dl=2 dg=1
       Value: 0x00000060 -> 0x11C0A2AF
       Destination: rd = x15 (a5)
       zkVM errors (1 lines):
         • [prover_impl.rs:280] verify segment (internal proof verification failed)
       Local constraints hit (2 unique):
         - MemoryWrite@mem.zir:100
           cycle=19652, step=2924, pc=0x002053B4, major=3, minor=1
         - MemoryWrite@mem.zir:99
           cycle=19652, step=2924, pc=0x002053B4, major=3, minor=1
       Global: memory permutation violated
         x15/a5: wrote 0x11c0a2af, expected 0x00000060 (cycle 39305)
  [158] ✓ COMP_OUT_MOD @ step 3591: 2 failures, 3446ms, outcome: REJECTED, exit: 101 [proof:GENERATED] G=memory
       r=0.116  T_new=0.00 F_new=0.39 F_rare=0.72 U=0 Q=0.43 Q_l=0.51 Q_g=0.85 dl=2 dg=1
       Value: 0x00000009 -> 0xC50E1A48
       Destination: rd = x14 (a4)
       zkVM errors (1 lines):
         • [prover_impl.rs:280] verify segment (internal proof verification failed)
       Local constraints hit (2 unique):
         - MemoryWrite@mem.zir:100
           cycle=20467, step=3591, pc=0x00205680, major=4, minor=2
         - MemoryWrite@mem.zir:99
           cycle=20467, step=3591, pc=0x00205680, major=4, minor=2
       Global: memory permutation violated
         x14/a4: wrote 0xc50e1a48, expected 0x00000009 (cycle 40935)
  [159] ✓ COMP_OUT_MOD @ step 450: 1 failures, 3372ms, outcome: REJECTED, exit: 101 [proof:GENERATED] G=memory
       r=0.172  T_new=0.00 F_new=0.39 F_rare=0.79 U=0 Q=0.61 Q_l=0.72 Q_g=0.85 dl=1 dg=1
       Value: 0x00000004 -> 0x0000000C
       Destination: rd = x16 (a6)
       zkVM errors (1 lines):
         • [prover_impl.rs:280] verify segment (internal proof verification failed)
       Local constraints hit (1 unique):
         - MemoryWrite@mem.zir:99
           cycle=17047, step=450, pc=0x00206178, major=0, minor=0
       Global: memory permutation violated
         x16/a6: wrote 0x0000000c, expected 0x00000004 (cycle 34095)
  [160] ✓ INSTR_TYPE_MOD @ step 2356: 4 failures, 3273ms, outcome: REJECTED, exit: 101 [proof:GENERATED] [+33 touch]
       r=0.169  T_new=0.61 F_new=0.86 F_rare=1.00 U=0 Q=0.26 Q_l=0.26 Q_g=1.00 dl=4 dg=0
       Value: 0x00000000 -> 0x0003000C
       Original: Add [major=0, minor=0]
       Mutated:  Div [major=3, minor=12] ⚠INVALID
       zkVM errors (1 lines):
         • [prover_impl.rs:280] verify segment (internal proof verification failed)
       Local constraints hit (4 unique):
         - MemoryWrite@mem.zir:100
           cycle=19010, step=2356, pc=0x00203268, major=3, minor=12
         - MemoryWrite@mem.zir:99
           cycle=19010, step=2356, pc=0x00203268, major=3, minor=12
         - OneHot@one_hot.zir:11
           cycle=19010, step=2356, pc=0x00203268, major=3, minor=12
         - OneHot@one_hot.zir:9
           cycle=19010, step=2356, pc=0x00203268, major=3, minor=12
       Global: no permutation/lookup violations (local-only)
  [161] ✓ INSTR_TYPE_MOD @ step 2719: 5 failures, 3297ms, outcome: REJECTED, exit: 101 [proof:GENERATED] G=memory
       r=0.065  T_new=0.00 F_new=0.86 F_rare=1.00 U=0 Q=0.14 Q_l=0.19 Q_g=0.72 dl=5 dg=2
       Value: 0x00050002 -> 0x00040001
       Original: Lw [major=5, minor=2]
       Mutated:  Sra [major=4, minor=1]
       zkVM errors (3 lines):
         • [prover_impl.rs:280] verify segment (internal proof verification failed)
         • [ffi.cpp:113] address mismatch at cycle 19447: preflight=0x000800e3, actual=0x3fffc02c
         • [kernels/cxx/ffi.cpp:208] SKIP THROW: memory peek not in preflight
       Local constraints hit (5 unique):
         - MemoryWrite@mem.zir:100
           cycle=19447, step=2719, pc=0x00201688, major=4, minor=1
         - MemoryWrite@mem.zir:99
           cycle=19447, step=2719, pc=0x00201688, major=4, minor=1
         - VerifyOpcodeF3F7@inst.zir:102
           cycle=19447, step=2719, pc=0x00201688, major=4, minor=1
         - VerifyOpcodeF3F7@inst.zir:103
           cycle=19447, step=2719, pc=0x00201688, major=4, minor=1
         - VerifyOpcodeF3F7@inst.zir:104
           cycle=19447, step=2719, pc=0x00201688, major=4, minor=1
       Global: memory permutation violated
         0x0020038C (data): unexpected write 0x00000000 (cycle 38877)
         x12/a2: expected write missing, needed 0x00000000 (cycle 38877)
  [162] ✓ INSTR_TYPE_MOD @ step 142: 5 failures, 3334ms, outcome: REJECTED, exit: 101 [proof:GENERATED] G=memory|cycle
       r=0.032  T_new=0.00 F_new=0.92 F_rare=1.00 U=0 Q=0.07 Q_l=0.19 Q_g=0.37 dl=5 dg=6
       Value: 0x00060002 -> 0x00050002
       Original: Sw [major=6, minor=2]
       Mutated:  Lw [major=5, minor=2]
       zkVM errors (3 lines):
         • [prover_impl.rs:280] verify segment (internal proof verification failed)
         • [ffi.cpp:113] address mismatch at cycle 16715: preflight=0x3fffc02f, actual=0x000884e2
         • [kernels/cxx/ffi.cpp:208] SKIP THROW: memory peek not in preflight
       Local constraints hit (5 unique):
         - MemoryWrite@mem.zir:100
           cycle=16715, step=142, pc=0x002010F8, major=5, minor=2
         - MemoryWrite@mem.zir:99
           cycle=16715, step=142, pc=0x002010F8, major=5, minor=2
         - OpLW@inst_mem.zir:108
           cycle=16715, step=142, pc=0x002010F8, major=5, minor=2
         - OpLW@inst_mem.zir:109
           cycle=16715, step=142, pc=0x002010F8, major=5, minor=2
         - VerifyOpcodeF3@inst.zir:96
           cycle=16715, step=142, pc=0x002010F8, major=5, minor=2
       Global: memory permutation violated
         x12/a2: expected write missing, needed 0x00000000 (cycle 29194)
         x15/a5: unexpected write 0xabd9831f (cycle 33423)
         0x00221388 (code): unexpected write 0x00000000 (cycle 29194)
       Global: cycle lookup violated (3 indices broken)
         index 0: 2254 provides, 1 uses (imbalanced)
         index 4235: 1 provides, 1 uses (imbalanced)
         index 4236: 1 provides, 1 uses (imbalanced)
  [163] ✓ INSTR_TYPE_MOD @ step 2605: 2 failures, 3272ms, outcome: REJECTED, exit: 101 [proof:GENERATED]
       r=0.059  T_new=0.00 F_new=0.00 F_rare=0.47 U=0 Q=0.51 Q_l=0.51 Q_g=1.00 dl=2 dg=0
       Value: 0x00030001 -> 0x00000007
       Original: SllI [major=3, minor=1]
       Mutated:  AddI [major=0, minor=7]
       zkVM errors (1 lines):
         • [prover_impl.rs:280] verify segment (internal proof verification failed)
       Local constraints hit (2 unique):
         - MemoryWrite@mem.zir:99
           cycle=19333, step=2605, pc=0x002015A0, major=0, minor=7
         - VerifyOpcodeF3@inst.zir:97
           cycle=19333, step=2605, pc=0x002015A0, major=0, minor=7
       Global: no permutation/lookup violations (local-only)
  [164] ✓ INSTR_TYPE_MOD @ step 3101: 4 failures, 3350ms, outcome: REJECTED, exit: 101 [proof:GENERATED] G=memory
       r=0.080  T_new=0.00 F_new=0.78 F_rare=1.00 U=0 Q=0.19 Q_l=0.26 Q_g=0.72 dl=4 dg=2
       Value: 0x00040002 -> 0x00050003
       Original: SrlI [major=4, minor=2]
       Mutated:  LbU [major=5, minor=3]
       zkVM errors (3 lines):
         • [prover_impl.rs:280] verify segment (internal proof verification failed)
         • [ffi.cpp:113] address mismatch at cycle 19829: preflight=0x3fffc028, actual=0x0000001a
         • [kernels/cxx/ffi.cpp:208] SKIP THROW: memory peek not in preflight
       Local constraints hit (4 unique):
         - AddrDecomposeBits@u32.zir:87
           cycle=19829, step=3101, pc=0x0020578C, major=5, minor=3
         - MemoryWrite@mem.zir:99
           cycle=19829, step=3101, pc=0x0020578C, major=5, minor=3
         - VerifyOpcodeF3@inst.zir:96
           cycle=19829, step=3101, pc=0x0020578C, major=5, minor=3
         - VerifyOpcodeF3@inst.zir:97
           cycle=19829, step=3101, pc=0x0020578C, major=5, minor=3
       Global: memory permutation violated
         0x00000068 (data): expected write missing, needed 0x0022152c (cycle 39652)
         x8/s0: unexpected write 0x0022152c (cycle 39652)
  [165] ✓ INSTR_TYPE_MOD @ step 831: 3 failures, 3240ms, outcome: REJECTED, exit: 101 [proof:GENERATED]
       r=0.143  T_new=0.00 F_new=0.63 F_rare=1.00 U=0 Q=0.37 Q_l=0.37 Q_g=1.00 dl=3 dg=0
       Value: 0x00000007 -> 0x00000001
       Original: AddI [major=0, minor=7]
       Mutated:  Sub [major=0, minor=1]
       zkVM errors (1 lines):
         • [prover_impl.rs:280] verify segment (internal proof verification failed)
       Local constraints hit (3 unique):
         - MemoryWrite@mem.zir:99
           cycle=17452, step=831, pc=0xC0000138, major=0, minor=1
         - VerifyOpcodeF3F7@inst.zir:102
           cycle=17452, step=831, pc=0xC0000138, major=0, minor=1
         - VerifyOpcodeF3F7@inst.zir:104
           cycle=17452, step=831, pc=0xC0000138, major=0, minor=1
       Global: no permutation/lookup violations (local-only)
  [166] ✓ INSTR_TYPE_MOD @ step 1855: 11 failures, 3314ms, outcome: REJECTED, exit: 101 [proof:GENERATED] [+33 touch] G=memory
       r=0.006  T_new=0.61 F_new=1.00 F_rare=1.00 U=0 Q=0.01 Q_l=0.05 Q_g=0.19 dl=9 dg=10
       Value: 0x00050002 -> 0x0001000A
       Original: Lw [major=5, minor=2]
       Mutated:  BgeU [major=1, minor=10] ⚠INVALID
       zkVM errors (3 lines):
         • [prover_impl.rs:280] verify segment (internal proof verification failed)
         • [ffi.cpp:113] address mismatch at cycle 18504: preflight=0x0008001e, actual=0x3fffc038
         • [kernels/cxx/ffi.cpp:208] SKIP THROW: memory peek not in preflight
       Local constraints hit (5 unique):
         - AddrDecompose@u32.zir:67 (x5)
           cycle=18505, step=1856, pc=0x00206000, major=5, minor=2
         - MemoryWrite@mem.zir:100 (x2)
           cycle=18504, step=1855, pc=0x00205FFC, major=1, minor=10
         - MemoryWrite@mem.zir:99 (x2)
           cycle=18504, step=1855, pc=0x00205FFC, major=1, minor=10
         - OneHot@one_hot.zir:11
           cycle=18504, step=1855, pc=0x00205FFC, major=1, minor=10
         - OneHot@one_hot.zir:9
           cycle=18504, step=1855, pc=0x00205FFC, major=1, minor=10
       Global: memory permutation violated (14 addrs: 2 register, 5 code, 7 data)
         0x00000000 (data): expected write missing, needed 0x01412483 (cycle 17662)
         0x00000004 (data): expected write missing, needed 0x01012903 (cycle 17686)
         0x00000008 (data): expected write missing, needed 0x00c12983 (cycle 17686)
         + 5 code addresses diverged (instruction fetch cascade)
         + 6 more addresses
  [167] ✓ INSTR_TYPE_MOD @ step 995: 6 failures, 3343ms, outcome: REJECTED, exit: 101 [proof:GENERATED] [+50 touch] G=memory|cycle
       r=0.018  T_new=0.76 F_new=1.00 F_rare=1.00 U=0 Q=0.03 Q_l=0.14 Q_g=0.19 dl=6 dg=10
       Value: 0x00000007 -> 0x00040007
       Original: AddI [major=0, minor=7]
       Mutated:  RemU [major=4, minor=7]
       zkVM errors (3 lines):
         • [prover_impl.rs:280] verify segment (internal proof verification failed)
         • [ffi.cpp:113] address mismatch at cycle 17628: preflight=0x3fffc011, actual=0x3fffc000
         • [kernels/cxx/buffers.h:43] SKIP THROW: Inconsistent set
       Local constraints hit (6 unique):
         - ECallHostReadSetup@inst_ecall.zir:70
           cycle=17629, step=995, pc=0xC000014C, major=8, minor=2
         - MemoryWrite@mem.zir:100
           cycle=17628, step=995, pc=0xC000014C, major=4, minor=7
         - MemoryWrite@mem.zir:99
           cycle=17628, step=995, pc=0xC000014C, major=4, minor=7
         - VerifyOpcodeF3F7@inst.zir:102
           cycle=17628, step=995, pc=0xC000014C, major=4, minor=7
         - VerifyOpcodeF3F7@inst.zir:103
           cycle=17628, step=995, pc=0xC000014C, major=4, minor=7
         - VerifyOpcodeF3F7@inst.zir:104
           cycle=17628, step=995, pc=0xC000014C, major=4, minor=7
       Global: memory permutation violated
         0xC0000150 (data): unexpected write 0x00000513 (cycle 35090)
         0xC0000154 (data): expected write missing, needed 0x00000513 (cycle 35090)
         0xC0000158 (data): expected write missing, needed 0x02820593 (cycle 35092)
         0xC000015C (data): expected write missing, needed 0x00800613 (cycle 35094)
         0xC0000160 (data): expected write missing, needed 0x00000073 (cycle 35096)
         0xC0000164 (data): expected write missing, needed 0x30200073 (cycle 35102)
         0xFFFF0000 (data): expected write missing, needed 0x00000001 (cycle 35245)
         0xFFFF0044 (data): unexpected write 0x00000001 (cycle 35245)
         0xFFFF0100 (data): expected write missing, needed 0x0021a0c8 (cycle 35247)
       Global: cycle lookup violated (1 indices broken)
         index 9: 344 provides, 1 uses (imbalanced)
  [168] ✓ INSTR_WORD_MOD_FULL @ step 1309: 0 failures, 3290ms, outcome: REJECTED, exit: 101 [proof:GENERATED] G=memory[GO]
       r=0.256  T_new=0.00 F_new=0.78 F_rare=1.00 U=0 Q=0.61 Q_l=1.00 Q_g=0.61 dl=0 dg=3
       Value: 0x00267593 -> 0x00A67593
       Original: ANDI x11, x12, 2
       Mutated:  ANDI x11, x12, 10
       zkVM errors (3 lines):
         • [prover_impl.rs:280] verify segment (internal proof verification failed)
         • [ffi.cpp:113] address mismatch at cycle 17953: preflight=0x3fffc022, actual=0x3fffc02a
         • [kernels/cxx/ffi.cpp:208] SKIP THROW: memory peek not in preflight
       Global: memory permutation violated [GLOBAL-ONLY]
         x2/sp: unexpected write 0x00200300 (cycle 35792)
         x10/a0: expected write missing, needed 0x00200300 (cycle 35792)
         0x002035D0 (code): wrote 0x00267593, expected 0x00a67593 (cycle 10882)
  [169] ✓ INSTR_WORD_MOD_FULL @ step 783: 4 failures, 3288ms, outcome: REJECTED, exit: 101 [proof:GENERATED] G=memory
       r=0.038  T_new=0.00 F_new=0.97 F_rare=1.00 U=0 Q=0.08 Q_l=0.26 Q_g=0.31 dl=4 dg=7
       Value: 0x01012503 -> 0x3DF5EC97
       Original: LW x10, 16(x2)
       Mutated:  AUIPC x25, 0x3df5e000
       Format changed: I -> U
       zkVM errors (3 lines):
         • [prover_impl.rs:280] verify segment (internal proof verification failed)
         • [ffi.cpp:113] address mismatch at cycle 17404: preflight=0x3fffc022, actual=0x3fffc02b
         • [kernels/cxx/ffi.cpp:208] SKIP THROW: memory peek not in preflight
       Local constraints hit (4 unique):
         - OpLW@inst_mem.zir:108
           cycle=17404, step=783, pc=0x002009B8, major=5, minor=2
         - OpLW@inst_mem.zir:109
           cycle=17404, step=783, pc=0x002009B8, major=5, minor=2
         - VerifyOpcodeF3@inst.zir:96
           cycle=17404, step=783, pc=0x002009B8, major=5, minor=2
         - VerifyOpcodeF3@inst.zir:97
           cycle=17404, step=783, pc=0x002009B8, major=5, minor=2
       Global: memory permutation violated
         0x00200370 (data): unexpected write 0x80000007 (cycle 34797)
         0x0020073C (data): expected write missing, needed 0x80000007 (cycle 34797)
         x2/sp: unexpected write 0x00200360 (cycle 34805)
         x10/a0: unexpected write 0x80000007 (cycle 34796)
         x11/a1: expected write missing, needed 0x00200360 (cycle 34805)
         x25/s9: expected write missing, needed 0x80000007 (cycle 34796)
         0x002009B4 (code): wrote 0x01012503, expected 0x3df5ec97 (cycle 5066)
  [170] ✓ INSTR_WORD_MOD_FULL @ step 1908: 0 failures, 3305ms, outcome: REJECTED, exit: 101 [proof:GENERATED] G=memory[GO]
       r=0.256  T_new=0.00 F_new=0.78 F_rare=1.00 U=0 Q=0.61 Q_l=1.00 Q_g=0.61 dl=0 dg=3
       Value: 0x00912A23 -> 0x00812A23
       Original: SW x9, 20(x2)
       Mutated:  SW x8, 20(x2)
       zkVM errors (3 lines):
         • [prover_impl.rs:280] verify segment (internal proof verification failed)
         • [ffi.cpp:113] address mismatch at cycle 18557: preflight=0x3fffc029, actual=0x3fffc028
         • [kernels/cxx/ffi.cpp:208] SKIP THROW: memory peek not in preflight
       Global: memory permutation violated [GLOBAL-ONLY]
         x8/s0: expected write missing, needed 0x002000a4 (cycle 37095)
         x9/s1: unexpected write 0x002000a4 (cycle 37095)
         0x00205F64 (code): wrote 0x00912a23, expected 0x00812a23 (cycle 36658)
  [171] ✓ INSTR_WORD_MOD_FULL @ step 339: 2 failures, 3292ms, outcome: REJECTED, exit: 101 [proof:GENERATED] G=memory
       r=0.132  T_new=0.00 F_new=0.78 F_rare=1.00 U=0 Q=0.31 Q_l=0.51 Q_g=0.61 dl=2 dg=3
       Value: 0x00261313 -> 0x01261313
       Original: SLLI x6, x12, 2
       Mutated:  SLLI x6, x12, 18
       zkVM errors (3 lines):
         • [prover_impl.rs:280] verify segment (internal proof verification failed)
         • [ffi.cpp:113] address mismatch at cycle 16924: preflight=0x3fffc022, actual=0x3fffc032
         • [kernels/cxx/ffi.cpp:208] SKIP THROW: memory peek not in preflight
       Local constraints hit (2 unique):
         - MemoryWrite@mem.zir:100
           cycle=16924, step=339, pc=0x00206134, major=3, minor=1
         - MemoryWrite@mem.zir:99
           cycle=16924, step=339, pc=0x00206134, major=3, minor=1
       Global: memory permutation violated
         x2/sp: unexpected write 0x00200350 (cycle 33830)
         x18/s2: expected write missing, needed 0x00200350 (cycle 33830)
         0x00206130 (code): wrote 0x00261313, expected 0x01261313 (cycle 33678)
  [172] ✓ INSTR_WORD_MOD_FULL @ step 3753: 1 failures, 3273ms, outcome: REJECTED, exit: 101 [proof:GENERATED] G=memory
       r=0.184  T_new=0.00 F_new=0.78 F_rare=1.00 U=0 Q=0.43 Q_l=0.72 Q_g=0.61 dl=1 dg=3
       Value: 0x008A5513 -> 0x018A5513
       Original: SRLI x10, x20, 8
       Mutated:  SRLI x10, x20, 24
       zkVM errors (3 lines):
         • [prover_impl.rs:280] verify segment (internal proof verification failed)
         • [ffi.cpp:113] address mismatch at cycle 20629: preflight=0x3fffc028, actual=0x3fffc038
         • [kernels/cxx/ffi.cpp:208] SKIP THROW: memory peek not in preflight
       Local constraints hit (1 unique):
         - MemoryWrite@mem.zir:99
           cycle=20629, step=3753, pc=0x0020578C, major=4, minor=2
       Global: memory permutation violated
         x8/s0: unexpected write 0x00221610 (cycle 41252)
         x24/s8: expected write missing, needed 0x00221610 (cycle 41252)
         0x00205788 (code): wrote 0x008a5513, expected 0x018a5513 (cycle 39658)
  [173] ✓ INSTR_WORD_MOD_FULL @ step 3546: 3 failures, 3284ms, outcome: REJECTED, exit: 101 [proof:GENERATED] G=memory
       r=0.054  T_new=0.00 F_new=0.97 F_rare=1.00 U=0 Q=0.11 Q_l=0.37 Q_g=0.31 dl=3 dg=7
       Value: 0x00070793 -> 0x3493C66F
       Original: ADDI x15, x14, 0
       Mutated:  JAL x12, 248648
       Format changed: I -> J
       zkVM errors (3 lines):
         • [prover_impl.rs:280] verify segment (internal proof verification failed)
         • [ffi.cpp:113] address mismatch at cycle 20348: preflight=0x3fffc00e, actual=0x3fffc007
         • [kernels/cxx/ffi.cpp:208] SKIP THROW: memory peek not in preflight
       Local constraints hit (3 unique):
         - MemoryWrite@mem.zir:99
           cycle=20348, step=3546, pc=0xC0000498, major=0, minor=7
         - VerifyOpcodeF3@inst.zir:96
           cycle=20348, step=3546, pc=0xC0000498, major=0, minor=7
         - VerifyOpcodeF3@inst.zir:97
           cycle=20348, step=3546, pc=0xC0000498, major=0, minor=7
       Global: memory permutation violated
         0xC0000494 (data): wrote 0x00070793, expected 0x3493c66f (cycle 39740)
         0xFFFF0000 (data): unexpected write 0x00000000 (cycle 40694)
         0xFFFF001C (data): expected write missing, needed 0x00000001 (cycle 40689)
         0xFFFF0024 (data): expected write missing, needed 0x00000000 (cycle 40694)
         0xFFFF0030 (data): expected write missing, needed 0x00000001 (cycle 39910)
         0xFFFF0038 (data): unexpected write 0x00000001 (cycle 40689)
         0xFFFF003C (data): unexpected write 0x00000001 (cycle 39910)
  [174] ✓ INSTR_WORD_MOD_FULL @ step 1855: 0 failures, 3282ms, outcome: REJECTED, exit: 101 [proof:GENERATED] G=memory[GO]
       r=0.236  T_new=0.00 F_new=0.63 F_rare=1.00 U=0 Q=0.61 Q_l=1.00 Q_g=0.61 dl=0 dg=3
       Value: 0x01812403 -> 0x01812C03
       Original: LW x8, 24(x2)
       Mutated:  LW x24, 24(x2)
       zkVM errors (3 lines):
         • [prover_impl.rs:280] verify segment (internal proof verification failed)
         • [ffi.cpp:113] address mismatch at cycle 18504: preflight=0x3fffc028, actual=0x3fffc038
         • [kernels/cxx/ffi.cpp:208] SKIP THROW: memory peek not in preflight
       Global: memory permutation violated [GLOBAL-ONLY]
         x8/s0: unexpected write 0x00000012 (cycle 36960)
         x24/s8: expected write missing, needed 0x00000012 (cycle 36960)
         0x00205FF8 (code): wrote 0x01812403, expected 0x01812c03 (cycle 17662)
  [175] ✓ INSTR_WORD_MOD_SUR @ step 2025: 1 failures, 3383ms, outcome: REJECTED, exit: 101 [proof:GENERATED] G=memory
       r=0.162  T_new=0.00 F_new=0.39 F_rare=0.72 U=0 Q=0.61 Q_l=0.72 Q_g=0.85 dl=1 dg=1
       Value: 0x00150513 -> 0x00151513
       Surgical: funct3 = 0 -> 1
       Original: ADDI x10, x10, 1
       Mutated:  SLLI x10, x10, 1
       zkVM errors (1 lines):
         • [prover_impl.rs:280] verify segment (internal proof verification failed)
       Local constraints hit (1 unique):
         - VerifyOpcodeF3@inst.zir:97
           cycle=18674, step=2025, pc=0x002184D4, major=0, minor=7
       Global: memory permutation violated
         0x002184D0 (code): wrote 0x00150513, expected 0x00151513 (cycle 37334)
  [176] ✓ INSTR_WORD_MOD_SUR @ step 3410: 0 failures, 3383ms, outcome: REJECTED, exit: 101 [proof:GENERATED] G=memory[GO]
       r=0.256  T_new=0.00 F_new=0.78 F_rare=1.00 U=0 Q=0.61 Q_l=1.00 Q_g=0.61 dl=0 dg=3
       Value: 0x00872883 -> 0x4F872883
       Surgical: imm = 8 -> 1272
       Original: LW x17, 8(x14)
       Mutated:  LW x17, 1272(x14)
       zkVM errors (3 lines):
         • [prover_impl.rs:280] verify segment (internal proof verification failed)
         • [ffi.cpp:113] address mismatch at cycle 20212: preflight=0x000800ad, actual=0x000801e9
         • [kernels/cxx/ffi.cpp:208] SKIP THROW: memory peek not in preflight
       Global: memory permutation violated [GLOBAL-ONLY]
         0x002002B4 (data): unexpected write 0x00000000 (cycle 39127)
         0x002007A4 (data): expected write missing, needed 0x00000000 (cycle 39127)
         0x00203420 (code): wrote 0x00872883, expected 0x4f872883 (cycle 40400)
  [177] ✓ INSTR_WORD_MOD_SUR @ step 2786: 0 failures, 3349ms, outcome: REJECTED, exit: 101 [proof:GENERATED] G=memory[GO]
       r=0.256  T_new=0.00 F_new=0.78 F_rare=1.00 U=0 Q=0.61 Q_l=1.00 Q_g=0.61 dl=0 dg=3
       Value: 0x00A12C23 -> 0x00A5AC23
       Surgical: rs1 = 2 -> 11
       Original: SW x10, 24(x2)
       Mutated:  SW x10, 24(x11)
       zkVM errors (3 lines):
         • [prover_impl.rs:280] verify segment (internal proof verification failed)
         • [ffi.cpp:113] address mismatch at cycle 19514: preflight=0x3fffc022, actual=0x3fffc02b
         • [kernels/cxx/ffi.cpp:208] SKIP THROW: memory peek not in preflight
       Global: memory permutation violated [GLOBAL-ONLY]
         x2/sp: unexpected write 0x00200230 (cycle 39026)
         x11/a1: expected write missing, needed 0x00200230 (cycle 39026)
         0x0020383C (code): wrote 0x00a12c23, expected 0x00a5ac23 (cycle 11266)
  [178] ✓ INSTR_WORD_MOD_SUR @ step 2574: 3 failures, 3277ms, outcome: REJECTED, exit: 101 [proof:GENERATED] G=memory
       r=0.094  T_new=0.00 F_new=0.78 F_rare=1.00 U=0 Q=0.22 Q_l=0.37 Q_g=0.61 dl=3 dg=3
       Value: 0x01869693 -> 0x80369693
       Surgical: imm = 24 -> 2051
       Original: SLLI x13, x13, 24
       Mutated:  SLLI x13, x13, -2045
       zkVM errors (3 lines):
         • [prover_impl.rs:280] verify segment (internal proof verification failed)
         • [ffi.cpp:113] address mismatch at cycle 19302: preflight=0x3fffc038, actual=0x3fffc023
         • [kernels/cxx/ffi.cpp:208] SKIP THROW: memory peek not in preflight
       Local constraints hit (3 unique):
         - MemoryWrite@mem.zir:100
           cycle=19302, step=2574, pc=0x00201524, major=3, minor=1
         - MemoryWrite@mem.zir:99
           cycle=19302, step=2574, pc=0x00201524, major=3, minor=1
         - VerifyOpcodeF3F7@inst.zir:104
           cycle=19302, step=2574, pc=0x00201524, major=3, minor=1
       Global: memory permutation violated
         x3/gp: expected write missing, needed 0x00000000 (cycle 38582)
         x24/s8: unexpected write 0x00000000 (cycle 38582)
         0x00201520 (code): wrote 0x01869693, expected 0x80369693 (cycle 6918)
  [179] ✓ INSTR_WORD_MOD_SUR @ step 688: 0 failures, 3311ms, outcome: REJECTED, exit: 101 [proof:GENERATED] G=memory[GO]
       r=0.256  T_new=0.00 F_new=0.78 F_rare=1.00 U=0 Q=0.61 Q_l=1.00 Q_g=0.61 dl=0 dg=3
       Value: 0x00255593 -> 0x00235593
       Surgical: rs1 = 10 -> 6
       Original: SRLI x11, x10, 2
       Mutated:  SRLI x11, x6, 2
       zkVM errors (3 lines):
         • [prover_impl.rs:280] verify segment (internal proof verification failed)
         • [ffi.cpp:113] address mismatch at cycle 17303: preflight=0x3fffc02a, actual=0x3fffc026
         • [kernels/cxx/ffi.cpp:208] SKIP THROW: memory peek not in preflight
       Global: memory permutation violated [GLOBAL-ONLY]
         x6/t1: expected write missing, needed 0x00000004 (cycle 34604)
         x10/a0: unexpected write 0x00000004 (cycle 34604)
         0x002061A4 (code): wrote 0x00255593, expected 0x00235593 (cycle 34438)
  [180] ✓ INSTR_WORD_MOD_SUR @ step 3559: 2 failures, 3342ms, outcome: REJECTED, exit: 101 [proof:GENERATED] G=memory|cycle
       r=0.088  T_new=0.00 F_new=0.95 F_rare=1.00 U=0 Q=0.19 Q_l=0.51 Q_g=0.37 dl=2 dg=6
       Value: 0x00008067 -> 0x00000067
       Surgical: rs1 = 1 -> 0
       Original: JALR x0, x1, 0
       Mutated:  JALR x0, x0, 0
       zkVM errors (3 lines):
         • [prover_impl.rs:280] verify segment (internal proof verification failed)
         • [ffi.cpp:113] address mismatch at cycle 20435: preflight=0x3fffc001, actual=0x3fffc000
         • [kernels/cxx/ffi.cpp:208] SKIP THROW: memory peek not in preflight
       Local constraints hit (2 unique):
         - MemoryWrite@mem.zir:100
           cycle=20435, step=3559, pc=0xC000018C, major=2, minor=4
         - MemoryWrite@mem.zir:99
           cycle=20435, step=3559, pc=0xC000018C, major=2, minor=4
       Global: memory permutation violated
         0xC0000594 (data): wrote 0x00008067, expected 0x00000067 (cycle 39914)
         0xFFFF0000 (data): expected write missing, needed 0xc000018c (cycle 40693)
         0xFFFF0004 (data): unexpected write 0xc000018c (cycle 40693)
         0xFFFF0100 (data): expected write missing, needed 0x00000000 (cycle 40868)
       Global: cycle lookup violated (2 indices broken)
         index 1: 1795 provides, 1 uses (imbalanced)
         index 2: 863 provides, 1 uses (imbalanced)
  [181] ✓ INSTR_WORD_MOD_SUR @ step 1000: 0 failures, 3309ms, outcome: REJECTED, exit: 101 [proof:GENERATED] G=memory[GO]
       r=0.256  T_new=0.00 F_new=0.78 F_rare=1.00 U=0 Q=0.61 Q_l=1.00 Q_g=0.61 dl=0 dg=3
       Value: 0x02E57663 -> 0x02D57663
       Surgical: rs2 = 14 -> 13
       Original: BGEU x10, x14, 44
       Mutated:  BGEU x10, x13, 44
       zkVM errors (3 lines):
         • [prover_impl.rs:280] verify segment (internal proof verification failed)
         • [ffi.cpp:113] address mismatch at cycle 17639: preflight=0x3fffc02e, actual=0x3fffc02d
         • [kernels/cxx/ffi.cpp:208] SKIP THROW: memory peek not in preflight
       Global: memory permutation violated [GLOBAL-ONLY]
         x13/a3: expected write missing, needed 0x00000004 (cycle 35219)
         x14/a4: unexpected write 0x00000004 (cycle 35219)
         0x00206178 (code): wrote 0x02e57663, expected 0x02d57663 (cycle 35106)
  [182] ✓ LOAD_VAL_MOD @ step 1806: 2 failures, 3267ms, outcome: REJECTED, exit: 101 [proof:GENERATED] G=memory
       r=0.119  T_new=0.00 F_new=0.39 F_rare=0.75 U=0 Q=0.43 Q_l=0.51 Q_g=0.85 dl=2 dg=1
       Value: 0x00000041 -> 0x938D4F48
       Load destination: rd = x13 (a3)
       zkVM errors (1 lines):
         • [prover_impl.rs:280] verify segment (internal proof verification failed)
       Local constraints hit (2 unique):
         - MemoryWrite@mem.zir:100
           cycle=18450, step=1806, pc=0x002184C0, major=5, minor=3
         - MemoryWrite@mem.zir:99
           cycle=18450, step=1806, pc=0x002184C0, major=5, minor=3
       Global: memory permutation violated
         x13/a3: wrote 0x938d4f48, expected 0x00000041 (cycle 36901)
  [183] ✓ LOAD_VAL_MOD @ step 1854: 2 failures, 3354ms, outcome: REJECTED, exit: 101 [proof:GENERATED] G=memory
       r=0.109  T_new=0.00 F_new=0.39 F_rare=0.65 U=0 Q=0.43 Q_l=0.51 Q_g=0.85 dl=2 dg=1
       Value: 0x002096FC -> 0xA26BA860
       Load destination: rd = x1 (ra)
       zkVM errors (1 lines):
         • [prover_impl.rs:280] verify segment (internal proof verification failed)
       Local constraints hit (2 unique):
         - MemoryWrite@mem.zir:100
           cycle=18503, step=1854, pc=0x00205FF8, major=5, minor=2
         - MemoryWrite@mem.zir:99
           cycle=18503, step=1854, pc=0x00205FF8, major=5, minor=2
       Global: memory permutation violated
         x1/ra: wrote 0xa26ba860, expected 0x002096fc (cycle 37007)
  [184] ✓ MEM_VAL_MOD @ step 3419: 2 failures, 3312ms, outcome: REJECTED, exit: 101 [proof:GENERATED] G=memory
       r=0.184  T_new=0.00 F_new=0.78 F_rare=1.00 U=0 Q=0.43 Q_l=0.51 Q_g=0.85 dl=2 dg=1
       Value: 0x00000000 -> 0xEBFDE304
       Transaction: other_mem_write (WRITE) at address 0xffff0180
       zkVM errors (1 lines):
         • [prover_impl.rs:280] verify segment (internal proof verification failed)
       Local constraints hit (2 unique):
         - MemoryWrite@mem.zir:100
           cycle=20221, step=3419, pc=0x00203448, major=2, minor=1
         - MemoryWrite@mem.zir:99
           cycle=20221, step=3419, pc=0x00203448, major=2, minor=1
       Global: memory permutation violated
         0xFFFF0180 (data): wrote 0xebfde304, expected 0x00000000 (cycle 40443)
  [185] ✓ MEM_VAL_MOD @ step 746: 2 failures, 3322ms, outcome: REJECTED, exit: 101 [proof:GENERATED] [+1 new] G=memory
       r=0.169  T_new=0.00 F_new=0.63 F_rare=1.00 U=0 Q=0.43 Q_l=0.51 Q_g=0.85 dl=2 dg=1
       Value: 0x00000073 -> 0x00000083
       Transaction: other_mem_read (READ) at address 0x00206170
       zkVM errors (1 lines):
         • [prover_impl.rs:280] verify segment (internal proof verification failed)
       Local constraints hit (2 unique):
         - ControlUserECALL@inst_control.zir:78
           cycle=17361, step=746, pc=0xC0000070, major=7, minor=2
         - IsRead@mem.zir:79
           cycle=17361, step=746, pc=0xC0000070, major=7, minor=2
       Global: memory permutation violated
         0x00206170 (code): wrote 0x00000083, expected 0x00000073 (cycle 34722)
  [186] ✓ MEM_VAL_MOD @ step 1583: 4 failures, 3287ms, outcome: REJECTED, exit: 101 [proof:GENERATED] G=memory
       r=0.057  T_new=0.00 F_new=0.39 F_rare=0.68 U=0 Q=0.22 Q_l=0.26 Q_g=0.85 dl=4 dg=1
       Value: 0x00000000 -> 0xFFFFFFFE
       Transaction: load_mem_read (READ) at address 0x0020030c
       zkVM errors (1 lines):
         • [prover_impl.rs:280] verify segment (internal proof verification failed)
       Local constraints hit (4 unique):
         - IsRead@mem.zir:79
           cycle=18227, step=1583, pc=0x00202F24, major=5, minor=2
         - IsRead@mem.zir:80
           cycle=18227, step=1583, pc=0x00202F24, major=5, minor=2
         - MemoryWrite@mem.zir:100
           cycle=18227, step=1583, pc=0x00202F24, major=5, minor=2
         - MemoryWrite@mem.zir:99
           cycle=18227, step=1583, pc=0x00202F24, major=5, minor=2
       Global: memory permutation violated
         0x0020030C (data): wrote 0xfffffffe, expected 0x00000000 (cycle 36454)
  [187] ✓ MEM_VAL_MOD @ step 2420: 2 failures, 3270ms, outcome: REJECTED, exit: 101 [proof:GENERATED] G=memory
       r=0.116  T_new=0.00 F_new=0.39 F_rare=0.72 U=0 Q=0.43 Q_l=0.51 Q_g=0.85 dl=2 dg=1
       Value: 0x00000000 -> 0x0B87F71C
       Transaction: store_rmw_read (READ) at address 0x002002f8
       zkVM errors (1 lines):
         • [prover_impl.rs:280] verify segment (internal proof verification failed)
       Local constraints hit (2 unique):
         - IsRead@mem.zir:79
           cycle=19074, step=2420, pc=0x00205564, major=6, minor=2
         - IsRead@mem.zir:80
           cycle=19074, step=2420, pc=0x00205564, major=6, minor=2
       Global: memory permutation violated
         0x002002F8 (data): wrote 0x0b87f71c, expected 0x00000000 (cycle 38148)
  [188] ✓ MEM_VAL_MOD @ step 2: 2 failures, 3470ms, outcome: REJECTED, exit: 101 [proof:GENERATED] G=memory
       r=0.169  T_new=0.00 F_new=0.63 F_rare=1.00 U=0 Q=0.43 Q_l=0.51 Q_g=0.85 dl=2 dg=1
       Value: 0x00000000 -> 0x5DCDC20C
       Transaction: other_mem_read (READ) at address 0xffff007c
       zkVM errors (1 lines):
         • [prover_impl.rs:280] verify segment (internal proof verification failed)
       Local constraints hit (2 unique):
         - IsRead@mem.zir:79
           cycle=16575, step=2, pc=0xC000000C, major=2, minor=5
         - IsRead@mem.zir:80
           cycle=16575, step=2, pc=0xC000000C, major=2, minor=5
       Global: memory permutation violated
         0xFFFF007C (data): wrote 0x5dcdc20c, expected 0x00000000 (cycle 33150)
  [189] ✓ MEM_VAL_MOD @ step 1855: 4 failures, 3299ms, outcome: REJECTED, exit: 101 [proof:GENERATED] G=memory
       r=0.057  T_new=0.00 F_new=0.39 F_rare=0.67 U=0 Q=0.22 Q_l=0.26 Q_g=0.85 dl=4 dg=1
       Value: 0x002000A0 -> 0xDADB5F7F
       Transaction: load_mem_read (READ) at address 0x00200078
       zkVM errors (1 lines):
         • [prover_impl.rs:280] verify segment (internal proof verification failed)
       Local constraints hit (4 unique):
         - IsRead@mem.zir:79
           cycle=18504, step=1855, pc=0x00205FFC, major=5, minor=2
         - IsRead@mem.zir:80
           cycle=18504, step=1855, pc=0x00205FFC, major=5, minor=2
         - MemoryWrite@mem.zir:100
           cycle=18504, step=1855, pc=0x00205FFC, major=5, minor=2
         - MemoryWrite@mem.zir:99
           cycle=18504, step=1855, pc=0x00205FFC, major=5, minor=2
       Global: memory permutation violated
         0x00200078 (data): wrote 0xdadb5f7f, expected 0x002000a0 (cycle 37008)
  [190] ✓ MEM_VAL_MOD @ step 685: 0 failures, 3330ms, outcome: REJECTED, exit: 101 [proof:GENERATED] G=memory[GO]
       r=0.281  T_new=0.00 F_new=0.39 F_rare=1.00 U=0 Q=0.85 Q_l=1.00 Q_g=0.85 dl=0 dg=1
       Value: 0x00000000 -> 0xFFFFFFFF
       Transaction: other_mem_write (WRITE) at address 0xffff010c
       zkVM errors (1 lines):
         • [prover_impl.rs:280] verify segment (internal proof verification failed)
       Global: memory permutation violated [GLOBAL-ONLY]
         0xFFFF010C (data): wrote 0xffffffff, expected 0x00000000 (cycle 34599)
  [191] ✓ PRE_EXEC_REG_MOD @ step 979: 2 failures, 3303ms, outcome: REJECTED, exit: 101 [proof:GENERATED] G=memory
       r=0.116  T_new=0.00 F_new=0.39 F_rare=0.72 U=0 Q=0.43 Q_l=0.51 Q_g=0.85 dl=2 dg=1
       Value: 0x00000000 -> 0xF7F749F3
       Register: x0 (zero), READ, strategy=next_read
       zkVM errors (1 lines):
         • [prover_impl.rs:280] verify segment (internal proof verification failed)
       Local constraints hit (2 unique):
         - IsRead@mem.zir:79
           cycle=17612, step=979, pc=0x00206168, major=0, minor=7
         - IsRead@mem.zir:80
           cycle=17612, step=979, pc=0x00206168, major=0, minor=7
       Global: memory permutation violated
         x0/zero: wrote 0xf7f749f3, expected 0x00000000 (cycle 35224)
  [192] ✓ PRE_EXEC_REG_MOD @ step 2071: 2 failures, 3292ms, outcome: REJECTED, exit: 101 [proof:GENERATED] G=memory
       r=0.132  T_new=0.00 F_new=0.78 F_rare=1.00 U=0 Q=0.31 Q_l=0.51 Q_g=0.61 dl=2 dg=3
       Value: 0x00200080 -> 0x00600180
       Register: x2 (sp), READ, strategy=next_read
       zkVM errors (3 lines):
         • [prover_impl.rs:280] verify segment (internal proof verification failed)
         • [ffi.cpp:113] address mismatch at cycle 18725: preflight=0x00080022, actual=0x00180062
         • [kernels/cxx/ffi.cpp:208] SKIP THROW: memory peek not in preflight
       Local constraints hit (2 unique):
         - IsRead@mem.zir:79
           cycle=18725, step=2071, pc=0x002097C8, major=5, minor=2
         - IsRead@mem.zir:80
           cycle=18725, step=2071, pc=0x002097C8, major=5, minor=2
       Global: memory permutation violated
         0x00200088 (data): unexpected write 0x00000000 (cycle 37083)
         0x00600188 (data): expected write missing, needed 0x00000000 (cycle 37083)
         x2/sp: wrote 0x00600180, expected 0x00200080 (cycle 37450)
  [193] ✓ PRE_EXEC_REG_MOD @ step 3087: 3 failures, 3282ms, outcome: REJECTED, exit: 101 [proof:GENERATED] G=memory
       r=0.099  T_new=0.00 F_new=0.86 F_rare=1.00 U=0 Q=0.22 Q_l=0.37 Q_g=0.61 dl=3 dg=3
       Value: 0x0022153C -> 0x00000010
       Register: x13 (a3), READ, strategy=next_read
       zkVM errors (3 lines):
         • [prover_impl.rs:280] verify segment (internal proof verification failed)
         • [ffi.cpp:113] address mismatch at cycle 19815: preflight=0x00088555, actual=0x0000000a
         • [kernels/cxx/ffi.cpp:208] SKIP THROW: memory peek not in preflight
       Local constraints hit (3 unique):
         - AddrDecomposeBits@u32.zir:87
           cycle=19815, step=3087, pc=0x00203298, major=6, minor=2
         - IsRead@mem.zir:79
           cycle=19815, step=3087, pc=0x00203298, major=6, minor=2
         - IsRead@mem.zir:80
           cycle=19815, step=3087, pc=0x00203298, major=6, minor=2
       Global: memory permutation violated
         0x00000028 (data): expected write missing, needed 0x00000000 (cycle 29478)
         x13/a3: wrote 0x00000010, expected 0x0022153c (cycle 39630)
         0x00221554 (code): unexpected write 0x00000000 (cycle 29478)
  [194] ✓ PRE_EXEC_REG_MOD @ step 2311: 4 failures, 3306ms, outcome: REJECTED, exit: 101 [proof:GENERATED] G=memory
       r=0.063  T_new=0.00 F_new=0.39 F_rare=0.79 U=0 Q=0.22 Q_l=0.26 Q_g=0.85 dl=4 dg=1
       Value: 0x00000000 -> 0xEC520389
       Register: x10 (a0), READ, strategy=next_read
       zkVM errors (1 lines):
         • [prover_impl.rs:280] verify segment (internal proof verification failed)
       Local constraints hit (4 unique):
         - IsRead@mem.zir:79
           cycle=18965, step=2311, pc=0x002012BC, major=3, minor=1
         - IsRead@mem.zir:80
           cycle=18965, step=2311, pc=0x002012BC, major=3, minor=1
         - MemoryWrite@mem.zir:100
           cycle=18965, step=2311, pc=0x002012BC, major=3, minor=1
         - MemoryWrite@mem.zir:99
           cycle=18965, step=2311, pc=0x002012BC, major=3, minor=1
       Global: memory permutation violated
         x10/a0: wrote 0xec520389, expected 0x00000000 (cycle 37930)
  [195] ✓ PRE_EXEC_REG_MOD @ step 2314: 3 failures, 3279ms, outcome: REJECTED, exit: 101 [proof:GENERATED] G=memory
       r=0.085  T_new=0.00 F_new=0.39 F_rare=0.75 U=0 Q=0.31 Q_l=0.37 Q_g=0.85 dl=3 dg=1
       Value: 0x00000000 -> 0xA7DF26F1
       Register: x12 (a2), READ, strategy=next_read
       zkVM errors (1 lines):
         • [prover_impl.rs:280] verify segment (internal proof verification failed)
       Local constraints hit (3 unique):
         - IsRead@mem.zir:79
           cycle=18968, step=2314, pc=0x002012C8, major=4, minor=2
         - IsRead@mem.zir:80
           cycle=18968, step=2314, pc=0x002012C8, major=4, minor=2
         - MemoryWrite@mem.zir:99
           cycle=18968, step=2314, pc=0x002012C8, major=4, minor=2
       Global: memory permutation violated
         x12/a2: wrote 0xa7df26f1, expected 0x00000000 (cycle 37936)
  [196] ✓ PRE_EXEC_REG_MOD @ step 832: 4 failures, 3299ms, outcome: REJECTED, exit: 101 [proof:GENERATED] G=memory
       r=0.056  T_new=0.00 F_new=0.39 F_rare=0.65 U=0 Q=0.22 Q_l=0.26 Q_g=0.85 dl=4 dg=1
       Value: 0x0021A0C8 -> 0x434C70F6
       Register: x12 (a2), READ, strategy=next_read
       zkVM errors (1 lines):
         • [prover_impl.rs:280] verify segment (internal proof verification failed)
       Local constraints hit (4 unique):
         - IsRead@mem.zir:79
           cycle=17453, step=832, pc=0xC000013C, major=5, minor=2
         - IsRead@mem.zir:80
           cycle=17453, step=832, pc=0xC000013C, major=5, minor=2
         - MemoryWrite@mem.zir:100
           cycle=17453, step=832, pc=0xC000013C, major=5, minor=2
         - MemoryWrite@mem.zir:99
           cycle=17453, step=832, pc=0xC000013C, major=5, minor=2
       Global: memory permutation violated
         x12/a2: wrote 0x434c70f6, expected 0x0021a0c8 (cycle 34906)
  [197] 💥 PRE_EXEC_REG_MOD @ step 1855: 2 failures, 567ms, outcome: CRASH, exit: -11 [proof:NOT_GENERATED]
       r=0.000  T_new=0.00 F_new=0.00 F_rare=0.00 U=0 Q=0.00 Q_l=0.00 Q_g=1.00 dl=0 dg=0
       Value: 0x00200060 -> 0xFFDFFFA0
       Register: x2 (sp), READ, strategy=next_read
       Local constraints hit (2 unique):
         - IsRead@mem.zir:79
           cycle=18504, step=1855, pc=0x00205FFC, major=5, minor=2
         - IsRead@mem.zir:80
           cycle=18504, step=1855, pc=0x00205FFC, major=5, minor=2
       Global: no permutation/lookup violations (local-only)
  [198] ✓ STORE_OUT_MOD @ step 1134: 2 failures, 3307ms, outcome: REJECTED, exit: 101 [proof:GENERATED] G=memory
       r=0.129  T_new=0.00 F_new=0.39 F_rare=0.85 U=0 Q=0.43 Q_l=0.51 Q_g=0.85 dl=2 dg=1
       Value: 0x01000000 -> 0x05613EA3
       Store address: 0x002003cc
       zkVM errors (1 lines):
         • [prover_impl.rs:280] verify segment (internal proof verification failed)
       Local constraints hit (2 unique):
         - MemoryWrite@mem.zir:100
           cycle=17778, step=1134, pc=0x0020B934, major=6, minor=0
         - MemoryWrite@mem.zir:99
           cycle=17778, step=1134, pc=0x0020B934, major=6, minor=0
       Global: memory permutation violated
         0x002003CC (data): wrote 0x05613ea3, expected 0x01000000 (cycle 35557)
  [199] ✓ STORE_OUT_MOD @ step 6: 2 failures, 3302ms, outcome: REJECTED, exit: 101 [proof:GENERATED] G=memory
       r=0.110  T_new=0.00 F_new=0.39 F_rare=0.67 U=0 Q=0.43 Q_l=0.51 Q_g=0.85 dl=2 dg=1
       Value: 0xC0000070 -> 0xE0200122
       Store address: 0xffff1000
       zkVM errors (1 lines):
         • [prover_impl.rs:280] verify segment (internal proof verification failed)
       Local constraints hit (2 unique):
         - MemoryWrite@mem.zir:100
           cycle=16579, step=6, pc=0xC000001C, major=6, minor=2
         - MemoryWrite@mem.zir:99
           cycle=16579, step=6, pc=0xC000001C, major=6, minor=2
       Global: memory permutation violated
         0xFFFF1000 (data): wrote 0xe0200122, expected 0xc0000070 (cycle 33159)
  [200] ✓ INSTR_TYPE_MOD @ step 920: 4 failures, 3314ms, outcome: REJECTED, exit: 101 [proof:GENERATED] G=memory
       r=0.019  T_new=0.00 F_new=0.63 F_rare=1.00 U=0 Q=0.05 Q_l=0.26 Q_g=0.19 dl=4 dg=10
       Value: 0x00020002 -> 0x00040002
       Original: BgeU [major=2, minor=2]
       Mutated:  SrlI [major=4, minor=2]
       zkVM errors (3 lines):
         • [prover_impl.rs:280] verify segment (internal proof verification failed)
         • [ffi.cpp:113] address mismatch at cycle 17553: preflight=0x3fffc060, actual=0x3fffc02c
         • [kernels/cxx/ffi.cpp:208] SKIP THROW: memory peek not in preflight
       Local constraints hit (4 unique):
         - MemoryWrite@mem.zir:99
           cycle=17561, step=928, pc=0x002031B8, major=2, minor=4
         - VerifyOpcodeF3F7@inst.zir:102
           cycle=17553, step=920, pc=0x002061A4, major=4, minor=2
         - VerifyOpcodeF3F7@inst.zir:103
           cycle=17553, step=920, pc=0x002061A4, major=4, minor=2
         - VerifyOpcodeF3F7@inst.zir:104
           cycle=17553, step=920, pc=0x002061A4, major=4, minor=2
       Global: memory permutation violated (18 addrs: 1 register, 16 code, 1 data)
         x12/a2: expected write missing, needed 0x00000000 (cycle 35055)
         0xFFFF0180 (data): unexpected write 0x00000000 (cycle 35055)
         + 16 code addresses diverged (instruction fetch cascade)
  [201] ✓ COMP_OUT_MOD @ step 1320: 2 failures, 3336ms, outcome: REJECTED, exit: 101 [proof:GENERATED] G=memory
       r=0.111  T_new=0.00 F_new=0.39 F_rare=0.68 U=0 Q=0.43 Q_l=0.51 Q_g=0.85 dl=2 dg=1
       Value: 0x00200300 -> 0x4A4DD4A6
       Destination: rd = x8 (s0/fp)
       zkVM errors (1 lines):
         • [prover_impl.rs:280] verify segment (internal proof verification failed)
       Local constraints hit (2 unique):
         - MemoryWrite@mem.zir:100
           cycle=17964, step=1320, pc=0x00202F0C, major=0, minor=7
         - MemoryWrite@mem.zir:99
           cycle=17964, step=1320, pc=0x00202F0C, major=0, minor=7
       Global: memory permutation violated
         x8/s0: wrote 0x4a4dd4a6, expected 0x00200300 (cycle 35929)
  [202] ✓ COMP_OUT_MOD @ step 74: 1 failures, 3293ms, outcome: REJECTED, exit: 101 [proof:GENERATED] G=memory
       r=0.235  T_new=0.00 F_new=0.63 F_rare=1.00 U=0 Q=0.61 Q_l=0.72 Q_g=0.85 dl=1 dg=1
       Value: 0x00000000 -> 0x00002000
       Destination: rd = x11 (a1)
       zkVM errors (1 lines):
         • [prover_impl.rs:280] verify segment (internal proof verification failed)
       Local constraints hit (1 unique):
         - MemoryWrite@mem.zir:99
           cycle=16647, step=74, pc=0x00203260, major=3, minor=2
       Global: memory permutation violated
         x11/a1: wrote 0x00002000, expected 0x00000000 (cycle 33295)
  [203] ✓ COMP_OUT_MOD @ step 530: 1 failures, 3258ms, outcome: REJECTED, exit: 101 [proof:GENERATED] G=memory
       r=0.154  T_new=0.00 F_new=0.39 F_rare=0.67 U=0 Q=0.61 Q_l=0.72 Q_g=0.85 dl=1 dg=1
       Value: 0x00000001 -> 0x00000401
       Destination: rd = x11 (a1)
       zkVM errors (1 lines):
         • [prover_impl.rs:280] verify segment (internal proof verification failed)
       Local constraints hit (1 unique):
         - MemoryWrite@mem.zir:99
           cycle=17133, step=530, pc=0x002061A8, major=4, minor=2
       Global: memory permutation violated
         x11/a1: wrote 0x00000401, expected 0x00000001 (cycle 34267)
  [204] ✓ COMP_OUT_MOD @ step 1090: 2 failures, 3290ms, outcome: REJECTED, exit: 101 [proof:GENERATED] G=memory
       r=0.129  T_new=0.00 F_new=0.39 F_rare=0.85 U=0 Q=0.43 Q_l=0.51 Q_g=0.85 dl=2 dg=1
       Value: 0x00200374 -> 0x00000004
       Destination: rd = x14 (a4)
       zkVM errors (1 lines):
         • [prover_impl.rs:280] verify segment (internal proof verification failed)
       Local constraints hit (2 unique):
         - MemoryWrite@mem.zir:100
           cycle=17734, step=1090, pc=0x0020634C, major=0, minor=0
         - MemoryWrite@mem.zir:99
           cycle=17734, step=1090, pc=0x0020634C, major=0, minor=0
       Global: memory permutation violated
         x14/a4: wrote 0x00000004, expected 0x00200374 (cycle 35469)
  [205] ✓ INSTR_TYPE_MOD @ step 2133: 3 failures, 3322ms, outcome: REJECTED, exit: 101 [proof:GENERATED] [+43 touch]
       r=0.237  T_new=0.71 F_new=0.78 F_rare=1.00 U=0 Q=0.37 Q_l=0.37 Q_g=1.00 dl=3 dg=0
       Value: 0x00020001 -> 0x00030004
       Original: BltU [major=2, minor=1]
       Mutated:  MulHSU [major=3, minor=4]
       zkVM errors (1 lines):
         • [prover_impl.rs:280] verify segment (internal proof verification failed)
       Local constraints hit (3 unique):
         - MemoryWrite@mem.zir:99
           cycle=18787, step=2133, pc=0x00205E24, major=3, minor=4
         - VerifyOpcodeF3F7@inst.zir:102
           cycle=18787, step=2133, pc=0x00205E24, major=3, minor=4
         - VerifyOpcodeF3F7@inst.zir:103
           cycle=18787, step=2133, pc=0x00205E24, major=3, minor=4
       Global: no permutation/lookup violations (local-only)
  [206] ✓ INSTR_TYPE_MOD @ step 3867: 2 failures, 3281ms, outcome: REJECTED, exit: 101 [proof:GENERATED] [+37 touch]
       r=0.306  T_new=0.65 F_new=0.63 F_rare=1.00 U=0 Q=0.51 Q_l=0.51 Q_g=1.00 dl=2 dg=0
       Value: 0x00050002 -> 0x00050001
       Original: Lw [major=5, minor=2]
       Mutated:  Lh [major=5, minor=1]
       zkVM errors (1 lines):
         • [prover_impl.rs:280] verify segment (internal proof verification failed)
       Local constraints hit (2 unique):
         - MemoryWrite@mem.zir:100
           cycle=20817, step=3867, pc=0x00204DA0, major=5, minor=1
         - VerifyOpcodeF3@inst.zir:97
           cycle=20817, step=3867, pc=0x00204DA0, major=5, minor=1
       Global: no permutation/lookup violations (local-only)
  [207] ✓ INSTR_TYPE_MOD @ step 1325: 4 failures, 3294ms, outcome: REJECTED, exit: 101 [proof:GENERATED] [+34 touch]
       r=0.170  T_new=0.62 F_new=0.86 F_rare=1.00 U=0 Q=0.26 Q_l=0.26 Q_g=1.00 dl=4 dg=0
       Value: 0x00060002 -> 0x00060008
       Original: Sw [major=6, minor=2]
       Mutated:  Eany [major=6, minor=8] ⚠INVALID
       zkVM errors (1 lines):
         • [prover_impl.rs:280] verify segment (internal proof verification failed)
       Local constraints hit (4 unique):
         - MemoryWrite@mem.zir:100
           cycle=17969, step=1325, pc=0x00202BC8, major=6, minor=8
         - MemoryWrite@mem.zir:99
           cycle=17969, step=1325, pc=0x00202BC8, major=6, minor=8
         - OneHot@one_hot.zir:11
           cycle=17969, step=1325, pc=0x00202BC8, major=6, minor=8
         - OneHot@one_hot.zir:9
           cycle=17969, step=1325, pc=0x00202BC8, major=6, minor=8
       Global: no permutation/lookup violations (local-only)
  [208] ✓ INSTR_TYPE_MOD @ step 74: 3 failures, 3271ms, outcome: REJECTED, exit: 101 [proof:GENERATED]
       r=0.048  T_new=0.00 F_new=0.00 F_rare=0.54 U=0 Q=0.37 Q_l=0.37 Q_g=1.00 dl=3 dg=0
       Value: 0x00030002 -> 0x00030001
       Original: Mul [major=3, minor=2]
       Mutated:  SllI [major=3, minor=1]
       zkVM errors (1 lines):
         • [prover_impl.rs:280] verify segment (internal proof verification failed)
       Local constraints hit (3 unique):
         - VerifyOpcodeF3F7@inst.zir:102
           cycle=16647, step=74, pc=0x00203260, major=3, minor=1
         - VerifyOpcodeF3F7@inst.zir:103
           cycle=16647, step=74, pc=0x00203260, major=3, minor=1
         - VerifyOpcodeF3F7@inst.zir:104
           cycle=16647, step=74, pc=0x00203260, major=3, minor=1
       Global: no permutation/lookup violations (local-only)
  [209] ✓ INSTR_TYPE_MOD @ step 3434: 18 failures, 3312ms, outcome: REJECTED, exit: 101 [proof:GENERATED] G=memory
       r=0.001  T_new=0.00 F_new=1.00 F_rare=1.00 U=0 Q=0.00 Q_l=0.01 Q_g=0.19 dl=14 dg=10
       Value: 0x00040002 -> 0x00010006
       Original: SrlI [major=4, minor=2]
       Mutated:  Bne [major=1, minor=6]
       zkVM errors (3 lines):
         • [prover_impl.rs:280] verify segment (internal proof verification failed)
         • [ffi.cpp:113] address mismatch at cycle 20236: preflight=0x3fffc02a, actual=0x3fffc060
         • [kernels/cxx/ffi.cpp:208] SKIP THROW: memory peek not in preflight
       Local constraints hit (4 unique):
         - DecodeInst@inst.zir:29 (x14)
           cycle=20237, step=3435, pc=0x00204CF8, major=1, minor=6
         - MemoryWrite@mem.zir:99 (x2)
           cycle=20249, step=3447, pc=0x00204D28, major=2, minor=6
         - VerifyOpcodeF3@inst.zir:96
           cycle=20236, step=3434, pc=0x00204CF4, major=1, minor=6
         - VerifyOpcodeF3@inst.zir:97
           cycle=20236, step=3434, pc=0x00204CF4, major=1, minor=6
       Global: memory permutation violated (17 addrs: 1 register, 15 code, 1 data)
         x10/a0: unexpected write 0x002215ac (cycle 40382)
         0xFFFF0180 (data): expected write missing, needed 0x002215ac (cycle 40382)
         + 15 code addresses diverged (instruction fetch cascade)
  [210] ✓ INSTR_TYPE_MOD @ step 360: 4 failures, 3295ms, outcome: REJECTED, exit: 101 [proof:GENERATED] G=memory
       r=0.024  T_new=0.00 F_new=1.00 F_rare=1.00 U=0 Q=0.05 Q_l=0.26 Q_g=0.19 dl=4 dg=10
       Value: 0x00020004 -> 0x00020005
       Original: JalR [major=2, minor=4]
       Mutated:  Lui [major=2, minor=5]
       zkVM errors (3 lines):
         • [prover_impl.rs:280] verify segment (internal proof verification failed)
         • [ffi.cpp:113] address mismatch at cycle 16946: preflight=0x30000016, actual=0x30000021
         • [kernels/cxx/buffers.h:43] SKIP THROW: Inconsistent set
       Local constraints hit (3 unique):
         - MemoryWrite@mem.zir:100
           cycle=16945, step=360, pc=0xC0000058, major=2, minor=5
         - MemoryWrite@mem.zir:99 (x2)
           cycle=16945, step=360, pc=0xC0000058, major=2, minor=5
         - VerifyOpcode@inst.zir:91
           cycle=16945, step=360, pc=0xC0000058, major=2, minor=5
       Global: memory permutation violated (25 addrs: 25 data)
         0xC0000058 (data): unexpected write 0x0dc0006f (cycle 33722)
         0xC0000084 (data): expected write missing, needed 0x0dc0006f (cycle 33722)
         0xC0000134 (data): unexpected write 0x00100893 (cycle 33724)
         + 22 more addresses
  [211] ✓ INSTR_TYPE_MOD @ step 3561: 6 failures, 3324ms, outcome: REJECTED, exit: 101 [proof:GENERATED] G=memory|cycle
       r=0.025  T_new=0.00 F_new=0.63 F_rare=1.00 U=0 Q=0.06 Q_l=0.14 Q_g=0.43 dl=6 dg=5
       Value: 0x00000001 -> 0x00060001
       Original: Sub [major=0, minor=1]
       Mutated:  Sh [major=6, minor=1]
       zkVM errors (3 lines):
         • [prover_impl.rs:280] verify segment (internal proof verification failed)
         • [ffi.cpp:113] address mismatch at cycle 20437: preflight=0x3fffc02f, actual=0x00000104
         • [kernels/cxx/ffi.cpp:208] SKIP THROW: memory peek not in preflight
       Local constraints hit (6 unique):
         - AddrDecomposeBits@u32.zir:87
           cycle=20437, step=3561, pc=0x002061F4, major=6, minor=1
         - IsRead@mem.zir:79
           cycle=20437, step=3561, pc=0x002061F4, major=6, minor=1
         - MemoryWrite@mem.zir:100
           cycle=20437, step=3561, pc=0x002061F4, major=6, minor=1
         - MemoryWrite@mem.zir:99
           cycle=20437, step=3561, pc=0x002061F4, major=6, minor=1
         - VerifyOpcodeF3@inst.zir:96
           cycle=20437, step=3561, pc=0x002061F4, major=6, minor=1
         - VerifyOpcodeF3@inst.zir:97
           cycle=20437, step=3561, pc=0x002061F4, major=6, minor=1
       Global: memory permutation violated
         0x00000410 (data): expected write missing, needed 0x04078263 (cycle 39920)
         x15/a5: unexpected write 0x00000001 (cycle 40874)
       Global: cycle lookup violated (3 indices broken)
         index 0: 2254 provides, 1 uses (imbalanced)
         index 954: 1 provides, 1 uses (imbalanced)
         index 2013265920: orphan provide (1 entries, no matching use)
  [212] ✓ INSTR_TYPE_MOD @ step 170: 5 failures, 3358ms, outcome: REJECTED, exit: 101 [proof:GENERATED] [+2 touch] G=memory|cycle
       r=0.016  T_new=0.06 F_new=0.78 F_rare=1.00 U=0 Q=0.04 Q_l=0.19 Q_g=0.19 dl=5 dg=10
       Value: 0x00000007 -> 0x00010002
       Original: AddI [major=0, minor=7]
       Mutated:  AndI [major=1, minor=2]
       zkVM errors (3 lines):
         • [prover_impl.rs:280] verify segment (internal proof verification failed)
         • [ffi.cpp:113] address mismatch at cycle 16743: preflight=0x3fffc011, actual=0x3fffc000
         • [kernels/cxx/buffers.h:43] SKIP THROW: Inconsistent set
       Local constraints hit (5 unique):
         - ECallHostReadSetup@inst_ecall.zir:70
           cycle=16744, step=170, pc=0xC000014C, major=8, minor=2
         - MemoryWrite@mem.zir:100
           cycle=16743, step=170, pc=0xC000014C, major=1, minor=2
         - MemoryWrite@mem.zir:99
           cycle=16743, step=170, pc=0xC000014C, major=1, minor=2
         - VerifyOpcodeF3@inst.zir:96
           cycle=16743, step=170, pc=0xC000014C, major=1, minor=2
         - VerifyOpcodeF3@inst.zir:97
           cycle=16743, step=170, pc=0xC000014C, major=1, minor=2
       Global: memory permutation violated
         0xC0000150 (data): unexpected write 0x00000513 (cycle 30122)
         0xC0000154 (data): wrote 0x02820593, expected 0x00000513 (cycle 30122)
         0xC0000158 (data): wrote 0x00800613, expected 0x02820593 (cycle 30122)
         0xC000015C (data): wrote 0x00000073, expected 0x00800613 (cycle 30122)
         0xC0000160 (data): expected write missing, needed 0x00000073 (cycle 30122)
         0xC0000164 (data): wrote 0x00000097, expected 0x30200073 (cycle 30142)
         0xFFFF0000 (data): expected write missing, needed 0x00000001 (cycle 33475)
         0xFFFF0044 (data): unexpected write 0x00000001 (cycle 33475)
         0xFFFF0100 (data): expected write missing, needed 0x0021a31c (cycle 33477)
       Global: cycle lookup violated (1 indices broken)
         index 9: 344 provides, 1 uses (imbalanced)
  [213] ✓ INSTR_TYPE_MOD @ step 0: 4 failures, 3374ms, outcome: REJECTED, exit: 101 [proof:GENERATED] [+3 touch] G=memory|cycle
       r=0.066  T_new=0.08 F_new=0.63 F_rare=1.00 U=0 Q=0.16 Q_l=0.26 Q_g=0.61 dl=4 dg=3
       Value: 0x00020006 -> 0x00000000
       Original: Auipc [major=2, minor=6]
       Mutated:  Add [major=0, minor=0]
       zkVM errors (3 lines):
         • [prover_impl.rs:280] verify segment (internal proof verification failed)
         • [ffi.cpp:113] address mismatch at cycle 0: preflight=0x44000000, actual=0x00000000
         • [kernels/cxx/ffi.cpp:208] SKIP THROW: memory peek not in preflight
       Local constraints hit (4 unique):
         - AddrDecompose@u32.zir:67
           cycle=0, step=0, pc=0x00000000, major=0, minor=0
         - ControlLoadRootAndNonce@inst_control.zir:23
           cycle=1, step=0, pc=0x00000000, major=7, minor=0
         - MiscInput@inst_misc.zir:7
           cycle=0, step=0, pc=0x00000000, major=0, minor=0
         - VerifyOpcodeF3F7@inst.zir:102
           cycle=0, step=0, pc=0x00000000, major=0, minor=0
       Global: memory permutation violated
         0xFFFF0100 (data): expected write missing, needed 0x00000000 (cycle 0)
       Global: cycle lookup violated (2 indices broken)
         index 0: 2256 provides, 1 uses (imbalanced)
         index 2013265920: orphan provide (2 entries, no matching use)
  [214] ✓ INSTR_WORD_MOD_FULL @ step 3489: 1 failures, 3277ms, outcome: REJECTED, exit: 101 [proof:GENERATED] G=memory
       r=0.235  T_new=0.00 F_new=0.63 F_rare=1.00 U=0 Q=0.61 Q_l=0.72 Q_g=0.85 dl=1 dg=1
       Value: 0x00C585B3 -> 0x00C5A5B3
       Original: ADD x11, x11, x12
       Mutated:  SLT x11, x11, x12
       zkVM errors (1 lines):
         • [prover_impl.rs:280] verify segment (internal proof verification failed)
       Local constraints hit (1 unique):
         - VerifyOpcodeF3F7@inst.zir:103
           cycle=20291, step=3489, pc=0x00205E1C, major=0, minor=0
       Global: memory permutation violated
         0x00205E18 (code): wrote 0x00c585b3, expected 0x00c5a5b3 (cycle 40056)
  [215] ✓ INSTR_WORD_MOD_FULL @ step 1744: 0 failures, 3326ms, outcome: REJECTED, exit: 101 [proof:GENERATED] G=memory[GO]
       r=0.256  T_new=0.00 F_new=0.78 F_rare=1.00 U=0 Q=0.61 Q_l=1.00 Q_g=0.61 dl=0 dg=3
       Value: 0x0005C703 -> 0x0005C303
       Original: LBU x14, 0(x11)
       Mutated:  LBU x6, 0(x11)
       zkVM errors (3 lines):
         • [prover_impl.rs:280] verify segment (internal proof verification failed)
         • [ffi.cpp:113] address mismatch at cycle 18388: preflight=0x3fffc02e, actual=0x3fffc026
         • [kernels/cxx/ffi.cpp:208] SKIP THROW: memory peek not in preflight
       Global: memory permutation violated [GLOBAL-ONLY]
         x6/t1: expected write missing, needed 0x0000004c (cycle 36764)
         x14/a4: unexpected write 0x0000004c (cycle 36764)
         0x002184C0 (code): wrote 0x0005c703, expected 0x0005c303 (cycle 36762)
  [216] ✓ INSTR_WORD_MOD_FULL @ step 3695: 0 failures, 3381ms, outcome: REJECTED, exit: 101 [proof:GENERATED] G=memory[GO]
       r=0.256  T_new=0.00 F_new=0.78 F_rare=1.00 U=0 Q=0.61 Q_l=1.00 Q_g=0.61 dl=0 dg=3
       Value: 0x00B50023 -> 0x00B70023
       Original: SB x11, 0(x10)
       Mutated:  SB x11, 0(x14)
       zkVM errors (3 lines):
         • [prover_impl.rs:280] verify segment (internal proof verification failed)
         • [ffi.cpp:113] address mismatch at cycle 20571: preflight=0x3fffc02a, actual=0x3fffc02e
         • [kernels/cxx/ffi.cpp:208] SKIP THROW: memory peek not in preflight
       Global: memory permutation violated [GLOBAL-ONLY]
         x10/a0: unexpected write 0x00221632 (cycle 41137)
         x14/a4: expected write missing, needed 0x00221632 (cycle 41137)
         0x00205764 (code): wrote 0x00b50023, expected 0x00b70023 (cycle 39542)
  [217] ✓ INSTR_WORD_MOD_FULL @ step 808: 0 failures, 3298ms, outcome: REJECTED, exit: 101 [proof:GENERATED] G=memory[GO]
       r=0.256  T_new=0.00 F_new=0.78 F_rare=1.00 U=0 Q=0.61 Q_l=1.00 Q_g=0.61 dl=0 dg=3
       Value: 0x00261313 -> 0x002E1313
       Original: SLLI x6, x12, 2
       Mutated:  SLLI x6, x28, 2
       zkVM errors (3 lines):
         • [prover_impl.rs:280] verify segment (internal proof verification failed)
         • [ffi.cpp:113] address mismatch at cycle 17429: preflight=0x3fffc02c, actual=0x3fffc03c
         • [kernels/cxx/ffi.cpp:208] SKIP THROW: memory peek not in preflight
       Global: memory permutation violated [GLOBAL-ONLY]
         x12/a2: unexpected write 0x00000001 (cycle 34853)
         x28/t3: expected write missing, needed 0x00000001 (cycle 34853)
         0x00206130 (code): wrote 0x00261313, expected 0x002e1313 (cycle 34690)
  [218] ✓ INSTR_WORD_MOD_FULL @ step 530: 4 failures, 3282ms, outcome: REJECTED, exit: 101 [proof:GENERATED] G=memory
       r=0.045  T_new=0.00 F_new=0.95 F_rare=1.00 U=0 Q=0.10 Q_l=0.26 Q_g=0.37 dl=4 dg=6
       Value: 0x00255593 -> 0xAC8E4E17
       Original: SRLI x11, x10, 2
       Mutated:  AUIPC x28, 0xac8e4000
       Format changed: I -> U
       zkVM errors (3 lines):
         • [prover_impl.rs:280] verify segment (internal proof verification failed)
         • [ffi.cpp:113] address mismatch at cycle 17133: preflight=0x3fffc02a, actual=0x3fffc03c
         • [kernels/cxx/ffi.cpp:208] SKIP THROW: memory peek not in preflight
       Local constraints hit (4 unique):
         - MemoryWrite@mem.zir:99
           cycle=17133, step=530, pc=0x002061A8, major=4, minor=2
         - VerifyOpcodeF3F7@inst.zir:102
           cycle=17133, step=530, pc=0x002061A8, major=4, minor=2
         - VerifyOpcodeF3F7@inst.zir:103
           cycle=17133, step=530, pc=0x002061A8, major=4, minor=2
         - VerifyOpcodeF3F7@inst.zir:104
           cycle=17133, step=530, pc=0x002061A8, major=4, minor=2
       Global: memory permutation violated
         x2/sp: unexpected write 0x00200350 (cycle 34200)
         x8/s0: expected write missing, needed 0x00200350 (cycle 34200)
         x10/a0: unexpected write 0x00000004 (cycle 34264)
         x11/a1: unexpected write 0x00000000 (cycle 34259)
         x28/t3: expected write missing, needed 0x00000000 (cycle 34259)
         0x002061A4 (code): wrote 0x00255593, expected 0xac8e4e17 (cycle 34098)
  [219] ✓ INSTR_WORD_MOD_FULL @ step 2491: 0 failures, 3287ms, outcome: REJECTED, exit: 101 [proof:GENERATED] G=memory[GO]
       r=0.256  T_new=0.00 F_new=0.78 F_rare=1.00 U=0 Q=0.61 Q_l=1.00 Q_g=0.61 dl=0 dg=3
       Value: 0x02060893 -> 0x02060993
       Original: ADDI x17, x12, 32
       Mutated:  ADDI x19, x12, 32
       zkVM errors (3 lines):
         • [prover_impl.rs:280] verify segment (internal proof verification failed)
         • [ffi.cpp:113] address mismatch at cycle 19145: preflight=0x3fffc011, actual=0x3fffc013
         • [kernels/cxx/ffi.cpp:208] SKIP THROW: memory peek not in preflight
       Global: memory permutation violated [GLOBAL-ONLY]
         0xC0000490 (data): wrote 0x02060893, expected 0x02060993 (cycle 30646)
         0xFFFF0044 (data): unexpected write 0x00000001 (cycle 37408)
         0xFFFF004C (data): expected write missing, needed 0x00000001 (cycle 37408)
  [220] ✓ INSTR_WORD_MOD_FULL @ step 3157: 2 failures, 3338ms, outcome: REJECTED, exit: 101 [proof:GENERATED] G=memory
       r=0.087  T_new=0.00 F_new=0.95 F_rare=1.00 U=0 Q=0.19 Q_l=0.51 Q_g=0.37 dl=2 dg=6
       Value: 0x40E787B3 -> 0x7D000E0F
       Original: SUB x15, x15, x14
       Mutated:  UNKNOWN 0x7d000e0f
       Format changed: R -> UNKNOWN
       zkVM errors (3 lines):
         • [prover_impl.rs:280] verify segment (internal proof verification failed)
         • [ffi.cpp:113] address mismatch at cycle 19959: preflight=0x3fffc02f, actual=0x3fffc020
         • [kernels/cxx/ffi.cpp:208] SKIP THROW: memory peek not in preflight
       Local constraints hit (2 unique):
         - VerifyOpcodeF3F7@inst.zir:102
           cycle=19959, step=3157, pc=0x002061F4, major=0, minor=1
         - VerifyOpcodeF3F7@inst.zir:104
           cycle=19959, step=3157, pc=0x002061F4, major=0, minor=1
       Global: memory permutation violated
         x0/zero: expected write missing, needed 0x00000001 (cycle 39704)
         x14/a4: unexpected write 0x00000001 (cycle 39732)
         x15/a5: unexpected write 0x00000001 (cycle 39704)
         x16/a6: expected write missing, needed 0x00000001 (cycle 39732)
         x28/t3: expected write missing, needed 0x00000001 (cycle 39918)
         0x002061F0 (code): wrote 0x40e787b3, expected 0x7d000e0f (cycle 17986)
  [221] ✓ INSTR_WORD_MOD_SUR @ step 2291: 0 failures, 3285ms, outcome: REJECTED, exit: 101 [proof:GENERATED] G=memory[GO]
       r=0.256  T_new=0.00 F_new=0.78 F_rare=1.00 U=0 Q=0.61 Q_l=1.00 Q_g=0.61 dl=0 dg=3
       Value: 0x00870713 -> 0x00870A93
       Surgical: rd = 14 -> 21
       Original: ADDI x14, x14, 8
       Mutated:  ADDI x21, x14, 8
       zkVM errors (3 lines):
         • [prover_impl.rs:280] verify segment (internal proof verification failed)
         • [ffi.cpp:113] address mismatch at cycle 18945: preflight=0x3fffc02e, actual=0x3fffc035
         • [kernels/cxx/ffi.cpp:208] SKIP THROW: memory peek not in preflight
       Global: memory permutation violated [GLOBAL-ONLY]
         x14/a4: unexpected write 0x002213ec (cycle 37890)
         x21/s5: expected write missing, needed 0x002213ec (cycle 37890)
         0x00203464 (code): wrote 0x00870713, expected 0x00870a93 (cycle 10662)
  [222] ✓ INSTR_WORD_MOD_SUR @ step 2737: 0 failures, 3279ms, outcome: REJECTED, exit: 101 [proof:GENERATED] G=memory[GO]
       r=0.256  T_new=0.00 F_new=0.78 F_rare=1.00 U=0 Q=0.61 Q_l=1.00 Q_g=0.61 dl=0 dg=3
       Value: 0x05812883 -> 0x05812283
       Surgical: rd = 17 -> 5
       Original: LW x17, 88(x2)
       Mutated:  LW x5, 88(x2)
       zkVM errors (3 lines):
         • [prover_impl.rs:280] verify segment (internal proof verification failed)
         • [ffi.cpp:113] address mismatch at cycle 19465: preflight=0x3fffc031, actual=0x3fffc025
         • [kernels/cxx/ffi.cpp:208] SKIP THROW: memory peek not in preflight
       Global: memory permutation violated [GLOBAL-ONLY]
         x5/t0: expected write missing, needed 0x00000000 (cycle 38918)
         x17/a7: unexpected write 0x00000000 (cycle 38918)
         0x002016CC (code): wrote 0x05812883, expected 0x05812283 (cycle 7178)
  [223] ✓ INSTR_WORD_MOD_SUR @ step 3031: 0 failures, 3281ms, outcome: REJECTED, exit: 101 [proof:GENERATED] G=memory[GO]
       r=0.256  T_new=0.00 F_new=0.78 F_rare=1.00 U=0 Q=0.61 Q_l=1.00 Q_g=0.61 dl=0 dg=3
       Value: 0x00B6A023 -> 0x00B32023
       Surgical: rs1 = 13 -> 6
       Original: SW x11, 0(x13)
       Mutated:  SW x11, 0(x6)
       zkVM errors (3 lines):
         • [prover_impl.rs:280] verify segment (internal proof verification failed)
         • [ffi.cpp:113] address mismatch at cycle 19759: preflight=0x3fffc02d, actual=0x3fffc026
         • [kernels/cxx/ffi.cpp:208] SKIP THROW: memory peek not in preflight
       Global: memory permutation violated [GLOBAL-ONLY]
         x6/t1: expected write missing, needed 0x00221534 (cycle 39509)
         x13/a3: unexpected write 0x00221534 (cycle 39509)
         0x00203474 (code): wrote 0x00b6a023, expected 0x00b32023 (cycle 37898)
  [224] ✓ INSTR_WORD_MOD_SUR @ step 2550: 0 failures, 3291ms, outcome: REJECTED, exit: 101 [proof:GENERATED] G=memory[GO]
       r=0.256  T_new=0.00 F_new=0.78 F_rare=1.00 U=0 Q=0.61 Q_l=1.00 Q_g=0.61 dl=0 dg=3
       Value: 0x00859593 -> 0x00891593
       Surgical: rs1 = 11 -> 18
       Original: SLLI x11, x11, 8
       Mutated:  SLLI x11, x18, 8
       zkVM errors (3 lines):
         • [prover_impl.rs:280] verify segment (internal proof verification failed)
         • [ffi.cpp:113] address mismatch at cycle 19278: preflight=0x3fffc02b, actual=0x3fffc032
         • [kernels/cxx/ffi.cpp:208] SKIP THROW: memory peek not in preflight
       Global: memory permutation violated [GLOBAL-ONLY]
         x11/a1: unexpected write 0x00000071 (cycle 38549)
         x18/s2: expected write missing, needed 0x00000071 (cycle 38549)
         0x002014C0 (code): wrote 0x00859593, expected 0x00891593 (cycle 6858)
  [225] ✓ INSTR_WORD_MOD_SUR @ step 3753: 1 failures, 3323ms, outcome: REJECTED, exit: 101 [proof:GENERATED] G=memory
       r=0.159  T_new=0.00 F_new=0.39 F_rare=0.70 U=0 Q=0.61 Q_l=0.72 Q_g=0.85 dl=1 dg=1
       Value: 0x008A5513 -> 0x008A7513
       Surgical: funct3 = 5 -> 7
       Original: SRLI x10, x20, 8
       Mutated:  ANDI x10, x20, 8
       zkVM errors (1 lines):
         • [prover_impl.rs:280] verify segment (internal proof verification failed)
       Local constraints hit (1 unique):
         - VerifyOpcodeF3F7@inst.zir:103
           cycle=20629, step=3753, pc=0x0020578C, major=4, minor=2
       Global: memory permutation violated
         0x00205788 (code): wrote 0x008a5513, expected 0x008a7513 (cycle 39658)
  [226] ✓ INSTR_WORD_MOD_SUR @ step 360: 21 failures, 3320ms, outcome: REJECTED, exit: 101 [proof:GENERATED] [+2 new] G=memory|cycle
       r=0.001  T_new=0.00 F_new=1.00 F_rare=1.00 U=0 Q=0.00 Q_l=0.01 Q_g=0.11 dl=13 dg=13
       Value: 0x00058067 -> 0x8CB58067
       Surgical: imm = 0 -> 2251
       Original: JALR x0, x11, 0
       Mutated:  JALR x0, x11, -1845
       zkVM errors (3 lines):
         • [prover_impl.rs:280] verify segment (internal proof verification failed)
         • [ffi.cpp:113] address mismatch at cycle 16945: preflight=0x3fffc000, actual=0x3fffc040
         • [kernels/cxx/ffi.cpp:208] SKIP THROW: memory peek not in preflight
       Local constraints hit (5 unique):
         - ControlMRET@inst_control.zir:89
           cycle=16962, step=371, pc=0x00206174, major=7, minor=3
         - DecodeInst@inst.zir:29 (x10)
           cycle=16946, step=361, pc=0xC0000134, major=2, minor=3
         - ECall0@inst_ecall.zir:203 (x6)
           cycle=16953, step=368, pc=0xC000014C, major=8, minor=0
         - MemoryWrite@mem.zir:100 (x2)
           cycle=16945, step=360, pc=0xC0000058, major=2, minor=4
         - MemoryWrite@mem.zir:99 (x2)
           cycle=16945, step=360, pc=0xC0000058, major=2, minor=4
       Global: memory permutation violated (29 addrs: 29 data)
         0xBFFFF920 (data): expected write missing, needed 0x0dc0006f (cycle 33722)
         0xBFFFF9FC (data): expected write missing, needed 0x00100893 (cycle 33724)
         0xBFFFFA00 (data): expected write missing, needed 0x03022503 (cycle 33726)
         + 26 more addresses
       Global: cycle lookup violated (3 indices broken)
         index 5: 348 provides, 1 uses (imbalanced)
         index 143: 2 provides, 1 uses (imbalanced)
         index 144: 8 provides, 1 uses (imbalanced)
  [227] ✓ INSTR_WORD_MOD_SUR @ step 373: 0 failures, 3291ms, outcome: REJECTED, exit: 101 [proof:GENERATED] G=memory[GO]
       r=0.256  T_new=0.00 F_new=0.78 F_rare=1.00 U=0 Q=0.61 Q_l=1.00 Q_g=0.61 dl=0 dg=3
       Value: 0x02E57663 -> 0x02E1F663
       Surgical: rs1 = 10 -> 3
       Original: BGEU x10, x14, 44
       Mutated:  BGEU x3, x14, 44
       zkVM errors (3 lines):
         • [prover_impl.rs:280] verify segment (internal proof verification failed)
         • [ffi.cpp:113] address mismatch at cycle 16964: preflight=0x3fffc02a, actual=0x3fffc023
         • [kernels/cxx/ffi.cpp:208] SKIP THROW: memory peek not in preflight
       Global: memory permutation violated [GLOBAL-ONLY]
         x3/gp: expected write missing, needed 0x00000004 (cycle 33926)
         x10/a0: unexpected write 0x00000004 (cycle 33926)
         0x00206178 (code): wrote 0x02e57663, expected 0x02e1f663 (cycle 33758)
  [228] ✓ LOAD_VAL_MOD @ step 623: 2 failures, 3309ms, outcome: REJECTED, exit: 101 [proof:GENERATED] G=memory
       r=0.106  T_new=0.00 F_new=0.39 F_rare=0.63 U=0 Q=0.43 Q_l=0.51 Q_g=0.85 dl=2 dg=1
       Value: 0x00200944 -> 0x864BB301
       Load destination: rd = x1 (ra)
       zkVM errors (1 lines):
         • [prover_impl.rs:280] verify segment (internal proof verification failed)
       Local constraints hit (2 unique):
         - MemoryWrite@mem.zir:100
           cycle=17232, step=623, pc=0x002031EC, major=5, minor=2
         - MemoryWrite@mem.zir:99
           cycle=17232, step=623, pc=0x002031EC, major=5, minor=2
       Global: memory permutation violated
         x1/ra: wrote 0x864bb301, expected 0x00200944 (cycle 34465)
  [229] ✓ LOAD_VAL_MOD @ step 1854: 2 failures, 3332ms, outcome: REJECTED, exit: 101 [proof:GENERATED] G=memory
       r=0.106  T_new=0.00 F_new=0.39 F_rare=0.62 U=0 Q=0.43 Q_l=0.51 Q_g=0.85 dl=2 dg=1
       Value: 0x002096FC -> 0xDFDFFA03
       Load destination: rd = x1 (ra)
       zkVM errors (1 lines):
         • [prover_impl.rs:280] verify segment (internal proof verification failed)
       Local constraints hit (2 unique):
         - MemoryWrite@mem.zir:100
           cycle=18503, step=1854, pc=0x00205FF8, major=5, minor=2
         - MemoryWrite@mem.zir:99
           cycle=18503, step=1854, pc=0x00205FF8, major=5, minor=2
       Global: memory permutation violated
         x1/ra: wrote 0xdfdffa03, expected 0x002096fc (cycle 37007)
  [230] ✓ MEM_VAL_MOD @ step 2247: 2 failures, 3273ms, outcome: REJECTED, exit: 101 [proof:GENERATED] G=memory
       r=0.129  T_new=0.00 F_new=0.39 F_rare=0.85 U=0 Q=0.43 Q_l=0.51 Q_g=0.85 dl=2 dg=1
       Value: 0x00000000 -> 0x7D723374
       Transaction: other_mem_write (WRITE) at address 0xffff0180
       zkVM errors (1 lines):
         • [prover_impl.rs:280] verify segment (internal proof verification failed)
       Local constraints hit (2 unique):
         - MemoryWrite@mem.zir:100
           cycle=18901, step=2247, pc=0x00203418, major=2, minor=1
         - MemoryWrite@mem.zir:99
           cycle=18901, step=2247, pc=0x00203418, major=2, minor=1
       Global: memory permutation violated
         0xFFFF0180 (data): wrote 0x7d723374, expected 0x00000000 (cycle 37803)
  [231] ✓ MEM_VAL_MOD @ step 824: 4 failures, 3309ms, outcome: REJECTED, exit: 101 [proof:GENERATED] G=memory
       r=0.024  T_new=0.00 F_new=0.99 F_rare=1.00 U=0 Q=0.05 Q_l=0.26 Q_g=0.19 dl=4 dg=10
       Value: 0xC0000070 -> 0x10000000
       Transaction: other_mem_read (READ) at address 0xffff1000
       zkVM errors (3 lines):
         • [prover_impl.rs:280] verify segment (internal proof verification failed)
         • [ffi.cpp:113] address mismatch at cycle 17446: preflight=0x3000001c, actual=0x04000000
         • [kernels/cxx/buffers.h:43] SKIP THROW: Inconsistent set
       Local constraints hit (4 unique):
         - IsRead@mem.zir:79
           cycle=17445, step=824, pc=0xC0000070, major=7, minor=2
         - IsRead@mem.zir:80
           cycle=17445, step=824, pc=0xC0000070, major=7, minor=2
         - MemoryWrite@mem.zir:100
           cycle=17450, step=829, pc=0xC0000058, major=2, minor=4
         - MemoryWrite@mem.zir:99
           cycle=17450, step=829, pc=0xC0000058, major=2, minor=4
       Global: memory permutation violated (11 addrs: 11 data)
         0x10000000 (data): expected write missing, needed 0x01422503 (cycle 34724)
         0x10000004 (data): expected write missing, needed 0x01255863 (cycle 34726)
         0x10000008 (data): expected write missing, needed 0x00251513 (cycle 34728)
         + 8 more addresses
  [232] ✓ MEM_VAL_MOD @ step 778: 4 failures, 3290ms, outcome: REJECTED, exit: 101 [proof:GENERATED] G=memory
       r=0.055  T_new=0.00 F_new=0.39 F_rare=0.64 U=0 Q=0.22 Q_l=0.26 Q_g=0.85 dl=4 dg=1
       Value: 0x002009B4 -> 0xFFDFF64C
       Transaction: load_mem_read (READ) at address 0x0020035c
       zkVM errors (1 lines):
         • [prover_impl.rs:280] verify segment (internal proof verification failed)
       Local constraints hit (4 unique):
         - IsRead@mem.zir:79
           cycle=17399, step=778, pc=0x002031EC, major=5, minor=2
         - IsRead@mem.zir:80
           cycle=17399, step=778, pc=0x002031EC, major=5, minor=2
         - MemoryWrite@mem.zir:100
           cycle=17399, step=778, pc=0x002031EC, major=5, minor=2
         - MemoryWrite@mem.zir:99
           cycle=17399, step=778, pc=0x002031EC, major=5, minor=2
       Global: memory permutation violated
         0x0020035C (data): wrote 0xffdff64c, expected 0x002009b4 (cycle 34798)
  [233] ✓ MEM_VAL_MOD @ step 1134: 2 failures, 3325ms, outcome: REJECTED, exit: 101 [proof:GENERATED] G=memory
       r=0.129  T_new=0.00 F_new=0.39 F_rare=0.85 U=0 Q=0.43 Q_l=0.51 Q_g=0.85 dl=2 dg=1
       Value: 0x00000000 -> 0x00002000
       Transaction: store_rmw_read (READ) at address 0x002003cc
       zkVM errors (1 lines):
         • [prover_impl.rs:280] verify segment (internal proof verification failed)
       Local constraints hit (2 unique):
         - IsRead@mem.zir:79
           cycle=17778, step=1134, pc=0x0020B934, major=6, minor=0
         - MemoryWrite@mem.zir:99
           cycle=17778, step=1134, pc=0x0020B934, major=6, minor=0
       Global: memory permutation violated
         0x002003CC (data): wrote 0x00002000, expected 0x00000000 (cycle 35556)
  [234] ✓ MEM_VAL_MOD @ step 1852: 2 failures, 3318ms, outcome: REJECTED, exit: 101 [proof:GENERATED] G=memory
       r=0.110  T_new=0.00 F_new=0.39 F_rare=0.67 U=0 Q=0.43 Q_l=0.51 Q_g=0.85 dl=2 dg=1
       Value: 0x00000008 -> 0xC0108001
       Transaction: other_mem_write (WRITE) at address 0xffff0030
       zkVM errors (1 lines):
         • [prover_impl.rs:280] verify segment (internal proof verification failed)
       Local constraints hit (2 unique):
         - MemoryWrite@mem.zir:100
           cycle=18498, step=1852, pc=0xC000015C, major=0, minor=7
         - MemoryWrite@mem.zir:99
           cycle=18498, step=1852, pc=0xC000015C, major=0, minor=7
       Global: memory permutation violated
         0xFFFF0030 (data): wrote 0xc0108001, expected 0x00000008 (cycle 36997)
  [235] ✓ MEM_VAL_MOD @ step 3929: 2 failures, 3305ms, outcome: REJECTED, exit: 101 [proof:GENERATED] G=memory
       r=0.129  T_new=0.00 F_new=0.39 F_rare=0.85 U=0 Q=0.43 Q_l=0.51 Q_g=0.85 dl=2 dg=1
       Value: 0x6E8B836C -> 0x7FFFFFFF
       Transaction: other_mem_write (WRITE) at address 0x10feffdec
       zkVM errors (2 lines):
         • [prover_impl.rs:280] verify segment (internal proof verification failed)
         • [kernels/cxx/buffers.h:43] SKIP THROW: Inconsistent set
       Local constraints hit (2 unique):
         - MemoryWrite@mem.zir:100
           cycle=22779, step=3929, pc=0x00000000, major=9, minor=5
         - MemoryWrite@mem.zir:99
           cycle=22779, step=3929, pc=0x00000000, major=9, minor=5
       Global: memory permutation violated
         0x10FEFFDEC (data): wrote 0x7fffffff, expected 0x6f9b1475 (cycle 45559)
  [236] ✓ MEM_VAL_MOD @ step 529: 5 failures, 3291ms, outcome: REJECTED, exit: 101 [proof:GENERATED] G=memory
       r=0.017  T_new=0.00 F_new=0.99 F_rare=1.00 U=0 Q=0.04 Q_l=0.19 Q_g=0.19 dl=5 dg=10
       Value: 0x02E57663 -> 0x245D50AF
       Transaction: other_mem_read (READ) at address 0x00206178
       zkVM errors (3 lines):
         • [prover_impl.rs:280] verify segment (internal proof verification failed)
         • [ffi.cpp:113] address mismatch at cycle 17132: preflight=0x3fffc02a, actual=0x3fffc03a
         • [kernels/cxx/ffi.cpp:208] SKIP THROW: memory peek not in preflight
       Local constraints hit (5 unique):
         - IsRead@mem.zir:79
           cycle=17132, step=529, pc=0x002061A4, major=2, minor=2
         - IsRead@mem.zir:80
           cycle=17132, step=529, pc=0x002061A4, major=2, minor=2
         - MemoryWrite@mem.zir:99
           cycle=17140, step=537, pc=0x002031B8, major=2, minor=4
         - VerifyOpcodeF3@inst.zir:96
           cycle=17132, step=529, pc=0x002061A4, major=2, minor=2
         - VerifyOpcodeF3@inst.zir:97
           cycle=17132, step=529, pc=0x002061A4, major=2, minor=2
       Global: memory permutation violated (21 addrs: 4 register, 17 code)
         x5/t0: expected write missing, needed 0x00000004 (cycle 34205)
         x10/a0: unexpected write 0x00000004 (cycle 34262)
         x14/a4: unexpected write 0x00000004 (cycle 34205)
         + 17 code addresses diverged (instruction fetch cascade)
         + 1 more addresses
  [237] ✓ MEM_VAL_MOD @ step 368: 0 failures, 3323ms, outcome: REJECTED, exit: 101 [proof:GENERATED] G=memory[GO]
       r=0.281  T_new=0.00 F_new=0.39 F_rare=1.00 U=0 Q=0.85 Q_l=1.00 Q_g=0.85 dl=0 dg=1
       Value: 0x00000005 -> 0xBE1A650B
       Transaction: other_mem_write (WRITE) at address 0x0020036c
       zkVM errors (1 lines):
         • [prover_impl.rs:280] verify segment (internal proof verification failed)
       Global: memory permutation violated [GLOBAL-ONLY]
         0x0020036C (data): wrote 0xbe1a650b, expected 0x00000005 (cycle 33911)
  [238] ✓ MEM_VAL_MOD @ step 0: 10 failures, 3316ms, outcome: REJECTED, exit: 101 [proof:GENERATED] G=memory
       r=0.079  T_new=0.00 F_new=0.39 F_rare=0.67 U=0 Q=0.31 Q_l=0.37 Q_g=0.85 dl=3 dg=1
       Value: 0x30467C15 -> 0x00000020
       Transaction: other_mem_read (READ) at address 0x10dffbfd8
       zkVM errors (2 lines):
         • [prover_impl.rs:280] verify segment (internal proof verification failed)
         • [kernels/cxx/buffers.h:43] SKIP THROW: Inconsistent set
       Local constraints hit (3 unique):
         - IsRead@mem.zir:79
           cycle=954, step=0, pc=0x00000000, major=9, minor=2
         - IsRead@mem.zir:80
           cycle=954, step=0, pc=0x00000000, major=9, minor=2
         - PoseidonCheckOut@inst_p2.zir:265 (x8)
           cycle=964, step=0, pc=0x00000000, major=9, minor=5
       Global: memory permutation violated
         0x10DFFBFD8 (data): wrote 0x00000020, expected 0x30467c15 (cycle 1908)
  [239] ✓ PRE_EXEC_REG_MOD @ step 2922: 2 failures, 3288ms, outcome: REJECTED, exit: 101 [proof:GENERATED] G=memory
       r=0.183  T_new=0.00 F_new=0.78 F_rare=1.00 U=0 Q=0.43 Q_l=0.51 Q_g=0.85 dl=2 dg=1
       Value: 0x00000000 -> 0x2E061496
       Register: x28 (t3), READ, strategy=next_read
       zkVM errors (1 lines):
         • [prover_impl.rs:280] verify segment (internal proof verification failed)
       Local constraints hit (2 unique):
         - IsRead@mem.zir:79
           cycle=19650, step=2922, pc=0x002053AC, major=1, minor=2
         - IsRead@mem.zir:80
           cycle=19650, step=2922, pc=0x002053AC, major=1, minor=2
       Global: memory permutation violated
         x28/t3: wrote 0x2e061496, expected 0x00000000 (cycle 39300)
  [240] ✓ PRE_EXEC_REG_MOD @ step 1951: 3 failures, 3266ms, outcome: REJECTED, exit: 101 [proof:GENERATED] G=memory
       r=0.094  T_new=0.00 F_new=0.78 F_rare=1.00 U=0 Q=0.22 Q_l=0.37 Q_g=0.61 dl=3 dg=3
       Value: 0x0021BA8D -> 0x67917FA3
       Register: x11 (a1), READ, strategy=next_read
       zkVM errors (3 lines):
         • [prover_impl.rs:280] verify segment (internal proof verification failed)
         • [ffi.cpp:113] address mismatch at cycle 18600: preflight=0x00086ea3, actual=0x19e45fe8
         • [kernels/cxx/ffi.cpp:208] SKIP THROW: memory peek not in preflight
       Local constraints hit (3 unique):
         - IsRead@mem.zir:79
           cycle=18600, step=1951, pc=0x002184C4, major=5, minor=3
         - IsRead@mem.zir:80
           cycle=18600, step=1951, pc=0x002184C4, major=5, minor=3
         - MemoryWrite@mem.zir:99
           cycle=18600, step=1951, pc=0x002184C4, major=5, minor=3
       Global: memory permutation violated
         0x67917FA0 (data): expected write missing, needed 0x425f5453 (cycle 37186)
         x11/a1: wrote 0x67917fa3, expected 0x0021ba8d (cycle 37200)
         0x0021BA8C (code): unexpected write 0x425f5453 (cycle 37186)
  [241] ✓ PRE_EXEC_REG_MOD @ step 2567: 4 failures, 3370ms, outcome: REJECTED, exit: 101 [proof:GENERATED] G=memory
       r=0.058  T_new=0.00 F_new=0.39 F_rare=0.69 U=0 Q=0.22 Q_l=0.26 Q_g=0.85 dl=4 dg=1
       Value: 0xE00067A1 -> 0x610125B1
       Register: x11 (a1), READ, strategy=next_read
       zkVM errors (1 lines):
         • [prover_impl.rs:280] verify segment (internal proof verification failed)
       Local constraints hit (4 unique):
         - IsRead@mem.zir:79
           cycle=19295, step=2567, pc=0x00201508, major=6, minor=2
         - IsRead@mem.zir:80
           cycle=19295, step=2567, pc=0x00201508, major=6, minor=2
         - MemoryWrite@mem.zir:100
           cycle=19295, step=2567, pc=0x00201508, major=6, minor=2
         - MemoryWrite@mem.zir:99
           cycle=19295, step=2567, pc=0x00201508, major=6, minor=2
       Global: memory permutation violated
         x11/a1: wrote 0x610125b1, expected 0xe00067a1 (cycle 38590)
  [242] ✓ PRE_EXEC_REG_MOD @ step 2309: 4 failures, 3280ms, outcome: REJECTED, exit: 101 [proof:GENERATED] G=memory
       r=0.061  T_new=0.00 F_new=0.39 F_rare=0.75 U=0 Q=0.22 Q_l=0.26 Q_g=0.85 dl=4 dg=1
       Value: 0x00000000 -> 0xF9A1AD6B
       Register: x10 (a0), READ, strategy=next_read
       zkVM errors (1 lines):
         • [prover_impl.rs:280] verify segment (internal proof verification failed)
       Local constraints hit (4 unique):
         - IsRead@mem.zir:79
           cycle=18963, step=2309, pc=0x002012B4, major=3, minor=1
         - IsRead@mem.zir:80
           cycle=18963, step=2309, pc=0x002012B4, major=3, minor=1
         - MemoryWrite@mem.zir:100
           cycle=18963, step=2309, pc=0x002012B4, major=3, minor=1
         - MemoryWrite@mem.zir:99
           cycle=18963, step=2309, pc=0x002012B4, major=3, minor=1
       Global: memory permutation violated
         x10/a0: wrote 0xf9a1ad6b, expected 0x00000000 (cycle 37926)
  [243] ✓ PRE_EXEC_REG_MOD @ step 921: 2 failures, 3280ms, outcome: REJECTED, exit: 101 [proof:GENERATED] G=memory
       r=0.116  T_new=0.00 F_new=0.39 F_rare=0.72 U=0 Q=0.43 Q_l=0.51 Q_g=0.85 dl=2 dg=1
       Value: 0x00000004 -> 0x00000001
       Register: x10 (a0), READ, strategy=next_read
       zkVM errors (1 lines):
         • [prover_impl.rs:280] verify segment (internal proof verification failed)
       Local constraints hit (2 unique):
         - IsRead@mem.zir:79
           cycle=17554, step=921, pc=0x002061A8, major=4, minor=2
         - MemoryWrite@mem.zir:99
           cycle=17554, step=921, pc=0x002061A8, major=4, minor=2
       Global: memory permutation violated
         x10/a0: wrote 0x00000001, expected 0x00000004 (cycle 35108)
  [244] ✓ PRE_EXEC_REG_MOD @ step 2478: 4 failures, 3312ms, outcome: REJECTED, exit: 101 [proof:GENERATED] G=memory
       r=0.055  T_new=0.00 F_new=0.39 F_rare=0.64 U=0 Q=0.22 Q_l=0.26 Q_g=0.85 dl=4 dg=1
       Value: 0x00000003 -> 0x2E000477
       Register: x5 (t0), READ, strategy=next_read
       zkVM errors (1 lines):
         • [prover_impl.rs:280] verify segment (internal proof verification failed)
       Local constraints hit (4 unique):
         - IsRead@mem.zir:79
           cycle=19132, step=2478, pc=0xC0000074, major=5, minor=2
         - IsRead@mem.zir:80
           cycle=19132, step=2478, pc=0xC0000074, major=5, minor=2
         - MemoryWrite@mem.zir:100
           cycle=19132, step=2478, pc=0xC0000074, major=5, minor=2
         - MemoryWrite@mem.zir:99
           cycle=19132, step=2478, pc=0xC0000074, major=5, minor=2
       Global: memory permutation violated
         x5/t0: wrote 0x2e000477, expected 0x00000003 (cycle 38264)
  [245] ✓ PRE_EXEC_REG_MOD @ step 529: 1 failures, 3308ms, outcome: REJECTED, exit: 101 [proof:GENERATED] G=memory
       r=0.171  T_new=0.00 F_new=0.39 F_rare=0.79 U=0 Q=0.61 Q_l=0.72 Q_g=0.85 dl=1 dg=1
       Value: 0x00000004 -> 0x00000104
       Register: x10 (a0), READ, strategy=next_read
       zkVM errors (1 lines):
         • [prover_impl.rs:280] verify segment (internal proof verification failed)
       Local constraints hit (1 unique):
         - IsRead@mem.zir:79
           cycle=17132, step=529, pc=0x002061A4, major=2, minor=2
       Global: memory permutation violated
         x10/a0: wrote 0x00000104, expected 0x00000004 (cycle 34264)
  [246] ✓ PRE_EXEC_REG_MOD @ step 0: 9 failures, 3339ms, outcome: REJECTED, exit: 101 [proof:GENERATED] G=memory
       r=0.109  T_new=0.00 F_new=0.39 F_rare=0.66 U=0 Q=0.43 Q_l=0.51 Q_g=0.85 dl=2 dg=1
       Value: 0x00000000 -> 0x00000001
       Register: x18 (s2), READ, strategy=next_read
       zkVM errors (2 lines):
         • [prover_impl.rs:280] verify segment (internal proof verification failed)
         • [kernels/cxx/buffers.h:43] SKIP THROW: Inconsistent set
       Local constraints hit (2 unique):
         - IsRead@mem.zir:79
           cycle=15987, step=0, pc=0x00000000, major=9, minor=2
         - PoseidonCheckOut@inst_p2.zir:265 (x8)
           cycle=16247, step=0, pc=0x00000000, major=9, minor=5
       Global: memory permutation violated
         x18/s2: wrote 0x00000001, expected 0x00000000 (cycle 31974)
  [247] ✓ STORE_OUT_MOD @ step 3582: 2 failures, 3285ms, outcome: REJECTED, exit: 101 [proof:GENERATED] G=memory
       r=0.108  T_new=0.00 F_new=0.39 F_rare=0.65 U=0 Q=0.43 Q_l=0.51 Q_g=0.85 dl=2 dg=1
       Value: 0x00000020 -> 0x20000000
       Store address: 0x00200178
       zkVM errors (1 lines):
         • [prover_impl.rs:280] verify segment (internal proof verification failed)
       Local constraints hit (2 unique):
         - MemoryWrite@mem.zir:100
           cycle=20458, step=3582, pc=0x0020563C, major=6, minor=2
         - MemoryWrite@mem.zir:99
           cycle=20458, step=3582, pc=0x0020563C, major=6, minor=2
       Global: memory permutation violated
         0x00200178 (data): wrote 0x20000000, expected 0x00000020 (cycle 40917)
  [248] ✓ STORE_OUT_MOD @ step 3909: 2 failures, 3280ms, outcome: REJECTED, exit: 101 [proof:GENERATED] G=memory
       r=0.108  T_new=0.00 F_new=0.39 F_rare=0.64 U=0 Q=0.43 Q_l=0.51 Q_g=0.85 dl=2 dg=1
       Value: 0x934D777C -> 0x73C1781E
       Store address: 0xffff0248
       zkVM errors (1 lines):
         • [prover_impl.rs:280] verify segment (internal proof verification failed)
       Local constraints hit (2 unique):
         - MemoryWrite@mem.zir:100
           cycle=20859, step=3909, pc=0xC00000AC, major=6, minor=2
         - MemoryWrite@mem.zir:99
           cycle=20859, step=3909, pc=0xC00000AC, major=6, minor=2
       Global: memory permutation violated
         0xFFFF0248 (data): wrote 0x73c1781e, expected 0x934d777c (cycle 41719)
  [249] ✓ COMP_OUT_MOD @ step 1260: 2 failures, 3288ms, outcome: REJECTED, exit: 101 [proof:GENERATED] G=memory
       r=0.129  T_new=0.00 F_new=0.39 F_rare=0.85 U=0 Q=0.43 Q_l=0.51 Q_g=0.85 dl=2 dg=1
       Value: 0x00000001 -> 0x00100000
       Destination: rd = x13 (a3)
       zkVM errors (1 lines):
         • [prover_impl.rs:280] verify segment (internal proof verification failed)
       Local constraints hit (2 unique):
         - MemoryWrite@mem.zir:100
           cycle=17904, step=1260, pc=0x00203304, major=0, minor=3
         - MemoryWrite@mem.zir:99
           cycle=17904, step=1260, pc=0x00203304, major=0, minor=3
       Global: memory permutation violated
         x13/a3: wrote 0x00100000, expected 0x00000001 (cycle 35809)
  [250] ✓ COMP_OUT_MOD @ step 2924: 1 failures, 3285ms, outcome: REJECTED, exit: 101 [proof:GENERATED] G=memory
       r=0.150  T_new=0.00 F_new=0.39 F_rare=0.64 U=0 Q=0.61 Q_l=0.72 Q_g=0.85 dl=1 dg=1
       Value: 0x00000060 -> 0x00000002
       Destination: rd = x15 (a5)
       zkVM errors (1 lines):
         • [prover_impl.rs:280] verify segment (internal proof verification failed)
       Local constraints hit (1 unique):
         - MemoryWrite@mem.zir:99
           cycle=19652, step=2924, pc=0x002053B4, major=3, minor=1
       Global: memory permutation violated
         x15/a5: wrote 0x00000002, expected 0x00000060 (cycle 39305)
  [251] ✓ COMP_OUT_MOD @ step 765: 1 failures, 3295ms, outcome: REJECTED, exit: 101 [proof:GENERATED] G=memory
       r=0.150  T_new=0.00 F_new=0.39 F_rare=0.64 U=0 Q=0.61 Q_l=0.72 Q_g=0.85 dl=1 dg=1
       Value: 0x00000001 -> 0x00008000
       Destination: rd = x11 (a1)
       zkVM errors (1 lines):
         • [prover_impl.rs:280] verify segment (internal proof verification failed)
       Local constraints hit (1 unique):
         - MemoryWrite@mem.zir:99
           cycle=17386, step=765, pc=0x002061A8, major=4, minor=2
       Global: memory permutation violated
         x11/a1: wrote 0x00008000, expected 0x00000001 (cycle 34773)
  [252] ✓ COMP_OUT_MOD @ step 999: 2 failures, 3273ms, outcome: REJECTED, exit: 101 [proof:GENERATED] G=memory
       r=0.122  T_new=0.00 F_new=0.39 F_rare=0.79 U=0 Q=0.43 Q_l=0.51 Q_g=0.85 dl=2 dg=1
       Value: 0x00000004 -> 0xF7FFFFFB
       Destination: rd = x16 (a6)
       zkVM errors (1 lines):
         • [prover_impl.rs:280] verify segment (internal proof verification failed)
       Local constraints hit (2 unique):
         - MemoryWrite@mem.zir:100
           cycle=17638, step=999, pc=0x00206178, major=0, minor=0
         - MemoryWrite@mem.zir:99
           cycle=17638, step=999, pc=0x00206178, major=0, minor=0
       Global: memory permutation violated
         x16/a6: wrote 0xf7fffffb, expected 0x00000004 (cycle 35277)
  [253] ✓ INSTR_TYPE_MOD @ step 1312: 3 failures, 3311ms, outcome: REJECTED, exit: 101 [proof:GENERATED] [+34 touch] G=memory
       r=0.173  T_new=0.62 F_new=0.92 F_rare=1.00 U=0 Q=0.26 Q_l=0.37 Q_g=0.72 dl=3 dg=2
       Value: 0x00010006 -> 0x00010003
       Original: Bne [major=1, minor=6]
       Mutated:  SltI [major=1, minor=3]
       zkVM errors (3 lines):
         • [prover_impl.rs:280] verify segment (internal proof verification failed)
         • [ffi.cpp:113] address mismatch at cycle 17956: preflight=0x3fffc060, actual=0x3fffc02c
         • [kernels/cxx/ffi.cpp:208] SKIP THROW: memory peek not in preflight
       Local constraints hit (3 unique):
         - MemoryWrite@mem.zir:99
           cycle=17956, step=1312, pc=0x002035E0, major=1, minor=3
         - VerifyOpcodeF3@inst.zir:96
           cycle=17956, step=1312, pc=0x002035E0, major=1, minor=3
         - VerifyOpcodeF3@inst.zir:97
           cycle=17956, step=1312, pc=0x002035E0, major=1, minor=3
       Global: memory permutation violated
         x12/a2: expected write missing, needed 0x00000000 (cycle 35909)
         0xFFFF0180 (data): unexpected write 0x00000000 (cycle 35909)
  [254] ✓ INSTR_TYPE_MOD @ step 1153: 1 failures, 3260ms, outcome: REJECTED, exit: 101 [proof:GENERATED]
       r=0.149  T_new=0.00 F_new=0.00 F_rare=0.71 U=0 Q=0.72 Q_l=0.72 Q_g=1.00 dl=1 dg=0
       Value: 0x00050003 -> 0x00050004
       Original: LbU [major=5, minor=3]
       Mutated:  LhU [major=5, minor=4]
       zkVM errors (1 lines):
         • [prover_impl.rs:280] verify segment (internal proof verification failed)
       Local constraints hit (1 unique):
         - VerifyOpcodeF3@inst.zir:97
           cycle=17797, step=1153, pc=0x00209A34, major=5, minor=4
       Global: no permutation/lookup violations (local-only)
  [255] ✓ INSTR_TYPE_MOD @ step 319: 2 failures, 3330ms, outcome: REJECTED, exit: 101 [proof:GENERATED] G=memory|cycle
       r=0.103  T_new=0.00 F_new=0.78 F_rare=1.00 U=0 Q=0.22 Q_l=0.51 Q_g=0.43 dl=2 dg=5
       Value: 0x00060002 -> 0x00030004
       Original: Sw [major=6, minor=2]
       Mutated:  MulHSU [major=3, minor=4]
       zkVM errors (3 lines):
         • [prover_impl.rs:280] verify segment (internal proof verification failed)
         • [ffi.cpp:113] address mismatch at cycle 16904: preflight=0x000800da, actual=0x3fffc028
         • [kernels/cxx/ffi.cpp:208] SKIP THROW: memory peek not in preflight
       Local constraints hit (2 unique):
         - VerifyOpcodeF3F7@inst.zir:102
           cycle=16904, step=319, pc=0x00200874, major=3, minor=4
         - VerifyOpcodeF3F7@inst.zir:104
           cycle=16904, step=319, pc=0x00200874, major=3, minor=4
       Global: memory permutation violated
         0x00200368 (data): unexpected write 0x00000000 (cycle 33664)
         x8/s0: expected write missing, needed 0x00000000 (cycle 33664)
       Global: cycle lookup violated (3 indices broken)
         index 0: 2254 provides, 1 uses (imbalanced)
         index 143: 2 provides, 1 uses (imbalanced)
         index 144: 8 provides, 1 uses (imbalanced)
  [256] ✓ INSTR_TYPE_MOD @ step 886: 5 failures, 3288ms, outcome: REJECTED, exit: 101 [proof:GENERATED]
       r=0.084  T_new=0.00 F_new=0.86 F_rare=1.00 U=0 Q=0.19 Q_l=0.19 Q_g=1.00 dl=5 dg=0
       Value: 0x00030001 -> 0x00030002
       Original: SllI [major=3, minor=1]
       Mutated:  Mul [major=3, minor=2]
       zkVM errors (1 lines):
         • [prover_impl.rs:280] verify segment (internal proof verification failed)
       Local constraints hit (5 unique):
         - MemoryWrite@mem.zir:100
           cycle=17513, step=886, pc=0x00206134, major=3, minor=2
         - MemoryWrite@mem.zir:99
           cycle=17513, step=886, pc=0x00206134, major=3, minor=2
         - VerifyOpcodeF3F7@inst.zir:102
           cycle=17513, step=886, pc=0x00206134, major=3, minor=2
         - VerifyOpcodeF3F7@inst.zir:103
           cycle=17513, step=886, pc=0x00206134, major=3, minor=2
         - VerifyOpcodeF3F7@inst.zir:104
           cycle=17513, step=886, pc=0x00206134, major=3, minor=2
       Global: no permutation/lookup violations (local-only)
  [257] ✓ INSTR_TYPE_MOD @ step 688: 4 failures, 3229ms, outcome: REJECTED, exit: 101 [proof:GENERATED]
       r=0.045  T_new=0.00 F_new=0.00 F_rare=0.71 U=0 Q=0.26 Q_l=0.26 Q_g=1.00 dl=4 dg=0
       Value: 0x00040002 -> 0x00000000
       Original: SrlI [major=4, minor=2]
       Mutated:  Add [major=0, minor=0]
       zkVM errors (1 lines):
         • [prover_impl.rs:280] verify segment (internal proof verification failed)
       Local constraints hit (4 unique):
         - MemoryWrite@mem.zir:100
           cycle=17303, step=688, pc=0x002061A8, major=0, minor=0
         - MemoryWrite@mem.zir:99
           cycle=17303, step=688, pc=0x002061A8, major=0, minor=0
         - VerifyOpcodeF3F7@inst.zir:102
           cycle=17303, step=688, pc=0x002061A8, major=0, minor=0
         - VerifyOpcodeF3F7@inst.zir:103
           cycle=17303, step=688, pc=0x002061A8, major=0, minor=0
       Global: no permutation/lookup violations (local-only)
  [258] ✓ INSTR_TYPE_MOD @ step 1846: 2 failures, 3396ms, outcome: REJECTED, exit: 101 [proof:GENERATED] G=memory
       r=0.143  T_new=0.00 F_new=0.63 F_rare=1.00 U=0 Q=0.37 Q_l=0.51 Q_g=0.72 dl=2 dg=2
       Value: 0x00050002 -> 0x00010002
       Original: Lw [major=5, minor=2]
       Mutated:  AndI [major=1, minor=2]
       zkVM errors (3 lines):
         • [prover_impl.rs:280] verify segment (internal proof verification failed)
         • [ffi.cpp:113] address mismatch at cycle 18490: preflight=0x3fffc02a, actual=0x3fffc008
         • [kernels/cxx/ffi.cpp:208] SKIP THROW: memory peek not in preflight
       Local constraints hit (2 unique):
         - VerifyOpcodeF3@inst.zir:96
           cycle=18490, step=1846, pc=0xC0000140, major=1, minor=2
         - VerifyOpcodeF3@inst.zir:97
           cycle=18490, step=1846, pc=0xC0000140, major=1, minor=2
       Global: memory permutation violated
         0xFFFF0020 (data): expected write missing, needed 0x00000000 (cycle 36955)
         x10/a0: unexpected write 0x00000000 (cycle 36955)
  [259] ✓ INSTR_TYPE_MOD @ step 1089: 3 failures, 3324ms, outcome: REJECTED, exit: 101 [proof:GENERATED]
       r=0.035  T_new=0.00 F_new=0.00 F_rare=0.39 U=0 Q=0.37 Q_l=0.37 Q_g=1.00 dl=3 dg=0
       Value: 0x00000001 -> 0x00040002
       Original: Sub [major=0, minor=1]
       Mutated:  SrlI [major=4, minor=2]
       zkVM errors (1 lines):
         • [prover_impl.rs:280] verify segment (internal proof verification failed)
       Local constraints hit (3 unique):
         - VerifyOpcodeF3F7@inst.zir:102
           cycle=17733, step=1089, pc=0x00206348, major=4, minor=2
         - VerifyOpcodeF3F7@inst.zir:103
           cycle=17733, step=1089, pc=0x00206348, major=4, minor=2
         - VerifyOpcodeF3F7@inst.zir:104
           cycle=17733, step=1089, pc=0x00206348, major=4, minor=2
       Global: no permutation/lookup violations (local-only)
  [260] ✓ INSTR_TYPE_MOD @ step 1850: 6 failures, 3354ms, outcome: REJECTED, exit: 101 [proof:GENERATED] [+50 touch] G=memory|cycle
       r=0.018  T_new=0.76 F_new=1.00 F_rare=1.00 U=0 Q=0.03 Q_l=0.14 Q_g=0.19 dl=6 dg=10
       Value: 0x00000007 -> 0x00040003
       Original: AddI [major=0, minor=7]
       Mutated:  SraI [major=4, minor=3]
       zkVM errors (3 lines):
         • [prover_impl.rs:280] verify segment (internal proof verification failed)
         • [ffi.cpp:113] address mismatch at cycle 18494: preflight=0x3fffc011, actual=0x3fffc000
         • [kernels/cxx/buffers.h:43] SKIP THROW: Inconsistent set
       Local constraints hit (6 unique):
         - ECallHostReadSetup@inst_ecall.zir:70
           cycle=18495, step=1850, pc=0xC0000150, major=8, minor=2
         - MemoryWrite@mem.zir:100
           cycle=18494, step=1850, pc=0xC000014C, major=4, minor=3
         - MemoryWrite@mem.zir:99
           cycle=18494, step=1850, pc=0xC000014C, major=4, minor=3
         - VerifyOpcodeF3F7@inst.zir:102
           cycle=18494, step=1850, pc=0xC000014C, major=4, minor=3
         - VerifyOpcodeF3F7@inst.zir:103
           cycle=18494, step=1850, pc=0xC000014C, major=4, minor=3
         - VerifyOpcodeF3F7@inst.zir:104
           cycle=18494, step=1850, pc=0xC000014C, major=4, minor=3
       Global: memory permutation violated
         0xC0000150 (data): unexpected write 0x00000513 (cycle 35452)
         0xC0000154 (data): expected write missing, needed 0x00000513 (cycle 35452)
         0xC0000158 (data): expected write missing, needed 0x02820593 (cycle 35454)
         0xC000015C (data): expected write missing, needed 0x00800613 (cycle 35456)
         0xC0000160 (data): expected write missing, needed 0x00000073 (cycle 35458)
         0xC0000164 (data): expected write missing, needed 0x30200073 (cycle 35464)
         0xFFFF0000 (data): expected write missing, needed 0x00000001 (cycle 36977)
         0xFFFF0044 (data): unexpected write 0x00000001 (cycle 36977)
         0xFFFF0100 (data): expected write missing, needed 0x0021a0f3 (cycle 36979)
       Global: cycle lookup violated (1 indices broken)
         index 9: 344 provides, 1 uses (imbalanced)
  [261] ✓ INSTR_TYPE_MOD @ step 0: 5 failures, 3347ms, outcome: REJECTED, exit: 101 [proof:GENERATED] G=memory|cycle
       r=0.018  T_new=0.00 F_new=0.00 F_rare=0.64 U=0 Q=0.11 Q_l=0.19 Q_g=0.61 dl=5 dg=3
       Value: 0x00020006 -> 0x00030001
       Original: Auipc [major=2, minor=6]
       Mutated:  SllI [major=3, minor=1]
       zkVM errors (3 lines):
         • [prover_impl.rs:280] verify segment (internal proof verification failed)
         • [ffi.cpp:113] address mismatch at cycle 0: preflight=0x44000000, actual=0x00000000
         • [kernels/cxx/ffi.cpp:208] SKIP THROW: memory peek not in preflight
       Local constraints hit (5 unique):
         - AddrDecompose@u32.zir:67
           cycle=0, step=0, pc=0x00000000, major=3, minor=1
         - ControlLoadRootAndNonce@inst_control.zir:23
           cycle=1, step=0, pc=0x00000000, major=7, minor=0
         - MulInput@inst_mul.zir:8
           cycle=0, step=0, pc=0x00000000, major=3, minor=1
         - VerifyOpcodeF3F7@inst.zir:102
           cycle=0, step=0, pc=0x00000000, major=3, minor=1
         - VerifyOpcodeF3F7@inst.zir:103
           cycle=0, step=0, pc=0x00000000, major=3, minor=1
       Global: memory permutation violated
         0xFFFF0100 (data): expected write missing, needed 0x00000000 (cycle 0)
       Global: cycle lookup violated (2 indices broken)
         index 0: 2256 provides, 1 uses (imbalanced)
         index 2013265920: orphan provide (2 entries, no matching use)
  [262] ✓ INSTR_WORD_MOD_FULL @ step 3524: 2 failures, 3316ms, outcome: REJECTED, exit: 101 [proof:GENERATED] G=memory
       r=0.103  T_new=0.00 F_new=0.95 F_rare=1.00 U=0 Q=0.22 Q_l=0.51 Q_g=0.43 dl=2 dg=5
       Value: 0x06068663 -> 0xA849CC67
       Original: BEQ x13, x0, 108
       Mutated:  JALR x24, x19, -1404
       Format changed: B -> I
       zkVM errors (3 lines):
         • [prover_impl.rs:280] verify segment (internal proof verification failed)
         • [ffi.cpp:113] address mismatch at cycle 20326: preflight=0x3fffc02d, actual=0x3fffc033
         • [kernels/cxx/ffi.cpp:208] SKIP THROW: memory peek not in preflight
       Local constraints hit (2 unique):
         - VerifyOpcodeF3@inst.zir:96
           cycle=20326, step=3524, pc=0x002061D0, major=1, minor=5
         - VerifyOpcodeF3@inst.zir:97
           cycle=20326, step=3524, pc=0x002061D0, major=1, minor=5
       Global: memory permutation violated
         x0/zero: unexpected write 0x00000000 (cycle 40648)
         x4/tp: expected write missing, needed 0x00000000 (cycle 40648)
         x13/a3: unexpected write 0x00000001 (cycle 40645)
         x19/s3: expected write missing, needed 0x00000001 (cycle 40645)
         0x002061CC (code): wrote 0x06068663, expected 0xa849cc67 (cycle 39696)
  [263] ✓ INSTR_WORD_MOD_FULL @ step 1216: 0 failures, 3325ms, outcome: REJECTED, exit: 101 [proof:GENERATED] G=memory[GO]
       r=0.256  T_new=0.00 F_new=0.78 F_rare=1.00 U=0 Q=0.61 Q_l=1.00 Q_g=0.61 dl=0 dg=3
       Value: 0x02C12083 -> 0x02C12483
       Original: LW x1, 44(x2)
       Mutated:  LW x9, 44(x2)
       zkVM errors (3 lines):
         • [prover_impl.rs:280] verify segment (internal proof verification failed)
         • [ffi.cpp:113] address mismatch at cycle 17860: preflight=0x3fffc021, actual=0x3fffc029
         • [kernels/cxx/ffi.cpp:208] SKIP THROW: memory peek not in preflight
       Global: memory permutation violated [GLOBAL-ONLY]
         x1/ra: unexpected write 0x00209a64 (cycle 35714)
         x9/s1: expected write missing, needed 0x00209a64 (cycle 35714)
         0x00209A6C (code): wrote 0x02c12083, expected 0x02c12483 (cycle 21286)
  [264] ✓ INSTR_WORD_MOD_FULL @ step 2803: 0 failures, 3271ms, outcome: REJECTED, exit: 101 [proof:GENERATED] G=memory[GO]
       r=0.256  T_new=0.00 F_new=0.78 F_rare=1.00 U=0 Q=0.61 Q_l=1.00 Q_g=0.61 dl=0 dg=3
       Value: 0x02D12C23 -> 0x22D12C23
       Original: SW x13, 56(x2)
       Mutated:  SW x13, 568(x2)
       zkVM errors (3 lines):
         • [prover_impl.rs:280] verify segment (internal proof verification failed)
         • [ffi.cpp:113] address mismatch at cycle 19531: preflight=0x0008009a, actual=0x0008011a
         • [kernels/cxx/ffi.cpp:208] SKIP THROW: memory peek not in preflight
       Global: memory permutation violated [GLOBAL-ONLY]
         0x00200268 (data): unexpected write 0x00000000 (cycle 4542)
         0x00200468 (data): expected write missing, needed 0x00000000 (cycle 4542)
         0x00203880 (code): wrote 0x02d12c23, expected 0x22d12c23 (cycle 11326)
  [265] ✓ INSTR_WORD_MOD_FULL @ step 3725: 0 failures, 3292ms, outcome: REJECTED, exit: 101 [proof:GENERATED] G=memory[GO]
       r=0.256  T_new=0.00 F_new=0.78 F_rare=1.00 U=0 Q=0.61 Q_l=1.00 Q_g=0.61 dl=0 dg=3
       Value: 0x02E585B3 -> 0x02E581B3
       Original: ADD x11, x11, x14
       Mutated:  ADD x3, x11, x14
       zkVM errors (3 lines):
         • [prover_impl.rs:280] verify segment (internal proof verification failed)
         • [ffi.cpp:113] address mismatch at cycle 20601: preflight=0x3fffc02b, actual=0x3fffc023
         • [kernels/cxx/ffi.cpp:208] SKIP THROW: memory peek not in preflight
       Global: memory permutation violated [GLOBAL-ONLY]
         x3/gp: expected write missing, needed 0x00000000 (cycle 41202)
         x11/a1: unexpected write 0x00000000 (cycle 41202)
         0x0020325C (code): wrote 0x02e585b3, expected 0x02e581b3 (cycle 39602)
  [266] ✓ INSTR_WORD_MOD_FULL @ step 295: 2 failures, 3332ms, outcome: REJECTED, exit: 101 [proof:GENERATED] G=memory|cycle
       r=0.075  T_new=0.00 F_new=0.97 F_rare=1.00 U=0 Q=0.16 Q_l=0.51 Q_g=0.31 dl=2 dg=7
       Value: 0x00255593 -> 0x00215593
       Original: SRLI x11, x10, 2
       Mutated:  SRLI x11, x2, 2
       zkVM errors (3 lines):
         • [prover_impl.rs:280] verify segment (internal proof verification failed)
         • [ffi.cpp:113] address mismatch at cycle 16880: preflight=0x3fffc02a, actual=0x3fffc022
         • [kernels/cxx/ffi.cpp:208] SKIP THROW: memory peek not in preflight
       Local constraints hit (2 unique):
         - MemoryWrite@mem.zir:100
           cycle=16880, step=295, pc=0x002061A8, major=4, minor=2
         - MemoryWrite@mem.zir:99
           cycle=16880, step=295, pc=0x002061A8, major=4, minor=2
       Global: memory permutation violated
         x2/sp: unexpected write 0x00200350 (cycle 33694)
         x10/a0: unexpected write 0x00000004 (cycle 33758)
         x11/a1: expected write missing, needed 0x00200350 (cycle 33694)
         0x002061A4 (code): wrote 0x00255593, expected 0x00215593 (cycle 17946)
       Global: cycle lookup violated (3 indices broken)
         index 7: 278 provides, 1 uses (imbalanced)
         index 65: 15 provides, 1 uses (imbalanced)
         index 66: 18 provides, 1 uses (imbalanced)
  [267] ✓ INSTR_WORD_MOD_FULL @ step 2: 1 failures, 3293ms, outcome: REJECTED, exit: 101 [proof:GENERATED] G=memory
       r=0.183  T_new=0.00 F_new=0.78 F_rare=1.00 U=0 Q=0.43 Q_l=0.72 Q_g=0.61 dl=1 dg=3
       Value: 0xFFF00137 -> 0xFFF80137
       Original: LUI x2, 0xfff00000
       Mutated:  LUI x2, 0xfff80000
       zkVM errors (3 lines):
         • [prover_impl.rs:280] verify segment (internal proof verification failed)
         • [ffi.cpp:113] address mismatch at cycle 16575: preflight=0x3fffc000, actual=0x3fffc010
         • [kernels/cxx/ffi.cpp:208] SKIP THROW: memory peek not in preflight
       Local constraints hit (1 unique):
         - MemoryWrite@mem.zir:100
           cycle=16575, step=2, pc=0xC000000C, major=2, minor=5
       Global: memory permutation violated
         0xC0000008 (data): wrote 0xfff00137, expected 0xfff80137 (cycle 29922)
         0xFFFF0000 (data): unexpected write 0x00000000 (cycle 33148)
         0xFFFF0040 (data): expected write missing, needed 0x00000000 (cycle 33148)
  [268] ✓ INSTR_WORD_MOD_FULL @ step 528: 0 failures, 3260ms, outcome: REJECTED, exit: 101 [proof:GENERATED] G=memory[GO]
       r=0.103  T_new=0.00 F_new=0.00 F_rare=0.71 U=0 Q=0.61 Q_l=1.00 Q_g=0.61 dl=0 dg=3
       Value: 0x01050833 -> 0x01050A33
       Original: ADD x16, x10, x16
       Mutated:  ADD x20, x10, x16
       zkVM errors (3 lines):
         • [prover_impl.rs:280] verify segment (internal proof verification failed)
         • [ffi.cpp:113] address mismatch at cycle 17131: preflight=0x3fffc030, actual=0x3fffc034
         • [kernels/cxx/ffi.cpp:208] SKIP THROW: memory peek not in preflight
       Global: memory permutation violated [GLOBAL-ONLY]
         x16/a6: unexpected write 0x00000000 (cycle 34262)
         x20/s4: expected write missing, needed 0x00000000 (cycle 34262)
         0x00206174 (code): wrote 0x01050833, expected 0x01050a33 (cycle 34094)
  [269] ✓ INSTR_WORD_MOD_SUR @ step 3305: 0 failures, 3263ms, outcome: REJECTED, exit: 101 [proof:GENERATED] G=memory[GO]
       r=0.256  T_new=0.00 F_new=0.78 F_rare=1.00 U=0 Q=0.61 Q_l=1.00 Q_g=0.61 dl=0 dg=3
       Value: 0x6A8080E7 -> 0x6A808967
       Surgical: rd = 1 -> 18
       Original: JALR x1, x1, 1704
       Mutated:  JALR x18, x1, 1704
       zkVM errors (3 lines):
         • [prover_impl.rs:280] verify segment (internal proof verification failed)
         • [ffi.cpp:113] address mismatch at cycle 20107: preflight=0x3fffc021, actual=0x3fffc032
         • [kernels/cxx/ffi.cpp:208] SKIP THROW: memory peek not in preflight
       Global: memory permutation violated [GLOBAL-ONLY]
         x1/ra: unexpected write 0x00204c34 (cycle 40214)
         x18/s2: expected write missing, needed 0x00204c34 (cycle 40214)
         0x00204C38 (code): wrote 0x6a8080e7, expected 0x6a808967 (cycle 14486)
  [270] ✓ INSTR_WORD_MOD_SUR @ step 1751: 1 failures, 3286ms, outcome: REJECTED, exit: 101 [proof:GENERATED] G=memory
       r=0.165  T_new=0.00 F_new=0.39 F_rare=0.75 U=0 Q=0.61 Q_l=0.72 Q_g=0.85 dl=1 dg=1
       Value: 0x0005C703 -> 0x0005D703
       Surgical: funct3 = 4 -> 5
       Original: LBU x14, 0(x11)
       Mutated:  LHU x14, 0(x11)
       zkVM errors (1 lines):
         • [prover_impl.rs:280] verify segment (internal proof verification failed)
       Local constraints hit (1 unique):
         - VerifyOpcodeF3@inst.zir:97
           cycle=18395, step=1751, pc=0x002184C4, major=5, minor=3
       Global: memory permutation violated
         0x002184C0 (code): wrote 0x0005c703, expected 0x0005d703 (cycle 36776)
  [271] ✓ INSTR_WORD_MOD_SUR @ step 193: 1 failures, 3312ms, outcome: REJECTED, exit: 101 [proof:GENERATED] G=memory
       r=0.183  T_new=0.00 F_new=0.78 F_rare=1.00 U=0 Q=0.43 Q_l=0.72 Q_g=0.61 dl=1 dg=3
       Value: 0x00912A23 -> 0x54912EA3
       Surgical: imm = 20 -> 1373
       Original: SW x9, 20(x2)
       Mutated:  SW x9, 1373(x2)
       zkVM errors (3 lines):
         • [prover_impl.rs:280] verify segment (internal proof verification failed)
         • [ffi.cpp:113] address mismatch at cycle 16772: preflight=0x000800f5, actual=0x00080247
         • [kernels/cxx/ffi.cpp:208] SKIP THROW: memory peek not in preflight
       Local constraints hit (1 unique):
         - OpSW@inst_mem.zir:160
           cycle=16772, step=193, pc=0x0020B890, major=6, minor=2
       Global: memory permutation violated
         0x002003D4 (data): unexpected write 0x00000000 (cycle 4762)
         0x0020091C (code): expected write missing, needed 0x00000000 (cycle 4762)
         0x0020B88C (code): wrote 0x00912a23, expected 0x54912ea3 (cycle 23562)
  [272] ✓ INSTR_WORD_MOD_SUR @ step 773: 3 failures, 3285ms, outcome: REJECTED, exit: 101 [proof:GENERATED] G=memory
       r=0.094  T_new=0.00 F_new=0.78 F_rare=1.00 U=0 Q=0.22 Q_l=0.37 Q_g=0.61 dl=3 dg=3
       Value: 0x00249493 -> 0xDDC49493
       Surgical: imm = 2 -> 3548
       Original: SLLI x9, x9, 2
       Mutated:  SLLI x9, x9, -548
       zkVM errors (3 lines):
         • [prover_impl.rs:280] verify segment (internal proof verification failed)
         • [ffi.cpp:113] address mismatch at cycle 17394: preflight=0x3fffc022, actual=0x3fffc03c
         • [kernels/cxx/ffi.cpp:208] SKIP THROW: memory peek not in preflight
       Local constraints hit (3 unique):
         - MemoryWrite@mem.zir:100
           cycle=17394, step=773, pc=0x002031BC, major=3, minor=1
         - MemoryWrite@mem.zir:99
           cycle=17394, step=773, pc=0x002031BC, major=3, minor=1
         - VerifyOpcodeF3F7@inst.zir:104
           cycle=17394, step=773, pc=0x002031BC, major=3, minor=1
       Global: memory permutation violated
         x2/sp: unexpected write 0x00200350 (cycle 34772)
         x28/t3: expected write missing, needed 0x00200350 (cycle 34772)
         0x002031B8 (code): wrote 0x00249493, expected 0xddc49493 (cycle 34622)
  [273] ✓ INSTR_WORD_MOD_SUR @ step 374: 1 failures, 3393ms, outcome: REJECTED, exit: 101 [proof:GENERATED] G=memory
       r=0.155  T_new=0.00 F_new=0.39 F_rare=0.68 U=0 Q=0.61 Q_l=0.72 Q_g=0.85 dl=1 dg=1
       Value: 0x00255593 -> 0x00255597
       Surgical: opcode = 19 -> 23
       Original: SRLI x11, x10, 2
       Mutated:  AUIPC x11, 0x255000
       zkVM errors (1 lines):
         • [prover_impl.rs:280] verify segment (internal proof verification failed)
       Local constraints hit (1 unique):
         - VerifyOpcodeF3F7@inst.zir:102
           cycle=16965, step=374, pc=0x002061A8, major=4, minor=2
       Global: memory permutation violated
         0x002061A4 (code): wrote 0x00255593, expected 0x00255597 (cycle 33760)
  [274] ✓ INSTR_WORD_MOD_SUR @ step 1084: 0 failures, 3313ms, outcome: REJECTED, exit: 101 [proof:GENERATED] G=memory[GO]
       r=0.281  T_new=0.00 F_new=0.39 F_rare=1.00 U=0 Q=0.85 Q_l=1.00 Q_g=0.85 dl=0 dg=1
       Value: 0x00C9EE63 -> 0x52C9EDE3
       Surgical: imm = 28 -> 3386
       Original: BLTU x19, x12, 28
       Mutated:  BLTU x19, x12, 3386
       zkVM errors (1 lines):
         • [prover_impl.rs:280] verify segment (internal proof verification failed)
       Global: memory permutation violated [GLOBAL-ONLY]
         0xC0000148 (data): wrote 0x00c9ee63, expected 0x52c9ede3 (cycle 35254)
  [275] ✓ INSTR_WORD_MOD_SUR @ step 294: 1 failures, 3303ms, outcome: REJECTED, exit: 101 [proof:GENERATED] G=memory
       r=0.064  T_new=0.00 F_new=0.99 F_rare=1.00 U=0 Q=0.14 Q_l=0.72 Q_g=0.19 dl=1 dg=10
       Value: 0x02E57663 -> 0x48E57CE3
       Surgical: imm = 44 -> 3224
       Original: BGEU x10, x14, 44
       Mutated:  BGEU x10, x14, 3224
       zkVM errors (3 lines):
         • [prover_impl.rs:280] verify segment (internal proof verification failed)
         • [ffi.cpp:113] address mismatch at cycle 16880: preflight=0x00081869, actual=0x00081b84
         • [kernels/cxx/buffers.h:43] SKIP THROW: Inconsistent set
       Local constraints hit (1 unique):
         - MemoryWrite@mem.zir:99
           cycle=16887, step=302, pc=0x002031B8, major=2, minor=4
       Global: memory permutation violated (17 addrs: 17 code)
         + 17 code addresses diverged (instruction fetch cascade)
  [276] ✓ LOAD_VAL_MOD @ step 1412: 2 failures, 3287ms, outcome: REJECTED, exit: 101 [proof:GENERATED] G=memory
       r=0.116  T_new=0.00 F_new=0.39 F_rare=0.72 U=0 Q=0.43 Q_l=0.51 Q_g=0.85 dl=2 dg=1
       Value: 0x000000F3 -> 0xFE1EB280
       Load destination: rd = x13 (a3)
       zkVM errors (1 lines):
         • [prover_impl.rs:280] verify segment (internal proof verification failed)
       Local constraints hit (2 unique):
         - MemoryWrite@mem.zir:100
           cycle=18056, step=1412, pc=0x002184C0, major=5, minor=3
         - MemoryWrite@mem.zir:99
           cycle=18056, step=1412, pc=0x002184C0, major=5, minor=3
       Global: memory permutation violated
         x13/a3: wrote 0xfe1eb280, expected 0x000000f3 (cycle 36113)
  [277] ✓ LOAD_VAL_MOD @ step 1855: 2 failures, 3337ms, outcome: REJECTED, exit: 101 [proof:GENERATED] G=memory
       r=0.105  T_new=0.00 F_new=0.39 F_rare=0.61 U=0 Q=0.43 Q_l=0.51 Q_g=0.85 dl=2 dg=1
       Value: 0x002000A0 -> 0xDD9AF67D
       Load destination: rd = x8 (s0/fp)
       zkVM errors (1 lines):
         • [prover_impl.rs:280] verify segment (internal proof verification failed)
       Local constraints hit (2 unique):
         - MemoryWrite@mem.zir:100
           cycle=18504, step=1855, pc=0x00205FFC, major=5, minor=2
         - MemoryWrite@mem.zir:99
           cycle=18504, step=1855, pc=0x00205FFC, major=5, minor=2
       Global: memory permutation violated
         x8/s0: wrote 0xdd9af67d, expected 0x002000a0 (cycle 37009)
  [278] ✓ MEM_VAL_MOD @ step 2141: 1 failures, 3291ms, outcome: REJECTED, exit: 101 [proof:GENERATED] G=memory
       r=0.180  T_new=0.00 F_new=0.39 F_rare=0.85 U=0 Q=0.61 Q_l=0.72 Q_g=0.85 dl=1 dg=1
       Value: 0x00000000 -> 0x00000002
       Transaction: other_mem_write (WRITE) at address 0xffff0180
       zkVM errors (1 lines):
         • [prover_impl.rs:280] verify segment (internal proof verification failed)
       Local constraints hit (1 unique):
         - MemoryWrite@mem.zir:99
           cycle=18795, step=2141, pc=0x00202538, major=1, minor=5
       Global: memory permutation violated
         0xFFFF0180 (data): wrote 0x00000002, expected 0x00000000 (cycle 37591)
  [279] ✓ MEM_VAL_MOD @ step 3531: 4 failures, 3299ms, outcome: REJECTED, exit: 101 [proof:GENERATED] [+1 new] G=memory
       r=0.086  T_new=0.00 F_new=0.63 F_rare=1.00 U=0 Q=0.22 Q_l=0.26 Q_g=0.85 dl=4 dg=1
       Value: 0x00000073 -> 0x80000000
       Transaction: other_mem_read (READ) at address 0x002061ec
       zkVM errors (1 lines):
         • [prover_impl.rs:280] verify segment (internal proof verification failed)
       Local constraints hit (4 unique):
         - ControlUserECALL@inst_control.zir:77
           cycle=20333, step=3531, pc=0xC0000070, major=7, minor=2
         - ControlUserECALL@inst_control.zir:78
           cycle=20333, step=3531, pc=0xC0000070, major=7, minor=2
         - IsRead@mem.zir:79
           cycle=20333, step=3531, pc=0xC0000070, major=7, minor=2
         - IsRead@mem.zir:80
           cycle=20333, step=3531, pc=0xC0000070, major=7, minor=2
       Global: memory permutation violated
         0x002061EC (code): wrote 0x80000000, expected 0x00000073 (cycle 40666)
  [280] ✓ MEM_VAL_MOD @ step 3269: 4 failures, 3273ms, outcome: REJECTED, exit: 101 [proof:GENERATED] G=memory
       r=0.055  T_new=0.00 F_new=0.39 F_rare=0.63 U=0 Q=0.22 Q_l=0.26 Q_g=0.85 dl=4 dg=1
       Value: 0xD7E07D74 -> 0xDB6209C0
       Transaction: load_mem_read (READ) at address 0x002001d4
       zkVM errors (1 lines):
         • [prover_impl.rs:280] verify segment (internal proof verification failed)
       Local constraints hit (4 unique):
         - IsRead@mem.zir:79
           cycle=20071, step=3269, pc=0x00203424, major=5, minor=2
         - IsRead@mem.zir:80
           cycle=20071, step=3269, pc=0x00203424, major=5, minor=2
         - MemoryWrite@mem.zir:100
           cycle=20071, step=3269, pc=0x00203424, major=5, minor=2
         - MemoryWrite@mem.zir:99
           cycle=20071, step=3269, pc=0x00203424, major=5, minor=2
       Global: memory permutation violated
         0x002001D4 (data): wrote 0xdb6209c0, expected 0xd7e07d74 (cycle 40142)
  [281] ✓ MEM_VAL_MOD @ step 2380: 1 failures, 3273ms, outcome: REJECTED, exit: 101 [proof:GENERATED] G=memory
       r=0.155  T_new=0.00 F_new=0.39 F_rare=0.68 U=0 Q=0.61 Q_l=0.72 Q_g=0.85 dl=1 dg=1
       Value: 0x00000000 -> 0x00000200
       Transaction: store_rmw_read (READ) at address 0x00200328
       zkVM errors (1 lines):
         • [prover_impl.rs:280] verify segment (internal proof verification failed)
       Local constraints hit (1 unique):
         - IsRead@mem.zir:79
           cycle=19034, step=2380, pc=0x002032C8, major=6, minor=2
       Global: memory permutation violated
         0x00200328 (data): wrote 0x00000200, expected 0x00000000 (cycle 38068)
  [282] ✓ MEM_VAL_MOD @ step 1073: 1 failures, 3273ms, outcome: REJECTED, exit: 101 [proof:GENERATED] G=memory
       r=0.183  T_new=0.00 F_new=0.78 F_rare=1.00 U=0 Q=0.43 Q_l=0.72 Q_g=0.61 dl=1 dg=3
       Value: 0xFFFF0080 -> 0xFFFF0180
       Transaction: load_mem_read (READ) at address 0xffff0010
       zkVM errors (3 lines):
         • [prover_impl.rs:280] verify segment (internal proof verification failed)
         • [ffi.cpp:113] address mismatch at cycle 17712: preflight=0x3fffc025, actual=0x3fffc065
         • [kernels/cxx/ffi.cpp:208] SKIP THROW: memory peek not in preflight
       Local constraints hit (1 unique):
         - IsRead@mem.zir:79
           cycle=17712, step=1073, pc=0xC0000074, major=5, minor=2
       Global: memory permutation violated
         0xFFFF0010 (data): wrote 0xffff0180, expected 0xffff0080 (cycle 35424)
         x5/t0: unexpected write 0x00000002 (cycle 35409)
         0xFFFF0194 (data): expected write missing, needed 0x00000002 (cycle 35409)
  [283] ✓ MEM_VAL_MOD @ step 3929: 0 failures, 3310ms, outcome: REJECTED, exit: 101 [proof:GENERATED] G=memory[GO]
       r=0.281  T_new=0.00 F_new=0.39 F_rare=1.00 U=0 Q=0.85 Q_l=1.00 Q_g=0.85 dl=0 dg=1
       Value: 0x68DB8C70 -> 0x68DB8C68
       Transaction: other_mem_read (READ) at address 0x10ff8005c
       zkVM errors (2 lines):
         • [prover_impl.rs:280] verify segment (internal proof verification failed)
         • [kernels/cxx/buffers.h:43] SKIP THROW: Inconsistent set
       Global: memory permutation violated [GLOBAL-ONLY]
         0x10FF8005C (data): wrote 0x68db8c68, expected 0x68db8c70 (cycle 45694)
  [284] ✓ MEM_VAL_MOD @ step 451: 13 failures, 3344ms, outcome: REJECTED, exit: 101 [proof:GENERATED] [+2 touch] G=memory|cycle
       r=0.001  T_new=0.06 F_new=1.00 F_rare=1.00 U=0 Q=0.00 Q_l=0.02 Q_g=0.11 dl=12 dg=13
       Value: 0x02E57663 -> 0x00007FFF
       Transaction: other_mem_read (READ) at address 0x00206178
       zkVM errors (3 lines):
         • [prover_impl.rs:280] verify segment (internal proof verification failed)
         • [ffi.cpp:113] address mismatch at cycle 17048: preflight=0x3fffc02a, actual=0x3fffc020
         • [kernels/cxx/ffi.cpp:208] SKIP THROW: memory peek not in preflight
       Local constraints hit (5 unique):
         - DecodeInst@inst.zir:29 (x8)
           cycle=17049, step=452, pc=0x002061A8, major=4, minor=2
         - IsRead@mem.zir:79
           cycle=17048, step=451, pc=0x002061A4, major=2, minor=2
         - IsRead@mem.zir:80
           cycle=17048, step=451, pc=0x002061A4, major=2, minor=2
         - MemoryWrite@mem.zir:99 (x2)
           cycle=17048, step=451, pc=0x002061A4, major=2, minor=2
         - VerifyOpcodeF3@inst.zir:96
           cycle=17048, step=451, pc=0x002061A4, major=2, minor=2
       Global: memory permutation violated (21 addrs: 3 register, 17 code, 1 data)
         x0/zero: expected write missing, needed 0x00000004 (cycle 34094)
         x10/a0: unexpected write 0x00000004 (cycle 34094)
         x14/a4: unexpected write 0x00000004 (cycle 34037)
         + 17 code addresses diverged (instruction fetch cascade)
         + 1 more addresses
       Global: cycle lookup violated (3 indices broken)
         index 51: 18 provides, 1 uses (imbalanced)
         index 58: 21 provides, 1 uses (imbalanced)
         index 59: 9 provides, 1 uses (imbalanced)
  [285] ✓ MEM_VAL_MOD @ step 3557: 2 failures, 3259ms, outcome: REJECTED, exit: 101 [proof:GENERATED] G=memory
       r=0.183  T_new=0.00 F_new=0.78 F_rare=1.00 U=0 Q=0.43 Q_l=0.51 Q_g=0.85 dl=2 dg=1
       Value: 0x72F36E3C -> 0x949E7005
       Transaction: other_mem_write (WRITE) at address 0x002215d8
       zkVM errors (1 lines):
         • [prover_impl.rs:280] verify segment (internal proof verification failed)
       Local constraints hit (2 unique):
         - MemoryWrite@mem.zir:100
           cycle=20362, step=3557, pc=0xC0000554, major=11, minor=1
         - MemoryWrite@mem.zir:99
           cycle=20362, step=3557, pc=0xC0000554, major=11, minor=1
       Global: memory permutation violated
         0x002215D8 (code): wrote 0x949e7005, expected 0x72f36e3c (cycle 40725)
  [286] ✓ MEM_VAL_MOD @ step 0: 10 failures, 3294ms, outcome: REJECTED, exit: 101 [proof:GENERATED] G=memory
       r=0.078  T_new=0.00 F_new=0.39 F_rare=0.66 U=0 Q=0.31 Q_l=0.37 Q_g=0.85 dl=3 dg=1
       Value: 0x00058513 -> 0x39A78C17
       Transaction: other_mem_read (READ) at address 0x002098a0
       zkVM errors (2 lines):
         • [prover_impl.rs:280] verify segment (internal proof verification failed)
         • [kernels/cxx/buffers.h:43] SKIP THROW: Inconsistent set
       Local constraints hit (3 unique):
         - IsRead@mem.zir:79
           cycle=10503, step=0, pc=0x00000000, major=9, minor=2
         - IsRead@mem.zir:80
           cycle=10503, step=0, pc=0x00000000, major=9, minor=2
         - PoseidonCheckOut@inst_p2.zir:265 (x8)
           cycle=10773, step=0, pc=0x00000000, major=9, minor=5
       Global: memory permutation violated
         0x002098A0 (code): wrote 0x39a78c17, expected 0x00058513 (cycle 21006)
  [287] ✓ PRE_EXEC_REG_MOD @ step 2667: 2 failures, 3328ms, outcome: REJECTED, exit: 101 [proof:GENERATED] G=memory
       r=0.129  T_new=0.00 F_new=0.39 F_rare=0.85 U=0 Q=0.43 Q_l=0.51 Q_g=0.85 dl=2 dg=1
       Value: 0x002002F0 -> 0x900202A0
       Register: x2 (sp), READ, strategy=next_read
       zkVM errors (1 lines):
         • [prover_impl.rs:280] verify segment (internal proof verification failed)
       Local constraints hit (2 unique):
         - IsRead@mem.zir:79
           cycle=19395, step=2667, pc=0x002035D4, major=1, minor=2
         - IsRead@mem.zir:80
           cycle=19395, step=2667, pc=0x002035D4, major=1, minor=2
       Global: memory permutation violated
         x2/sp: wrote 0x900202a0, expected 0x002002f0 (cycle 38790)
  [288] ✓ PRE_EXEC_REG_MOD @ step 3333: 2 failures, 3316ms, outcome: REJECTED, exit: 101 [proof:GENERATED] G=memory
       r=0.131  T_new=0.00 F_new=0.78 F_rare=1.00 U=0 Q=0.31 Q_l=0.51 Q_g=0.61 dl=2 dg=3
       Value: 0x0020027C -> 0x8020227C
       Register: x14 (a4), READ, strategy=next_read
       zkVM errors (3 lines):
         • [prover_impl.rs:280] verify segment (internal proof verification failed)
         • [ffi.cpp:113] address mismatch at cycle 20135: preflight=0x000800a1, actual=0x200808a1
         • [kernels/cxx/ffi.cpp:208] SKIP THROW: memory peek not in preflight
       Local constraints hit (2 unique):
         - IsRead@mem.zir:79
           cycle=20135, step=3333, pc=0x00203424, major=5, minor=2
         - IsRead@mem.zir:80
           cycle=20135, step=3333, pc=0x00203424, major=5, minor=2
       Global: memory permutation violated
         0x00200284 (data): unexpected write 0xbce109f9 (cycle 39095)
         0x80202284 (data): expected write missing, needed 0xbce109f9 (cycle 39095)
         x14/a4: wrote 0x8020227c, expected 0x0020027c (cycle 40270)
  [289] ✓ PRE_EXEC_REG_MOD @ step 632: 2 failures, 3340ms, outcome: REJECTED, exit: 101 [proof:GENERATED] G=memory
       r=0.131  T_new=0.00 F_new=0.78 F_rare=1.00 U=0 Q=0.31 Q_l=0.51 Q_g=0.61 dl=2 dg=3
       Value: 0x00200360 -> 0x80000000
       Register: x2 (sp), READ, strategy=next_read
       zkVM errors (3 lines):
         • [prover_impl.rs:280] verify segment (internal proof verification failed)
         • [ffi.cpp:113] address mismatch at cycle 17241: preflight=0x000800da, actual=0x20000002
         • [kernels/cxx/ffi.cpp:208] SKIP THROW: memory peek not in preflight
       Local constraints hit (2 unique):
         - IsRead@mem.zir:79
           cycle=17241, step=632, pc=0x00200958, major=6, minor=2
         - IsRead@mem.zir:80
           cycle=17241, step=632, pc=0x00200958, major=6, minor=2
       Global: memory permutation violated
         0x00200368 (data): unexpected write 0x00000000 (cycle 34342)
         0x80000008 (data): expected write missing, needed 0x00000000 (cycle 34342)
         x2/sp: wrote 0x80000000, expected 0x00200360 (cycle 34482)
  [290] ✓ PRE_EXEC_REG_MOD @ step 2562: 3 failures, 3340ms, outcome: REJECTED, exit: 101 [proof:GENERATED] G=memory
       r=0.083  T_new=0.00 F_new=0.39 F_rare=0.72 U=0 Q=0.31 Q_l=0.37 Q_g=0.85 dl=3 dg=1
       Value: 0x00000000 -> 0xDBCF3526
       Register: x12 (a2), READ, strategy=next_read
       zkVM errors (1 lines):
         • [prover_impl.rs:280] verify segment (internal proof verification failed)
       Local constraints hit (3 unique):
         - IsRead@mem.zir:79
           cycle=19290, step=2562, pc=0x002014F4, major=3, minor=1
         - IsRead@mem.zir:80
           cycle=19290, step=2562, pc=0x002014F4, major=3, minor=1
         - MemoryWrite@mem.zir:100
           cycle=19290, step=2562, pc=0x002014F4, major=3, minor=1
       Global: memory permutation violated
         x12/a2: wrote 0xdbcf3526, expected 0x00000000 (cycle 38580)
  [291] ✓ PRE_EXEC_REG_MOD @ step 843: 2 failures, 3309ms, outcome: REJECTED, exit: 101 [proof:GENERATED] G=memory
       r=0.116  T_new=0.00 F_new=0.39 F_rare=0.72 U=0 Q=0.43 Q_l=0.51 Q_g=0.85 dl=2 dg=1
       Value: 0x00200350 -> 0x004006A0
       Register: x2 (sp), READ, strategy=next_read
       zkVM errors (1 lines):
         • [prover_impl.rs:280] verify segment (internal proof verification failed)
       Local constraints hit (2 unique):
         - IsRead@mem.zir:79
           cycle=17470, step=843, pc=0x002061A8, major=4, minor=2
         - IsRead@mem.zir:80
           cycle=17470, step=843, pc=0x002061A8, major=4, minor=2
       Global: memory permutation violated
         x2/sp: wrote 0x004006a0, expected 0x00200350 (cycle 34940)
  [292] ✓ PRE_EXEC_REG_MOD @ step 441: 4 failures, 3322ms, outcome: REJECTED, exit: 101 [proof:GENERATED] G=memory
       r=0.054  T_new=0.00 F_new=0.39 F_rare=0.62 U=0 Q=0.22 Q_l=0.26 Q_g=0.85 dl=4 dg=1
       Value: 0x0021A0C8 -> 0x0001A8C8
       Register: x12 (a2), READ, strategy=next_read
       zkVM errors (1 lines):
         • [prover_impl.rs:280] verify segment (internal proof verification failed)
       Local constraints hit (4 unique):
         - IsRead@mem.zir:79
           cycle=17032, step=441, pc=0xC000013C, major=5, minor=2
         - IsRead@mem.zir:80
           cycle=17032, step=441, pc=0xC000013C, major=5, minor=2
         - MemoryWrite@mem.zir:100
           cycle=17032, step=441, pc=0xC000013C, major=5, minor=2
         - MemoryWrite@mem.zir:99
           cycle=17032, step=441, pc=0xC000013C, major=5, minor=2
       Global: memory permutation violated
         x12/a2: wrote 0x0001a8c8, expected 0x0021a0c8 (cycle 34064)
  [293] ✓ PRE_EXEC_REG_MOD @ step 373: 3 failures, 3281ms, outcome: REJECTED, exit: 101 [proof:GENERATED] G=memory
       r=0.033  T_new=0.00 F_new=0.99 F_rare=1.00 U=0 Q=0.07 Q_l=0.37 Q_g=0.19 dl=3 dg=10
       Value: 0x00000004 -> 0x00800000
       Register: x14 (a4), READ, strategy=next_read
       zkVM errors (3 lines):
         • [prover_impl.rs:280] verify segment (internal proof verification failed)
         • [ffi.cpp:113] address mismatch at cycle 16965: preflight=0x00081869, actual=0x0008185f
         • [kernels/cxx/buffers.h:43] SKIP THROW: Inconsistent set
       Local constraints hit (3 unique):
         - IsRead@mem.zir:79
           cycle=16964, step=373, pc=0x002061A4, major=2, minor=2
         - IsRead@mem.zir:80
           cycle=16964, step=373, pc=0x002061A4, major=2, minor=2
         - MemoryWrite@mem.zir:99
           cycle=16972, step=381, pc=0x002031B8, major=2, minor=4
       Global: memory permutation violated (17 addrs: 1 register, 16 code)
         x14/a4: wrote 0x00800000, expected 0x00000004 (cycle 33928)
         + 16 code addresses diverged (instruction fetch cascade)
  [294] ✓ PRE_EXEC_REG_MOD @ step 0: 10 failures, 3293ms, outcome: REJECTED, exit: 101 [proof:GENERATED] G=memory
       r=0.078  T_new=0.00 F_new=0.39 F_rare=0.65 U=0 Q=0.31 Q_l=0.37 Q_g=0.85 dl=3 dg=1
       Value: 0x00000000 -> 0x63EE6718
       Register: x27 (s11), READ, strategy=next_read
       zkVM errors (2 lines):
         • [prover_impl.rs:280] verify segment (internal proof verification failed)
         • [kernels/cxx/buffers.h:43] SKIP THROW: Inconsistent set
       Local constraints hit (3 unique):
         - IsRead@mem.zir:79
           cycle=15997, step=0, pc=0x00000000, major=9, minor=2
         - IsRead@mem.zir:80
           cycle=15997, step=0, pc=0x00000000, major=9, minor=2
         - PoseidonCheckOut@inst_p2.zir:265 (x8)
           cycle=16247, step=0, pc=0x00000000, major=9, minor=5
       Global: memory permutation violated
         x27/s11: wrote 0x63ee6718, expected 0x00000000 (cycle 31994)
  [295] ✓ STORE_OUT_MOD @ step 2334: 1 failures, 3296ms, outcome: REJECTED, exit: 101 [proof:GENERATED] G=memory
       r=0.171  T_new=0.00 F_new=0.39 F_rare=0.79 U=0 Q=0.61 Q_l=0.72 Q_g=0.85 dl=1 dg=1
       Value: 0x00000000 -> 0x04000000
       Store address: 0x00200344
       zkVM errors (1 lines):
         • [prover_impl.rs:280] verify segment (internal proof verification failed)
       Local constraints hit (1 unique):
         - MemoryWrite@mem.zir:100
           cycle=18988, step=2334, pc=0x00203210, major=6, minor=0
       Global: memory permutation violated
         0x00200344 (data): wrote 0x04000000, expected 0x00000000 (cycle 37977)
  [296] ✓ STORE_OUT_MOD @ step 3915: 2 failures, 3274ms, outcome: REJECTED, exit: 101 [proof:GENERATED] G=memory
       r=0.107  T_new=0.00 F_new=0.39 F_rare=0.64 U=0 Q=0.43 Q_l=0.51 Q_g=0.85 dl=2 dg=1
       Value: 0x7FA793F3 -> 0x9CF79D02
       Store address: 0xffff0254
       zkVM errors (1 lines):
         • [prover_impl.rs:280] verify segment (internal proof verification failed)
       Local constraints hit (2 unique):
         - MemoryWrite@mem.zir:100
           cycle=20865, step=3915, pc=0xC00000C4, major=6, minor=2
         - MemoryWrite@mem.zir:99
           cycle=20865, step=3915, pc=0xC00000C4, major=6, minor=2
       Global: memory permutation violated
         0xFFFF0254 (data): wrote 0x9cf79d02, expected 0x7fa793f3 (cycle 41731)
  [297] ✓ MEM_VAL_MOD @ step 3808: 4 failures, 3347ms, outcome: REJECTED, exit: 101 [proof:GENERATED] [+2 new] G=memory
       r=0.094  T_new=0.00 F_new=0.78 F_rare=1.00 U=0 Q=0.22 Q_l=0.26 Q_g=0.85 dl=4 dg=1
       Value: 0x30200073 -> 0x596D5771
       Transaction: other_mem_read (READ) at address 0xc000018c
       zkVM errors (1 lines):
         • [prover_impl.rs:280] verify segment (internal proof verification failed)
       Local constraints hit (4 unique):
         - ControlMRET@inst_control.zir:91
           cycle=20758, step=3808, pc=0x002061F0, major=7, minor=3
         - ControlMRET@inst_control.zir:92
           cycle=20758, step=3808, pc=0x002061F0, major=7, minor=3
         - IsRead@mem.zir:79
           cycle=20758, step=3808, pc=0x002061F0, major=7, minor=3
         - IsRead@mem.zir:80
           cycle=20758, step=3808, pc=0x002061F0, major=7, minor=3
       Global: memory permutation violated
         0xC000018C (data): wrote 0x596d5771, expected 0x30200073 (cycle 41516)
  [298] ✓ MEM_VAL_MOD @ step 3779: 4 failures, 3400ms, outcome: REJECTED, exit: 101 [proof:GENERATED] G=memory
       r=0.024  T_new=0.00 F_new=0.99 F_rare=1.00 U=0 Q=0.05 Q_l=0.26 Q_g=0.19 dl=4 dg=10
       Value: 0xC0000070 -> 0x00020000
       Transaction: other_mem_read (READ) at address 0xffff1000
       zkVM errors (3 lines):
         • [prover_impl.rs:280] verify segment (internal proof verification failed)
         • [ffi.cpp:113] address mismatch at cycle 20656: preflight=0x3000001c, actual=0x00008000
         • [kernels/cxx/buffers.h:43] SKIP THROW: Inconsistent set
       Local constraints hit (4 unique):
         - IsRead@mem.zir:79
           cycle=20655, step=3779, pc=0xC0000070, major=7, minor=2
         - IsRead@mem.zir:80
           cycle=20655, step=3779, pc=0xC0000070, major=7, minor=2
         - MemoryWrite@mem.zir:100
           cycle=20660, step=3784, pc=0xC000005C, major=2, minor=4
         - MemoryWrite@mem.zir:99
           cycle=20660, step=3784, pc=0xC000005C, major=2, minor=4
       Global: memory permutation violated (11 addrs: 11 data)
         0x00020000 (data): expected write missing, needed 0x01422503 (cycle 40668)
         0x00020004 (data): expected write missing, needed 0x01255863 (cycle 40670)
         0x00020008 (data): expected write missing, needed 0x00251513 (cycle 40672)
         + 8 more addresses
  [299] ✓ INSTR_TYPE_MOD @ step 2288: 4 failures, 3337ms, outcome: REJECTED, exit: 101 [proof:GENERATED] G=memory|cycle
       r=0.014  T_new=0.00 F_new=1.00 F_rare=1.00 U=0 Q=0.03 Q_l=0.26 Q_g=0.11 dl=4 dg=13
       Value: 0x00060002 -> 0x00020000
       Original: Sw [major=6, minor=2]
       Mutated:  Bge [major=2, minor=0]
       zkVM errors (3 lines):
         • [prover_impl.rs:280] verify segment (internal proof verification failed)
         • [ffi.cpp:113] address mismatch at cycle 18942: preflight=0x000800d0, actual=0x3fffc060
         • [kernels/cxx/ffi.cpp:208] SKIP THROW: memory peek not in preflight
       Local constraints hit (3 unique):
         - MemoryWrite@mem.zir:99 (x2)
           cycle=18952, step=2298, pc=0x002035D0, major=2, minor=3
         - VerifyOpcodeF3@inst.zir:96
           cycle=18942, step=2288, pc=0x0020345C, major=2, minor=0
         - VerifyOpcodeF3@inst.zir:97
           cycle=18942, step=2288, pc=0x0020345C, major=2, minor=0
       Global: memory permutation violated (19 addrs: 17 code, 2 data)
         0x00200340 (data): unexpected write 0x00000000 (cycle 4682)
         0xFFFF0180 (data): expected write missing, needed 0x00000000 (cycle 4682)
         + 17 code addresses diverged (instruction fetch cascade)
       Global: cycle lookup violated (3 indices broken)
         index 0: 2254 provides, 1 uses (imbalanced)
         index 33201: 1 provides, 1 uses (imbalanced)
         index 33202: 1 provides, 1 uses (imbalanced)
  [300] ✓ MEM_VAL_MOD @ step 902: 4 failures, 3276ms, outcome: REJECTED, exit: 101 [proof:GENERATED] G=memory
       r=0.024  T_new=0.00 F_new=0.99 F_rare=1.00 U=0 Q=0.05 Q_l=0.26 Q_g=0.19 dl=4 dg=10
       Value: 0xC0000070 -> 0xD0440010
       Transaction: other_mem_read (READ) at address 0xffff1000
       zkVM errors (3 lines):
         • [prover_impl.rs:280] verify segment (internal proof verification failed)
         • [ffi.cpp:113] address mismatch at cycle 17530: preflight=0x3000001c, actual=0x34110004
         • [kernels/cxx/buffers.h:43] SKIP THROW: Inconsistent set
       Local constraints hit (4 unique):
         - IsRead@mem.zir:79
           cycle=17529, step=902, pc=0xC0000070, major=7, minor=2
         - IsRead@mem.zir:80
           cycle=17529, step=902, pc=0xC0000070, major=7, minor=2
         - MemoryWrite@mem.zir:100
           cycle=17534, step=907, pc=0xC0000058, major=2, minor=4
         - MemoryWrite@mem.zir:99
           cycle=17534, step=907, pc=0xC0000058, major=2, minor=4
       Global: memory permutation violated (11 addrs: 11 data)
         0xC0000070 (data): unexpected write 0x01422503 (cycle 34892)
         0xC0000074 (data): unexpected write 0x01255863 (cycle 34894)
         0xC0000078 (data): unexpected write 0x00251513 (cycle 34896)
         + 8 more addresses
  [301] ✓ COMP_OUT_MOD @ step 559: 2 failures, 3266ms, outcome: REJECTED, exit: 101 [proof:GENERATED] G=memory
       r=0.109  T_new=0.00 F_new=0.39 F_rare=0.66 U=0 Q=0.43 Q_l=0.51 Q_g=0.85 dl=2 dg=1
       Value: 0x0020036C -> 0x00000800
       Destination: rd = x12 (a2)
       zkVM errors (1 lines):
         • [prover_impl.rs:280] verify segment (internal proof verification failed)
       Local constraints hit (2 unique):
         - MemoryWrite@mem.zir:100
           cycle=17162, step=559, pc=0x00200938, major=0, minor=7
         - MemoryWrite@mem.zir:99
           cycle=17162, step=559, pc=0x00200938, major=0, minor=7
       Global: memory permutation violated
         x12/a2: wrote 0x00000800, expected 0x0020036c (cycle 34325)
  [302] ✓ COMP_OUT_MOD @ step 808: 2 failures, 3322ms, outcome: REJECTED, exit: 101 [proof:GENERATED] G=memory
       r=0.106  T_new=0.00 F_new=0.39 F_rare=0.63 U=0 Q=0.43 Q_l=0.51 Q_g=0.85 dl=2 dg=1
       Value: 0x00000004 -> 0xCA336D53
       Destination: rd = x6 (t1)
       zkVM errors (1 lines):
         • [prover_impl.rs:280] verify segment (internal proof verification failed)
       Local constraints hit (2 unique):
         - MemoryWrite@mem.zir:100
           cycle=17429, step=808, pc=0x00206134, major=3, minor=1
         - MemoryWrite@mem.zir:99
           cycle=17429, step=808, pc=0x00206134, major=3, minor=1
       Global: memory permutation violated
         x6/t1: wrote 0xca336d53, expected 0x00000004 (cycle 34859)
  [303] ✓ COMP_OUT_MOD @ step 2314: 2 failures, 3267ms, outcome: REJECTED, exit: 101 [proof:GENERATED] G=memory
       r=0.112  T_new=0.00 F_new=0.39 F_rare=0.69 U=0 Q=0.43 Q_l=0.51 Q_g=0.85 dl=2 dg=1
       Value: 0x00000000 -> 0xFFFFFFF8
       Destination: rd = x12 (a2)
       zkVM errors (1 lines):
         • [prover_impl.rs:280] verify segment (internal proof verification failed)
       Local constraints hit (2 unique):
         - MemoryWrite@mem.zir:100
           cycle=18968, step=2314, pc=0x002012C8, major=4, minor=2
         - MemoryWrite@mem.zir:99
           cycle=18968, step=2314, pc=0x002012C8, major=4, minor=2
       Global: memory permutation violated
         x12/a2: wrote 0xfffffff8, expected 0x00000000 (cycle 37937)
  [304] ✓ COMP_OUT_MOD @ step 450: 2 failures, 3295ms, outcome: REJECTED, exit: 101 [proof:GENERATED] G=memory
       r=0.116  T_new=0.00 F_new=0.39 F_rare=0.72 U=0 Q=0.43 Q_l=0.51 Q_g=0.85 dl=2 dg=1
       Value: 0x00000004 -> 0x45915807
       Destination: rd = x16 (a6)
       zkVM errors (1 lines):
         • [prover_impl.rs:280] verify segment (internal proof verification failed)
       Local constraints hit (2 unique):
         - MemoryWrite@mem.zir:100
           cycle=17047, step=450, pc=0x00206178, major=0, minor=0
         - MemoryWrite@mem.zir:99
           cycle=17047, step=450, pc=0x00206178, major=0, minor=0
       Global: memory permutation violated
         x16/a6: wrote 0x45915807, expected 0x00000004 (cycle 34095)
  [305] ✓ INSTR_TYPE_MOD @ step 1762: 3 failures, 3299ms, outcome: REJECTED, exit: 101 [proof:GENERATED]
       r=0.062  T_new=0.00 F_new=0.00 F_rare=0.71 U=0 Q=0.37 Q_l=0.37 Q_g=1.00 dl=3 dg=0
       Value: 0x00000007 -> 0x00000003
       Original: AddI [major=0, minor=7]
       Mutated:  Or [major=0, minor=3]
       zkVM errors (1 lines):
         • [prover_impl.rs:280] verify segment (internal proof verification failed)
       Local constraints hit (3 unique):
         - MemoryWrite@mem.zir:99
           cycle=18406, step=1762, pc=0x002184D4, major=0, minor=3
         - VerifyOpcodeF3F7@inst.zir:102
           cycle=18406, step=1762, pc=0x002184D4, major=0, minor=3
         - VerifyOpcodeF3F7@inst.zir:103
           cycle=18406, step=1762, pc=0x002184D4, major=0, minor=3
       Global: no permutation/lookup violations (local-only)
  [306] ✓ INSTR_TYPE_MOD @ step 3181: 1 failures, 3266ms, outcome: REJECTED, exit: 101 [proof:GENERATED]
       r=0.122  T_new=0.00 F_new=0.00 F_rare=0.71 U=0 Q=0.72 Q_l=0.72 Q_g=1.00 dl=1 dg=0
       Value: 0x00050002 -> 0x00050000
       Original: Lw [major=5, minor=2]
       Mutated:  Lb [major=5, minor=0]
       zkVM errors (1 lines):
         • [prover_impl.rs:280] verify segment (internal proof verification failed)
       Local constraints hit (1 unique):
         - VerifyOpcodeF3@inst.zir:97
           cycle=19983, step=3181, pc=0x00205470, major=5, minor=0
       Global: no permutation/lookup violations (local-only)
  [307] ✓ INSTR_TYPE_MOD @ step 2655: 2 failures, 3383ms, outcome: REJECTED, exit: 101 [proof:GENERATED] G=memory|cycle
       r=0.099  T_new=0.00 F_new=0.86 F_rare=1.00 U=0 Q=0.22 Q_l=0.51 Q_g=0.43 dl=2 dg=5
       Value: 0x00060002 -> 0x00020002
       Original: Sw [major=6, minor=2]
       Mutated:  BgeU [major=2, minor=2]
       zkVM errors (3 lines):
         • [prover_impl.rs:280] verify segment (internal proof verification failed)
         • [ffi.cpp:113] address mismatch at cycle 19383: preflight=0x000800c5, actual=0x3fffc060
         • [kernels/cxx/ffi.cpp:208] SKIP THROW: memory peek not in preflight
       Local constraints hit (2 unique):
         - VerifyOpcodeF3@inst.zir:96
           cycle=19383, step=2655, pc=0x0020342C, major=2, minor=2
         - VerifyOpcodeF3@inst.zir:97
           cycle=19383, step=2655, pc=0x0020342C, major=2, minor=2
       Global: memory permutation violated
         0x00200314 (data): unexpected write 0x00000000 (cycle 38332)
         0xFFFF0180 (data): expected write missing, needed 0x00000000 (cycle 38332)
       Global: cycle lookup violated (3 indices broken)
         index 0: 2254 provides, 1 uses (imbalanced)
         index 433: 3 provides, 1 uses (imbalanced)
         index 434: 1 provides, 1 uses (imbalanced)
  [308] ✓ INSTR_TYPE_MOD @ step 3201: 5 failures, 3335ms, outcome: REJECTED, exit: 101 [proof:GENERATED] G=memory|cycle
       r=0.039  T_new=0.00 F_new=0.92 F_rare=1.00 U=0 Q=0.08 Q_l=0.19 Q_g=0.43 dl=5 dg=5
       Value: 0x00030001 -> 0x00060001
       Original: SllI [major=3, minor=1]
       Mutated:  Sh [major=6, minor=1]
       zkVM errors (3 lines):
         • [prover_impl.rs:280] verify segment (internal proof verification failed)
         • [ffi.cpp:113] address mismatch at cycle 20003: preflight=0x3fffc03a, actual=0x00000007
         • [kernels/cxx/ffi.cpp:208] SKIP THROW: memory peek not in preflight
       Local constraints hit (5 unique):
         - AddrDecomposeBits@u32.zir:87
           cycle=20003, step=3201, pc=0x00204B68, major=6, minor=1
         - IsRead@mem.zir:79
           cycle=20003, step=3201, pc=0x00204B68, major=6, minor=1
         - MemoryWrite@mem.zir:100
           cycle=20003, step=3201, pc=0x00204B68, major=6, minor=1
         - MemoryWrite@mem.zir:99
           cycle=20003, step=3201, pc=0x00204B68, major=6, minor=1
         - VerifyOpcodeF3@inst.zir:96
           cycle=20003, step=3201, pc=0x00204B68, major=6, minor=1
       Global: memory permutation violated
         0x0000001C (data): expected write missing, needed 0x00299c93 (cycle 14362)
         x26/s10: unexpected write 0x00000000 (cycle 39174)
       Global: cycle lookup violated (3 indices broken)
         index 831: 1 provides, 1 uses (imbalanced)
         index 832: orphan use (1 entries, no matching provide)
         index 25644: 1 provides, 1 uses (imbalanced)
  [309] ✓ INSTR_TYPE_MOD @ step 3101: 6 failures, 3324ms, outcome: REJECTED, exit: 101 [proof:GENERATED] G=memory|cycle
       r=0.026  T_new=0.00 F_new=0.86 F_rare=1.00 U=0 Q=0.06 Q_l=0.14 Q_g=0.43 dl=6 dg=5
       Value: 0x00040002 -> 0x00060002
       Original: SrlI [major=4, minor=2]
       Mutated:  Sw [major=6, minor=2]
       zkVM errors (3 lines):
         • [prover_impl.rs:280] verify segment (internal proof verification failed)
         • [ffi.cpp:113] address mismatch at cycle 19829: preflight=0x3fffc02a, actual=0x0000001a
         • [kernels/cxx/ffi.cpp:208] SKIP THROW: memory peek not in preflight
       Local constraints hit (6 unique):
         - AddrDecomposeBits@u32.zir:87
           cycle=19829, step=3101, pc=0x0020578C, major=6, minor=2
         - MemoryWrite@mem.zir:100
           cycle=19829, step=3101, pc=0x0020578C, major=6, minor=2
         - MemoryWrite@mem.zir:99
           cycle=19829, step=3101, pc=0x0020578C, major=6, minor=2
         - OpSW@inst_mem.zir:161
           cycle=19829, step=3101, pc=0x0020578C, major=6, minor=2
         - VerifyOpcodeF3@inst.zir:96
           cycle=19829, step=3101, pc=0x0020578C, major=6, minor=2
         - VerifyOpcodeF3@inst.zir:97
           cycle=19829, step=3101, pc=0x0020578C, major=6, minor=2
       Global: memory permutation violated
         0x00000068 (data): expected write missing, needed 0x00010637 (cycle 16314)
         x10/a0: unexpected write 0x00000000 (cycle 39656)
       Global: cycle lookup violated (3 indices broken)
         index 1: 1798 provides, 1 uses (imbalanced)
         index 2: 861 provides, 1 uses (imbalanced)
         index 23344: 1 provides, 1 uses (imbalanced)
  [310] ✓ INSTR_TYPE_MOD @ step 834: 4 failures, 3346ms, outcome: REJECTED, exit: 101 [proof:GENERATED] G=memory
       r=0.087  T_new=0.00 F_new=0.95 F_rare=1.00 U=0 Q=0.19 Q_l=0.26 Q_g=0.72 dl=4 dg=2
       Value: 0x00050002 -> 0x00010001
       Original: Lw [major=5, minor=2]
       Mutated:  OrI [major=1, minor=1]
       zkVM errors (3 lines):
         • [prover_impl.rs:280] verify segment (internal proof verification failed)
         • [ffi.cpp:113] address mismatch at cycle 17455: preflight=0x3fffc02b, actual=0x3fffc00c
         • [kernels/cxx/ffi.cpp:208] SKIP THROW: memory peek not in preflight
       Local constraints hit (4 unique):
         - MemoryWrite@mem.zir:100
           cycle=17455, step=834, pc=0xC0000144, major=1, minor=1
         - MemoryWrite@mem.zir:99
           cycle=17455, step=834, pc=0xC0000144, major=1, minor=1
         - VerifyOpcodeF3@inst.zir:96
           cycle=17455, step=834, pc=0xC0000144, major=1, minor=1
         - VerifyOpcodeF3@inst.zir:97
           cycle=17455, step=834, pc=0xC0000144, major=1, minor=1
       Global: memory permutation violated
         0xFFFF0030 (data): expected write missing, needed 0x00000001 (cycle 34885)
         x11/a1: unexpected write 0x00000001 (cycle 34885)
  [311] ✓ INSTR_TYPE_MOD @ step 3561: 3 failures, 3271ms, outcome: REJECTED, exit: 101 [proof:GENERATED]
       r=0.104  T_new=0.00 F_new=0.39 F_rare=0.79 U=0 Q=0.37 Q_l=0.37 Q_g=1.00 dl=3 dg=0
       Value: 0x00000001 -> 0x00000003
       Original: Sub [major=0, minor=1]
       Mutated:  Or [major=0, minor=3]
       zkVM errors (1 lines):
         • [prover_impl.rs:280] verify segment (internal proof verification failed)
       Local constraints hit (3 unique):
         - MemoryWrite@mem.zir:99
           cycle=20437, step=3561, pc=0x002061F4, major=0, minor=3
         - VerifyOpcodeF3F7@inst.zir:103
           cycle=20437, step=3561, pc=0x002061F4, major=0, minor=3
         - VerifyOpcodeF3F7@inst.zir:104
           cycle=20437, step=3561, pc=0x002061F4, major=0, minor=3
       Global: no permutation/lookup violations (local-only)
  [312] ✓ INSTR_TYPE_MOD @ step 1085: 5 failures, 3348ms, outcome: REJECTED, exit: 101 [proof:GENERATED] G=memory|cycle
       r=0.017  T_new=0.00 F_new=0.99 F_rare=1.00 U=0 Q=0.04 Q_l=0.19 Q_g=0.19 dl=5 dg=10
       Value: 0x00000007 -> 0x00000003
       Original: AddI [major=0, minor=7]
       Mutated:  Or [major=0, minor=3]
       zkVM errors (3 lines):
         • [prover_impl.rs:280] verify segment (internal proof verification failed)
         • [ffi.cpp:113] address mismatch at cycle 17724: preflight=0x3fffc011, actual=0x3fffc000
         • [kernels/cxx/buffers.h:43] SKIP THROW: Inconsistent set
       Local constraints hit (5 unique):
         - ECallHostReadSetup@inst_ecall.zir:70
           cycle=17725, step=1085, pc=0xC0000150, major=8, minor=2
         - MemoryWrite@mem.zir:100
           cycle=17724, step=1085, pc=0xC000014C, major=0, minor=3
         - MemoryWrite@mem.zir:99
           cycle=17724, step=1085, pc=0xC000014C, major=0, minor=3
         - VerifyOpcodeF3F7@inst.zir:102
           cycle=17724, step=1085, pc=0xC000014C, major=0, minor=3
         - VerifyOpcodeF3F7@inst.zir:103
           cycle=17724, step=1085, pc=0xC000014C, major=0, minor=3
       Global: memory permutation violated
         0xC0000150 (data): unexpected write 0x00000513 (cycle 35262)
         0xC0000154 (data): expected write missing, needed 0x00000513 (cycle 35262)
         0xC0000158 (data): expected write missing, needed 0x02820593 (cycle 35264)
         0xC000015C (data): expected write missing, needed 0x00800613 (cycle 35266)
         0xC0000160 (data): expected write missing, needed 0x00000073 (cycle 35268)
         0xC0000164 (data): expected write missing, needed 0x30200073 (cycle 35274)
         0xFFFF0000 (data): expected write missing, needed 0x00000001 (cycle 35437)
         0xFFFF0044 (data): unexpected write 0x00000001 (cycle 35437)
         0xFFFF0100 (data): expected write missing, needed 0x0021a076 (cycle 35439)
       Global: cycle lookup violated (1 indices broken)
         index 9: 344 provides, 1 uses (imbalanced)
  [313] ✓ INSTR_TYPE_MOD @ step 0: 5 failures, 3350ms, outcome: REJECTED, exit: 101 [proof:GENERATED] [+3 touch] G=memory|cycle
       r=0.047  T_new=0.08 F_new=0.63 F_rare=1.00 U=0 Q=0.11 Q_l=0.19 Q_g=0.61 dl=5 dg=3
       Value: 0x00020006 -> 0x00010006
       Original: Auipc [major=2, minor=6]
       Mutated:  Bne [major=1, minor=6]
       zkVM errors (3 lines):
         • [prover_impl.rs:280] verify segment (internal proof verification failed)
         • [ffi.cpp:113] address mismatch at cycle 0: preflight=0x44000000, actual=0x00000000
         • [kernels/cxx/ffi.cpp:208] SKIP THROW: memory peek not in preflight
       Local constraints hit (5 unique):
         - AddrDecompose@u32.zir:67
           cycle=0, step=0, pc=0x00000000, major=1, minor=6
         - ControlLoadRootAndNonce@inst_control.zir:23
           cycle=1, step=0, pc=0x00000000, major=7, minor=0
         - MiscInput@inst_misc.zir:7
           cycle=0, step=0, pc=0x00000000, major=1, minor=6
         - VerifyOpcodeF3@inst.zir:96
           cycle=0, step=0, pc=0x00000000, major=1, minor=6
         - VerifyOpcodeF3@inst.zir:97
           cycle=0, step=0, pc=0x00000000, major=1, minor=6
       Global: memory permutation violated
         0xFFFF0100 (data): expected write missing, needed 0x00000000 (cycle 0)
       Global: cycle lookup violated (2 indices broken)
         index 0: 2256 provides, 1 uses (imbalanced)
         index 2013265920: orphan provide (2 entries, no matching use)
  [314] ✓ INSTR_WORD_MOD_FULL @ step 324: 1 failures, 3294ms, outcome: REJECTED, exit: 101 [proof:GENERATED] G=memory
       r=0.171  T_new=0.00 F_new=0.39 F_rare=0.79 U=0 Q=0.61 Q_l=0.72 Q_g=0.85 dl=1 dg=1
       Value: 0x00100693 -> 0x001006B3
       Original: ADDI x13, x0, 1
       Mutated:  ADD x13, x0, x1
       Format changed: I -> R
       zkVM errors (1 lines):
         • [prover_impl.rs:280] verify segment (internal proof verification failed)
       Local constraints hit (1 unique):
         - VerifyOpcodeF3@inst.zir:96
           cycle=16909, step=324, pc=0x00200888, major=0, minor=7
       Global: memory permutation violated
         0x00200884 (code): wrote 0x00100693, expected 0x001006b3 (cycle 4886)
  [315] ✓ INSTR_WORD_MOD_FULL @ step 801: 1 failures, 3283ms, outcome: REJECTED, exit: 101 [proof:GENERATED] G=memory
       r=0.161  T_new=0.00 F_new=0.39 F_rare=0.72 U=0 Q=0.61 Q_l=0.72 Q_g=0.85 dl=1 dg=1
       Value: 0x0005A583 -> 0x0015A583
       Original: LW x11, 0(x11)
       Mutated:  LW x11, 1(x11)
       zkVM errors (1 lines):
         • [prover_impl.rs:280] verify segment (internal proof verification failed)
       Local constraints hit (1 unique):
         - OpLW@inst_mem.zir:108
           cycle=17422, step=801, pc=0x002031A0, major=5, minor=2
       Global: memory permutation violated
         0x0020319C (code): wrote 0x0005a583, expected 0x0015a583 (cycle 34676)
  [316] ✓ INSTR_WORD_MOD_FULL @ step 1103: 0 failures, 3289ms, outcome: REJECTED, exit: 101 [proof:GENERATED] G=memory[GO]
       r=0.256  T_new=0.00 F_new=0.78 F_rare=1.00 U=0 Q=0.61 Q_l=1.00 Q_g=0.61 dl=0 dg=3
       Value: 0x00F58623 -> 0x20F58623
       Original: SB x15, 12(x11)
       Mutated:  SB x15, 524(x11)
       zkVM errors (3 lines):
         • [prover_impl.rs:280] verify segment (internal proof verification failed)
         • [ffi.cpp:113] address mismatch at cycle 17747: preflight=0x000884ed, actual=0x0008856d
         • [kernels/cxx/ffi.cpp:208] SKIP THROW: memory peek not in preflight
       Global: memory permutation violated [GLOBAL-ONLY]
         0x00200C08 (code): wrote 0x00f58623, expected 0x20f58623 (cycle 5450)
         0x002213B4 (code): unexpected write 0x00000000 (cycle 33307)
         0x002215B4 (code): expected write missing, needed 0x00000000 (cycle 33307)
  [317] ✓ INSTR_WORD_MOD_FULL @ step 618: 4 failures, 3302ms, outcome: REJECTED, exit: 101 [proof:GENERATED] G=memory
       r=0.045  T_new=0.00 F_new=0.95 F_rare=1.00 U=0 Q=0.10 Q_l=0.26 Q_g=0.37 dl=4 dg=6
       Value: 0x00249493 -> 0x8E1F78E7
       Original: SLLI x9, x9, 2
       Mutated:  JALR x17, x30, -1823
       zkVM errors (3 lines):
         • [prover_impl.rs:280] verify segment (internal proof verification failed)
         • [ffi.cpp:113] address mismatch at cycle 17227: preflight=0x3fffc029, actual=0x3fffc03e
         • [kernels/cxx/ffi.cpp:208] SKIP THROW: memory peek not in preflight
       Local constraints hit (4 unique):
         - MemoryWrite@mem.zir:99
           cycle=17227, step=618, pc=0x002031BC, major=3, minor=1
         - VerifyOpcodeF3F7@inst.zir:102
           cycle=17227, step=618, pc=0x002031BC, major=3, minor=1
         - VerifyOpcodeF3F7@inst.zir:103
           cycle=17227, step=618, pc=0x002031BC, major=3, minor=1
         - VerifyOpcodeF3F7@inst.zir:104
           cycle=17227, step=618, pc=0x002031BC, major=3, minor=1
       Global: memory permutation violated
         x1/ra: expected write missing, needed 0x00200350 (cycle 34438)
         x2/sp: unexpected write 0x00200350 (cycle 34438)
         x9/s1: unexpected write 0x00000001 (cycle 34341)
         x17/a7: expected write missing, needed 0x00000001 (cycle 34454)
         x30/t5: expected write missing, needed 0x00000001 (cycle 34341)
         0x002031B8 (code): wrote 0x00249493, expected 0x8e1f78e7 (cycle 34282)
  [318] ✓ INSTR_WORD_MOD_FULL @ step 921: 2 failures, 3342ms, outcome: REJECTED, exit: 101 [proof:GENERATED] G=memory|cycle
       r=0.080  T_new=0.00 F_new=0.78 F_rare=1.00 U=0 Q=0.19 Q_l=0.51 Q_g=0.37 dl=2 dg=6
       Value: 0x00255593 -> 0x00A55593
       Original: SRLI x11, x10, 2
       Mutated:  SRLI x11, x10, 10
       zkVM errors (3 lines):
         • [prover_impl.rs:280] verify segment (internal proof verification failed)
         • [ffi.cpp:113] address mismatch at cycle 17554: preflight=0x3fffc022, actual=0x3fffc02b
         • [kernels/cxx/ffi.cpp:208] SKIP THROW: memory peek not in preflight
       Local constraints hit (2 unique):
         - MemoryWrite@mem.zir:100
           cycle=17554, step=921, pc=0x002061A8, major=4, minor=2
         - MemoryWrite@mem.zir:99
           cycle=17554, step=921, pc=0x002061A8, major=4, minor=2
       Global: memory permutation violated
         x2/sp: unexpected write 0x00200350 (cycle 35042)
         x11/a1: expected write missing, needed 0x00200350 (cycle 35042)
         0x002061A4 (code): wrote 0x00255593, expected 0x00a55593 (cycle 34940)
       Global: cycle lookup violated (3 indices broken)
         index 7: 278 provides, 1 uses (imbalanced)
         index 65: 15 provides, 1 uses (imbalanced)
         index 66: 18 provides, 1 uses (imbalanced)
  [319] ✓ INSTR_WORD_MOD_FULL @ step 3920: 0 failures, 3309ms, outcome: REJECTED, exit: 101 [proof:GENERATED] G=memory[GO]
       r=0.256  T_new=0.00 F_new=0.78 F_rare=1.00 U=0 Q=0.61 Q_l=1.00 Q_g=0.61 dl=0 dg=3
       Value: 0x02822503 -> 0x00822503
       Original: LW x10, 40(x4)
       Mutated:  LW x10, 8(x4)
       zkVM errors (3 lines):
         • [prover_impl.rs:280] verify segment (internal proof verification failed)
         • [ffi.cpp:113] address mismatch at cycle 20870: preflight=0x3fffc02a, actual=0x3fffc022
         • [kernels/cxx/ffi.cpp:208] SKIP THROW: memory peek not in preflight
       Global: memory permutation violated [GLOBAL-ONLY]
         0xC00000D4 (data): wrote 0x02822503, expected 0x00822503 (cycle 30042)
         x2/sp: expected write missing, needed 0x00000000 (cycle 41685)
         x10/a0: unexpected write 0x00000000 (cycle 41685)
  [320] ✓ INSTR_WORD_MOD_FULL @ step 919: 3 failures, 3273ms, outcome: REJECTED, exit: 101 [proof:GENERATED] G=memory
       r=0.073  T_new=0.00 F_new=0.92 F_rare=1.00 U=0 Q=0.16 Q_l=0.37 Q_g=0.43 dl=3 dg=5
       Value: 0x01050833 -> 0x4701F717
       Original: ADD x16, x10, x16
       Mutated:  AUIPC x14, 0x4701f000
       Format changed: R -> U
       zkVM errors (3 lines):
         • [prover_impl.rs:280] verify segment (internal proof verification failed)
         • [ffi.cpp:113] address mismatch at cycle 17552: preflight=0x3fffc02a, actual=0x3fffc023
         • [kernels/cxx/ffi.cpp:208] SKIP THROW: memory peek not in preflight
       Local constraints hit (3 unique):
         - VerifyOpcodeF3F7@inst.zir:102
           cycle=17552, step=919, pc=0x00206178, major=0, minor=0
         - VerifyOpcodeF3F7@inst.zir:103
           cycle=17552, step=919, pc=0x00206178, major=0, minor=0
         - VerifyOpcodeF3F7@inst.zir:104
           cycle=17552, step=919, pc=0x00206178, major=0, minor=0
       Global: memory permutation violated
         x3/gp: expected write missing, needed 0x00000004 (cycle 35101)
         x10/a0: unexpected write 0x00000004 (cycle 35101)
         x14/a4: expected write missing, needed 0x00000000 (cycle 35104)
         x16/a6: unexpected write 0x00000000 (cycle 35104)
         0x00206174 (code): wrote 0x01050833, expected 0x4701f717 (cycle 34936)
  [321] ✓ INSTR_WORD_MOD_SUR @ step 2661: 0 failures, 3300ms, outcome: REJECTED, exit: 101 [proof:GENERATED] G=memory[GO]
       r=0.256  T_new=0.00 F_new=0.78 F_rare=1.00 U=0 Q=0.61 Q_l=1.00 Q_g=0.61 dl=0 dg=3
       Value: 0x01068693 -> 0x01068A13
       Surgical: rd = 13 -> 20
       Original: ADDI x13, x13, 16
       Mutated:  ADDI x20, x13, 16
       zkVM errors (3 lines):
         • [prover_impl.rs:280] verify segment (internal proof verification failed)
         • [ffi.cpp:113] address mismatch at cycle 19389: preflight=0x3fffc02d, actual=0x3fffc034
         • [kernels/cxx/ffi.cpp:208] SKIP THROW: memory peek not in preflight
       Global: memory permutation violated [GLOBAL-ONLY]
         x13/a3: unexpected write 0x00200314 (cycle 38778)
         x20/s4: expected write missing, needed 0x00200314 (cycle 38778)
         0x00203440 (code): wrote 0x01068693, expected 0x01068a13 (cycle 38754)
  [322] ✓ INSTR_WORD_MOD_SUR @ step 1222: 1 failures, 3261ms, outcome: REJECTED, exit: 101 [proof:GENERATED] G=memory
       r=0.156  T_new=0.00 F_new=0.39 F_rare=0.69 U=0 Q=0.61 Q_l=0.72 Q_g=0.85 dl=1 dg=1
       Value: 0x01C12083 -> 0x01C12093
       Surgical: opcode = 3 -> 19
       Original: LW x1, 28(x2)
       Mutated:  SLTI x1, x2, 28
       zkVM errors (1 lines):
         • [prover_impl.rs:280] verify segment (internal proof verification failed)
       Local constraints hit (1 unique):
         - VerifyOpcodeF3@inst.zir:96
           cycle=17866, step=1222, pc=0x0020B96C, major=5, minor=2
       Global: memory permutation violated
         0x0020B968 (code): wrote 0x01c12083, expected 0x01c12093 (cycle 23702)
  [323] ✓ INSTR_WORD_MOD_SUR @ step 2835: 0 failures, 3324ms, outcome: REJECTED, exit: 101 [proof:GENERATED] G=memory[GO]
       r=0.256  T_new=0.00 F_new=0.78 F_rare=1.00 U=0 Q=0.61 Q_l=1.00 Q_g=0.61 dl=0 dg=3
       Value: 0x08C12223 -> 0xD8C12823
       Surgical: imm = 132 -> 3472
       Original: SW x12, 132(x2)
       Mutated:  SW x12, -624(x2)
       zkVM errors (3 lines):
         • [prover_impl.rs:280] verify segment (internal proof verification failed)
         • [ffi.cpp:113] address mismatch at cycle 19563: preflight=0x000800ad, actual=0x0007fff0
         • [kernels/cxx/ffi.cpp:208] SKIP THROW: memory peek not in preflight
       Global: memory permutation violated [GLOBAL-ONLY]
         0x001FFFC0 (data): expected write missing, needed 0x00000000 (cycle 4582)
         0x002002B4 (data): unexpected write 0x00000000 (cycle 4582)
         0x00203BB8 (code): wrote 0x08c12223, expected 0xd8c12823 (cycle 11826)
  [324] ✓ INSTR_WORD_MOD_SUR @ step 2552: 0 failures, 3310ms, outcome: REJECTED, exit: 101 [proof:GENERATED] G=memory[GO]
       r=0.256  T_new=0.00 F_new=0.78 F_rare=1.00 U=0 Q=0.61 Q_l=1.00 Q_g=0.61 dl=0 dg=3
       Value: 0x01869693 -> 0x01869593
       Surgical: rd = 13 -> 11
       Original: SLLI x13, x13, 24
       Mutated:  SLLI x11, x13, 24
       zkVM errors (3 lines):
         • [prover_impl.rs:280] verify segment (internal proof verification failed)
         • [ffi.cpp:113] address mismatch at cycle 19280: preflight=0x3fffc02d, actual=0x3fffc02b
         • [kernels/cxx/ffi.cpp:208] SKIP THROW: memory peek not in preflight
       Global: memory permutation violated [GLOBAL-ONLY]
         x11/a1: expected write missing, needed 0x000000df (cycle 38560)
         x13/a3: unexpected write 0x000000df (cycle 38560)
         0x002014C8 (code): wrote 0x01869693, expected 0x01869593 (cycle 6858)
  [325] ✓ INSTR_WORD_MOD_SUR @ step 2960: 0 failures, 3267ms, outcome: REJECTED, exit: 101 [proof:GENERATED] G=memory[GO]
       r=0.256  T_new=0.00 F_new=0.78 F_rare=1.00 U=0 Q=0.61 Q_l=1.00 Q_g=0.61 dl=0 dg=3
       Value: 0x00275713 -> 0x00275793
       Surgical: rd = 14 -> 15
       Original: SRLI x14, x14, 2
       Mutated:  SRLI x15, x14, 2
       zkVM errors (3 lines):
         • [prover_impl.rs:280] verify segment (internal proof verification failed)
         • [ffi.cpp:113] address mismatch at cycle 19688: preflight=0x3fffc02e, actual=0x3fffc02f
         • [kernels/cxx/ffi.cpp:208] SKIP THROW: memory peek not in preflight
       Global: memory permutation violated [GLOBAL-ONLY]
         x14/a4: unexpected write 0x00000010 (cycle 39376)
         x15/a5: expected write missing, needed 0x00000010 (cycle 39376)
         0x0020567C (code): wrote 0x00275713, expected 0x00275793 (cycle 16134)
  [326] ✓ INSTR_WORD_MOD_SUR @ step 2483: 11 failures, 3264ms, outcome: REJECTED, exit: 101 [proof:GENERATED] G=memory
       r=0.009  T_new=0.00 F_new=0.99 F_rare=1.00 U=0 Q=0.02 Q_l=0.10 Q_g=0.19 dl=7 dg=10
       Value: 0x1140006F -> 0x6929A06F
       Surgical: imm = 276 -> 632466
       Original: JAL x0, 276
       Mutated:  JAL x0, 632466
       zkVM errors (3 lines):
         • [prover_impl.rs:280] verify segment (internal proof verification failed)
         • [ffi.cpp:113] address mismatch at cycle 19137: preflight=0x3fffc000, actual=0x3fffc013
         • [kernels/cxx/ffi.cpp:208] SKIP THROW: memory peek not in preflight
       Local constraints hit (3 unique):
         - DecodeInst@inst.zir:29 (x7)
           cycle=19138, step=2484, pc=0xC0000174, major=5, minor=2
         - MemoryWrite@mem.zir:100 (x2)
           cycle=19143, step=2489, pc=0xC0000188, major=2, minor=6
         - MemoryWrite@mem.zir:99 (x2)
           cycle=19143, step=2489, pc=0xC0000188, major=2, minor=6
       Global: memory permutation violated (19 addrs: 19 data)
         0xC000005C (data): wrote 0x1140006f, expected 0x6929a06f (cycle 29962)
         0xC0000170 (data): unexpected write 0x02822503 (cycle 30142)
         0xC0000174 (data): unexpected write 0x02c22583 (cycle 30142)
         + 16 more addresses
  [327] ✓ INSTR_WORD_MOD_SUR @ step 1090: 0 failures, 3285ms, outcome: REJECTED, exit: 101 [proof:GENERATED] G=memory[GO]
       r=0.256  T_new=0.00 F_new=0.78 F_rare=1.00 U=0 Q=0.61 Q_l=1.00 Q_g=0.61 dl=0 dg=3
       Value: 0x00F70733 -> 0x00FF0733
       Surgical: rs1 = 14 -> 30
       Original: ADD x14, x14, x15
       Mutated:  ADD x14, x30, x15
       zkVM errors (3 lines):
         • [prover_impl.rs:280] verify segment (internal proof verification failed)
         • [ffi.cpp:113] address mismatch at cycle 17734: preflight=0x3fffc02e, actual=0x3fffc03e
         • [kernels/cxx/ffi.cpp:208] SKIP THROW: memory peek not in preflight
       Global: memory permutation violated [GLOBAL-ONLY]
         x14/a4: unexpected write 0x00200370 (cycle 35401)
         x30/t5: expected write missing, needed 0x00200370 (cycle 35401)
         0x00206348 (code): wrote 0x00f70733, expected 0x00ff0733 (cycle 18206)
  [328] ✓ LOAD_VAL_MOD @ step 1427: 1 failures, 3283ms, outcome: REJECTED, exit: 101 [proof:GENERATED] G=memory
       r=0.153  T_new=0.00 F_new=0.39 F_rare=0.67 U=0 Q=0.61 Q_l=0.72 Q_g=0.85 dl=1 dg=1
       Value: 0x000000A5 -> 0x000000AD
       Load destination: rd = x14 (a4)
       zkVM errors (1 lines):
         • [prover_impl.rs:280] verify segment (internal proof verification failed)
       Local constraints hit (1 unique):
         - MemoryWrite@mem.zir:99
           cycle=18071, step=1427, pc=0x002184C4, major=5, minor=3
       Global: memory permutation violated
         x14/a4: wrote 0x000000ad, expected 0x000000a5 (cycle 36143)
  [329] ✓ LOAD_VAL_MOD @ step 2054: 2 failures, 3328ms, outcome: REJECTED, exit: 101 [proof:GENERATED] G=memory
       r=0.104  T_new=0.00 F_new=0.39 F_rare=0.61 U=0 Q=0.43 Q_l=0.51 Q_g=0.85 dl=2 dg=1
       Value: 0x002096FC -> 0xEF17F110
       Load destination: rd = x1 (ra)
       zkVM errors (1 lines):
         • [prover_impl.rs:280] verify segment (internal proof verification failed)
       Local constraints hit (2 unique):
         - MemoryWrite@mem.zir:100
           cycle=18708, step=2054, pc=0x00205FF8, major=5, minor=2
         - MemoryWrite@mem.zir:99
           cycle=18708, step=2054, pc=0x00205FF8, major=5, minor=2
       Global: memory permutation violated
         x1/ra: wrote 0xef17f110, expected 0x002096fc (cycle 37417)
  [330] ✓ MEM_VAL_MOD @ step 2218: 1 failures, 3355ms, outcome: REJECTED, exit: 101 [proof:GENERATED] G=memory
       r=0.171  T_new=0.00 F_new=0.39 F_rare=0.79 U=0 Q=0.61 Q_l=0.72 Q_g=0.85 dl=1 dg=1
       Value: 0x00000000 -> 0x0000FFFF
       Transaction: other_mem_write (WRITE) at address 0xffff0180
       zkVM errors (1 lines):
         • [prover_impl.rs:280] verify segment (internal proof verification failed)
       Local constraints hit (1 unique):
         - MemoryWrite@mem.zir:99
           cycle=18872, step=2218, pc=0x00201288, major=1, minor=5
       Global: memory permutation violated
         0xFFFF0180 (data): wrote 0x0000ffff, expected 0x00000000 (cycle 37745)
  [331] ✓ MEM_VAL_MOD @ step 1072: 4 failures, 3329ms, outcome: REJECTED, exit: 101 [proof:GENERATED] G=memory
       r=0.066  T_new=0.00 F_new=0.39 F_rare=0.85 U=0 Q=0.22 Q_l=0.26 Q_g=0.85 dl=4 dg=1
       Value: 0x00000073 -> 0x7209E877
       Transaction: other_mem_read (READ) at address 0x00206340
       zkVM errors (1 lines):
         • [prover_impl.rs:280] verify segment (internal proof verification failed)
       Local constraints hit (4 unique):
         - ControlUserECALL@inst_control.zir:77
           cycle=17711, step=1072, pc=0xC0000070, major=7, minor=2
         - ControlUserECALL@inst_control.zir:78
           cycle=17711, step=1072, pc=0xC0000070, major=7, minor=2
         - IsRead@mem.zir:79
           cycle=17711, step=1072, pc=0xC0000070, major=7, minor=2
         - IsRead@mem.zir:80
           cycle=17711, step=1072, pc=0xC0000070, major=7, minor=2
       Global: memory permutation violated
         0x00206340 (code): wrote 0x7209e877, expected 0x00000073 (cycle 35422)
  [332] ✓ MEM_VAL_MOD @ step 1510: 3 failures, 3293ms, outcome: REJECTED, exit: 101 [proof:GENERATED] G=memory
       r=0.088  T_new=0.00 F_new=0.39 F_rare=0.79 U=0 Q=0.31 Q_l=0.37 Q_g=0.85 dl=3 dg=1
       Value: 0xABD9831F -> 0x5A9CFEAB
       Transaction: load_mem_read (READ) at address 0x00200328
       zkVM errors (1 lines):
         • [prover_impl.rs:280] verify segment (internal proof verification failed)
       Local constraints hit (3 unique):
         - IsRead@mem.zir:79
           cycle=18154, step=1510, pc=0x002184C0, major=5, minor=3
         - IsRead@mem.zir:80
           cycle=18154, step=1510, pc=0x002184C0, major=5, minor=3
         - MemoryWrite@mem.zir:99
           cycle=18154, step=1510, pc=0x002184C0, major=5, minor=3
       Global: memory permutation violated
         0x00200328 (data): wrote 0x5a9cfeab, expected 0xabd9831f (cycle 36308)
  [333] ✓ MEM_VAL_MOD @ step 2756: 1 failures, 3292ms, outcome: REJECTED, exit: 101 [proof:GENERATED] G=memory
       r=0.152  T_new=0.00 F_new=0.39 F_rare=0.66 U=0 Q=0.61 Q_l=0.72 Q_g=0.85 dl=1 dg=1
       Value: 0x00000000 -> 0x40000000
       Transaction: store_rmw_read (READ) at address 0x002002f8
       zkVM errors (1 lines):
         • [prover_impl.rs:280] verify segment (internal proof verification failed)
       Local constraints hit (1 unique):
         - IsRead@mem.zir:80
           cycle=19484, step=2756, pc=0x002037B8, major=6, minor=2
       Global: memory permutation violated
         0x002002F8 (data): wrote 0x40000000, expected 0x00000000 (cycle 38968)
  [334] ✓ MEM_VAL_MOD @ step 3896: 2 failures, 3298ms, outcome: REJECTED, exit: 101 [proof:GENERATED] G=memory
       r=0.183  T_new=0.00 F_new=0.78 F_rare=1.00 U=0 Q=0.43 Q_l=0.51 Q_g=0.85 dl=2 dg=1
       Value: 0x00000008 -> 0x09040088
       Transaction: other_mem_read (READ) at address 0xffff0048
       zkVM errors (1 lines):
         • [prover_impl.rs:280] verify segment (internal proof verification failed)
       Local constraints hit (2 unique):
         - IsRead@mem.zir:79
           cycle=20846, step=3896, pc=0xC0000078, major=2, minor=0
         - IsRead@mem.zir:80
           cycle=20846, step=3896, pc=0xC0000078, major=2, minor=0
       Global: memory permutation violated
         0xFFFF0048 (data): wrote 0x09040088, expected 0x00000008 (cycle 41692)
  [335] ✓ MEM_VAL_MOD @ step 3929: 0 failures, 3332ms, outcome: REJECTED, exit: 101 [proof:GENERATED] G=memory[GO]
       r=0.280  T_new=0.00 F_new=0.39 F_rare=1.00 U=0 Q=0.85 Q_l=1.00 Q_g=0.85 dl=0 dg=1
       Value: 0x00000000 -> 0xFFFFFFFF
       Transaction: other_mem_read (READ) at address 0xffff1068
       zkVM errors (2 lines):
         • [prover_impl.rs:280] verify segment (internal proof verification failed)
         • [kernels/cxx/buffers.h:43] SKIP THROW: Inconsistent set
       Global: memory permutation violated [GLOBAL-ONLY]
         0xFFFF1068 (data): wrote 0xffffffff, expected 0x00000000 (cycle 41830)
  [336] ✓ MEM_VAL_MOD @ step 2507: 2 failures, 3325ms, outcome: REJECTED, exit: 101 [proof:GENERATED] G=memory
       r=0.106  T_new=0.00 F_new=0.39 F_rare=0.63 U=0 Q=0.43 Q_l=0.51 Q_g=0.85 dl=2 dg=1
       Value: 0x0020624C -> 0x7C3556B9
       Transaction: other_mem_write (WRITE) at address 0xffff0180
       zkVM errors (1 lines):
         • [prover_impl.rs:280] verify segment (internal proof verification failed)
       Local constraints hit (2 unique):
         - MemoryWrite@mem.zir:100
           cycle=19235, step=2507, pc=0x002055C0, major=2, minor=4
         - MemoryWrite@mem.zir:99
           cycle=19235, step=2507, pc=0x002055C0, major=2, minor=4
       Global: memory permutation violated
         0xFFFF0180 (data): wrote 0x7c3556b9, expected 0x0020624c (cycle 38471)
  [337] ✓ MEM_VAL_MOD @ step 759: 2 failures, 3335ms, outcome: REJECTED, exit: 101 [proof:GENERATED] G=memory
       r=0.183  T_new=0.00 F_new=0.78 F_rare=1.00 U=0 Q=0.43 Q_l=0.51 Q_g=0.85 dl=2 dg=1
       Value: 0x0021A0C8 -> 0xB8C29BFE
       Transaction: other_mem_read (READ) at address 0xffff0028
       zkVM errors (1 lines):
         • [prover_impl.rs:280] verify segment (internal proof verification failed)
       Local constraints hit (2 unique):
         - IsRead@mem.zir:79
           cycle=17375, step=759, pc=0xC000014C, major=8, minor=2
         - IsRead@mem.zir:80
           cycle=17375, step=759, pc=0xC000014C, major=8, minor=2
       Global: memory permutation violated
         0xFFFF0028 (data): wrote 0xb8c29bfe, expected 0x0021a0c8 (cycle 34750)
  [338] ✓ MEM_VAL_MOD @ step 0: 10 failures, 3306ms, outcome: REJECTED, exit: 101 [proof:GENERATED] G=memory
       r=0.077  T_new=0.00 F_new=0.39 F_rare=0.64 U=0 Q=0.31 Q_l=0.37 Q_g=0.85 dl=3 dg=1
       Value: 0xB7170713 -> 0x7E25D520
       Transaction: other_mem_read (READ) at address 0x00200f60
       zkVM errors (2 lines):
         • [prover_impl.rs:280] verify segment (internal proof verification failed)
         • [kernels/cxx/buffers.h:43] SKIP THROW: Inconsistent set
       Local constraints hit (3 unique):
         - IsRead@mem.zir:79
           cycle=2995, step=0, pc=0x00000000, major=9, minor=2
         - IsRead@mem.zir:80
           cycle=2995, step=0, pc=0x00000000, major=9, minor=2
         - PoseidonCheckOut@inst_p2.zir:265 (x8)
           cycle=3045, step=0, pc=0x00000000, major=9, minor=5
       Global: memory permutation violated
         0x00200F60 (code): wrote 0x7e25d520, expected 0xb7170713 (cycle 5990)
  [339] ✓ PRE_EXEC_REG_MOD @ step 3721: 2 failures, 3279ms, outcome: REJECTED, exit: 101 [proof:GENERATED] G=memory
       r=0.122  T_new=0.00 F_new=0.39 F_rare=0.79 U=0 Q=0.43 Q_l=0.51 Q_g=0.85 dl=2 dg=1
       Value: 0x00000000 -> 0xFFFFFFFF
       Register: x28 (t3), READ, strategy=next_read
       zkVM errors (1 lines):
         • [prover_impl.rs:280] verify segment (internal proof verification failed)
       Local constraints hit (2 unique):
         - IsRead@mem.zir:79
           cycle=20597, step=3721, pc=0x00203250, major=1, minor=2
         - IsRead@mem.zir:80
           cycle=20597, step=3721, pc=0x00203250, major=1, minor=2
       Global: memory permutation violated
         x28/t3: wrote 0xffffffff, expected 0x00000000 (cycle 41194)
  [340] ✓ PRE_EXEC_REG_MOD @ step 1218: 2 failures, 3316ms, outcome: REJECTED, exit: 101 [proof:GENERATED] G=memory
       r=0.131  T_new=0.00 F_new=0.78 F_rare=1.00 U=0 Q=0.31 Q_l=0.51 Q_g=0.61 dl=2 dg=3
       Value: 0x00200390 -> 0x20000000
       Register: x2 (sp), READ, strategy=next_read
       zkVM errors (3 lines):
         • [prover_impl.rs:280] verify segment (internal proof verification failed)
         • [ffi.cpp:113] address mismatch at cycle 17862: preflight=0x000800ed, actual=0x08000009
         • [kernels/cxx/ffi.cpp:208] SKIP THROW: memory peek not in preflight
       Local constraints hit (2 unique):
         - IsRead@mem.zir:79
           cycle=17862, step=1218, pc=0x00209A78, major=5, minor=2
         - IsRead@mem.zir:80
           cycle=17862, step=1218, pc=0x00209A78, major=5, minor=2
       Global: memory permutation violated
         0x002003B4 (data): unexpected write 0x00000000 (cycle 35589)
         0x20000024 (data): expected write missing, needed 0x00000000 (cycle 35589)
         x2/sp: wrote 0x20000000, expected 0x00200390 (cycle 35724)
  [341] ✓ PRE_EXEC_REG_MOD @ step 2386: 4 failures, 3312ms, outcome: REJECTED, exit: 101 [proof:GENERATED] G=memory
       r=0.056  T_new=0.00 F_new=0.39 F_rare=0.66 U=0 Q=0.22 Q_l=0.26 Q_g=0.85 dl=4 dg=1
       Value: 0x00000000 -> 0xFFFFFFFE
       Register: x11 (a1), READ, strategy=next_read
       zkVM errors (1 lines):
         • [prover_impl.rs:280] verify segment (internal proof verification failed)
       Local constraints hit (4 unique):
         - IsRead@mem.zir:79
           cycle=19040, step=2386, pc=0x002032E0, major=6, minor=2
         - IsRead@mem.zir:80
           cycle=19040, step=2386, pc=0x002032E0, major=6, minor=2
         - MemoryWrite@mem.zir:100
           cycle=19040, step=2386, pc=0x002032E0, major=6, minor=2
         - MemoryWrite@mem.zir:99
           cycle=19040, step=2386, pc=0x002032E0, major=6, minor=2
       Global: memory permutation violated
         x11/a1: wrote 0xfffffffe, expected 0x00000000 (cycle 38080)
  [342] ✓ PRE_EXEC_REG_MOD @ step 2584: 2 failures, 3290ms, outcome: REJECTED, exit: 101 [proof:GENERATED] G=memory
       r=0.114  T_new=0.00 F_new=0.39 F_rare=0.70 U=0 Q=0.43 Q_l=0.51 Q_g=0.85 dl=2 dg=1
       Value: 0x00000020 -> 0x7EFFEE9F
       Register: x16 (a6), READ, strategy=next_read
       zkVM errors (1 lines):
         • [prover_impl.rs:280] verify segment (internal proof verification failed)
       Local constraints hit (2 unique):
         - IsRead@mem.zir:79
           cycle=19312, step=2584, pc=0x0020154C, major=3, minor=1
         - IsRead@mem.zir:80
           cycle=19312, step=2584, pc=0x0020154C, major=3, minor=1
       Global: memory permutation violated
         x16/a6: wrote 0x7effee9f, expected 0x00000020 (cycle 38624)
  [343] ✓ PRE_EXEC_REG_MOD @ step 921: 4 failures, 3302ms, outcome: REJECTED, exit: 101 [proof:GENERATED] G=memory
       r=0.058  T_new=0.00 F_new=0.39 F_rare=0.70 U=0 Q=0.22 Q_l=0.26 Q_g=0.85 dl=4 dg=1
       Value: 0x00000004 -> 0xBCFE403F
       Register: x10 (a0), READ, strategy=next_read
       zkVM errors (1 lines):
         • [prover_impl.rs:280] verify segment (internal proof verification failed)
       Local constraints hit (4 unique):
         - IsRead@mem.zir:79
           cycle=17554, step=921, pc=0x002061A8, major=4, minor=2
         - IsRead@mem.zir:80
           cycle=17554, step=921, pc=0x002061A8, major=4, minor=2
         - MemoryWrite@mem.zir:100
           cycle=17554, step=921, pc=0x002061A8, major=4, minor=2
         - MemoryWrite@mem.zir:99
           cycle=17554, step=921, pc=0x002061A8, major=4, minor=2
       Global: memory permutation violated
         x10/a0: wrote 0xbcfe403f, expected 0x00000004 (cycle 35108)
  [344] ✓ PRE_EXEC_REG_MOD @ step 601: 2 failures, 3338ms, outcome: REJECTED, exit: 101 [proof:GENERATED] G=memory
       r=0.105  T_new=0.00 F_new=0.39 F_rare=0.62 U=0 Q=0.43 Q_l=0.51 Q_g=0.85 dl=2 dg=1
       Value: 0x00000001 -> 0x000A0001
       Register: x11 (a1), READ, strategy=next_read
       zkVM errors (1 lines):
         • [prover_impl.rs:280] verify segment (internal proof verification failed)
       Local constraints hit (2 unique):
         - IsRead@mem.zir:80
           cycle=17204, step=601, pc=0xC0000144, major=5, minor=2
         - MemoryWrite@mem.zir:100
           cycle=17204, step=601, pc=0xC0000144, major=5, minor=2
       Global: memory permutation violated
         x11/a1: wrote 0x000a0001, expected 0x00000001 (cycle 34408)
  [345] ✓ PRE_EXEC_REG_MOD @ step 3809: 4 failures, 3281ms, outcome: REJECTED, exit: 101 [proof:GENERATED] G=memory
       r=0.094  T_new=0.00 F_new=0.78 F_rare=1.00 U=0 Q=0.22 Q_l=0.26 Q_g=0.85 dl=4 dg=1
       Value: 0x00000001 -> 0x4798578F
       Register: x14 (a4), READ, strategy=next_read
       zkVM errors (1 lines):
         • [prover_impl.rs:280] verify segment (internal proof verification failed)
       Local constraints hit (4 unique):
         - IsRead@mem.zir:79
           cycle=20759, step=3809, pc=0x002061F4, major=0, minor=1
         - IsRead@mem.zir:80
           cycle=20759, step=3809, pc=0x002061F4, major=0, minor=1
         - MemoryWrite@mem.zir:100
           cycle=20759, step=3809, pc=0x002061F4, major=0, minor=1
         - MemoryWrite@mem.zir:99
           cycle=20759, step=3809, pc=0x002061F4, major=0, minor=1
       Global: memory permutation violated
         x14/a4: wrote 0x4798578f, expected 0x00000001 (cycle 41518)
  [346] ✓ PRE_EXEC_REG_MOD @ step 0: 10 failures, 3278ms, outcome: REJECTED, exit: 101 [proof:GENERATED] G=memory
       r=0.077  T_new=0.00 F_new=0.39 F_rare=0.64 U=0 Q=0.31 Q_l=0.37 Q_g=0.85 dl=3 dg=1
       Value: 0x00000000 -> 0xFFFFFFFF
       Register: x1 (ra), READ, strategy=next_read
       zkVM errors (2 lines):
         • [prover_impl.rs:280] verify segment (internal proof verification failed)
         • [kernels/cxx/buffers.h:43] SKIP THROW: Inconsistent set
       Local constraints hit (3 unique):
         - IsRead@mem.zir:79
           cycle=15967, step=0, pc=0x00000000, major=9, minor=2
         - IsRead@mem.zir:80
           cycle=15967, step=0, pc=0x00000000, major=9, minor=2
         - PoseidonCheckOut@inst_p2.zir:265 (x8)
           cycle=16247, step=0, pc=0x00000000, major=9, minor=5
       Global: memory permutation violated
         x1/ra: wrote 0xffffffff, expected 0x00000000 (cycle 31934)
  [347] ✓ STORE_OUT_MOD @ step 2107: 2 failures, 3316ms, outcome: REJECTED, exit: 101 [proof:GENERATED] G=memory
       r=0.106  T_new=0.00 F_new=0.39 F_rare=0.62 U=0 Q=0.43 Q_l=0.51 Q_g=0.85 dl=2 dg=1
       Value: 0x00000018 -> 0xB81AD1D4
       Store address: 0x002000e8
       zkVM errors (1 lines):
         • [prover_impl.rs:280] verify segment (internal proof verification failed)
       Local constraints hit (2 unique):
         - MemoryWrite@mem.zir:100
           cycle=18761, step=2107, pc=0x00202508, major=6, minor=2
         - MemoryWrite@mem.zir:99
           cycle=18761, step=2107, pc=0x00202508, major=6, minor=2
       Global: memory permutation violated
         0x002000E8 (data): wrote 0xb81ad1d4, expected 0x00000018 (cycle 37523)
  [348] ✓ STORE_OUT_MOD @ step 3913: 2 failures, 3305ms, outcome: REJECTED, exit: 101 [proof:GENERATED] G=memory
       r=0.105  T_new=0.00 F_new=0.39 F_rare=0.62 U=0 Q=0.43 Q_l=0.51 Q_g=0.85 dl=2 dg=1
       Value: 0x9E03290D -> 0xA1A78AB3
       Store address: 0xffff0250
       zkVM errors (1 lines):
         • [prover_impl.rs:280] verify segment (internal proof verification failed)
       Local constraints hit (2 unique):
         - MemoryWrite@mem.zir:100
           cycle=20863, step=3913, pc=0xC00000BC, major=6, minor=2
         - MemoryWrite@mem.zir:99
           cycle=20863, step=3913, pc=0xC00000BC, major=6, minor=2
       Global: memory permutation violated
         0xFFFF0250 (data): wrote 0xa1a78ab3, expected 0x9e03290d (cycle 41727)
  [349] ✓ COMP_OUT_MOD @ step 2227: 2 failures, 3280ms, outcome: REJECTED, exit: 101 [proof:GENERATED] G=memory
       r=0.118  T_new=0.00 F_new=0.39 F_rare=0.75 U=0 Q=0.43 Q_l=0.51 Q_g=0.85 dl=2 dg=1
       Value: 0x00000001 -> 0x00080000
       Destination: rd = x13 (a3)
       zkVM errors (1 lines):
         • [prover_impl.rs:280] verify segment (internal proof verification failed)
       Local constraints hit (2 unique):
         - MemoryWrite@mem.zir:100
           cycle=18881, step=2227, pc=0x00203304, major=0, minor=3
         - MemoryWrite@mem.zir:99
           cycle=18881, step=2227, pc=0x00203304, major=0, minor=3
       Global: memory permutation violated
         x13/a3: wrote 0x00080000, expected 0x00000001 (cycle 37763)
  [350] ✓ COMP_OUT_MOD @ step 303: 2 failures, 3262ms, outcome: REJECTED, exit: 101 [proof:GENERATED] G=memory
       r=0.106  T_new=0.00 F_new=0.39 F_rare=0.62 U=0 Q=0.43 Q_l=0.51 Q_g=0.85 dl=2 dg=1
       Value: 0x00000004 -> 0x56199F04
       Destination: rd = x9 (s1)
       zkVM errors (1 lines):
         • [prover_impl.rs:280] verify segment (internal proof verification failed)
       Local constraints hit (2 unique):
         - MemoryWrite@mem.zir:100
           cycle=16888, step=303, pc=0x002031BC, major=3, minor=1
         - MemoryWrite@mem.zir:99
           cycle=16888, step=303, pc=0x002031BC, major=3, minor=1
       Global: memory permutation violated
         x9/s1: wrote 0x56199f04, expected 0x00000004 (cycle 33777)
  [351] ✓ COMP_OUT_MOD @ step 3441: 1 failures, 3269ms, outcome: REJECTED, exit: 101 [proof:GENERATED] G=memory
       r=0.152  T_new=0.00 F_new=0.39 F_rare=0.66 U=0 Q=0.61 Q_l=0.72 Q_g=0.85 dl=1 dg=1
       Value: 0x00000000 -> 0x50000000
       Destination: rd = x10 (a0)
       zkVM errors (1 lines):
         • [prover_impl.rs:280] verify segment (internal proof verification failed)
       Local constraints hit (1 unique):
         - MemoryWrite@mem.zir:100
           cycle=20243, step=3441, pc=0x00204D10, major=4, minor=2
       Global: memory permutation violated
         x10/a0: wrote 0x50000000, expected 0x00000000 (cycle 40487)
  [352] ✓ COMP_OUT_MOD @ step 3809: 2 failures, 3266ms, outcome: REJECTED, exit: 101 [proof:GENERATED] G=memory
       r=0.116  T_new=0.00 F_new=0.39 F_rare=0.72 U=0 Q=0.43 Q_l=0.51 Q_g=0.85 dl=2 dg=1
       Value: 0x00000000 -> 0xFBFFFFFB
       Destination: rd = x15 (a5)
       zkVM errors (1 lines):
         • [prover_impl.rs:280] verify segment (internal proof verification failed)
       Local constraints hit (2 unique):
         - MemoryWrite@mem.zir:100
           cycle=20759, step=3809, pc=0x002061F4, major=0, minor=1
         - MemoryWrite@mem.zir:99
           cycle=20759, step=3809, pc=0x002061F4, major=0, minor=1
       Global: memory permutation violated
         x15/a5: wrote 0xfbfffffb, expected 0x00000000 (cycle 41519)
  [353] ✓ INSTR_TYPE_MOD @ step 1638: 5 failures, 3304ms, outcome: REJECTED, exit: 101 [proof:GENERATED] G=memory
       r=0.017  T_new=0.00 F_new=0.99 F_rare=1.00 U=0 Q=0.04 Q_l=0.19 Q_g=0.19 dl=5 dg=10
       Value: 0x00020004 -> 0x00010002
       Original: JalR [major=2, minor=4]
       Mutated:  AndI [major=1, minor=2]
       zkVM errors (3 lines):
         • [prover_impl.rs:280] verify segment (internal proof verification failed)
         • [ffi.cpp:113] address mismatch at cycle 18283: preflight=0x00082bb7, actual=0x00080935
         • [kernels/cxx/buffers.h:43] SKIP THROW: Inconsistent set
       Local constraints hit (3 unique):
         - MemoryWrite@mem.zir:99 (x3)
           cycle=18282, step=1638, pc=0x0020AEDC, major=1, minor=2
         - VerifyOpcodeF3@inst.zir:96
           cycle=18282, step=1638, pc=0x0020AEDC, major=1, minor=2
         - VerifyOpcodeF3@inst.zir:97
           cycle=18282, step=1638, pc=0x0020AEDC, major=1, minor=2
       Global: memory permutation violated (48 addrs: 48 code)
         + 48 code addresses diverged (instruction fetch cascade)
  [354] ✓ INSTR_TYPE_MOD @ step 2162: 1 failures, 3276ms, outcome: REJECTED, exit: 101 [proof:GENERATED]
       r=0.149  T_new=0.00 F_new=0.00 F_rare=0.71 U=0 Q=0.72 Q_l=0.72 Q_g=1.00 dl=1 dg=0
       Value: 0x00050002 -> 0x00050001
       Original: Lw [major=5, minor=2]
       Mutated:  Lh [major=5, minor=1]
       zkVM errors (1 lines):
         • [prover_impl.rs:280] verify segment (internal proof verification failed)
       Local constraints hit (1 unique):
         - VerifyOpcodeF3@inst.zir:97
           cycle=18816, step=2162, pc=0x0020258C, major=5, minor=1
       Global: no permutation/lookup violations (local-only)
  [355] ✓ INSTR_TYPE_MOD @ step 2875: 4 failures, 3364ms, outcome: REJECTED, exit: 101 [proof:GENERATED] G=memory|cycle
       r=0.014  T_new=0.00 F_new=1.00 F_rare=1.00 U=0 Q=0.03 Q_l=0.26 Q_g=0.11 dl=4 dg=13
       Value: 0x00060002 -> 0x00020000
       Original: Sw [major=6, minor=2]
       Mutated:  Bge [major=2, minor=0]
       zkVM errors (3 lines):
         • [prover_impl.rs:280] verify segment (internal proof verification failed)
         • [ffi.cpp:113] address mismatch at cycle 19603: preflight=0x0008006b, actual=0x3fffc060
         • [kernels/cxx/ffi.cpp:208] SKIP THROW: memory peek not in preflight
       Local constraints hit (3 unique):
         - MemoryWrite@mem.zir:99 (x2)
           cycle=19608, step=2880, pc=0x00205380, major=2, minor=6
         - VerifyOpcodeF3@inst.zir:96
           cycle=19603, step=2875, pc=0x0020536C, major=2, minor=0
         - VerifyOpcodeF3@inst.zir:97
           cycle=19603, step=2875, pc=0x0020536C, major=2, minor=0
       Global: memory permutation violated (10 addrs: 8 code, 2 data)
         0x002001AC (data): unexpected write 0x00000000 (cycle 37674)
         0xFFFF0180 (data): expected write missing, needed 0x00000000 (cycle 37674)
         + 8 code addresses diverged (instruction fetch cascade)
       Global: cycle lookup violated (3 indices broken)
         index 0: 2254 provides, 1 uses (imbalanced)
         index 1531: 4 provides, 1 uses (imbalanced)
         index 1532: 1 provides, 1 uses (imbalanced)
  [356] ✓ INSTR_TYPE_MOD @ step 74: 1 failures, 3326ms, outcome: REJECTED, exit: 101 [proof:GENERATED] G=memory
       r=0.199  T_new=0.00 F_new=0.63 F_rare=1.00 U=0 Q=0.51 Q_l=0.72 Q_g=0.72 dl=1 dg=2
       Value: 0x00030002 -> 0x00010005
       Original: Mul [major=3, minor=2]
       Mutated:  Beq [major=1, minor=5]
       zkVM errors (3 lines):
         • [prover_impl.rs:280] verify segment (internal proof verification failed)
         • [ffi.cpp:113] address mismatch at cycle 16647: preflight=0x3fffc02b, actual=0x3fffc060
         • [kernels/cxx/ffi.cpp:208] SKIP THROW: memory peek not in preflight
       Local constraints hit (1 unique):
         - VerifyOpcodeF3@inst.zir:96
           cycle=16647, step=74, pc=0x00203260, major=1, minor=5
       Global: memory permutation violated
         x11/a1: unexpected write 0x00000000 (cycle 33294)
         0xFFFF0180 (data): expected write missing, needed 0x00000000 (cycle 33294)
  [357] ✓ INSTR_TYPE_MOD @ step 374: 11 failures, 3299ms, outcome: REJECTED, exit: 101 [proof:GENERATED] G=memory
       r=0.003  T_new=0.00 F_new=0.95 F_rare=1.00 U=0 Q=0.01 Q_l=0.04 Q_g=0.19 dl=10 dg=10
       Value: 0x00040002 -> 0x00010007
       Original: SrlI [major=4, minor=2]
       Mutated:  Blt [major=1, minor=7]
       zkVM errors (3 lines):
         • [prover_impl.rs:280] verify segment (internal proof verification failed)
         • [ffi.cpp:113] address mismatch at cycle 16965: preflight=0x3fffc02b, actual=0x3fffc060
         • [kernels/cxx/ffi.cpp:208] SKIP THROW: memory peek not in preflight
       Local constraints hit (4 unique):
         - DecodeInst@inst.zir:29 (x7)
           cycle=16966, step=375, pc=0x002061AC, major=1, minor=2
         - MemoryWrite@mem.zir:99 (x2)
           cycle=16965, step=374, pc=0x002061A8, major=1, minor=7
         - VerifyOpcodeF3@inst.zir:96
           cycle=16965, step=374, pc=0x002061A8, major=1, minor=7
         - VerifyOpcodeF3@inst.zir:97
           cycle=16965, step=374, pc=0x002061A8, major=1, minor=7
       Global: memory permutation violated (16 addrs: 1 register, 14 code, 1 data)
         x11/a1: unexpected write 0x00000000 (cycle 33923)
         0xFFFF0180 (data): expected write missing, needed 0x00000000 (cycle 33923)
         + 14 code addresses diverged (instruction fetch cascade)
  [358] ✓ INSTR_TYPE_MOD @ step 14: 7 failures, 3283ms, outcome: REJECTED, exit: 101 [proof:GENERATED] G=memory
       r=0.012  T_new=0.00 F_new=1.00 F_rare=1.00 U=0 Q=0.03 Q_l=0.14 Q_g=0.19 dl=6 dg=10
       Value: 0x00020005 -> 0x00010005
       Original: Lui [major=2, minor=5]
       Mutated:  Beq [major=1, minor=5]
       zkVM errors (3 lines):
         • [prover_impl.rs:280] verify segment (internal proof verification failed)
         • [ffi.cpp:113] address mismatch at cycle 16587: preflight=0x3fffc00b, actual=0x3fffc040
         • [kernels/cxx/ffi.cpp:208] SKIP THROW: memory peek not in preflight
       Local constraints hit (4 unique):
         - ControlMRET@inst_control.zir:89
           cycle=16592, step=19, pc=0x00203700, major=7, minor=3
         - DecodeInst@inst.zir:29 (x4)
           cycle=16588, step=15, pc=0xC0000040, major=0, minor=7
         - MemoryWrite@mem.zir:100
           cycle=16587, step=14, pc=0xC000003C, major=1, minor=5
         - VerifyOpcodeF3@inst.zir:96
           cycle=16587, step=14, pc=0xC000003C, major=1, minor=5
       Global: memory permutation violated (12 addrs: 12 data)
         0xC0000020 (data): wrote 0x08020213, expected 0x20058593 (cycle 29942)
         0xC0000024 (data): expected write missing, needed 0x00052603 (cycle 29962)
         0xC0000028 (data): expected write missing, needed 0xffc60613 (cycle 29962)
         + 9 more addresses
  [359] ✓ INSTR_TYPE_MOD @ step 841: 4 failures, 3336ms, outcome: REJECTED, exit: 101 [proof:GENERATED] G=memory
       r=0.024  T_new=0.00 F_new=1.00 F_rare=1.00 U=0 Q=0.05 Q_l=0.26 Q_g=0.19 dl=4 dg=10
       Value: 0x00000000 -> 0x00020000
       Original: Add [major=0, minor=0]
       Mutated:  Bge [major=2, minor=0]
       zkVM errors (3 lines):
         • [prover_impl.rs:280] verify segment (internal proof verification failed)
         • [ffi.cpp:113] address mismatch at cycle 17468: preflight=0x3fffc030, actual=0x3fffc060
         • [kernels/cxx/ffi.cpp:208] SKIP THROW: memory peek not in preflight
       Local constraints hit (3 unique):
         - MemoryWrite@mem.zir:99 (x2)
           cycle=17468, step=841, pc=0x00206178, major=2, minor=0
         - VerifyOpcodeF3@inst.zir:96
           cycle=17468, step=841, pc=0x00206178, major=2, minor=0
         - VerifyOpcodeF3@inst.zir:97
           cycle=17468, step=841, pc=0x00206178, major=2, minor=0
       Global: memory permutation violated (15 addrs: 1 register, 13 code, 1 data)
         x16/a6: unexpected write 0x00000000 (cycle 34936)
         0xFFFF0180 (data): expected write missing, needed 0x00000000 (cycle 34936)
         + 13 code addresses diverged (instruction fetch cascade)
  [360] ✓ INSTR_TYPE_MOD @ step 446: 5 failures, 3334ms, outcome: REJECTED, exit: 101 [proof:GENERATED] G=memory|cycle
       r=0.017  T_new=0.00 F_new=0.99 F_rare=1.00 U=0 Q=0.04 Q_l=0.19 Q_g=0.19 dl=5 dg=10
       Value: 0x00000007 -> 0x00000003
       Original: AddI [major=0, minor=7]
       Mutated:  Or [major=0, minor=3]
       zkVM errors (3 lines):
         • [prover_impl.rs:280] verify segment (internal proof verification failed)
         • [ffi.cpp:113] address mismatch at cycle 17037: preflight=0x3fffc011, actual=0x3fffc000
         • [kernels/cxx/buffers.h:43] SKIP THROW: Inconsistent set
       Local constraints hit (5 unique):
         - ECallHostReadSetup@inst_ecall.zir:70
           cycle=17038, step=446, pc=0xC000014C, major=8, minor=2
         - MemoryWrite@mem.zir:100
           cycle=17037, step=446, pc=0xC000014C, major=0, minor=3
         - MemoryWrite@mem.zir:99
           cycle=17037, step=446, pc=0xC000014C, major=0, minor=3
         - VerifyOpcodeF3F7@inst.zir:102
           cycle=17037, step=446, pc=0xC000014C, major=0, minor=3
         - VerifyOpcodeF3F7@inst.zir:103
           cycle=17037, step=446, pc=0xC000014C, major=0, minor=3
       Global: memory permutation violated
         0xC0000150 (data): unexpected write 0x00000513 (cycle 33912)
         0xC0000154 (data): expected write missing, needed 0x00000513 (cycle 33912)
         0xC0000158 (data): expected write missing, needed 0x02820593 (cycle 33914)
         0xC000015C (data): expected write missing, needed 0x00800613 (cycle 33916)
         0xC0000160 (data): expected write missing, needed 0x00000073 (cycle 33918)
         0xC0000164 (data): expected write missing, needed 0x30200073 (cycle 33924)
         0xFFFF0000 (data): expected write missing, needed 0x00000001 (cycle 34063)
         0xFFFF0044 (data): unexpected write 0x00000001 (cycle 34063)
         0xFFFF0100 (data): expected write missing, needed 0x0021a0c8 (cycle 34065)
       Global: cycle lookup violated (1 indices broken)
         index 9: 344 provides, 1 uses (imbalanced)
  [361] ✓ INSTR_TYPE_MOD @ step 0: 6 failures, 3325ms, outcome: REJECTED, exit: 101 [proof:GENERATED] [+1 new] [+3 touch] G=memory|cycle
       r=0.038  T_new=0.08 F_new=0.86 F_rare=1.00 U=0 Q=0.08 Q_l=0.14 Q_g=0.61 dl=6 dg=3
       Value: 0x00020006 -> 0x00060002
       Original: Auipc [major=2, minor=6]
       Mutated:  Sw [major=6, minor=2]
       zkVM errors (3 lines):
         • [prover_impl.rs:280] verify segment (internal proof verification failed)
         • [ffi.cpp:113] address mismatch at cycle 0: preflight=0x44000000, actual=0x00000000
         • [kernels/cxx/ffi.cpp:208] SKIP THROW: memory peek not in preflight
       Local constraints hit (6 unique):
         - AddrDecompose@u32.zir:67
           cycle=0, step=0, pc=0x00000000, major=6, minor=2
         - AddrDecomposeBits@u32.zir:87
           cycle=0, step=0, pc=0x00000000, major=6, minor=2
         - ControlLoadRootAndNonce@inst_control.zir:23
           cycle=1, step=0, pc=0x00000000, major=7, minor=0
         - MemStoreInput@inst_mem.zir:18
           cycle=0, step=0, pc=0x00000000, major=6, minor=2
         - VerifyOpcodeF3@inst.zir:96
           cycle=0, step=0, pc=0x00000000, major=6, minor=2
         - VerifyOpcodeF3@inst.zir:97
           cycle=0, step=0, pc=0x00000000, major=6, minor=2
       Global: memory permutation violated
         0x00000000 (data): unexpected write 0x00000000 (cycle 1)
       Global: cycle lookup violated (2 indices broken)
         index 0: 2256 provides, 1 uses (imbalanced)
         index 2013265920: orphan provide (3 entries, no matching use)
  [362] ✓ INSTR_WORD_MOD_FULL @ step 3210: 0 failures, 3326ms, outcome: REJECTED, exit: 101 [proof:GENERATED] G=memory[GO]
       r=0.256  T_new=0.00 F_new=0.78 F_rare=1.00 U=0 Q=0.61 Q_l=1.00 Q_g=0.61 dl=0 dg=3
       Value: 0x00100593 -> 0x00100193
       Original: ADDI x11, x0, 1
       Mutated:  ADDI x3, x0, 1
       zkVM errors (3 lines):
         • [prover_impl.rs:280] verify segment (internal proof verification failed)
         • [ffi.cpp:113] address mismatch at cycle 20012: preflight=0x3fffc02b, actual=0x3fffc023
         • [kernels/cxx/ffi.cpp:208] SKIP THROW: memory peek not in preflight
       Global: memory permutation violated [GLOBAL-ONLY]
         x3/gp: expected write missing, needed 0x00000040 (cycle 40012)
         x11/a1: unexpected write 0x00000040 (cycle 40012)
         0x00204BA0 (code): wrote 0x00100593, expected 0x00100193 (cycle 14402)
  [363] ✓ INSTR_WORD_MOD_FULL @ step 2729: 0 failures, 3302ms, outcome: REJECTED, exit: 101 [proof:GENERATED] G=memory[GO]
       r=0.255  T_new=0.00 F_new=0.78 F_rare=1.00 U=0 Q=0.61 Q_l=1.00 Q_g=0.61 dl=0 dg=3
       Value: 0x06812383 -> 0x06892383
       Original: LW x7, 104(x2)
       Mutated:  LW x7, 104(x18)
       zkVM errors (3 lines):
         • [prover_impl.rs:280] verify segment (internal proof verification failed)
         • [ffi.cpp:113] address mismatch at cycle 19457: preflight=0x3fffc022, actual=0x3fffc032
         • [kernels/cxx/ffi.cpp:208] SKIP THROW: memory peek not in preflight
       Global: memory permutation violated [GLOBAL-ONLY]
         x2/sp: unexpected write 0x00200300 (cycle 38912)
         x18/s2: expected write missing, needed 0x00200300 (cycle 38912)
         0x002016AC (code): wrote 0x06812383, expected 0x06892383 (cycle 7158)
  [364] ✓ INSTR_WORD_MOD_FULL @ step 3695: 4 failures, 3266ms, outcome: REJECTED, exit: 101 [proof:GENERATED] G=memory
       r=0.039  T_new=0.00 F_new=0.98 F_rare=1.00 U=0 Q=0.08 Q_l=0.26 Q_g=0.31 dl=4 dg=7
       Value: 0x00B50023 -> 0x3F0AB3B7
       Original: SB x11, 0(x10)
       Mutated:  LUI x7, 0x3f0ab000
       Format changed: S -> U
       zkVM errors (3 lines):
         • [prover_impl.rs:280] verify segment (internal proof verification failed)
         • [ffi.cpp:113] address mismatch at cycle 20571: preflight=0x3fffc02a, actual=0x3fffc035
         • [kernels/cxx/ffi.cpp:208] SKIP THROW: memory peek not in preflight
       Local constraints hit (4 unique):
         - MemoryWrite@mem.zir:100
           cycle=20571, step=3695, pc=0x00205768, major=6, minor=0
         - MemoryWrite@mem.zir:99
           cycle=20571, step=3695, pc=0x00205768, major=6, minor=0
         - VerifyOpcodeF3@inst.zir:96
           cycle=20571, step=3695, pc=0x00205768, major=6, minor=0
         - VerifyOpcodeF3@inst.zir:97
           cycle=20571, step=3695, pc=0x00205768, major=6, minor=0
       Global: memory permutation violated
         x10/a0: unexpected write 0x00221632 (cycle 41137)
         x11/a1: unexpected write 0x00000080 (cycle 41139)
         x16/a6: expected write missing, needed 0x00000080 (cycle 41139)
         x21/s5: expected write missing, needed 0x00221632 (cycle 41137)
         0x00205764 (code): wrote 0x00b50023, expected 0x3f0ab3b7 (cycle 39542)
         0x00221630 (code): unexpected write 0x00000002 (cycle 41127)
         0x00221A18 (code): expected write missing, needed 0x00000002 (cycle 41127)
  [365] ✓ INSTR_WORD_MOD_FULL @ step 808: 5 failures, 3288ms, outcome: REJECTED, exit: 101 [proof:GENERATED] G=memory
       r=0.027  T_new=0.00 F_new=0.95 F_rare=1.00 U=0 Q=0.06 Q_l=0.19 Q_g=0.31 dl=5 dg=7
       Value: 0x00261313 -> 0xBFFDECEF
       Original: SLLI x6, x12, 2
       Mutated:  JAL x25, -136194
       Format changed: I -> J
       zkVM errors (3 lines):
         • [prover_impl.rs:280] verify segment (internal proof verification failed)
         • [ffi.cpp:113] address mismatch at cycle 17429: preflight=0x3fffc02c, actual=0x3fffc03b
         • [kernels/cxx/ffi.cpp:208] SKIP THROW: memory peek not in preflight
       Local constraints hit (5 unique):
         - MemoryWrite@mem.zir:100
           cycle=17429, step=808, pc=0x00206134, major=3, minor=1
         - MemoryWrite@mem.zir:99
           cycle=17429, step=808, pc=0x00206134, major=3, minor=1
         - VerifyOpcodeF3F7@inst.zir:102
           cycle=17429, step=808, pc=0x00206134, major=3, minor=1
         - VerifyOpcodeF3F7@inst.zir:103
           cycle=17429, step=808, pc=0x00206134, major=3, minor=1
         - VerifyOpcodeF3F7@inst.zir:104
           cycle=17429, step=808, pc=0x00206134, major=3, minor=1
       Global: memory permutation violated
         x2/sp: unexpected write 0x00200350 (cycle 34840)
         x6/t1: unexpected write 0x00000000 (cycle 34782)
         x12/a2: unexpected write 0x00000001 (cycle 34853)
         x25/s9: expected write missing, needed 0x00000000 (cycle 34782)
         x27/s11: expected write missing, needed 0x00000001 (cycle 34853)
         x31/t6: expected write missing, needed 0x00200350 (cycle 34840)
         0x00206130 (code): wrote 0x00261313, expected 0xbffdecef (cycle 34690)
  [366] ✓ INSTR_WORD_MOD_FULL @ step 610: 4 failures, 3278ms, outcome: REJECTED, exit: 101 [proof:GENERATED] G=memory
       r=0.037  T_new=0.00 F_new=0.92 F_rare=1.00 U=0 Q=0.08 Q_l=0.26 Q_g=0.31 dl=4 dg=7
       Value: 0x00255593 -> 0xC5F2AAEF
       Original: SRLI x11, x10, 2
       Mutated:  JAL x21, -873378
       Format changed: I -> J
       zkVM errors (3 lines):
         • [prover_impl.rs:280] verify segment (internal proof verification failed)
         • [ffi.cpp:113] address mismatch at cycle 17219: preflight=0x3fffc02a, actual=0x3fffc025
         • [kernels/cxx/ffi.cpp:208] SKIP THROW: memory peek not in preflight
       Local constraints hit (4 unique):
         - MemoryWrite@mem.zir:99
           cycle=17219, step=610, pc=0x002061A8, major=4, minor=2
         - VerifyOpcodeF3F7@inst.zir:102
           cycle=17219, step=610, pc=0x002061A8, major=4, minor=2
         - VerifyOpcodeF3F7@inst.zir:103
           cycle=17219, step=610, pc=0x002061A8, major=4, minor=2
         - VerifyOpcodeF3F7@inst.zir:104
           cycle=17219, step=610, pc=0x002061A8, major=4, minor=2
       Global: memory permutation violated
         x2/sp: unexpected write 0x00200350 (cycle 34372)
         x5/t0: expected write missing, needed 0x00000004 (cycle 34436)
         x10/a0: unexpected write 0x00000004 (cycle 34436)
         x11/a1: unexpected write 0x00000000 (cycle 34431)
         x21/s5: expected write missing, needed 0x00000000 (cycle 34431)
         x31/t6: expected write missing, needed 0x00200350 (cycle 34372)
         0x002061A4 (code): wrote 0x00255593, expected 0xc5f2aaef (cycle 34266)
  [367] ✓ INSTR_WORD_MOD_FULL @ step 3897: 3 failures, 3349ms, outcome: REJECTED, exit: 101 [proof:GENERATED] G=memory
       r=0.063  T_new=0.00 F_new=0.95 F_rare=1.00 U=0 Q=0.14 Q_l=0.37 Q_g=0.37 dl=3 dg=6
       Value: 0x00251513 -> 0xCA694837
       Original: SLLI x10, x10, 2
       Mutated:  LUI x16, 0xca694000
       Format changed: I -> U
       zkVM errors (3 lines):
         • [prover_impl.rs:280] verify segment (internal proof verification failed)
         • [ffi.cpp:113] address mismatch at cycle 20847: preflight=0x3fffc00a, actual=0x3fffc012
         • [kernels/cxx/ffi.cpp:208] SKIP THROW: memory peek not in preflight
       Local constraints hit (3 unique):
         - VerifyOpcodeF3F7@inst.zir:102
           cycle=20847, step=3897, pc=0xC000007C, major=3, minor=1
         - VerifyOpcodeF3F7@inst.zir:103
           cycle=20847, step=3897, pc=0xC000007C, major=3, minor=1
         - VerifyOpcodeF3F7@inst.zir:104
           cycle=20847, step=3897, pc=0xC000007C, major=3, minor=1
       Global: memory permutation violated
         0xC0000078 (data): wrote 0x00251513, expected 0xca694837 (cycle 41316)
         0xFFFF0008 (data): unexpected write 0xfff00000 (cycle 41316)
         0xFFFF0018 (data): expected write missing, needed 0xfff00000 (cycle 41316)
         0xFFFF0028 (data): unexpected write 0x00000000 (cycle 41692)
         0xFFFF0040 (data): expected write missing, needed 0x00000000 (cycle 41694)
         0xFFFF0048 (data): unexpected write 0x00000000 (cycle 41694)
  [368] ✓ INSTR_WORD_MOD_FULL @ step 3157: 0 failures, 3312ms, outcome: REJECTED, exit: 101 [proof:GENERATED] G=memory[GO]
       r=0.255  T_new=0.00 F_new=0.78 F_rare=1.00 U=0 Q=0.61 Q_l=1.00 Q_g=0.61 dl=0 dg=3
       Value: 0x40E787B3 -> 0x40E78FB3
       Original: SUB x15, x15, x14
       Mutated:  SUB x31, x15, x14
       zkVM errors (3 lines):
         • [prover_impl.rs:280] verify segment (internal proof verification failed)
         • [ffi.cpp:113] address mismatch at cycle 19959: preflight=0x3fffc02f, actual=0x3fffc03f
         • [kernels/cxx/ffi.cpp:208] SKIP THROW: memory peek not in preflight
       Global: memory permutation violated [GLOBAL-ONLY]
         x15/a5: unexpected write 0x00000001 (cycle 39918)
         x31/t6: expected write missing, needed 0x00000001 (cycle 39918)
         0x002061F0 (code): wrote 0x40e787b3, expected 0x40e78fb3 (cycle 17986)
  [369] ✓ INSTR_WORD_MOD_SUR @ step 882: 1 failures, 3278ms, outcome: REJECTED, exit: 101 [proof:GENERATED] G=memory
       r=0.183  T_new=0.00 F_new=0.78 F_rare=1.00 U=0 Q=0.43 Q_l=0.72 Q_g=0.61 dl=1 dg=3
       Value: 0x00060593 -> 0x0D560593
       Surgical: imm = 0 -> 213
       Original: ADDI x11, x12, 0
       Mutated:  ADDI x11, x12, 213
       zkVM errors (3 lines):
         • [prover_impl.rs:280] verify segment (internal proof verification failed)
         • [ffi.cpp:113] address mismatch at cycle 17509: preflight=0x3fffc020, actual=0x3fffc035
         • [kernels/cxx/ffi.cpp:208] SKIP THROW: memory peek not in preflight
       Local constraints hit (1 unique):
         - MemoryWrite@mem.zir:99
           cycle=17509, step=882, pc=0x002031AC, major=0, minor=7
       Global: memory permutation violated
         x0/zero: unexpected write 0x00000000 (cycle 35016)
         x21/s5: expected write missing, needed 0x00000000 (cycle 35016)
         0x002031A8 (code): wrote 0x00060593, expected 0x0d560593 (cycle 34850)
  [370] ✓ INSTR_WORD_MOD_SUR @ step 2097: 1 failures, 3393ms, outcome: REJECTED, exit: 101 [proof:GENERATED] G=memory
       r=0.165  T_new=0.00 F_new=0.39 F_rare=0.75 U=0 Q=0.61 Q_l=0.72 Q_g=0.85 dl=1 dg=1
       Value: 0x02812C03 -> 0x02811C03
       Surgical: funct3 = 2 -> 1
       Original: LW x24, 40(x2)
       Mutated:  LH x24, 40(x2)
       zkVM errors (1 lines):
         • [prover_impl.rs:280] verify segment (internal proof verification failed)
       Local constraints hit (1 unique):
         - VerifyOpcodeF3@inst.zir:97
           cycle=18751, step=2097, pc=0x0020B110, major=5, minor=2
       Global: memory permutation violated
         0x0020B10C (code): wrote 0x02812c03, expected 0x02811c03 (cycle 22998)
  [371] ✓ INSTR_WORD_MOD_SUR @ step 77: 0 failures, 3321ms, outcome: REJECTED, exit: 101 [proof:GENERATED] G=memory[GO]
       r=0.255  T_new=0.00 F_new=0.78 F_rare=1.00 U=0 Q=0.61 Q_l=1.00 Q_g=0.61 dl=0 dg=3
       Value: 0xFEB72E23 -> 0xFF272E23
       Surgical: rs2 = 11 -> 18
       Original: SW x11, -4(x14)
       Mutated:  SW x18, -4(x14)
       zkVM errors (3 lines):
         • [prover_impl.rs:280] verify segment (internal proof verification failed)
         • [ffi.cpp:113] address mismatch at cycle 16650: preflight=0x3fffc02b, actual=0x3fffc032
         • [kernels/cxx/ffi.cpp:208] SKIP THROW: memory peek not in preflight
       Global: memory permutation violated [GLOBAL-ONLY]
         x11/a1: unexpected write 0x00000000 (cycle 33296)
         x18/s2: expected write missing, needed 0x00000000 (cycle 33296)
         0x00203268 (code): wrote 0xfeb72e23, expected 0xff272e23 (cycle 10338)
  [372] ✓ INSTR_WORD_MOD_SUR @ step 2550: 3 failures, 3345ms, outcome: REJECTED, exit: 101 [proof:GENERATED] G=memory|cycle
       r=0.057  T_new=0.00 F_new=0.78 F_rare=1.00 U=0 Q=0.14 Q_l=0.37 Q_g=0.37 dl=3 dg=6
       Value: 0x00859593 -> 0x3CB59593
       Surgical: imm = 8 -> 971
       Original: SLLI x11, x11, 8
       Mutated:  SLLI x11, x11, 971
       zkVM errors (3 lines):
         • [prover_impl.rs:280] verify segment (internal proof verification failed)
         • [ffi.cpp:113] address mismatch at cycle 19278: preflight=0x3fffc028, actual=0x3fffc02b
         • [kernels/cxx/ffi.cpp:208] SKIP THROW: memory peek not in preflight
       Local constraints hit (3 unique):
         - MemoryWrite@mem.zir:100
           cycle=19278, step=2550, pc=0x002014C4, major=3, minor=1
         - MemoryWrite@mem.zir:99
           cycle=19278, step=2550, pc=0x002014C4, major=3, minor=1
         - VerifyOpcodeF3F7@inst.zir:104
           cycle=19278, step=2550, pc=0x002014C4, major=3, minor=1
       Global: memory permutation violated
         x8/s0: unexpected write 0x00000000 (cycle 38534)
         x11/a1: wrote 0x0000002f, expected 0x00000000 (cycle 38534)
         0x002014C0 (code): wrote 0x00859593, expected 0x3cb59593 (cycle 6858)
       Global: cycle lookup violated (3 indices broken)
         index 0: 2254 provides, 1 uses (imbalanced)
         index 21: 80 provides, 1 uses (imbalanced)
         index 22: 86 provides, 1 uses (imbalanced)
  [373] ✓ INSTR_WORD_MOD_SUR @ step 530: 0 failures, 3293ms, outcome: REJECTED, exit: 101 [proof:GENERATED] G=memory[GO]
       r=0.235  T_new=0.00 F_new=0.63 F_rare=1.00 U=0 Q=0.61 Q_l=1.00 Q_g=0.61 dl=0 dg=3
       Value: 0x00255593 -> 0x002F5593
       Surgical: rs1 = 10 -> 30
       Original: SRLI x11, x10, 2
       Mutated:  SRLI x11, x30, 2
       zkVM errors (3 lines):
         • [prover_impl.rs:280] verify segment (internal proof verification failed)
         • [ffi.cpp:113] address mismatch at cycle 17133: preflight=0x3fffc02a, actual=0x3fffc03e
         • [kernels/cxx/ffi.cpp:208] SKIP THROW: memory peek not in preflight
       Global: memory permutation violated [GLOBAL-ONLY]
         x10/a0: unexpected write 0x00000004 (cycle 34264)
         x30/t5: expected write missing, needed 0x00000004 (cycle 34264)
         0x002061A4 (code): wrote 0x00255593, expected 0x002f5593 (cycle 34098)
  [374] ✓ INSTR_WORD_MOD_SUR @ step 6: 1 failures, 3359ms, outcome: REJECTED, exit: 101 [proof:GENERATED] G=memory
       r=0.161  T_new=0.00 F_new=0.39 F_rare=0.72 U=0 Q=0.61 Q_l=0.72 Q_g=0.85 dl=1 dg=1
       Value: 0x0062A023 -> 0x0062E023
       Surgical: funct3 = 2 -> 6
       Original: SW x6, 0(x5)
       Mutated:  STORE.6 x6, 0(x5)
       zkVM errors (1 lines):
         • [prover_impl.rs:280] verify segment (internal proof verification failed)
       Local constraints hit (1 unique):
         - VerifyOpcodeF3@inst.zir:97
           cycle=16579, step=6, pc=0xC000001C, major=6, minor=2
       Global: memory permutation violated
         0xC0000018 (data): wrote 0x0062a023, expected 0x0062e023 (cycle 29922)
  [375] ✓ INSTR_WORD_MOD_SUR @ step 294: 0 failures, 3277ms, outcome: REJECTED, exit: 101 [proof:GENERATED] G=memory[GO]
       r=0.255  T_new=0.00 F_new=0.78 F_rare=1.00 U=0 Q=0.61 Q_l=1.00 Q_g=0.61 dl=0 dg=3
       Value: 0x02E57663 -> 0x02C57663
       Surgical: rs2 = 14 -> 12
       Original: BGEU x10, x14, 44
       Mutated:  BGEU x10, x12, 44
       zkVM errors (3 lines):
         • [prover_impl.rs:280] verify segment (internal proof verification failed)
         • [ffi.cpp:113] address mismatch at cycle 16879: preflight=0x3fffc02e, actual=0x3fffc02c
         • [kernels/cxx/ffi.cpp:208] SKIP THROW: memory peek not in preflight
       Global: memory permutation violated [GLOBAL-ONLY]
         x12/a2: expected write missing, needed 0x00000004 (cycle 33699)
         x14/a4: unexpected write 0x00000004 (cycle 33699)
         0x00206178 (code): wrote 0x02e57663, expected 0x02c57663 (cycle 17906)
  [376] ✓ LOAD_VAL_MOD @ step 2726: 1 failures, 3332ms, outcome: REJECTED, exit: 101 [proof:GENERATED] G=memory
       r=0.144  T_new=0.00 F_new=0.39 F_rare=0.60 U=0 Q=0.61 Q_l=0.72 Q_g=0.85 dl=1 dg=1
       Value: 0xE00067A1 -> 0xE00067A3
       Load destination: rd = x12 (a2)
       zkVM errors (1 lines):
         • [prover_impl.rs:280] verify segment (internal proof verification failed)
       Local constraints hit (1 unique):
         - MemoryWrite@mem.zir:99
           cycle=19454, step=2726, pc=0x002016A4, major=5, minor=2
       Global: memory permutation violated
         x12/a2: wrote 0xe00067a3, expected 0xe00067a1 (cycle 38909)
  [377] ✓ LOAD_VAL_MOD @ step 2054: 2 failures, 3299ms, outcome: REJECTED, exit: 101 [proof:GENERATED] G=memory
       r=0.103  T_new=0.00 F_new=0.39 F_rare=0.60 U=0 Q=0.43 Q_l=0.51 Q_g=0.85 dl=2 dg=1
       Value: 0x002096FC -> 0xFECF4903
       Load destination: rd = x1 (ra)
       zkVM errors (1 lines):
         • [prover_impl.rs:280] verify segment (internal proof verification failed)
       Local constraints hit (2 unique):
         - MemoryWrite@mem.zir:100
           cycle=18708, step=2054, pc=0x00205FF8, major=5, minor=2
         - MemoryWrite@mem.zir:99
           cycle=18708, step=2054, pc=0x00205FF8, major=5, minor=2
       Global: memory permutation violated
         x1/ra: wrote 0xfecf4903, expected 0x002096fc (cycle 37417)
  [378] ✓ MEM_VAL_MOD @ step 220: 11 failures, 3287ms, outcome: REJECTED, exit: 101 [proof:GENERATED] G=memory
       r=0.002  T_new=0.00 F_new=0.99 F_rare=1.00 U=0 Q=0.00 Q_l=0.03 Q_g=0.19 dl=11 dg=10
       Value: 0x000580E7 -> 0xDFEE75F8
       Transaction: other_mem_read (READ) at address 0x0020b904
       zkVM errors (3 lines):
         • [prover_impl.rs:280] verify segment (internal proof verification failed)
         • [ffi.cpp:113] address mismatch at cycle 16799: preflight=0x3fffc02b, actual=0x3fffc03c
         • [kernels/cxx/ffi.cpp:208] SKIP THROW: memory peek not in preflight
       Local constraints hit (6 unique):
         - DecodeInst@inst.zir:29 (x5)
           cycle=16800, step=221, pc=0x00200D10, major=0, minor=7
         - IsRead@mem.zir:79
           cycle=16799, step=220, pc=0x00200D0C, major=2, minor=4
         - IsRead@mem.zir:80
           cycle=16799, step=220, pc=0x00200D0C, major=2, minor=4
         - MemoryWrite@mem.zir:99 (x2)
           cycle=16803, step=224, pc=0x00200D1C, major=2, minor=6
         - VerifyOpcodeF3@inst.zir:96
           cycle=16799, step=220, pc=0x00200D0C, major=2, minor=4
         - VerifyOpcodeF3@inst.zir:97
           cycle=16799, step=220, pc=0x00200D0C, major=2, minor=4
       Global: memory permutation violated (16 addrs: 5 register, 11 code)
         x0/zero: unexpected write 0x00000000 (cycle 33580)
         x1/ra: unexpected write 0x00200ed8 (cycle 33574)
         x11/a1: expected write missing, needed 0x00200ed8 (cycle 33574)
         + 11 code addresses diverged (instruction fetch cascade)
         + 2 more addresses
  [379] ✓ MEM_VAL_MOD @ step 2037: 4 failures, 3307ms, outcome: REJECTED, exit: 101 [proof:GENERATED] G=memory
       r=0.024  T_new=0.00 F_new=0.99 F_rare=1.00 U=0 Q=0.05 Q_l=0.26 Q_g=0.19 dl=4 dg=10
       Value: 0xC0000070 -> 0x00020000
       Transaction: other_mem_read (READ) at address 0xffff1000
       zkVM errors (3 lines):
         • [prover_impl.rs:280] verify segment (internal proof verification failed)
         • [ffi.cpp:113] address mismatch at cycle 18687: preflight=0x3000001c, actual=0x00008000
         • [kernels/cxx/buffers.h:43] SKIP THROW: Inconsistent set
       Local constraints hit (4 unique):
         - IsRead@mem.zir:79
           cycle=18686, step=2037, pc=0xC0000070, major=7, minor=2
         - IsRead@mem.zir:80
           cycle=18686, step=2037, pc=0xC0000070, major=7, minor=2
         - MemoryWrite@mem.zir:100
           cycle=18691, step=2042, pc=0xC0000058, major=2, minor=4
         - MemoryWrite@mem.zir:99
           cycle=18691, step=2042, pc=0xC0000058, major=2, minor=4
       Global: memory permutation violated (11 addrs: 11 data)
         0x00020000 (data): expected write missing, needed 0x01422503 (cycle 36964)
         0x00020004 (data): expected write missing, needed 0x01255863 (cycle 36966)
         0x00020008 (data): expected write missing, needed 0x00251513 (cycle 36968)
         + 8 more addresses
  [380] ✓ MEM_VAL_MOD @ step 3833: 2 failures, 3320ms, outcome: REJECTED, exit: 101 [proof:GENERATED] G=memory
       r=0.104  T_new=0.00 F_new=0.39 F_rare=0.61 U=0 Q=0.43 Q_l=0.51 Q_g=0.85 dl=2 dg=1
       Value: 0x00000002 -> 0x00000012
       Transaction: load_mem_read (READ) at address 0x002001b4
       zkVM errors (1 lines):
         • [prover_impl.rs:280] verify segment (internal proof verification failed)
       Local constraints hit (2 unique):
         - IsRead@mem.zir:79
           cycle=20783, step=3833, pc=0x00205470, major=5, minor=2
         - MemoryWrite@mem.zir:99
           cycle=20783, step=3833, pc=0x00205470, major=5, minor=2
       Global: memory permutation violated
         0x002001B4 (data): wrote 0x00000012, expected 0x00000002 (cycle 41566)
  [381] ✓ MEM_VAL_MOD @ step 3085: 2 failures, 3300ms, outcome: REJECTED, exit: 101 [proof:GENERATED] G=memory
       r=0.108  T_new=0.00 F_new=0.39 F_rare=0.65 U=0 Q=0.43 Q_l=0.51 Q_g=0.85 dl=2 dg=1
       Value: 0x00000000 -> 0x601AB782
       Transaction: store_rmw_read (READ) at address 0x0022154c
       zkVM errors (1 lines):
         • [prover_impl.rs:280] verify segment (internal proof verification failed)
       Local constraints hit (2 unique):
         - IsRead@mem.zir:79
           cycle=19813, step=3085, pc=0x00203290, major=6, minor=2
         - IsRead@mem.zir:80
           cycle=19813, step=3085, pc=0x00203290, major=6, minor=2
       Global: memory permutation violated
         0x0022154C (code): wrote 0x601ab782, expected 0x00000000 (cycle 39626)
  [382] ✓ MEM_VAL_MOD @ step 1845: 3 failures, 3289ms, outcome: REJECTED, exit: 101 [proof:GENERATED] G=memory
       r=0.094  T_new=0.00 F_new=0.78 F_rare=1.00 U=0 Q=0.22 Q_l=0.37 Q_g=0.61 dl=3 dg=3
       Value: 0xFFFF0080 -> 0x440DBF59
       Transaction: load_mem_read (READ) at address 0xffff0010
       zkVM errors (3 lines):
         • [prover_impl.rs:280] verify segment (internal proof verification failed)
         • [ffi.cpp:113] address mismatch at cycle 18489: preflight=0x3fffc02c, actual=0x11036fe2
         • [kernels/cxx/ffi.cpp:208] SKIP THROW: memory peek not in preflight
       Local constraints hit (3 unique):
         - IsRead@mem.zir:79
           cycle=18489, step=1845, pc=0xC000013C, major=5, minor=2
         - IsRead@mem.zir:80
           cycle=18489, step=1845, pc=0xC000013C, major=5, minor=2
         - OpLW@inst_mem.zir:108
           cycle=18489, step=1845, pc=0xC000013C, major=5, minor=2
       Global: memory permutation violated
         0x440DBF88 (data): expected write missing, needed 0x0021a0f3 (cycle 36951)
         0xFFFF0010 (data): wrote 0x440dbf59, expected 0xffff0080 (cycle 36978)
         x12/a2: unexpected write 0x0021a0f3 (cycle 36951)
  [383] ✓ MEM_VAL_MOD @ step 3929: 0 failures, 3305ms, outcome: REJECTED, exit: 101 [proof:GENERATED] G=memory[GO]
       r=0.280  T_new=0.00 F_new=0.39 F_rare=1.00 U=0 Q=0.85 Q_l=1.00 Q_g=0.85 dl=0 dg=1
       Value: 0x00000000 -> 0xA2FB3AB0
       Transaction: other_mem_read (READ) at address 0xffff1324
       zkVM errors (2 lines):
         • [prover_impl.rs:280] verify segment (internal proof verification failed)
         • [kernels/cxx/buffers.h:43] SKIP THROW: Inconsistent set
       Global: memory permutation violated [GLOBAL-ONLY]
         0xFFFF1324 (data): wrote 0xa2fb3ab0, expected 0x00000000 (cycle 42270)
  [384] ✓ MEM_VAL_MOD @ step 2507: 3 failures, 3290ms, outcome: REJECTED, exit: 101 [proof:GENERATED] G=memory
       r=0.067  T_new=0.00 F_new=0.78 F_rare=1.00 U=0 Q=0.16 Q_l=0.37 Q_g=0.43 dl=3 dg=5
       Value: 0x00008067 -> 0x00018135
       Transaction: other_mem_read (READ) at address 0x00206248
       zkVM errors (3 lines):
         • [prover_impl.rs:280] verify segment (internal proof verification failed)
         • [ffi.cpp:113] address mismatch at cycle 19235: preflight=0x3fffc021, actual=0x3fffc023
         • [kernels/cxx/ffi.cpp:208] SKIP THROW: memory peek not in preflight
       Local constraints hit (3 unique):
         - IsRead@mem.zir:79
           cycle=19235, step=2507, pc=0x002055C0, major=2, minor=4
         - IsRead@mem.zir:80
           cycle=19235, step=2507, pc=0x002055C0, major=2, minor=4
         - VerifyOpcodeF3@inst.zir:96
           cycle=19235, step=2507, pc=0x002055C0, major=2, minor=4
       Global: memory permutation violated
         x1/ra: unexpected write 0x002055c0 (cycle 38260)
         x2/sp: expected write missing, needed 0x00205e40 (cycle 38245)
         x3/gp: expected write missing, needed 0x002055c0 (cycle 38260)
         0xFFFF0180 (data): unexpected write 0x00205e40 (cycle 38245)
         0x00206248 (code): wrote 0x00018135, expected 0x00008067 (cycle 38470)
  [385] ✓ MEM_VAL_MOD @ step 759: 2 failures, 3301ms, outcome: REJECTED, exit: 101 [proof:GENERATED] G=memory
       r=0.131  T_new=0.00 F_new=0.78 F_rare=1.00 U=0 Q=0.31 Q_l=0.51 Q_g=0.61 dl=2 dg=3
       Value: 0x0020036C -> 0x00000000
       Transaction: other_mem_read (READ) at address 0xffff002c
       zkVM errors (3 lines):
         • [prover_impl.rs:280] verify segment (internal proof verification failed)
         • [ffi.cpp:113] address mismatch at cycle 17376: preflight=0x000800db, actual=0x00000000
         • [kernels/cxx/buffers.h:43] SKIP THROW: Inconsistent set
       Local constraints hit (2 unique):
         - IsRead@mem.zir:79
           cycle=17375, step=759, pc=0xC000014C, major=8, minor=2
         - IsRead@mem.zir:80
           cycle=17375, step=759, pc=0xC000014C, major=8, minor=2
       Global: memory permutation violated
         0x00000000 (data): expected write missing, needed 0x00000000 (cycle 34653)
         0x0020036C (data): unexpected write 0x00000000 (cycle 34653)
         0xFFFF002C (data): wrote 0x00000000, expected 0x0020036c (cycle 34750)
  [386] ✓ MEM_VAL_MOD @ step 0: 10 failures, 3339ms, outcome: REJECTED, exit: 101 [proof:GENERATED] G=memory
       r=0.076  T_new=0.00 F_new=0.39 F_rare=0.63 U=0 Q=0.31 Q_l=0.37 Q_g=0.85 dl=3 dg=1
       Value: 0x00000000 -> 0xE8EDFF7B
       Transaction: other_mem_read (READ) at address 0xffff11dc
       zkVM errors (2 lines):
         • [prover_impl.rs:280] verify segment (internal proof verification failed)
         • [kernels/cxx/buffers.h:43] SKIP THROW: Inconsistent set
       Local constraints hit (3 unique):
         - IsRead@mem.zir:79
           cycle=16389, step=0, pc=0x00000000, major=9, minor=2
         - IsRead@mem.zir:80
           cycle=16389, step=0, pc=0x00000000, major=9, minor=2
         - PoseidonCheckOut@inst_p2.zir:265 (x8)
           cycle=16569, step=0, pc=0x00000000, major=9, minor=5
       Global: memory permutation violated
         0xFFFF11DC (data): wrote 0xe8edff7b, expected 0x00000000 (cycle 32778)
  [387] ✓ PRE_EXEC_REG_MOD @ step 1266: 3 failures, 3318ms, outcome: REJECTED, exit: 101 [proof:GENERATED] G=memory
       r=0.081  T_new=0.00 F_new=0.39 F_rare=0.70 U=0 Q=0.31 Q_l=0.37 Q_g=0.85 dl=3 dg=1
       Value: 0x00000000 -> 0xFFFFFFF8
       Register: x0 (zero), READ, strategy=next_read
       zkVM errors (1 lines):
         • [prover_impl.rs:280] verify segment (internal proof verification failed)
       Local constraints hit (3 unique):
         - IsRead@mem.zir:79
           cycle=17910, step=1266, pc=0x00203410, major=0, minor=7
         - IsRead@mem.zir:80
           cycle=17910, step=1266, pc=0x00203410, major=0, minor=7
         - MemoryWrite@mem.zir:99
           cycle=17910, step=1266, pc=0x00203410, major=0, minor=7
       Global: memory permutation violated
         x0/zero: wrote 0xfffffff8, expected 0x00000000 (cycle 35820)
  [388] ✓ PRE_EXEC_REG_MOD @ step 2509: 4 failures, 3371ms, outcome: REJECTED, exit: 101 [proof:GENERATED] G=memory
       r=0.067  T_new=0.00 F_new=0.78 F_rare=1.00 U=0 Q=0.16 Q_l=0.26 Q_g=0.61 dl=4 dg=3
       Value: 0x002002E0 -> 0xFFFFFFFE
       Register: x2 (sp), READ, strategy=next_read
       zkVM errors (3 lines):
         • [prover_impl.rs:280] verify segment (internal proof verification failed)
         • [ffi.cpp:113] address mismatch at cycle 19237: preflight=0x000800bf, actual=0x00000006
         • [kernels/cxx/ffi.cpp:208] SKIP THROW: memory peek not in preflight
       Local constraints hit (4 unique):
         - AddrDecomposeBits@u32.zir:87
           cycle=19237, step=2509, pc=0x002055C8, major=5, minor=2
         - IsRead@mem.zir:79
           cycle=19237, step=2509, pc=0x002055C8, major=5, minor=2
         - IsRead@mem.zir:80
           cycle=19237, step=2509, pc=0x002055C8, major=5, minor=2
         - OpLW@inst_mem.zir:109
           cycle=19237, step=2509, pc=0x002055C8, major=5, minor=2
       Global: memory permutation violated
         0x00000018 (data): expected write missing, needed 0x00201440 (cycle 38147)
         0x002002FC (data): unexpected write 0x00201440 (cycle 38147)
         x2/sp: wrote 0xfffffffe, expected 0x002002e0 (cycle 38474)
  [389] ✓ PRE_EXEC_REG_MOD @ step 1643: 4 failures, 3272ms, outcome: REJECTED, exit: 101 [proof:GENERATED] G=memory
       r=0.055  T_new=0.00 F_new=0.39 F_rare=0.64 U=0 Q=0.22 Q_l=0.26 Q_g=0.85 dl=4 dg=1
       Value: 0x00000000 -> 0x52916545
       Register: x18 (s2), READ, strategy=next_read
       zkVM errors (1 lines):
         • [prover_impl.rs:280] verify segment (internal proof verification failed)
       Local constraints hit (4 unique):
         - IsRead@mem.zir:79
           cycle=18287, step=1643, pc=0x0020AEF0, major=6, minor=2
         - IsRead@mem.zir:80
           cycle=18287, step=1643, pc=0x0020AEF0, major=6, minor=2
         - MemoryWrite@mem.zir:100
           cycle=18287, step=1643, pc=0x0020AEF0, major=6, minor=2
         - MemoryWrite@mem.zir:99
           cycle=18287, step=1643, pc=0x0020AEF0, major=6, minor=2
       Global: memory permutation violated
         x18/s2: wrote 0x52916545, expected 0x00000000 (cycle 36574)
  [390] ✓ PRE_EXEC_REG_MOD @ step 3760: 4 failures, 3328ms, outcome: REJECTED, exit: 101 [proof:GENERATED] G=memory
       r=0.057  T_new=0.00 F_new=0.39 F_rare=0.69 U=0 Q=0.22 Q_l=0.26 Q_g=0.85 dl=4 dg=1
       Value: 0x00000300 -> 0xD6F9C9AE
       Register: x12 (a2), READ, strategy=next_read
       zkVM errors (1 lines):
         • [prover_impl.rs:280] verify segment (internal proof verification failed)
       Local constraints hit (4 unique):
         - IsRead@mem.zir:79
           cycle=20636, step=3760, pc=0x002057A8, major=3, minor=1
         - IsRead@mem.zir:80
           cycle=20636, step=3760, pc=0x002057A8, major=3, minor=1
         - MemoryWrite@mem.zir:100
           cycle=20636, step=3760, pc=0x002057A8, major=3, minor=1
         - MemoryWrite@mem.zir:99
           cycle=20636, step=3760, pc=0x002057A8, major=3, minor=1
       Global: memory permutation violated
         x12/a2: wrote 0xd6f9c9ae, expected 0x00000300 (cycle 41272)
  [391] ✓ PRE_EXEC_REG_MOD @ step 3755: 3 failures, 3336ms, outcome: REJECTED, exit: 101 [proof:GENERATED] G=memory
       r=0.080  T_new=0.00 F_new=0.39 F_rare=0.69 U=0 Q=0.31 Q_l=0.37 Q_g=0.85 dl=3 dg=1
       Value: 0x00000310 -> 0xAD2303E1
       Register: x20 (s4), READ, strategy=next_read
       zkVM errors (1 lines):
         • [prover_impl.rs:280] verify segment (internal proof verification failed)
       Local constraints hit (3 unique):
         - IsRead@mem.zir:79
           cycle=20631, step=3755, pc=0x00205794, major=4, minor=2
         - IsRead@mem.zir:80
           cycle=20631, step=3755, pc=0x00205794, major=4, minor=2
         - MemoryWrite@mem.zir:99
           cycle=20631, step=3755, pc=0x00205794, major=4, minor=2
       Global: memory permutation violated
         x20/s4: wrote 0xad2303e1, expected 0x00000310 (cycle 41262)
  [392] ✓ PRE_EXEC_REG_MOD @ step 3540: 4 failures, 3295ms, outcome: REJECTED, exit: 101 [proof:GENERATED] G=memory
       r=0.053  T_new=0.00 F_new=0.39 F_rare=0.61 U=0 Q=0.22 Q_l=0.26 Q_g=0.85 dl=4 dg=1
       Value: 0x0022156C -> 0x00000008
       Register: x12 (a2), READ, strategy=next_read
       zkVM errors (1 lines):
         • [prover_impl.rs:280] verify segment (internal proof verification failed)
       Local constraints hit (4 unique):
         - IsRead@mem.zir:79
           cycle=20342, step=3540, pc=0xC000017C, major=5, minor=2
         - IsRead@mem.zir:80
           cycle=20342, step=3540, pc=0xC000017C, major=5, minor=2
         - MemoryWrite@mem.zir:100
           cycle=20342, step=3540, pc=0xC000017C, major=5, minor=2
         - MemoryWrite@mem.zir:99
           cycle=20342, step=3540, pc=0xC000017C, major=5, minor=2
       Global: memory permutation violated
         x12/a2: wrote 0x00000008, expected 0x0022156c (cycle 40684)
  [393] ✓ PRE_EXEC_REG_MOD @ step 529: 3 failures, 3312ms, outcome: REJECTED, exit: 101 [proof:GENERATED] G=memory
       r=0.021  T_new=0.00 F_new=0.39 F_rare=0.85 U=0 Q=0.07 Q_l=0.37 Q_g=0.19 dl=3 dg=10
       Value: 0x00000004 -> 0x923A7910
       Register: x14 (a4), READ, strategy=next_read
       zkVM errors (3 lines):
         • [prover_impl.rs:280] verify segment (internal proof verification failed)
         • [ffi.cpp:113] address mismatch at cycle 17133: preflight=0x00081869, actual=0x0008185f
         • [kernels/cxx/buffers.h:43] SKIP THROW: Inconsistent set
       Local constraints hit (3 unique):
         - IsRead@mem.zir:79
           cycle=17132, step=529, pc=0x002061A4, major=2, minor=2
         - IsRead@mem.zir:80
           cycle=17132, step=529, pc=0x002061A4, major=2, minor=2
         - MemoryWrite@mem.zir:99
           cycle=17140, step=537, pc=0x002031B8, major=2, minor=4
       Global: memory permutation violated (17 addrs: 1 register, 16 code)
         x14/a4: wrote 0x923a7910, expected 0x00000004 (cycle 34264)
         + 16 code addresses diverged (instruction fetch cascade)
  [394] ✓ PRE_EXEC_REG_MOD @ step 0: 10 failures, 3337ms, outcome: REJECTED, exit: 101 [proof:GENERATED] G=memory
       r=0.076  T_new=0.00 F_new=0.39 F_rare=0.63 U=0 Q=0.31 Q_l=0.37 Q_g=0.85 dl=3 dg=1
       Value: 0x00000000 -> 0x80100200
       Register: x12 (a2), READ, strategy=next_read
       zkVM errors (2 lines):
         • [prover_impl.rs:280] verify segment (internal proof verification failed)
         • [kernels/cxx/buffers.h:43] SKIP THROW: Inconsistent set
       Local constraints hit (3 unique):
         - IsRead@mem.zir:79
           cycle=15977, step=0, pc=0x00000000, major=9, minor=2
         - IsRead@mem.zir:80
           cycle=15977, step=0, pc=0x00000000, major=9, minor=2
         - PoseidonCheckOut@inst_p2.zir:265 (x8)
           cycle=16247, step=0, pc=0x00000000, major=9, minor=5
       Global: memory permutation violated
         x12/a2: wrote 0x80100200, expected 0x00000000 (cycle 31954)
  [395] ✓ STORE_OUT_MOD @ step 3851: 1 failures, 3301ms, outcome: REJECTED, exit: 101 [proof:GENERATED] G=memory
       r=0.145  T_new=0.00 F_new=0.39 F_rare=0.61 U=0 Q=0.61 Q_l=0.72 Q_g=0.85 dl=1 dg=1
       Value: 0x7FA793F3 -> 0x7FA593F3
       Store address: 0x002003a0
       zkVM errors (1 lines):
         • [prover_impl.rs:280] verify segment (internal proof verification failed)
       Local constraints hit (1 unique):
         - MemoryWrite@mem.zir:100
           cycle=20801, step=3851, pc=0x00204D64, major=6, minor=2
       Global: memory permutation violated
         0x002003A0 (data): wrote 0x7fa593f3, expected 0x7fa793f3 (cycle 41603)
  [396] ✓ STORE_OUT_MOD @ step 6: 2 failures, 3334ms, outcome: REJECTED, exit: 101 [proof:GENERATED] G=memory
       r=0.104  T_new=0.00 F_new=0.39 F_rare=0.61 U=0 Q=0.43 Q_l=0.51 Q_g=0.85 dl=2 dg=1
       Value: 0xC0000070 -> 0xC1080470
       Store address: 0xffff1000
       zkVM errors (1 lines):
         • [prover_impl.rs:280] verify segment (internal proof verification failed)
       Local constraints hit (2 unique):
         - MemoryWrite@mem.zir:100
           cycle=16579, step=6, pc=0xC000001C, major=6, minor=2
         - MemoryWrite@mem.zir:99
           cycle=16579, step=6, pc=0xC000001C, major=6, minor=2
       Global: memory permutation violated
         0xFFFF1000 (data): wrote 0xc1080470, expected 0xc0000070 (cycle 33159)
  [397] ✓ INSTR_TYPE_MOD @ step 2507: 5 failures, 3273ms, outcome: REJECTED, exit: 101 [proof:GENERATED] G=memory
       r=0.017  T_new=0.00 F_new=0.97 F_rare=1.00 U=0 Q=0.04 Q_l=0.19 Q_g=0.19 dl=5 dg=10
       Value: 0x00020004 -> 0x00020000
       Original: JalR [major=2, minor=4]
       Mutated:  Bge [major=2, minor=0]
       zkVM errors (3 lines):
         • [prover_impl.rs:280] verify segment (internal proof verification failed)
         • [ffi.cpp:113] address mismatch at cycle 19236: preflight=0x00081570, actual=0x00081892
         • [kernels/cxx/buffers.h:43] SKIP THROW: Inconsistent set
       Local constraints hit (4 unique):
         - MemoryWrite@mem.zir:100
           cycle=19235, step=2507, pc=0x002055C0, major=2, minor=0
         - MemoryWrite@mem.zir:99 (x2)
           cycle=19235, step=2507, pc=0x002055C0, major=2, minor=0
         - VerifyOpcodeF3@inst.zir:96
           cycle=19235, step=2507, pc=0x002055C0, major=2, minor=0
         - VerifyOpcodeF3@inst.zir:97
           cycle=19235, step=2507, pc=0x002055C0, major=2, minor=0
       Global: memory permutation violated (16 addrs: 16 code)
         + 16 code addresses diverged (instruction fetch cascade)
  [398] ✓ INSTR_TYPE_MOD @ step 1642: 4 failures, 3344ms, outcome: REJECTED, exit: 101 [proof:GENERATED] G=memory|cycle
       r=0.051  T_new=0.00 F_new=0.86 F_rare=1.00 U=0 Q=0.11 Q_l=0.26 Q_g=0.43 dl=4 dg=5
       Value: 0x00060002 -> 0x00040002
       Original: Sw [major=6, minor=2]
       Mutated:  SrlI [major=4, minor=2]
       zkVM errors (3 lines):
         • [prover_impl.rs:280] verify segment (internal proof verification failed)
         • [ffi.cpp:113] address mismatch at cycle 18286: preflight=0x00080039, actual=0x3fffc024
         • [kernels/cxx/ffi.cpp:208] SKIP THROW: memory peek not in preflight
       Local constraints hit (4 unique):
         - MemoryWrite@mem.zir:99
           cycle=18286, step=1642, pc=0x0020AEEC, major=4, minor=2
         - VerifyOpcodeF3F7@inst.zir:102
           cycle=18286, step=1642, pc=0x0020AEEC, major=4, minor=2
         - VerifyOpcodeF3F7@inst.zir:103
           cycle=18286, step=1642, pc=0x0020AEEC, major=4, minor=2
         - VerifyOpcodeF3F7@inst.zir:104
           cycle=18286, step=1642, pc=0x0020AEEC, major=4, minor=2
       Global: memory permutation violated
         0x002000E4 (data): unexpected write 0x00000000 (cycle 4302)
         x4/tp: expected write missing, needed 0x00000000 (cycle 4302)
       Global: cycle lookup violated (3 indices broken)
         index 0: 2254 provides, 1 uses (imbalanced)
         index 32269: orphan use (1 entries, no matching provide)
         index 32270: 1 provides, 1 uses (imbalanced)
  [399] ✓ INSTR_TYPE_MOD @ step 0: 5 failures, 3337ms, outcome: REJECTED, exit: 101 [proof:GENERATED] [+3 touch] G=memory|cycle
       r=0.053  T_new=0.08 F_new=0.86 F_rare=1.00 U=0 Q=0.11 Q_l=0.19 Q_g=0.61 dl=5 dg=3
       Value: 0x00020006 -> 0x00020001
       Original: Auipc [major=2, minor=6]
       Mutated:  BltU [major=2, minor=1]
       zkVM errors (3 lines):
         • [prover_impl.rs:280] verify segment (internal proof verification failed)
         • [ffi.cpp:113] address mismatch at cycle 0: preflight=0x44000000, actual=0x00000000
         • [kernels/cxx/ffi.cpp:208] SKIP THROW: memory peek not in preflight
       Local constraints hit (5 unique):
         - AddrDecompose@u32.zir:67
           cycle=0, step=0, pc=0x00000000, major=2, minor=1
         - ControlLoadRootAndNonce@inst_control.zir:23
           cycle=1, step=0, pc=0x00000000, major=7, minor=0
         - MiscInput@inst_misc.zir:7
           cycle=0, step=0, pc=0x00000000, major=2, minor=1
         - VerifyOpcodeF3@inst.zir:96
           cycle=0, step=0, pc=0x00000000, major=2, minor=1
         - VerifyOpcodeF3@inst.zir:97
           cycle=0, step=0, pc=0x00000000, major=2, minor=1
       Global: memory permutation violated
         0xFFFF0100 (data): expected write missing, needed 0x00000000 (cycle 0)
       Global: cycle lookup violated (2 indices broken)
         index 0: 2256 provides, 1 uses (imbalanced)
         index 2013265920: orphan provide (2 entries, no matching use)
  [400] ✓ INSTR_TYPE_MOD @ step 3061: 3 failures, 3348ms, outcome: REJECTED, exit: 101 [proof:GENERATED] G=memory|cycle
       r=0.076  T_new=0.00 F_new=0.86 F_rare=1.00 U=0 Q=0.16 Q_l=0.37 Q_g=0.43 dl=3 dg=5
       Value: 0x00060000 -> 0x00030004
       Original: Sb [major=6, minor=0]
       Mutated:  MulHSU [major=3, minor=4]
       zkVM errors (3 lines):
         • [prover_impl.rs:280] verify segment (internal proof verification failed)
         • [ffi.cpp:113] address mismatch at cycle 19789: preflight=0x0008854f, actual=0x3fffc023
         • [kernels/cxx/ffi.cpp:208] SKIP THROW: memory peek not in preflight
       Local constraints hit (3 unique):
         - VerifyOpcodeF3F7@inst.zir:102
           cycle=19789, step=3061, pc=0x00203230, major=3, minor=4
         - VerifyOpcodeF3F7@inst.zir:103
           cycle=19789, step=3061, pc=0x00203230, major=3, minor=4
         - VerifyOpcodeF3F7@inst.zir:104
           cycle=19789, step=3061, pc=0x00203230, major=3, minor=4
       Global: memory permutation violated
         x3/gp: expected write missing, needed 0x00000000 (cycle 29458)
         0x0022153C (code): unexpected write 0x00000000 (cycle 29458)
       Global: cycle lookup violated (3 indices broken)
         index 0: 2254 provides, 1 uses (imbalanced)
         index 10119: orphan use (1 entries, no matching provide)
         index 10120: 1 provides, 1 uses (imbalanced)
  [401] ✓ COMP_OUT_MOD @ step 2930: 1 failures, 3275ms, outcome: REJECTED, exit: 101 [proof:GENERATED] G=memory
       r=0.165  T_new=0.00 F_new=0.39 F_rare=0.75 U=0 Q=0.61 Q_l=0.72 Q_g=0.85 dl=1 dg=1
       Value: 0x00000000 -> 0x00000100
       Destination: rd = x12 (a2)
       zkVM errors (1 lines):
         • [prover_impl.rs:280] verify segment (internal proof verification failed)
       Local constraints hit (1 unique):
         - MemoryWrite@mem.zir:99
           cycle=19658, step=2930, pc=0x002053E4, major=1, minor=2
       Global: memory permutation violated
         x12/a2: wrote 0x00000100, expected 0x00000000 (cycle 39317)
  [402] ✓ COMP_OUT_MOD @ step 2539: 2 failures, 3297ms, outcome: REJECTED, exit: 101 [proof:GENERATED] G=memory
       r=0.104  T_new=0.00 F_new=0.39 F_rare=0.61 U=0 Q=0.43 Q_l=0.51 Q_g=0.85 dl=2 dg=1
       Value: 0x00002F00 -> 0x20000000
       Destination: rd = x11 (a1)
       zkVM errors (1 lines):
         • [prover_impl.rs:280] verify segment (internal proof verification failed)
       Local constraints hit (2 unique):
         - MemoryWrite@mem.zir:100
           cycle=19267, step=2539, pc=0x00201498, major=3, minor=1
         - MemoryWrite@mem.zir:99
           cycle=19267, step=2539, pc=0x00201498, major=3, minor=1
       Global: memory permutation violated
         x11/a1: wrote 0x20000000, expected 0x00002f00 (cycle 38535)
  [403] ✓ COMP_OUT_MOD @ step 3513: 2 failures, 3285ms, outcome: REJECTED, exit: 101 [proof:GENERATED] G=memory
       r=0.108  T_new=0.00 F_new=0.39 F_rare=0.65 U=0 Q=0.43 Q_l=0.51 Q_g=0.85 dl=2 dg=1
       Value: 0x00000001 -> 0x20200029
       Destination: rd = x14 (a4)
       zkVM errors (1 lines):
         • [prover_impl.rs:280] verify segment (internal proof verification failed)
       Local constraints hit (2 unique):
         - MemoryWrite@mem.zir:100
           cycle=20315, step=3513, pc=0x00205418, major=4, minor=2
         - MemoryWrite@mem.zir:99
           cycle=20315, step=3513, pc=0x00205418, major=4, minor=2
       Global: memory permutation violated
         x14/a4: wrote 0x20200029, expected 0x00000001 (cycle 40631)
  [404] ✓ COMP_OUT_MOD @ step 686: 2 failures, 3262ms, outcome: REJECTED, exit: 101 [proof:GENERATED] G=memory
       r=0.114  T_new=0.00 F_new=0.39 F_rare=0.70 U=0 Q=0.43 Q_l=0.51 Q_g=0.85 dl=2 dg=1
       Value: 0x00000004 -> 0xEB515070
       Destination: rd = x16 (a6)
       zkVM errors (1 lines):
         • [prover_impl.rs:280] verify segment (internal proof verification failed)
       Local constraints hit (2 unique):
         - MemoryWrite@mem.zir:100
           cycle=17301, step=686, pc=0x00206178, major=0, minor=0
         - MemoryWrite@mem.zir:99
           cycle=17301, step=686, pc=0x00206178, major=0, minor=0
       Global: memory permutation violated
         x16/a6: wrote 0xeb515070, expected 0x00000004 (cycle 34603)
  [405] ✓ INSTR_TYPE_MOD @ step 2515: 6 failures, 3302ms, outcome: REJECTED, exit: 101 [proof:GENERATED] G=memory
       r=0.014  T_new=0.00 F_new=0.99 F_rare=1.00 U=0 Q=0.03 Q_l=0.14 Q_g=0.22 dl=6 dg=9
       Value: 0x00020004 -> 0x00050002
       Original: JalR [major=2, minor=4]
       Mutated:  Lw [major=5, minor=2]
       zkVM errors (3 lines):
         • [prover_impl.rs:280] verify segment (internal proof verification failed)
         • [ffi.cpp:113] address mismatch at cycle 19243: preflight=0x3fffc020, actual=0x00080510
         • [kernels/cxx/ffi.cpp:208] SKIP THROW: memory peek not in preflight
       Local constraints hit (4 unique):
         - MemoryWrite@mem.zir:100
           cycle=19243, step=2515, pc=0x00201440, major=5, minor=2
         - MemoryWrite@mem.zir:99 (x3)
           cycle=19243, step=2515, pc=0x00201440, major=5, minor=2
         - VerifyOpcodeF3@inst.zir:96
           cycle=19243, step=2515, pc=0x00201440, major=5, minor=2
         - VerifyOpcodeF3@inst.zir:97
           cycle=19243, step=2515, pc=0x00201440, major=5, minor=2
       Global: memory permutation violated
         x0/zero: unexpected write 0x00000000 (cycle 38484)
         0x00201440 (code): unexpected write 0x00a12023 (cycle 6778)
         0x00201444 (code): unexpected write 0x04010423 (cycle 6778)
         0x00201448 (code): unexpected write 0x00004097 (cycle 6778)
         0x0020144C (code): unexpected write 0xe94080e7 (cycle 6778)
         0x002055E0 (code): expected write missing, needed 0x00a12023 (cycle 6778)
         0x002055E4 (code): expected write missing, needed 0x04010423 (cycle 6778)
         0x002055E8 (code): expected write missing, needed 0x00004097 (cycle 6778)
         0x002055EC (code): expected write missing, needed 0xe94080e7 (cycle 6778)
  [406] ✓ INSTR_TYPE_MOD @ step 2166: 2 failures, 3253ms, outcome: REJECTED, exit: 101 [proof:GENERATED]
       r=0.095  T_new=0.00 F_new=0.00 F_rare=0.64 U=0 Q=0.51 Q_l=0.51 Q_g=1.00 dl=2 dg=0
       Value: 0x00050002 -> 0x00050001
       Original: Lw [major=5, minor=2]
       Mutated:  Lh [major=5, minor=1]
       zkVM errors (1 lines):
         • [prover_impl.rs:280] verify segment (internal proof verification failed)
       Local constraints hit (2 unique):
         - MemoryWrite@mem.zir:100
           cycle=18820, step=2166, pc=0x002024F0, major=5, minor=1
         - VerifyOpcodeF3@inst.zir:97
           cycle=18820, step=2166, pc=0x002024F0, major=5, minor=1
       Global: no permutation/lookup violations (local-only)
  [407] ✓ INSTR_TYPE_MOD @ step 2369: 1 failures, 3252ms, outcome: REJECTED, exit: 101 [proof:GENERATED]
       r=0.121  T_new=0.00 F_new=0.00 F_rare=0.71 U=0 Q=0.72 Q_l=0.72 Q_g=1.00 dl=1 dg=0
       Value: 0x00060002 -> 0x00060000
       Original: Sw [major=6, minor=2]
       Mutated:  Sb [major=6, minor=0]
       zkVM errors (1 lines):
         • [prover_impl.rs:280] verify segment (internal proof verification failed)
       Local constraints hit (1 unique):
         - VerifyOpcodeF3@inst.zir:97
           cycle=19023, step=2369, pc=0x0020329C, major=6, minor=0
       Global: no permutation/lookup violations (local-only)
  [408] ✓ INSTR_TYPE_MOD @ step 2529: 5 failures, 3248ms, outcome: REJECTED, exit: 101 [proof:GENERATED]
       r=0.032  T_new=0.00 F_new=0.00 F_rare=0.71 U=0 Q=0.19 Q_l=0.19 Q_g=1.00 dl=5 dg=0
       Value: 0x00030001 -> 0x00030002
       Original: SllI [major=3, minor=1]
       Mutated:  Mul [major=3, minor=2]
       zkVM errors (1 lines):
         • [prover_impl.rs:280] verify segment (internal proof verification failed)
       Local constraints hit (5 unique):
         - MemoryWrite@mem.zir:100
           cycle=19257, step=2529, pc=0x00201470, major=3, minor=2
         - MemoryWrite@mem.zir:99
           cycle=19257, step=2529, pc=0x00201470, major=3, minor=2
         - VerifyOpcodeF3F7@inst.zir:102
           cycle=19257, step=2529, pc=0x00201470, major=3, minor=2
         - VerifyOpcodeF3F7@inst.zir:103
           cycle=19257, step=2529, pc=0x00201470, major=3, minor=2
         - VerifyOpcodeF3F7@inst.zir:104
           cycle=19257, step=2529, pc=0x00201470, major=3, minor=2
       Global: no permutation/lookup violations (local-only)
  [409] ✓ INSTR_TYPE_MOD @ step 452: 4 failures, 3284ms, outcome: REJECTED, exit: 101 [proof:GENERATED] G=memory
       r=0.073  T_new=0.00 F_new=0.63 F_rare=1.00 U=0 Q=0.19 Q_l=0.26 Q_g=0.72 dl=4 dg=2
       Value: 0x00040002 -> 0x00050003
       Original: SrlI [major=4, minor=2]
       Mutated:  LbU [major=5, minor=3]
       zkVM errors (3 lines):
         • [prover_impl.rs:280] verify segment (internal proof verification failed)
         • [ffi.cpp:113] address mismatch at cycle 17049: preflight=0x3fffc022, actual=0x00000001
         • [kernels/cxx/ffi.cpp:208] SKIP THROW: memory peek not in preflight
       Local constraints hit (4 unique):
         - AddrDecomposeBits@u32.zir:87
           cycle=17049, step=452, pc=0x002061A8, major=5, minor=3
         - MemoryWrite@mem.zir:99
           cycle=17049, step=452, pc=0x002061A8, major=5, minor=3
         - VerifyOpcodeF3@inst.zir:96
           cycle=17049, step=452, pc=0x002061A8, major=5, minor=3
         - VerifyOpcodeF3@inst.zir:97
           cycle=17049, step=452, pc=0x002061A8, major=5, minor=3
       Global: memory permutation violated
         0x00000004 (data): expected write missing, needed 0x00200350 (cycle 34032)
         x2/sp: unexpected write 0x00200350 (cycle 34032)
  [410] ✓ INSTR_TYPE_MOD @ step 359: 6 failures, 3283ms, outcome: REJECTED, exit: 101 [proof:GENERATED] G=memory
       r=0.031  T_new=0.00 F_new=0.86 F_rare=1.00 U=0 Q=0.07 Q_l=0.14 Q_g=0.51 dl=6 dg=4
       Value: 0x00000000 -> 0x00020002
       Original: Add [major=0, minor=0]
       Mutated:  BgeU [major=2, minor=2]
       zkVM errors (3 lines):
         • [prover_impl.rs:280] verify segment (internal proof verification failed)
         • [ffi.cpp:113] address mismatch at cycle 16944: preflight=0x3fffc00b, actual=0x3fffc040
         • [kernels/cxx/ffi.cpp:208] SKIP THROW: memory peek not in preflight
       Local constraints hit (5 unique):
         - DecodeInst@inst.zir:29
           cycle=16945, step=360, pc=0xC0000058, major=2, minor=4
         - MemoryWrite@mem.zir:100
           cycle=16944, step=359, pc=0xC0000080, major=2, minor=2
         - MemoryWrite@mem.zir:99 (x2)
           cycle=16944, step=359, pc=0xC0000080, major=2, minor=2
         - VerifyOpcodeF3@inst.zir:96
           cycle=16944, step=359, pc=0xC0000080, major=2, minor=2
         - VerifyOpcodeF3@inst.zir:97
           cycle=16944, step=359, pc=0xC0000080, major=2, minor=2
       Global: memory permutation violated
         0xC0000080 (data): unexpected write 0x00058067 (cycle 33720)
         0xC0000884 (data): expected write missing, needed 0x00058067 (cycle 33720)
         0xFFFF002C (data): unexpected write 0xffff00a8 (cycle 33750)
         0xFFFF0100 (data): expected write missing, needed 0xffff00a8 (cycle 33750)
  [411] ✓ INSTR_TYPE_MOD @ step 687: 22 failures, 3280ms, outcome: REJECTED, exit: 101 [proof:GENERATED] G=memory
       r=0.000  T_new=0.00 F_new=1.00 F_rare=1.00 U=0 Q=0.00 Q_l=0.00 Q_g=0.19 dl=18 dg=10
       Value: 0x00020002 -> 0x00020004
       Original: BgeU [major=2, minor=2]
       Mutated:  JalR [major=2, minor=4]
       zkVM errors (3 lines):
         • [prover_impl.rs:280] verify segment (internal proof verification failed)
         • [ffi.cpp:113] address mismatch at cycle 17302: preflight=0x3fffc060, actual=0x3fffc02c
         • [kernels/cxx/ffi.cpp:208] SKIP THROW: memory peek not in preflight
       Local constraints hit (6 unique):
         - AddrDecompose@u32.zir:67 (x8)
           cycle=17303, step=688, pc=0x002061A8, major=4, minor=2
         - DecodeInst@inst.zir:29 (x8)
           cycle=17303, step=688, pc=0x002061A8, major=4, minor=2
         - MemoryWrite@mem.zir:100 (x2)
           cycle=17302, step=687, pc=0x002061A4, major=2, minor=4
         - MemoryWrite@mem.zir:99 (x2)
           cycle=17302, step=687, pc=0x002061A4, major=2, minor=4
         - VerifyOpcodeF3@inst.zir:96
           cycle=17302, step=687, pc=0x002061A4, major=2, minor=4
         - VerifyOpcodeF3@inst.zir:97
           cycle=17302, step=687, pc=0x002061A4, major=2, minor=4
       Global: memory permutation violated (18 addrs: 1 register, 8 code, 9 data)
         0x00000030 (data): expected write missing, needed 0x00255593 (cycle 34438)
         0x00000034 (data): expected write missing, needed 0xffc57713 (cycle 34440)
         0x00000038 (data): expected write missing, needed 0x40a30333 (cycle 34442)
         + 8 code addresses diverged (instruction fetch cascade)
         + 7 more addresses
  [412] ✓ INSTR_TYPE_MOD @ step 2050: 5 failures, 3320ms, outcome: REJECTED, exit: 101 [proof:GENERATED] G=memory|cycle
       r=0.041  T_new=0.00 F_new=0.78 F_rare=1.00 U=0 Q=0.10 Q_l=0.19 Q_g=0.51 dl=5 dg=4
       Value: 0x00000007 -> 0x00020000
       Original: AddI [major=0, minor=7]
       Mutated:  Bge [major=2, minor=0]
       zkVM errors (3 lines):
         • [prover_impl.rs:280] verify segment (internal proof verification failed)
         • [ffi.cpp:113] address mismatch at cycle 18699: preflight=0x3fffc011, actual=0x3fffc000
         • [kernels/cxx/buffers.h:43] SKIP THROW: Inconsistent set
       Local constraints hit (5 unique):
         - ECallHostReadSetup@inst_ecall.zir:70
           cycle=18700, step=2050, pc=0xC0000150, major=8, minor=2
         - MemoryWrite@mem.zir:100
           cycle=18699, step=2050, pc=0xC000014C, major=2, minor=0
         - MemoryWrite@mem.zir:99
           cycle=18699, step=2050, pc=0xC000014C, major=2, minor=0
         - VerifyOpcodeF3@inst.zir:96
           cycle=18699, step=2050, pc=0xC000014C, major=2, minor=0
         - VerifyOpcodeF3@inst.zir:97
           cycle=18699, step=2050, pc=0xC000014C, major=2, minor=0
       Global: memory permutation violated
         0xFFFF0000 (data): expected write missing, needed 0x00000001 (cycle 37387)
         0xFFFF0044 (data): unexpected write 0x00000001 (cycle 37387)
         0xFFFF0100 (data): expected write missing, needed 0x0021a0f3 (cycle 37389)
       Global: cycle lookup violated (1 indices broken)
         index 9: 344 provides, 1 uses (imbalanced)
  [413] ✓ INSTR_TYPE_MOD @ step 0: 5 failures, 3355ms, outcome: REJECTED, exit: 101 [proof:GENERATED] [+34 touch] G=memory|cycle
       r=0.074  T_new=0.62 F_new=0.86 F_rare=1.00 U=0 Q=0.11 Q_l=0.19 Q_g=0.61 dl=5 dg=3
       Value: 0x00020006 -> 0x0002000C
       Original: Auipc [major=2, minor=6]
       Mutated:  MulHSU [major=2, minor=12] ⚠INVALID
       zkVM errors (3 lines):
         • [prover_impl.rs:280] verify segment (internal proof verification failed)
         • [ffi.cpp:113] address mismatch at cycle 0: preflight=0x44000000, actual=0x00000000
         • [kernels/cxx/ffi.cpp:208] SKIP THROW: memory peek not in preflight
       Local constraints hit (5 unique):
         - AddrDecompose@u32.zir:67
           cycle=0, step=0, pc=0x00000000, major=2, minor=12
         - ControlLoadRootAndNonce@inst_control.zir:23
           cycle=1, step=0, pc=0x00000000, major=7, minor=0
         - MiscInput@inst_misc.zir:7
           cycle=0, step=0, pc=0x00000000, major=2, minor=12
         - OneHot@one_hot.zir:11
           cycle=0, step=0, pc=0x00000000, major=2, minor=12
         - OneHot@one_hot.zir:9
           cycle=0, step=0, pc=0x00000000, major=2, minor=12
       Global: memory permutation violated
         0xFFFF0100 (data): expected write missing, needed 0x00000000 (cycle 0)
       Global: cycle lookup violated (2 indices broken)
         index 0: 2256 provides, 1 uses (imbalanced)
         index 2013265920: orphan provide (2 entries, no matching use)
  [414] ✓ INSTR_WORD_MOD_FULL @ step 1816: 0 failures, 3357ms, outcome: REJECTED, exit: 101 [proof:GENERATED] G=memory[GO]
       r=0.255  T_new=0.00 F_new=0.78 F_rare=1.00 U=0 Q=0.61 Q_l=1.00 Q_g=0.61 dl=0 dg=3
       Value: 0x00158593 -> 0x00150593
       Original: ADDI x11, x11, 1
       Mutated:  ADDI x11, x10, 1
       zkVM errors (3 lines):
         • [prover_impl.rs:280] verify segment (internal proof verification failed)
         • [ffi.cpp:113] address mismatch at cycle 18460: preflight=0x3fffc02b, actual=0x3fffc02a
         • [kernels/cxx/ffi.cpp:208] SKIP THROW: memory peek not in preflight
       Global: memory permutation violated [GLOBAL-ONLY]
         x10/a0: expected write missing, needed 0x0021ba88 (cycle 36916)
         x11/a1: unexpected write 0x0021ba88 (cycle 36916)
         0x002184C8 (code): wrote 0x00158593, expected 0x00150593 (cycle 36906)
  [415] ✓ INSTR_WORD_MOD_FULL @ step 3877: 3 failures, 3311ms, outcome: REJECTED, exit: 101 [proof:GENERATED] G=memory
       r=0.053  T_new=0.00 F_new=0.97 F_rare=1.00 U=0 Q=0.11 Q_l=0.37 Q_g=0.31 dl=3 dg=7
       Value: 0x0C812403 -> 0x1A229CB7
       Original: LW x8, 200(x2)
       Mutated:  LUI x25, 0x1a229000
       Format changed: I -> U
       zkVM errors (3 lines):
         • [prover_impl.rs:280] verify segment (internal proof verification failed)
         • [ffi.cpp:113] address mismatch at cycle 20827: preflight=0x3fffc022, actual=0x3fffc025
         • [kernels/cxx/ffi.cpp:208] SKIP THROW: memory peek not in preflight
       Local constraints hit (3 unique):
         - OpLW@inst_mem.zir:109
           cycle=20827, step=3877, pc=0x00203BF0, major=5, minor=2
         - VerifyOpcodeF3@inst.zir:96
           cycle=20827, step=3877, pc=0x00203BF0, major=5, minor=2
         - VerifyOpcodeF3@inst.zir:97
           cycle=20827, step=3877, pc=0x00203BF0, major=5, minor=2
       Global: memory permutation violated
         0x002002F8 (data): unexpected write 0x00000000 (cycle 38969)
         0x002003D0 (data): expected write missing, needed 0x00000000 (cycle 38969)
         x2/sp: unexpected write 0x00200230 (cycle 41652)
         x5/t0: expected write missing, needed 0x00200230 (cycle 41652)
         x8/s0: unexpected write 0x0020038c (cycle 41625)
         x25/s9: expected write missing, needed 0x0020038c (cycle 41625)
         0x00203BEC (code): wrote 0x0c812403, expected 0x1a229cb7 (cycle 11866)
  [416] ✓ INSTR_WORD_MOD_FULL @ step 77: 3 failures, 3297ms, outcome: REJECTED, exit: 101 [proof:GENERATED] G=memory
       r=0.053  T_new=0.00 F_new=0.95 F_rare=1.00 U=0 Q=0.11 Q_l=0.37 Q_g=0.31 dl=3 dg=7
       Value: 0xFEB72E23 -> 0x866F8F03
       Original: SW x11, -4(x14)
       Mutated:  LB x30, -1946(x31)
       Format changed: S -> I
       zkVM errors (3 lines):
         • [prover_impl.rs:280] verify segment (internal proof verification failed)
         • [ffi.cpp:113] address mismatch at cycle 16650: preflight=0x3fffc02e, actual=0x3fffc03f
         • [kernels/cxx/ffi.cpp:208] SKIP THROW: memory peek not in preflight
       Local constraints hit (3 unique):
         - OpSW@inst_mem.zir:161
           cycle=16650, step=77, pc=0x0020326C, major=6, minor=2
         - VerifyOpcodeF3@inst.zir:96
           cycle=16650, step=77, pc=0x0020326C, major=6, minor=2
         - VerifyOpcodeF3@inst.zir:97
           cycle=16650, step=77, pc=0x0020326C, major=6, minor=2
       Global: memory permutation violated
         x6/t1: expected write missing, needed 0x00000000 (cycle 33296)
         x11/a1: unexpected write 0x00000000 (cycle 33296)
         x14/a4: unexpected write 0x002213f4 (cycle 33299)
         x31/t6: expected write missing, needed 0x002213f4 (cycle 33299)
         0x00203268 (code): wrote 0xfeb72e23, expected 0x866f8f03 (cycle 10338)
         0x00220C70 (code): expected write missing, needed 0x00000000 (cycle 33275)
         0x002213F0 (code): unexpected write 0x00000000 (cycle 33275)
  [417] ✓ INSTR_WORD_MOD_FULL @ step 303: 1 failures, 3359ms, outcome: REJECTED, exit: 101 [proof:GENERATED] G=memory
       r=0.162  T_new=0.00 F_new=0.86 F_rare=1.00 U=0 Q=0.37 Q_l=0.72 Q_g=0.51 dl=1 dg=4
       Value: 0x00249493 -> 0x002C1617
       Original: SLLI x9, x9, 2
       Mutated:  AUIPC x12, 0x2c1000
       Format changed: I -> U
       zkVM errors (3 lines):
         • [prover_impl.rs:280] verify segment (internal proof verification failed)
         • [ffi.cpp:113] address mismatch at cycle 16888: preflight=0x3fffc029, actual=0x3fffc038
         • [kernels/cxx/ffi.cpp:208] SKIP THROW: memory peek not in preflight
       Local constraints hit (1 unique):
         - VerifyOpcodeF3F7@inst.zir:102
           cycle=16888, step=303, pc=0x002031BC, major=3, minor=1
       Global: memory permutation violated
         x9/s1: unexpected write 0x00000001 (cycle 33663)
         x12/a2: expected write missing, needed 0x00000001 (cycle 33776)
         x24/s8: expected write missing, needed 0x00000001 (cycle 33663)
         0x002031B8 (code): wrote 0x00249493, expected 0x002c1617 (cycle 10218)
  [418] ✓ INSTR_WORD_MOD_FULL @ step 1001: 1 failures, 3301ms, outcome: REJECTED, exit: 101 [proof:GENERATED] G=memory
       r=0.183  T_new=0.00 F_new=0.78 F_rare=1.00 U=0 Q=0.43 Q_l=0.72 Q_g=0.61 dl=1 dg=3
       Value: 0x00255593 -> 0x00355593
       Original: SRLI x11, x10, 2
       Mutated:  SRLI x11, x10, 3
       zkVM errors (3 lines):
         • [prover_impl.rs:280] verify segment (internal proof verification failed)
         • [ffi.cpp:113] address mismatch at cycle 17640: preflight=0x3fffc022, actual=0x3fffc023
         • [kernels/cxx/ffi.cpp:208] SKIP THROW: memory peek not in preflight
       Local constraints hit (1 unique):
         - MemoryWrite@mem.zir:99
           cycle=17640, step=1001, pc=0x002061A8, major=4, minor=2
       Global: memory permutation violated
         x2/sp: unexpected write 0x00200350 (cycle 35214)
         x3/gp: expected write missing, needed 0x00200350 (cycle 35214)
         0x002061A4 (code): wrote 0x00255593, expected 0x00355593 (cycle 35108)
  [419] ✓ INSTR_WORD_MOD_FULL @ step 161: 0 failures, 3320ms, outcome: REJECTED, exit: 101 [proof:GENERATED] G=memory[GO]
       r=0.255  T_new=0.00 F_new=0.78 F_rare=1.00 U=0 Q=0.61 Q_l=1.00 Q_g=0.61 dl=0 dg=3
       Value: 0x00A485B3 -> 0x00E485B3
       Original: ADD x11, x9, x10
       Mutated:  ADD x11, x9, x14
       zkVM errors (3 lines):
         • [prover_impl.rs:280] verify segment (internal proof verification failed)
         • [ffi.cpp:113] address mismatch at cycle 16734: preflight=0x3fffc00a, actual=0x3fffc00e
         • [kernels/cxx/ffi.cpp:208] SKIP THROW: memory peek not in preflight
       Global: memory permutation violated [GLOBAL-ONLY]
         0xC000007C (data): wrote 0x00a485b3, expected 0x00e485b3 (cycle 29982)
         0xFFFF0028 (data): unexpected write 0x00000008 (cycle 33467)
         0xFFFF0038 (data): expected write missing, needed 0x00000008 (cycle 33467)
  [420] ✓ INSTR_WORD_MOD_FULL @ step 373: 3 failures, 3299ms, outcome: REJECTED, exit: 101 [proof:GENERATED] G=memory
       r=0.031  T_new=0.00 F_new=0.86 F_rare=1.00 U=0 Q=0.07 Q_l=0.37 Q_g=0.19 dl=3 dg=10
       Value: 0x02E57663 -> 0x6B5BA817
       Original: BGEU x10, x14, 44
       Mutated:  AUIPC x16, 0x6b5ba000
       Format changed: B -> U
       zkVM errors (3 lines):
         • [prover_impl.rs:280] verify segment (internal proof verification failed)
         • [ffi.cpp:113] address mismatch at cycle 16964: preflight=0x3fffc02a, actual=0x3fffc037
         • [kernels/cxx/ffi.cpp:208] SKIP THROW: memory peek not in preflight
       Local constraints hit (3 unique):
         - MemoryWrite@mem.zir:99
           cycle=16972, step=381, pc=0x002031B8, major=2, minor=4
         - VerifyOpcodeF3@inst.zir:96
           cycle=16964, step=373, pc=0x002061A4, major=2, minor=2
         - VerifyOpcodeF3@inst.zir:97
           cycle=16964, step=373, pc=0x002061A4, major=2, minor=2
       Global: memory permutation violated (21 addrs: 4 register, 17 code)
         x10/a0: unexpected write 0x00000004 (cycle 33926)
         x14/a4: unexpected write 0x00000004 (cycle 33869)
         x21/s5: expected write missing, needed 0x00000004 (cycle 33869)
         + 17 code addresses diverged (instruction fetch cascade)
         + 1 more addresses
  [421] ✓ INSTR_WORD_MOD_SUR @ step 1522: 1 failures, 3280ms, outcome: REJECTED, exit: 101 [proof:GENERATED] G=memory
       r=0.165  T_new=0.00 F_new=0.39 F_rare=0.75 U=0 Q=0.61 Q_l=0.72 Q_g=0.85 dl=1 dg=1
       Value: 0x00150513 -> 0x00150563
       Surgical: opcode = 19 -> 99
       Original: ADDI x10, x10, 1
       Mutated:  BEQ x10, x1, 10
       zkVM errors (1 lines):
         • [prover_impl.rs:280] verify segment (internal proof verification failed)
       Local constraints hit (1 unique):
         - VerifyOpcodeF3@inst.zir:96
           cycle=18166, step=1522, pc=0x002184D4, major=0, minor=7
       Global: memory permutation violated
         0x002184D0 (code): wrote 0x00150513, expected 0x00150563 (cycle 36318)
  [422] ✓ INSTR_WORD_MOD_SUR @ step 2776: 0 failures, 3262ms, outcome: REJECTED, exit: 101 [proof:GENERATED] G=memory[GO]
       r=0.255  T_new=0.00 F_new=0.78 F_rare=1.00 U=0 Q=0.61 Q_l=1.00 Q_g=0.61 dl=0 dg=3
       Value: 0x00852883 -> 0x008D2883
       Surgical: rs1 = 10 -> 26
       Original: LW x17, 8(x10)
       Mutated:  LW x17, 8(x26)
       zkVM errors (3 lines):
         • [prover_impl.rs:280] verify segment (internal proof verification failed)
         • [ffi.cpp:113] address mismatch at cycle 19504: preflight=0x3fffc02a, actual=0x3fffc03a
         • [kernels/cxx/ffi.cpp:208] SKIP THROW: memory peek not in preflight
       Global: memory permutation violated [GLOBAL-ONLY]
         x10/a0: unexpected write 0x00200304 (cycle 39006)
         x26/s10: expected write missing, needed 0x00200304 (cycle 39006)
         0x00203814 (code): wrote 0x00852883, expected 0x008d2883 (cycle 11246)
  [423] ✓ INSTR_WORD_MOD_SUR @ step 2197: 0 failures, 3333ms, outcome: REJECTED, exit: 101 [proof:GENERATED] G=memory[GO]
       r=0.255  T_new=0.00 F_new=0.78 F_rare=1.00 U=0 Q=0.61 Q_l=1.00 Q_g=0.61 dl=0 dg=3
       Value: 0x00812C23 -> 0x00D12C23
       Surgical: rs2 = 8 -> 13
       Original: SW x8, 24(x2)
       Mutated:  SW x13, 24(x2)
       zkVM errors (3 lines):
         • [prover_impl.rs:280] verify segment (internal proof verification failed)
         • [ffi.cpp:113] address mismatch at cycle 18851: preflight=0x3fffc028, actual=0x3fffc02d
         • [kernels/cxx/ffi.cpp:208] SKIP THROW: memory peek not in preflight
       Global: memory permutation violated [GLOBAL-ONLY]
         x8/s0: unexpected write 0x00200300 (cycle 37661)
         x13/a3: expected write missing, needed 0x00200300 (cycle 37661)
         0x00201EA4 (code): wrote 0x00812c23, expected 0x00d12c23 (cycle 7802)
  [424] ✓ INSTR_WORD_MOD_SUR @ step 2529: 1 failures, 3314ms, outcome: REJECTED, exit: 101 [proof:GENERATED] G=memory
       r=0.153  T_new=0.00 F_new=0.39 F_rare=0.67 U=0 Q=0.61 Q_l=0.72 Q_g=0.85 dl=1 dg=1
       Value: 0x01061613 -> 0x01061673
       Surgical: opcode = 19 -> 115
       Original: SLLI x12, x12, 16
       Mutated:  SYSTEM.1 x12, x12, 16
       zkVM errors (1 lines):
         • [prover_impl.rs:280] verify segment (internal proof verification failed)
       Local constraints hit (1 unique):
         - VerifyOpcodeF3F7@inst.zir:102
           cycle=19257, step=2529, pc=0x00201470, major=3, minor=1
       Global: memory permutation violated
         0x0020146C (code): wrote 0x01061613, expected 0x01061673 (cycle 6798)
  [425] ✓ INSTR_WORD_MOD_SUR @ step 843: 2 failures, 3265ms, outcome: REJECTED, exit: 101 [proof:GENERATED] G=memory
       r=0.131  T_new=0.00 F_new=0.78 F_rare=1.00 U=0 Q=0.31 Q_l=0.51 Q_g=0.61 dl=2 dg=3
       Value: 0x00255593 -> 0x64D55593
       Surgical: imm = 2 -> 1613
       Original: SRLI x11, x10, 2
       Mutated:  SRAI x11, x10, 1613
       zkVM errors (3 lines):
         • [prover_impl.rs:280] verify segment (internal proof verification failed)
         • [ffi.cpp:113] address mismatch at cycle 17470: preflight=0x3fffc022, actual=0x3fffc02d
         • [kernels/cxx/ffi.cpp:208] SKIP THROW: memory peek not in preflight
       Local constraints hit (2 unique):
         - MemoryWrite@mem.zir:99
           cycle=17470, step=843, pc=0x002061A8, major=4, minor=2
         - VerifyOpcodeF3F7@inst.zir:104
           cycle=17470, step=843, pc=0x002061A8, major=4, minor=2
       Global: memory permutation violated
         x2/sp: unexpected write 0x00200350 (cycle 34874)
         x13/a3: expected write missing, needed 0x00200350 (cycle 34874)
         0x002061A4 (code): wrote 0x00255593, expected 0x64d55593 (cycle 34772)
  [426] ✓ INSTR_WORD_MOD_SUR @ step 282: 0 failures, 3270ms, outcome: REJECTED, exit: 101 [proof:GENERATED] G=memory[GO]
       r=0.089  T_new=0.00 F_new=0.99 F_rare=1.00 U=0 Q=0.19 Q_l=1.00 Q_g=0.19 dl=0 dg=10
       Value: 0x0DC0006F -> 0x5816406F
       Surgical: imm = 220 -> 413056
       Original: JAL x0, 220
       Mutated:  JAL x0, 413056
       zkVM errors (3 lines):
         • [prover_impl.rs:280] verify segment (internal proof verification failed)
         • [ffi.cpp:113] address mismatch at cycle 16861: preflight=0x3fffc000, actual=0x3fffc00c
         • [kernels/cxx/ffi.cpp:208] SKIP THROW: memory peek not in preflight
       Global: memory permutation violated (29 addrs: 29 data) [GLOBAL-ONLY]
         0xC0000058 (data): wrote 0x0dc0006f, expected 0x5816406f (cycle 33472)
         0xC0000134 (data): unexpected write 0x00100893 (cycle 33474)
         0xC0000138 (data): unexpected write 0x03022503 (cycle 33476)
         + 26 more addresses
  [427] ✓ INSTR_WORD_MOD_SUR @ step 920: 1 failures, 3271ms, outcome: REJECTED, exit: 101 [proof:GENERATED] G=memory
       r=0.156  T_new=0.00 F_new=0.39 F_rare=0.69 U=0 Q=0.61 Q_l=0.72 Q_g=0.85 dl=1 dg=1
       Value: 0x02E57663 -> 0x02E57603
       Surgical: opcode = 99 -> 3
       Original: BGEU x10, x14, 44
       Mutated:  LOAD.7 x12, 46(x10)
       zkVM errors (1 lines):
         • [prover_impl.rs:280] verify segment (internal proof verification failed)
       Local constraints hit (1 unique):
         - VerifyOpcodeF3@inst.zir:96
           cycle=17553, step=920, pc=0x002061A4, major=2, minor=2
       Global: memory permutation violated
         0x00206178 (code): wrote 0x02e57663, expected 0x02e57603 (cycle 34938)
  [428] ✓ LOAD_VAL_MOD @ step 2287: 2 failures, 3312ms, outcome: REJECTED, exit: 101 [proof:GENERATED] G=memory
       r=0.102  T_new=0.00 F_new=0.39 F_rare=0.60 U=0 Q=0.43 Q_l=0.51 Q_g=0.85 dl=2 dg=1
       Value: 0x00000000 -> 0xFFFFFFFF
       Load destination: rd = x15 (a5)
       zkVM errors (1 lines):
         • [prover_impl.rs:280] verify segment (internal proof verification failed)
       Local constraints hit (2 unique):
         - MemoryWrite@mem.zir:100
           cycle=18941, step=2287, pc=0x00203458, major=5, minor=2
         - MemoryWrite@mem.zir:99
           cycle=18941, step=2287, pc=0x00203458, major=5, minor=2
       Global: memory permutation violated
         x15/a5: wrote 0xffffffff, expected 0x00000000 (cycle 37883)
  [429] ✓ LOAD_VAL_MOD @ step 2054: 2 failures, 3276ms, outcome: REJECTED, exit: 101 [proof:GENERATED] G=memory
       r=0.102  T_new=0.00 F_new=0.39 F_rare=0.59 U=0 Q=0.43 Q_l=0.51 Q_g=0.85 dl=2 dg=1
       Value: 0x002096FC -> 0x00000004
       Load destination: rd = x1 (ra)
       zkVM errors (1 lines):
         • [prover_impl.rs:280] verify segment (internal proof verification failed)
       Local constraints hit (2 unique):
         - MemoryWrite@mem.zir:100
           cycle=18708, step=2054, pc=0x00205FF8, major=5, minor=2
         - MemoryWrite@mem.zir:99
           cycle=18708, step=2054, pc=0x00205FF8, major=5, minor=2
       Global: memory permutation violated
         x1/ra: wrote 0x00000004, expected 0x002096fc (cycle 37417)
  [430] ✓ MEM_VAL_MOD @ step 3860: 5 failures, 3286ms, outcome: REJECTED, exit: 101 [proof:GENERATED] G=memory
       r=0.017  T_new=0.00 F_new=0.99 F_rare=1.00 U=0 Q=0.04 Q_l=0.19 Q_g=0.19 dl=5 dg=10
       Value: 0x00008067 -> 0x19C6A177
       Transaction: other_mem_read (READ) at address 0x00205e54
       zkVM errors (3 lines):
         • [prover_impl.rs:280] verify segment (internal proof verification failed)
         • [ffi.cpp:113] address mismatch at cycle 20810: preflight=0x3fffc021, actual=0x3fffc02d
         • [kernels/cxx/ffi.cpp:208] SKIP THROW: memory peek not in preflight
       Local constraints hit (5 unique):
         - IsRead@mem.zir:79
           cycle=20810, step=3860, pc=0x00204D84, major=2, minor=4
         - IsRead@mem.zir:80
           cycle=20810, step=3860, pc=0x00204D84, major=2, minor=4
         - MemoryWrite@mem.zir:99
           cycle=20825, step=3875, pc=0x00203BE8, major=2, minor=4
         - VerifyOpcodeF3@inst.zir:96
           cycle=20810, step=3860, pc=0x00204D84, major=2, minor=4
         - VerifyOpcodeF3@inst.zir:97
           cycle=20810, step=3860, pc=0x00204D84, major=2, minor=4
       Global: memory permutation violated (37 addrs: 5 register, 31 code, 1 data)
         x0/zero: unexpected write 0x00000000 (cycle 41616)
         x1/ra: unexpected write 0x00204d84 (cycle 41619)
         x2/sp: expected write missing, needed 0x00000000 (cycle 41609)
         + 31 code addresses diverged (instruction fetch cascade)
         + 3 more addresses
  [431] ✓ MEM_VAL_MOD @ step 3560: 4 failures, 3329ms, outcome: REJECTED, exit: 101 [proof:GENERATED] G=memory
       r=0.066  T_new=0.00 F_new=0.39 F_rare=0.85 U=0 Q=0.22 Q_l=0.26 Q_g=0.85 dl=4 dg=1
       Value: 0x30200073 -> 0xF8475305
       Transaction: other_mem_read (READ) at address 0xc000018c
       zkVM errors (1 lines):
         • [prover_impl.rs:280] verify segment (internal proof verification failed)
       Local constraints hit (4 unique):
         - ControlMRET@inst_control.zir:91
           cycle=20436, step=3560, pc=0x002061F0, major=7, minor=3
         - ControlMRET@inst_control.zir:92
           cycle=20436, step=3560, pc=0x002061F0, major=7, minor=3
         - IsRead@mem.zir:79
           cycle=20436, step=3560, pc=0x002061F0, major=7, minor=3
         - IsRead@mem.zir:80
           cycle=20436, step=3560, pc=0x002061F0, major=7, minor=3
       Global: memory permutation violated
         0xC000018C (data): wrote 0xf8475305, expected 0x30200073 (cycle 40872)
  [432] ✓ MEM_VAL_MOD @ step 3479: 4 failures, 3285ms, outcome: REJECTED, exit: 101 [proof:GENERATED] G=memory
       r=0.053  T_new=0.00 F_new=0.39 F_rare=0.61 U=0 Q=0.22 Q_l=0.26 Q_g=0.85 dl=4 dg=1
       Value: 0x002215CE -> 0xBAB98989
       Transaction: load_mem_read (READ) at address 0x002213fc
       zkVM errors (1 lines):
         • [prover_impl.rs:280] verify segment (internal proof verification failed)
       Local constraints hit (4 unique):
         - IsRead@mem.zir:79
           cycle=20281, step=3479, pc=0x00205DF4, major=5, minor=2
         - IsRead@mem.zir:80
           cycle=20281, step=3479, pc=0x00205DF4, major=5, minor=2
         - MemoryWrite@mem.zir:100
           cycle=20281, step=3479, pc=0x00205DF4, major=5, minor=2
         - MemoryWrite@mem.zir:99
           cycle=20281, step=3479, pc=0x00205DF4, major=5, minor=2
       Global: memory permutation violated
         0x002213FC (code): wrote 0xbab98989, expected 0x002215ce (cycle 40562)
  [433] ✓ MEM_VAL_MOD @ step 2383: 2 failures, 3297ms, outcome: REJECTED, exit: 101 [proof:GENERATED] G=memory
       r=0.107  T_new=0.00 F_new=0.39 F_rare=0.64 U=0 Q=0.43 Q_l=0.51 Q_g=0.85 dl=2 dg=1
       Value: 0x00000000 -> 0xF5E80011
       Transaction: store_rmw_read (READ) at address 0x00200334
       zkVM errors (1 lines):
         • [prover_impl.rs:280] verify segment (internal proof verification failed)
       Local constraints hit (2 unique):
         - IsRead@mem.zir:79
           cycle=19037, step=2383, pc=0x002032D4, major=6, minor=2
         - IsRead@mem.zir:80
           cycle=19037, step=2383, pc=0x002032D4, major=6, minor=2
       Global: memory permutation violated
         0x00200334 (data): wrote 0xf5e80011, expected 0x00000000 (cycle 38074)
  [434] ✓ MEM_VAL_MOD @ step 3791: 1 failures, 3290ms, outcome: REJECTED, exit: 101 [proof:GENERATED] G=memory
       r=0.235  T_new=0.00 F_new=0.63 F_rare=1.00 U=0 Q=0.61 Q_l=0.72 Q_g=0.85 dl=1 dg=1
       Value: 0x00000000 -> 0x00002000
       Transaction: other_mem_read (READ) at address 0xffff0000
       zkVM errors (1 lines):
         • [prover_impl.rs:280] verify segment (internal proof verification failed)
       Local constraints hit (1 unique):
         - IsRead@mem.zir:79
           cycle=20667, step=3791, pc=0xC0000188, major=2, minor=6
       Global: memory permutation violated
         0xFFFF0000 (data): wrote 0x00002000, expected 0x00000000 (cycle 41334)
  [435] ✓ MEM_VAL_MOD @ step 3929: 0 failures, 3277ms, outcome: REJECTED, exit: 101 [proof:GENERATED] G=memory[GO]
       r=0.280  T_new=0.00 F_new=0.39 F_rare=1.00 U=0 Q=0.85 Q_l=1.00 Q_g=0.85 dl=0 dg=1
       Value: 0x00000000 -> 0x40C45145
       Transaction: other_mem_read (READ) at address 0xffff01c0
       zkVM errors (2 lines):
         • [prover_impl.rs:280] verify segment (internal proof verification failed)
         • [kernels/cxx/buffers.h:43] SKIP THROW: Inconsistent set
       Global: memory permutation violated [GLOBAL-ONLY]
         0xFFFF01C0 (data): wrote 0x40c45145, expected 0x00000000 (cycle 42694)
  [436] ✓ MEM_VAL_MOD @ step 2507: 1 failures, 3332ms, outcome: REJECTED, exit: 101 [proof:GENERATED] G=memory
       r=0.146  T_new=0.00 F_new=0.39 F_rare=0.62 U=0 Q=0.61 Q_l=0.72 Q_g=0.85 dl=1 dg=1
       Value: 0x0020624C -> 0x0021624C
       Transaction: other_mem_write (WRITE) at address 0xffff0180
       zkVM errors (1 lines):
         • [prover_impl.rs:280] verify segment (internal proof verification failed)
       Local constraints hit (1 unique):
         - MemoryWrite@mem.zir:100
           cycle=19235, step=2507, pc=0x002055C0, major=2, minor=4
       Global: memory permutation violated
         0xFFFF0180 (data): wrote 0x0021624c, expected 0x0020624c (cycle 38471)
  [437] ✓ MEM_VAL_MOD @ step 3153: 18 failures, 3333ms, outcome: REJECTED, exit: 101 [proof:GENERATED] G=memory
       r=0.080  T_new=0.00 F_new=0.78 F_rare=1.00 U=0 Q=0.19 Q_l=0.26 Q_g=0.85 dl=4 dg=1
       Value: 0x63736972 -> 0xDD8EA266
       Transaction: other_mem_read (READ) at address 0x0022152c
       zkVM errors (2 lines):
         • [prover_impl.rs:280] verify segment (internal proof verification failed)
         • [kernels/cxx/buffers.h:43] SKIP THROW: Inconsistent set
       Local constraints hit (4 unique):
         - IsRead@mem.zir:79
           cycle=19887, step=3153, pc=0xC0000554, major=11, minor=2
         - IsRead@mem.zir:80
           cycle=19887, step=3153, pc=0xC0000554, major=11, minor=2
         - MemoryWrite@mem.zir:100 (x8)
           cycle=19951, step=3153, pc=0xC0000554, major=11, minor=4
         - MemoryWrite@mem.zir:99 (x8)
           cycle=19951, step=3153, pc=0xC0000554, major=11, minor=4
       Global: memory permutation violated
         0x0022152C (code): wrote 0xdd8ea266, expected 0x63736972 (cycle 39774)
  [438] ✓ MEM_VAL_MOD @ step 0: 9 failures, 3288ms, outcome: REJECTED, exit: 101 [proof:GENERATED] G=memory
       r=0.105  T_new=0.00 F_new=0.39 F_rare=0.62 U=0 Q=0.43 Q_l=0.51 Q_g=0.85 dl=2 dg=1
       Value: 0x00000000 -> 0x00000020
       Transaction: other_mem_read (READ) at address 0x00221418
       zkVM errors (2 lines):
         • [prover_impl.rs:280] verify segment (internal proof verification failed)
         • [kernels/cxx/buffers.h:43] SKIP THROW: Inconsistent set
       Local constraints hit (2 unique):
         - IsRead@mem.zir:79
           cycle=14639, step=0, pc=0x00000000, major=9, minor=2
         - PoseidonCheckOut@inst_p2.zir:265 (x8)
           cycle=14959, step=0, pc=0x00000000, major=9, minor=5
       Global: memory permutation violated
         0x00221418 (code): wrote 0x00000020, expected 0x00000000 (cycle 29278)
  [439] ✓ PRE_EXEC_REG_MOD @ step 3887: 2 failures, 3305ms, outcome: REJECTED, exit: 101 [proof:GENERATED] G=memory
       r=0.112  T_new=0.00 F_new=0.39 F_rare=0.69 U=0 Q=0.43 Q_l=0.51 Q_g=0.85 dl=2 dg=1
       Value: 0x00200300 -> 0x00200308
       Register: x2 (sp), READ, strategy=next_read
       zkVM errors (1 lines):
         • [prover_impl.rs:280] verify segment (internal proof verification failed)
       Local constraints hit (2 unique):
         - IsRead@mem.zir:79
           cycle=20837, step=3887, pc=0x00201714, major=0, minor=7
         - MemoryWrite@mem.zir:99
           cycle=20837, step=3887, pc=0x00201714, major=0, minor=7
       Global: memory permutation violated
         x2/sp: wrote 0x00200308, expected 0x00200300 (cycle 41674)
  [440] ✓ PRE_EXEC_REG_MOD @ step 3168: 4 failures, 3259ms, outcome: REJECTED, exit: 101 [proof:GENERATED] G=memory
       r=0.067  T_new=0.00 F_new=0.78 F_rare=1.00 U=0 Q=0.16 Q_l=0.26 Q_g=0.61 dl=4 dg=3
       Value: 0x00200160 -> 0x44A6CA33
       Register: x2 (sp), READ, strategy=next_read
       zkVM errors (3 lines):
         • [prover_impl.rs:280] verify segment (internal proof verification failed)
         • [ffi.cpp:113] address mismatch at cycle 19970: preflight=0x00080063, actual=0x1129b297
         • [kernels/cxx/ffi.cpp:208] SKIP THROW: memory peek not in preflight
       Local constraints hit (4 unique):
         - IsRead@mem.zir:79
           cycle=19970, step=3168, pc=0x00205830, major=5, minor=2
         - IsRead@mem.zir:80
           cycle=19970, step=3168, pc=0x00205830, major=5, minor=2
         - OpLW@inst_mem.zir:108
           cycle=19970, step=3168, pc=0x00205830, major=5, minor=2
         - OpLW@inst_mem.zir:109
           cycle=19970, step=3168, pc=0x00205830, major=5, minor=2
       Global: memory permutation violated
         0x0020018C (data): unexpected write 0x00000000 (cycle 39349)
         0x44A6CA5C (data): expected write missing, needed 0x00000000 (cycle 39349)
         x2/sp: wrote 0x44a6ca33, expected 0x00200160 (cycle 39940)
  [441] ✓ PRE_EXEC_REG_MOD @ step 3059: 2 failures, 3299ms, outcome: REJECTED, exit: 101 [proof:GENERATED] G=memory
       r=0.131  T_new=0.00 F_new=0.78 F_rare=1.00 U=0 Q=0.31 Q_l=0.51 Q_g=0.61 dl=2 dg=3
       Value: 0x0022156C -> 0x5217E735
       Register: x13 (a3), READ, strategy=next_read
       zkVM errors (3 lines):
         • [prover_impl.rs:280] verify segment (internal proof verification failed)
         • [ffi.cpp:113] address mismatch at cycle 19787: preflight=0x0008855a, actual=0x1485f9cc
         • [kernels/cxx/ffi.cpp:208] SKIP THROW: memory peek not in preflight
       Local constraints hit (2 unique):
         - IsRead@mem.zir:79
           cycle=19787, step=3059, pc=0x00203228, major=6, minor=0
         - IsRead@mem.zir:80
           cycle=19787, step=3059, pc=0x00203228, major=6, minor=0
       Global: memory permutation violated
         0x5217E730 (data): expected write missing, needed 0x00000000 (cycle 39571)
         x13/a3: wrote 0x5217e735, expected 0x0022156c (cycle 39574)
         0x00221568 (code): unexpected write 0x00000000 (cycle 39571)
  [442] ✓ PRE_EXEC_REG_MOD @ step 2550: 4 failures, 3304ms, outcome: REJECTED, exit: 101 [proof:GENERATED] G=memory
       r=0.057  T_new=0.00 F_new=0.39 F_rare=0.68 U=0 Q=0.22 Q_l=0.26 Q_g=0.85 dl=4 dg=1
       Value: 0x00000071 -> 0xE0040BF8
       Register: x11 (a1), READ, strategy=next_read
       zkVM errors (1 lines):
         • [prover_impl.rs:280] verify segment (internal proof verification failed)
       Local constraints hit (4 unique):
         - IsRead@mem.zir:79
           cycle=19278, step=2550, pc=0x002014C4, major=3, minor=1
         - IsRead@mem.zir:80
           cycle=19278, step=2550, pc=0x002014C4, major=3, minor=1
         - MemoryWrite@mem.zir:100
           cycle=19278, step=2550, pc=0x002014C4, major=3, minor=1
         - MemoryWrite@mem.zir:99
           cycle=19278, step=2550, pc=0x002014C4, major=3, minor=1
       Global: memory permutation violated
         x11/a1: wrote 0xe0040bf8, expected 0x00000071 (cycle 38556)
  [443] ✓ PRE_EXEC_REG_MOD @ step 3103: 2 failures, 3319ms, outcome: REJECTED, exit: 101 [proof:GENERATED] G=memory
       r=0.111  T_new=0.00 F_new=0.39 F_rare=0.68 U=0 Q=0.43 Q_l=0.51 Q_g=0.85 dl=2 dg=1
       Value: 0x00000060 -> 0x00100000
       Register: x20 (s4), READ, strategy=next_read
       zkVM errors (1 lines):
         • [prover_impl.rs:280] verify segment (internal proof verification failed)
       Local constraints hit (2 unique):
         - IsRead@mem.zir:79
           cycle=19831, step=3103, pc=0x00205794, major=4, minor=2
         - IsRead@mem.zir:80
           cycle=19831, step=3103, pc=0x00205794, major=4, minor=2
       Global: memory permutation violated
         x20/s4: wrote 0x00100000, expected 0x00000060 (cycle 39662)
  [444] ✓ PRE_EXEC_REG_MOD @ step 3128: 4 failures, 3299ms, outcome: REJECTED, exit: 101 [proof:GENERATED] G=memory
       r=0.053  T_new=0.00 F_new=0.39 F_rare=0.60 U=0 Q=0.22 Q_l=0.26 Q_g=0.85 dl=4 dg=1
       Value: 0x00000003 -> 0xE029BBA2
       Register: x5 (t0), READ, strategy=next_read
       zkVM errors (1 lines):
         • [prover_impl.rs:280] verify segment (internal proof verification failed)
       Local constraints hit (4 unique):
         - IsRead@mem.zir:79
           cycle=19856, step=3128, pc=0xC0000074, major=5, minor=2
         - IsRead@mem.zir:80
           cycle=19856, step=3128, pc=0xC0000074, major=5, minor=2
         - MemoryWrite@mem.zir:100
           cycle=19856, step=3128, pc=0xC0000074, major=5, minor=2
         - MemoryWrite@mem.zir:99
           cycle=19856, step=3128, pc=0xC0000074, major=5, minor=2
       Global: memory permutation violated
         x5/t0: wrote 0xe029bba2, expected 0x00000003 (cycle 39712)
  [445] ✓ PRE_EXEC_REG_MOD @ step 764: 2 failures, 3295ms, outcome: REJECTED, exit: 101 [proof:GENERATED] G=memory
       r=0.113  T_new=0.00 F_new=0.39 F_rare=0.70 U=0 Q=0.43 Q_l=0.51 Q_g=0.85 dl=2 dg=1
       Value: 0x00000004 -> 0xFFFFFFFB
       Register: x10 (a0), READ, strategy=next_read
       zkVM errors (1 lines):
         • [prover_impl.rs:280] verify segment (internal proof verification failed)
       Local constraints hit (2 unique):
         - IsRead@mem.zir:79
           cycle=17385, step=764, pc=0x002061A4, major=2, minor=2
         - IsRead@mem.zir:80
           cycle=17385, step=764, pc=0x002061A4, major=2, minor=2
       Global: memory permutation violated
         x10/a0: wrote 0xfffffffb, expected 0x00000004 (cycle 34770)
  [446] ✓ PRE_EXEC_REG_MOD @ step 0: 10 failures, 3316ms, outcome: REJECTED, exit: 101 [proof:GENERATED] G=memory
       r=0.075  T_new=0.00 F_new=0.39 F_rare=0.62 U=0 Q=0.31 Q_l=0.37 Q_g=0.85 dl=3 dg=1
       Value: 0x00000000 -> 0xFF75FDFE
       Register: x16 (a6), READ, strategy=next_read
       zkVM errors (2 lines):
         • [prover_impl.rs:280] verify segment (internal proof verification failed)
         • [kernels/cxx/buffers.h:43] SKIP THROW: Inconsistent set
       Local constraints hit (3 unique):
         - IsRead@mem.zir:79
           cycle=15987, step=0, pc=0x00000000, major=9, minor=2
         - IsRead@mem.zir:80
           cycle=15987, step=0, pc=0x00000000, major=9, minor=2
         - PoseidonCheckOut@inst_p2.zir:265 (x8)
           cycle=16247, step=0, pc=0x00000000, major=9, minor=5
       Global: memory permutation violated
         x16/a6: wrote 0xff75fdfe, expected 0x00000000 (cycle 31974)
  [447] ✓ STORE_OUT_MOD @ step 3627: 2 failures, 3306ms, outcome: REJECTED, exit: 101 [proof:GENERATED] G=memory
       r=0.104  T_new=0.00 F_new=0.39 F_rare=0.61 U=0 Q=0.43 Q_l=0.51 Q_g=0.85 dl=2 dg=1
       Value: 0x00221650 -> 0x2EA5692B
       Store address: 0x002213fc
       zkVM errors (1 lines):
         • [prover_impl.rs:280] verify segment (internal proof verification failed)
       Local constraints hit (2 unique):
         - MemoryWrite@mem.zir:100
           cycle=20503, step=3627, pc=0x00205E38, major=6, minor=2
         - MemoryWrite@mem.zir:99
           cycle=20503, step=3627, pc=0x00205E38, major=6, minor=2
       Global: memory permutation violated
         0x002213FC (code): wrote 0x2ea5692b, expected 0x00221650 (cycle 41007)
  [448] ✓ STORE_OUT_MOD @ step 3915: 2 failures, 3344ms, outcome: REJECTED, exit: 101 [proof:GENERATED] G=memory
       r=0.104  T_new=0.00 F_new=0.39 F_rare=0.61 U=0 Q=0.43 Q_l=0.51 Q_g=0.85 dl=2 dg=1
       Value: 0x7FA793F3 -> 0x4347C726
       Store address: 0xffff0254
       zkVM errors (1 lines):
         • [prover_impl.rs:280] verify segment (internal proof verification failed)
       Local constraints hit (2 unique):
         - MemoryWrite@mem.zir:100
           cycle=20865, step=3915, pc=0xC00000C4, major=6, minor=2
         - MemoryWrite@mem.zir:99
           cycle=20865, step=3915, pc=0xC00000C4, major=6, minor=2
       Global: memory permutation violated
         0xFFFF0254 (data): wrote 0x4347c726, expected 0x7fa793f3 (cycle 41731)
  [449] ✓ COMP_OUT_MOD @ step 1459: 2 failures, 3282ms, outcome: REJECTED, exit: 101 [proof:GENERATED] G=memory
       r=0.108  T_new=0.00 F_new=0.39 F_rare=0.65 U=0 Q=0.43 Q_l=0.51 Q_g=0.85 dl=2 dg=1
       Value: 0x00200321 -> 0x2210A7FB
       Destination: rd = x10 (a0)
       zkVM errors (1 lines):
         • [prover_impl.rs:280] verify segment (internal proof verification failed)
       Local constraints hit (2 unique):
         - MemoryWrite@mem.zir:100
           cycle=18103, step=1459, pc=0x002184D4, major=0, minor=7
         - MemoryWrite@mem.zir:99
           cycle=18103, step=1459, pc=0x002184D4, major=0, minor=7
       Global: memory permutation violated
         x10/a0: wrote 0x2210a7fb, expected 0x00200321 (cycle 36207)
  [450] ✓ COMP_OUT_MOD @ step 2540: 2 failures, 3312ms, outcome: REJECTED, exit: 101 [proof:GENERATED] G=memory
       r=0.103  T_new=0.00 F_new=0.39 F_rare=0.61 U=0 Q=0.43 Q_l=0.51 Q_g=0.85 dl=2 dg=1
       Value: 0x00E30000 -> 0xC151B956
       Destination: rd = x12 (a2)
       zkVM errors (1 lines):
         • [prover_impl.rs:280] verify segment (internal proof verification failed)
       Local constraints hit (2 unique):
         - MemoryWrite@mem.zir:100
           cycle=19268, step=2540, pc=0x0020149C, major=3, minor=1
         - MemoryWrite@mem.zir:99
           cycle=19268, step=2540, pc=0x0020149C, major=3, minor=1
       Global: memory permutation violated
         x12/a2: wrote 0xc151b956, expected 0x00e30000 (cycle 38537)
  [451] ✓ COMP_OUT_MOD @ step 843: 2 failures, 3266ms, outcome: REJECTED, exit: 101 [proof:GENERATED] G=memory
       r=0.107  T_new=0.00 F_new=0.39 F_rare=0.64 U=0 Q=0.43 Q_l=0.51 Q_g=0.85 dl=2 dg=1
       Value: 0x00000001 -> 0x28A57C69
       Destination: rd = x11 (a1)
       zkVM errors (1 lines):
         • [prover_impl.rs:280] verify segment (internal proof verification failed)
       Local constraints hit (2 unique):
         - MemoryWrite@mem.zir:100
           cycle=17470, step=843, pc=0x002061A8, major=4, minor=2
         - MemoryWrite@mem.zir:99
           cycle=17470, step=843, pc=0x002061A8, major=4, minor=2
       Global: memory permutation violated
         x11/a1: wrote 0x28a57c69, expected 0x00000001 (cycle 34941)
  [452] ✓ COMP_OUT_MOD @ step 999: 1 failures, 3326ms, outcome: REJECTED, exit: 101 [proof:GENERATED] G=memory
       r=0.156  T_new=0.00 F_new=0.39 F_rare=0.69 U=0 Q=0.61 Q_l=0.72 Q_g=0.85 dl=1 dg=1
       Value: 0x00000004 -> 0x00010004
       Destination: rd = x16 (a6)
       zkVM errors (1 lines):
         • [prover_impl.rs:280] verify segment (internal proof verification failed)
       Local constraints hit (1 unique):
         - MemoryWrite@mem.zir:100
           cycle=17638, step=999, pc=0x00206178, major=0, minor=0
       Global: memory permutation violated
         x16/a6: wrote 0x00010004, expected 0x00000004 (cycle 35277)
  [453] ✓ INSTR_TYPE_MOD @ step 1605: 5 failures, 3311ms, outcome: REJECTED, exit: 101 [proof:GENERATED] G=memory|cycle
       r=0.037  T_new=0.00 F_new=0.92 F_rare=1.00 U=0 Q=0.08 Q_l=0.19 Q_g=0.43 dl=5 dg=5
       Value: 0x00000007 -> 0x00060002
       Original: AddI [major=0, minor=7]
       Mutated:  Sw [major=6, minor=2]
       zkVM errors (3 lines):
         • [prover_impl.rs:280] verify segment (internal proof verification failed)
         • [ffi.cpp:113] address mismatch at cycle 18249: preflight=0x3fffc028, actual=0x00080076
         • [kernels/cxx/ffi.cpp:208] SKIP THROW: memory peek not in preflight
       Local constraints hit (5 unique):
         - IsRead@mem.zir:79
           cycle=18249, step=1605, pc=0x00204034, major=6, minor=2
         - MemoryWrite@mem.zir:100
           cycle=18249, step=1605, pc=0x00204034, major=6, minor=2
         - MemoryWrite@mem.zir:99
           cycle=18249, step=1605, pc=0x00204034, major=6, minor=2
         - VerifyOpcodeF3@inst.zir:96
           cycle=18249, step=1605, pc=0x00204034, major=6, minor=2
         - VerifyOpcodeF3@inst.zir:97
           cycle=18249, step=1605, pc=0x00204034, major=6, minor=2
       Global: memory permutation violated
         0x002001D8 (data): expected write missing, needed 0x0eba0063 (cycle 12554)
         x8/s0: unexpected write 0x00200300 (cycle 36476)
       Global: cycle lookup violated (3 indices broken)
         index 21: 82 provides, 1 uses (imbalanced)
         index 22: 84 provides, 1 uses (imbalanced)
         index 23944: 1 provides, 1 uses (imbalanced)
  [454] ✓ INSTR_TYPE_MOD @ step 1560: 1 failures, 3262ms, outcome: REJECTED, exit: 101 [proof:GENERATED]
       r=0.099  T_new=0.00 F_new=0.00 F_rare=0.58 U=0 Q=0.72 Q_l=0.72 Q_g=1.00 dl=1 dg=0
       Value: 0x00050003 -> 0x00050000
       Original: LbU [major=5, minor=3]
       Mutated:  Lb [major=5, minor=0]
       zkVM errors (1 lines):
         • [prover_impl.rs:280] verify segment (internal proof verification failed)
       Local constraints hit (1 unique):
         - VerifyOpcodeF3@inst.zir:97
           cycle=18204, step=1560, pc=0x002184C4, major=5, minor=0
       Global: no permutation/lookup violations (local-only)
  [455] ✓ INSTR_TYPE_MOD @ step 2784: 2 failures, 3383ms, outcome: REJECTED, exit: 101 [proof:GENERATED] G=memory|cycle
       r=0.103  T_new=0.00 F_new=0.95 F_rare=1.00 U=0 Q=0.22 Q_l=0.51 Q_g=0.43 dl=2 dg=5
       Value: 0x00060002 -> 0x00010004
       Original: Sw [major=6, minor=2]
       Mutated:  SltIU [major=1, minor=4]
       zkVM errors (3 lines):
         • [prover_impl.rs:280] verify segment (internal proof verification failed)
         • [ffi.cpp:113] address mismatch at cycle 19512: preflight=0x00080090, actual=0x3fffc030
         • [kernels/cxx/ffi.cpp:208] SKIP THROW: memory peek not in preflight
       Local constraints hit (2 unique):
         - VerifyOpcodeF3@inst.zir:96
           cycle=19512, step=2784, pc=0x00203838, major=1, minor=4
         - VerifyOpcodeF3@inst.zir:97
           cycle=19512, step=2784, pc=0x00203838, major=1, minor=4
       Global: memory permutation violated
         0x00200240 (data): unexpected write 0x00000000 (cycle 4522)
         x16/a6: expected write missing, needed 0x00000000 (cycle 4522)
       Global: cycle lookup violated (3 indices broken)
         index 0: 2254 provides, 1 uses (imbalanced)
         index 34501: orphan use (1 entries, no matching provide)
         index 34502: 1 provides, 1 uses (imbalanced)
  [456] ✓ INSTR_TYPE_MOD @ step 2964: 2 failures, 3250ms, outcome: REJECTED, exit: 101 [proof:GENERATED]
       r=0.107  T_new=0.00 F_new=0.00 F_rare=0.71 U=0 Q=0.51 Q_l=0.51 Q_g=1.00 dl=2 dg=0
       Value: 0x00030001 -> 0x00030007
       Original: SllI [major=3, minor=1]
       Mutated:  Unknown(3,7) [major=3, minor=7] ⚠INVALID
       zkVM errors (1 lines):
         • [prover_impl.rs:280] verify segment (internal proof verification failed)
       Local constraints hit (2 unique):
         - IllegalMulOp@inst_mul.zir:18
           cycle=19692, step=2964, pc=0x00205690, major=3, minor=7
         - MemoryWrite@mem.zir:99
           cycle=19692, step=2964, pc=0x00205690, major=3, minor=7
       Global: no permutation/lookup violations (local-only)
  [457] ✓ INSTR_TYPE_MOD @ step 3766: 4 failures, 3260ms, outcome: REJECTED, exit: 101 [proof:GENERATED] [+6 touch]
       r=0.099  T_new=0.16 F_new=0.39 F_rare=0.85 U=0 Q=0.26 Q_l=0.26 Q_g=1.00 dl=4 dg=0
       Value: 0x00040002 -> 0x00040005
       Original: SrlI [major=4, minor=2]
       Mutated:  DivU [major=4, minor=5]
       zkVM errors (1 lines):
         • [prover_impl.rs:280] verify segment (internal proof verification failed)
       Local constraints hit (4 unique):
         - MemoryWrite@mem.zir:100
           cycle=20642, step=3766, pc=0x002057F8, major=4, minor=5
         - MemoryWrite@mem.zir:99
           cycle=20642, step=3766, pc=0x002057F8, major=4, minor=5
         - VerifyOpcodeF3F7@inst.zir:102
           cycle=20642, step=3766, pc=0x002057F8, major=4, minor=5
         - VerifyOpcodeF3F7@inst.zir:104
           cycle=20642, step=3766, pc=0x002057F8, major=4, minor=5
       Global: no permutation/lookup violations (local-only)
  [458] ✓ INSTR_TYPE_MOD @ step 8: 4 failures, 3223ms, outcome: REJECTED, exit: 101 [proof:GENERATED] [+6 touch]
       r=0.065  T_new=0.16 F_new=0.00 F_rare=0.71 U=0 Q=0.26 Q_l=0.26 Q_g=1.00 dl=4 dg=0
       Value: 0x00000007 -> 0x00040007
       Original: AddI [major=0, minor=7]
       Mutated:  RemU [major=4, minor=7]
       zkVM errors (1 lines):
         • [prover_impl.rs:280] verify segment (internal proof verification failed)
       Local constraints hit (4 unique):
         - MemoryWrite@mem.zir:99
           cycle=16581, step=8, pc=0xC0000024, major=4, minor=7
         - VerifyOpcodeF3F7@inst.zir:102
           cycle=16581, step=8, pc=0xC0000024, major=4, minor=7
         - VerifyOpcodeF3F7@inst.zir:103
           cycle=16581, step=8, pc=0xC0000024, major=4, minor=7
         - VerifyOpcodeF3F7@inst.zir:104
           cycle=16581, step=8, pc=0xC0000024, major=4, minor=7
       Global: no permutation/lookup violations (local-only)
  [459] ✓ INSTR_TYPE_MOD @ step 294: 13 failures, 3286ms, outcome: REJECTED, exit: 101 [proof:GENERATED] G=memory
       r=0.001  T_new=0.00 F_new=0.78 F_rare=1.00 U=0 Q=0.00 Q_l=0.02 Q_g=0.19 dl=12 dg=10
       Value: 0x00020002 -> 0x00020003
       Original: BgeU [major=2, minor=2]
       Mutated:  Jal [major=2, minor=3]
       zkVM errors (3 lines):
         • [prover_impl.rs:280] verify segment (internal proof verification failed)
         • [ffi.cpp:113] address mismatch at cycle 16879: preflight=0x3fffc060, actual=0x3fffc02c
         • [kernels/cxx/ffi.cpp:208] SKIP THROW: memory peek not in preflight
       Local constraints hit (4 unique):
         - DecodeInst@inst.zir:29 (x8)
           cycle=16880, step=295, pc=0x002061A8, major=4, minor=2
         - MemoryWrite@mem.zir:100 (x2)
           cycle=16879, step=294, pc=0x002061A4, major=2, minor=3
         - MemoryWrite@mem.zir:99 (x2)
           cycle=16879, step=294, pc=0x002061A4, major=2, minor=3
         - VerifyOpcode@inst.zir:91
           cycle=16879, step=294, pc=0x002061A4, major=2, minor=3
       Global: memory permutation violated (18 addrs: 1 register, 16 code, 1 data)
         x12/a2: expected write missing, needed 0x00000000 (cycle 33707)
         0xFFFF0180 (data): unexpected write 0x00000000 (cycle 33707)
         + 16 code addresses diverged (instruction fetch cascade)
  [460] ✓ INSTR_TYPE_MOD @ step 604: 4 failures, 3332ms, outcome: REJECTED, exit: 101 [proof:GENERATED] G=memory|cycle
       r=0.023  T_new=0.00 F_new=0.99 F_rare=1.00 U=0 Q=0.05 Q_l=0.26 Q_g=0.19 dl=4 dg=10
       Value: 0x00000007 -> 0x00020005
       Original: AddI [major=0, minor=7]
       Mutated:  Lui [major=2, minor=5]
       zkVM errors (3 lines):
         • [prover_impl.rs:280] verify segment (internal proof verification failed)
         • [ffi.cpp:113] address mismatch at cycle 17207: preflight=0x3fffc011, actual=0x3fffc000
         • [kernels/cxx/buffers.h:43] SKIP THROW: Inconsistent set
       Local constraints hit (4 unique):
         - ECallHostReadSetup@inst_ecall.zir:70
           cycle=17208, step=604, pc=0xC000014C, major=8, minor=2
         - MemoryWrite@mem.zir:100
           cycle=17207, step=604, pc=0xC000014C, major=2, minor=5
         - MemoryWrite@mem.zir:99
           cycle=17207, step=604, pc=0xC000014C, major=2, minor=5
         - VerifyOpcode@inst.zir:91
           cycle=17207, step=604, pc=0xC000014C, major=2, minor=5
       Global: memory permutation violated
         0xC0000150 (data): unexpected write 0x00000513 (cycle 34248)
         0xC0000154 (data): expected write missing, needed 0x00000513 (cycle 34248)
         0xC0000158 (data): expected write missing, needed 0x02820593 (cycle 34250)
         0xC000015C (data): expected write missing, needed 0x00800613 (cycle 34252)
         0xC0000160 (data): expected write missing, needed 0x00000073 (cycle 34254)
         0xC0000164 (data): expected write missing, needed 0x30200073 (cycle 34260)
         0xFFFF0000 (data): expected write missing, needed 0x00000001 (cycle 34403)
         0xFFFF0044 (data): unexpected write 0x00000001 (cycle 34403)
         0xFFFF0100 (data): expected write missing, needed 0x0021a0c8 (cycle 34405)
       Global: cycle lookup violated (1 indices broken)
         index 9: 344 provides, 1 uses (imbalanced)
  [461] ✓ INSTR_TYPE_MOD @ step 0: 5 failures, 3361ms, outcome: REJECTED, exit: 101 [proof:GENERATED] G=memory|cycle
       r=0.020  T_new=0.00 F_new=0.00 F_rare=0.71 U=0 Q=0.11 Q_l=0.19 Q_g=0.61 dl=5 dg=3
       Value: 0x00020006 -> 0x00020000
       Original: Auipc [major=2, minor=6]
       Mutated:  Bge [major=2, minor=0]
       zkVM errors (3 lines):
         • [prover_impl.rs:280] verify segment (internal proof verification failed)
         • [ffi.cpp:113] address mismatch at cycle 0: preflight=0x44000000, actual=0x00000000
         • [kernels/cxx/ffi.cpp:208] SKIP THROW: memory peek not in preflight
       Local constraints hit (5 unique):
         - AddrDecompose@u32.zir:67
           cycle=0, step=0, pc=0x00000000, major=2, minor=0
         - ControlLoadRootAndNonce@inst_control.zir:23
           cycle=1, step=0, pc=0x00000000, major=7, minor=0
         - MiscInput@inst_misc.zir:7
           cycle=0, step=0, pc=0x00000000, major=2, minor=0
         - VerifyOpcodeF3@inst.zir:96
           cycle=0, step=0, pc=0x00000000, major=2, minor=0
         - VerifyOpcodeF3@inst.zir:97
           cycle=0, step=0, pc=0x00000000, major=2, minor=0
       Global: memory permutation violated
         0xFFFF0100 (data): expected write missing, needed 0x00000000 (cycle 0)
       Global: cycle lookup violated (2 indices broken)
         index 0: 2256 provides, 1 uses (imbalanced)
         index 2013265920: orphan provide (2 entries, no matching use)
  [462] ✓ INSTR_WORD_MOD_FULL @ step 3504: 0 failures, 3281ms, outcome: REJECTED, exit: 101 [proof:GENERATED] G=memory[GO]
       r=0.255  T_new=0.00 F_new=0.78 F_rare=1.00 U=0 Q=0.61 Q_l=1.00 Q_g=0.61 dl=0 dg=3
       Value: 0x00A4FE63 -> 0x00B4FE63
       Original: BGEU x9, x10, 28
       Mutated:  BGEU x9, x11, 28
       zkVM errors (3 lines):
         • [prover_impl.rs:280] verify segment (internal proof verification failed)
         • [ffi.cpp:113] address mismatch at cycle 20306: preflight=0x3fffc02a, actual=0x3fffc02b
         • [kernels/cxx/ffi.cpp:208] SKIP THROW: memory peek not in preflight
       Global: memory permutation violated [GLOBAL-ONLY]
         x10/a0: unexpected write 0x00000000 (cycle 40609)
         x11/a1: expected write missing, needed 0x00000000 (cycle 40609)
         0x002053B4 (code): wrote 0x00a4fe63, expected 0x00b4fe63 (cycle 39306)
  [463] ✓ INSTR_WORD_MOD_FULL @ step 2066: 3 failures, 3362ms, outcome: REJECTED, exit: 101 [proof:GENERATED] G=memory
       r=0.053  T_new=0.00 F_new=0.97 F_rare=1.00 U=0 Q=0.11 Q_l=0.37 Q_g=0.31 dl=3 dg=7
       Value: 0x01C12083 -> 0x5E5C0F0F
       Original: LW x1, 28(x2)
       Mutated:  UNKNOWN 0x5e5c0f0f
       Format changed: I -> UNKNOWN
       zkVM errors (3 lines):
         • [prover_impl.rs:280] verify segment (internal proof verification failed)
         • [ffi.cpp:113] address mismatch at cycle 18720: preflight=0x3fffc022, actual=0x3fffc038
         • [kernels/cxx/ffi.cpp:208] SKIP THROW: memory peek not in preflight
       Local constraints hit (3 unique):
         - OpLW@inst_mem.zir:108
           cycle=18720, step=2066, pc=0x002097B4, major=5, minor=2
         - VerifyOpcodeF3@inst.zir:96
           cycle=18720, step=2066, pc=0x002097B4, major=5, minor=2
         - VerifyOpcodeF3@inst.zir:97
           cycle=18720, step=2066, pc=0x002097B4, major=5, minor=2
       Global: memory permutation violated
         0x0020009C (data): unexpected write 0x0020af88 (cycle 37073)
         0x00200664 (data): expected write missing, needed 0x0020af88 (cycle 37073)
         x1/ra: unexpected write 0x002096fc (cycle 37428)
         x2/sp: unexpected write 0x00200080 (cycle 37427)
         x24/s8: expected write missing, needed 0x00200080 (cycle 37427)
         x30/t5: expected write missing, needed 0x002096fc (cycle 37428)
         0x002097B0 (code): wrote 0x01c12083, expected 0x5e5c0f0f (cycle 37030)
  [464] ✓ INSTR_WORD_MOD_FULL @ step 2694: 0 failures, 3318ms, outcome: REJECTED, exit: 101 [proof:GENERATED] G=memory[GO]
       r=0.255  T_new=0.00 F_new=0.78 F_rare=1.00 U=0 Q=0.61 Q_l=1.00 Q_g=0.61 dl=0 dg=3
       Value: 0x04F12823 -> 0x00F12823
       Original: SW x15, 80(x2)
       Mutated:  SW x15, 16(x2)
       zkVM errors (3 lines):
         • [prover_impl.rs:280] verify segment (internal proof verification failed)
         • [ffi.cpp:113] address mismatch at cycle 19422: preflight=0x000800d4, actual=0x000800c4
         • [kernels/cxx/ffi.cpp:208] SKIP THROW: memory peek not in preflight
       Global: memory permutation violated [GLOBAL-ONLY]
         0x00200310 (data): expected write missing, needed 0x00000000 (cycle 4682)
         0x00200350 (data): unexpected write 0x00000000 (cycle 4682)
         0x00201610 (code): wrote 0x04f12823, expected 0x00f12823 (cycle 7058)
  [465] ✓ INSTR_WORD_MOD_FULL @ step 2574: 1 failures, 3281ms, outcome: REJECTED, exit: 101 [proof:GENERATED] G=memory
       r=0.153  T_new=0.00 F_new=0.39 F_rare=0.67 U=0 Q=0.61 Q_l=0.72 Q_g=0.85 dl=1 dg=1
       Value: 0x01869693 -> 0x0186D693
       Original: SLLI x13, x13, 24
       Mutated:  SRLI x13, x13, 24
       zkVM errors (1 lines):
         • [prover_impl.rs:280] verify segment (internal proof verification failed)
       Local constraints hit (1 unique):
         - VerifyOpcodeF3F7@inst.zir:103
           cycle=19302, step=2574, pc=0x00201524, major=3, minor=1
       Global: memory permutation violated
         0x00201520 (code): wrote 0x01869693, expected 0x0186d693 (cycle 6918)
  [466] ✓ INSTR_WORD_MOD_FULL @ step 3513: 0 failures, 3324ms, outcome: REJECTED, exit: 101 [proof:GENERATED] G=memory[GO]
       r=0.255  T_new=0.00 F_new=0.78 F_rare=1.00 U=0 Q=0.61 Q_l=1.00 Q_g=0.61 dl=0 dg=3
       Value: 0x00675713 -> 0x0067D713
       Original: SRLI x14, x14, 6
       Mutated:  SRLI x14, x15, 6
       zkVM errors (3 lines):
         • [prover_impl.rs:280] verify segment (internal proof verification failed)
         • [ffi.cpp:113] address mismatch at cycle 20315: preflight=0x3fffc02e, actual=0x3fffc02f
         • [kernels/cxx/ffi.cpp:208] SKIP THROW: memory peek not in preflight
       Global: memory permutation violated [GLOBAL-ONLY]
         x14/a4: unexpected write 0x00000062 (cycle 40628)
         x15/a5: expected write missing, needed 0x00000062 (cycle 40628)
         0x00205414 (code): wrote 0x00675713, expected 0x0067d713 (cycle 15754)
  [467] ✓ INSTR_WORD_MOD_FULL @ step 670: 3 failures, 3294ms, outcome: REJECTED, exit: 101 [proof:GENERATED] G=memory
       r=0.053  T_new=0.00 F_new=0.97 F_rare=1.00 U=0 Q=0.11 Q_l=0.37 Q_g=0.31 dl=3 dg=7
       Value: 0x01422503 -> 0xB610FC63
       Original: LW x10, 20(x4)
       Mutated:  BGEU x1, x1, -3208
       Format changed: I -> B
       zkVM errors (3 lines):
         • [prover_impl.rs:280] verify segment (internal proof verification failed)
         • [ffi.cpp:113] address mismatch at cycle 17279: preflight=0x3fffc004, actual=0x3fffc001
         • [kernels/cxx/ffi.cpp:208] SKIP THROW: memory peek not in preflight
       Local constraints hit (3 unique):
         - OpLW@inst_mem.zir:108
           cycle=17279, step=670, pc=0xC0000074, major=5, minor=2
         - VerifyOpcodeF3@inst.zir:96
           cycle=17279, step=670, pc=0xC0000074, major=5, minor=2
         - VerifyOpcodeF3@inst.zir:97
           cycle=17279, step=670, pc=0xC0000074, major=5, minor=2
       Global: memory permutation violated
         0xC0000070 (data): wrote 0x01422503, expected 0xb610fc63 (cycle 34390)
         0xFFFEFBE0 (data): expected write missing, needed 0x00000002 (cycle 34541)
         0xFFFF0004 (data): expected write missing, needed 0xffff0080 (cycle 34422)
         0xFFFF0010 (data): unexpected write 0xffff0080 (cycle 34422)
         0xFFFF0028 (data): unexpected write 0x00000008 (cycle 34429)
         0xFFFF0060 (data): expected write missing, needed 0x00000008 (cycle 34429)
         x5/t0: unexpected write 0x00000002 (cycle 34541)
  [468] ✓ INSTR_WORD_MOD_FULL @ step 1090: 0 failures, 3268ms, outcome: REJECTED, exit: 101 [proof:GENERATED] G=memory[GO]
       r=0.255  T_new=0.00 F_new=0.78 F_rare=1.00 U=0 Q=0.61 Q_l=1.00 Q_g=0.61 dl=0 dg=3
       Value: 0x00F70733 -> 0x00F707B3
       Original: ADD x14, x14, x15
       Mutated:  ADD x15, x14, x15
       zkVM errors (3 lines):
         • [prover_impl.rs:280] verify segment (internal proof verification failed)
         • [ffi.cpp:113] address mismatch at cycle 17734: preflight=0x3fffc02e, actual=0x3fffc02f
         • [kernels/cxx/ffi.cpp:208] SKIP THROW: memory peek not in preflight
       Global: memory permutation violated [GLOBAL-ONLY]
         x14/a4: unexpected write 0x00200370 (cycle 35468)
         x15/a5: unexpected write 0x00200374 (cycle 35469)
         0x00206348 (code): wrote 0x00f70733, expected 0x00f707b3 (cycle 18206)
  [469] ✓ INSTR_WORD_MOD_SUR @ step 3232: 2 failures, 3335ms, outcome: REJECTED, exit: 101 [proof:GENERATED] G=memory
       r=0.101  T_new=0.00 F_new=0.92 F_rare=1.00 U=0 Q=0.22 Q_l=0.51 Q_g=0.43 dl=2 dg=5
       Value: 0x00221637 -> 0x56708637
       Surgical: imm = 2232320 -> 1450213376
       Original: LUI x12, 0x221000
       Mutated:  LUI x12, 0x56708000
       zkVM errors (3 lines):
         • [prover_impl.rs:280] verify segment (internal proof verification failed)
         • [ffi.cpp:113] address mismatch at cycle 20034: preflight=0x3fffc024, actual=0x3fffc021
         • [kernels/cxx/ffi.cpp:208] SKIP THROW: memory peek not in preflight
       Local constraints hit (2 unique):
         - MemoryWrite@mem.zir:100
           cycle=20034, step=3232, pc=0x00205E34, major=2, minor=5
         - MemoryWrite@mem.zir:99
           cycle=20034, step=3232, pc=0x00205E34, major=2, minor=5
       Global: memory permutation violated
         x1/ra: expected write missing, needed 0x00000000 (cycle 40042)
         x2/sp: unexpected write 0x002001c0 (cycle 40034)
         x4/tp: unexpected write 0x00000000 (cycle 40042)
         x7/t2: expected write missing, needed 0x002001c0 (cycle 40034)
         0x00205E30 (code): wrote 0x00221637, expected 0x56708637 (cycle 39446)
  [470] ✓ INSTR_WORD_MOD_SUR @ step 2546: 0 failures, 3299ms, outcome: REJECTED, exit: 101 [proof:GENERATED] G=memory[GO]
       r=0.255  T_new=0.00 F_new=0.78 F_rare=1.00 U=0 Q=0.61 Q_l=1.00 Q_g=0.61 dl=0 dg=3
       Value: 0x01554583 -> 0x01554E83
       Surgical: rd = 11 -> 29
       Original: LBU x11, 21(x10)
       Mutated:  LBU x29, 21(x10)
       zkVM errors (3 lines):
         • [prover_impl.rs:280] verify segment (internal proof verification failed)
         • [ffi.cpp:113] address mismatch at cycle 19274: preflight=0x3fffc02b, actual=0x3fffc03d
         • [kernels/cxx/ffi.cpp:208] SKIP THROW: memory peek not in preflight
       Global: memory permutation violated [GLOBAL-ONLY]
         x11/a1: unexpected write 0x17e32f5a (cycle 38546)
         x29/t4: expected write missing, needed 0x17e32f5a (cycle 38546)
         0x002014B0 (code): wrote 0x01554583, expected 0x01554e83 (cycle 6838)
  [471] ✓ INSTR_WORD_MOD_SUR @ step 1894: 0 failures, 3286ms, outcome: REJECTED, exit: 101 [proof:GENERATED] G=memory[GO]
       r=0.255  T_new=0.00 F_new=0.78 F_rare=1.00 U=0 Q=0.61 Q_l=1.00 Q_g=0.61 dl=0 dg=3
       Value: 0x01612023 -> 0x01602023
       Surgical: rs1 = 2 -> 0
       Original: SW x22, 0(x2)
       Mutated:  SW x22, 0(x0)
       zkVM errors (3 lines):
         • [prover_impl.rs:280] verify segment (internal proof verification failed)
         • [ffi.cpp:113] address mismatch at cycle 18543: preflight=0x3fffc022, actual=0x3fffc020
         • [kernels/cxx/ffi.cpp:208] SKIP THROW: memory peek not in preflight
       Global: memory permutation violated [GLOBAL-ONLY]
         x0/zero: expected write missing, needed 0x00200080 (cycle 37084)
         x2/sp: unexpected write 0x00200080 (cycle 37084)
         0x002096D0 (code): wrote 0x01612023, expected 0x01602023 (cycle 36630)
  [472] ✓ INSTR_WORD_MOD_SUR @ step 851: 0 failures, 3314ms, outcome: REJECTED, exit: 101 [proof:GENERATED] G=memory[GO]
       r=0.255  T_new=0.00 F_new=0.78 F_rare=1.00 U=0 Q=0.61 Q_l=1.00 Q_g=0.61 dl=0 dg=3
       Value: 0x00249493 -> 0x00249193
       Surgical: rd = 9 -> 3
       Original: SLLI x9, x9, 2
       Mutated:  SLLI x3, x9, 2
       zkVM errors (3 lines):
         • [prover_impl.rs:280] verify segment (internal proof verification failed)
         • [ffi.cpp:113] address mismatch at cycle 17478: preflight=0x3fffc029, actual=0x3fffc023
         • [kernels/cxx/ffi.cpp:208] SKIP THROW: memory peek not in preflight
       Global: memory permutation violated [GLOBAL-ONLY]
         x3/gp: expected write missing, needed 0x00000001 (cycle 34956)
         x9/s1: unexpected write 0x00000001 (cycle 34956)
         0x002031B8 (code): wrote 0x00249493, expected 0x00249193 (cycle 34788)
  [473] ✓ INSTR_WORD_MOD_SUR @ step 3766: 1 failures, 3298ms, outcome: REJECTED, exit: 101 [proof:GENERATED] G=memory
       r=0.151  T_new=0.00 F_new=0.39 F_rare=0.65 U=0 Q=0.61 Q_l=0.72 Q_g=0.85 dl=1 dg=1
       Value: 0x004B5693 -> 0x004B56B3
       Surgical: opcode = 19 -> 51
       Original: SRLI x13, x22, 4
       Mutated:  SRL x13, x22, x4
       zkVM errors (1 lines):
         • [prover_impl.rs:280] verify segment (internal proof verification failed)
       Local constraints hit (1 unique):
         - VerifyOpcodeF3F7@inst.zir:102
           cycle=20642, step=3766, pc=0x002057F8, major=4, minor=2
       Global: memory permutation violated
         0x002057F4 (code): wrote 0x004b5693, expected 0x004b56b3 (cycle 39684)
  [474] ✓ INSTR_WORD_MOD_SUR @ step 2043: 1 failures, 3303ms, outcome: REJECTED, exit: 101 [proof:GENERATED] G=memory
       r=0.180  T_new=0.00 F_new=0.39 F_rare=0.85 U=0 Q=0.61 Q_l=0.72 Q_g=0.85 dl=1 dg=1
       Value: 0x0DC0006F -> 0x0DC00023
       Surgical: opcode = 111 -> 35
       Original: JAL x0, 220
       Mutated:  SB x28, 192(x0)
       zkVM errors (1 lines):
         • [prover_impl.rs:280] verify segment (internal proof verification failed)
       Local constraints hit (1 unique):
         - VerifyOpcode@inst.zir:91
           cycle=18692, step=2043, pc=0xC0000134, major=2, minor=3
       Global: memory permutation violated
         0xC0000058 (data): wrote 0x0dc0006f, expected 0x0dc00023 (cycle 36974)
  [475] ✓ INSTR_WORD_MOD_SUR @ step 3157: 1 failures, 3285ms, outcome: REJECTED, exit: 101 [proof:GENERATED] G=memory
       r=0.235  T_new=0.00 F_new=0.63 F_rare=1.00 U=0 Q=0.61 Q_l=0.72 Q_g=0.85 dl=1 dg=1
       Value: 0x40E787B3 -> 0x40E7B7B3
       Surgical: funct3 = 0 -> 3
       Original: SUB x15, x15, x14
       Mutated:  SLTU x15, x15, x14
       zkVM errors (1 lines):
         • [prover_impl.rs:280] verify segment (internal proof verification failed)
       Local constraints hit (1 unique):
         - VerifyOpcodeF3F7@inst.zir:103
           cycle=19959, step=3157, pc=0x002061F4, major=0, minor=1
       Global: memory permutation violated
         0x002061F0 (code): wrote 0x40e787b3, expected 0x40e7b7b3 (cycle 17986)
  [476] ✓ LOAD_VAL_MOD @ step 2568: 2 failures, 3274ms, outcome: REJECTED, exit: 101 [proof:GENERATED] G=memory
       r=0.113  T_new=0.00 F_new=0.39 F_rare=0.70 U=0 Q=0.43 Q_l=0.51 Q_g=0.85 dl=2 dg=1
       Value: 0x000000EB -> 0xFFFFFF15
       Load destination: rd = x11 (a1)
       zkVM errors (1 lines):
         • [prover_impl.rs:280] verify segment (internal proof verification failed)
       Local constraints hit (2 unique):
         - MemoryWrite@mem.zir:100
           cycle=19296, step=2568, pc=0x0020150C, major=5, minor=3
         - MemoryWrite@mem.zir:99
           cycle=19296, step=2568, pc=0x0020150C, major=5, minor=3
       Global: memory permutation violated
         x11/a1: wrote 0xffffff15, expected 0x000000eb (cycle 38593)
  [477] ✓ LOAD_VAL_MOD @ step 1854: 2 failures, 3269ms, outcome: REJECTED, exit: 101 [proof:GENERATED] G=memory
       r=0.102  T_new=0.00 F_new=0.39 F_rare=0.59 U=0 Q=0.43 Q_l=0.51 Q_g=0.85 dl=2 dg=1
       Value: 0x002096FC -> 0xCD91458E
       Load destination: rd = x1 (ra)
       zkVM errors (1 lines):
         • [prover_impl.rs:280] verify segment (internal proof verification failed)
       Local constraints hit (2 unique):
         - MemoryWrite@mem.zir:100
           cycle=18503, step=1854, pc=0x00205FF8, major=5, minor=2
         - MemoryWrite@mem.zir:99
           cycle=18503, step=1854, pc=0x00205FF8, major=5, minor=2
       Global: memory permutation violated
         x1/ra: wrote 0xcd91458e, expected 0x002096fc (cycle 37007)
  [478] ✓ MEM_VAL_MOD @ step 3425: 2 failures, 3290ms, outcome: REJECTED, exit: 101 [proof:GENERATED] G=memory
       r=0.183  T_new=0.00 F_new=0.78 F_rare=1.00 U=0 Q=0.43 Q_l=0.51 Q_g=0.85 dl=2 dg=1
       Value: 0x00000000 -> 0x9E872A1A
       Transaction: other_mem_write (WRITE) at address 0xffff0180
       zkVM errors (1 lines):
         • [prover_impl.rs:280] verify segment (internal proof verification failed)
       Local constraints hit (2 unique):
         - MemoryWrite@mem.zir:100
           cycle=20227, step=3425, pc=0x002035D8, major=1, minor=6
         - MemoryWrite@mem.zir:99
           cycle=20227, step=3425, pc=0x002035D8, major=1, minor=6
       Global: memory permutation violated
         0xFFFF0180 (data): wrote 0x9e872a1a, expected 0x00000000 (cycle 40455)
  [479] ✓ MEM_VAL_MOD @ step 3156: 4 failures, 3294ms, outcome: REJECTED, exit: 101 [proof:GENERATED] G=memory
       r=0.038  T_new=0.00 F_new=0.97 F_rare=1.00 U=0 Q=0.08 Q_l=0.26 Q_g=0.31 dl=4 dg=7
       Value: 0x002061EC -> 0x0220E12C
       Transaction: other_mem_read (READ) at address 0xffff0200
       zkVM errors (3 lines):
         • [prover_impl.rs:280] verify segment (internal proof verification failed)
         • [ffi.cpp:113] address mismatch at cycle 19959: preflight=0x0008187c, actual=0x0088384c
         • [kernels/cxx/buffers.h:43] SKIP THROW: Inconsistent set
       Local constraints hit (4 unique):
         - IsRead@mem.zir:79
           cycle=19958, step=3156, pc=0x002061F0, major=7, minor=3
         - IsRead@mem.zir:80
           cycle=19958, step=3156, pc=0x002061F0, major=7, minor=3
         - MemoryWrite@mem.zir:100
           cycle=19961, step=3159, pc=0x0020580C, major=2, minor=4
         - MemoryWrite@mem.zir:99
           cycle=19961, step=3159, pc=0x0020580C, major=2, minor=4
       Global: memory permutation violated
         0x0220E130 (data): expected write missing, needed 0x40e787b3 (cycle 17986)
         0x0220E134 (data): expected write missing, needed 0x04078263 (cycle 17986)
         0x0220E178 (data): expected write missing, needed 0x00008067 (cycle 18026)
         0xFFFF0200 (data): wrote 0x0220e12c, expected 0x002061ec (cycle 39916)
         0x002061F0 (code): unexpected write 0x40e787b3 (cycle 17986)
         0x002061F4 (code): unexpected write 0x04078263 (cycle 17986)
         0x00206238 (code): unexpected write 0x00008067 (cycle 18026)
  [480] ✓ MEM_VAL_MOD @ step 3846: 4 failures, 3302ms, outcome: REJECTED, exit: 101 [proof:GENERATED] G=memory
       r=0.053  T_new=0.00 F_new=0.39 F_rare=0.60 U=0 Q=0.22 Q_l=0.26 Q_g=0.85 dl=4 dg=1
       Value: 0x9E03290D -> 0x00000400
       Transaction: load_mem_read (READ) at address 0x002215e0
       zkVM errors (1 lines):
         • [prover_impl.rs:280] verify segment (internal proof verification failed)
       Local constraints hit (4 unique):
         - IsRead@mem.zir:79
           cycle=20796, step=3846, pc=0x00204D50, major=5, minor=2
         - IsRead@mem.zir:80
           cycle=20796, step=3846, pc=0x00204D50, major=5, minor=2
         - MemoryWrite@mem.zir:100
           cycle=20796, step=3846, pc=0x00204D50, major=5, minor=2
         - MemoryWrite@mem.zir:99
           cycle=20796, step=3846, pc=0x00204D50, major=5, minor=2
       Global: memory permutation violated
         0x002215E0 (code): wrote 0x00000400, expected 0x9e03290d (cycle 41592)
  [481] ✓ MEM_VAL_MOD @ step 3853: 2 failures, 3330ms, outcome: REJECTED, exit: 101 [proof:GENERATED] G=memory
       r=0.106  T_new=0.00 F_new=0.39 F_rare=0.63 U=0 Q=0.43 Q_l=0.51 Q_g=0.85 dl=2 dg=1
       Value: 0x00000000 -> 0xFFFFFFFF
       Transaction: store_rmw_read (READ) at address 0x002003a8
       zkVM errors (1 lines):
         • [prover_impl.rs:280] verify segment (internal proof verification failed)
       Local constraints hit (2 unique):
         - IsRead@mem.zir:79
           cycle=20803, step=3853, pc=0x00204D6C, major=6, minor=2
         - IsRead@mem.zir:80
           cycle=20803, step=3853, pc=0x00204D6C, major=6, minor=2
       Global: memory permutation violated
         0x002003A8 (data): wrote 0xffffffff, expected 0x00000000 (cycle 41606)
  [482] ✓ MEM_VAL_MOD @ step 367: 1 failures, 3320ms, outcome: REJECTED, exit: 101 [proof:GENERATED] G=memory
       r=0.235  T_new=0.00 F_new=0.63 F_rare=1.00 U=0 Q=0.61 Q_l=0.72 Q_g=0.85 dl=1 dg=1
       Value: 0x00000400 -> 0x00400400
       Transaction: other_mem_read (READ) at address 0xffff004c
       zkVM errors (1 lines):
         • [prover_impl.rs:280] verify segment (internal proof verification failed)
       Local constraints hit (1 unique):
         - IsRead@mem.zir:80
           cycle=16952, step=367, pc=0xC000014C, major=2, minor=1
       Global: memory permutation violated
         0xFFFF004C (data): wrote 0x00400400, expected 0x00000400 (cycle 33904)
  [483] ✓ MEM_VAL_MOD @ step 3929: 0 failures, 3283ms, outcome: REJECTED, exit: 101 [proof:GENERATED] G=memory[GO]
       r=0.280  T_new=0.00 F_new=0.39 F_rare=1.00 U=0 Q=0.85 Q_l=1.00 Q_g=0.85 dl=0 dg=1
       Value: 0x00000000 -> 0x10000108
       Transaction: other_mem_read (READ) at address 0x002213c8
       zkVM errors (2 lines):
         • [prover_impl.rs:280] verify segment (internal proof verification failed)
         • [kernels/cxx/buffers.h:43] SKIP THROW: Inconsistent set
       Global: memory permutation violated [GLOBAL-ONLY]
         0x002213C8 (code): wrote 0x10000108, expected 0x00000000 (cycle 44302)
  [484] ✓ MEM_VAL_MOD @ step 1000: 1 failures, 3285ms, outcome: REJECTED, exit: 101 [proof:GENERATED] G=memory
       r=0.161  T_new=0.00 F_new=0.39 F_rare=0.72 U=0 Q=0.61 Q_l=0.72 Q_g=0.85 dl=1 dg=1
       Value: 0x00000000 -> 0x00007FFF
       Transaction: other_mem_write (WRITE) at address 0xffff0180
       zkVM errors (1 lines):
         • [prover_impl.rs:280] verify segment (internal proof verification failed)
       Local constraints hit (1 unique):
         - MemoryWrite@mem.zir:99
           cycle=17639, step=1000, pc=0x002061A4, major=2, minor=2
       Global: memory permutation violated
         0xFFFF0180 (data): wrote 0x00007fff, expected 0x00000000 (cycle 35279)
  [485] ✓ MEM_VAL_MOD @ step 368: 0 failures, 3304ms, outcome: REJECTED, exit: 101 [proof:GENERATED] G=memory[GO]
       r=0.280  T_new=0.00 F_new=0.39 F_rare=1.00 U=0 Q=0.85 Q_l=1.00 Q_g=0.85 dl=0 dg=1
       Value: 0x00000000 -> 0x06200628
       Transaction: other_mem_write (WRITE) at address 0xffff0108
       zkVM errors (1 lines):
         • [prover_impl.rs:280] verify segment (internal proof verification failed)
       Global: memory permutation violated [GLOBAL-ONLY]
         0xFFFF0108 (data): wrote 0x06200628, expected 0x00000000 (cycle 33911)
  [486] ✓ MEM_VAL_MOD @ step 0: 10 failures, 3275ms, outcome: REJECTED, exit: 101 [proof:GENERATED] G=memory
       r=0.075  T_new=0.00 F_new=0.39 F_rare=0.62 U=0 Q=0.31 Q_l=0.37 Q_g=0.85 dl=3 dg=1
       Value: 0x00B12823 -> 0x01F24C6F
       Transaction: other_mem_read (READ) at address 0x00204b34
       zkVM errors (2 lines):
         • [prover_impl.rs:280] verify segment (internal proof verification failed)
         • [kernels/cxx/buffers.h:43] SKIP THROW: Inconsistent set
       Local constraints hit (3 unique):
         - IsRead@mem.zir:79
           cycle=7161, step=0, pc=0x00000000, major=9, minor=2
         - IsRead@mem.zir:80
           cycle=7161, step=0, pc=0x00000000, major=9, minor=2
         - PoseidonCheckOut@inst_p2.zir:265 (x8)
           cycle=7231, step=0, pc=0x00000000, major=9, minor=5
       Global: memory permutation violated
         0x00204B34 (code): wrote 0x01f24c6f, expected 0x00b12823 (cycle 14322)
  [487] ✓ PRE_EXEC_REG_MOD @ step 1407: 3 failures, 3317ms, outcome: REJECTED, exit: 101 [proof:GENERATED] G=memory
       r=0.033  T_new=0.00 F_new=1.00 F_rare=1.00 U=0 Q=0.07 Q_l=0.37 Q_g=0.19 dl=3 dg=10
       Value: 0x0000006E -> 0x00020000
       Register: x13 (a3), READ, strategy=next_read
       zkVM errors (3 lines):
         • [prover_impl.rs:280] verify segment (internal proof verification failed)
         • [ffi.cpp:113] address mismatch at cycle 18052: preflight=0x00086132, actual=0x00086138
         • [kernels/cxx/buffers.h:43] SKIP THROW: Inconsistent set
       Local constraints hit (3 unique):
         - IsRead@mem.zir:79
           cycle=18051, step=1407, pc=0x002184C8, major=1, minor=6
         - IsRead@mem.zir:80
           cycle=18051, step=1407, pc=0x002184C8, major=1, minor=6
         - MemoryWrite@mem.zir:99
           cycle=18211, step=1567, pc=0x00202C04, major=2, minor=4
       Global: memory permutation violated (16 addrs: 1 register, 15 code)
         x13/a3: wrote 0x00020000, expected 0x0000006e (cycle 36102)
         + 15 code addresses diverged (instruction fetch cascade)
  [488] ✓ PRE_EXEC_REG_MOD @ step 3397: 4 failures, 3276ms, outcome: REJECTED, exit: 101 [proof:GENERATED] G=memory
       r=0.067  T_new=0.00 F_new=0.78 F_rare=1.00 U=0 Q=0.16 Q_l=0.26 Q_g=0.61 dl=4 dg=3
       Value: 0x0020029C -> 0x436C8B5F
       Register: x14 (a4), READ, strategy=next_read
       zkVM errors (3 lines):
         • [prover_impl.rs:280] verify segment (internal proof verification failed)
         • [ffi.cpp:113] address mismatch at cycle 20199: preflight=0x000800a8, actual=0x10db22d8
         • [kernels/cxx/ffi.cpp:208] SKIP THROW: memory peek not in preflight
       Local constraints hit (4 unique):
         - IsRead@mem.zir:79
           cycle=20199, step=3397, pc=0x00203420, major=5, minor=2
         - IsRead@mem.zir:80
           cycle=20199, step=3397, pc=0x00203420, major=5, minor=2
         - OpLW@inst_mem.zir:108
           cycle=20199, step=3397, pc=0x00203420, major=5, minor=2
         - OpLW@inst_mem.zir:109
           cycle=20199, step=3397, pc=0x00203420, major=5, minor=2
       Global: memory permutation violated
         0x002002A0 (data): unexpected write 0x00000000 (cycle 39109)
         0x436C8B60 (data): expected write missing, needed 0x00000000 (cycle 39109)
         x14/a4: wrote 0x436c8b5f, expected 0x0020029c (cycle 40398)
  [489] ✓ PRE_EXEC_REG_MOD @ step 3574: 4 failures, 3283ms, outcome: REJECTED, exit: 101 [proof:GENERATED] G=memory
       r=0.054  T_new=0.00 F_new=0.39 F_rare=0.62 U=0 Q=0.22 Q_l=0.26 Q_g=0.85 dl=4 dg=1
       Value: 0x002215D0 -> 0x00330530
       Register: x8 (s0), READ, strategy=next_read
       zkVM errors (1 lines):
         • [prover_impl.rs:280] verify segment (internal proof verification failed)
       Local constraints hit (4 unique):
         - IsRead@mem.zir:79
           cycle=20450, step=3574, pc=0x0020561C, major=6, minor=2
         - IsRead@mem.zir:80
           cycle=20450, step=3574, pc=0x0020561C, major=6, minor=2
         - MemoryWrite@mem.zir:100
           cycle=20450, step=3574, pc=0x0020561C, major=6, minor=2
         - MemoryWrite@mem.zir:99
           cycle=20450, step=3574, pc=0x0020561C, major=6, minor=2
       Global: memory permutation violated
         x8/s0: wrote 0x00330530, expected 0x002215d0 (cycle 40900)
  [490] ✓ PRE_EXEC_REG_MOD @ step 2552: 3 failures, 3280ms, outcome: REJECTED, exit: 101 [proof:GENERATED] G=memory
       r=0.079  T_new=0.00 F_new=0.39 F_rare=0.67 U=0 Q=0.31 Q_l=0.37 Q_g=0.85 dl=3 dg=1
       Value: 0x000000DF -> 0xFFFFFF20
       Register: x13 (a3), READ, strategy=next_read
       zkVM errors (1 lines):
         • [prover_impl.rs:280] verify segment (internal proof verification failed)
       Local constraints hit (3 unique):
         - IsRead@mem.zir:79
           cycle=19280, step=2552, pc=0x002014CC, major=3, minor=1
         - IsRead@mem.zir:80
           cycle=19280, step=2552, pc=0x002014CC, major=3, minor=1
         - MemoryWrite@mem.zir:100
           cycle=19280, step=2552, pc=0x002014CC, major=3, minor=1
       Global: memory permutation violated
         x13/a3: wrote 0xffffff20, expected 0x000000df (cycle 38560)
  [491] ✓ PRE_EXEC_REG_MOD @ step 3766: 1 failures, 3360ms, outcome: REJECTED, exit: 101 [proof:GENERATED] G=memory
       r=0.152  T_new=0.00 F_new=0.39 F_rare=0.66 U=0 Q=0.61 Q_l=0.72 Q_g=0.85 dl=1 dg=1
       Value: 0x00000000 -> 0x000000FF
       Register: x4 (tp), READ, strategy=next_read
       zkVM errors (1 lines):
         • [prover_impl.rs:280] verify segment (internal proof verification failed)
       Local constraints hit (1 unique):
         - IsRead@mem.zir:79
           cycle=20642, step=3766, pc=0x002057F8, major=4, minor=2
       Global: memory permutation violated
         x4/tp: wrote 0x000000ff, expected 0x00000000 (cycle 41284)
  [492] ✓ PRE_EXEC_REG_MOD @ step 519: 4 failures, 3293ms, outcome: REJECTED, exit: 101 [proof:GENERATED] G=memory
       r=0.053  T_new=0.00 F_new=0.39 F_rare=0.60 U=0 Q=0.22 Q_l=0.26 Q_g=0.85 dl=4 dg=1
       Value: 0x0021A0C8 -> 0xDC9CBC20
       Register: x12 (a2), READ, strategy=next_read
       zkVM errors (1 lines):
         • [prover_impl.rs:280] verify segment (internal proof verification failed)
       Local constraints hit (4 unique):
         - IsRead@mem.zir:79
           cycle=17116, step=519, pc=0xC000013C, major=5, minor=2
         - IsRead@mem.zir:80
           cycle=17116, step=519, pc=0xC000013C, major=5, minor=2
         - MemoryWrite@mem.zir:100
           cycle=17116, step=519, pc=0xC000013C, major=5, minor=2
         - MemoryWrite@mem.zir:99
           cycle=17116, step=519, pc=0xC000013C, major=5, minor=2
       Global: memory permutation violated
         x12/a2: wrote 0xdc9cbc20, expected 0x0021a0c8 (cycle 34232)
  [493] ✓ PRE_EXEC_REG_MOD @ step 687: 3 failures, 3313ms, outcome: REJECTED, exit: 101 [proof:GENERATED] G=memory
       r=0.033  T_new=0.00 F_new=0.99 F_rare=1.00 U=0 Q=0.07 Q_l=0.37 Q_g=0.19 dl=3 dg=10
       Value: 0x00000004 -> 0xDB77AAAC
       Register: x14 (a4), READ, strategy=next_read
       zkVM errors (3 lines):
         • [prover_impl.rs:280] verify segment (internal proof verification failed)
         • [ffi.cpp:113] address mismatch at cycle 17303: preflight=0x00081869, actual=0x0008185f
         • [kernels/cxx/buffers.h:43] SKIP THROW: Inconsistent set
       Local constraints hit (3 unique):
         - IsRead@mem.zir:79
           cycle=17302, step=687, pc=0x002061A4, major=2, minor=2
         - IsRead@mem.zir:80
           cycle=17302, step=687, pc=0x002061A4, major=2, minor=2
         - MemoryWrite@mem.zir:99
           cycle=17310, step=695, pc=0x002031B8, major=2, minor=4
       Global: memory permutation violated (17 addrs: 1 register, 16 code)
         x14/a4: wrote 0xdb77aaac, expected 0x00000004 (cycle 34604)
         + 16 code addresses diverged (instruction fetch cascade)
  [494] ✓ PRE_EXEC_REG_MOD @ step 0: 9 failures, 3337ms, outcome: REJECTED, exit: 101 [proof:GENERATED] G=memory
       r=0.105  T_new=0.00 F_new=0.39 F_rare=0.62 U=0 Q=0.43 Q_l=0.51 Q_g=0.85 dl=2 dg=1
       Value: 0x00000000 -> 0x00010000
       Register: x24 (s8), READ, strategy=next_read
       zkVM errors (2 lines):
         • [prover_impl.rs:280] verify segment (internal proof verification failed)
         • [kernels/cxx/buffers.h:43] SKIP THROW: Inconsistent set
       Local constraints hit (2 unique):
         - IsRead@mem.zir:80
           cycle=15997, step=0, pc=0x00000000, major=9, minor=2
         - PoseidonCheckOut@inst_p2.zir:265 (x8)
           cycle=16247, step=0, pc=0x00000000, major=9, minor=5
       Global: memory permutation violated
         x24/s8: wrote 0x00010000, expected 0x00000000 (cycle 31994)
  [495] ✓ STORE_OUT_MOD @ step 1686: 1 failures, 3323ms, outcome: REJECTED, exit: 101 [proof:GENERATED] G=memory
       r=0.144  T_new=0.00 F_new=0.39 F_rare=0.60 U=0 Q=0.61 Q_l=0.72 Q_g=0.85 dl=1 dg=1
       Value: 0x00000000 -> 0x00008000
       Store address: 0x00200070
       zkVM errors (1 lines):
         • [prover_impl.rs:280] verify segment (internal proof verification failed)
       Local constraints hit (1 unique):
         - MemoryWrite@mem.zir:99
           cycle=18330, step=1686, pc=0x00205F6C, major=6, minor=2
       Global: memory permutation violated
         0x00200070 (data): wrote 0x00008000, expected 0x00000000 (cycle 36661)
  [496] ✓ STORE_OUT_MOD @ step 3913: 2 failures, 3276ms, outcome: REJECTED, exit: 101 [proof:GENERATED] G=memory
       r=0.103  T_new=0.00 F_new=0.39 F_rare=0.60 U=0 Q=0.43 Q_l=0.51 Q_g=0.85 dl=2 dg=1
       Value: 0x9E03290D -> 0x7128C6F2
       Store address: 0xffff0250
       zkVM errors (1 lines):
         • [prover_impl.rs:280] verify segment (internal proof verification failed)
       Local constraints hit (2 unique):
         - MemoryWrite@mem.zir:100
           cycle=20863, step=3913, pc=0xC00000BC, major=6, minor=2
         - MemoryWrite@mem.zir:99
           cycle=20863, step=3913, pc=0xC00000BC, major=6, minor=2
       Global: memory permutation violated
         0xFFFF0250 (data): wrote 0x7128c6f2, expected 0x9e03290d (cycle 41727)
  [497] ✓ INSTR_TYPE_MOD @ step 1001: 3 failures, 3318ms, outcome: REJECTED, exit: 101 [proof:GENERATED] G=memory
       r=0.102  T_new=0.00 F_new=0.63 F_rare=1.00 U=0 Q=0.26 Q_l=0.37 Q_g=0.72 dl=3 dg=2
       Value: 0x00040002 -> 0x00010005
       Original: SrlI [major=4, minor=2]
       Mutated:  Beq [major=1, minor=5]
       zkVM errors (3 lines):
         • [prover_impl.rs:280] verify segment (internal proof verification failed)
         • [ffi.cpp:113] address mismatch at cycle 17640: preflight=0x3fffc02b, actual=0x3fffc060
         • [kernels/cxx/ffi.cpp:208] SKIP THROW: memory peek not in preflight
       Local constraints hit (3 unique):
         - MemoryWrite@mem.zir:99
           cycle=17640, step=1001, pc=0x002061A8, major=1, minor=5
         - VerifyOpcodeF3@inst.zir:96
           cycle=17640, step=1001, pc=0x002061A8, major=1, minor=5
         - VerifyOpcodeF3@inst.zir:97
           cycle=17640, step=1001, pc=0x002061A8, major=1, minor=5
       Global: memory permutation violated
         x11/a1: unexpected write 0x00000000 (cycle 35273)
         0xFFFF0180 (data): expected write missing, needed 0x00000000 (cycle 35273)
  [498] ✓ INSTR_TYPE_MOD @ step 0: 5 failures, 3340ms, outcome: REJECTED, exit: 101 [proof:GENERATED] [+3 touch] G=memory|cycle
       r=0.047  T_new=0.08 F_new=0.63 F_rare=1.00 U=0 Q=0.11 Q_l=0.19 Q_g=0.61 dl=5 dg=3
       Value: 0x00020006 -> 0x00010004
       Original: Auipc [major=2, minor=6]
       Mutated:  SltIU [major=1, minor=4]
       zkVM errors (3 lines):
         • [prover_impl.rs:280] verify segment (internal proof verification failed)
         • [ffi.cpp:113] address mismatch at cycle 0: preflight=0x44000000, actual=0x00000000
         • [kernels/cxx/ffi.cpp:208] SKIP THROW: memory peek not in preflight
       Local constraints hit (5 unique):
         - AddrDecompose@u32.zir:67
           cycle=0, step=0, pc=0x00000000, major=1, minor=4
         - ControlLoadRootAndNonce@inst_control.zir:23
           cycle=1, step=0, pc=0x00000000, major=7, minor=0
         - MiscInput@inst_misc.zir:7
           cycle=0, step=0, pc=0x00000000, major=1, minor=4
         - VerifyOpcodeF3@inst.zir:96
           cycle=0, step=0, pc=0x00000000, major=1, minor=4
         - VerifyOpcodeF3@inst.zir:97
           cycle=0, step=0, pc=0x00000000, major=1, minor=4
       Global: memory permutation violated
         0xFFFF0100 (data): expected write missing, needed 0x00000000 (cycle 0)
       Global: cycle lookup violated (2 indices broken)
         index 0: 2256 provides, 1 uses (imbalanced)
         index 2013265920: orphan provide (2 entries, no matching use)
  [499] ✓ INSTR_TYPE_MOD @ step 0: 5 failures, 3343ms, outcome: REJECTED, exit: 101 [proof:GENERATED] G=memory|cycle
       r=0.016  T_new=0.00 F_new=0.00 F_rare=0.58 U=0 Q=0.11 Q_l=0.19 Q_g=0.61 dl=5 dg=3
       Value: 0x00020006 -> 0x00020004
       Original: Auipc [major=2, minor=6]
       Mutated:  JalR [major=2, minor=4]
       zkVM errors (3 lines):
         • [prover_impl.rs:280] verify segment (internal proof verification failed)
         • [ffi.cpp:113] address mismatch at cycle 0: preflight=0x44000000, actual=0x00000000
         • [kernels/cxx/ffi.cpp:208] SKIP THROW: memory peek not in preflight
       Local constraints hit (5 unique):
         - AddrDecompose@u32.zir:67
           cycle=0, step=0, pc=0x00000000, major=2, minor=4
         - ControlLoadRootAndNonce@inst_control.zir:23
           cycle=1, step=0, pc=0x00000000, major=7, minor=0
         - MemoryWrite@mem.zir:99
           cycle=0, step=0, pc=0x00000000, major=2, minor=4
         - MiscInput@inst_misc.zir:7
           cycle=0, step=0, pc=0x00000000, major=2, minor=4
         - VerifyOpcodeF3@inst.zir:96
           cycle=0, step=0, pc=0x00000000, major=2, minor=4
       Global: memory permutation violated
         0xFFFF0100 (data): expected write missing, needed 0x00000000 (cycle 0)
       Global: cycle lookup violated (2 indices broken)
         index 0: 2256 provides, 1 uses (imbalanced)
         index 2013265920: orphan provide (2 entries, no matching use)
  [500] ✓ INSTR_TYPE_MOD @ step 764: 4 failures, 3310ms, outcome: REJECTED, exit: 101 [proof:GENERATED] G=memory
       r=0.024  T_new=0.00 F_new=1.00 F_rare=1.00 U=0 Q=0.05 Q_l=0.26 Q_g=0.19 dl=4 dg=10
       Value: 0x00020002 -> 0x00000002
       Original: BgeU [major=2, minor=2]
       Mutated:  Xor [major=0, minor=2]
       zkVM errors (3 lines):
         • [prover_impl.rs:280] verify segment (internal proof verification failed)
         • [ffi.cpp:113] address mismatch at cycle 17385: preflight=0x3fffc060, actual=0x3fffc02c
         • [kernels/cxx/ffi.cpp:208] SKIP THROW: memory peek not in preflight
       Local constraints hit (4 unique):
         - MemoryWrite@mem.zir:99
           cycle=17393, step=772, pc=0x002031B8, major=2, minor=4
         - VerifyOpcodeF3F7@inst.zir:102
           cycle=17385, step=764, pc=0x002061A4, major=0, minor=2
         - VerifyOpcodeF3F7@inst.zir:103
           cycle=17385, step=764, pc=0x002061A4, major=0, minor=2
         - VerifyOpcodeF3F7@inst.zir:104
           cycle=17385, step=764, pc=0x002061A4, major=0, minor=2
       Global: memory permutation violated (18 addrs: 1 register, 16 code, 1 data)
         x12/a2: expected write missing, needed 0x00000000 (cycle 34719)
         0xFFFF0180 (data): unexpected write 0x00000000 (cycle 34719)
         + 16 code addresses diverged (instruction fetch cascade)

============================================================
Campaign Summary
============================================================
Total mutations:     500
Successful (caused failures): 498
Skipped (no valid target):    0
Total failures:      1462
Unique constraints:  34
New coverage:        34
New touch:           2393
Distinct touched:    2393

Global Constraint Summary:
  Mutations with global violations: 463
  Global-only (no local failures):  81
  Local-only (no global violations):37
Execution time:      1684996ms

Outcome breakdown:
  REJECTED (mutation detected): 498
  CRASH (segfault, etc.):       2
  NO_EFFECT:                    0
  ACCEPTED (BUG!):              0 
  SKIPPED:                      0

Mutations by kind:
  COMP_OUT_MOD: 41
  INSTR_TYPE_MOD: 103
  INSTR_WORD_MOD_FULL: 70
  INSTR_WORD_MOD_SUR: 70
  LOAD_VAL_MOD: 20
  MEM_VAL_MOD: 95
  PRE_EXEC_REG_MOD: 81
  STORE_OUT_MOD: 20
[run_campaign_pos] campaign rc=0
[run_campaign_pos] EXIT trap firing, rc=0
