[run_campaign_pos] node=opulous  run_id=pos_audit_b1_kindUCB_zoned_v2_noQ_seed999_n200
[run_campaign_pos] params: strat=kindUCB_zoned_v2_noQ seed=999 num=200 b_count=16
[run_campaign_pos] host_args: --in1 5 --in4 10
[run_campaign_pos] WORK=/root/a4_campaign REPO=/root/a4_campaign/repo HOST=/root/a4_campaign/bin/risc0-host
[run_campaign_pos] expected host sha: 6873e5887dd98a84885ebe0dfb88ae2b05b113810b76ca586d9a7a19805cc444
[run_campaign_pos] actual   host sha: 6873e5887dd98a84885ebe0dfb88ae2b05b113810b76ca586d9a7a19805cc444
[run_campaign_pos] python: /usr/bin/python3 (Python 3.13.5)
[run_campaign_pos] mapping strategy 'kindUCB_zoned_v2_noQ' -> selector 'kindUCB_zoned_v2_noQ'
[run_campaign_pos] command: /usr/bin/python3 -m a4.standalone.cli fuzz --host /root/a4_campaign/bin/risc0-host --selector kindUCB_zoned_v2_noQ --num 200 --seed 999 --db /root/results_pos_audit_b1_kindUCB_zoned_v2_noQ_seed999_n200/pos_audit_b1_kindUCB_zoned_v2_noQ_seed999_n200.db --telemetry-level full -- --in1 5 --in4 10
A4 Standalone Fuzzer
============================================================
Running inspection on /root/a4_campaign/bin/risc0-host...
  Args: --in1 5 --in4 10
Inspection Data Summary:
  Total cycles: 32768
  Total steps: 3930
  Total transactions: 34724
    - Register transactions: 8780
    - Memory transactions: 25944
  Cycles by major category:
    MISC0: 1386
    MISC1: 442
    MISC2: 664
    MUL0: 100
    DIV0: 23
    MEM0 (load): 680
    MEM1 (store): 596
    CONTROL0: 9641
    ECALL0: 87
    POSEIDON0: 2486
    POSEIDON1: 16371
    SHA0: 292

Starting campaign 1
  Mutations: 200
  Kind: all
  Seed: 999


--- V2 BANDIT SETUP (kindUCB_zoned_v2_noQ) ---
  Baseline: 1599 bitmap buckets
--- V2 BANDIT READY (8 arms, budget 200) ---

  [1] ✓ LOAD_VAL_MOD @ step 935: 2 failures, 2851ms, outcome: REJECTED, exit: 101 [proof:GENERATED] [+2 new] [+1599 touch] G=memory
       r=0.200  T_new=0.00 F_new=0.78 F_rare=1.00 U=0 Q=0.43 Q_l=0.51 Q_g=0.85 dl=2 dg=1
       Value: 0x00000001 -> 0x80000000
       Load destination: rd = x8 (s0/fp)
       zkVM errors (1 lines):
         • [prover_impl.rs:280] verify segment (internal proof verification failed)
       Local constraints hit (2 unique):
         - MemoryWrite@mem.zir:100
           cycle=17568, step=935, pc=0x002031F0, major=5, minor=2
         - MemoryWrite@mem.zir:99
           cycle=17568, step=935, pc=0x002031F0, major=5, minor=2
       Global: memory permutation violated
         x8/s0: wrote 0x80000000, expected 0x00000001 (cycle 35137)
  [2] ✓ INSTR_WORD_MOD_SUR @ step 260: 1 failures, 2843ms, outcome: REJECTED, exit: 101 [proof:GENERATED] [+1 new] G=memory
       r=0.254  T_new=0.00 F_new=0.63 F_rare=1.00 U=0 Q=0.61 Q_l=0.72 Q_g=0.85 dl=1 dg=1
       Value: 0x00261313 -> 0x0026137D
       Surgical: opcode = 19 -> 125
       Original: SLLI x6, x12, 2
       Mutated:  UNKNOWN 0x0026137d
       zkVM errors (1 lines):
         • [prover_impl.rs:280] verify segment (internal proof verification failed)
       Local constraints hit (1 unique):
         - VerifyOpcodeF3F7@inst.zir:102
           cycle=16839, step=260, pc=0x00206134, major=3, minor=1
       Global: memory permutation violated
         0x00206130 (code): wrote 0x00261313, expected 0x0026137d (cycle 17866)
  [3] ✓ MEM_VAL_MOD @ step 2191: 4 failures, 2849ms, outcome: REJECTED, exit: 101 [proof:GENERATED] [+2 new] G=memory
       r=0.100  T_new=0.00 F_new=0.78 F_rare=1.00 U=0 Q=0.22 Q_l=0.26 Q_g=0.85 dl=4 dg=1
       Value: 0x00221488 -> 0x7D9510A7
       Transaction: load_mem_read (READ) at address 0x002001d4
       zkVM errors (1 lines):
         • [prover_impl.rs:280] verify segment (internal proof verification failed)
       Local constraints hit (4 unique):
         - IsRead@mem.zir:79
           cycle=18845, step=2191, pc=0x00206884, major=5, minor=2
         - IsRead@mem.zir:80
           cycle=18845, step=2191, pc=0x00206884, major=5, minor=2
         - MemoryWrite@mem.zir:100
           cycle=18845, step=2191, pc=0x00206884, major=5, minor=2
         - MemoryWrite@mem.zir:99
           cycle=18845, step=2191, pc=0x00206884, major=5, minor=2
       Global: memory permutation violated
         0x002001D4 (data): wrote 0x7d9510a7, expected 0x00221488 (cycle 37690)
  [4] ✓ INSTR_WORD_MOD_FULL @ step 3929: 2 failures, 2881ms, outcome: REJECTED, exit: 101 [proof:GENERATED] [+2 new] G=memory
       r=0.193  T_new=0.00 F_new=0.78 F_rare=1.00 U=0 Q=0.43 Q_l=0.51 Q_g=0.85 dl=2 dg=1
       Value: 0x00000073 -> 0x1DD6D7EF
       Original: ECALL x0, x0, 0
       Mutated:  JAL x15, 448988
       Format changed: I -> J
       zkVM errors (1 lines):
         • [prover_impl.rs:280] verify segment (internal proof verification failed)
       Local constraints hit (2 unique):
         - MachineECall@inst_ecall.zir:28
           cycle=20879, step=3929, pc=0xC00000F8, major=8, minor=0
         - MachineECall@inst_ecall.zir:29
           cycle=20879, step=3929, pc=0xC00000F8, major=8, minor=0
       Global: memory permutation violated
         0xC00000F8 (data): wrote 0x00000073, expected 0x1dd6d7ef (cycle 30062)
  [5] ✓ INSTR_TYPE_MOD @ step 2781: 4 failures, 2903ms, outcome: REJECTED, exit: 101 [proof:GENERATED] [+2 new] G=memory|cycle
       r=0.056  T_new=0.00 F_new=0.99 F_rare=1.00 U=0 Q=0.11 Q_l=0.26 Q_g=0.43 dl=4 dg=5
       Value: 0x00060002 -> 0x00040002
       Original: Sw [major=6, minor=2]
       Mutated:  SrlI [major=4, minor=2]
       zkVM errors (3 lines):
         • [prover_impl.rs:280] verify segment (internal proof verification failed)
         • [ffi.cpp:113] address mismatch at cycle 19509: preflight=0x00080096, actual=0x3fffc028
         • [kernels/cxx/ffi.cpp:208] SKIP THROW: memory peek not in preflight
       Local constraints hit (4 unique):
         - MemoryWrite@mem.zir:99
           cycle=19509, step=2781, pc=0x0020382C, major=4, minor=2
         - VerifyOpcodeF3F7@inst.zir:102
           cycle=19509, step=2781, pc=0x0020382C, major=4, minor=2
         - VerifyOpcodeF3F7@inst.zir:103
           cycle=19509, step=2781, pc=0x0020382C, major=4, minor=2
         - VerifyOpcodeF3F7@inst.zir:104
           cycle=19509, step=2781, pc=0x0020382C, major=4, minor=2
       Global: memory permutation violated
         0x00200258 (data): unexpected write 0x00000000 (cycle 4522)
         x8/s0: expected write missing, needed 0x00000000 (cycle 4522)
       Global: cycle lookup violated (3 indices broken)
         index 0: 2254 provides, 1 uses (imbalanced)
         index 34495: orphan use (1 entries, no matching provide)
         index 34496: 1 provides, 1 uses (imbalanced)
  [6] ✓ STORE_OUT_MOD @ step 3271: 1 failures, 2882ms, outcome: REJECTED, exit: 101 [proof:GENERATED] G=memory
       r=0.246  T_new=0.00 F_new=0.63 F_rare=1.00 U=0 Q=0.61 Q_l=0.72 Q_g=0.85 dl=1 dg=1
       Value: 0xB3FEEA77 -> 0xB3FFEA77
       Store address: 0x0022156c
       zkVM errors (1 lines):
         • [prover_impl.rs:280] verify segment (internal proof verification failed)
       Local constraints hit (1 unique):
         - MemoryWrite@mem.zir:100
           cycle=20073, step=3271, pc=0x0020342C, major=6, minor=2
       Global: memory permutation violated
         0x0022156C (code): wrote 0xb3ffea77, expected 0xb3feea77 (cycle 40147)
  [7] ✓ COMP_OUT_MOD @ step 2892: 2 failures, 2859ms, outcome: REJECTED, exit: 101 [proof:GENERATED] G=memory
       r=0.191  T_new=0.00 F_new=0.78 F_rare=1.00 U=0 Q=0.43 Q_l=0.51 Q_g=0.85 dl=2 dg=1
       Value: 0x00201388 -> 0x7FFEEEF3
       Destination: rd = x1 (ra)
       zkVM errors (1 lines):
         • [prover_impl.rs:280] verify segment (internal proof verification failed)
       Local constraints hit (2 unique):
         - MemoryWrite@mem.zir:100
           cycle=19620, step=2892, pc=0x0020538C, major=2, minor=6
         - MemoryWrite@mem.zir:99
           cycle=19620, step=2892, pc=0x0020538C, major=2, minor=6
       Global: memory permutation violated
         x1/ra: wrote 0x7ffeeef3, expected 0x00201388 (cycle 39241)
  [8] ✓ PRE_EXEC_REG_MOD @ step 2811: 4 failures, 2834ms, outcome: REJECTED, exit: 101 [proof:GENERATED] G=memory
       r=0.102  T_new=0.00 F_new=0.86 F_rare=1.00 U=0 Q=0.22 Q_l=0.26 Q_g=0.85 dl=4 dg=1
       Value: 0x17E32F5A -> 0xE89CD0A5
       Register: x12 (a2), READ, strategy=next_read
       zkVM errors (1 lines):
         • [prover_impl.rs:280] verify segment (internal proof verification failed)
       Local constraints hit (4 unique):
         - IsRead@mem.zir:79
           cycle=19539, step=2811, pc=0x00203B5C, major=6, minor=2
         - IsRead@mem.zir:80
           cycle=19539, step=2811, pc=0x00203B5C, major=6, minor=2
         - MemoryWrite@mem.zir:100
           cycle=19539, step=2811, pc=0x00203B5C, major=6, minor=2
         - MemoryWrite@mem.zir:99
           cycle=19539, step=2811, pc=0x00203B5C, major=6, minor=2
       Global: memory permutation violated
         x12/a2: wrote 0xe89cd0a5, expected 0x17e32f5a (cycle 39078)
  [9] ✓ INSTR_TYPE_MOD @ step 3928: 3 failures, 2817ms, outcome: REJECTED, exit: 101 [proof:GENERATED] [+45 touch]
       r=0.238  T_new=0.72 F_new=0.78 F_rare=1.00 U=0 Q=0.37 Q_l=0.37 Q_g=1.00 dl=3 dg=0
       Value: 0x00000007 -> 0x00030004
       Original: AddI [major=0, minor=7]
       Mutated:  MulHSU [major=3, minor=4]
       zkVM errors (1 lines):
         • [prover_impl.rs:280] verify segment (internal proof verification failed)
       Local constraints hit (3 unique):
         - VerifyOpcodeF3F7@inst.zir:102
           cycle=20878, step=3928, pc=0xC00000F8, major=3, minor=4
         - VerifyOpcodeF3F7@inst.zir:103
           cycle=20878, step=3928, pc=0xC00000F8, major=3, minor=4
         - VerifyOpcodeF3F7@inst.zir:104
           cycle=20878, step=3928, pc=0xC00000F8, major=3, minor=4
       Global: no permutation/lookup violations (local-only)
  [10] ✓ LOAD_VAL_MOD @ step 2524: 2 failures, 2870ms, outcome: REJECTED, exit: 101 [proof:GENERATED] G=memory
       r=0.189  T_new=0.00 F_new=0.78 F_rare=1.00 U=0 Q=0.43 Q_l=0.51 Q_g=0.85 dl=2 dg=1
       Value: 0x000000D9 -> 0x3020F69D
       Load destination: rd = x11 (a1)
       zkVM errors (1 lines):
         • [prover_impl.rs:280] verify segment (internal proof verification failed)
       Local constraints hit (2 unique):
         - MemoryWrite@mem.zir:100
           cycle=19252, step=2524, pc=0x0020145C, major=5, minor=3
         - MemoryWrite@mem.zir:99
           cycle=19252, step=2524, pc=0x0020145C, major=5, minor=3
       Global: memory permutation violated
         x11/a1: wrote 0x3020f69d, expected 0x000000d9 (cycle 38505)
  [11] ✓ INSTR_WORD_MOD_FULL @ step 834: 0 failures, 2866ms, outcome: REJECTED, exit: 101 [proof:GENERATED] G=memory[GO]
       r=0.264  T_new=0.00 F_new=0.78 F_rare=1.00 U=0 Q=0.61 Q_l=1.00 Q_g=0.61 dl=0 dg=3
       Value: 0x02C22603 -> 0x00C22603
       Original: LW x12, 44(x4)
       Mutated:  LW x12, 12(x4)
       zkVM errors (3 lines):
         • [prover_impl.rs:280] verify segment (internal proof verification failed)
         • [ffi.cpp:113] address mismatch at cycle 17455: preflight=0x3fffc02b, actual=0x3fffc023
         • [kernels/cxx/ffi.cpp:208] SKIP THROW: memory peek not in preflight
       Global: memory permutation violated [GLOBAL-ONLY]
         0xC0000140 (data): wrote 0x02c22603, expected 0x00c22603 (cycle 34742)
         x3/gp: expected write missing, needed 0x00000001 (cycle 34885)
         x11/a1: unexpected write 0x00000001 (cycle 34885)
  [12] ✓ PRE_EXEC_REG_MOD @ step 0: 9 failures, 2909ms, outcome: REJECTED, exit: 101 [proof:GENERATED] [+1 new] G=memory
       r=0.189  T_new=0.00 F_new=0.78 F_rare=1.00 U=0 Q=0.43 Q_l=0.51 Q_g=0.85 dl=2 dg=1
       Value: 0x00000000 -> 0x80000000
       Register: x3 (gp), READ, strategy=next_read
       zkVM errors (2 lines):
         • [prover_impl.rs:280] verify segment (internal proof verification failed)
         • [kernels/cxx/buffers.h:43] SKIP THROW: Inconsistent set
       Local constraints hit (2 unique):
         - IsRead@mem.zir:80
           cycle=15967, step=0, pc=0x00000000, major=9, minor=2
         - PoseidonCheckOut@inst_p2.zir:265 (x8)
           cycle=16247, step=0, pc=0x00000000, major=9, minor=5
       Global: memory permutation violated
         x3/gp: wrote 0x80000000, expected 0x00000000 (cycle 31934)
  [13] ✓ COMP_OUT_MOD @ step 1233: 2 failures, 2846ms, outcome: REJECTED, exit: 101 [proof:GENERATED] G=memory
       r=0.189  T_new=0.00 F_new=0.78 F_rare=1.00 U=0 Q=0.43 Q_l=0.51 Q_g=0.85 dl=2 dg=1
       Value: 0x00203F94 -> 0xBFDBD86F
       Destination: rd = x1 (ra)
       zkVM errors (1 lines):
         • [prover_impl.rs:280] verify segment (internal proof verification failed)
       Local constraints hit (2 unique):
         - MemoryWrite@mem.zir:100
           cycle=17877, step=1233, pc=0x00201208, major=2, minor=4
         - MemoryWrite@mem.zir:99
           cycle=17877, step=1233, pc=0x00201208, major=2, minor=4
       Global: memory permutation violated
         x1/ra: wrote 0xbfdbd86f, expected 0x00203f94 (cycle 35755)
  [14] ✓ INSTR_TYPE_MOD @ step 3928: 6 failures, 2894ms, outcome: REJECTED, exit: 101 [proof:GENERATED] [+4 new] [+2 touch] G=memory|cycle
       r=0.029  T_new=0.06 F_new=0.99 F_rare=1.00 U=0 Q=0.06 Q_l=0.14 Q_g=0.43 dl=6 dg=5
       Value: 0x00000007 -> 0x00060002
       Original: AddI [major=0, minor=7]
       Mutated:  Sw [major=6, minor=2]
       zkVM errors (3 lines):
         • [prover_impl.rs:280] verify segment (internal proof verification failed)
         • [ffi.cpp:113] address mismatch at cycle 20878: preflight=0x3fffc011, actual=0x00000004
         • [kernels/cxx/ffi.cpp:208] SKIP THROW: memory peek not in preflight
       Local constraints hit (6 unique):
         - AddrDecomposeBits@u32.zir:87
           cycle=20878, step=3928, pc=0xC00000F8, major=6, minor=2
         - IsRead@mem.zir:79
           cycle=20878, step=3928, pc=0xC00000F8, major=6, minor=2
         - MemoryWrite@mem.zir:99
           cycle=20878, step=3928, pc=0xC00000F8, major=6, minor=2
         - OpSW@inst_mem.zir:160
           cycle=20878, step=3928, pc=0xC00000F8, major=6, minor=2
         - VerifyOpcodeF3@inst.zir:96
           cycle=20878, step=3928, pc=0xC00000F8, major=6, minor=2
         - VerifyOpcodeF3@inst.zir:97
           cycle=20878, step=3928, pc=0xC00000F8, major=6, minor=2
       Global: memory permutation violated
         0x00000010 (data): expected write missing, needed 0x00000073 (cycle 30062)
         0xFFFF0044 (data): unexpected write 0x00000004 (cycle 41362)
       Global: cycle lookup violated (3 indices broken)
         index 393: 2 provides, 1 uses (imbalanced)
         index 394: 1 provides, 1 uses (imbalanced)
         index 11694: 1 provides, 1 uses (imbalanced)
  [15] ✓ INSTR_TYPE_MOD @ step 2917: 1 failures, 2869ms, outcome: REJECTED, exit: 101 [proof:GENERATED] [+35 touch]
       r=0.384  T_new=0.63 F_new=0.39 F_rare=1.00 U=0 Q=0.72 Q_l=0.72 Q_g=1.00 dl=1 dg=0
       Value: 0x00060002 -> 0x00060001
       Original: Sw [major=6, minor=2]
       Mutated:  Sh [major=6, minor=1]
       zkVM errors (1 lines):
         • [prover_impl.rs:280] verify segment (internal proof verification failed)
       Local constraints hit (1 unique):
         - VerifyOpcodeF3@inst.zir:97
           cycle=19645, step=2917, pc=0x00205E38, major=6, minor=1
       Global: no permutation/lookup violations (local-only)
  [16] ✓ MEM_VAL_MOD @ step 5: 4 failures, 2844ms, outcome: REJECTED, exit: 101 [proof:GENERATED] G=memory
       r=0.104  T_new=0.00 F_new=0.92 F_rare=1.00 U=0 Q=0.22 Q_l=0.26 Q_g=0.85 dl=4 dg=1
       Value: 0xC0000010 -> 0x01000000
       Transaction: other_mem_read (READ) at address 0xffff0018
       zkVM errors (1 lines):
         • [prover_impl.rs:280] verify segment (internal proof verification failed)
       Local constraints hit (4 unique):
         - IsRead@mem.zir:79
           cycle=16578, step=5, pc=0xC0000018, major=0, minor=7
         - IsRead@mem.zir:80
           cycle=16578, step=5, pc=0xC0000018, major=0, minor=7
         - MemoryWrite@mem.zir:100
           cycle=16578, step=5, pc=0xC0000018, major=0, minor=7
         - MemoryWrite@mem.zir:99
           cycle=16578, step=5, pc=0xC0000018, major=0, minor=7
       Global: memory permutation violated
         0xFFFF0018 (data): wrote 0x01000000, expected 0xc0000010 (cycle 33156)
  [17] ✓ PRE_EXEC_REG_MOD @ step 69: 4 failures, 2865ms, outcome: REJECTED, exit: 101 [proof:GENERATED] G=memory
       r=0.104  T_new=0.00 F_new=0.92 F_rare=1.00 U=0 Q=0.22 Q_l=0.26 Q_g=0.85 dl=4 dg=1
       Value: 0x00000049 -> 0xFFFFFFB6
       Register: x12 (a2), READ, strategy=next_read
       zkVM errors (1 lines):
         • [prover_impl.rs:280] verify segment (internal proof verification failed)
       Local constraints hit (4 unique):
         - IsRead@mem.zir:79
           cycle=16642, step=69, pc=0x0020324C, major=0, minor=1
         - IsRead@mem.zir:80
           cycle=16642, step=69, pc=0x0020324C, major=0, minor=1
         - MemoryWrite@mem.zir:100
           cycle=16642, step=69, pc=0x0020324C, major=0, minor=1
         - MemoryWrite@mem.zir:99
           cycle=16642, step=69, pc=0x0020324C, major=0, minor=1
       Global: memory permutation violated
         x12/a2: wrote 0xffffffb6, expected 0x00000049 (cycle 33284)
  [18] ✓ INSTR_WORD_MOD_SUR @ step 1064: 0 failures, 2856ms, outcome: REJECTED, exit: 101 [proof:GENERATED] G=memory[GO]
       r=0.262  T_new=0.00 F_new=0.78 F_rare=1.00 U=0 Q=0.61 Q_l=1.00 Q_g=0.61 dl=0 dg=3
       Value: 0x07660613 -> 0x07630613
       Surgical: rs1 = 12 -> 6
       Original: ADDI x12, x12, 118
       Mutated:  ADDI x12, x6, 118
       zkVM errors (3 lines):
         • [prover_impl.rs:280] verify segment (internal proof verification failed)
         • [ffi.cpp:113] address mismatch at cycle 17703: preflight=0x3fffc02c, actual=0x3fffc026
         • [kernels/cxx/ffi.cpp:208] SKIP THROW: memory peek not in preflight
       Global: memory permutation violated [GLOBAL-ONLY]
         x6/t1: expected write missing, needed 0x0021a000 (cycle 35405)
         x12/a2: unexpected write 0x0021a000 (cycle 35405)
         0x0020632C (code): wrote 0x07660613, expected 0x07630613 (cycle 18186)
  [19] ✓ LOAD_VAL_MOD @ step 3183: 2 failures, 2858ms, outcome: REJECTED, exit: 101 [proof:GENERATED] G=memory
       r=0.127  T_new=0.00 F_new=0.39 F_rare=0.79 U=0 Q=0.43 Q_l=0.51 Q_g=0.85 dl=2 dg=1
       Value: 0x00000000 -> 0x92290D1A
       Load destination: rd = x19 (s3)
       zkVM errors (1 lines):
         • [prover_impl.rs:280] verify segment (internal proof verification failed)
       Local constraints hit (2 unique):
         - MemoryWrite@mem.zir:100
           cycle=19985, step=3183, pc=0x00205478, major=5, minor=2
         - MemoryWrite@mem.zir:99
           cycle=19985, step=3183, pc=0x00205478, major=5, minor=2
       Global: memory permutation violated
         x19/s3: wrote 0x92290d1a, expected 0x00000000 (cycle 39971)
  [20] ✓ PRE_EXEC_REG_MOD @ step 3752: 5 failures, 2865ms, outcome: REJECTED, exit: 101 [proof:GENERATED] G=memory
       r=0.017  T_new=0.00 F_new=1.00 F_rare=1.00 U=0 Q=0.04 Q_l=0.19 Q_g=0.19 dl=5 dg=10
       Value: 0x00000000 -> 0xFFFFFFFF
       Register: x0 (zero), READ, strategy=next_read
       zkVM errors (3 lines):
         • [prover_impl.rs:280] verify segment (internal proof verification failed)
         • [ffi.cpp:113] address mismatch at cycle 20629: preflight=0x000815e2, actual=0x0008163a
         • [kernels/cxx/buffers.h:43] SKIP THROW: Inconsistent set
       Local constraints hit (3 unique):
         - IsRead@mem.zir:79
           cycle=20628, step=3752, pc=0x00205788, major=1, minor=6
         - IsRead@mem.zir:80
           cycle=20628, step=3752, pc=0x00205788, major=1, minor=6
         - MemoryWrite@mem.zir:99 (x3)
           cycle=20641, step=3765, pc=0x002057F4, major=2, minor=3
       Global: memory permutation violated (39 addrs: 1 register, 38 code)
         x0/zero: wrote 0xffffffff, expected 0x00000000 (cycle 41256)
         + 38 code addresses diverged (instruction fetch cascade)
  [21] ✓ MEM_VAL_MOD @ step 3929: 0 failures, 2835ms, outcome: REJECTED, exit: 101 [proof:GENERATED] G=memory[GO]
       r=0.288  T_new=0.00 F_new=0.39 F_rare=1.00 U=0 Q=0.85 Q_l=1.00 Q_g=0.85 dl=0 dg=1
       Value: 0x0334B170 -> 0x40F2CFEA
       Transaction: other_mem_read (READ) at address 0x10fffff74
       zkVM errors (2 lines):
         • [prover_impl.rs:280] verify segment (internal proof verification failed)
         • [kernels/cxx/buffers.h:43] SKIP THROW: Inconsistent set
       Global: memory permutation violated [GLOBAL-ONLY]
         0x10FFFFF74 (data): wrote 0x40f2cfea, expected 0x0334b170 (cycle 46290)
  [22] ✓ PRE_EXEC_REG_MOD @ step 2569: 2 failures, 2860ms, outcome: REJECTED, exit: 101 [proof:GENERATED] G=memory
       r=0.144  T_new=0.00 F_new=0.92 F_rare=1.00 U=0 Q=0.31 Q_l=0.51 Q_g=0.61 dl=2 dg=3
       Value: 0x002214AC -> 0xA19CBA54
       Register: x10 (a0), READ, strategy=next_read
       zkVM errors (3 lines):
         • [prover_impl.rs:280] verify segment (internal proof verification failed)
         • [ffi.cpp:113] address mismatch at cycle 19297: preflight=0x0008852e, actual=0x28672e98
         • [kernels/cxx/ffi.cpp:208] SKIP THROW: memory peek not in preflight
       Local constraints hit (2 unique):
         - IsRead@mem.zir:79
           cycle=19297, step=2569, pc=0x00201510, major=5, minor=3
         - IsRead@mem.zir:80
           cycle=19297, step=2569, pc=0x00201510, major=5, minor=3
       Global: memory permutation violated
         0xA19CBA60 (data): expected write missing, needed 0x98eaebaf (cycle 38592)
         x10/a0: wrote 0xa19cba54, expected 0x002214ac (cycle 38594)
         0x002214B8 (code): unexpected write 0x98eaebaf (cycle 38592)
  [23] ✓ INSTR_TYPE_MOD @ step 3597: 4 failures, 2849ms, outcome: REJECTED, exit: 101 [proof:GENERATED] G=memory
       r=0.089  T_new=0.00 F_new=0.95 F_rare=1.00 U=0 Q=0.19 Q_l=0.26 Q_g=0.72 dl=4 dg=2
       Value: 0x00020001 -> 0x00000003
       Original: BltU [major=2, minor=1]
       Mutated:  Or [major=0, minor=3]
       zkVM errors (3 lines):
         • [prover_impl.rs:280] verify segment (internal proof verification failed)
         • [ffi.cpp:113] address mismatch at cycle 20473: preflight=0x3fffc060, actual=0x3fffc02c
         • [kernels/cxx/ffi.cpp:208] SKIP THROW: memory peek not in preflight
       Local constraints hit (4 unique):
         - MemoryWrite@mem.zir:100
           cycle=20473, step=3597, pc=0x00205698, major=0, minor=3
         - MemoryWrite@mem.zir:99
           cycle=20473, step=3597, pc=0x00205698, major=0, minor=3
         - VerifyOpcodeF3F7@inst.zir:102
           cycle=20473, step=3597, pc=0x00205698, major=0, minor=3
         - VerifyOpcodeF3F7@inst.zir:104
           cycle=20473, step=3597, pc=0x00205698, major=0, minor=3
       Global: memory permutation violated
         x12/a2: expected write missing, needed 0x00000000 (cycle 40933)
         0xFFFF0180 (data): unexpected write 0x00000000 (cycle 40933)
  [24] ✓ COMP_OUT_MOD @ step 2246: 2 failures, 2876ms, outcome: REJECTED, exit: 101 [proof:GENERATED] G=memory
       r=0.133  T_new=0.00 F_new=0.39 F_rare=0.85 U=0 Q=0.43 Q_l=0.51 Q_g=0.85 dl=2 dg=1
       Value: 0x00200310 -> 0x685FD45A
       Destination: rd = x13 (a3)
       zkVM errors (1 lines):
         • [prover_impl.rs:280] verify segment (internal proof verification failed)
       Local constraints hit (2 unique):
         - MemoryWrite@mem.zir:100
           cycle=18900, step=2246, pc=0x00203444, major=0, minor=7
         - MemoryWrite@mem.zir:99
           cycle=18900, step=2246, pc=0x00203444, major=0, minor=7
       Global: memory permutation violated
         x13/a3: wrote 0x685fd45a, expected 0x00200310 (cycle 37801)
  [25] ✓ INSTR_TYPE_MOD @ step 2014: 18 failures, 2857ms, outcome: REJECTED, exit: 101 [proof:GENERATED] [+1 new] G=memory
       r=0.006  T_new=0.00 F_new=1.00 F_rare=1.00 U=0 Q=0.01 Q_l=0.07 Q_g=0.19 dl=8 dg=10
       Value: 0x00050003 -> 0x00020001
       Original: LbU [major=5, minor=3]
       Mutated:  BltU [major=2, minor=1]
       zkVM errors (3 lines):
         • [prover_impl.rs:280] verify segment (internal proof verification failed)
         • [ffi.cpp:113] address mismatch at cycle 18663: preflight=0x00086ea5, actual=0x3fffc020
         • [kernels/cxx/ffi.cpp:208] SKIP THROW: memory peek not in preflight
       Local constraints hit (4 unique):
         - DecodeInst@inst.zir:29 (x14)
           cycle=18664, step=2015, pc=0x002184C8, major=1, minor=6
         - MemoryWrite@mem.zir:99 (x2)
           cycle=18663, step=2014, pc=0x002184C4, major=2, minor=1
         - VerifyOpcodeF3@inst.zir:96
           cycle=18663, step=2014, pc=0x002184C4, major=2, minor=1
         - VerifyOpcodeF3@inst.zir:97
           cycle=18663, step=2014, pc=0x002184C4, major=2, minor=1
       Global: memory permutation violated (15 addrs: 2 register, 12 code, 1 data)
         x0/zero: expected write missing, needed 0x45434152 (cycle 37312)
         x14/a4: unexpected write 0x00000041 (cycle 37314)
         0xFFFF0180 (data): expected write missing, needed 0x00000041 (cycle 37314)
         + 12 code addresses diverged (instruction fetch cascade)
  [26] ✓ PRE_EXEC_REG_MOD @ step 1957: 3 failures, 2855ms, outcome: REJECTED, exit: 101 [proof:GENERATED] G=memory
       r=0.096  T_new=0.00 F_new=0.78 F_rare=1.00 U=0 Q=0.22 Q_l=0.37 Q_g=0.61 dl=3 dg=3
       Value: 0x0021B15A -> 0x01000000
       Register: x10 (a0), READ, strategy=next_read
       zkVM errors (3 lines):
         • [prover_impl.rs:280] verify segment (internal proof verification failed)
         • [ffi.cpp:113] address mismatch at cycle 18606: preflight=0x00086c56, actual=0x00400000
         • [kernels/cxx/ffi.cpp:208] SKIP THROW: memory peek not in preflight
       Local constraints hit (3 unique):
         - IsRead@mem.zir:79
           cycle=18606, step=1957, pc=0x002184C0, major=5, minor=3
         - IsRead@mem.zir:80
           cycle=18606, step=1957, pc=0x002184C0, major=5, minor=3
         - MemoryWrite@mem.zir:99
           cycle=18606, step=1957, pc=0x002184C0, major=5, minor=3
       Global: memory permutation violated
         0x01000000 (data): expected write missing, needed 0x425f5453 (cycle 37198)
         x10/a0: wrote 0x01000000, expected 0x0021b15a (cycle 37212)
         0x0021B158 (code): unexpected write 0x425f5453 (cycle 37198)
  [27] ✓ INSTR_TYPE_MOD @ step 50: 1 failures, 2821ms, outcome: REJECTED, exit: 101 [proof:GENERATED]
       r=0.243  T_new=0.00 F_new=0.39 F_rare=1.00 U=0 Q=0.72 Q_l=0.72 Q_g=1.00 dl=1 dg=0
       Value: 0x00010005 -> 0x00010007
       Original: Beq [major=1, minor=5]
       Mutated:  Blt [major=1, minor=7]
       zkVM errors (1 lines):
         • [prover_impl.rs:280] verify segment (internal proof verification failed)
       Local constraints hit (1 unique):
         - VerifyOpcodeF3@inst.zir:97
           cycle=16623, step=50, pc=0x00203200, major=1, minor=7
       Global: no permutation/lookup violations (local-only)
  [28] ✓ STORE_OUT_MOD @ step 2996: 2 failures, 2866ms, outcome: REJECTED, exit: 101 [proof:GENERATED] G=memory
       r=0.126  T_new=0.00 F_new=0.39 F_rare=0.79 U=0 Q=0.43 Q_l=0.51 Q_g=0.85 dl=2 dg=1
       Value: 0x0022156C -> 0x132A306A
       Store address: 0x002213fc
       zkVM errors (1 lines):
         • [prover_impl.rs:280] verify segment (internal proof verification failed)
       Local constraints hit (2 unique):
         - MemoryWrite@mem.zir:100
           cycle=19724, step=2996, pc=0x00205E38, major=6, minor=2
         - MemoryWrite@mem.zir:99
           cycle=19724, step=2996, pc=0x00205E38, major=6, minor=2
       Global: memory permutation violated
         0x002213FC (code): wrote 0x132a306a, expected 0x0022156c (cycle 39449)
  [29] ✓ INSTR_TYPE_MOD @ step 313: 4 failures, 2876ms, outcome: REJECTED, exit: 101 [proof:GENERATED] G=memory
       r=0.089  T_new=0.00 F_new=0.95 F_rare=1.00 U=0 Q=0.19 Q_l=0.26 Q_g=0.72 dl=4 dg=2
       Value: 0x00050002 -> 0x00000006
       Original: Lw [major=5, minor=2]
       Mutated:  SltU [major=0, minor=6]
       zkVM errors (3 lines):
         • [prover_impl.rs:280] verify segment (internal proof verification failed)
         • [ffi.cpp:113] address mismatch at cycle 16898: preflight=0x000800dc, actual=0x3fffc030
         • [kernels/cxx/ffi.cpp:208] SKIP THROW: memory peek not in preflight
       Local constraints hit (4 unique):
         - MemoryWrite@mem.zir:100
           cycle=16898, step=313, pc=0x00200850, major=0, minor=6
         - MemoryWrite@mem.zir:99
           cycle=16898, step=313, pc=0x00200850, major=0, minor=6
         - VerifyOpcodeF3F7@inst.zir:102
           cycle=16898, step=313, pc=0x00200850, major=0, minor=6
         - VerifyOpcodeF3F7@inst.zir:103
           cycle=16898, step=313, pc=0x00200850, major=0, minor=6
       Global: memory permutation violated
         0x00200370 (data): unexpected write 0x80000007 (cycle 33785)
         x16/a6: expected write missing, needed 0x80000007 (cycle 33785)
  [30] ✓ INSTR_TYPE_MOD @ step 3381: 3 failures, 2829ms, outcome: REJECTED, exit: 101 [proof:GENERATED]
       r=0.158  T_new=0.00 F_new=0.78 F_rare=1.00 U=0 Q=0.37 Q_l=0.37 Q_g=1.00 dl=3 dg=0
       Value: 0x00000007 -> 0x00000004
       Original: AddI [major=0, minor=7]
       Mutated:  And [major=0, minor=4]
       zkVM errors (1 lines):
         • [prover_impl.rs:280] verify segment (internal proof verification failed)
       Local constraints hit (3 unique):
         - MemoryWrite@mem.zir:99
           cycle=20183, step=3381, pc=0x00204C60, major=0, minor=4
         - VerifyOpcodeF3F7@inst.zir:102
           cycle=20183, step=3381, pc=0x00204C60, major=0, minor=4
         - VerifyOpcodeF3F7@inst.zir:103
           cycle=20183, step=3381, pc=0x00204C60, major=0, minor=4
       Global: no permutation/lookup violations (local-only)
  [31] ✓ INSTR_TYPE_MOD @ step 3769: 3 failures, 2829ms, outcome: REJECTED, exit: 101 [proof:GENERATED]
       r=0.158  T_new=0.00 F_new=0.78 F_rare=1.00 U=0 Q=0.37 Q_l=0.37 Q_g=1.00 dl=3 dg=0
       Value: 0x00000007 -> 0x00010004
       Original: AddI [major=0, minor=7]
       Mutated:  SltIU [major=1, minor=4]
       zkVM errors (1 lines):
         • [prover_impl.rs:280] verify segment (internal proof verification failed)
       Local constraints hit (3 unique):
         - MemoryWrite@mem.zir:100
           cycle=20645, step=3769, pc=0x00205804, major=1, minor=4
         - MemoryWrite@mem.zir:99
           cycle=20645, step=3769, pc=0x00205804, major=1, minor=4
         - VerifyOpcodeF3@inst.zir:97
           cycle=20645, step=3769, pc=0x00205804, major=1, minor=4
       Global: no permutation/lookup violations (local-only)
  [32] ✓ INSTR_TYPE_MOD @ step 529: 22 failures, 2844ms, outcome: REJECTED, exit: 101 [proof:GENERATED] [+1 new] G=memory
       r=0.000  T_new=0.00 F_new=1.00 F_rare=1.00 U=0 Q=0.00 Q_l=0.00 Q_g=0.19 dl=18 dg=10
       Value: 0x00020002 -> 0x00020004
       Original: BgeU [major=2, minor=2]
       Mutated:  JalR [major=2, minor=4]
       zkVM errors (3 lines):
         • [prover_impl.rs:280] verify segment (internal proof verification failed)
         • [ffi.cpp:113] address mismatch at cycle 17132: preflight=0x3fffc060, actual=0x3fffc02c
         • [kernels/cxx/ffi.cpp:208] SKIP THROW: memory peek not in preflight
       Local constraints hit (6 unique):
         - AddrDecompose@u32.zir:67 (x8)
           cycle=17133, step=530, pc=0x002061A8, major=4, minor=2
         - DecodeInst@inst.zir:29 (x8)
           cycle=17133, step=530, pc=0x002061A8, major=4, minor=2
         - MemoryWrite@mem.zir:100 (x2)
           cycle=17132, step=529, pc=0x002061A4, major=2, minor=4
         - MemoryWrite@mem.zir:99 (x2)
           cycle=17132, step=529, pc=0x002061A4, major=2, minor=4
         - VerifyOpcodeF3@inst.zir:96
           cycle=17132, step=529, pc=0x002061A4, major=2, minor=4
         - VerifyOpcodeF3@inst.zir:97
           cycle=17132, step=529, pc=0x002061A4, major=2, minor=4
       Global: memory permutation violated (18 addrs: 1 register, 8 code, 9 data)
         0x00000030 (data): expected write missing, needed 0x00255593 (cycle 34098)
         0x00000034 (data): expected write missing, needed 0xffc57713 (cycle 34100)
         0x00000038 (data): expected write missing, needed 0x40a30333 (cycle 34102)
         + 8 code addresses diverged (instruction fetch cascade)
         + 7 more addresses
  [33] ✓ INSTR_TYPE_MOD @ step 3640: 4 failures, 2835ms, outcome: REJECTED, exit: 101 [proof:GENERATED] [+49 touch]
       r=0.178  T_new=0.75 F_new=0.86 F_rare=1.00 U=0 Q=0.26 Q_l=0.26 Q_g=1.00 dl=4 dg=0
       Value: 0x00010002 -> 0x00040000
       Original: AndI [major=1, minor=2]
       Mutated:  Srl [major=4, minor=0]
       zkVM errors (1 lines):
         • [prover_impl.rs:280] verify segment (internal proof verification failed)
       Local constraints hit (4 unique):
         - MemoryWrite@mem.zir:100
           cycle=20516, step=3640, pc=0x002032F8, major=4, minor=0
         - MemoryWrite@mem.zir:99
           cycle=20516, step=3640, pc=0x002032F8, major=4, minor=0
         - VerifyOpcodeF3F7@inst.zir:102
           cycle=20516, step=3640, pc=0x002032F8, major=4, minor=0
         - VerifyOpcodeF3F7@inst.zir:103
           cycle=20516, step=3640, pc=0x002032F8, major=4, minor=0
       Global: no permutation/lookup violations (local-only)
  [34] ✓ INSTR_TYPE_MOD @ step 3099: 6 failures, 2904ms, outcome: REJECTED, exit: 101 [proof:GENERATED] G=memory|cycle
       r=0.020  T_new=0.00 F_new=1.00 F_rare=1.00 U=0 Q=0.04 Q_l=0.14 Q_g=0.31 dl=6 dg=7
       Value: 0x00050002 -> 0x00060000
       Original: Lw [major=5, minor=2]
       Mutated:  Sb [major=6, minor=0]
       zkVM errors (3 lines):
         • [prover_impl.rs:280] verify segment (internal proof verification failed)
         • [ffi.cpp:113] address mismatch at cycle 19827: preflight=0x0008855a, actual=0x3fffc03c
         • [kernels/cxx/ffi.cpp:208] SKIP THROW: memory peek not in preflight
       Local constraints hit (6 unique):
         - IsRead@mem.zir:79
           cycle=19827, step=3099, pc=0x00205784, major=6, minor=0
         - IsRead@mem.zir:80
           cycle=19827, step=3099, pc=0x00205784, major=6, minor=0
         - MemoryWrite@mem.zir:100
           cycle=19827, step=3099, pc=0x00205784, major=6, minor=0
         - MemoryWrite@mem.zir:99
           cycle=19827, step=3099, pc=0x00205784, major=6, minor=0
         - VerifyOpcodeF3@inst.zir:96
           cycle=19827, step=3099, pc=0x00205784, major=6, minor=0
         - VerifyOpcodeF3@inst.zir:97
           cycle=19827, step=3099, pc=0x00205784, major=6, minor=0
       Global: memory permutation violated
         x10/a0: unexpected write 0x00221539 (cycle 39590)
         x28/t3: expected write missing, needed 0x00000000 (cycle 39609)
         0x00221554 (code): expected write missing, needed 0x16051263 (cycle 16314)
         0x00221568 (code): unexpected write 0x00000000 (cycle 39609)
       Global: cycle lookup violated (3 indices broken)
         index 63: 16 provides, 1 uses (imbalanced)
         index 64: 5 provides, 1 uses (imbalanced)
         index 23340: 1 provides, 1 uses (imbalanced)
  [35] ✓ INSTR_TYPE_MOD @ step 1381: 3 failures, 2858ms, outcome: REJECTED, exit: 101 [proof:GENERATED] G=memory
       r=0.118  T_new=0.00 F_new=0.86 F_rare=1.00 U=0 Q=0.26 Q_l=0.37 Q_g=0.72 dl=3 dg=2
       Value: 0x00000007 -> 0x00010007
       Original: AddI [major=0, minor=7]
       Mutated:  Blt [major=1, minor=7]
       zkVM errors (3 lines):
         • [prover_impl.rs:280] verify segment (internal proof verification failed)
         • [ffi.cpp:113] address mismatch at cycle 18025: preflight=0x3fffc02c, actual=0x3fffc060
         • [kernels/cxx/ffi.cpp:208] SKIP THROW: memory peek not in preflight
       Local constraints hit (3 unique):
         - MemoryWrite@mem.zir:99
           cycle=18025, step=1381, pc=0x002184D0, major=1, minor=7
         - VerifyOpcodeF3@inst.zir:96
           cycle=18025, step=1381, pc=0x002184D0, major=1, minor=7
         - VerifyOpcodeF3@inst.zir:97
           cycle=18025, step=1381, pc=0x002184D0, major=1, minor=7
       Global: memory permutation violated
         x12/a2: unexpected write 0x0000001b (cycle 36050)
         0xFFFF0180 (data): expected write missing, needed 0x0000001b (cycle 36050)
  [36] ✓ INSTR_TYPE_MOD @ step 1406: 3 failures, 2841ms, outcome: REJECTED, exit: 101 [proof:GENERATED] [+1 new] [+36 touch]
       r=0.231  T_new=0.64 F_new=0.78 F_rare=1.00 U=0 Q=0.37 Q_l=0.37 Q_g=1.00 dl=3 dg=0
       Value: 0x00050003 -> 0x00050004
       Original: LbU [major=5, minor=3]
       Mutated:  LhU [major=5, minor=4]
       zkVM errors (1 lines):
         • [prover_impl.rs:280] verify segment (internal proof verification failed)
       Local constraints hit (3 unique):
         - MemoryWrite@mem.zir:99
           cycle=18050, step=1406, pc=0x002184C4, major=5, minor=4
         - OpLHU@inst_mem.zir:123
           cycle=18050, step=1406, pc=0x002184C4, major=5, minor=4
         - VerifyOpcodeF3@inst.zir:97
           cycle=18050, step=1406, pc=0x002184C4, major=5, minor=4
       Global: no permutation/lookup violations (local-only)
  [37] ✓ INSTR_TYPE_MOD @ step 3169: 4 failures, 2864ms, outcome: REJECTED, exit: 101 [proof:GENERATED] G=memory
       r=0.081  T_new=0.00 F_new=0.78 F_rare=1.00 U=0 Q=0.19 Q_l=0.26 Q_g=0.72 dl=4 dg=2
       Value: 0x00050002 -> 0x00000004
       Original: Lw [major=5, minor=2]
       Mutated:  And [major=0, minor=4]
       zkVM errors (3 lines):
         • [prover_impl.rs:280] verify segment (internal proof verification failed)
         • [ffi.cpp:113] address mismatch at cycle 19971: preflight=0x00080062, actual=0x3fffc028
         • [kernels/cxx/ffi.cpp:208] SKIP THROW: memory peek not in preflight
       Local constraints hit (4 unique):
         - MemoryWrite@mem.zir:99
           cycle=19971, step=3169, pc=0x00205834, major=0, minor=4
         - VerifyOpcodeF3F7@inst.zir:102
           cycle=19971, step=3169, pc=0x00205834, major=0, minor=4
         - VerifyOpcodeF3F7@inst.zir:103
           cycle=19971, step=3169, pc=0x00205834, major=0, minor=4
         - VerifyOpcodeF3F7@inst.zir:104
           cycle=19971, step=3169, pc=0x00205834, major=0, minor=4
       Global: memory permutation violated
         0x00200188 (data): unexpected write 0x0020027c (cycle 39351)
         x8/s0: expected write missing, needed 0x0020027c (cycle 39351)
  [38] ✓ INSTR_TYPE_MOD @ step 2843: 5 failures, 2828ms, outcome: REJECTED, exit: 101 [proof:GENERATED] [+42 touch]
       r=0.127  T_new=0.70 F_new=0.92 F_rare=1.00 U=0 Q=0.19 Q_l=0.19 Q_g=1.00 dl=5 dg=0
       Value: 0x00000007 -> 0x00030003
       Original: AddI [major=0, minor=7]
       Mutated:  MulH [major=3, minor=3]
       zkVM errors (1 lines):
         • [prover_impl.rs:280] verify segment (internal proof verification failed)
       Local constraints hit (5 unique):
         - MemoryWrite@mem.zir:100
           cycle=19571, step=2843, pc=0x00203BDC, major=3, minor=3
         - MemoryWrite@mem.zir:99
           cycle=19571, step=2843, pc=0x00203BDC, major=3, minor=3
         - VerifyOpcodeF3F7@inst.zir:102
           cycle=19571, step=2843, pc=0x00203BDC, major=3, minor=3
         - VerifyOpcodeF3F7@inst.zir:103
           cycle=19571, step=2843, pc=0x00203BDC, major=3, minor=3
         - VerifyOpcodeF3F7@inst.zir:104
           cycle=19571, step=2843, pc=0x00203BDC, major=3, minor=3
       Global: no permutation/lookup violations (local-only)
  [39] ✓ INSTR_TYPE_MOD @ step 3605: 5 failures, 2825ms, outcome: REJECTED, exit: 101 [proof:GENERATED] [+52 touch]
       r=0.131  T_new=0.77 F_new=0.92 F_rare=1.00 U=0 Q=0.19 Q_l=0.19 Q_g=1.00 dl=5 dg=0
       Value: 0x00000007 -> 0x00040004
       Original: AddI [major=0, minor=7]
       Mutated:  Div [major=4, minor=4]
       zkVM errors (1 lines):
         • [prover_impl.rs:280] verify segment (internal proof verification failed)
       Local constraints hit (5 unique):
         - MemoryWrite@mem.zir:100
           cycle=20481, step=3605, pc=0x002056B4, major=4, minor=4
         - MemoryWrite@mem.zir:99
           cycle=20481, step=3605, pc=0x002056B4, major=4, minor=4
         - VerifyOpcodeF3F7@inst.zir:102
           cycle=20481, step=3605, pc=0x002056B4, major=4, minor=4
         - VerifyOpcodeF3F7@inst.zir:103
           cycle=20481, step=3605, pc=0x002056B4, major=4, minor=4
         - VerifyOpcodeF3F7@inst.zir:104
           cycle=20481, step=3605, pc=0x002056B4, major=4, minor=4
       Global: no permutation/lookup violations (local-only)
  [40] ✓ INSTR_TYPE_MOD @ step 307: 9 failures, 2893ms, outcome: REJECTED, exit: 101 [proof:GENERATED] [+2 new] [+32 touch] G=memory|cycle
       r=0.007  T_new=0.60 F_new=1.00 F_rare=1.00 U=0 Q=0.01 Q_l=0.10 Q_g=0.11 dl=7 dg=13
       Value: 0x00060002 -> 0x0001000B
       Original: Sw [major=6, minor=2]
       Mutated:  Jal [major=1, minor=11] ⚠INVALID
       zkVM errors (3 lines):
         • [prover_impl.rs:280] verify segment (internal proof verification failed)
         • [ffi.cpp:113] address mismatch at cycle 16892: preflight=0x000800dc, actual=0x3fffc060
         • [kernels/cxx/ffi.cpp:208] SKIP THROW: memory peek not in preflight
       Local constraints hit (5 unique):
         - AddrDecompose@u32.zir:67 (x5)
           cycle=16893, step=308, pc=0x002031EC, major=5, minor=2
         - MemoryWrite@mem.zir:100
           cycle=16897, step=312, pc=0x0020084C, major=2, minor=4
         - MemoryWrite@mem.zir:99
           cycle=16897, step=312, pc=0x0020084C, major=2, minor=4
         - OneHot@one_hot.zir:11
           cycle=16892, step=307, pc=0x002031E8, major=1, minor=11
         - OneHot@one_hot.zir:9
           cycle=16892, step=307, pc=0x002031E8, major=1, minor=11
       Global: memory permutation violated (12 addrs: 5 code, 7 data)
         0x00000000 (data): expected write missing, needed 0x00c12083 (cycle 10258)
         0x00000004 (data): expected write missing, needed 0x00812403 (cycle 10258)
         0x00000008 (data): expected write missing, needed 0x00412483 (cycle 10258)
         + 5 code addresses diverged (instruction fetch cascade)
         + 4 more addresses
       Global: cycle lookup violated (3 indices broken)
         index 0: 2254 provides, 1 uses (imbalanced)
         index 29081: 2 provides, 1 uses (imbalanced)
         index 29082: 1 provides, 1 uses (imbalanced)
  [41] ✓ INSTR_TYPE_MOD @ step 3856: 4 failures, 2823ms, outcome: REJECTED, exit: 101 [proof:GENERATED]
       r=0.076  T_new=0.00 F_new=0.39 F_rare=0.79 U=0 Q=0.26 Q_l=0.26 Q_g=1.00 dl=4 dg=0
       Value: 0x00000007 -> 0x00000004
       Original: AddI [major=0, minor=7]
       Mutated:  And [major=0, minor=4]
       zkVM errors (1 lines):
         • [prover_impl.rs:280] verify segment (internal proof verification failed)
       Local constraints hit (4 unique):
         - MemoryWrite@mem.zir:100
           cycle=20806, step=3856, pc=0x00204D78, major=0, minor=4
         - MemoryWrite@mem.zir:99
           cycle=20806, step=3856, pc=0x00204D78, major=0, minor=4
         - VerifyOpcodeF3F7@inst.zir:102
           cycle=20806, step=3856, pc=0x00204D78, major=0, minor=4
         - VerifyOpcodeF3F7@inst.zir:103
           cycle=20806, step=3856, pc=0x00204D78, major=0, minor=4
       Global: no permutation/lookup violations (local-only)
  [42] ✓ INSTR_TYPE_MOD @ step 1260: 58 failures, 2871ms, outcome: REJECTED, exit: 101 [proof:GENERATED] [+32 touch] G=memory
       r=0.000  T_new=0.60 F_new=1.00 F_rare=1.00 U=0 Q=0.00 Q_l=0.01 Q_g=0.19 dl=13 dg=10
       Value: 0x00000003 -> 0x0000000D
       Original: Or [major=0, minor=3]
       Mutated:  Beq [major=0, minor=13] ⚠INVALID
       zkVM errors (3 lines):
         • [prover_impl.rs:280] verify segment (internal proof verification failed)
         • [ffi.cpp:113] address mismatch at cycle 17904: preflight=0x3fffc02d, actual=0x3fffc060
         • [kernels/cxx/ffi.cpp:208] SKIP THROW: memory peek not in preflight
       Local constraints hit (5 unique):
         - AddrDecompose@u32.zir:67 (x53)
           cycle=17905, step=1261, pc=0x002033FC, major=1, minor=6
         - MemoryWrite@mem.zir:100
           cycle=17957, step=1313, pc=0x00201264, major=2, minor=4
         - MemoryWrite@mem.zir:99 (x2)
           cycle=17904, step=1260, pc=0x00203304, major=0, minor=13
         - OneHot@one_hot.zir:11
           cycle=17904, step=1260, pc=0x00203304, major=0, minor=13
         - OneHot@one_hot.zir:9
           cycle=17904, step=1260, pc=0x00203304, major=0, minor=13
       Global: memory permutation violated (60 addrs: 1 register, 29 code, 30 data)
         0x00000000 (data): expected write missing, needed 0x0e069c63 (cycle 10438)
         0x000000F8 (data): expected write missing, needed 0x00050693 (cycle 10578)
         0x000000FC (data): expected write missing, needed 0x00058713 (cycle 10602)
         + 29 code addresses diverged (instruction fetch cascade)
         + 28 more addresses
  [43] ✓ INSTR_TYPE_MOD @ step 3171: 2 failures, 2820ms, outcome: REJECTED, exit: 101 [proof:GENERATED] [+37 touch]
       r=0.306  T_new=0.65 F_new=0.63 F_rare=1.00 U=0 Q=0.51 Q_l=0.51 Q_g=1.00 dl=2 dg=0
       Value: 0x00050002 -> 0x00050001
       Original: Lw [major=5, minor=2]
       Mutated:  Lh [major=5, minor=1]
       zkVM errors (1 lines):
         • [prover_impl.rs:280] verify segment (internal proof verification failed)
       Local constraints hit (2 unique):
         - MemoryWrite@mem.zir:100
           cycle=19973, step=3171, pc=0x0020583C, major=5, minor=1
         - VerifyOpcodeF3@inst.zir:97
           cycle=19973, step=3171, pc=0x0020583C, major=5, minor=1
       Global: no permutation/lookup violations (local-only)
  [44] ✓ INSTR_TYPE_MOD @ step 3315: 5 failures, 2869ms, outcome: REJECTED, exit: 101 [proof:GENERATED]
       r=0.039  T_new=0.00 F_new=0.00 F_rare=0.71 U=0 Q=0.19 Q_l=0.19 Q_g=1.00 dl=5 dg=0
       Value: 0x00000007 -> 0x00040004
       Original: AddI [major=0, minor=7]
       Mutated:  Div [major=4, minor=4]
       zkVM errors (1 lines):
         • [prover_impl.rs:280] verify segment (internal proof verification failed)
       Local constraints hit (5 unique):
         - MemoryWrite@mem.zir:100
           cycle=20117, step=3315, pc=0x00204C5C, major=4, minor=4
         - MemoryWrite@mem.zir:99
           cycle=20117, step=3315, pc=0x00204C5C, major=4, minor=4
         - VerifyOpcodeF3F7@inst.zir:102
           cycle=20117, step=3315, pc=0x00204C5C, major=4, minor=4
         - VerifyOpcodeF3F7@inst.zir:103
           cycle=20117, step=3315, pc=0x00204C5C, major=4, minor=4
         - VerifyOpcodeF3F7@inst.zir:104
           cycle=20117, step=3315, pc=0x00204C5C, major=4, minor=4
       Global: no permutation/lookup violations (local-only)
  [45] ✓ PRE_EXEC_REG_MOD @ step 2329: 2 failures, 3075ms, outcome: REJECTED, exit: 101 [proof:GENERATED] G=memory
       r=0.185  T_new=0.00 F_new=0.78 F_rare=1.00 U=0 Q=0.43 Q_l=0.51 Q_g=0.85 dl=2 dg=1
       Value: 0x00000000 -> 0xFFFFFFFF
       Register: x0 (zero), READ, strategy=next_read
       zkVM errors (1 lines):
         • [prover_impl.rs:280] verify segment (internal proof verification failed)
       Local constraints hit (2 unique):
         - IsRead@mem.zir:79
           cycle=18983, step=2329, pc=0x002031FC, major=2, minor=4
         - IsRead@mem.zir:80
           cycle=18983, step=2329, pc=0x002031FC, major=2, minor=4
       Global: memory permutation violated
         x0/zero: wrote 0xffffffff, expected 0x00000000 (cycle 37966)
  [46] ✓ PRE_EXEC_REG_MOD @ step 2925: 2 failures, 2841ms, outcome: REJECTED, exit: 101 [proof:GENERATED] G=memory
       r=0.185  T_new=0.00 F_new=0.78 F_rare=1.00 U=0 Q=0.43 Q_l=0.51 Q_g=0.85 dl=2 dg=1
       Value: 0x0000000C -> 0xFFFFFFF4
       Register: x9 (s1), READ, strategy=next_read
       zkVM errors (1 lines):
         • [prover_impl.rs:280] verify segment (internal proof verification failed)
       Local constraints hit (2 unique):
         - IsRead@mem.zir:79
           cycle=19653, step=2925, pc=0x002053D0, major=2, minor=2
         - IsRead@mem.zir:80
           cycle=19653, step=2925, pc=0x002053D0, major=2, minor=2
       Global: memory permutation violated
         x9/s1: wrote 0xfffffff4, expected 0x0000000c (cycle 39306)
  [47] ✓ PRE_EXEC_REG_MOD @ step 2019: 2 failures, 2869ms, outcome: REJECTED, exit: 101 [proof:GENERATED] G=memory
       r=0.131  T_new=0.00 F_new=0.39 F_rare=0.85 U=0 Q=0.43 Q_l=0.51 Q_g=0.85 dl=2 dg=1
       Value: 0x00000001 -> 0x80102493
       Register: x12 (a2), READ, strategy=next_read
       zkVM errors (1 lines):
         • [prover_impl.rs:280] verify segment (internal proof verification failed)
       Local constraints hit (2 unique):
         - IsRead@mem.zir:79
           cycle=18668, step=2019, pc=0x002184BC, major=1, minor=6
         - IsRead@mem.zir:80
           cycle=18668, step=2019, pc=0x002184BC, major=1, minor=6
       Global: memory permutation violated
         x12/a2: wrote 0x80102493, expected 0x00000001 (cycle 37336)
  [48] ✓ INSTR_TYPE_MOD @ step 2559: 3 failures, 2818ms, outcome: REJECTED, exit: 101 [proof:GENERATED]
       r=0.077  T_new=0.00 F_new=0.00 F_rare=0.71 U=0 Q=0.37 Q_l=0.37 Q_g=1.00 dl=3 dg=0
       Value: 0x00050003 -> 0x00050004
       Original: LbU [major=5, minor=3]
       Mutated:  LhU [major=5, minor=4]
       zkVM errors (1 lines):
         • [prover_impl.rs:280] verify segment (internal proof verification failed)
       Local constraints hit (3 unique):
         - MemoryWrite@mem.zir:99
           cycle=19287, step=2559, pc=0x002014E8, major=5, minor=4
         - OpLHU@inst_mem.zir:123
           cycle=19287, step=2559, pc=0x002014E8, major=5, minor=4
         - VerifyOpcodeF3@inst.zir:97
           cycle=19287, step=2559, pc=0x002014E8, major=5, minor=4
       Global: no permutation/lookup violations (local-only)
  [49] ✓ MEM_VAL_MOD @ step 1625: 4 failures, 2852ms, outcome: REJECTED, exit: 101 [proof:GENERATED] G=memory
       r=0.067  T_new=0.00 F_new=0.39 F_rare=0.85 U=0 Q=0.22 Q_l=0.26 Q_g=0.85 dl=4 dg=1
       Value: 0x0021AE74 -> 0x00400000
       Transaction: load_mem_read (READ) at address 0x00200164
       zkVM errors (1 lines):
         • [prover_impl.rs:280] verify segment (internal proof verification failed)
       Local constraints hit (4 unique):
         - IsRead@mem.zir:79
           cycle=18269, step=1625, pc=0x002047C0, major=5, minor=2
         - IsRead@mem.zir:80
           cycle=18269, step=1625, pc=0x002047C0, major=5, minor=2
         - MemoryWrite@mem.zir:100
           cycle=18269, step=1625, pc=0x002047C0, major=5, minor=2
         - MemoryWrite@mem.zir:99
           cycle=18269, step=1625, pc=0x002047C0, major=5, minor=2
       Global: memory permutation violated
         0x00200164 (data): wrote 0x00400000, expected 0x0021ae74 (cycle 36538)
  [50] ✓ INSTR_TYPE_MOD @ step 102: 1 failures, 2813ms, outcome: REJECTED, exit: 101 [proof:GENERATED]
       r=0.149  T_new=0.00 F_new=0.00 F_rare=0.71 U=0 Q=0.72 Q_l=0.72 Q_g=1.00 dl=1 dg=0
       Value: 0x00060002 -> 0x00060001
       Original: Sw [major=6, minor=2]
       Mutated:  Sh [major=6, minor=1]
       zkVM errors (1 lines):
         • [prover_impl.rs:280] verify segment (internal proof verification failed)
       Local constraints hit (1 unique):
         - VerifyOpcodeF3@inst.zir:97
           cycle=16675, step=102, pc=0x002032D0, major=6, minor=1
       Global: no permutation/lookup violations (local-only)
  [51] ✓ INSTR_WORD_MOD_FULL @ step 3929: 2 failures, 2834ms, outcome: REJECTED, exit: 101 [proof:GENERATED] G=memory
       r=0.131  T_new=0.00 F_new=0.39 F_rare=0.85 U=0 Q=0.43 Q_l=0.51 Q_g=0.85 dl=2 dg=1
       Value: 0x00000073 -> 0x923A7913
       Original: ECALL x0, x0, 0
       Mutated:  ANDI x18, x20, -1757
       zkVM errors (1 lines):
         • [prover_impl.rs:280] verify segment (internal proof verification failed)
       Local constraints hit (2 unique):
         - MachineECall@inst_ecall.zir:28
           cycle=20879, step=3929, pc=0xC00000F8, major=8, minor=0
         - MachineECall@inst_ecall.zir:29
           cycle=20879, step=3929, pc=0xC00000F8, major=8, minor=0
       Global: memory permutation violated
         0xC00000F8 (data): wrote 0x00000073, expected 0x923a7913 (cycle 30062)
  [52] ✓ LOAD_VAL_MOD @ step 1490: 2 failures, 2858ms, outcome: REJECTED, exit: 101 [proof:GENERATED] G=memory
       r=0.131  T_new=0.00 F_new=0.39 F_rare=0.85 U=0 Q=0.43 Q_l=0.51 Q_g=0.85 dl=2 dg=1
       Value: 0x00000005 -> 0xACCF5B64
       Load destination: rd = x14 (a4)
       zkVM errors (1 lines):
         • [prover_impl.rs:280] verify segment (internal proof verification failed)
       Local constraints hit (2 unique):
         - MemoryWrite@mem.zir:100
           cycle=18134, step=1490, pc=0x002184C4, major=5, minor=3
         - MemoryWrite@mem.zir:99
           cycle=18134, step=1490, pc=0x002184C4, major=5, minor=3
       Global: memory permutation violated
         x14/a4: wrote 0xaccf5b64, expected 0x00000005 (cycle 36269)
  [53] ✓ INSTR_TYPE_MOD @ step 1433: 5 failures, 2927ms, outcome: REJECTED, exit: 101 [proof:GENERATED] G=memory|cycle
       r=0.030  T_new=0.00 F_new=1.00 F_rare=1.00 U=0 Q=0.06 Q_l=0.19 Q_g=0.31 dl=5 dg=7
       Value: 0x00050003 -> 0x00060001
       Original: LbU [major=5, minor=3]
       Mutated:  Sh [major=6, minor=1]
       zkVM errors (3 lines):
         • [prover_impl.rs:280] verify segment (internal proof verification failed)
         • [ffi.cpp:113] address mismatch at cycle 18077: preflight=0x000800c7, actual=0x3fffc020
         • [kernels/cxx/ffi.cpp:208] SKIP THROW: memory peek not in preflight
       Local constraints hit (5 unique):
         - IsRead@mem.zir:79
           cycle=18077, step=1433, pc=0x002184C0, major=6, minor=1
         - MemoryWrite@mem.zir:100
           cycle=18077, step=1433, pc=0x002184C0, major=6, minor=1
         - MemoryWrite@mem.zir:99
           cycle=18077, step=1433, pc=0x002184C0, major=6, minor=1
         - VerifyOpcodeF3@inst.zir:96
           cycle=18077, step=1433, pc=0x002184C0, major=6, minor=1
         - VerifyOpcodeF3@inst.zir:97
           cycle=18077, step=1433, pc=0x002184C0, major=6, minor=1
       Global: memory permutation violated
         0x0020031C (data): unexpected write 0x3af54fa5 (cycle 36140)
         0x00200328 (data): expected write missing, needed 0x0005c703 (cycle 36142)
         x0/zero: expected write missing, needed 0x3af54fa5 (cycle 36140)
         x13/a3: unexpected write 0x000000a5 (cycle 36144)
       Global: cycle lookup violated (3 indices broken)
         index 9: 344 provides, 1 uses (imbalanced)
         index 10: 228 provides, 1 uses (imbalanced)
         index 12: 190 provides, 1 uses (imbalanced)
  [54] ✓ INSTR_TYPE_MOD @ step 588: 7 failures, 2886ms, outcome: REJECTED, exit: 101 [proof:GENERATED] G=memory|cycle
       r=0.019  T_new=0.00 F_new=0.92 F_rare=1.00 U=0 Q=0.04 Q_l=0.10 Q_g=0.43 dl=7 dg=5
       Value: 0x00000007 -> 0x00060002
       Original: AddI [major=0, minor=7]
       Mutated:  Sw [major=6, minor=2]
       zkVM errors (3 lines):
         • [prover_impl.rs:280] verify segment (internal proof verification failed)
         • [ffi.cpp:113] address mismatch at cycle 17191: preflight=0x3fffc02b, actual=0x00000003
         • [kernels/cxx/ffi.cpp:208] SKIP THROW: memory peek not in preflight
       Local constraints hit (7 unique):
         - AddrDecomposeBits@u32.zir:87
           cycle=17191, step=588, pc=0x00206168, major=6, minor=2
         - IsRead@mem.zir:79
           cycle=17191, step=588, pc=0x00206168, major=6, minor=2
         - IsRead@mem.zir:80
           cycle=17191, step=588, pc=0x00206168, major=6, minor=2
         - MemoryWrite@mem.zir:100
           cycle=17191, step=588, pc=0x00206168, major=6, minor=2
         - MemoryWrite@mem.zir:99
           cycle=17191, step=588, pc=0x00206168, major=6, minor=2
         - VerifyOpcodeF3@inst.zir:96
           cycle=17191, step=588, pc=0x00206168, major=6, minor=2
         - VerifyOpcodeF3@inst.zir:97
           cycle=17191, step=588, pc=0x00206168, major=6, minor=2
       Global: memory permutation violated
         0x0000000C (data): expected write missing, needed 0x02a7f463 (cycle 34212)
         x11/a1: unexpected write 0x0020036c (cycle 34362)
       Global: cycle lookup violated (3 indices broken)
         index 19: 97 provides, 1 uses (imbalanced)
         index 20: 65 provides, 1 uses (imbalanced)
         index 170: 3 provides, 1 uses (imbalanced)
  [55] ✓ PRE_EXEC_REG_MOD @ step 557: 2 failures, 2852ms, outcome: REJECTED, exit: 101 [proof:GENERATED] G=memory
       r=0.131  T_new=0.00 F_new=0.39 F_rare=0.85 U=0 Q=0.43 Q_l=0.51 Q_g=0.85 dl=2 dg=1
       Value: 0x00000004 -> 0xE290FF80
       Register: x16 (a6), READ, strategy=next_read
       zkVM errors (1 lines):
         • [prover_impl.rs:280] verify segment (internal proof verification failed)
       Local constraints hit (2 unique):
         - IsRead@mem.zir:79
           cycle=17160, step=557, pc=0x00200930, major=0, minor=7
         - IsRead@mem.zir:80
           cycle=17160, step=557, pc=0x00200930, major=0, minor=7
       Global: memory permutation violated
         x16/a6: wrote 0xe290ff80, expected 0x00000004 (cycle 34320)
  [56] ✓ INSTR_TYPE_MOD @ step 877: 14 failures, 2919ms, outcome: REJECTED, exit: 101 [proof:GENERATED] [+33 touch] G=memory|cycle
       r=0.003  T_new=0.61 F_new=1.00 F_rare=1.00 U=0 Q=0.00 Q_l=0.04 Q_g=0.11 dl=10 dg=13
       Value: 0x00060002 -> 0x00000008
       Original: Sw [major=6, minor=2]
       Mutated:  XorI [major=0, minor=8] ⚠INVALID
       zkVM errors (3 lines):
         • [prover_impl.rs:280] verify segment (internal proof verification failed)
         • [ffi.cpp:113] address mismatch at cycle 17504: preflight=0x000800d5, actual=0x3fffc060
         • [kernels/cxx/ffi.cpp:208] SKIP THROW: memory peek not in preflight
       Local constraints hit (5 unique):
         - AddrDecompose@u32.zir:67 (x8)
           cycle=17505, step=878, pc=0x0020319C, major=0, minor=7
         - MemoryWrite@mem.zir:100 (x2)
           cycle=17511, step=884, pc=0x002031B4, major=2, minor=6
         - MemoryWrite@mem.zir:99 (x2)
           cycle=17511, step=884, pc=0x002031B4, major=2, minor=6
         - OneHot@one_hot.zir:11
           cycle=17504, step=877, pc=0x00203198, major=0, minor=8
         - OneHot@one_hot.zir:9
           cycle=17504, step=877, pc=0x00203198, major=0, minor=8
       Global: memory permutation violated (18 addrs: 8 code, 10 data)
         0x00000000 (data): expected write missing, needed 0x00068493 (cycle 34842)
         0x00000004 (data): expected write missing, needed 0x0005a583 (cycle 34844)
         0x00000008 (data): expected write missing, needed 0x00050413 (cycle 34846)
         + 8 code addresses diverged (instruction fetch cascade)
         + 7 more addresses
       Global: cycle lookup violated (3 indices broken)
         index 0: 2254 provides, 1 uses (imbalanced)
         index 37: 38 provides, 1 uses (imbalanced)
         index 38: 16 provides, 1 uses (imbalanced)
  [57] ✓ INSTR_TYPE_MOD @ step 427: 2 failures, 2838ms, outcome: REJECTED, exit: 101 [proof:GENERATED] [+49 touch]
       r=0.318  T_new=0.75 F_new=0.63 F_rare=1.00 U=0 Q=0.51 Q_l=0.51 Q_g=1.00 dl=2 dg=0
       Value: 0x00000007 -> 0x00040003
       Original: AddI [major=0, minor=7]
       Mutated:  SraI [major=4, minor=3]
       zkVM errors (1 lines):
         • [prover_impl.rs:280] verify segment (internal proof verification failed)
       Local constraints hit (2 unique):
         - VerifyOpcodeF3F7@inst.zir:103
           cycle=17018, step=427, pc=0x0020615C, major=4, minor=3
         - VerifyOpcodeF3F7@inst.zir:104
           cycle=17018, step=427, pc=0x0020615C, major=4, minor=3
       Global: no permutation/lookup violations (local-only)
  [58] ✓ INSTR_TYPE_MOD @ step 2619: 1 failures, 2824ms, outcome: REJECTED, exit: 101 [proof:GENERATED]
       r=0.105  T_new=0.00 F_new=0.00 F_rare=0.50 U=0 Q=0.72 Q_l=0.72 Q_g=1.00 dl=1 dg=0
       Value: 0x00060002 -> 0x00060001
       Original: Sw [major=6, minor=2]
       Mutated:  Sh [major=6, minor=1]
       zkVM errors (1 lines):
         • [prover_impl.rs:280] verify segment (internal proof verification failed)
       Local constraints hit (1 unique):
         - VerifyOpcodeF3@inst.zir:97
           cycle=19347, step=2619, pc=0x002052F0, major=6, minor=1
       Global: no permutation/lookup violations (local-only)
  [59] ✓ COMP_OUT_MOD @ step 871: 2 failures, 2860ms, outcome: REJECTED, exit: 101 [proof:GENERATED] G=memory
       r=0.124  T_new=0.00 F_new=0.39 F_rare=0.79 U=0 Q=0.43 Q_l=0.51 Q_g=0.85 dl=2 dg=1
       Value: 0x00000001 -> 0xBE951694
       Destination: rd = x13 (a3)
       zkVM errors (1 lines):
         • [prover_impl.rs:280] verify segment (internal proof verification failed)
       Local constraints hit (2 unique):
         - MemoryWrite@mem.zir:100
           cycle=17498, step=871, pc=0x00200A1C, major=0, minor=7
         - MemoryWrite@mem.zir:99
           cycle=17498, step=871, pc=0x00200A1C, major=0, minor=7
       Global: memory permutation violated
         x13/a3: wrote 0xbe951694, expected 0x00000001 (cycle 34997)
  [60] ✓ INSTR_TYPE_MOD @ step 3822: 3 failures, 2862ms, outcome: REJECTED, exit: 101 [proof:GENERATED] G=memory
       r=0.089  T_new=0.00 F_new=0.97 F_rare=1.00 U=0 Q=0.19 Q_l=0.37 Q_g=0.51 dl=3 dg=4
       Value: 0x00050002 -> 0x00010005
       Original: Lw [major=5, minor=2]
       Mutated:  Beq [major=1, minor=5]
       zkVM errors (3 lines):
         • [prover_impl.rs:280] verify segment (internal proof verification failed)
         • [ffi.cpp:113] address mismatch at cycle 20772: preflight=0x00080061, actual=0x3fffc024
         • [kernels/cxx/ffi.cpp:208] SKIP THROW: memory peek not in preflight
       Local constraints hit (3 unique):
         - MemoryWrite@mem.zir:99
           cycle=20772, step=3822, pc=0x00205838, major=1, minor=5
         - VerifyOpcodeF3@inst.zir:96
           cycle=20772, step=3822, pc=0x00205838, major=1, minor=5
         - VerifyOpcodeF3@inst.zir:97
           cycle=20772, step=3822, pc=0x00205838, major=1, minor=5
       Global: memory permutation violated
         0x00200184 (data): unexpected write 0x00000060 (cycle 40911)
         x4/tp: expected write missing, needed 0x00000060 (cycle 40911)
         x21/s5: unexpected write 0x00000040 (cycle 41252)
         0xFFFF0180 (data): expected write missing, needed 0x00000040 (cycle 41252)
  [61] ✓ INSTR_TYPE_MOD @ step 3548: 18 failures, 2852ms, outcome: REJECTED, exit: 101 [proof:GENERATED] [+32 touch] G=memory
       r=0.002  T_new=0.60 F_new=1.00 F_rare=1.00 U=0 Q=0.00 Q_l=0.01 Q_g=0.19 dl=13 dg=10
       Value: 0x00000007 -> 0x0000000C
       Original: AddI [major=0, minor=7]
       Mutated:  SltIU [major=0, minor=12] ⚠INVALID
       zkVM errors (3 lines):
         • [prover_impl.rs:280] verify segment (internal proof verification failed)
         • [ffi.cpp:113] address mismatch at cycle 20350: preflight=0x3fffc00b, actual=0x3fffc040
         • [kernels/cxx/ffi.cpp:208] SKIP THROW: memory peek not in preflight
       Local constraints hit (6 unique):
         - AddrDecompose@u32.zir:67 (x11)
           cycle=20351, step=3549, pc=0xC0000530, major=1, minor=5
         - AddrDecomposeBits@u32.zir:87
           cycle=20359, step=3557, pc=0xC0000554, major=8, minor=0
         - MemoryWrite@mem.zir:100 (x2)
           cycle=20350, step=3548, pc=0xC00004A0, major=0, minor=12
         - MemoryWrite@mem.zir:99 (x2)
           cycle=20350, step=3548, pc=0xC00004A0, major=0, minor=12
         - OneHot@one_hot.zir:11
           cycle=20350, step=3548, pc=0xC00004A0, major=0, minor=12
         - OneHot@one_hot.zir:9
           cycle=20350, step=3548, pc=0xC00004A0, major=0, minor=12
       Global: memory permutation violated (26 addrs: 26 data)
         0x00000000 (data): expected write missing, needed 0x08d88863 (cycle 39746)
         0x00000090 (data): expected write missing, needed 0x00a00513 (cycle 39748)
         0x00000094 (data): expected write missing, needed 0x00078693 (cycle 39750)
         + 23 more addresses
  [62] ✓ INSTR_TYPE_MOD @ step 2029: 2 failures, 2933ms, outcome: REJECTED, exit: 101 [proof:GENERATED] G=memory
       r=0.046  T_new=0.00 F_new=1.00 F_rare=1.00 U=0 Q=0.10 Q_l=0.51 Q_g=0.19 dl=2 dg=10
       Value: 0x00010006 -> 0x00010005
       Original: Bne [major=1, minor=6]
       Mutated:  Beq [major=1, minor=5]
       zkVM errors (3 lines):
         • [prover_impl.rs:280] verify segment (internal proof verification failed)
         • [ffi.cpp:113] address mismatch at cycle 18679: preflight=0x000817f5, actual=0x00081804
         • [kernels/cxx/buffers.h:43] SKIP THROW: Inconsistent set
       Local constraints hit (2 unique):
         - MemoryWrite@mem.zir:99
           cycle=18686, step=2037, pc=0xC0000070, major=7, minor=2
         - VerifyOpcodeF3@inst.zir:97
           cycle=18678, step=2029, pc=0x00205FD4, major=1, minor=5
       Global: memory permutation violated (16 addrs: 16 code)
         + 16 code addresses diverged (instruction fetch cascade)
  [63] ✓ INSTR_TYPE_MOD @ step 942: 3 failures, 2865ms, outcome: REJECTED, exit: 101 [proof:GENERATED] G=memory
       r=0.112  T_new=0.00 F_new=0.78 F_rare=1.00 U=0 Q=0.26 Q_l=0.37 Q_g=0.72 dl=3 dg=2
       Value: 0x00010006 -> 0x00000006
       Original: Bne [major=1, minor=6]
       Mutated:  SltU [major=0, minor=6]
       zkVM errors (3 lines):
         • [prover_impl.rs:280] verify segment (internal proof verification failed)
         • [ffi.cpp:113] address mismatch at cycle 17575: preflight=0x3fffc060, actual=0x3fffc028
         • [kernels/cxx/ffi.cpp:208] SKIP THROW: memory peek not in preflight
       Local constraints hit (3 unique):
         - VerifyOpcodeF3F7@inst.zir:102
           cycle=17575, step=942, pc=0x00200A34, major=0, minor=6
         - VerifyOpcodeF3F7@inst.zir:103
           cycle=17575, step=942, pc=0x00200A34, major=0, minor=6
         - VerifyOpcodeF3F7@inst.zir:104
           cycle=17575, step=942, pc=0x00200A34, major=0, minor=6
       Global: memory permutation violated
         x8/s0: expected write missing, needed 0x002031fc (cycle 35143)
         0xFFFF0180 (data): unexpected write 0x002031fc (cycle 35143)
  [64] ✓ INSTR_TYPE_MOD @ step 2539: 3 failures, 2823ms, outcome: REJECTED, exit: 101 [proof:GENERATED] [+32 touch]
       r=0.227  T_new=0.60 F_new=0.78 F_rare=1.00 U=0 Q=0.37 Q_l=0.37 Q_g=1.00 dl=3 dg=0
       Value: 0x00030001 -> 0x00030008
       Original: SllI [major=3, minor=1]
       Mutated:  Srl [major=3, minor=8] ⚠INVALID
       zkVM errors (1 lines):
         • [prover_impl.rs:280] verify segment (internal proof verification failed)
       Local constraints hit (3 unique):
         - MemoryWrite@mem.zir:99
           cycle=19267, step=2539, pc=0x00201498, major=3, minor=8
         - OneHot@one_hot.zir:11
           cycle=19267, step=2539, pc=0x00201498, major=3, minor=8
         - OneHot@one_hot.zir:9
           cycle=19267, step=2539, pc=0x00201498, major=3, minor=8
       Global: no permutation/lookup violations (local-only)
  [65] ✓ INSTR_TYPE_MOD @ step 0: 5 failures, 2886ms, outcome: REJECTED, exit: 101 [proof:GENERATED] [+2 new] [+3 touch] G=memory|cycle
       r=0.057  T_new=0.08 F_new=0.97 F_rare=1.00 U=0 Q=0.11 Q_l=0.19 Q_g=0.61 dl=5 dg=3
       Value: 0x00020006 -> 0x00000001
       Original: Auipc [major=2, minor=6]
       Mutated:  Sub [major=0, minor=1]
       zkVM errors (3 lines):
         • [prover_impl.rs:280] verify segment (internal proof verification failed)
         • [ffi.cpp:113] address mismatch at cycle 0: preflight=0x44000000, actual=0x00000000
         • [kernels/cxx/ffi.cpp:208] SKIP THROW: memory peek not in preflight
       Local constraints hit (5 unique):
         - AddrDecompose@u32.zir:67
           cycle=0, step=0, pc=0x00000000, major=0, minor=1
         - ControlLoadRootAndNonce@inst_control.zir:23
           cycle=1, step=0, pc=0x00000000, major=7, minor=0
         - MiscInput@inst_misc.zir:7
           cycle=0, step=0, pc=0x00000000, major=0, minor=1
         - VerifyOpcodeF3F7@inst.zir:102
           cycle=0, step=0, pc=0x00000000, major=0, minor=1
         - VerifyOpcodeF3F7@inst.zir:104
           cycle=0, step=0, pc=0x00000000, major=0, minor=1
       Global: memory permutation violated
         0xFFFF0100 (data): expected write missing, needed 0x00000000 (cycle 0)
       Global: cycle lookup violated (2 indices broken)
         index 0: 2256 provides, 1 uses (imbalanced)
         index 2013265920: orphan provide (2 entries, no matching use)
  [66] ✓ INSTR_TYPE_MOD @ step 602: 4 failures, 2848ms, outcome: REJECTED, exit: 101 [proof:GENERATED] G=memory
       r=0.087  T_new=0.00 F_new=0.92 F_rare=1.00 U=0 Q=0.19 Q_l=0.26 Q_g=0.72 dl=4 dg=2
       Value: 0x00030001 -> 0x00050003
       Original: SllI [major=3, minor=1]
       Mutated:  LbU [major=5, minor=3]
       zkVM errors (3 lines):
         • [prover_impl.rs:280] verify segment (internal proof verification failed)
         • [ffi.cpp:113] address mismatch at cycle 17205: preflight=0x3fffc002, actual=0x00000000
         • [kernels/cxx/ffi.cpp:208] SKIP THROW: memory peek not in preflight
       Local constraints hit (4 unique):
         - AddrDecomposeBits@u32.zir:87
           cycle=17205, step=602, pc=0xC0000148, major=5, minor=3
         - MemoryWrite@mem.zir:99
           cycle=17205, step=602, pc=0xC0000148, major=5, minor=3
         - VerifyOpcodeF3@inst.zir:96
           cycle=17205, step=602, pc=0xC0000148, major=5, minor=3
         - VerifyOpcodeF3@inst.zir:97
           cycle=17205, step=602, pc=0xC0000148, major=5, minor=3
       Global: memory permutation violated
         0x00000000 (data): expected write missing, needed 0xfff00000 (cycle 34394)
         0xFFFF0008 (data): unexpected write 0xfff00000 (cycle 34394)
  [67] ✓ INSTR_TYPE_MOD @ step 2534: 2 failures, 2917ms, outcome: REJECTED, exit: 101 [proof:GENERATED] [+31 touch] G=memory|cycle
       r=0.146  T_new=0.59 F_new=0.95 F_rare=1.00 U=0 Q=0.22 Q_l=0.51 Q_g=0.43 dl=2 dg=5
       Value: 0x00060002 -> 0x00040008
       Original: Sw [major=6, minor=2]
       Mutated:  Lb [major=4, minor=8] ⚠INVALID
       zkVM errors (3 lines):
         • [prover_impl.rs:280] verify segment (internal proof verification failed)
         • [ffi.cpp:113] address mismatch at cycle 19262: preflight=0x000800ea, actual=0x3fffc028
         • [kernels/cxx/ffi.cpp:208] SKIP THROW: memory peek not in preflight
       Local constraints hit (2 unique):
         - OneHot@one_hot.zir:11
           cycle=19262, step=2534, pc=0x00201484, major=4, minor=8
         - OneHot@one_hot.zir:9
           cycle=19262, step=2534, pc=0x00201484, major=4, minor=8
       Global: memory permutation violated
         0x002003A8 (data): unexpected write 0x00000000 (cycle 4742)
         x8/s0: expected write missing, needed 0x00000000 (cycle 4742)
       Global: cycle lookup violated (3 indices broken)
         index 0: 2254 provides, 1 uses (imbalanced)
         index 33781: orphan use (1 entries, no matching provide)
         index 33782: 1 provides, 1 uses (imbalanced)
  [68] ✓ INSTR_TYPE_MOD @ step 1822: 3 failures, 2856ms, outcome: REJECTED, exit: 101 [proof:GENERATED] G=memory
       r=0.121  T_new=0.00 F_new=0.92 F_rare=1.00 U=0 Q=0.26 Q_l=0.37 Q_g=0.72 dl=3 dg=2
       Value: 0x00010006 -> 0x00000000
       Original: Bne [major=1, minor=6]
       Mutated:  Add [major=0, minor=0]
       zkVM errors (3 lines):
         • [prover_impl.rs:280] verify segment (internal proof verification failed)
         • [ffi.cpp:113] address mismatch at cycle 18466: preflight=0x3fffc060, actual=0x3fffc03c
         • [kernels/cxx/ffi.cpp:208] SKIP THROW: memory peek not in preflight
       Local constraints hit (3 unique):
         - MemoryWrite@mem.zir:99
           cycle=18466, step=1822, pc=0x002184C8, major=0, minor=0
         - VerifyOpcodeF3F7@inst.zir:102
           cycle=18466, step=1822, pc=0x002184C8, major=0, minor=0
         - VerifyOpcodeF3F7@inst.zir:103
           cycle=18466, step=1822, pc=0x002184C8, major=0, minor=0
       Global: memory permutation violated
         x28/t3: expected write missing, needed 0x00000000 (cycle 36927)
         0xFFFF0180 (data): unexpected write 0x00000000 (cycle 36927)
  [69] ✓ INSTR_TYPE_MOD @ step 703: 4 failures, 2849ms, outcome: REJECTED, exit: 101 [proof:GENERATED] G=memory
       r=0.087  T_new=0.00 F_new=0.92 F_rare=1.00 U=0 Q=0.19 Q_l=0.26 Q_g=0.72 dl=4 dg=2
       Value: 0x00050002 -> 0x00030001
       Original: Lw [major=5, minor=2]
       Mutated:  SllI [major=3, minor=1]
       zkVM errors (3 lines):
         • [prover_impl.rs:280] verify segment (internal proof verification failed)
         • [ffi.cpp:113] address mismatch at cycle 17318: preflight=0x000800d5, actual=0x3fffc024
         • [kernels/cxx/ffi.cpp:208] SKIP THROW: memory peek not in preflight
       Local constraints hit (4 unique):
         - MemoryWrite@mem.zir:100
           cycle=17318, step=703, pc=0x002031F4, major=3, minor=1
         - MemoryWrite@mem.zir:99
           cycle=17318, step=703, pc=0x002031F4, major=3, minor=1
         - VerifyOpcodeF3F7@inst.zir:102
           cycle=17318, step=703, pc=0x002031F4, major=3, minor=1
         - VerifyOpcodeF3F7@inst.zir:103
           cycle=17318, step=703, pc=0x002031F4, major=3, minor=1
       Global: memory permutation violated
         0x00200354 (data): unexpected write 0x00000000 (cycle 34507)
         x4/tp: expected write missing, needed 0x00000000 (cycle 34507)
  [70] ✓ INSTR_TYPE_MOD @ step 3461: 21 failures, 2867ms, outcome: REJECTED, exit: 101 [proof:GENERATED] G=memory
       r=0.000  T_new=0.00 F_new=1.00 F_rare=1.00 U=0 Q=0.00 Q_l=0.00 Q_g=0.19 dl=17 dg=10
       Value: 0x00000007 -> 0x00020004
       Original: AddI [major=0, minor=7]
       Mutated:  JalR [major=2, minor=4]
       zkVM errors (3 lines):
         • [prover_impl.rs:280] verify segment (internal proof verification failed)
         • [ffi.cpp:113] address mismatch at cycle 20264: preflight=0x00086054, actual=0x00000000
         • [kernels/cxx/buffers.h:43] SKIP THROW: Inconsistent set
       Local constraints hit (5 unique):
         - AddrDecompose@u32.zir:67 (x8)
           cycle=20264, step=3462, pc=0x00218154, major=2, minor=5
         - DecodeInst@inst.zir:29 (x8)
           cycle=20264, step=3462, pc=0x00218154, major=2, minor=5
         - MemoryWrite@mem.zir:100 (x2)
           cycle=20263, step=3461, pc=0x00218150, major=2, minor=4
         - MemoryWrite@mem.zir:99 (x2)
           cycle=20263, step=3461, pc=0x00218150, major=2, minor=4
         - VerifyOpcodeF3@inst.zir:96
           cycle=20263, step=3461, pc=0x00218150, major=2, minor=4
       Global: memory permutation violated (16 addrs: 8 code, 8 data)
         0x00000000 (data): expected write missing, needed 0x800006b7 (cycle 39222)
         0x00000004 (data): expected write missing, needed 0x40b686b3 (cycle 39224)
         0x00000008 (data): expected write missing, needed 0x00c5c5b3 (cycle 39226)
         + 8 code addresses diverged (instruction fetch cascade)
         + 5 more addresses
  [71] ✓ INSTR_TYPE_MOD @ step 2915: 3 failures, 2859ms, outcome: REJECTED, exit: 101 [proof:GENERATED] G=memory
       r=0.103  T_new=0.00 F_new=0.63 F_rare=1.00 U=0 Q=0.26 Q_l=0.37 Q_g=0.72 dl=3 dg=2
       Value: 0x00020002 -> 0x00000006
       Original: BgeU [major=2, minor=2]
       Mutated:  SltU [major=0, minor=6]
       zkVM errors (3 lines):
         • [prover_impl.rs:280] verify segment (internal proof verification failed)
         • [ffi.cpp:113] address mismatch at cycle 19643: preflight=0x3fffc060, actual=0x3fffc034
         • [kernels/cxx/ffi.cpp:208] SKIP THROW: memory peek not in preflight
       Local constraints hit (3 unique):
         - MemoryWrite@mem.zir:99
           cycle=19643, step=2915, pc=0x00205E30, major=0, minor=6
         - VerifyOpcodeF3F7@inst.zir:102
           cycle=19643, step=2915, pc=0x00205E30, major=0, minor=6
         - VerifyOpcodeF3F7@inst.zir:103
           cycle=19643, step=2915, pc=0x00205E30, major=0, minor=6
       Global: memory permutation violated
         x20/s4: expected write missing, needed 0x00000000 (cycle 39281)
         0xFFFF0180 (data): unexpected write 0x00000000 (cycle 39281)
  [72] ✓ INSTR_TYPE_MOD @ step 13: 4 failures, 2834ms, outcome: REJECTED, exit: 101 [proof:GENERATED]
       r=0.055  T_new=0.00 F_new=0.00 F_rare=0.71 U=0 Q=0.26 Q_l=0.26 Q_g=1.00 dl=4 dg=0
       Value: 0x00020005 -> 0x00030003
       Original: Lui [major=2, minor=5]
       Mutated:  MulH [major=3, minor=3]
       zkVM errors (1 lines):
         • [prover_impl.rs:280] verify segment (internal proof verification failed)
       Local constraints hit (4 unique):
         - MemoryWrite@mem.zir:100
           cycle=16586, step=13, pc=0xC0000038, major=3, minor=3
         - VerifyOpcodeF3F7@inst.zir:102
           cycle=16586, step=13, pc=0xC0000038, major=3, minor=3
         - VerifyOpcodeF3F7@inst.zir:103
           cycle=16586, step=13, pc=0xC0000038, major=3, minor=3
         - VerifyOpcodeF3F7@inst.zir:104
           cycle=16586, step=13, pc=0xC0000038, major=3, minor=3
       Global: no permutation/lookup violations (local-only)
  [73] ✓ INSTR_TYPE_MOD @ step 3510: 3 failures, 2806ms, outcome: REJECTED, exit: 101 [proof:GENERATED] [+1 new]
       r=0.105  T_new=0.00 F_new=0.39 F_rare=0.79 U=0 Q=0.37 Q_l=0.37 Q_g=1.00 dl=3 dg=0
       Value: 0x00000007 -> 0x00020006
       Original: AddI [major=0, minor=7]
       Mutated:  Auipc [major=2, minor=6]
       zkVM errors (1 lines):
         • [prover_impl.rs:280] verify segment (internal proof verification failed)
       Local constraints hit (3 unique):
         - MemoryWrite@mem.zir:100
           cycle=20312, step=3510, pc=0x002053E8, major=2, minor=6
         - MemoryWrite@mem.zir:99
           cycle=20312, step=3510, pc=0x002053E8, major=2, minor=6
         - VerifyOpcode@inst.zir:91
           cycle=20312, step=3510, pc=0x002053E8, major=2, minor=6
       Global: no permutation/lookup violations (local-only)
  [74] ✓ INSTR_WORD_MOD_SUR @ step 3929: 1 failures, 2877ms, outcome: REJECTED, exit: 101 [proof:GENERATED] G=memory
       r=0.173  T_new=0.00 F_new=0.39 F_rare=0.79 U=0 Q=0.61 Q_l=0.72 Q_g=0.85 dl=1 dg=1
       Value: 0x00000073 -> 0x00000873
       Surgical: rd = 0 -> 16
       Original: ECALL x0, x0, 0
       Mutated:  ECALL x16, x0, 0
       zkVM errors (1 lines):
         • [prover_impl.rs:280] verify segment (internal proof verification failed)
       Local constraints hit (1 unique):
         - MachineECall@inst_ecall.zir:29
           cycle=20879, step=3929, pc=0xC00000F8, major=8, minor=0
       Global: memory permutation violated
         0xC00000F8 (data): wrote 0x00000073, expected 0x00000873 (cycle 30062)
  [75] ✓ INSTR_TYPE_MOD @ step 2802: 1 failures, 2821ms, outcome: REJECTED, exit: 101 [proof:GENERATED]
       r=0.094  T_new=0.00 F_new=0.00 F_rare=0.45 U=0 Q=0.72 Q_l=0.72 Q_g=1.00 dl=1 dg=0
       Value: 0x00060002 -> 0x00060001
       Original: Sw [major=6, minor=2]
       Mutated:  Sh [major=6, minor=1]
       zkVM errors (1 lines):
         • [prover_impl.rs:280] verify segment (internal proof verification failed)
       Local constraints hit (1 unique):
         - VerifyOpcodeF3@inst.zir:97
           cycle=19530, step=2802, pc=0x00203880, major=6, minor=1
       Global: no permutation/lookup violations (local-only)
  [76] 💥 PRE_EXEC_REG_MOD @ step 2900: 2 failures, 517ms, outcome: CRASH, exit: -11 [proof:NOT_GENERATED]
       r=0.000  T_new=0.00 F_new=0.00 F_rare=0.00 U=0 Q=0.00 Q_l=0.00 Q_g=1.00 dl=0 dg=0
       Value: 0x00221000 -> 0xFFDDF000
       Register: x12 (a2), READ, strategy=next_read
       Local constraints hit (2 unique):
         - IsRead@mem.zir:79
           cycle=19628, step=2900, pc=0x00205DF4, major=5, minor=2
         - IsRead@mem.zir:80
           cycle=19628, step=2900, pc=0x00205DF4, major=5, minor=2
       Global: no permutation/lookup violations (local-only)
  [77] ✓ INSTR_TYPE_MOD @ step 1165: 4 failures, 2897ms, outcome: REJECTED, exit: 101 [proof:GENERATED] [+1 new] [+35 touch] G=memory|cycle
       r=0.077  T_new=0.63 F_new=0.98 F_rare=1.00 U=0 Q=0.11 Q_l=0.26 Q_g=0.43 dl=4 dg=5
       Value: 0x00000007 -> 0x00060007
       Original: AddI [major=0, minor=7]
       Mutated:  Unknown(6,7) [major=6, minor=7] ⚠INVALID
       zkVM errors (3 lines):
         • [prover_impl.rs:280] verify segment (internal proof verification failed)
         • [ffi.cpp:113] address mismatch at cycle 17809: preflight=0x3fffc022, actual=0x000800d4
         • [kernels/cxx/ffi.cpp:208] SKIP THROW: memory peek not in preflight
       Local constraints hit (4 unique):
         - IllegalStoreOp@inst_mem.zir:45
           cycle=17809, step=1165, pc=0x00208AB8, major=6, minor=7
         - IsRead@mem.zir:79
           cycle=17809, step=1165, pc=0x00208AB8, major=6, minor=7
         - MemoryWrite@mem.zir:100
           cycle=17809, step=1165, pc=0x00208AB8, major=6, minor=7
         - MemoryWrite@mem.zir:99
           cycle=17809, step=1165, pc=0x00208AB8, major=6, minor=7
       Global: memory permutation violated
         0x00200350 (data): expected write missing, needed 0x02112623 (cycle 19394)
         x2/sp: unexpected write 0x00200390 (cycle 35618)
       Global: cycle lookup violated (3 indices broken)
         index 0: 2254 provides, 1 uses (imbalanced)
         index 16224: 1 provides, 1 uses (imbalanced)
         index 2013265920: orphan provide (1 entries, no matching use)
  [78] ✓ INSTR_TYPE_MOD @ step 916: 3 failures, 2835ms, outcome: REJECTED, exit: 101 [proof:GENERATED]
       r=0.064  T_new=0.00 F_new=0.00 F_rare=0.71 U=0 Q=0.37 Q_l=0.37 Q_g=1.00 dl=3 dg=0
       Value: 0x00000007 -> 0x00010004
       Original: AddI [major=0, minor=7]
       Mutated:  SltIU [major=1, minor=4]
       zkVM errors (1 lines):
         • [prover_impl.rs:280] verify segment (internal proof verification failed)
       Local constraints hit (3 unique):
         - MemoryWrite@mem.zir:100
           cycle=17546, step=916, pc=0xC0000158, major=1, minor=4
         - MemoryWrite@mem.zir:99
           cycle=17546, step=916, pc=0xC0000158, major=1, minor=4
         - VerifyOpcodeF3@inst.zir:97
           cycle=17546, step=916, pc=0xC0000158, major=1, minor=4
       Global: no permutation/lookup violations (local-only)
  [79] ✓ INSTR_TYPE_MOD @ step 0: 5 failures, 2918ms, outcome: REJECTED, exit: 101 [proof:GENERATED] [+3 touch] G=memory|cycle
       r=0.051  T_new=0.08 F_new=0.78 F_rare=1.00 U=0 Q=0.11 Q_l=0.19 Q_g=0.61 dl=5 dg=3
       Value: 0x00020006 -> 0x00000002
       Original: Auipc [major=2, minor=6]
       Mutated:  Xor [major=0, minor=2]
       zkVM errors (3 lines):
         • [prover_impl.rs:280] verify segment (internal proof verification failed)
         • [ffi.cpp:113] address mismatch at cycle 0: preflight=0x44000000, actual=0x00000000
         • [kernels/cxx/ffi.cpp:208] SKIP THROW: memory peek not in preflight
       Local constraints hit (5 unique):
         - AddrDecompose@u32.zir:67
           cycle=0, step=0, pc=0x00000000, major=0, minor=2
         - ControlLoadRootAndNonce@inst_control.zir:23
           cycle=1, step=0, pc=0x00000000, major=7, minor=0
         - MiscInput@inst_misc.zir:7
           cycle=0, step=0, pc=0x00000000, major=0, minor=2
         - VerifyOpcodeF3F7@inst.zir:102
           cycle=0, step=0, pc=0x00000000, major=0, minor=2
         - VerifyOpcodeF3F7@inst.zir:103
           cycle=0, step=0, pc=0x00000000, major=0, minor=2
       Global: memory permutation violated
         0xFFFF0100 (data): expected write missing, needed 0x00000000 (cycle 0)
       Global: cycle lookup violated (2 indices broken)
         index 0: 2256 provides, 1 uses (imbalanced)
         index 2013265920: orphan provide (2 entries, no matching use)
  [80] ✓ INSTR_TYPE_MOD @ step 3288: 3 failures, 2831ms, outcome: REJECTED, exit: 101 [proof:GENERATED]
       r=0.055  T_new=0.00 F_new=0.00 F_rare=0.60 U=0 Q=0.37 Q_l=0.37 Q_g=1.00 dl=3 dg=0
       Value: 0x00000007 -> 0x00000004
       Original: AddI [major=0, minor=7]
       Mutated:  And [major=0, minor=4]
       zkVM errors (1 lines):
         • [prover_impl.rs:280] verify segment (internal proof verification failed)
       Local constraints hit (3 unique):
         - VerifyOpcodeF3F7@inst.zir:102
           cycle=20090, step=3288, pc=0x00203440, major=0, minor=4
         - VerifyOpcodeF3F7@inst.zir:103
           cycle=20090, step=3288, pc=0x00203440, major=0, minor=4
         - VerifyOpcodeF3F7@inst.zir:104
           cycle=20090, step=3288, pc=0x00203440, major=0, minor=4
       Global: no permutation/lookup violations (local-only)
  [81] ✓ INSTR_TYPE_MOD @ step 1377: 4 failures, 2867ms, outcome: REJECTED, exit: 101 [proof:GENERATED] G=memory
       r=0.074  T_new=0.00 F_new=0.63 F_rare=1.00 U=0 Q=0.19 Q_l=0.26 Q_g=0.72 dl=4 dg=2
       Value: 0x00050003 -> 0x00000004
       Original: LbU [major=5, minor=3]
       Mutated:  And [major=0, minor=4]
       zkVM errors (3 lines):
         • [prover_impl.rs:280] verify segment (internal proof verification failed)
         • [ffi.cpp:113] address mismatch at cycle 18021: preflight=0x000800c5, actual=0x3fffc020
         • [kernels/cxx/ffi.cpp:208] SKIP THROW: memory peek not in preflight
       Local constraints hit (4 unique):
         - MemoryWrite@mem.zir:100
           cycle=18021, step=1377, pc=0x002184C0, major=0, minor=4
         - MemoryWrite@mem.zir:99
           cycle=18021, step=1377, pc=0x002184C0, major=0, minor=4
         - VerifyOpcodeF3F7@inst.zir:102
           cycle=18021, step=1377, pc=0x002184C0, major=0, minor=4
         - VerifyOpcodeF3F7@inst.zir:103
           cycle=18021, step=1377, pc=0x002184C0, major=0, minor=4
       Global: memory permutation violated
         0x00200314 (data): unexpected write 0x85ae67bb (cycle 36028)
         x0/zero: expected write missing, needed 0x85ae67bb (cycle 36028)
  [82] ✓ INSTR_TYPE_MOD @ step 1412: 7 failures, 2929ms, outcome: REJECTED, exit: 101 [proof:GENERATED] [+1 new] G=memory|cycle
       r=0.014  T_new=0.00 F_new=0.92 F_rare=1.00 U=0 Q=0.03 Q_l=0.10 Q_g=0.31 dl=7 dg=7
       Value: 0x00050003 -> 0x00060002
       Original: LbU [major=5, minor=3]
       Mutated:  Sw [major=6, minor=2]
       zkVM errors (3 lines):
         • [prover_impl.rs:280] verify segment (internal proof verification failed)
         • [ffi.cpp:113] address mismatch at cycle 18056: preflight=0x000800c6, actual=0x3fffc020
         • [kernels/cxx/ffi.cpp:208] SKIP THROW: memory peek not in preflight
       Local constraints hit (7 unique):
         - IsRead@mem.zir:79
           cycle=18056, step=1412, pc=0x002184C0, major=6, minor=2
         - MemoryWrite@mem.zir:100
           cycle=18056, step=1412, pc=0x002184C0, major=6, minor=2
         - MemoryWrite@mem.zir:99
           cycle=18056, step=1412, pc=0x002184C0, major=6, minor=2
         - OpSW@inst_mem.zir:160
           cycle=18056, step=1412, pc=0x002184C0, major=6, minor=2
         - OpSW@inst_mem.zir:161
           cycle=18056, step=1412, pc=0x002184C0, major=6, minor=2
         - VerifyOpcodeF3@inst.zir:96
           cycle=18056, step=1412, pc=0x002184C0, major=6, minor=2
         - VerifyOpcodeF3@inst.zir:97
           cycle=18056, step=1412, pc=0x002184C0, major=6, minor=2
       Global: memory permutation violated
         0x00200318 (data): unexpected write 0x72f36e3c (cycle 36098)
         0x00200324 (data): expected write missing, needed 0x0005c703 (cycle 36100)
         x0/zero: expected write missing, needed 0x72f36e3c (cycle 36098)
         x13/a3: unexpected write 0x0000006e (cycle 36102)
       Global: cycle lookup violated (3 indices broken)
         index 9: 344 provides, 1 uses (imbalanced)
         index 10: 228 provides, 1 uses (imbalanced)
         index 12: 190 provides, 1 uses (imbalanced)
  [83] ✓ INSTR_TYPE_MOD @ step 936: 5 failures, 2913ms, outcome: REJECTED, exit: 101 [proof:GENERATED] G=memory
       r=0.057  T_new=0.00 F_new=0.63 F_rare=1.00 U=0 Q=0.14 Q_l=0.19 Q_g=0.72 dl=5 dg=2
       Value: 0x00050002 -> 0x00040004
       Original: Lw [major=5, minor=2]
       Mutated:  Div [major=4, minor=4]
       zkVM errors (3 lines):
         • [prover_impl.rs:280] verify segment (internal proof verification failed)
         • [ffi.cpp:113] address mismatch at cycle 17569: preflight=0x000800d5, actual=0x3fffc024
         • [kernels/cxx/ffi.cpp:208] SKIP THROW: memory peek not in preflight
       Local constraints hit (5 unique):
         - MemoryWrite@mem.zir:100
           cycle=17569, step=936, pc=0x002031F4, major=4, minor=4
         - MemoryWrite@mem.zir:99
           cycle=17569, step=936, pc=0x002031F4, major=4, minor=4
         - VerifyOpcodeF3F7@inst.zir:102
           cycle=17569, step=936, pc=0x002031F4, major=4, minor=4
         - VerifyOpcodeF3F7@inst.zir:103
           cycle=17569, step=936, pc=0x002031F4, major=4, minor=4
         - VerifyOpcodeF3F7@inst.zir:104
           cycle=17569, step=936, pc=0x002031F4, major=4, minor=4
       Global: memory permutation violated
         0x00200354 (data): unexpected write 0x00000000 (cycle 35009)
         x4/tp: expected write missing, needed 0x00000000 (cycle 35009)
  [84] ✓ MEM_VAL_MOD @ step 2386: 2 failures, 2838ms, outcome: REJECTED, exit: 101 [proof:GENERATED] G=memory
       r=0.124  T_new=0.00 F_new=0.39 F_rare=0.79 U=0 Q=0.43 Q_l=0.51 Q_g=0.85 dl=2 dg=1
       Value: 0x00000000 -> 0x1C028438
       Transaction: store_rmw_read (READ) at address 0x00200340
       zkVM errors (1 lines):
         • [prover_impl.rs:280] verify segment (internal proof verification failed)
       Local constraints hit (2 unique):
         - IsRead@mem.zir:79
           cycle=19040, step=2386, pc=0x002032E0, major=6, minor=2
         - IsRead@mem.zir:80
           cycle=19040, step=2386, pc=0x002032E0, major=6, minor=2
       Global: memory permutation violated
         0x00200340 (data): wrote 0x1c028438, expected 0x00000000 (cycle 38080)
  [85] ✓ INSTR_TYPE_MOD @ step 2510: 5 failures, 2909ms, outcome: REJECTED, exit: 101 [proof:GENERATED] G=memory|cycle
       r=0.028  T_new=0.00 F_new=0.97 F_rare=1.00 U=0 Q=0.06 Q_l=0.19 Q_g=0.31 dl=5 dg=7
       Value: 0x00050002 -> 0x00060002
       Original: Lw [major=5, minor=2]
       Mutated:  Sw [major=6, minor=2]
       zkVM errors (3 lines):
         • [prover_impl.rs:280] verify segment (internal proof verification failed)
         • [ffi.cpp:113] address mismatch at cycle 19238: preflight=0x000800be, actual=0x3fffc038
         • [kernels/cxx/ffi.cpp:208] SKIP THROW: memory peek not in preflight
       Local constraints hit (5 unique):
         - IsRead@mem.zir:79
           cycle=19238, step=2510, pc=0x002055CC, major=6, minor=2
         - IsRead@mem.zir:80
           cycle=19238, step=2510, pc=0x002055CC, major=6, minor=2
         - MemoryWrite@mem.zir:100
           cycle=19238, step=2510, pc=0x002055CC, major=6, minor=2
         - MemoryWrite@mem.zir:99
           cycle=19238, step=2510, pc=0x002055CC, major=6, minor=2
         - VerifyOpcodeF3@inst.zir:96
           cycle=19238, step=2510, pc=0x002055CC, major=6, minor=2
       Global: memory permutation violated
         0x002002E8 (data): expected write missing, needed 0x01412483 (cycle 16034)
         0x002002F8 (data): unexpected write 0x00000000 (cycle 38149)
         x8/s0: unexpected write 0x00200328 (cycle 38252)
         x24/s8: expected write missing, needed 0x00000000 (cycle 38149)
       Global: cycle lookup violated (3 indices broken)
         index 223: 2 provides, 1 uses (imbalanced)
         index 224: 1 provides, 1 uses (imbalanced)
         index 22442: 1 provides, 1 uses (imbalanced)
  [86] ✓ INSTR_TYPE_MOD @ step 2262: 1 failures, 2827ms, outcome: REJECTED, exit: 101 [proof:GENERATED]
       r=0.239  T_new=0.00 F_new=0.39 F_rare=1.00 U=0 Q=0.72 Q_l=0.72 Q_g=1.00 dl=1 dg=0
       Value: 0x00050002 -> 0x00050000
       Original: Lw [major=5, minor=2]
       Mutated:  Lb [major=5, minor=0]
       zkVM errors (1 lines):
         • [prover_impl.rs:280] verify segment (internal proof verification failed)
       Local constraints hit (1 unique):
         - VerifyOpcodeF3@inst.zir:97
           cycle=18916, step=2262, pc=0x00203424, major=5, minor=0
       Global: no permutation/lookup violations (local-only)
  [87] ✓ INSTR_TYPE_MOD @ step 1967: 4 failures, 2889ms, outcome: REJECTED, exit: 101 [proof:GENERATED] G=memory|cycle
       r=0.045  T_new=0.00 F_new=0.63 F_rare=1.00 U=0 Q=0.11 Q_l=0.26 Q_g=0.43 dl=4 dg=5
       Value: 0x00000007 -> 0x00060000
       Original: AddI [major=0, minor=7]
       Mutated:  Sb [major=6, minor=0]
       zkVM errors (3 lines):
         • [prover_impl.rs:280] verify segment (internal proof verification failed)
         • [ffi.cpp:113] address mismatch at cycle 18616: preflight=0x3fffc02b, actual=0x00086ea6
         • [kernels/cxx/ffi.cpp:208] SKIP THROW: memory peek not in preflight
       Local constraints hit (4 unique):
         - IsRead@mem.zir:79
           cycle=18616, step=1967, pc=0x002184CC, major=6, minor=0
         - MemoryWrite@mem.zir:100
           cycle=18616, step=1967, pc=0x002184CC, major=6, minor=0
         - MemoryWrite@mem.zir:99
           cycle=18616, step=1967, pc=0x002184CC, major=6, minor=0
         - VerifyOpcodeF3@inst.zir:96
           cycle=18616, step=1967, pc=0x002184CC, major=6, minor=0
       Global: memory permutation violated
         x11/a1: unexpected write 0x0021ba8f (cycle 37232)
         0x0021BA98 (code): expected write missing, needed 0xfff60613 (cycle 37220)
       Global: cycle lookup violated (3 indices broken)
         index 0: 2254 provides, 1 uses (imbalanced)
         index 12: 190 provides, 1 uses (imbalanced)
         index 2013265920: orphan provide (1 entries, no matching use)
  [88] ✓ LOAD_VAL_MOD @ step 3880: 2 failures, 2856ms, outcome: REJECTED, exit: 101 [proof:GENERATED] G=memory
       r=0.117  T_new=0.00 F_new=0.39 F_rare=0.72 U=0 Q=0.43 Q_l=0.51 Q_g=0.85 dl=2 dg=1
       Value: 0x00219E74 -> 0xA74C2BA7
       Load destination: rd = x19 (s3)
       zkVM errors (1 lines):
         • [prover_impl.rs:280] verify segment (internal proof verification failed)
       Local constraints hit (2 unique):
         - MemoryWrite@mem.zir:100
           cycle=20830, step=3880, pc=0x00203BFC, major=5, minor=2
         - MemoryWrite@mem.zir:99
           cycle=20830, step=3880, pc=0x00203BFC, major=5, minor=2
       Global: memory permutation violated
         x19/s3: wrote 0xa74c2ba7, expected 0x00219e74 (cycle 41661)
  [89] ✓ INSTR_TYPE_MOD @ step 3002: 6 failures, 2858ms, outcome: REJECTED, exit: 101 [proof:GENERATED] G=memory
       r=0.012  T_new=0.00 F_new=1.00 F_rare=1.00 U=0 Q=0.03 Q_l=0.14 Q_g=0.19 dl=6 dg=10
       Value: 0x00000007 -> 0x00020002
       Original: AddI [major=0, minor=7]
       Mutated:  BgeU [major=2, minor=2]
       zkVM errors (3 lines):
         • [prover_impl.rs:280] verify segment (internal proof verification failed)
         • [ffi.cpp:113] address mismatch at cycle 19730: preflight=0x3fffc02c, actual=0x3fffc060
         • [kernels/cxx/ffi.cpp:208] SKIP THROW: memory peek not in preflight
       Local constraints hit (4 unique):
         - MemoryWrite@mem.zir:100
           cycle=19730, step=3002, pc=0x002056D0, major=2, minor=2
         - MemoryWrite@mem.zir:99 (x3)
           cycle=19730, step=3002, pc=0x002056D0, major=2, minor=2
         - VerifyOpcodeF3@inst.zir:96
           cycle=19730, step=3002, pc=0x002056D0, major=2, minor=2
         - VerifyOpcodeF3@inst.zir:97
           cycle=19730, step=3002, pc=0x002056D0, major=2, minor=2
       Global: memory permutation violated (11 addrs: 1 register, 9 code, 1 data)
         x12/a2: unexpected write 0x00221000 (cycle 39448)
         0xFFFF0180 (data): expected write missing, needed 0x00221000 (cycle 39448)
         + 9 code addresses diverged (instruction fetch cascade)
  [90] ✓ INSTR_TYPE_MOD @ step 1575: 5 failures, 2862ms, outcome: REJECTED, exit: 101 [proof:GENERATED] [+41 touch] G=memory
       r=0.093  T_new=0.69 F_new=0.97 F_rare=1.00 U=0 Q=0.14 Q_l=0.19 Q_g=0.72 dl=5 dg=2
       Value: 0x00050002 -> 0x00030000
       Original: Lw [major=5, minor=2]
       Mutated:  Sll [major=3, minor=0]
       zkVM errors (3 lines):
         • [prover_impl.rs:280] verify segment (internal proof verification failed)
         • [ffi.cpp:113] address mismatch at cycle 18219: preflight=0x0008006d, actual=0x3fffc034
         • [kernels/cxx/ffi.cpp:208] SKIP THROW: memory peek not in preflight
       Local constraints hit (5 unique):
         - MemoryWrite@mem.zir:100
           cycle=18219, step=1575, pc=0x00202EC0, major=3, minor=0
         - MemoryWrite@mem.zir:99
           cycle=18219, step=1575, pc=0x00202EC0, major=3, minor=0
         - VerifyOpcodeF3F7@inst.zir:102
           cycle=18219, step=1575, pc=0x00202EC0, major=3, minor=0
         - VerifyOpcodeF3F7@inst.zir:103
           cycle=18219, step=1575, pc=0x00202EC0, major=3, minor=0
         - VerifyOpcodeF3F7@inst.zir:104
           cycle=18219, step=1575, pc=0x00202EC0, major=3, minor=0
       Global: memory permutation violated
         0x002001B4 (data): unexpected write 0x0022133c (cycle 35949)
         x20/s4: expected write missing, needed 0x0022133c (cycle 35949)
  [91] ✓ INSTR_TYPE_MOD @ step 821: 2 failures, 2811ms, outcome: REJECTED, exit: 101 [proof:GENERATED]
       r=0.107  T_new=0.00 F_new=0.00 F_rare=0.71 U=0 Q=0.51 Q_l=0.51 Q_g=1.00 dl=2 dg=0
       Value: 0x00000007 -> 0x00040003
       Original: AddI [major=0, minor=7]
       Mutated:  SraI [major=4, minor=3]
       zkVM errors (1 lines):
         • [prover_impl.rs:280] verify segment (internal proof verification failed)
       Local constraints hit (2 unique):
         - VerifyOpcodeF3F7@inst.zir:103
           cycle=17442, step=821, pc=0x00206168, major=4, minor=3
         - VerifyOpcodeF3F7@inst.zir:104
           cycle=17442, step=821, pc=0x00206168, major=4, minor=3
       Global: no permutation/lookup violations (local-only)
  [92] ✓ INSTR_TYPE_MOD @ step 3540: 4 failures, 2874ms, outcome: REJECTED, exit: 101 [proof:GENERATED] G=memory
       r=0.088  T_new=0.00 F_new=0.95 F_rare=1.00 U=0 Q=0.19 Q_l=0.26 Q_g=0.72 dl=4 dg=2
       Value: 0x00050002 -> 0x00010002
       Original: Lw [major=5, minor=2]
       Mutated:  AndI [major=1, minor=2]
       zkVM errors (3 lines):
         • [prover_impl.rs:280] verify segment (internal proof verification failed)
         • [ffi.cpp:113] address mismatch at cycle 20342: preflight=0x3fffc02c, actual=0x3fffc010
         • [kernels/cxx/ffi.cpp:208] SKIP THROW: memory peek not in preflight
       Local constraints hit (4 unique):
         - MemoryWrite@mem.zir:100
           cycle=20342, step=3540, pc=0xC000017C, major=1, minor=2
         - MemoryWrite@mem.zir:99
           cycle=20342, step=3540, pc=0xC000017C, major=1, minor=2
         - VerifyOpcodeF3@inst.zir:96
           cycle=20342, step=3540, pc=0xC000017C, major=1, minor=2
         - VerifyOpcodeF3@inst.zir:97
           cycle=20342, step=3540, pc=0xC000017C, major=1, minor=2
       Global: memory permutation violated
         0xFFFF0040 (data): expected write missing, needed 0x0022156c (cycle 40662)
         x12/a2: unexpected write 0x0022156c (cycle 40662)
  [93] ✓ INSTR_TYPE_MOD @ step 452: 3 failures, 2845ms, outcome: REJECTED, exit: 101 [proof:GENERATED]
       r=0.054  T_new=0.00 F_new=0.00 F_rare=0.60 U=0 Q=0.37 Q_l=0.37 Q_g=1.00 dl=3 dg=0
       Value: 0x00040002 -> 0x00020006
       Original: SrlI [major=4, minor=2]
       Mutated:  Auipc [major=2, minor=6]
       zkVM errors (1 lines):
         • [prover_impl.rs:280] verify segment (internal proof verification failed)
       Local constraints hit (3 unique):
         - MemoryWrite@mem.zir:100
           cycle=17049, step=452, pc=0x002061A8, major=2, minor=6
         - MemoryWrite@mem.zir:99
           cycle=17049, step=452, pc=0x002061A8, major=2, minor=6
         - VerifyOpcode@inst.zir:91
           cycle=17049, step=452, pc=0x002061A8, major=2, minor=6
       Global: no permutation/lookup violations (local-only)
  [94] ✓ INSTR_TYPE_MOD @ step 1673: 4 failures, 2813ms, outcome: REJECTED, exit: 101 [proof:GENERATED]
       r=0.049  T_new=0.00 F_new=0.00 F_rare=0.64 U=0 Q=0.26 Q_l=0.26 Q_g=1.00 dl=4 dg=0
       Value: 0x00000007 -> 0x00030003
       Original: AddI [major=0, minor=7]
       Mutated:  MulH [major=3, minor=3]
       zkVM errors (1 lines):
         • [prover_impl.rs:280] verify segment (internal proof verification failed)
       Local constraints hit (4 unique):
         - MemoryWrite@mem.zir:99
           cycle=18317, step=1673, pc=0x002096DC, major=3, minor=3
         - VerifyOpcodeF3F7@inst.zir:102
           cycle=18317, step=1673, pc=0x002096DC, major=3, minor=3
         - VerifyOpcodeF3F7@inst.zir:103
           cycle=18317, step=1673, pc=0x002096DC, major=3, minor=3
         - VerifyOpcodeF3F7@inst.zir:104
           cycle=18317, step=1673, pc=0x002096DC, major=3, minor=3
       Global: no permutation/lookup violations (local-only)
  [95] ✓ STORE_OUT_MOD @ step 3238: 2 failures, 2873ms, outcome: REJECTED, exit: 101 [proof:GENERATED] G=memory
       r=0.113  T_new=0.00 F_new=0.39 F_rare=0.69 U=0 Q=0.43 Q_l=0.51 Q_g=0.85 dl=2 dg=1
       Value: 0x00000062 -> 0x00080000
       Store address: 0x002001ec
       zkVM errors (1 lines):
         • [prover_impl.rs:280] verify segment (internal proof verification failed)
       Local constraints hit (2 unique):
         - MemoryWrite@mem.zir:100
           cycle=20040, step=3238, pc=0x00204BC0, major=6, minor=2
         - MemoryWrite@mem.zir:99
           cycle=20040, step=3238, pc=0x00204BC0, major=6, minor=2
       Global: memory permutation violated
         0x002001EC (data): wrote 0x00080000, expected 0x00000062 (cycle 40081)
  [96] ✓ PRE_EXEC_REG_MOD @ step 899: 2 failures, 2853ms, outcome: REJECTED, exit: 101 [proof:GENERATED] G=memory
       r=0.123  T_new=0.00 F_new=0.39 F_rare=0.79 U=0 Q=0.43 Q_l=0.51 Q_g=0.85 dl=2 dg=1
       Value: 0x00000000 -> 0x7706FF54
       Register: x0 (zero), READ, strategy=next_read
       zkVM errors (1 lines):
         • [prover_impl.rs:280] verify segment (internal proof verification failed)
       Local constraints hit (2 unique):
         - IsRead@mem.zir:79
           cycle=17526, step=899, pc=0x00206168, major=0, minor=7
         - IsRead@mem.zir:80
           cycle=17526, step=899, pc=0x00206168, major=0, minor=7
       Global: memory permutation violated
         x0/zero: wrote 0x7706ff54, expected 0x00000000 (cycle 35052)
  [97] ✓ INSTR_TYPE_MOD @ step 1214: 5 failures, 2866ms, outcome: REJECTED, exit: 101 [proof:GENERATED] G=memory
       r=0.064  T_new=0.00 F_new=0.86 F_rare=1.00 U=0 Q=0.14 Q_l=0.19 Q_g=0.72 dl=5 dg=2
       Value: 0x00000007 -> 0x00050004
       Original: AddI [major=0, minor=7]
       Mutated:  LhU [major=5, minor=4]
       zkVM errors (3 lines):
         • [prover_impl.rs:280] verify segment (internal proof verification failed)
         • [ffi.cpp:113] address mismatch at cycle 17858: preflight=0x3fffc023, actual=0x00000000
         • [kernels/cxx/ffi.cpp:208] SKIP THROW: memory peek not in preflight
       Local constraints hit (5 unique):
         - AddrDecomposeBits@u32.zir:87
           cycle=17858, step=1214, pc=0x00209A68, major=5, minor=4
         - MemoryWrite@mem.zir:99
           cycle=17858, step=1214, pc=0x00209A68, major=5, minor=4
         - OpLHU@inst_mem.zir:123
           cycle=17858, step=1214, pc=0x00209A68, major=5, minor=4
         - VerifyOpcodeF3@inst.zir:96
           cycle=17858, step=1214, pc=0x00209A68, major=5, minor=4
         - VerifyOpcodeF3@inst.zir:97
           cycle=17858, step=1214, pc=0x00209A68, major=5, minor=4
       Global: memory permutation violated
         0x00000000 (data): expected write missing, needed 0x00010800 (cycle 35678)
         x3/gp: unexpected write 0x00010800 (cycle 35678)
  [98] ✓ INSTR_TYPE_MOD @ step 1760: 3 failures, 2852ms, outcome: REJECTED, exit: 101 [proof:GENERATED] G=memory
       r=0.121  T_new=0.00 F_new=0.92 F_rare=1.00 U=0 Q=0.26 Q_l=0.37 Q_g=0.72 dl=3 dg=2
       Value: 0x00000007 -> 0x00050000
       Original: AddI [major=0, minor=7]
       Mutated:  Lb [major=5, minor=0]
       zkVM errors (3 lines):
         • [prover_impl.rs:280] verify segment (internal proof verification failed)
         • [ffi.cpp:113] address mismatch at cycle 18404: preflight=0x3fffc021, actual=0x00086ea0
         • [kernels/cxx/ffi.cpp:208] SKIP THROW: memory peek not in preflight
       Local constraints hit (3 unique):
         - MemoryWrite@mem.zir:100
           cycle=18404, step=1760, pc=0x002184CC, major=5, minor=0
         - MemoryWrite@mem.zir:99
           cycle=18404, step=1760, pc=0x002184CC, major=5, minor=0
         - VerifyOpcodeF3@inst.zir:96
           cycle=18404, step=1760, pc=0x002184CC, major=5, minor=0
       Global: memory permutation violated
         x1/ra: unexpected write 0x00205fd0 (cycle 36798)
         0x0021BA80 (code): expected write missing, needed 0x00205fd0 (cycle 36798)
  [99] ✓ INSTR_TYPE_MOD @ step 3167: 7 failures, 2863ms, outcome: REJECTED, exit: 101 [proof:GENERATED] G=memory
       r=0.009  T_new=0.00 F_new=1.00 F_rare=1.00 U=0 Q=0.02 Q_l=0.10 Q_g=0.19 dl=7 dg=10
       Value: 0x00050002 -> 0x00020003
       Original: Lw [major=5, minor=2]
       Mutated:  Jal [major=2, minor=3]
       zkVM errors (3 lines):
         • [prover_impl.rs:280] verify segment (internal proof verification failed)
         • [ffi.cpp:113] address mismatch at cycle 19969: preflight=0x00080064, actual=0x3fffc030
         • [kernels/cxx/ffi.cpp:208] SKIP THROW: memory peek not in preflight
       Local constraints hit (3 unique):
         - MemoryWrite@mem.zir:100 (x3)
           cycle=19969, step=3167, pc=0x0020582C, major=2, minor=3
         - MemoryWrite@mem.zir:99 (x3)
           cycle=19969, step=3167, pc=0x0020582C, major=2, minor=3
         - VerifyOpcode@inst.zir:91
           cycle=19969, step=3167, pc=0x0020582C, major=2, minor=3
       Global: memory permutation violated (20 addrs: 1 register, 18 code, 1 data)
         0x00200190 (data): unexpected write 0x0021ad2c (cycle 39347)
         x16/a6: expected write missing, needed 0x0021ad2c (cycle 39347)
         + 18 code addresses diverged (instruction fetch cascade)
  [100] ✓ INSTR_TYPE_MOD @ step 541: 4 failures, 2847ms, outcome: REJECTED, exit: 101 [proof:GENERATED] [+37 touch]
       r=0.172  T_new=0.65 F_new=0.86 F_rare=1.00 U=0 Q=0.26 Q_l=0.26 Q_g=1.00 dl=4 dg=0
       Value: 0x00000007 -> 0x00000005
       Original: AddI [major=0, minor=7]
       Mutated:  Slt [major=0, minor=5]
       zkVM errors (1 lines):
         • [prover_impl.rs:280] verify segment (internal proof verification failed)
       Local constraints hit (4 unique):
         - MemoryWrite@mem.zir:100
           cycle=17144, step=541, pc=0x002031E4, major=0, minor=5
         - MemoryWrite@mem.zir:99
           cycle=17144, step=541, pc=0x002031E4, major=0, minor=5
         - VerifyOpcodeF3F7@inst.zir:102
           cycle=17144, step=541, pc=0x002031E4, major=0, minor=5
         - VerifyOpcodeF3F7@inst.zir:103
           cycle=17144, step=541, pc=0x002031E4, major=0, minor=5
       Global: no permutation/lookup violations (local-only)
  [101] ✓ INSTR_TYPE_MOD @ step 1685: 2 failures, 2933ms, outcome: REJECTED, exit: 101 [proof:GENERATED]
       r=0.081  T_new=0.00 F_new=0.00 F_rare=0.64 U=0 Q=0.51 Q_l=0.51 Q_g=1.00 dl=2 dg=0
       Value: 0x00060002 -> 0x00060000
       Original: Sw [major=6, minor=2]
       Mutated:  Sb [major=6, minor=0]
       zkVM errors (1 lines):
         • [prover_impl.rs:280] verify segment (internal proof verification failed)
       Local constraints hit (2 unique):
         - MemoryWrite@mem.zir:100
           cycle=18329, step=1685, pc=0x00205F68, major=6, minor=0
         - VerifyOpcodeF3@inst.zir:97
           cycle=18329, step=1685, pc=0x00205F68, major=6, minor=0
       Global: no permutation/lookup violations (local-only)
  [102] ✓ INSTR_TYPE_MOD @ step 1981: 4 failures, 2848ms, outcome: REJECTED, exit: 101 [proof:GENERATED] G=memory
       r=0.074  T_new=0.00 F_new=0.63 F_rare=1.00 U=0 Q=0.19 Q_l=0.26 Q_g=0.72 dl=4 dg=2
       Value: 0x00000007 -> 0x00050003
       Original: AddI [major=0, minor=7]
       Mutated:  LbU [major=5, minor=3]
       zkVM errors (3 lines):
         • [prover_impl.rs:280] verify segment (internal proof verification failed)
         • [ffi.cpp:113] address mismatch at cycle 18630: preflight=0x3fffc021, actual=0x00086ea4
         • [kernels/cxx/ffi.cpp:208] SKIP THROW: memory peek not in preflight
       Local constraints hit (4 unique):
         - MemoryWrite@mem.zir:100
           cycle=18630, step=1981, pc=0x002184CC, major=5, minor=3
         - MemoryWrite@mem.zir:99
           cycle=18630, step=1981, pc=0x002184CC, major=5, minor=3
         - VerifyOpcodeF3@inst.zir:96
           cycle=18630, step=1981, pc=0x002184CC, major=5, minor=3
         - VerifyOpcodeF3@inst.zir:97
           cycle=18630, step=1981, pc=0x002184CC, major=5, minor=3
       Global: memory permutation violated
         x1/ra: unexpected write 0x00205fd0 (cycle 37250)
         0x0021BA90 (code): expected write missing, needed 0x00205fd0 (cycle 37250)
  [103] ✓ INSTR_TYPE_MOD @ step 3416: 4 failures, 2859ms, outcome: REJECTED, exit: 101 [proof:GENERATED]
       r=0.041  T_new=0.00 F_new=0.00 F_rare=0.64 U=0 Q=0.26 Q_l=0.26 Q_g=1.00 dl=4 dg=0
       Value: 0x00000007 -> 0x00000006
       Original: AddI [major=0, minor=7]
       Mutated:  SltU [major=0, minor=6]
       zkVM errors (1 lines):
         • [prover_impl.rs:280] verify segment (internal proof verification failed)
       Local constraints hit (4 unique):
         - MemoryWrite@mem.zir:100
           cycle=20218, step=3416, pc=0x0020343C, major=0, minor=6
         - MemoryWrite@mem.zir:99
           cycle=20218, step=3416, pc=0x0020343C, major=0, minor=6
         - VerifyOpcodeF3F7@inst.zir:102
           cycle=20218, step=3416, pc=0x0020343C, major=0, minor=6
         - VerifyOpcodeF3F7@inst.zir:103
           cycle=20218, step=3416, pc=0x0020343C, major=0, minor=6
       Global: no permutation/lookup violations (local-only)
  [104] ✓ COMP_OUT_MOD @ step 3357: 1 failures, 2851ms, outcome: REJECTED, exit: 101 [proof:GENERATED] G=memory
       r=0.181  T_new=0.00 F_new=0.39 F_rare=0.85 U=0 Q=0.61 Q_l=0.72 Q_g=0.85 dl=1 dg=1
       Value: 0x00000000 -> 0xFFFF0000
       Destination: rd = x11 (a1)
       zkVM errors (1 lines):
         • [prover_impl.rs:280] verify segment (internal proof verification failed)
       Local constraints hit (1 unique):
         - MemoryWrite@mem.zir:100
           cycle=20159, step=3357, pc=0x0020346C, major=1, minor=2
       Global: memory permutation violated
         x11/a1: wrote 0xffff0000, expected 0x00000000 (cycle 40319)
  [105] ✓ INSTR_WORD_MOD_FULL @ step 3528: 2 failures, 2848ms, outcome: REJECTED, exit: 101 [proof:GENERATED] G=memory
       r=0.046  T_new=0.00 F_new=0.99 F_rare=1.00 U=0 Q=0.10 Q_l=0.51 Q_g=0.19 dl=2 dg=10
       Value: 0x00D7E463 -> 0x5F30EE13
       Original: BLTU x15, x13, 8
       Mutated:  ORI x28, x1, 1523
       Format changed: B -> I
       zkVM errors (3 lines):
         • [prover_impl.rs:280] verify segment (internal proof verification failed)
         • [ffi.cpp:113] address mismatch at cycle 20330: preflight=0x3fffc02f, actual=0x3fffc021
         • [kernels/cxx/ffi.cpp:208] SKIP THROW: memory peek not in preflight
       Local constraints hit (2 unique):
         - MemoryWrite@mem.zir:99
           cycle=20333, step=3531, pc=0xC0000070, major=7, minor=2
         - VerifyOpcodeF3@inst.zir:96
           cycle=20330, step=3528, pc=0x002061E4, major=2, minor=1
       Global: memory permutation violated (11 addrs: 4 register, 7 code)
         x1/ra: expected write missing, needed 0x00000001 (cycle 40658)
         x13/a3: unexpected write 0x000003e8 (cycle 40657)
         x15/a5: unexpected write 0x00000001 (cycle 40658)
         + 7 code addresses diverged (instruction fetch cascade)
         + 1 more addresses
  [106] ✓ INSTR_TYPE_MOD @ step 727: 3 failures, 2871ms, outcome: REJECTED, exit: 101 [proof:GENERATED] G=memory
       r=0.112  T_new=0.00 F_new=0.78 F_rare=1.00 U=0 Q=0.26 Q_l=0.37 Q_g=0.72 dl=3 dg=2
       Value: 0x00000007 -> 0x00050000
       Original: AddI [major=0, minor=7]
       Mutated:  Lb [major=5, minor=0]
       zkVM errors (3 lines):
         • [prover_impl.rs:280] verify segment (internal proof verification failed)
         • [ffi.cpp:113] address mismatch at cycle 17342: preflight=0x3fffc020, actual=0x00000000
         • [kernels/cxx/ffi.cpp:208] SKIP THROW: memory peek not in preflight
       Local constraints hit (3 unique):
         - AddrDecomposeBits@u32.zir:87
           cycle=17342, step=727, pc=0x002031B0, major=5, minor=0
         - MemoryWrite@mem.zir:99
           cycle=17342, step=727, pc=0x002031B0, major=5, minor=0
         - VerifyOpcodeF3@inst.zir:96
           cycle=17342, step=727, pc=0x002031B0, major=5, minor=0
       Global: memory permutation violated
         0x00000000 (data): expected write missing, needed 0x00000000 (cycle 34682)
         x0/zero: unexpected write 0x00000000 (cycle 34682)
  [107] ✓ INSTR_TYPE_MOD @ step 1988: 4 failures, 2862ms, outcome: REJECTED, exit: 101 [proof:GENERATED] G=memory
       r=0.074  T_new=0.00 F_new=0.63 F_rare=1.00 U=0 Q=0.19 Q_l=0.26 Q_g=0.72 dl=4 dg=2
       Value: 0x00000007 -> 0x00050003
       Original: AddI [major=0, minor=7]
       Mutated:  LbU [major=5, minor=3]
       zkVM errors (3 lines):
         • [prover_impl.rs:280] verify segment (internal proof verification failed)
         • [ffi.cpp:113] address mismatch at cycle 18637: preflight=0x3fffc021, actual=0x00086ea4
         • [kernels/cxx/ffi.cpp:208] SKIP THROW: memory peek not in preflight
       Local constraints hit (4 unique):
         - MemoryWrite@mem.zir:100
           cycle=18637, step=1988, pc=0x002184CC, major=5, minor=3
         - MemoryWrite@mem.zir:99
           cycle=18637, step=1988, pc=0x002184CC, major=5, minor=3
         - VerifyOpcodeF3@inst.zir:96
           cycle=18637, step=1988, pc=0x002184CC, major=5, minor=3
         - VerifyOpcodeF3@inst.zir:97
           cycle=18637, step=1988, pc=0x002184CC, major=5, minor=3
       Global: memory permutation violated
         x1/ra: unexpected write 0x00205fd0 (cycle 37264)
         0x0021BA90 (code): expected write missing, needed 0x00205fd0 (cycle 37264)
  [108] ✓ INSTR_TYPE_MOD @ step 3928: 6 failures, 2860ms, outcome: REJECTED, exit: 101 [proof:GENERATED] [+33 touch] G=memory
       r=0.046  T_new=0.61 F_new=0.98 F_rare=1.00 U=0 Q=0.07 Q_l=0.14 Q_g=0.51 dl=6 dg=4
       Value: 0x00000007 -> 0x0000000A
       Original: AddI [major=0, minor=7]
       Mutated:  AndI [major=0, minor=10] ⚠INVALID
       zkVM errors (3 lines):
         • [prover_impl.rs:280] verify segment (internal proof verification failed)
         • [ffi.cpp:113] address mismatch at cycle 20878: preflight=0x3fffc011, actual=0x3fffc040
         • [kernels/cxx/ffi.cpp:208] SKIP THROW: memory peek not in preflight
       Local constraints hit (5 unique):
         - AddrDecomposeBits@u32.zir:87 (x2)
           cycle=20879, step=3929, pc=0xC00000F8, major=8, minor=0
         - MemoryWrite@mem.zir:100
           cycle=20881, step=3929, pc=0x00000000, major=7, minor=4
         - MemoryWrite@mem.zir:99
           cycle=20881, step=3929, pc=0x00000000, major=7, minor=4
         - OneHot@one_hot.zir:11
           cycle=20878, step=3928, pc=0xC00000F8, major=0, minor=10
         - OneHot@one_hot.zir:9
           cycle=20878, step=3928, pc=0xC00000F8, major=0, minor=10
       Global: memory permutation violated
         0x00000000 (data): expected write missing, needed 0x00000073 (cycle 30062)
         0xC00000F8 (data): unexpected write 0x00000073 (cycle 30062)
         0xFFFF0044 (data): unexpected write 0x00000004 (cycle 41362)
         0xFFFF0100 (data): expected write missing, needed 0x00000004 (cycle 41362)
  [109] ✓ INSTR_TYPE_MOD @ step 3907: 3 failures, 2938ms, outcome: REJECTED, exit: 101 [proof:GENERATED] [+2 touch] G=memory|cycle
       r=0.077  T_new=0.06 F_new=0.86 F_rare=1.00 U=0 Q=0.16 Q_l=0.37 Q_g=0.43 dl=3 dg=5
       Value: 0x00060002 -> 0x00040004
       Original: Sw [major=6, minor=2]
       Mutated:  Div [major=4, minor=4]
       zkVM errors (3 lines):
         • [prover_impl.rs:280] verify segment (internal proof verification failed)
         • [ffi.cpp:113] address mismatch at cycle 20857: preflight=0x3fffc091, actual=0x3fffc004
         • [kernels/cxx/ffi.cpp:208] SKIP THROW: memory peek not in preflight
       Local constraints hit (3 unique):
         - VerifyOpcodeF3F7@inst.zir:102
           cycle=20857, step=3907, pc=0xC00000A4, major=4, minor=4
         - VerifyOpcodeF3F7@inst.zir:103
           cycle=20857, step=3907, pc=0xC00000A4, major=4, minor=4
         - VerifyOpcodeF3F7@inst.zir:104
           cycle=20857, step=3907, pc=0xC00000A4, major=4, minor=4
       Global: memory permutation violated
         0xFFFF0010 (data): expected write missing, needed 0x00000000 (cycle 32214)
         0xFFFF0244 (data): unexpected write 0x00000000 (cycle 32214)
       Global: cycle lookup violated (3 indices broken)
         index 0: 2254 provides, 1 uses (imbalanced)
         index 9499: orphan use (1 entries, no matching provide)
         index 9500: 1 provides, 1 uses (imbalanced)
  [110] ✓ INSTR_TYPE_MOD @ step 524: 5 failures, 3087ms, outcome: REJECTED, exit: 101 [proof:GENERATED] [+1 new] [+2 touch] G=memory|cycle
       r=0.018  T_new=0.06 F_new=0.99 F_rare=1.00 U=0 Q=0.04 Q_l=0.19 Q_g=0.19 dl=5 dg=10
       Value: 0x00000007 -> 0x00000004
       Original: AddI [major=0, minor=7]
       Mutated:  And [major=0, minor=4]
       zkVM errors (3 lines):
         • [prover_impl.rs:280] verify segment (internal proof verification failed)
         • [ffi.cpp:113] address mismatch at cycle 17121: preflight=0x3fffc011, actual=0x3fffc000
         • [kernels/cxx/buffers.h:43] SKIP THROW: Inconsistent set
       Local constraints hit (5 unique):
         - ECallHostReadSetup@inst_ecall.zir:70
           cycle=17122, step=524, pc=0xC000014C, major=8, minor=2
         - MemoryWrite@mem.zir:100
           cycle=17121, step=524, pc=0xC000014C, major=0, minor=4
         - MemoryWrite@mem.zir:99
           cycle=17121, step=524, pc=0xC000014C, major=0, minor=4
         - VerifyOpcodeF3F7@inst.zir:102
           cycle=17121, step=524, pc=0xC000014C, major=0, minor=4
         - VerifyOpcodeF3F7@inst.zir:103
           cycle=17121, step=524, pc=0xC000014C, major=0, minor=4
       Global: memory permutation violated
         0xC0000150 (data): unexpected write 0x00000513 (cycle 34080)
         0xC0000154 (data): expected write missing, needed 0x00000513 (cycle 34080)
         0xC0000158 (data): expected write missing, needed 0x02820593 (cycle 34082)
         0xC000015C (data): expected write missing, needed 0x00800613 (cycle 34084)
         0xC0000160 (data): expected write missing, needed 0x00000073 (cycle 34086)
         0xC0000164 (data): expected write missing, needed 0x30200073 (cycle 34092)
         0xFFFF0000 (data): expected write missing, needed 0x00000001 (cycle 34231)
         0xFFFF0044 (data): unexpected write 0x00000001 (cycle 34231)
         0xFFFF0100 (data): expected write missing, needed 0x0021a0c8 (cycle 34233)
       Global: cycle lookup violated (1 indices broken)
         index 9: 344 provides, 1 uses (imbalanced)
  [111] ✓ INSTR_TYPE_MOD @ step 1765: 3 failures, 2838ms, outcome: REJECTED, exit: 101 [proof:GENERATED] G=memory
       r=0.112  T_new=0.00 F_new=0.63 F_rare=1.00 U=0 Q=0.26 Q_l=0.37 Q_g=0.72 dl=3 dg=2
       Value: 0x00050003 -> 0x00040000
       Original: LbU [major=5, minor=3]
       Mutated:  Srl [major=4, minor=0]
       zkVM errors (3 lines):
         • [prover_impl.rs:280] verify segment (internal proof verification failed)
         • [ffi.cpp:113] address mismatch at cycle 18409: preflight=0x00086ea0, actual=0x3fffc020
         • [kernels/cxx/ffi.cpp:208] SKIP THROW: memory peek not in preflight
       Local constraints hit (3 unique):
         - MemoryWrite@mem.zir:99
           cycle=18409, step=1765, pc=0x002184C4, major=4, minor=0
         - VerifyOpcodeF3F7@inst.zir:102
           cycle=18409, step=1765, pc=0x002184C4, major=4, minor=0
         - VerifyOpcodeF3F7@inst.zir:103
           cycle=18409, step=1765, pc=0x002184C4, major=4, minor=0
       Global: memory permutation violated
         x0/zero: expected write missing, needed 0x4341425f (cycle 36804)
         0x0021BA80 (code): unexpected write 0x4341425f (cycle 36804)
  [112] ✓ INSTR_TYPE_MOD @ step 0: 6 failures, 2922ms, outcome: REJECTED, exit: 101 [proof:GENERATED] [+1 new] [+1 touch] G=memory|cycle
       r=0.036  T_new=0.03 F_new=0.78 F_rare=1.00 U=0 Q=0.08 Q_l=0.14 Q_g=0.61 dl=6 dg=3
       Value: 0x00020006 -> 0x00060002
       Original: Auipc [major=2, minor=6]
       Mutated:  Sw [major=6, minor=2]
       zkVM errors (3 lines):
         • [prover_impl.rs:280] verify segment (internal proof verification failed)
         • [ffi.cpp:113] address mismatch at cycle 0: preflight=0x44000000, actual=0x00000000
         • [kernels/cxx/ffi.cpp:208] SKIP THROW: memory peek not in preflight
       Local constraints hit (6 unique):
         - AddrDecompose@u32.zir:67
           cycle=0, step=0, pc=0x00000000, major=6, minor=2
         - AddrDecomposeBits@u32.zir:87
           cycle=0, step=0, pc=0x00000000, major=6, minor=2
         - ControlLoadRootAndNonce@inst_control.zir:23
           cycle=1, step=0, pc=0x00000000, major=7, minor=0
         - MemStoreInput@inst_mem.zir:18
           cycle=0, step=0, pc=0x00000000, major=6, minor=2
         - VerifyOpcodeF3@inst.zir:96
           cycle=0, step=0, pc=0x00000000, major=6, minor=2
         - VerifyOpcodeF3@inst.zir:97
           cycle=0, step=0, pc=0x00000000, major=6, minor=2
       Global: memory permutation violated
         0x00000000 (data): unexpected write 0x00000000 (cycle 1)
       Global: cycle lookup violated (2 indices broken)
         index 0: 2256 provides, 1 uses (imbalanced)
         index 2013265920: orphan provide (3 entries, no matching use)
  [113] ✓ INSTR_TYPE_MOD @ step 3928: 7 failures, 2917ms, outcome: REJECTED, exit: 101 [proof:GENERATED] [+2 touch] G=memory
       r=0.013  T_new=0.06 F_new=0.00 F_rare=0.71 U=0 Q=0.07 Q_l=0.10 Q_g=0.72 dl=7 dg=2
       Value: 0x00000007 -> 0x00020004
       Original: AddI [major=0, minor=7]
       Mutated:  JalR [major=2, minor=4]
       zkVM errors (3 lines):
         • [prover_impl.rs:280] verify segment (internal proof verification failed)
         • [ffi.cpp:113] address mismatch at cycle 20879: preflight=0x3000003e, actual=0x00000000
         • [kernels/cxx/buffers.h:43] SKIP THROW: Inconsistent set
       Local constraints hit (4 unique):
         - AddrDecomposeBits@u32.zir:87 (x2)
           cycle=20879, step=3929, pc=0xC00000F8, major=8, minor=0
         - MemoryWrite@mem.zir:100 (x2)
           cycle=20878, step=3928, pc=0xC00000F8, major=2, minor=4
         - MemoryWrite@mem.zir:99 (x2)
           cycle=20878, step=3928, pc=0xC00000F8, major=2, minor=4
         - VerifyOpcodeF3@inst.zir:96
           cycle=20878, step=3928, pc=0xC00000F8, major=2, minor=4
       Global: memory permutation violated
         0x00000000 (data): expected write missing, needed 0x00000073 (cycle 30062)
         0xC00000F8 (data): unexpected write 0x00000073 (cycle 30062)
  [114] ✓ PRE_EXEC_REG_MOD @ step 2746: 3 failures, 2859ms, outcome: REJECTED, exit: 101 [proof:GENERATED] G=memory
       r=0.095  T_new=0.00 F_new=0.78 F_rare=1.00 U=0 Q=0.22 Q_l=0.37 Q_g=0.61 dl=3 dg=3
       Value: 0x00200300 -> 0xAE2B413A
       Register: x2 (sp), READ, strategy=next_read
       zkVM errors (3 lines):
         • [prover_impl.rs:280] verify segment (internal proof verification failed)
         • [ffi.cpp:113] address mismatch at cycle 19474: preflight=0x000800c0, actual=0x2b8ad04e
         • [kernels/cxx/ffi.cpp:208] SKIP THROW: memory peek not in preflight
       Local constraints hit (3 unique):
         - IsRead@mem.zir:79
           cycle=19474, step=2746, pc=0x002016F4, major=6, minor=2
         - IsRead@mem.zir:80
           cycle=19474, step=2746, pc=0x002016F4, major=6, minor=2
         - OpSW@inst_mem.zir:161
           cycle=19474, step=2746, pc=0x002016F4, major=6, minor=2
       Global: memory permutation violated
         0x00200300 (data): unexpected write 0x00000000 (cycle 38810)
         0xAE2B4138 (data): expected write missing, needed 0x00000000 (cycle 38810)
         x2/sp: wrote 0xae2b413a, expected 0x00200300 (cycle 38948)
  [115] ✓ INSTR_TYPE_MOD @ step 2241: 3 failures, 2919ms, outcome: REJECTED, exit: 101 [proof:GENERATED] G=memory|cycle
       r=0.071  T_new=0.00 F_new=0.86 F_rare=1.00 U=0 Q=0.16 Q_l=0.37 Q_g=0.43 dl=3 dg=5
       Value: 0x00060002 -> 0x00010007
       Original: Sw [major=6, minor=2]
       Mutated:  Blt [major=1, minor=7]
       zkVM errors (3 lines):
         • [prover_impl.rs:280] verify segment (internal proof verification failed)
         • [ffi.cpp:113] address mismatch at cycle 18895: preflight=0x000800c1, actual=0x3fffc060
         • [kernels/cxx/ffi.cpp:208] SKIP THROW: memory peek not in preflight
       Local constraints hit (3 unique):
         - MemoryWrite@mem.zir:99
           cycle=18895, step=2241, pc=0x00203430, major=1, minor=7
         - VerifyOpcodeF3@inst.zir:96
           cycle=18895, step=2241, pc=0x00203430, major=1, minor=7
         - VerifyOpcodeF3@inst.zir:97
           cycle=18895, step=2241, pc=0x00203430, major=1, minor=7
       Global: memory permutation violated
         0x00200304 (data): unexpected write 0x00000004 (cycle 36450)
         0xFFFF0180 (data): expected write missing, needed 0x00000004 (cycle 36450)
       Global: cycle lookup violated (3 indices broken)
         index 0: 2254 provides, 1 uses (imbalanced)
         index 1339: 3 provides, 1 uses (imbalanced)
         index 1340: 1 provides, 1 uses (imbalanced)
  [116] ✓ INSTR_TYPE_MOD @ step 1556: 4 failures, 2813ms, outcome: REJECTED, exit: 101 [proof:GENERATED]
       r=0.032  T_new=0.00 F_new=0.00 F_rare=0.49 U=0 Q=0.26 Q_l=0.26 Q_g=1.00 dl=4 dg=0
       Value: 0x00000007 -> 0x00000004
       Original: AddI [major=0, minor=7]
       Mutated:  And [major=0, minor=4]
       zkVM errors (1 lines):
         • [prover_impl.rs:280] verify segment (internal proof verification failed)
       Local constraints hit (4 unique):
         - MemoryWrite@mem.zir:99
           cycle=18200, step=1556, pc=0x002184D0, major=0, minor=4
         - VerifyOpcodeF3F7@inst.zir:102
           cycle=18200, step=1556, pc=0x002184D0, major=0, minor=4
         - VerifyOpcodeF3F7@inst.zir:103
           cycle=18200, step=1556, pc=0x002184D0, major=0, minor=4
         - VerifyOpcodeF3F7@inst.zir:104
           cycle=18200, step=1556, pc=0x002184D0, major=0, minor=4
       Global: no permutation/lookup violations (local-only)
  [117] ✓ MEM_VAL_MOD @ step 12: 4 failures, 2870ms, outcome: REJECTED, exit: 101 [proof:GENERATED] G=memory
       r=0.061  T_new=0.00 F_new=0.39 F_rare=0.75 U=0 Q=0.22 Q_l=0.26 Q_g=0.85 dl=4 dg=1
       Value: 0x00000000 -> 0xDFEDFFBF
       Transaction: other_mem_read (READ) at address 0xffff0000
       zkVM errors (1 lines):
         • [prover_impl.rs:280] verify segment (internal proof verification failed)
       Local constraints hit (4 unique):
         - IsRead@mem.zir:79
           cycle=16585, step=12, pc=0xC0000034, major=0, minor=7
         - IsRead@mem.zir:80
           cycle=16585, step=12, pc=0xC0000034, major=0, minor=7
         - MemoryWrite@mem.zir:100
           cycle=16585, step=12, pc=0xC0000034, major=0, minor=7
         - MemoryWrite@mem.zir:99
           cycle=16585, step=12, pc=0xC0000034, major=0, minor=7
       Global: memory permutation violated
         0xFFFF0000 (data): wrote 0xdfedffbf, expected 0x00000000 (cycle 33170)
  [118] ✓ INSTR_TYPE_MOD @ step 1859: 5 failures, 2831ms, outcome: REJECTED, exit: 101 [proof:GENERATED] [+1 touch]
       r=0.031  T_new=0.03 F_new=0.00 F_rare=0.64 U=0 Q=0.19 Q_l=0.19 Q_g=1.00 dl=5 dg=0
       Value: 0x00000007 -> 0x00000006
       Original: AddI [major=0, minor=7]
       Mutated:  SltU [major=0, minor=6]
       zkVM errors (1 lines):
         • [prover_impl.rs:280] verify segment (internal proof verification failed)
       Local constraints hit (5 unique):
         - MemoryWrite@mem.zir:100
           cycle=18508, step=1859, pc=0x0020600C, major=0, minor=6
         - MemoryWrite@mem.zir:99
           cycle=18508, step=1859, pc=0x0020600C, major=0, minor=6
         - VerifyOpcodeF3F7@inst.zir:102
           cycle=18508, step=1859, pc=0x0020600C, major=0, minor=6
         - VerifyOpcodeF3F7@inst.zir:103
           cycle=18508, step=1859, pc=0x0020600C, major=0, minor=6
         - VerifyOpcodeF3F7@inst.zir:104
           cycle=18508, step=1859, pc=0x0020600C, major=0, minor=6
       Global: no permutation/lookup violations (local-only)
  [119] ✓ INSTR_WORD_MOD_SUR @ step 1177: 1 failures, 2849ms, outcome: REJECTED, exit: 101 [proof:GENERATED] G=memory
       r=0.172  T_new=0.00 F_new=0.39 F_rare=0.79 U=0 Q=0.61 Q_l=0.72 Q_g=0.85 dl=1 dg=1
       Value: 0xFC040FA3 -> 0xFC040F93
       Surgical: opcode = 35 -> 19
       Original: SB x0, -33(x8)
       Mutated:  ADDI x31, x8, -64
       zkVM errors (1 lines):
         • [prover_impl.rs:280] verify segment (internal proof verification failed)
       Local constraints hit (1 unique):
         - VerifyOpcodeF3@inst.zir:96
           cycle=17821, step=1177, pc=0x00208AE8, major=6, minor=0
       Global: memory permutation violated
         0x00208AE4 (code): wrote 0xfc040fa3, expected 0xfc040f93 (cycle 19434)
  [120] ✓ INSTR_TYPE_MOD @ step 792: 4 failures, 2824ms, outcome: REJECTED, exit: 101 [proof:GENERATED]
       r=0.079  T_new=0.00 F_new=0.39 F_rare=0.85 U=0 Q=0.26 Q_l=0.26 Q_g=1.00 dl=4 dg=0
       Value: 0x00000007 -> 0x00000003
       Original: AddI [major=0, minor=7]
       Mutated:  Or [major=0, minor=3]
       zkVM errors (1 lines):
         • [prover_impl.rs:280] verify segment (internal proof verification failed)
       Local constraints hit (4 unique):
         - MemoryWrite@mem.zir:100
           cycle=17413, step=792, pc=0x002009DC, major=0, minor=3
         - MemoryWrite@mem.zir:99
           cycle=17413, step=792, pc=0x002009DC, major=0, minor=3
         - VerifyOpcodeF3F7@inst.zir:102
           cycle=17413, step=792, pc=0x002009DC, major=0, minor=3
         - VerifyOpcodeF3F7@inst.zir:103
           cycle=17413, step=792, pc=0x002009DC, major=0, minor=3
       Global: no permutation/lookup violations (local-only)
  [121] ✓ INSTR_TYPE_MOD @ step 3581: 4 failures, 3020ms, outcome: REJECTED, exit: 101 [proof:GENERATED] G=memory|cycle
       r=0.014  T_new=0.00 F_new=1.00 F_rare=1.00 U=0 Q=0.03 Q_l=0.26 Q_g=0.11 dl=4 dg=13
       Value: 0x00060002 -> 0x00010007
       Original: Sw [major=6, minor=2]
       Mutated:  Blt [major=1, minor=7]
       zkVM errors (3 lines):
         • [prover_impl.rs:280] verify segment (internal proof verification failed)
         • [ffi.cpp:113] address mismatch at cycle 20457: preflight=0x0008005f, actual=0x3fffc060
         • [kernels/cxx/ffi.cpp:208] SKIP THROW: memory peek not in preflight
       Local constraints hit (3 unique):
         - MemoryWrite@mem.zir:99 (x2)
           cycle=20478, step=3602, pc=0x002056AC, major=2, minor=6
         - VerifyOpcodeF3@inst.zir:96
           cycle=20457, step=3581, pc=0x00205638, major=1, minor=7
         - VerifyOpcodeF3@inst.zir:97
           cycle=20457, step=3581, pc=0x00205638, major=1, minor=7
       Global: memory permutation violated (34 addrs: 32 code, 2 data)
         0x0020017C (data): unexpected write 0x00000000 (cycle 39948)
         0xFFFF0180 (data): expected write missing, needed 0x00000000 (cycle 39948)
         + 32 code addresses diverged (instruction fetch cascade)
       Global: cycle lookup violated (3 indices broken)
         index 0: 2254 provides, 1 uses (imbalanced)
         index 965: 10 provides, 1 uses (imbalanced)
         index 966: 1 provides, 1 uses (imbalanced)
  [122] ✓ INSTR_TYPE_MOD @ step 2950: 1 failures, 2808ms, outcome: REJECTED, exit: 101 [proof:GENERATED]
       r=0.101  T_new=0.00 F_new=0.00 F_rare=0.58 U=0 Q=0.72 Q_l=0.72 Q_g=1.00 dl=1 dg=0
       Value: 0x00060002 -> 0x00060000
       Original: Sw [major=6, minor=2]
       Mutated:  Sb [major=6, minor=0]
       zkVM errors (1 lines):
         • [prover_impl.rs:280] verify segment (internal proof verification failed)
       Local constraints hit (1 unique):
         - VerifyOpcodeF3@inst.zir:97
           cycle=19678, step=2950, pc=0x00205638, major=6, minor=0
       Global: no permutation/lookup violations (local-only)
  [123] ✓ INSTR_TYPE_MOD @ step 2673: 5 failures, 2985ms, outcome: REJECTED, exit: 101 [proof:GENERATED] G=memory|cycle
       r=0.028  T_new=0.00 F_new=0.97 F_rare=1.00 U=0 Q=0.06 Q_l=0.19 Q_g=0.31 dl=5 dg=7
       Value: 0x00050002 -> 0x00060002
       Original: Lw [major=5, minor=2]
       Mutated:  Sw [major=6, minor=2]
       zkVM errors (3 lines):
         • [prover_impl.rs:280] verify segment (internal proof verification failed)
         • [ffi.cpp:113] address mismatch at cycle 19401: preflight=0x000800bf, actual=0x3fffc02c
         • [kernels/cxx/ffi.cpp:208] SKIP THROW: memory peek not in preflight
       Local constraints hit (5 unique):
         - IsRead@mem.zir:79
           cycle=19401, step=2673, pc=0x00205314, major=6, minor=2
         - MemoryWrite@mem.zir:100
           cycle=19401, step=2673, pc=0x00205314, major=6, minor=2
         - MemoryWrite@mem.zir:99
           cycle=19401, step=2673, pc=0x00205314, major=6, minor=2
         - OpSW@inst_mem.zir:160
           cycle=19401, step=2673, pc=0x00205314, major=6, minor=2
         - VerifyOpcodeF3@inst.zir:96
           cycle=19401, step=2673, pc=0x00205314, major=6, minor=2
       Global: memory permutation violated
         0x002002F0 (data): expected write missing, needed 0x00812403 (cycle 15590)
         0x002002FC (data): unexpected write 0x002015cc (cycle 38693)
         x1/ra: unexpected write 0x0020530c (cycle 38798)
         x12/a2: expected write missing, needed 0x002015cc (cycle 38693)
       Global: cycle lookup violated (3 indices broken)
         index 3: 698 provides, 1 uses (imbalanced)
         index 4: 251 provides, 1 uses (imbalanced)
         index 23212: 1 provides, 1 uses (imbalanced)
  [124] ✓ LOAD_VAL_MOD @ step 623: 2 failures, 2839ms, outcome: REJECTED, exit: 101 [proof:GENERATED] G=memory
       r=0.115  T_new=0.00 F_new=0.39 F_rare=0.70 U=0 Q=0.43 Q_l=0.51 Q_g=0.85 dl=2 dg=1
       Value: 0x00200944 -> 0x00040000
       Load destination: rd = x1 (ra)
       zkVM errors (1 lines):
         • [prover_impl.rs:280] verify segment (internal proof verification failed)
       Local constraints hit (2 unique):
         - MemoryWrite@mem.zir:100
           cycle=17232, step=623, pc=0x002031EC, major=5, minor=2
         - MemoryWrite@mem.zir:99
           cycle=17232, step=623, pc=0x002031EC, major=5, minor=2
       Global: memory permutation violated
         x1/ra: wrote 0x00040000, expected 0x00200944 (cycle 34465)
  [125] ✓ INSTR_TYPE_MOD @ step 3627: 5 failures, 2901ms, outcome: REJECTED, exit: 101 [proof:GENERATED] G=memory|cycle
       r=0.038  T_new=0.00 F_new=0.86 F_rare=1.00 U=0 Q=0.08 Q_l=0.19 Q_g=0.43 dl=5 dg=5
       Value: 0x00060002 -> 0x00030003
       Original: Sw [major=6, minor=2]
       Mutated:  MulH [major=3, minor=3]
       zkVM errors (3 lines):
         • [prover_impl.rs:280] verify segment (internal proof verification failed)
         • [ffi.cpp:113] address mismatch at cycle 20503: preflight=0x000884ff, actual=0x3fffc03c
         • [kernels/cxx/ffi.cpp:208] SKIP THROW: memory peek not in preflight
       Local constraints hit (5 unique):
         - MemoryWrite@mem.zir:100
           cycle=20503, step=3627, pc=0x00205E38, major=3, minor=3
         - MemoryWrite@mem.zir:99
           cycle=20503, step=3627, pc=0x00205E38, major=3, minor=3
         - VerifyOpcodeF3F7@inst.zir:102
           cycle=20503, step=3627, pc=0x00205E38, major=3, minor=3
         - VerifyOpcodeF3F7@inst.zir:103
           cycle=20503, step=3627, pc=0x00205E38, major=3, minor=3
         - VerifyOpcodeF3F7@inst.zir:104
           cycle=20503, step=3627, pc=0x00205E38, major=3, minor=3
       Global: memory permutation violated
         x28/t3: expected write missing, needed 0x00221610 (cycle 40972)
         0x002213FC (code): unexpected write 0x00221610 (cycle 40972)
       Global: cycle lookup violated (3 indices broken)
         index 0: 2254 provides, 1 uses (imbalanced)
         index 33: 36 provides, 1 uses (imbalanced)
         index 34: 25 provides, 1 uses (imbalanced)
  [126] ✓ PRE_EXEC_REG_MOD @ step 124: 1 failures, 2862ms, outcome: REJECTED, exit: 101 [proof:GENERATED] G=memory
       r=0.236  T_new=0.00 F_new=0.63 F_rare=1.00 U=0 Q=0.61 Q_l=0.72 Q_g=0.85 dl=1 dg=1
       Value: 0x00000000 -> 0x0000FFFF
       Register: x19 (s3), READ, strategy=next_read
       zkVM errors (1 lines):
         • [prover_impl.rs:280] verify segment (internal proof verification failed)
       Local constraints hit (1 unique):
         - IsRead@mem.zir:79
           cycle=16697, step=124, pc=0x002010B0, major=2, minor=5
       Global: memory permutation violated
         x19/s3: wrote 0x0000ffff, expected 0x00000000 (cycle 33394)
  [127] ✓ PRE_EXEC_REG_MOD @ step 0: 10 failures, 2876ms, outcome: REJECTED, exit: 101 [proof:GENERATED] G=memory
       r=0.121  T_new=0.00 F_new=0.63 F_rare=1.00 U=0 Q=0.31 Q_l=0.37 Q_g=0.85 dl=3 dg=1
       Value: 0x00000000 -> 0xBFB2638F
       Register: x25 (s9), READ, strategy=next_read
       zkVM errors (2 lines):
         • [prover_impl.rs:280] verify segment (internal proof verification failed)
         • [kernels/cxx/buffers.h:43] SKIP THROW: Inconsistent set
       Local constraints hit (3 unique):
         - IsRead@mem.zir:79
           cycle=15997, step=0, pc=0x00000000, major=9, minor=2
         - IsRead@mem.zir:80
           cycle=15997, step=0, pc=0x00000000, major=9, minor=2
         - PoseidonCheckOut@inst_p2.zir:265 (x8)
           cycle=16247, step=0, pc=0x00000000, major=9, minor=5
       Global: memory permutation violated
         x25/s9: wrote 0xbfb2638f, expected 0x00000000 (cycle 31994)
  [128] ✓ PRE_EXEC_REG_MOD @ step 2698: 2 failures, 2864ms, outcome: REJECTED, exit: 101 [proof:GENERATED] G=memory
       r=0.132  T_new=0.00 F_new=0.78 F_rare=1.00 U=0 Q=0.31 Q_l=0.51 Q_g=0.61 dl=2 dg=3
       Value: 0x0022133C -> 0x20000000
       Register: x21 (s5), READ, strategy=next_read
       zkVM errors (3 lines):
         • [prover_impl.rs:280] verify segment (internal proof verification failed)
         • [ffi.cpp:113] address mismatch at cycle 19426: preflight=0x000884d4, actual=0x08000005
         • [kernels/cxx/ffi.cpp:208] SKIP THROW: memory peek not in preflight
       Local constraints hit (2 unique):
         - IsRead@mem.zir:79
           cycle=19426, step=2698, pc=0x00201624, major=5, minor=2
         - IsRead@mem.zir:80
           cycle=19426, step=2698, pc=0x00201624, major=5, minor=2
       Global: memory permutation violated
         0x20000014 (data): expected write missing, needed 0x00000000 (cycle 29154)
         x21/s5: wrote 0x20000000, expected 0x0022133c (cycle 38852)
         0x00221350 (code): unexpected write 0x00000000 (cycle 29154)
  [129] ✓ INSTR_TYPE_MOD @ step 2068: 5 failures, 2853ms, outcome: REJECTED, exit: 101 [proof:GENERATED] G=memory
       r=0.017  T_new=0.00 F_new=1.00 F_rare=1.00 U=0 Q=0.04 Q_l=0.19 Q_g=0.19 dl=5 dg=10
       Value: 0x00050002 -> 0x00020001
       Original: Lw [major=5, minor=2]
       Mutated:  BltU [major=2, minor=1]
       zkVM errors (3 lines):
         • [prover_impl.rs:280] verify segment (internal proof verification failed)
         • [ffi.cpp:113] address mismatch at cycle 18722: preflight=0x00080025, actual=0x3fffc034
         • [kernels/cxx/ffi.cpp:208] SKIP THROW: memory peek not in preflight
       Local constraints hit (4 unique):
         - MemoryWrite@mem.zir:100
           cycle=18722, step=2068, pc=0x002097BC, major=2, minor=1
         - MemoryWrite@mem.zir:99 (x2)
           cycle=18722, step=2068, pc=0x002097BC, major=2, minor=1
         - VerifyOpcodeF3@inst.zir:96
           cycle=18722, step=2068, pc=0x002097BC, major=2, minor=1
         - VerifyOpcodeF3@inst.zir:97
           cycle=18722, step=2068, pc=0x002097BC, major=2, minor=1
       Global: memory permutation violated (18 addrs: 2 register, 14 code, 2 data)
         0x00200094 (data): unexpected write 0x002000fc (cycle 37077)
         x9/s1: unexpected write 0x002000a4 (cycle 37436)
         x20/s4: expected write missing, needed 0x002000fc (cycle 37077)
         + 14 code addresses diverged (instruction fetch cascade)
         + 1 more addresses
  [130] ✓ INSTR_TYPE_MOD @ step 2974: 3 failures, 2819ms, outcome: REJECTED, exit: 101 [proof:GENERATED]
       r=0.034  T_new=0.00 F_new=0.00 F_rare=0.37 U=0 Q=0.37 Q_l=0.37 Q_g=1.00 dl=3 dg=0
       Value: 0x00000007 -> 0x00000004
       Original: AddI [major=0, minor=7]
       Mutated:  And [major=0, minor=4]
       zkVM errors (1 lines):
         • [prover_impl.rs:280] verify segment (internal proof verification failed)
       Local constraints hit (3 unique):
         - MemoryWrite@mem.zir:99
           cycle=19702, step=2974, pc=0x002056B4, major=0, minor=4
         - VerifyOpcodeF3F7@inst.zir:102
           cycle=19702, step=2974, pc=0x002056B4, major=0, minor=4
         - VerifyOpcodeF3F7@inst.zir:103
           cycle=19702, step=2974, pc=0x002056B4, major=0, minor=4
       Global: no permutation/lookup violations (local-only)
  [131] ✓ INSTR_TYPE_MOD @ step 316: 2 failures, 2830ms, outcome: REJECTED, exit: 101 [proof:GENERATED] [+33 touch]
       r=0.301  T_new=0.61 F_new=0.63 F_rare=1.00 U=0 Q=0.51 Q_l=0.51 Q_g=1.00 dl=2 dg=0
       Value: 0x00010006 -> 0x0003000C
       Original: Bne [major=1, minor=6]
       Mutated:  Div [major=3, minor=12] ⚠INVALID
       zkVM errors (1 lines):
         • [prover_impl.rs:280] verify segment (internal proof verification failed)
       Local constraints hit (2 unique):
         - OneHot@one_hot.zir:11
           cycle=16901, step=316, pc=0x0020085C, major=3, minor=12
         - OneHot@one_hot.zir:9
           cycle=16901, step=316, pc=0x0020085C, major=3, minor=12
       Global: no permutation/lookup violations (local-only)
  [132] ✓ INSTR_TYPE_MOD @ step 2636: 3 failures, 2876ms, outcome: REJECTED, exit: 101 [proof:GENERATED] G=memory
       r=0.103  T_new=0.00 F_new=0.63 F_rare=1.00 U=0 Q=0.26 Q_l=0.37 Q_g=0.72 dl=3 dg=2
       Value: 0x00000007 -> 0x00050000
       Original: AddI [major=0, minor=7]
       Mutated:  Lb [major=5, minor=0]
       zkVM errors (3 lines):
         • [prover_impl.rs:280] verify segment (internal proof verification failed)
         • [ffi.cpp:113] address mismatch at cycle 19364: preflight=0x3fffc030, actual=0x00000004
         • [kernels/cxx/ffi.cpp:208] SKIP THROW: memory peek not in preflight
       Local constraints hit (3 unique):
         - AddrDecomposeBits@u32.zir:87
           cycle=19364, step=2636, pc=0x00203410, major=5, minor=0
         - MemoryWrite@mem.zir:99
           cycle=19364, step=2636, pc=0x00203410, major=5, minor=0
         - VerifyOpcodeF3@inst.zir:96
           cycle=19364, step=2636, pc=0x00203410, major=5, minor=0
       Global: memory permutation violated
         0x00000010 (data): expected write missing, needed 0x00000020 (cycle 38708)
         x16/a6: unexpected write 0x00000020 (cycle 38708)
  [133] ✓ INSTR_TYPE_MOD @ step 1499: 6 failures, 2883ms, outcome: REJECTED, exit: 101 [proof:GENERATED] [+1 new] G=memory|cycle
       r=0.026  T_new=0.00 F_new=0.78 F_rare=1.00 U=0 Q=0.06 Q_l=0.14 Q_g=0.43 dl=6 dg=5
       Value: 0x00000007 -> 0x00060001
       Original: AddI [major=0, minor=7]
       Mutated:  Sh [major=6, minor=1]
       zkVM errors (3 lines):
         • [prover_impl.rs:280] verify segment (internal proof verification failed)
         • [ffi.cpp:113] address mismatch at cycle 18143: preflight=0x3fffc02b, actual=0x000867a5
         • [kernels/cxx/ffi.cpp:208] SKIP THROW: memory peek not in preflight
       Local constraints hit (6 unique):
         - IsRead@mem.zir:79
           cycle=18143, step=1499, pc=0x002184CC, major=6, minor=1
         - MemoryWrite@mem.zir:100
           cycle=18143, step=1499, pc=0x002184CC, major=6, minor=1
         - MemoryWrite@mem.zir:99
           cycle=18143, step=1499, pc=0x002184CC, major=6, minor=1
         - OpSH@inst_mem.zir:148
           cycle=18143, step=1499, pc=0x002184CC, major=6, minor=1
         - VerifyOpcodeF3@inst.zir:96
           cycle=18143, step=1499, pc=0x002184CC, major=6, minor=1
         - VerifyOpcodeF3@inst.zir:97
           cycle=18143, step=1499, pc=0x002184CC, major=6, minor=1
       Global: memory permutation violated
         x11/a1: unexpected write 0x00219e8a (cycle 36286)
         0x00219E94 (code): expected write missing, needed 0xfff60613 (cycle 36274)
       Global: cycle lookup violated (3 indices broken)
         index 0: 2254 provides, 1 uses (imbalanced)
         index 12: 190 provides, 1 uses (imbalanced)
         index 2013265920: orphan provide (1 entries, no matching use)
  [134] ✓ INSTR_TYPE_MOD @ step 2639: 4 failures, 2871ms, outcome: REJECTED, exit: 101 [proof:GENERATED] G=memory
       r=0.084  T_new=0.00 F_new=0.86 F_rare=1.00 U=0 Q=0.19 Q_l=0.26 Q_g=0.72 dl=4 dg=2
       Value: 0x00050002 -> 0x00000007
       Original: Lw [major=5, minor=2]
       Mutated:  AddI [major=0, minor=7]
       zkVM errors (3 lines):
         • [prover_impl.rs:280] verify segment (internal proof verification failed)
         • [ffi.cpp:113] address mismatch at cycle 19367: preflight=0x000800e3, actual=0x3fffc020
         • [kernels/cxx/ffi.cpp:208] SKIP THROW: memory peek not in preflight
       Local constraints hit (4 unique):
         - MemoryWrite@mem.zir:100
           cycle=19367, step=2639, pc=0x0020341C, major=0, minor=7
         - MemoryWrite@mem.zir:99
           cycle=19367, step=2639, pc=0x0020341C, major=0, minor=7
         - VerifyOpcodeF3@inst.zir:96
           cycle=19367, step=2639, pc=0x0020341C, major=0, minor=7
         - VerifyOpcodeF3@inst.zir:97
           cycle=19367, step=2639, pc=0x0020341C, major=0, minor=7
       Global: memory permutation violated
         0x0020038C (data): unexpected write 0xc3d4e0d9 (cycle 38679)
         x0/zero: expected write missing, needed 0xc3d4e0d9 (cycle 38679)
  [135] ✓ INSTR_TYPE_MOD @ step 870: 4 failures, 2848ms, outcome: REJECTED, exit: 101 [proof:GENERATED] G=memory
       r=0.073  T_new=0.00 F_new=0.63 F_rare=1.00 U=0 Q=0.19 Q_l=0.26 Q_g=0.72 dl=4 dg=2
       Value: 0x00000007 -> 0x00050003
       Original: AddI [major=0, minor=7]
       Mutated:  LbU [major=5, minor=3]
       zkVM errors (3 lines):
         • [prover_impl.rs:280] verify segment (internal proof verification failed)
         • [ffi.cpp:113] address mismatch at cycle 17497: preflight=0x3fffc02c, actual=0x000800db
         • [kernels/cxx/ffi.cpp:208] SKIP THROW: memory peek not in preflight
       Local constraints hit (4 unique):
         - MemoryWrite@mem.zir:100
           cycle=17497, step=870, pc=0x00200A18, major=5, minor=3
         - MemoryWrite@mem.zir:99
           cycle=17497, step=870, pc=0x00200A18, major=5, minor=3
         - VerifyOpcodeF3@inst.zir:96
           cycle=17497, step=870, pc=0x00200A18, major=5, minor=3
         - VerifyOpcodeF3@inst.zir:97
           cycle=17497, step=870, pc=0x00200A18, major=5, minor=3
       Global: memory permutation violated
         0x0020036C (data): expected write missing, needed 0x0021a0c8 (cycle 34906)
         x12/a2: unexpected write 0x0021a0c8 (cycle 34906)
  [136] ✓ INSTR_TYPE_MOD @ step 1892: 1 failures, 2823ms, outcome: REJECTED, exit: 101 [proof:GENERATED]
       r=0.149  T_new=0.00 F_new=0.00 F_rare=0.71 U=0 Q=0.72 Q_l=0.72 Q_g=1.00 dl=1 dg=0
       Value: 0x00060002 -> 0x00060007
       Original: Sw [major=6, minor=2]
       Mutated:  Unknown(6,7) [major=6, minor=7] ⚠INVALID
       zkVM errors (1 lines):
         • [prover_impl.rs:280] verify segment (internal proof verification failed)
       Local constraints hit (1 unique):
         - IllegalStoreOp@inst_mem.zir:45
           cycle=18541, step=1892, pc=0x002096CC, major=6, minor=7
       Global: no permutation/lookup violations (local-only)
  [137] 💥 PRE_EXEC_REG_MOD @ step 183: 2 failures, 443ms, outcome: CRASH, exit: -11 [proof:NOT_GENERATED]
       r=0.000  T_new=0.00 F_new=0.00 F_rare=0.00 U=0 Q=0.00 Q_l=0.00 Q_g=1.00 dl=0 dg=0
       Value: 0x002003E0 -> 0xF3F4BEEA
       Register: x2 (sp), READ, strategy=next_read
       Local constraints hit (2 unique):
         - IsRead@mem.zir:79
           cycle=16762, step=183, pc=0x00200EC0, major=6, minor=2
         - IsRead@mem.zir:80
           cycle=16762, step=183, pc=0x00200EC0, major=6, minor=2
       Global: no permutation/lookup violations (local-only)
  [138] ✓ COMP_OUT_MOD @ step 1590: 2 failures, 2857ms, outcome: REJECTED, exit: 101 [proof:GENERATED] G=memory
       r=0.114  T_new=0.00 F_new=0.39 F_rare=0.70 U=0 Q=0.43 Q_l=0.51 Q_g=0.85 dl=2 dg=1
       Value: 0x00203F3C -> 0x00000100
       Destination: rd = x1 (ra)
       zkVM errors (1 lines):
         • [prover_impl.rs:280] verify segment (internal proof verification failed)
       Local constraints hit (2 unique):
         - MemoryWrite@mem.zir:100
           cycle=18234, step=1590, pc=0x00202F40, major=2, minor=6
         - MemoryWrite@mem.zir:99
           cycle=18234, step=1590, pc=0x00202F40, major=2, minor=6
       Global: memory permutation violated
         x1/ra: wrote 0x00000100, expected 0x00203f3c (cycle 36469)
  [139] 💥 INSTR_TYPE_MOD @ step 1457: 7 failures, 473ms, outcome: CRASH, exit: -11 [proof:NOT_GENERATED]
       r=0.000  T_new=0.00 F_new=0.00 F_rare=0.00 U=0 Q=0.00 Q_l=0.00 Q_g=1.00 dl=0 dg=0
       Value: 0x00000007 -> 0x0002000A
       Original: AddI [major=0, minor=7]
       Mutated:  Mul [major=2, minor=10] ⚠INVALID
       zkVM errors (2 lines):
         • [ffi.cpp:113] address mismatch at cycle 18101: preflight=0x3fffc02b, actual=0x3fffc060
         • [kernels/cxx/ffi.cpp:208] SKIP THROW: memory peek not in preflight
       Local constraints hit (5 unique):
         - AddrDecompose@u32.zir:67 (x3)
           cycle=18102, step=1458, pc=0x002184D0, major=0, minor=7
         - MemoryWrite@mem.zir:100
           cycle=18101, step=1457, pc=0x002184CC, major=2, minor=10
         - MemoryWrite@mem.zir:99
           cycle=18101, step=1457, pc=0x002184CC, major=2, minor=10
         - OneHot@one_hot.zir:11
           cycle=18101, step=1457, pc=0x002184CC, major=2, minor=10
         - OneHot@one_hot.zir:9
           cycle=18101, step=1457, pc=0x002184CC, major=2, minor=10
       Global: no permutation/lookup violations (local-only)
  [140] ✓ INSTR_TYPE_MOD @ step 583: 4 failures, 2802ms, outcome: REJECTED, exit: 101 [proof:GENERATED] [+49 touch]
       r=0.178  T_new=0.75 F_new=0.86 F_rare=1.00 U=0 Q=0.26 Q_l=0.26 Q_g=1.00 dl=4 dg=0
       Value: 0x00000007 -> 0x00040007
       Original: AddI [major=0, minor=7]
       Mutated:  RemU [major=4, minor=7]
       zkVM errors (1 lines):
         • [prover_impl.rs:280] verify segment (internal proof verification failed)
       Local constraints hit (4 unique):
         - MemoryWrite@mem.zir:99
           cycle=17186, step=583, pc=0x00206154, major=4, minor=7
         - VerifyOpcodeF3F7@inst.zir:102
           cycle=17186, step=583, pc=0x00206154, major=4, minor=7
         - VerifyOpcodeF3F7@inst.zir:103
           cycle=17186, step=583, pc=0x00206154, major=4, minor=7
         - VerifyOpcodeF3F7@inst.zir:104
           cycle=17186, step=583, pc=0x00206154, major=4, minor=7
       Global: no permutation/lookup violations (local-only)
  [141] ✓ INSTR_TYPE_MOD @ step 2109: 2 failures, 2903ms, outcome: REJECTED, exit: 101 [proof:GENERATED] [+1 new] G=memory|cycle
       r=0.075  T_new=0.00 F_new=0.98 F_rare=1.00 U=0 Q=0.16 Q_l=0.51 Q_g=0.31 dl=2 dg=7
       Value: 0x00060002 -> 0x00050002
       Original: Sw [major=6, minor=2]
       Mutated:  Lw [major=5, minor=2]
       zkVM errors (3 lines):
         • [prover_impl.rs:280] verify segment (internal proof verification failed)
         • [ffi.cpp:113] address mismatch at cycle 18763: preflight=0x3fffc032, actual=0x0008003c
         • [kernels/cxx/ffi.cpp:208] SKIP THROW: memory peek not in preflight
       Local constraints hit (2 unique):
         - OpLW@inst_mem.zir:109
           cycle=18763, step=2109, pc=0x00202510, major=5, minor=2
         - VerifyOpcodeF3@inst.zir:96
           cycle=18763, step=2109, pc=0x00202510, major=5, minor=2
       Global: memory permutation violated
         0x002000E0 (data): unexpected write 0x00000000 (cycle 37490)
         0x002000F0 (data): expected write missing, needed 0x00000000 (cycle 37491)
         x18/s2: unexpected write 0x00000000 (cycle 37491)
         0xFFFF0180 (data): expected write missing, needed 0x00000000 (cycle 37490)
       Global: cycle lookup violated (3 indices broken)
         index 0: 2254 provides, 1 uses (imbalanced)
         index 35: 20 provides, 1 uses (imbalanced)
         index 36: 19 provides, 1 uses (imbalanced)
  [142] ✓ INSTR_TYPE_MOD @ step 0: 5 failures, 2914ms, outcome: REJECTED, exit: 101 [proof:GENERATED] [+1 touch] G=memory|cycle
       r=0.035  T_new=0.03 F_new=0.39 F_rare=0.85 U=0 Q=0.11 Q_l=0.19 Q_g=0.61 dl=5 dg=3
       Value: 0x00020006 -> 0x00000004
       Original: Auipc [major=2, minor=6]
       Mutated:  And [major=0, minor=4]
       zkVM errors (3 lines):
         • [prover_impl.rs:280] verify segment (internal proof verification failed)
         • [ffi.cpp:113] address mismatch at cycle 0: preflight=0x44000000, actual=0x00000000
         • [kernels/cxx/ffi.cpp:208] SKIP THROW: memory peek not in preflight
       Local constraints hit (5 unique):
         - AddrDecompose@u32.zir:67
           cycle=0, step=0, pc=0x00000000, major=0, minor=4
         - ControlLoadRootAndNonce@inst_control.zir:23
           cycle=1, step=0, pc=0x00000000, major=7, minor=0
         - MiscInput@inst_misc.zir:7
           cycle=0, step=0, pc=0x00000000, major=0, minor=4
         - VerifyOpcodeF3F7@inst.zir:102
           cycle=0, step=0, pc=0x00000000, major=0, minor=4
         - VerifyOpcodeF3F7@inst.zir:103
           cycle=0, step=0, pc=0x00000000, major=0, minor=4
       Global: memory permutation violated
         0xFFFF0100 (data): expected write missing, needed 0x00000000 (cycle 0)
       Global: cycle lookup violated (2 indices broken)
         index 0: 2256 provides, 1 uses (imbalanced)
         index 2013265920: orphan provide (2 entries, no matching use)
  [143] ✓ INSTR_TYPE_MOD @ step 639: 7 failures, 2845ms, outcome: REJECTED, exit: 101 [proof:GENERATED] [+34 touch] G=memory
       r=0.033  T_new=0.62 F_new=0.98 F_rare=1.00 U=0 Q=0.05 Q_l=0.10 Q_g=0.51 dl=7 dg=4
       Value: 0x00020006 -> 0x0002000C
       Original: Auipc [major=2, minor=6]
       Mutated:  MulHSU [major=2, minor=12] ⚠INVALID
       zkVM errors (3 lines):
         • [prover_impl.rs:280] verify segment (internal proof verification failed)
         • [ffi.cpp:113] address mismatch at cycle 17248: preflight=0x3fffc021, actual=0x3fffc060
         • [kernels/cxx/ffi.cpp:208] SKIP THROW: memory peek not in preflight
       Local constraints hit (5 unique):
         - AddrDecompose@u32.zir:67
           cycle=17249, step=640, pc=0x00203188, major=2, minor=4
         - MemoryWrite@mem.zir:100 (x2)
           cycle=17248, step=639, pc=0x00200974, major=2, minor=12
         - MemoryWrite@mem.zir:99 (x2)
           cycle=17248, step=639, pc=0x00200974, major=2, minor=12
         - OneHot@one_hot.zir:11
           cycle=17248, step=639, pc=0x00200974, major=2, minor=12
         - OneHot@one_hot.zir:9
           cycle=17248, step=639, pc=0x00200974, major=2, minor=12
       Global: memory permutation violated
         0x00000000 (data): expected write missing, needed 0x818080e7 (cycle 5026)
         x1/ra: unexpected write 0x00200944 (cycle 34494)
         0xFFFF0180 (data): expected write missing, needed 0x00200944 (cycle 34494)
         0x00200974 (code): unexpected write 0x818080e7 (cycle 5026)
  [144] ✓ INSTR_TYPE_MOD @ step 2624: 4 failures, 2871ms, outcome: REJECTED, exit: 101 [proof:GENERATED] [+1 touch]
       r=0.084  T_new=0.03 F_new=0.39 F_rare=0.79 U=0 Q=0.26 Q_l=0.26 Q_g=1.00 dl=4 dg=0
       Value: 0x00000007 -> 0x00040000
       Original: AddI [major=0, minor=7]
       Mutated:  Srl [major=4, minor=0]
       zkVM errors (1 lines):
         • [prover_impl.rs:280] verify segment (internal proof verification failed)
       Local constraints hit (4 unique):
         - MemoryWrite@mem.zir:99
           cycle=19352, step=2624, pc=0x00205304, major=4, minor=0
         - VerifyOpcodeF3F7@inst.zir:102
           cycle=19352, step=2624, pc=0x00205304, major=4, minor=0
         - VerifyOpcodeF3F7@inst.zir:103
           cycle=19352, step=2624, pc=0x00205304, major=4, minor=0
         - VerifyOpcodeF3F7@inst.zir:104
           cycle=19352, step=2624, pc=0x00205304, major=4, minor=0
       Global: no permutation/lookup violations (local-only)
  [145] ✓ INSTR_TYPE_MOD @ step 1685: 4 failures, 2914ms, outcome: REJECTED, exit: 101 [proof:GENERATED] G=memory|cycle
       r=0.054  T_new=0.00 F_new=0.98 F_rare=1.00 U=0 Q=0.11 Q_l=0.26 Q_g=0.43 dl=4 dg=5
       Value: 0x00060002 -> 0x00010000
       Original: Sw [major=6, minor=2]
       Mutated:  XorI [major=1, minor=0]
       zkVM errors (3 lines):
         • [prover_impl.rs:280] verify segment (internal proof verification failed)
         • [ffi.cpp:113] address mismatch at cycle 18329: preflight=0x0008001d, actual=0x3fffc034
         • [kernels/cxx/ffi.cpp:208] SKIP THROW: memory peek not in preflight
       Local constraints hit (4 unique):
         - MemoryWrite@mem.zir:100
           cycle=18329, step=1685, pc=0x00205F68, major=1, minor=0
         - MemoryWrite@mem.zir:99
           cycle=18329, step=1685, pc=0x00205F68, major=1, minor=0
         - VerifyOpcodeF3@inst.zir:96
           cycle=18329, step=1685, pc=0x00205F68, major=1, minor=0
         - VerifyOpcodeF3@inst.zir:97
           cycle=18329, step=1685, pc=0x00205F68, major=1, minor=0
       Global: memory permutation violated
         0x00200074 (data): unexpected write 0x00000000 (cycle 4222)
         x20/s4: expected write missing, needed 0x00000000 (cycle 4222)
       Global: cycle lookup violated (3 indices broken)
         index 0: 2254 provides, 1 uses (imbalanced)
         index 32435: orphan use (1 entries, no matching provide)
         index 32436: 1 provides, 1 uses (imbalanced)
  [146] ✓ INSTR_TYPE_MOD @ step 2724: 5 failures, 2894ms, outcome: REJECTED, exit: 101 [proof:GENERATED] G=memory|cycle
       r=0.037  T_new=0.00 F_new=0.92 F_rare=1.00 U=0 Q=0.08 Q_l=0.19 Q_g=0.43 dl=5 dg=5
       Value: 0x00060002 -> 0x00000001
       Original: Sw [major=6, minor=2]
       Mutated:  Sub [major=0, minor=1]
       zkVM errors (3 lines):
         • [prover_impl.rs:280] verify segment (internal proof verification failed)
         • [ffi.cpp:113] address mismatch at cycle 19452: preflight=0x000800d0, actual=0x3fffc060
         • [kernels/cxx/ffi.cpp:208] SKIP THROW: memory peek not in preflight
       Local constraints hit (5 unique):
         - MemoryWrite@mem.zir:100
           cycle=19452, step=2724, pc=0x0020169C, major=0, minor=1
         - MemoryWrite@mem.zir:99
           cycle=19452, step=2724, pc=0x0020169C, major=0, minor=1
         - VerifyOpcodeF3F7@inst.zir:102
           cycle=19452, step=2724, pc=0x0020169C, major=0, minor=1
         - VerifyOpcodeF3F7@inst.zir:103
           cycle=19452, step=2724, pc=0x0020169C, major=0, minor=1
         - VerifyOpcodeF3F7@inst.zir:104
           cycle=19452, step=2724, pc=0x0020169C, major=0, minor=1
       Global: memory permutation violated
         0x00200340 (data): unexpected write 0x00000000 (cycle 38354)
         0xFFFF0180 (data): expected write missing, needed 0x00000000 (cycle 38354)
       Global: cycle lookup violated (3 indices broken)
         index 0: 2254 provides, 1 uses (imbalanced)
         index 549: 3 provides, 1 uses (imbalanced)
         index 550: 1 provides, 1 uses (imbalanced)
  [147] ✓ INSTR_TYPE_MOD @ step 1070: 2 failures, 2982ms, outcome: REJECTED, exit: 101 [proof:GENERATED] [+2 touch] G=memory
       r=0.149  T_new=0.06 F_new=0.63 F_rare=1.00 U=0 Q=0.37 Q_l=0.51 Q_g=0.72 dl=2 dg=2
       Value: 0x00000007 -> 0x00010007
       Original: AddI [major=0, minor=7]
       Mutated:  Blt [major=1, minor=7]
       zkVM errors (3 lines):
         • [prover_impl.rs:280] verify segment (internal proof verification failed)
         • [ffi.cpp:113] address mismatch at cycle 17709: preflight=0x3fffc02a, actual=0x3fffc060
         • [kernels/cxx/ffi.cpp:208] SKIP THROW: memory peek not in preflight
       Local constraints hit (2 unique):
         - VerifyOpcodeF3@inst.zir:96
           cycle=17709, step=1070, pc=0x0020633C, major=1, minor=7
         - VerifyOpcodeF3@inst.zir:97
           cycle=17709, step=1070, pc=0x0020633C, major=1, minor=7
       Global: memory permutation violated
         x10/a0: unexpected write 0x00001000 (cycle 35416)
         0xFFFF0180 (data): expected write missing, needed 0x00001000 (cycle 35416)
  [148] ✓ INSTR_TYPE_MOD @ step 1850: 5 failures, 2913ms, outcome: REJECTED, exit: 101 [proof:GENERATED] [+2 touch] G=memory|cycle
       r=0.047  T_new=0.06 F_new=0.97 F_rare=1.00 U=0 Q=0.10 Q_l=0.19 Q_g=0.51 dl=5 dg=4
       Value: 0x00000007 -> 0x00020000
       Original: AddI [major=0, minor=7]
       Mutated:  Bge [major=2, minor=0]
       zkVM errors (3 lines):
         • [prover_impl.rs:280] verify segment (internal proof verification failed)
         • [ffi.cpp:113] address mismatch at cycle 18494: preflight=0x3fffc011, actual=0x3fffc000
         • [kernels/cxx/buffers.h:43] SKIP THROW: Inconsistent set
       Local constraints hit (5 unique):
         - ECallHostReadSetup@inst_ecall.zir:70
           cycle=18495, step=1850, pc=0xC0000150, major=8, minor=2
         - MemoryWrite@mem.zir:100
           cycle=18494, step=1850, pc=0xC000014C, major=2, minor=0
         - MemoryWrite@mem.zir:99
           cycle=18494, step=1850, pc=0xC000014C, major=2, minor=0
         - VerifyOpcodeF3@inst.zir:96
           cycle=18494, step=1850, pc=0xC000014C, major=2, minor=0
         - VerifyOpcodeF3@inst.zir:97
           cycle=18494, step=1850, pc=0xC000014C, major=2, minor=0
       Global: memory permutation violated
         0xFFFF0000 (data): expected write missing, needed 0x00000001 (cycle 36977)
         0xFFFF0044 (data): unexpected write 0x00000001 (cycle 36977)
         0xFFFF0100 (data): expected write missing, needed 0x0021a0f3 (cycle 36979)
       Global: cycle lookup violated (1 indices broken)
         index 9: 344 provides, 1 uses (imbalanced)
  [149] ✓ INSTR_TYPE_MOD @ step 3057: 2 failures, 2826ms, outcome: REJECTED, exit: 101 [proof:GENERATED]
       r=0.064  T_new=0.00 F_new=0.00 F_rare=0.51 U=0 Q=0.51 Q_l=0.51 Q_g=1.00 dl=2 dg=0
       Value: 0x00060000 -> 0x00060002
       Original: Sb [major=6, minor=0]
       Mutated:  Sw [major=6, minor=2]
       zkVM errors (1 lines):
         • [prover_impl.rs:280] verify segment (internal proof verification failed)
       Local constraints hit (2 unique):
         - OpSW@inst_mem.zir:161
           cycle=19785, step=3057, pc=0x00203220, major=6, minor=2
         - VerifyOpcodeF3@inst.zir:97
           cycle=19785, step=3057, pc=0x00203220, major=6, minor=2
       Global: no permutation/lookup violations (local-only)
  [150] ✓ INSTR_TYPE_MOD @ step 0: 5 failures, 2904ms, outcome: REJECTED, exit: 101 [proof:GENERATED] [+3 touch] G=memory|cycle
       r=0.037  T_new=0.08 F_new=0.39 F_rare=0.85 U=0 Q=0.11 Q_l=0.19 Q_g=0.61 dl=5 dg=3
       Value: 0x00020006 -> 0x00000006
       Original: Auipc [major=2, minor=6]
       Mutated:  SltU [major=0, minor=6]
       zkVM errors (3 lines):
         • [prover_impl.rs:280] verify segment (internal proof verification failed)
         • [ffi.cpp:113] address mismatch at cycle 0: preflight=0x44000000, actual=0x00000000
         • [kernels/cxx/ffi.cpp:208] SKIP THROW: memory peek not in preflight
       Local constraints hit (5 unique):
         - AddrDecompose@u32.zir:67
           cycle=0, step=0, pc=0x00000000, major=0, minor=6
         - ControlLoadRootAndNonce@inst_control.zir:23
           cycle=1, step=0, pc=0x00000000, major=7, minor=0
         - MiscInput@inst_misc.zir:7
           cycle=0, step=0, pc=0x00000000, major=0, minor=6
         - VerifyOpcodeF3F7@inst.zir:102
           cycle=0, step=0, pc=0x00000000, major=0, minor=6
         - VerifyOpcodeF3F7@inst.zir:103
           cycle=0, step=0, pc=0x00000000, major=0, minor=6
       Global: memory permutation violated
         0xFFFF0100 (data): expected write missing, needed 0x00000000 (cycle 0)
       Global: cycle lookup violated (2 indices broken)
         index 0: 2256 provides, 1 uses (imbalanced)
         index 2013265920: orphan provide (2 entries, no matching use)
  [151] ✓ INSTR_TYPE_MOD @ step 3500: 3 failures, 2858ms, outcome: REJECTED, exit: 101 [proof:GENERATED] G=memory
       r=0.103  T_new=0.00 F_new=0.63 F_rare=1.00 U=0 Q=0.26 Q_l=0.37 Q_g=0.72 dl=3 dg=2
       Value: 0x00000007 -> 0x00050000
       Original: AddI [major=0, minor=7]
       Mutated:  Lb [major=5, minor=0]
       zkVM errors (3 lines):
         • [prover_impl.rs:280] verify segment (internal proof verification failed)
         • [ffi.cpp:113] address mismatch at cycle 20302: preflight=0x3fffc023, actual=0x0008855b
         • [kernels/cxx/ffi.cpp:208] SKIP THROW: memory peek not in preflight
       Local constraints hit (3 unique):
         - MemoryWrite@mem.zir:100
           cycle=20302, step=3500, pc=0x002053A8, major=5, minor=0
         - MemoryWrite@mem.zir:99
           cycle=20302, step=3500, pc=0x002053A8, major=5, minor=0
         - VerifyOpcodeF3@inst.zir:96
           cycle=20302, step=3500, pc=0x002053A8, major=5, minor=0
       Global: memory permutation violated
         x3/gp: unexpected write 0x00010800 (cycle 40386)
         0x0022156C (code): expected write missing, needed 0x00010800 (cycle 40386)
  [152] ✓ INSTR_TYPE_MOD @ step 1595: 5 failures, 2874ms, outcome: REJECTED, exit: 101 [proof:GENERATED] G=memory|cycle
       r=0.039  T_new=0.00 F_new=0.86 F_rare=1.00 U=0 Q=0.08 Q_l=0.19 Q_g=0.43 dl=5 dg=5
       Value: 0x00060002 -> 0x00030000
       Original: Sw [major=6, minor=2]
       Mutated:  Sll [major=3, minor=0]
       zkVM errors (3 lines):
         • [prover_impl.rs:280] verify segment (internal proof verification failed)
         • [ffi.cpp:113] address mismatch at cycle 18239: preflight=0x00080071, actual=0x3fffc024
         • [kernels/cxx/ffi.cpp:208] SKIP THROW: memory peek not in preflight
       Local constraints hit (5 unique):
         - MemoryWrite@mem.zir:100
           cycle=18239, step=1595, pc=0x0020400C, major=3, minor=0
         - MemoryWrite@mem.zir:99
           cycle=18239, step=1595, pc=0x0020400C, major=3, minor=0
         - VerifyOpcodeF3F7@inst.zir:102
           cycle=18239, step=1595, pc=0x0020400C, major=3, minor=0
         - VerifyOpcodeF3F7@inst.zir:103
           cycle=18239, step=1595, pc=0x0020400C, major=3, minor=0
         - VerifyOpcodeF3F7@inst.zir:104
           cycle=18239, step=1595, pc=0x0020400C, major=3, minor=0
       Global: memory permutation violated
         0x002001C4 (data): unexpected write 0x00000001 (cycle 36430)
         x4/tp: expected write missing, needed 0x00000001 (cycle 36430)
       Global: cycle lookup violated (3 indices broken)
         index 0: 2254 provides, 1 uses (imbalanced)
         index 47: 16 provides, 1 uses (imbalanced)
         index 48: 9 provides, 1 uses (imbalanced)
  [153] ✓ INSTR_TYPE_MOD @ step 781: 2 failures, 2841ms, outcome: REJECTED, exit: 101 [proof:GENERATED]
       r=0.200  T_new=0.00 F_new=0.63 F_rare=1.00 U=0 Q=0.51 Q_l=0.51 Q_g=1.00 dl=2 dg=0
       Value: 0x00000007 -> 0x00010001
       Original: AddI [major=0, minor=7]
       Mutated:  OrI [major=1, minor=1]
       zkVM errors (1 lines):
         • [prover_impl.rs:280] verify segment (internal proof verification failed)
       Local constraints hit (2 unique):
         - MemoryWrite@mem.zir:99
           cycle=17402, step=781, pc=0x002031F8, major=1, minor=1
         - VerifyOpcodeF3@inst.zir:97
           cycle=17402, step=781, pc=0x002031F8, major=1, minor=1
       Global: no permutation/lookup violations (local-only)
  [154] ✓ INSTR_TYPE_MOD @ step 2962: 17 failures, 2917ms, outcome: REJECTED, exit: 101 [proof:GENERATED] G=memory
       r=0.001  T_new=0.00 F_new=1.00 F_rare=1.00 U=0 Q=0.00 Q_l=0.01 Q_g=0.19 dl=14 dg=10
       Value: 0x00000007 -> 0x0000000A
       Original: AddI [major=0, minor=7]
       Mutated:  AndI [major=0, minor=10] ⚠INVALID
       zkVM errors (3 lines):
         • [prover_impl.rs:280] verify segment (internal proof verification failed)
         • [ffi.cpp:113] address mismatch at cycle 19690: preflight=0x3fffc02e, actual=0x3fffc060
         • [kernels/cxx/ffi.cpp:208] SKIP THROW: memory peek not in preflight
       Local constraints hit (5 unique):
         - AddrDecompose@u32.zir:67 (x10)
           cycle=19691, step=2963, pc=0x0020568C, major=1, minor=2
         - MemoryWrite@mem.zir:100 (x2)
           cycle=19699, step=2971, pc=0x002056AC, major=2, minor=6
         - MemoryWrite@mem.zir:99 (x3)
           cycle=19690, step=2962, pc=0x00205688, major=0, minor=10
         - OneHot@one_hot.zir:11
           cycle=19690, step=2962, pc=0x00205688, major=0, minor=10
         - OneHot@one_hot.zir:9
           cycle=19690, step=2962, pc=0x00205688, major=0, minor=10
       Global: memory permutation violated (22 addrs: 1 register, 10 code, 11 data)
         0x00000000 (data): expected write missing, needed 0xff077b13 (cycle 16154)
         0x00000004 (data): expected write missing, needed 0x002b1a93 (cycle 16154)
         0x00000008 (data): expected write missing, needed 0xffc78793 (cycle 16154)
         + 10 code addresses diverged (instruction fetch cascade)
         + 9 more addresses
  [155] ✓ INSTR_TYPE_MOD @ step 548: 2 failures, 2839ms, outcome: REJECTED, exit: 101 [proof:GENERATED]
       r=0.080  T_new=0.00 F_new=0.00 F_rare=0.64 U=0 Q=0.51 Q_l=0.51 Q_g=1.00 dl=2 dg=0
       Value: 0x00050002 -> 0x00050000
       Original: Lw [major=5, minor=2]
       Mutated:  Lb [major=5, minor=0]
       zkVM errors (1 lines):
         • [prover_impl.rs:280] verify segment (internal proof verification failed)
       Local constraints hit (2 unique):
         - MemoryWrite@mem.zir:100
           cycle=17151, step=548, pc=0x00200904, major=5, minor=0
         - VerifyOpcodeF3@inst.zir:97
           cycle=17151, step=548, pc=0x00200904, major=5, minor=0
       Global: no permutation/lookup violations (local-only)
  [156] ✓ INSTR_TYPE_MOD @ step 2832: 5 failures, 2855ms, outcome: REJECTED, exit: 101 [proof:GENERATED] G=memory
       r=0.062  T_new=0.00 F_new=0.92 F_rare=1.00 U=0 Q=0.14 Q_l=0.19 Q_g=0.72 dl=5 dg=2
       Value: 0x00050002 -> 0x00000002
       Original: Lw [major=5, minor=2]
       Mutated:  Xor [major=0, minor=2]
       zkVM errors (3 lines):
         • [prover_impl.rs:280] verify segment (internal proof verification failed)
         • [ffi.cpp:113] address mismatch at cycle 19560: preflight=0x0008009e, actual=0x3fffc028
         • [kernels/cxx/ffi.cpp:208] SKIP THROW: memory peek not in preflight
       Local constraints hit (5 unique):
         - MemoryWrite@mem.zir:100
           cycle=19560, step=2832, pc=0x00203BB0, major=0, minor=2
         - MemoryWrite@mem.zir:99
           cycle=19560, step=2832, pc=0x00203BB0, major=0, minor=2
         - VerifyOpcodeF3F7@inst.zir:102
           cycle=19560, step=2832, pc=0x00203BB0, major=0, minor=2
         - VerifyOpcodeF3F7@inst.zir:103
           cycle=19560, step=2832, pc=0x00203BB0, major=0, minor=2
         - VerifyOpcodeF3F7@inst.zir:104
           cycle=19560, step=2832, pc=0x00203BB0, major=0, minor=2
       Global: memory permutation violated
         0x00200278 (data): unexpected write 0x00000000 (cycle 39047)
         x8/s0: expected write missing, needed 0x00000000 (cycle 39047)
  [157] ✓ INSTR_TYPE_MOD @ step 3899: 6 failures, 2862ms, outcome: REJECTED, exit: 101 [proof:GENERATED] G=memory
       r=0.012  T_new=0.00 F_new=1.00 F_rare=1.00 U=0 Q=0.03 Q_l=0.14 Q_g=0.19 dl=6 dg=10
       Value: 0x00020004 -> 0x00010006
       Original: JalR [major=2, minor=4]
       Mutated:  Bne [major=1, minor=6]
       zkVM errors (3 lines):
         • [prover_impl.rs:280] verify segment (internal proof verification failed)
         • [ffi.cpp:113] address mismatch at cycle 20850: preflight=0x30000014, actual=0x30000020
         • [kernels/cxx/buffers.h:43] SKIP THROW: Inconsistent set
       Local constraints hit (4 unique):
         - MemoryWrite@mem.zir:100
           cycle=20849, step=3899, pc=0xC0000050, major=1, minor=6
         - MemoryWrite@mem.zir:99 (x3)
           cycle=20849, step=3899, pc=0xC0000050, major=1, minor=6
         - VerifyOpcodeF3@inst.zir:96
           cycle=20849, step=3899, pc=0xC0000050, major=1, minor=6
         - VerifyOpcodeF3@inst.zir:97
           cycle=20849, step=3899, pc=0xC0000050, major=1, minor=6
       Global: memory permutation violated (43 addrs: 43 data)
         0xC0000050 (data): unexpected write 0x0380006f (cycle 29962)
         0xC0000080 (data): expected write missing, needed 0x0380006f (cycle 29962)
         0xC0000088 (data): unexpected write 0x02c22283 (cycle 30002)
         + 40 more addresses
  [158] ✓ INSTR_TYPE_MOD @ step 3164: 2 failures, 2892ms, outcome: REJECTED, exit: 101 [proof:GENERATED]
       r=0.107  T_new=0.00 F_new=0.00 F_rare=0.71 U=0 Q=0.51 Q_l=0.51 Q_g=1.00 dl=2 dg=0
       Value: 0x00050002 -> 0x00050001
       Original: Lw [major=5, minor=2]
       Mutated:  Lh [major=5, minor=1]
       zkVM errors (1 lines):
         • [prover_impl.rs:280] verify segment (internal proof verification failed)
       Local constraints hit (2 unique):
         - MemoryWrite@mem.zir:100
           cycle=19966, step=3164, pc=0x00205820, major=5, minor=1
         - VerifyOpcodeF3@inst.zir:97
           cycle=19966, step=3164, pc=0x00205820, major=5, minor=1
       Global: no permutation/lookup violations (local-only)
  [159] ✓ INSTR_TYPE_MOD @ step 2850: 7 failures, 2888ms, outcome: REJECTED, exit: 101 [proof:GENERATED] G=memory|cycle
       r=0.005  T_new=0.00 F_new=1.00 F_rare=1.00 U=0 Q=0.01 Q_l=0.10 Q_g=0.11 dl=7 dg=13
       Value: 0x00060002 -> 0x00020003
       Original: Sw [major=6, minor=2]
       Mutated:  Jal [major=2, minor=3]
       zkVM errors (3 lines):
         • [prover_impl.rs:280] verify segment (internal proof verification failed)
         • [ffi.cpp:113] address mismatch at cycle 19578: preflight=0x00080089, actual=0x3fffc024
         • [kernels/cxx/ffi.cpp:208] SKIP THROW: memory peek not in preflight
       Local constraints hit (3 unique):
         - MemoryWrite@mem.zir:100 (x3)
           cycle=19578, step=2850, pc=0x00204ADC, major=2, minor=3
         - MemoryWrite@mem.zir:99 (x3)
           cycle=19578, step=2850, pc=0x00204ADC, major=2, minor=3
         - VerifyOpcode@inst.zir:91
           cycle=19578, step=2850, pc=0x00204ADC, major=2, minor=3
       Global: memory permutation violated (40 addrs: 1 register, 38 code, 1 data)
         0x00200224 (data): unexpected write 0x00000000 (cycle 4502)
         x4/tp: expected write missing, needed 0x00000000 (cycle 4502)
         + 38 code addresses diverged (instruction fetch cascade)
       Global: cycle lookup violated (3 indices broken)
         index 0: 2254 provides, 1 uses (imbalanced)
         index 34653: orphan use (1 entries, no matching provide)
         index 34654: 1 provides, 1 uses (imbalanced)
  [160] ✓ INSTR_TYPE_MOD @ step 974: 3 failures, 2832ms, outcome: REJECTED, exit: 101 [proof:GENERATED]
       r=0.156  T_new=0.00 F_new=0.78 F_rare=1.00 U=0 Q=0.37 Q_l=0.37 Q_g=1.00 dl=3 dg=0
       Value: 0x00000007 -> 0x00030002
       Original: AddI [major=0, minor=7]
       Mutated:  Mul [major=3, minor=2]
       zkVM errors (1 lines):
         • [prover_impl.rs:280] verify segment (internal proof verification failed)
       Local constraints hit (3 unique):
         - MemoryWrite@mem.zir:99
           cycle=17607, step=974, pc=0x00206154, major=3, minor=2
         - VerifyOpcodeF3F7@inst.zir:102
           cycle=17607, step=974, pc=0x00206154, major=3, minor=2
         - VerifyOpcodeF3F7@inst.zir:104
           cycle=17607, step=974, pc=0x00206154, major=3, minor=2
       Global: no permutation/lookup violations (local-only)
  [161] ✓ INSTR_TYPE_MOD @ step 0: 5 failures, 2905ms, outcome: REJECTED, exit: 101 [proof:GENERATED] [+3 touch] G=memory|cycle
       r=0.035  T_new=0.08 F_new=0.39 F_rare=0.79 U=0 Q=0.11 Q_l=0.19 Q_g=0.61 dl=5 dg=3
       Value: 0x00020006 -> 0x00020001
       Original: Auipc [major=2, minor=6]
       Mutated:  BltU [major=2, minor=1]
       zkVM errors (3 lines):
         • [prover_impl.rs:280] verify segment (internal proof verification failed)
         • [ffi.cpp:113] address mismatch at cycle 0: preflight=0x44000000, actual=0x00000000
         • [kernels/cxx/ffi.cpp:208] SKIP THROW: memory peek not in preflight
       Local constraints hit (5 unique):
         - AddrDecompose@u32.zir:67
           cycle=0, step=0, pc=0x00000000, major=2, minor=1
         - ControlLoadRootAndNonce@inst_control.zir:23
           cycle=1, step=0, pc=0x00000000, major=7, minor=0
         - MiscInput@inst_misc.zir:7
           cycle=0, step=0, pc=0x00000000, major=2, minor=1
         - VerifyOpcodeF3@inst.zir:96
           cycle=0, step=0, pc=0x00000000, major=2, minor=1
         - VerifyOpcodeF3@inst.zir:97
           cycle=0, step=0, pc=0x00000000, major=2, minor=1
       Global: memory permutation violated
         0xFFFF0100 (data): expected write missing, needed 0x00000000 (cycle 0)
       Global: cycle lookup violated (2 indices broken)
         index 0: 2256 provides, 1 uses (imbalanced)
         index 2013265920: orphan provide (2 entries, no matching use)
  [162] ✓ INSTR_TYPE_MOD @ step 3090: 3 failures, 2889ms, outcome: REJECTED, exit: 101 [proof:GENERATED] G=memory|cycle
       r=0.020  T_new=0.00 F_new=1.00 F_rare=1.00 U=0 Q=0.04 Q_l=0.37 Q_g=0.11 dl=3 dg=13
       Value: 0x00060002 -> 0x00010006
       Original: Sw [major=6, minor=2]
       Mutated:  Bne [major=1, minor=6]
       zkVM errors (3 lines):
         • [prover_impl.rs:280] verify segment (internal proof verification failed)
         • [ffi.cpp:113] address mismatch at cycle 19818: preflight=0x00088556, actual=0x3fffc060
         • [kernels/cxx/ffi.cpp:208] SKIP THROW: memory peek not in preflight
       Local constraints hit (3 unique):
         - MemoryWrite@mem.zir:99
           cycle=19825, step=3097, pc=0x0020577C, major=2, minor=4
         - VerifyOpcodeF3@inst.zir:96
           cycle=19818, step=3090, pc=0x002032A4, major=1, minor=6
         - VerifyOpcodeF3@inst.zir:97
           cycle=19818, step=3090, pc=0x002032A4, major=1, minor=6
       Global: memory permutation violated (16 addrs: 15 code, 1 data)
         0xFFFF0180 (data): expected write missing, needed 0x00000000 (cycle 29478)
         + 15 code addresses diverged (instruction fetch cascade)
       Global: cycle lookup violated (3 indices broken)
         index 0: 2254 provides, 1 uses (imbalanced)
         index 10157: orphan use (1 entries, no matching provide)
         index 10158: 1 provides, 1 uses (imbalanced)
  [163] ✓ INSTR_TYPE_MOD @ step 3213: 6 failures, 2866ms, outcome: REJECTED, exit: 101 [proof:GENERATED] G=memory
       r=0.053  T_new=0.00 F_new=0.63 F_rare=1.00 U=0 Q=0.14 Q_l=0.19 Q_g=0.72 dl=5 dg=2
       Value: 0x00020006 -> 0x00020004
       Original: Auipc [major=2, minor=6]
       Mutated:  JalR [major=2, minor=4]
       zkVM errors (3 lines):
         • [prover_impl.rs:280] verify segment (internal proof verification failed)
         • [ffi.cpp:113] address mismatch at cycle 20016: preflight=0x000812ec, actual=0x00000000
         • [kernels/cxx/buffers.h:43] SKIP THROW: Inconsistent set
       Local constraints hit (5 unique):
         - AddrDecompose@u32.zir:67
           cycle=20016, step=3214, pc=0x00205DEC, major=2, minor=4
         - MemoryWrite@mem.zir:100
           cycle=20016, step=3214, pc=0x00205DEC, major=2, minor=4
         - MemoryWrite@mem.zir:99 (x2)
           cycle=20015, step=3213, pc=0x00204BB0, major=2, minor=4
         - VerifyOpcodeF3@inst.zir:96
           cycle=20015, step=3213, pc=0x00204BB0, major=2, minor=4
         - VerifyOpcodeF3@inst.zir:97
           cycle=20015, step=3213, pc=0x00204BB0, major=2, minor=4
       Global: memory permutation violated
         0x00000000 (data): expected write missing, needed 0x240080e7 (cycle 14402)
         0x00204BB0 (code): unexpected write 0x240080e7 (cycle 14402)
  [164] ✓ INSTR_WORD_MOD_FULL @ step 2464: 2 failures, 2841ms, outcome: REJECTED, exit: 101 [proof:GENERATED] G=memory
       r=0.102  T_new=0.00 F_new=0.92 F_rare=1.00 U=0 Q=0.22 Q_l=0.51 Q_g=0.43 dl=2 dg=5
       Value: 0x00C57A63 -> 0x241FBDB7
       Original: BGEU x10, x12, 20
       Mutated:  LUI x27, 0x241fb000
       Format changed: B -> U
       zkVM errors (3 lines):
         • [prover_impl.rs:280] verify segment (internal proof verification failed)
         • [ffi.cpp:113] address mismatch at cycle 19118: preflight=0x3fffc02a, actual=0x3fffc03f
         • [kernels/cxx/ffi.cpp:208] SKIP THROW: memory peek not in preflight
       Local constraints hit (2 unique):
         - VerifyOpcodeF3@inst.zir:96
           cycle=19118, step=2464, pc=0x00205E30, major=2, minor=2
         - VerifyOpcodeF3@inst.zir:97
           cycle=19118, step=2464, pc=0x00205E30, major=2, minor=2
       Global: memory permutation violated
         x1/ra: expected write missing, needed 0xc0000001 (cycle 38235)
         x10/a0: unexpected write 0x002214ec (cycle 38230)
         x12/a2: unexpected write 0xc0000001 (cycle 38235)
         x31/t6: expected write missing, needed 0x002214ec (cycle 38230)
         0x00205E2C (code): wrote 0x00c57a63, expected 0x241fbdb7 (cycle 37580)
  [165] ✓ INSTR_TYPE_MOD @ step 3004: 3 failures, 2823ms, outcome: REJECTED, exit: 101 [proof:GENERATED] [+35 touch]
       r=0.230  T_new=0.63 F_new=0.78 F_rare=1.00 U=0 Q=0.37 Q_l=0.37 Q_g=1.00 dl=3 dg=0
       Value: 0x00000007 -> 0x00010003
       Original: AddI [major=0, minor=7]
       Mutated:  SltI [major=1, minor=3]
       zkVM errors (1 lines):
         • [prover_impl.rs:280] verify segment (internal proof verification failed)
       Local constraints hit (3 unique):
         - MemoryWrite@mem.zir:100
           cycle=19732, step=3004, pc=0x00205748, major=1, minor=3
         - MemoryWrite@mem.zir:99
           cycle=19732, step=3004, pc=0x00205748, major=1, minor=3
         - VerifyOpcodeF3@inst.zir:97
           cycle=19732, step=3004, pc=0x00205748, major=1, minor=3
       Global: no permutation/lookup violations (local-only)
  [166] ✓ INSTR_TYPE_MOD @ step 151: 3 failures, 2822ms, outcome: REJECTED, exit: 101 [proof:GENERATED]
       r=0.155  T_new=0.00 F_new=0.78 F_rare=1.00 U=0 Q=0.37 Q_l=0.37 Q_g=1.00 dl=3 dg=0
       Value: 0x00000007 -> 0x00020005
       Original: AddI [major=0, minor=7]
       Mutated:  Lui [major=2, minor=5]
       zkVM errors (1 lines):
         • [prover_impl.rs:280] verify segment (internal proof verification failed)
       Local constraints hit (3 unique):
         - MemoryWrite@mem.zir:100
           cycle=16724, step=151, pc=0x0020111C, major=2, minor=5
         - MemoryWrite@mem.zir:99
           cycle=16724, step=151, pc=0x0020111C, major=2, minor=5
         - VerifyOpcode@inst.zir:91
           cycle=16724, step=151, pc=0x0020111C, major=2, minor=5
       Global: no permutation/lookup violations (local-only)
  [167] ✓ INSTR_TYPE_MOD @ step 3747: 1 failures, 2839ms, outcome: REJECTED, exit: 101 [proof:GENERATED]
       r=0.088  T_new=0.00 F_new=0.00 F_rare=0.50 U=0 Q=0.72 Q_l=0.72 Q_g=1.00 dl=1 dg=0
       Value: 0x00060002 -> 0x00060000
       Original: Sw [major=6, minor=2]
       Mutated:  Sb [major=6, minor=0]
       zkVM errors (1 lines):
         • [prover_impl.rs:280] verify segment (internal proof verification failed)
       Local constraints hit (1 unique):
         - VerifyOpcodeF3@inst.zir:97
           cycle=20623, step=3747, pc=0x002032B8, major=6, minor=0
       Global: no permutation/lookup violations (local-only)
  [168] ✓ INSTR_TYPE_MOD @ step 0: 5 failures, 2893ms, outcome: REJECTED, exit: 101 [proof:GENERATED] [+1 touch] G=memory|cycle
       r=0.046  T_new=0.03 F_new=0.63 F_rare=1.00 U=0 Q=0.11 Q_l=0.19 Q_g=0.61 dl=5 dg=3
       Value: 0x00020006 -> 0x00020000
       Original: Auipc [major=2, minor=6]
       Mutated:  Bge [major=2, minor=0]
       zkVM errors (3 lines):
         • [prover_impl.rs:280] verify segment (internal proof verification failed)
         • [ffi.cpp:113] address mismatch at cycle 0: preflight=0x44000000, actual=0x00000000
         • [kernels/cxx/ffi.cpp:208] SKIP THROW: memory peek not in preflight
       Local constraints hit (5 unique):
         - AddrDecompose@u32.zir:67
           cycle=0, step=0, pc=0x00000000, major=2, minor=0
         - ControlLoadRootAndNonce@inst_control.zir:23
           cycle=1, step=0, pc=0x00000000, major=7, minor=0
         - MiscInput@inst_misc.zir:7
           cycle=0, step=0, pc=0x00000000, major=2, minor=0
         - VerifyOpcodeF3@inst.zir:96
           cycle=0, step=0, pc=0x00000000, major=2, minor=0
         - VerifyOpcodeF3@inst.zir:97
           cycle=0, step=0, pc=0x00000000, major=2, minor=0
       Global: memory permutation violated
         0xFFFF0100 (data): expected write missing, needed 0x00000000 (cycle 0)
       Global: cycle lookup violated (2 indices broken)
         index 0: 2256 provides, 1 uses (imbalanced)
         index 2013265920: orphan provide (2 entries, no matching use)
  [169] ✓ INSTR_TYPE_MOD @ step 637: 4 failures, 2841ms, outcome: REJECTED, exit: 101 [proof:GENERATED]
       r=0.045  T_new=0.00 F_new=0.00 F_rare=0.71 U=0 Q=0.26 Q_l=0.26 Q_g=1.00 dl=4 dg=0
       Value: 0x00000007 -> 0x00000002
       Original: AddI [major=0, minor=7]
       Mutated:  Xor [major=0, minor=2]
       zkVM errors (1 lines):
         • [prover_impl.rs:280] verify segment (internal proof verification failed)
       Local constraints hit (4 unique):
         - MemoryWrite@mem.zir:100
           cycle=17246, step=637, pc=0x0020096C, major=0, minor=2
         - MemoryWrite@mem.zir:99
           cycle=17246, step=637, pc=0x0020096C, major=0, minor=2
         - VerifyOpcodeF3F7@inst.zir:102
           cycle=17246, step=637, pc=0x0020096C, major=0, minor=2
         - VerifyOpcodeF3F7@inst.zir:103
           cycle=17246, step=637, pc=0x0020096C, major=0, minor=2
       Global: no permutation/lookup violations (local-only)
  [170] ✓ INSTR_TYPE_MOD @ step 2383: 4 failures, 2889ms, outcome: REJECTED, exit: 101 [proof:GENERATED] G=memory|cycle
       r=0.054  T_new=0.00 F_new=0.86 F_rare=1.00 U=0 Q=0.11 Q_l=0.26 Q_g=0.43 dl=4 dg=5
       Value: 0x00060002 -> 0x00040000
       Original: Sw [major=6, minor=2]
       Mutated:  Srl [major=4, minor=0]
       zkVM errors (3 lines):
         • [prover_impl.rs:280] verify segment (internal proof verification failed)
         • [ffi.cpp:113] address mismatch at cycle 19037: preflight=0x000800cd, actual=0x3fffc02c
         • [kernels/cxx/ffi.cpp:208] SKIP THROW: memory peek not in preflight
       Local constraints hit (4 unique):
         - MemoryWrite@mem.zir:100
           cycle=19037, step=2383, pc=0x002032D4, major=4, minor=0
         - MemoryWrite@mem.zir:99
           cycle=19037, step=2383, pc=0x002032D4, major=4, minor=0
         - VerifyOpcodeF3F7@inst.zir:102
           cycle=19037, step=2383, pc=0x002032D4, major=4, minor=0
         - VerifyOpcodeF3F7@inst.zir:103
           cycle=19037, step=2383, pc=0x002032D4, major=4, minor=0
       Global: memory permutation violated
         0x00200334 (data): unexpected write 0x00000000 (cycle 38051)
         x12/a2: expected write missing, needed 0x00000000 (cycle 38051)
       Global: cycle lookup violated (3 indices broken)
         index 0: 2254 provides, 1 uses (imbalanced)
         index 22: 84 provides, 1 uses (imbalanced)
         index 23: 184 provides, 1 uses (imbalanced)
  [171] ✓ INSTR_TYPE_MOD @ step 1493: 2 failures, 2820ms, outcome: REJECTED, exit: 101 [proof:GENERATED] [+1 new] [+34 touch]
       r=0.302  T_new=0.62 F_new=0.63 F_rare=1.00 U=0 Q=0.51 Q_l=0.51 Q_g=1.00 dl=2 dg=0
       Value: 0x00000007 -> 0x00030007
       Original: AddI [major=0, minor=7]
       Mutated:  Unknown(3,7) [major=3, minor=7] ⚠INVALID
       zkVM errors (1 lines):
         • [prover_impl.rs:280] verify segment (internal proof verification failed)
       Local constraints hit (2 unique):
         - IllegalMulOp@inst_mul.zir:18
           cycle=18137, step=1493, pc=0x002184D0, major=3, minor=7
         - MemoryWrite@mem.zir:99
           cycle=18137, step=1493, pc=0x002184D0, major=3, minor=7
       Global: no permutation/lookup violations (local-only)
  [172] ✓ INSTR_TYPE_MOD @ step 2982: 4 failures, 2887ms, outcome: REJECTED, exit: 101 [proof:GENERATED] G=memory|cycle
       r=0.053  T_new=0.00 F_new=0.95 F_rare=1.00 U=0 Q=0.11 Q_l=0.26 Q_g=0.43 dl=4 dg=5
       Value: 0x00000007 -> 0x00060000
       Original: AddI [major=0, minor=7]
       Mutated:  Sb [major=6, minor=0]
       zkVM errors (3 lines):
         • [prover_impl.rs:280] verify segment (internal proof verification failed)
         • [ffi.cpp:113] address mismatch at cycle 19710: preflight=0x3fffc02b, actual=0x00000002
         • [kernels/cxx/ffi.cpp:208] SKIP THROW: memory peek not in preflight
       Local constraints hit (4 unique):
         - AddrDecomposeBits@u32.zir:87
           cycle=19710, step=2982, pc=0x00205E00, major=6, minor=0
         - MemoryWrite@mem.zir:100
           cycle=19710, step=2982, pc=0x00205E00, major=6, minor=0
         - MemoryWrite@mem.zir:99
           cycle=19710, step=2982, pc=0x00205E00, major=6, minor=0
         - VerifyOpcodeF3@inst.zir:96
           cycle=19710, step=2982, pc=0x00205E00, major=6, minor=0
       Global: memory permutation violated
         0x00000008 (data): expected write missing, needed 0xfff58693 (cycle 39264)
         x11/a1: unexpected write 0x00000004 (cycle 39418)
       Global: cycle lookup violated (3 indices broken)
         index 1: 1798 provides, 1 uses (imbalanced)
         index 2: 861 provides, 1 uses (imbalanced)
         index 156: 4 provides, 1 uses (imbalanced)
  [173] ✓ INSTR_TYPE_MOD @ step 2672: 5 failures, 2916ms, outcome: REJECTED, exit: 101 [proof:GENERATED] [+41 touch] G=memory|cycle
       r=0.057  T_new=0.69 F_new=0.99 F_rare=1.00 U=0 Q=0.08 Q_l=0.19 Q_g=0.43 dl=5 dg=5
       Value: 0x00060002 -> 0x00030005
       Original: Sw [major=6, minor=2]
       Mutated:  MulHU [major=3, minor=5]
       zkVM errors (3 lines):
         • [prover_impl.rs:280] verify segment (internal proof verification failed)
         • [ffi.cpp:113] address mismatch at cycle 19400: preflight=0x000800c0, actual=0x3fffc060
         • [kernels/cxx/ffi.cpp:208] SKIP THROW: memory peek not in preflight
       Local constraints hit (5 unique):
         - MemoryWrite@mem.zir:100
           cycle=19400, step=2672, pc=0x00205310, major=3, minor=5
         - MemoryWrite@mem.zir:99
           cycle=19400, step=2672, pc=0x00205310, major=3, minor=5
         - VerifyOpcodeF3F7@inst.zir:102
           cycle=19400, step=2672, pc=0x00205310, major=3, minor=5
         - VerifyOpcodeF3F7@inst.zir:103
           cycle=19400, step=2672, pc=0x00205310, major=3, minor=5
         - VerifyOpcodeF3F7@inst.zir:104
           cycle=19400, step=2672, pc=0x00205310, major=3, minor=5
       Global: memory permutation violated
         0x00200300 (data): unexpected write 0x002214ac (cycle 38489)
         0xFFFF0180 (data): expected write missing, needed 0x002214ac (cycle 38489)
       Global: cycle lookup violated (3 indices broken)
         index 0: 2254 provides, 1 uses (imbalanced)
         index 310: 1 provides, 1 uses (imbalanced)
         index 311: 1 provides, 1 uses (imbalanced)
  [174] ✓ INSTR_TYPE_MOD @ step 2601: 3 failures, 2816ms, outcome: REJECTED, exit: 101 [proof:GENERATED]
       r=0.054  T_new=0.00 F_new=0.00 F_rare=0.50 U=0 Q=0.37 Q_l=0.37 Q_g=1.00 dl=3 dg=0
       Value: 0x00050003 -> 0x00050004
       Original: LbU [major=5, minor=3]
       Mutated:  LhU [major=5, minor=4]
       zkVM errors (1 lines):
         • [prover_impl.rs:280] verify segment (internal proof verification failed)
       Local constraints hit (3 unique):
         - MemoryWrite@mem.zir:99
           cycle=19329, step=2601, pc=0x00201590, major=5, minor=4
         - OpLHU@inst_mem.zir:123
           cycle=19329, step=2601, pc=0x00201590, major=5, minor=4
         - VerifyOpcodeF3@inst.zir:97
           cycle=19329, step=2601, pc=0x00201590, major=5, minor=4
       Global: no permutation/lookup violations (local-only)
  [175] ✓ INSTR_TYPE_MOD @ step 707: 3 failures, 2849ms, outcome: REJECTED, exit: 101 [proof:GENERATED] G=memory
       r=0.121  T_new=0.00 F_new=0.78 F_rare=1.00 U=0 Q=0.26 Q_l=0.37 Q_g=0.72 dl=3 dg=2
       Value: 0x00010006 -> 0x00010003
       Original: Bne [major=1, minor=6]
       Mutated:  SltI [major=1, minor=3]
       zkVM errors (3 lines):
         • [prover_impl.rs:280] verify segment (internal proof verification failed)
         • [ffi.cpp:113] address mismatch at cycle 17322: preflight=0x3fffc060, actual=0x3fffc03c
         • [kernels/cxx/ffi.cpp:208] SKIP THROW: memory peek not in preflight
       Local constraints hit (3 unique):
         - MemoryWrite@mem.zir:99
           cycle=17322, step=707, pc=0x00200980, major=1, minor=3
         - VerifyOpcodeF3@inst.zir:96
           cycle=17322, step=707, pc=0x00200980, major=1, minor=3
         - VerifyOpcodeF3@inst.zir:97
           cycle=17322, step=707, pc=0x00200980, major=1, minor=3
       Global: memory permutation violated
         x28/t3: expected write missing, needed 0x002031fc (cycle 34641)
         0xFFFF0180 (data): unexpected write 0x002031fc (cycle 34641)
  [176] ✓ INSTR_TYPE_MOD @ step 237: 2 failures, 2902ms, outcome: REJECTED, exit: 101 [proof:GENERATED] G=memory|cycle
       r=0.080  T_new=0.00 F_new=0.97 F_rare=1.00 U=0 Q=0.16 Q_l=0.51 Q_g=0.31 dl=2 dg=7
       Value: 0x00060002 -> 0x00050001
       Original: Sw [major=6, minor=2]
       Mutated:  Lh [major=5, minor=1]
       zkVM errors (3 lines):
         • [prover_impl.rs:280] verify segment (internal proof verification failed)
         • [ffi.cpp:113] address mismatch at cycle 16816: preflight=0x3fffc036, actual=0x000800e5
         • [kernels/cxx/ffi.cpp:208] SKIP THROW: memory peek not in preflight
       Local constraints hit (2 unique):
         - VerifyOpcodeF3@inst.zir:96
           cycle=16816, step=237, pc=0x00200824, major=5, minor=1
         - VerifyOpcodeF3@inst.zir:97
           cycle=16816, step=237, pc=0x00200824, major=5, minor=1
       Global: memory permutation violated
         0x00200380 (data): unexpected write 0x00000000 (cycle 4722)
         0x00200394 (data): expected write missing, needed 0x00000000 (cycle 31974)
         x22/s6: unexpected write 0x00000000 (cycle 31974)
         0xFFFF0180 (data): expected write missing, needed 0x00000000 (cycle 4722)
       Global: cycle lookup violated (3 indices broken)
         index 0: 2254 provides, 1 uses (imbalanced)
         index 28909: orphan use (1 entries, no matching provide)
         index 28910: 1 provides, 1 uses (imbalanced)
  [177] ✓ INSTR_TYPE_MOD @ step 701: 10 failures, 2968ms, outcome: REJECTED, exit: 101 [proof:GENERATED] G=memory
       r=0.005  T_new=0.00 F_new=0.99 F_rare=1.00 U=0 Q=0.01 Q_l=0.05 Q_g=0.19 dl=9 dg=10
       Value: 0x00050002 -> 0x0002000C
       Original: Lw [major=5, minor=2]
       Mutated:  MulHSU [major=2, minor=12] ⚠INVALID
       zkVM errors (3 lines):
         • [prover_impl.rs:280] verify segment (internal proof verification failed)
         • [ffi.cpp:113] address mismatch at cycle 17316: preflight=0x000800d7, actual=0x3fffc02c
         • [kernels/cxx/ffi.cpp:208] SKIP THROW: memory peek not in preflight
       Local constraints hit (5 unique):
         - AddrDecompose@u32.zir:67 (x4)
           cycle=17317, step=702, pc=0x002031F0, major=5, minor=2
         - MemoryWrite@mem.zir:100 (x2)
           cycle=17316, step=701, pc=0x002031EC, major=2, minor=12
         - MemoryWrite@mem.zir:99 (x2)
           cycle=17316, step=701, pc=0x002031EC, major=2, minor=12
         - OneHot@one_hot.zir:11
           cycle=17316, step=701, pc=0x002031EC, major=2, minor=12
         - OneHot@one_hot.zir:9
           cycle=17316, step=701, pc=0x002031EC, major=2, minor=12
       Global: memory permutation violated (12 addrs: 2 register, 4 code, 6 data)
         0x00000000 (data): expected write missing, needed 0x00812403 (cycle 34466)
         0x00000004 (data): expected write missing, needed 0x00412483 (cycle 34468)
         0x00000008 (data): expected write missing, needed 0x01010113 (cycle 34470)
         + 4 code addresses diverged (instruction fetch cascade)
         + 5 more addresses
  [178] ✓ INSTR_TYPE_MOD @ step 3030: 2 failures, 2814ms, outcome: REJECTED, exit: 101 [proof:GENERATED]
       r=0.080  T_new=0.00 F_new=0.00 F_rare=0.54 U=0 Q=0.51 Q_l=0.51 Q_g=1.00 dl=2 dg=0
       Value: 0x00050002 -> 0x00050001
       Original: Lw [major=5, minor=2]
       Mutated:  Lh [major=5, minor=1]
       zkVM errors (1 lines):
         • [prover_impl.rs:280] verify segment (internal proof verification failed)
       Local constraints hit (2 unique):
         - MemoryWrite@mem.zir:100
           cycle=19758, step=3030, pc=0x00203474, major=5, minor=1
         - VerifyOpcodeF3@inst.zir:97
           cycle=19758, step=3030, pc=0x00203474, major=5, minor=1
       Global: no permutation/lookup violations (local-only)
  [179] ✓ MEM_VAL_MOD @ step 3929: 0 failures, 2849ms, outcome: REJECTED, exit: 101 [proof:GENERATED] G=memory[GO]
       r=0.281  T_new=0.00 F_new=0.39 F_rare=1.00 U=0 Q=0.85 Q_l=1.00 Q_g=0.85 dl=0 dg=1
       Value: 0x00000000 -> 0x3B28BA76
       Transaction: other_mem_read (READ) at address 0xffff02d8
       zkVM errors (2 lines):
         • [prover_impl.rs:280] verify segment (internal proof verification failed)
         • [kernels/cxx/buffers.h:43] SKIP THROW: Inconsistent set
       Global: memory permutation violated [GLOBAL-ONLY]
         0xFFFF02D8 (data): wrote 0x3b28ba76, expected 0x00000000 (cycle 42854)
  [180] ✓ INSTR_TYPE_MOD @ step 2322: 14 failures, 2913ms, outcome: REJECTED, exit: 101 [proof:GENERATED] G=memory
       r=0.001  T_new=0.00 F_new=1.00 F_rare=1.00 U=0 Q=0.00 Q_l=0.01 Q_g=0.19 dl=13 dg=10
       Value: 0x00000003 -> 0x0000000C
       Original: Or [major=0, minor=3]
       Mutated:  SltIU [major=0, minor=12] ⚠INVALID
       zkVM errors (3 lines):
         • [prover_impl.rs:280] verify segment (internal proof verification failed)
         • [ffi.cpp:113] address mismatch at cycle 18976: preflight=0x3fffc036, actual=0x3fffc060
         • [kernels/cxx/ffi.cpp:208] SKIP THROW: memory peek not in preflight
       Local constraints hit (5 unique):
         - AddrDecompose@u32.zir:67 (x7)
           cycle=18977, step=2323, pc=0x002012EC, major=1, minor=0
         - MemoryWrite@mem.zir:100 (x3)
           cycle=18976, step=2322, pc=0x002012E8, major=0, minor=12
         - MemoryWrite@mem.zir:99 (x2)
           cycle=18982, step=2328, pc=0x00201300, major=2, minor=6
         - OneHot@one_hot.zir:11
           cycle=18976, step=2322, pc=0x002012E8, major=0, minor=12
         - OneHot@one_hot.zir:9
           cycle=18976, step=2322, pc=0x002012E8, major=0, minor=12
       Global: memory permutation violated (16 addrs: 1 register, 7 code, 8 data)
         0x00000000 (data): expected write missing, needed 0x03f9c613 (cycle 6554)
         0x00000004 (data): expected write missing, needed 0x00e50023 (cycle 6554)
         0x00000008 (data): expected write missing, needed 0x02060063 (cycle 6554)
         + 7 code addresses diverged (instruction fetch cascade)
         + 6 more addresses
  [181] ✓ INSTR_TYPE_MOD @ step 1176: 3 failures, 2829ms, outcome: REJECTED, exit: 101 [proof:GENERATED]
       r=0.115  T_new=0.00 F_new=0.39 F_rare=0.79 U=0 Q=0.37 Q_l=0.37 Q_g=1.00 dl=3 dg=0
       Value: 0x00000007 -> 0x00040003
       Original: AddI [major=0, minor=7]
       Mutated:  SraI [major=4, minor=3]
       zkVM errors (1 lines):
         • [prover_impl.rs:280] verify segment (internal proof verification failed)
       Local constraints hit (3 unique):
         - MemoryWrite@mem.zir:99
           cycle=17820, step=1176, pc=0x00208AE4, major=4, minor=3
         - VerifyOpcodeF3F7@inst.zir:103
           cycle=17820, step=1176, pc=0x00208AE4, major=4, minor=3
         - VerifyOpcodeF3F7@inst.zir:104
           cycle=17820, step=1176, pc=0x00208AE4, major=4, minor=3
       Global: no permutation/lookup violations (local-only)
  [182] ✓ INSTR_TYPE_MOD @ step 1123: 1 failures, 2817ms, outcome: REJECTED, exit: 101 [proof:GENERATED]
       r=0.122  T_new=0.00 F_new=0.00 F_rare=0.71 U=0 Q=0.72 Q_l=0.72 Q_g=1.00 dl=1 dg=0
       Value: 0x00000007 -> 0x00010001
       Original: AddI [major=0, minor=7]
       Mutated:  OrI [major=1, minor=1]
       zkVM errors (1 lines):
         • [prover_impl.rs:280] verify segment (internal proof verification failed)
       Local constraints hit (1 unique):
         - VerifyOpcodeF3@inst.zir:97
           cycle=17767, step=1123, pc=0x00200D44, major=1, minor=1
       Global: no permutation/lookup violations (local-only)
  [183] ✓ INSTR_TYPE_MOD @ step 852: 11 failures, 2854ms, outcome: REJECTED, exit: 101 [proof:GENERATED] [+2 touch] G=memory
       r=0.006  T_new=0.06 F_new=1.00 F_rare=1.00 U=0 Q=0.01 Q_l=0.07 Q_g=0.19 dl=8 dg=10
       Value: 0x00020005 -> 0x00010005
       Original: Lui [major=2, minor=5]
       Mutated:  Beq [major=1, minor=5]
       zkVM errors (3 lines):
         • [prover_impl.rs:280] verify segment (internal proof verification failed)
         • [ffi.cpp:113] address mismatch at cycle 17479: preflight=0x3fffc02b, actual=0x3fffc060
         • [kernels/cxx/ffi.cpp:208] SKIP THROW: memory peek not in preflight
       Local constraints hit (4 unique):
         - DecodeInst@inst.zir:29 (x8)
           cycle=17480, step=853, pc=0x002031E0, major=1, minor=5
         - MemoryWrite@mem.zir:100
           cycle=17479, step=852, pc=0x002031C0, major=1, minor=5
         - MemoryWrite@mem.zir:99
           cycle=17487, step=860, pc=0x002009E8, major=2, minor=4
         - VerifyOpcodeF3@inst.zir:96
           cycle=17479, step=852, pc=0x002031C0, major=1, minor=5
       Global: memory permutation violated (18 addrs: 1 register, 16 code, 1 data)
         x11/a1: unexpected write 0x00000001 (cycle 34948)
         0xFFFF0180 (data): expected write missing, needed 0x00000001 (cycle 34948)
         + 16 code addresses diverged (instruction fetch cascade)
  [184] ✓ INSTR_TYPE_MOD @ step 328: 3 failures, 2882ms, outcome: REJECTED, exit: 101 [proof:GENERATED] [+1 new] G=memory|cycle
       r=0.054  T_new=0.00 F_new=0.97 F_rare=1.00 U=0 Q=0.11 Q_l=0.37 Q_g=0.31 dl=3 dg=7
       Value: 0x00060002 -> 0x00050002
       Original: Sw [major=6, minor=2]
       Mutated:  Lw [major=5, minor=2]
       zkVM errors (3 lines):
         • [prover_impl.rs:280] verify segment (internal proof verification failed)
         • [ffi.cpp:113] address mismatch at cycle 16913: preflight=0x3fffc021, actual=0x000800d4
         • [kernels/cxx/ffi.cpp:208] SKIP THROW: memory peek not in preflight
       Local constraints hit (3 unique):
         - MemoryWrite@mem.zir:99
           cycle=16913, step=328, pc=0x00203190, major=5, minor=2
         - OpLW@inst_mem.zir:108
           cycle=16913, step=328, pc=0x00203190, major=5, minor=2
         - VerifyOpcodeF3@inst.zir:96
           cycle=16913, step=328, pc=0x00203190, major=5, minor=2
       Global: memory permutation violated
         0x00200350 (data): expected write missing, needed 0x00200890 (cycle 33823)
         0x0020035C (data): unexpected write 0x0020084c (cycle 33786)
         x1/ra: unexpected write 0x00200890 (cycle 33823)
         x12/a2: expected write missing, needed 0x0020084c (cycle 33786)
       Global: cycle lookup violated (3 indices broken)
         index 0: 2254 provides, 1 uses (imbalanced)
         index 39: 10 provides, 1 uses (imbalanced)
         index 40: 26 provides, 1 uses (imbalanced)
  [185] ✓ INSTR_TYPE_MOD @ step 3340: 4 failures, 2956ms, outcome: REJECTED, exit: 101 [proof:GENERATED] G=memory
       r=0.088  T_new=0.00 F_new=0.86 F_rare=1.00 U=0 Q=0.19 Q_l=0.26 Q_g=0.72 dl=4 dg=2
       Value: 0x00000007 -> 0x00050001
       Original: AddI [major=0, minor=7]
       Mutated:  Lh [major=5, minor=1]
       zkVM errors (3 lines):
         • [prover_impl.rs:280] verify segment (internal proof verification failed)
         • [ffi.cpp:113] address mismatch at cycle 20142: preflight=0x3fffc030, actual=0x00000004
         • [kernels/cxx/ffi.cpp:208] SKIP THROW: memory peek not in preflight
       Local constraints hit (4 unique):
         - AddrDecomposeBits@u32.zir:87
           cycle=20142, step=3340, pc=0x00203440, major=5, minor=1
         - MemoryWrite@mem.zir:99
           cycle=20142, step=3340, pc=0x00203440, major=5, minor=1
         - VerifyOpcodeF3@inst.zir:96
           cycle=20142, step=3340, pc=0x00203440, major=5, minor=1
         - VerifyOpcodeF3@inst.zir:97
           cycle=20142, step=3340, pc=0x00203440, major=5, minor=1
       Global: memory permutation violated
         0x00000010 (data): expected write missing, needed 0x30a10a85 (cycle 40282)
         x16/a6: unexpected write 0x30a10a85 (cycle 40282)
  [186] ✓ INSTR_TYPE_MOD @ step 3055: 4 failures, 2914ms, outcome: REJECTED, exit: 101 [proof:GENERATED] G=memory|cycle
       r=0.051  T_new=0.00 F_new=0.78 F_rare=1.00 U=0 Q=0.11 Q_l=0.26 Q_g=0.43 dl=4 dg=5
       Value: 0x00060000 -> 0x00030003
       Original: Sb [major=6, minor=0]
       Mutated:  MulH [major=3, minor=3]
       zkVM errors (3 lines):
         • [prover_impl.rs:280] verify segment (internal proof verification failed)
         • [ffi.cpp:113] address mismatch at cycle 19783: preflight=0x0008854e, actual=0x3fffc021
         • [kernels/cxx/ffi.cpp:208] SKIP THROW: memory peek not in preflight
       Local constraints hit (4 unique):
         - MemoryWrite@mem.zir:99
           cycle=19783, step=3055, pc=0x00203218, major=3, minor=3
         - VerifyOpcodeF3F7@inst.zir:102
           cycle=19783, step=3055, pc=0x00203218, major=3, minor=3
         - VerifyOpcodeF3F7@inst.zir:103
           cycle=19783, step=3055, pc=0x00203218, major=3, minor=3
         - VerifyOpcodeF3F7@inst.zir:104
           cycle=19783, step=3055, pc=0x00203218, major=3, minor=3
       Global: memory permutation violated
         x1/ra: expected write missing, needed 0x00000080 (cycle 39557)
         0x00221538 (code): unexpected write 0x00000080 (cycle 39557)
       Global: cycle lookup violated (3 indices broken)
         index 0: 2254 provides, 1 uses (imbalanced)
         index 8: 324 provides, 1 uses (imbalanced)
         index 9: 344 provides, 1 uses (imbalanced)
  [187] ✓ INSTR_TYPE_MOD @ step 3052: 2 failures, 2818ms, outcome: REJECTED, exit: 101 [proof:GENERATED]
       r=0.088  T_new=0.00 F_new=0.00 F_rare=0.71 U=0 Q=0.51 Q_l=0.51 Q_g=1.00 dl=2 dg=0
       Value: 0x00000007 -> 0x00030001
       Original: AddI [major=0, minor=7]
       Mutated:  SllI [major=3, minor=1]
       zkVM errors (1 lines):
         • [prover_impl.rs:280] verify segment (internal proof verification failed)
       Local constraints hit (2 unique):
         - MemoryWrite@mem.zir:99
           cycle=19780, step=3052, pc=0x0020320C, major=3, minor=1
         - VerifyOpcodeF3F7@inst.zir:103
           cycle=19780, step=3052, pc=0x0020320C, major=3, minor=1
       Global: no permutation/lookup violations (local-only)
  [188] ✓ INSTR_TYPE_MOD @ step 1353: 4 failures, 2832ms, outcome: REJECTED, exit: 101 [proof:GENERATED] [+6 touch]
       r=0.065  T_new=0.16 F_new=0.00 F_rare=0.71 U=0 Q=0.26 Q_l=0.26 Q_g=1.00 dl=4 dg=0
       Value: 0x00000007 -> 0x00040007
       Original: AddI [major=0, minor=7]
       Mutated:  RemU [major=4, minor=7]
       zkVM errors (1 lines):
         • [prover_impl.rs:280] verify segment (internal proof verification failed)
       Local constraints hit (4 unique):
         - MemoryWrite@mem.zir:99
           cycle=17997, step=1353, pc=0x002184D0, major=4, minor=7
         - VerifyOpcodeF3F7@inst.zir:102
           cycle=17997, step=1353, pc=0x002184D0, major=4, minor=7
         - VerifyOpcodeF3F7@inst.zir:103
           cycle=17997, step=1353, pc=0x002184D0, major=4, minor=7
         - VerifyOpcodeF3F7@inst.zir:104
           cycle=17997, step=1353, pc=0x002184D0, major=4, minor=7
       Global: no permutation/lookup violations (local-only)
  [189] ✓ INSTR_TYPE_MOD @ step 2154: 3 failures, 2912ms, outcome: REJECTED, exit: 101 [proof:GENERATED] G=memory|cycle
       r=0.071  T_new=0.00 F_new=0.86 F_rare=1.00 U=0 Q=0.16 Q_l=0.37 Q_g=0.43 dl=3 dg=5
       Value: 0x00060002 -> 0x00040002
       Original: Sw [major=6, minor=2]
       Mutated:  SrlI [major=4, minor=2]
       zkVM errors (3 lines):
         • [prover_impl.rs:280] verify segment (internal proof verification failed)
         • [ffi.cpp:113] address mismatch at cycle 18808: preflight=0x00088526, actual=0x3fffc030
         • [kernels/cxx/ffi.cpp:208] SKIP THROW: memory peek not in preflight
       Local constraints hit (3 unique):
         - MemoryWrite@mem.zir:99
           cycle=18808, step=2154, pc=0x0020256C, major=4, minor=2
         - VerifyOpcodeF3F7@inst.zir:102
           cycle=18808, step=2154, pc=0x0020256C, major=4, minor=2
         - VerifyOpcodeF3F7@inst.zir:103
           cycle=18808, step=2154, pc=0x0020256C, major=4, minor=2
       Global: memory permutation violated
         x16/a6: expected write missing, needed 0x00000000 (cycle 29358)
         0x00221498 (code): unexpected write 0x00000000 (cycle 29358)
       Global: cycle lookup violated (3 indices broken)
         index 0: 2254 provides, 1 uses (imbalanced)
         index 8257: orphan use (1 entries, no matching provide)
         index 8258: 1 provides, 1 uses (imbalanced)
  [190] ✓ STORE_OUT_MOD @ step 1586: 2 failures, 2918ms, outcome: REJECTED, exit: 101 [proof:GENERATED] G=memory
       r=0.110  T_new=0.00 F_new=0.39 F_rare=0.67 U=0 Q=0.43 Q_l=0.51 Q_g=0.85 dl=2 dg=1
       Value: 0x00000000 -> 0x80629121
       Store address: 0x0020027c
       zkVM errors (1 lines):
         • [prover_impl.rs:280] verify segment (internal proof verification failed)
       Local constraints hit (2 unique):
         - MemoryWrite@mem.zir:100
           cycle=18230, step=1586, pc=0x00202F30, major=6, minor=2
         - MemoryWrite@mem.zir:99
           cycle=18230, step=1586, pc=0x00202F30, major=6, minor=2
       Global: memory permutation violated
         0x0020027C (data): wrote 0x80629121, expected 0x00000000 (cycle 36461)
  [191] ✓ INSTR_TYPE_MOD @ step 2183: 4 failures, 2899ms, outcome: REJECTED, exit: 101 [proof:GENERATED] G=memory|cycle
       r=0.038  T_new=0.00 F_new=0.97 F_rare=1.00 U=0 Q=0.08 Q_l=0.26 Q_g=0.31 dl=4 dg=7
       Value: 0x00050002 -> 0x00060000
       Original: Lw [major=5, minor=2]
       Mutated:  Sb [major=6, minor=0]
       zkVM errors (3 lines):
         • [prover_impl.rs:280] verify segment (internal proof verification failed)
         • [ffi.cpp:113] address mismatch at cycle 18837: preflight=0x0008006b, actual=0x3fffc02c
         • [kernels/cxx/ffi.cpp:208] SKIP THROW: memory peek not in preflight
       Local constraints hit (4 unique):
         - MemoryWrite@mem.zir:100
           cycle=18837, step=2183, pc=0x00204194, major=6, minor=0
         - MemoryWrite@mem.zir:99
           cycle=18837, step=2183, pc=0x00204194, major=6, minor=0
         - VerifyOpcodeF3@inst.zir:96
           cycle=18837, step=2183, pc=0x00204194, major=6, minor=0
         - VerifyOpcodeF3@inst.zir:97
           cycle=18837, step=2183, pc=0x00204194, major=6, minor=0
       Global: memory permutation violated
         0x002001AC (data): unexpected write 0x00000000 (cycle 36491)
         0x002001B4 (data): expected write missing, needed 0x0b010113 (cycle 12774)
         x12/a2: expected write missing, needed 0x00000000 (cycle 36491)
         x23/s7: unexpected write 0x00000000 (cycle 37501)
       Global: cycle lookup violated (3 indices broken)
         index 172: 5 provides, 1 uses (imbalanced)
         index 173: 5 provides, 1 uses (imbalanced)
         index 24900: 1 provides, 1 uses (imbalanced)
  [192] ✓ INSTR_TYPE_MOD @ step 3651: 3 failures, 2829ms, outcome: REJECTED, exit: 101 [proof:GENERATED]
       r=0.077  T_new=0.00 F_new=0.00 F_rare=0.71 U=0 Q=0.37 Q_l=0.37 Q_g=1.00 dl=3 dg=0
       Value: 0x00000007 -> 0x00000005
       Original: AddI [major=0, minor=7]
       Mutated:  Slt [major=0, minor=5]
       zkVM errors (1 lines):
         • [prover_impl.rs:280] verify segment (internal proof verification failed)
       Local constraints hit (3 unique):
         - MemoryWrite@mem.zir:99
           cycle=20527, step=3651, pc=0x00203418, major=0, minor=5
         - VerifyOpcodeF3F7@inst.zir:102
           cycle=20527, step=3651, pc=0x00203418, major=0, minor=5
         - VerifyOpcodeF3F7@inst.zir:103
           cycle=20527, step=3651, pc=0x00203418, major=0, minor=5
       Global: no permutation/lookup violations (local-only)
  [193] ✓ LOAD_VAL_MOD @ step 1398: 1 failures, 2866ms, outcome: REJECTED, exit: 101 [proof:GENERATED] G=memory
       r=0.155  T_new=0.00 F_new=0.39 F_rare=0.68 U=0 Q=0.61 Q_l=0.72 Q_g=0.85 dl=1 dg=1
       Value: 0x0000003C -> 0x0000003A
       Load destination: rd = x13 (a3)
       zkVM errors (1 lines):
         • [prover_impl.rs:280] verify segment (internal proof verification failed)
       Local constraints hit (1 unique):
         - MemoryWrite@mem.zir:99
           cycle=18042, step=1398, pc=0x002184C0, major=5, minor=3
       Global: memory permutation violated
         x13/a3: wrote 0x0000003a, expected 0x0000003c (cycle 36085)
  [194] ✓ INSTR_WORD_MOD_SUR @ step 2354: 1 failures, 2845ms, outcome: REJECTED, exit: 101 [proof:GENERATED] G=memory
       r=0.181  T_new=0.00 F_new=0.39 F_rare=0.85 U=0 Q=0.61 Q_l=0.72 Q_g=0.85 dl=1 dg=1
       Value: 0x02E585B3 -> 0x40E585B3
       Surgical: funct7 = 1 -> 32
       Original: ADD x11, x11, x14
       Mutated:  SUB x11, x11, x14
       zkVM errors (1 lines):
         • [prover_impl.rs:280] verify segment (internal proof verification failed)
       Local constraints hit (1 unique):
         - VerifyOpcodeF3F7@inst.zir:104
           cycle=19008, step=2354, pc=0x00203260, major=3, minor=2
       Global: memory permutation violated
         0x0020325C (code): wrote 0x02e585b3, expected 0x40e585b3 (cycle 33294)
  [195] ✓ INSTR_TYPE_MOD @ step 3526: 2 failures, 2830ms, outcome: REJECTED, exit: 101 [proof:GENERATED]
       r=0.072  T_new=0.00 F_new=0.00 F_rare=0.58 U=0 Q=0.51 Q_l=0.51 Q_g=1.00 dl=2 dg=0
       Value: 0x00000007 -> 0x00010004
       Original: AddI [major=0, minor=7]
       Mutated:  SltIU [major=1, minor=4]
       zkVM errors (1 lines):
         • [prover_impl.rs:280] verify segment (internal proof verification failed)
       Local constraints hit (2 unique):
         - MemoryWrite@mem.zir:99
           cycle=20328, step=3526, pc=0x002061D8, major=1, minor=4
         - VerifyOpcodeF3@inst.zir:97
           cycle=20328, step=3526, pc=0x002061D8, major=1, minor=4
       Global: no permutation/lookup violations (local-only)
  [196] ✓ INSTR_TYPE_MOD @ step 1291: 5 failures, 2831ms, outcome: REJECTED, exit: 101 [proof:GENERATED]
       r=0.080  T_new=0.00 F_new=0.63 F_rare=1.00 U=0 Q=0.19 Q_l=0.19 Q_g=1.00 dl=5 dg=0
       Value: 0x00000007 -> 0x00030004
       Original: AddI [major=0, minor=7]
       Mutated:  MulHSU [major=3, minor=4]
       zkVM errors (1 lines):
         • [prover_impl.rs:280] verify segment (internal proof verification failed)
       Local constraints hit (5 unique):
         - MemoryWrite@mem.zir:100
           cycle=17935, step=1291, pc=0x00203444, major=3, minor=4
         - MemoryWrite@mem.zir:99
           cycle=17935, step=1291, pc=0x00203444, major=3, minor=4
         - VerifyOpcodeF3F7@inst.zir:102
           cycle=17935, step=1291, pc=0x00203444, major=3, minor=4
         - VerifyOpcodeF3F7@inst.zir:103
           cycle=17935, step=1291, pc=0x00203444, major=3, minor=4
         - VerifyOpcodeF3F7@inst.zir:104
           cycle=17935, step=1291, pc=0x00203444, major=3, minor=4
       Global: no permutation/lookup violations (local-only)
  [197] ✓ INSTR_TYPE_MOD @ step 2133: 2 failures, 2850ms, outcome: REJECTED, exit: 101 [proof:GENERATED] G=memory
       r=0.046  T_new=0.00 F_new=0.99 F_rare=1.00 U=0 Q=0.10 Q_l=0.51 Q_g=0.19 dl=2 dg=10
       Value: 0x00020001 -> 0x00020000
       Original: BltU [major=2, minor=1]
       Mutated:  Bge [major=2, minor=0]
       zkVM errors (3 lines):
         • [prover_impl.rs:280] verify segment (internal proof verification failed)
         • [ffi.cpp:113] address mismatch at cycle 18788: preflight=0x00081789, actual=0x00081790
         • [kernels/cxx/buffers.h:43] SKIP THROW: Inconsistent set
       Local constraints hit (2 unique):
         - MemoryWrite@mem.zir:99
           cycle=18794, step=2140, pc=0x00202534, major=2, minor=4
         - VerifyOpcodeF3@inst.zir:97
           cycle=18787, step=2133, pc=0x00205E24, major=2, minor=0
       Global: memory permutation violated (14 addrs: 14 code)
         + 14 code addresses diverged (instruction fetch cascade)
  [198] ✓ PRE_EXEC_REG_MOD @ step 3108: 4 failures, 2864ms, outcome: REJECTED, exit: 101 [proof:GENERATED] G=memory
       r=0.094  T_new=0.00 F_new=0.78 F_rare=1.00 U=0 Q=0.22 Q_l=0.26 Q_g=0.85 dl=4 dg=1
       Value: 0x00000000 -> 0xC5E7A9B2
       Register: x12 (a2), READ, strategy=next_read
       zkVM errors (1 lines):
         • [prover_impl.rs:280] verify segment (internal proof verification failed)
       Local constraints hit (4 unique):
         - IsRead@mem.zir:79
           cycle=19836, step=3108, pc=0x002057A8, major=3, minor=1
         - IsRead@mem.zir:80
           cycle=19836, step=3108, pc=0x002057A8, major=3, minor=1
         - MemoryWrite@mem.zir:100
           cycle=19836, step=3108, pc=0x002057A8, major=3, minor=1
         - MemoryWrite@mem.zir:99
           cycle=19836, step=3108, pc=0x002057A8, major=3, minor=1
       Global: memory permutation violated
         x12/a2: wrote 0xc5e7a9b2, expected 0x00000000 (cycle 39672)
  [199] ✓ PRE_EXEC_REG_MOD @ step 3255: 2 failures, 2839ms, outcome: REJECTED, exit: 101 [proof:GENERATED] G=memory
       r=0.184  T_new=0.00 F_new=0.78 F_rare=1.00 U=0 Q=0.43 Q_l=0.51 Q_g=0.85 dl=2 dg=1
       Value: 0x00010800 -> 0x20000000
       Register: x3 (gp), READ, strategy=next_read
       zkVM errors (1 lines):
         • [prover_impl.rs:280] verify segment (internal proof verification failed)
       Local constraints hit (2 unique):
         - IsRead@mem.zir:79
           cycle=20057, step=3255, pc=0x002032F8, major=1, minor=2
         - IsRead@mem.zir:80
           cycle=20057, step=3255, pc=0x002032F8, major=1, minor=2
       Global: memory permutation violated
         x3/gp: wrote 0x20000000, expected 0x00010800 (cycle 40114)
  [200] ✓ PRE_EXEC_REG_MOD @ step 2630: 4 failures, 2849ms, outcome: REJECTED, exit: 101 [proof:GENERATED] G=memory
       r=0.094  T_new=0.00 F_new=0.78 F_rare=1.00 U=0 Q=0.22 Q_l=0.26 Q_g=0.85 dl=4 dg=1
       Value: 0x00000001 -> 0x1BEBA342
       Register: x13 (a3), READ, strategy=next_read
       zkVM errors (1 lines):
         • [prover_impl.rs:280] verify segment (internal proof verification failed)
       Local constraints hit (4 unique):
         - IsRead@mem.zir:79
           cycle=19358, step=2630, pc=0x00203304, major=0, minor=3
         - IsRead@mem.zir:80
           cycle=19358, step=2630, pc=0x00203304, major=0, minor=3
         - MemoryWrite@mem.zir:100
           cycle=19358, step=2630, pc=0x00203304, major=0, minor=3
         - MemoryWrite@mem.zir:99
           cycle=19358, step=2630, pc=0x00203304, major=0, minor=3
       Global: memory permutation violated
         x13/a3: wrote 0x1beba342, expected 0x00000001 (cycle 38716)

============================================================
Campaign Summary
============================================================
Total mutations:     200
Successful (caused failures): 197
Skipped (no valid target):    0
Total failures:      841
Unique constraints:  30
New coverage:        30
New touch:           2545
Distinct touched:    2545

Global Constraint Summary:
  Mutations with global violations: 140
  Global-only (no local failures):  4
  Local-only (no global violations):60
Execution time:      573849ms

Outcome breakdown:
  REJECTED (mutation detected): 197
  CRASH (segfault, etc.):       3
  NO_EFFECT:                    0
  ACCEPTED (BUG!):              0 
  SKIPPED:                      0

Mutations by kind:
  COMP_OUT_MOD: 6
  INSTR_TYPE_MOD: 146
  INSTR_WORD_MOD_FULL: 5
  INSTR_WORD_MOD_SUR: 5
  LOAD_VAL_MOD: 7
  MEM_VAL_MOD: 7
  PRE_EXEC_REG_MOD: 20
  STORE_OUT_MOD: 4
[run_campaign_pos] campaign rc=0
[run_campaign_pos] EXIT trap firing, rc=0
