[run_campaign_pos] node=flare  run_id=pos_audit_b11_zoned_seed999_n500
[run_campaign_pos] params: strat=zoned seed=999 num=500 b_count=16
[run_campaign_pos] host_args: --in1 5 --in4 10
[run_campaign_pos] WORK=/root/a4_campaign REPO=/root/a4_campaign/repo HOST=/root/a4_campaign/bin/risc0-host
[run_campaign_pos] expected host sha: 6873e5887dd98a84885ebe0dfb88ae2b05b113810b76ca586d9a7a19805cc444
[run_campaign_pos] actual   host sha: 6873e5887dd98a84885ebe0dfb88ae2b05b113810b76ca586d9a7a19805cc444
[run_campaign_pos] python: /usr/bin/python3 (Python 3.13.5)
[run_campaign_pos] mapping strategy 'zoned' -> selector 'zoned'
[run_campaign_pos] command: /usr/bin/python3 -m a4.standalone.cli fuzz --host /root/a4_campaign/bin/risc0-host --selector zoned --num 500 --seed 999 --db /root/results_pos_audit_b11_zoned_seed999_n500/pos_audit_b11_zoned_seed999_n500.db --telemetry-level full --debug-bandit-trace /root/results_pos_audit_b11_zoned_seed999_n500/pos_audit_b11_zoned_seed999_n500.bandit_trace.jsonl -- --in1 5 --in4 10
A4 Standalone Fuzzer
============================================================
Running inspection on /root/a4_campaign/bin/risc0-host...
  Args: --in1 5 --in4 10
Inspection Data Summary:
  Total cycles: 32768
  Total steps: 3930
  Total transactions: 34724
    - Register transactions: 8780
    - Memory transactions: 25944
  Cycles by major category:
    MISC0: 1386
    MISC1: 442
    MISC2: 664
    MUL0: 100
    DIV0: 23
    MEM0 (load): 680
    MEM1 (store): 596
    CONTROL0: 9641
    ECALL0: 87
    POSEIDON0: 2486
    POSEIDON1: 16371
    SHA0: 292

Starting campaign 1
  Mutations: 500
  Kind: all
  Seed: 999


--- COVERAGE TRACKING SETUP ---
Capturing baseline touch...
  Baseline: 1599 bitmap buckets
  Calibrated: τ_T=35.0, τ_d=3.0, K_T_rare=31, γ=0.9965
--- COVERAGE TRACKING READY ---

  [1] ✓ LOAD_VAL_MOD @ step 779: 2 failures, 2927ms, outcome: REJECTED, exit: 101 [proof:GENERATED] [+2 new] [+1599 touch] G=memory
       r=0.200  T_new=0.00 F_new=0.78 F_rare=1.00 U=0 Q=0.43 Q_l=0.51 Q_g=0.85 dl=2 dg=1
       Value: 0x00000001 -> 0x80000000
       Load destination: rd = x8 (s0/fp)
       zkVM errors (1 lines):
         • [prover_impl.rs:280] verify segment (internal proof verification failed)
       Local constraints hit (2 unique):
         - MemoryWrite@mem.zir:100
           cycle=17400, step=779, pc=0x002031F0, major=5, minor=2
         - MemoryWrite@mem.zir:99
           cycle=17400, step=779, pc=0x002031F0, major=5, minor=2
       Global: memory permutation violated
         x8/s0: wrote 0x80000000, expected 0x00000001 (cycle 34801)
  [2] ✓ INSTR_WORD_MOD_SUR @ step 2341: 0 failures, 3054ms, outcome: REJECTED, exit: 101 [proof:GENERATED] G=memory[GO]
       r=0.274  T_new=0.00 F_new=0.78 F_rare=1.00 U=0 Q=0.61 Q_l=1.00 Q_g=0.61 dl=0 dg=3
       Value: 0x0CE66463 -> 0x0C866463
       Surgical: rs2 = 14 -> 8
       Original: BLTU x12, x14, 200
       Mutated:  BLTU x12, x8, 200
       zkVM errors (3 lines):
         • [prover_impl.rs:280] verify segment (internal proof verification failed)
         • [ffi.cpp:113] address mismatch at cycle 18995: preflight=0x3fffc02e, actual=0x3fffc028
         • [kernels/cxx/ffi.cpp:208] SKIP THROW: memory peek not in preflight
       Global: memory permutation violated [GLOBAL-ONLY]
         x8/s0: expected write missing, needed 0x00000007 (cycle 37987)
         x14/a4: unexpected write 0x00000007 (cycle 37987)
         0x00203228 (code): wrote 0x0ce66463, expected 0x0c866463 (cycle 33268)
  [3] ✓ MEM_VAL_MOD @ step 1304: 2 failures, 2941ms, outcome: REJECTED, exit: 101 [proof:GENERATED] G=memory
       r=0.194  T_new=0.00 F_new=0.78 F_rare=1.00 U=0 Q=0.43 Q_l=0.51 Q_g=0.85 dl=2 dg=1
       Value: 0x00000000 -> 0x7D9510A7
       Transaction: other_mem_write (WRITE) at address 0xffff0180
       zkVM errors (1 lines):
         • [prover_impl.rs:280] verify segment (internal proof verification failed)
       Local constraints hit (2 unique):
         - MemoryWrite@mem.zir:100
           cycle=17948, step=1304, pc=0x00203448, major=2, minor=1
         - MemoryWrite@mem.zir:99
           cycle=17948, step=1304, pc=0x00203448, major=2, minor=1
       Global: memory permutation violated
         0xFFFF0180 (data): wrote 0x7d9510a7, expected 0x00000000 (cycle 35897)
  [4] ✓ PRE_EXEC_REG_MOD @ step 2664: 2 failures, 2924ms, outcome: REJECTED, exit: 101 [proof:GENERATED] [+1 new] G=memory
       r=0.048  T_new=0.00 F_new=1.00 F_rare=1.00 U=0 Q=0.10 Q_l=0.51 Q_g=0.19 dl=2 dg=10
       Value: 0x00000000 -> 0x00010000
       Register: x11 (a1), READ, strategy=next_read
       zkVM errors (3 lines):
         • [prover_impl.rs:280] verify segment (internal proof verification failed)
         • [ffi.cpp:113] address mismatch at cycle 19393: preflight=0x00080d1a, actual=0x00080d14
         • [kernels/cxx/buffers.h:43] SKIP THROW: Inconsistent set
       Local constraints hit (2 unique):
         - IsRead@mem.zir:80
           cycle=19392, step=2664, pc=0x00203468, major=1, minor=5
         - MemoryWrite@mem.zir:99
           cycle=19399, step=2671, pc=0x0020530C, major=2, minor=4
       Global: memory permutation violated (15 addrs: 1 register, 14 code)
         x11/a1: wrote 0x00010000, expected 0x00000000 (cycle 38784)
         + 14 code addresses diverged (instruction fetch cascade)
  [5] ✓ INSTR_TYPE_MOD @ step 407: 1 failures, 2984ms, outcome: REJECTED, exit: 101 [proof:GENERATED] [+1 new] G=memory|cycle
       r=0.150  T_new=0.00 F_new=0.95 F_rare=1.00 U=0 Q=0.31 Q_l=0.72 Q_g=0.43 dl=1 dg=5
       Value: 0x00060002 -> 0x00050002
       Original: Sw [major=6, minor=2]
       Mutated:  Lw [major=5, minor=2]
       zkVM errors (3 lines):
         • [prover_impl.rs:280] verify segment (internal proof verification failed)
         • [ffi.cpp:113] address mismatch at cycle 16998: preflight=0x3fffc028, actual=0x000800d6
         • [kernels/cxx/ffi.cpp:208] SKIP THROW: memory peek not in preflight
       Local constraints hit (1 unique):
         - VerifyOpcodeF3@inst.zir:96
           cycle=16998, step=407, pc=0x00203194, major=5, minor=2
       Global: memory permutation violated
         0x00200358 (data): unexpected write 0x00000001 (cycle 33958)
         x8/s0: expected write missing, needed 0x00000001 (cycle 33958)
       Global: cycle lookup violated (3 indices broken)
         index 0: 2254 provides, 1 uses (imbalanced)
         index 37: 38 provides, 1 uses (imbalanced)
         index 38: 16 provides, 1 uses (imbalanced)
  [6] ✓ INSTR_TYPE_MOD @ step 3464: 7 failures, 3043ms, outcome: REJECTED, exit: 101 [proof:GENERATED] [+4 new] [+35 touch] G=memory|cycle
       r=0.029  T_new=0.63 F_new=1.00 F_rare=1.00 U=0 Q=0.04 Q_l=0.10 Q_g=0.43 dl=7 dg=5
       Value: 0x00000002 -> 0x00060001
       Original: Xor [major=0, minor=2]
       Mutated:  Sh [major=6, minor=1]
       zkVM errors (3 lines):
         • [prover_impl.rs:280] verify segment (internal proof verification failed)
         • [ffi.cpp:113] address mismatch at cycle 20266: preflight=0x3fffc02b, actual=0x00000003
         • [kernels/cxx/ffi.cpp:208] SKIP THROW: memory peek not in preflight
       Local constraints hit (7 unique):
         - AddrDecomposeBits@u32.zir:87
           cycle=20266, step=3464, pc=0x0021815C, major=6, minor=1
         - IsRead@mem.zir:79
           cycle=20266, step=3464, pc=0x0021815C, major=6, minor=1
         - MemoryWrite@mem.zir:100
           cycle=20266, step=3464, pc=0x0021815C, major=6, minor=1
         - MemoryWrite@mem.zir:99
           cycle=20266, step=3464, pc=0x0021815C, major=6, minor=1
         - OpSH@inst_mem.zir:148
           cycle=20266, step=3464, pc=0x0021815C, major=6, minor=1
         - VerifyOpcodeF3@inst.zir:96
           cycle=20266, step=3464, pc=0x0021815C, major=6, minor=1
         - VerifyOpcodeF3@inst.zir:97
           cycle=20266, step=3464, pc=0x0021815C, major=6, minor=1
       Global: memory permutation violated
         0x0000000C (data): expected write missing, needed 0x00b635b3 (cycle 39228)
         x11/a1: unexpected write 0x00000004 (cycle 40532)
       Global: cycle lookup violated (3 indices broken)
         index 0: 2254 provides, 1 uses (imbalanced)
         index 1304: 1 provides, 1 uses (imbalanced)
         index 2013265920: orphan provide (1 entries, no matching use)
  [7] ✓ LOAD_VAL_MOD @ step 1779: 2 failures, 2958ms, outcome: REJECTED, exit: 101 [proof:GENERATED] G=memory
       r=0.191  T_new=0.00 F_new=0.78 F_rare=1.00 U=0 Q=0.43 Q_l=0.51 Q_g=0.85 dl=2 dg=1
       Value: 0x00000043 -> 0x7FDEFD38
       Load destination: rd = x14 (a4)
       zkVM errors (1 lines):
         • [prover_impl.rs:280] verify segment (internal proof verification failed)
       Local constraints hit (2 unique):
         - MemoryWrite@mem.zir:100
           cycle=18423, step=1779, pc=0x002184C4, major=5, minor=3
         - MemoryWrite@mem.zir:99
           cycle=18423, step=1779, pc=0x002184C4, major=5, minor=3
       Global: memory permutation violated
         x14/a4: wrote 0x7fdefd38, expected 0x00000043 (cycle 36847)
  [8] ✓ INSTR_TYPE_MOD @ step 3928: 6 failures, 2966ms, outcome: REJECTED, exit: 101 [proof:GENERATED] [+1 new] [+2 touch] G=memory|cycle
       r=0.030  T_new=0.06 F_new=1.00 F_rare=1.00 U=0 Q=0.06 Q_l=0.14 Q_g=0.43 dl=6 dg=5
       Value: 0x00000007 -> 0x00060002
       Original: AddI [major=0, minor=7]
       Mutated:  Sw [major=6, minor=2]
       zkVM errors (3 lines):
         • [prover_impl.rs:280] verify segment (internal proof verification failed)
         • [ffi.cpp:113] address mismatch at cycle 20878: preflight=0x3fffc011, actual=0x00000004
         • [kernels/cxx/ffi.cpp:208] SKIP THROW: memory peek not in preflight
       Local constraints hit (6 unique):
         - AddrDecomposeBits@u32.zir:87
           cycle=20878, step=3928, pc=0xC00000F8, major=6, minor=2
         - IsRead@mem.zir:79
           cycle=20878, step=3928, pc=0xC00000F8, major=6, minor=2
         - MemoryWrite@mem.zir:99
           cycle=20878, step=3928, pc=0xC00000F8, major=6, minor=2
         - OpSW@inst_mem.zir:160
           cycle=20878, step=3928, pc=0xC00000F8, major=6, minor=2
         - VerifyOpcodeF3@inst.zir:96
           cycle=20878, step=3928, pc=0xC00000F8, major=6, minor=2
         - VerifyOpcodeF3@inst.zir:97
           cycle=20878, step=3928, pc=0xC00000F8, major=6, minor=2
       Global: memory permutation violated
         0x00000010 (data): expected write missing, needed 0x00000073 (cycle 30062)
         0xFFFF0044 (data): unexpected write 0x00000004 (cycle 41362)
       Global: cycle lookup violated (3 indices broken)
         index 393: 2 provides, 1 uses (imbalanced)
         index 394: 1 provides, 1 uses (imbalanced)
         index 11694: 1 provides, 1 uses (imbalanced)
  [9] ✓ PRE_EXEC_REG_MOD @ step 1063: 2 failures, 2958ms, outcome: REJECTED, exit: 101 [proof:GENERATED] G=memory
       r=0.190  T_new=0.00 F_new=0.78 F_rare=1.00 U=0 Q=0.43 Q_l=0.51 Q_g=0.85 dl=2 dg=1
       Value: 0x00010800 -> 0xFF7EF7FF
       Register: x3 (gp), READ, strategy=next_read
       zkVM errors (1 lines):
         • [prover_impl.rs:280] verify segment (internal proof verification failed)
       Local constraints hit (2 unique):
         - IsRead@mem.zir:79
           cycle=17702, step=1063, pc=0x0020632C, major=2, minor=5
         - IsRead@mem.zir:80
           cycle=17702, step=1063, pc=0x0020632C, major=2, minor=5
       Global: memory permutation violated
         x3/gp: wrote 0xff7ef7ff, expected 0x00010800 (cycle 35404)
  [10] ✓ MEM_VAL_MOD @ step 3929: 0 failures, 2981ms, outcome: REJECTED, exit: 101 [proof:GENERATED] G=memory[GO]
       r=0.293  T_new=0.00 F_new=0.39 F_rare=1.00 U=0 Q=0.85 Q_l=1.00 Q_g=0.85 dl=0 dg=1
       Value: 0x00000000 -> 0x3020F69D
       Transaction: other_mem_read (READ) at address 0x00221694
       zkVM errors (2 lines):
         • [prover_impl.rs:280] verify segment (internal proof verification failed)
         • [kernels/cxx/buffers.h:43] SKIP THROW: Inconsistent set
       Global: memory permutation violated [GLOBAL-ONLY]
         0x00221694 (code): wrote 0x3020f69d, expected 0x00000000 (cycle 43458)
  [11] ✓ LOAD_VAL_MOD @ step 2306: 2 failures, 2946ms, outcome: REJECTED, exit: 101 [proof:GENERATED] G=memory
       r=0.135  T_new=0.00 F_new=0.39 F_rare=0.85 U=0 Q=0.43 Q_l=0.51 Q_g=0.85 dl=2 dg=1
       Value: 0x00000004 -> 0x80000000
       Load destination: rd = x19 (s3)
       zkVM errors (1 lines):
         • [prover_impl.rs:280] verify segment (internal proof verification failed)
       Local constraints hit (2 unique):
         - MemoryWrite@mem.zir:100
           cycle=18960, step=2306, pc=0x002012A8, major=5, minor=3
         - MemoryWrite@mem.zir:99
           cycle=18960, step=2306, pc=0x002012A8, major=5, minor=3
       Global: memory permutation violated
         x19/s3: wrote 0x80000000, expected 0x00000004 (cycle 37921)
  [12] ✓ INSTR_WORD_MOD_SUR @ step 98: 1 failures, 2954ms, outcome: REJECTED, exit: 101 [proof:GENERATED] [+1 new] G=memory
       r=0.243  T_new=0.00 F_new=0.63 F_rare=1.00 U=0 Q=0.61 Q_l=0.72 Q_g=0.85 dl=1 dg=1
       Value: 0x00F686B3 -> 0xBCF686B3
       Surgical: funct7 = 0 -> 94
       Original: ADD x13, x13, x15
       Mutated:  ADD x13, x13, x15
       zkVM errors (1 lines):
         • [prover_impl.rs:280] verify segment (internal proof verification failed)
       Local constraints hit (1 unique):
         - VerifyOpcodeF3F7@inst.zir:104
           cycle=16671, step=98, pc=0x002032C0, major=0, minor=0
       Global: memory permutation violated
         0x002032BC (code): wrote 0x00f686b3, expected 0xbcf686b3 (cycle 10378)
  [13] ✓ STORE_OUT_MOD @ step 3919: 2 failures, 3011ms, outcome: REJECTED, exit: 101 [proof:GENERATED] G=memory
       r=0.174  T_new=0.00 F_new=0.63 F_rare=1.00 U=0 Q=0.43 Q_l=0.51 Q_g=0.85 dl=2 dg=1
       Value: 0x0F745431 -> 0xB08FB3CA
       Store address: 0xffff025c
       zkVM errors (1 lines):
         • [prover_impl.rs:280] verify segment (internal proof verification failed)
       Local constraints hit (2 unique):
         - MemoryWrite@mem.zir:100
           cycle=20869, step=3919, pc=0xC00000D4, major=6, minor=2
         - MemoryWrite@mem.zir:99
           cycle=20869, step=3919, pc=0xC00000D4, major=6, minor=2
       Global: memory permutation violated
         0xFFFF025C (data): wrote 0xb08fb3ca, expected 0x0f745431 (cycle 41739)
  [14] ✓ INSTR_WORD_MOD_SUR @ step 2782: 0 failures, 2925ms, outcome: REJECTED, exit: 101 [proof:GENERATED] G=memory[GO]
       r=0.263  T_new=0.00 F_new=0.78 F_rare=1.00 U=0 Q=0.61 Q_l=1.00 Q_g=0.61 dl=0 dg=3
       Value: 0x0244A583 -> 0x02402583
       Surgical: rs1 = 9 -> 0
       Original: LW x11, 36(x9)
       Mutated:  LW x11, 36(x0)
       zkVM errors (3 lines):
         • [prover_impl.rs:280] verify segment (internal proof verification failed)
         • [ffi.cpp:113] address mismatch at cycle 19510: preflight=0x3fffc029, actual=0x3fffc020
         • [kernels/cxx/ffi.cpp:208] SKIP THROW: memory peek not in preflight
       Global: memory permutation violated [GLOBAL-ONLY]
         x0/zero: expected write missing, needed 0x00200300 (cycle 38992)
         x9/s1: unexpected write 0x00200300 (cycle 38992)
         0x0020382C (code): wrote 0x0244a583, expected 0x02402583 (cycle 11266)
  [15] ✓ COMP_OUT_MOD @ step 2199: 2 failures, 2939ms, outcome: REJECTED, exit: 101 [proof:GENERATED] G=memory
       r=0.188  T_new=0.00 F_new=0.78 F_rare=1.00 U=0 Q=0.43 Q_l=0.51 Q_g=0.85 dl=2 dg=1
       Value: 0x00000002 -> 0x01000000
       Destination: rd = x12 (a2)
       zkVM errors (1 lines):
         • [prover_impl.rs:280] verify segment (internal proof verification failed)
       Local constraints hit (2 unique):
         - MemoryWrite@mem.zir:100
           cycle=18853, step=2199, pc=0x00201EB0, major=0, minor=7
         - MemoryWrite@mem.zir:99
           cycle=18853, step=2199, pc=0x00201EB0, major=0, minor=7
       Global: memory permutation violated
         x12/a2: wrote 0x01000000, expected 0x00000002 (cycle 37707)
  [16] 💥 PRE_EXEC_REG_MOD @ step 2708: 2 failures, 551ms, outcome: CRASH, exit: -11 [proof:NOT_GENERATED]
       r=0.000  T_new=0.00 F_new=0.00 F_rare=0.00 U=0 Q=0.00 Q_l=0.00 Q_g=1.00 dl=0 dg=0
       Value: 0x0022133C -> 0xFFDDECC3
       Register: x21 (s5), READ, strategy=next_read
       Local constraints hit (2 unique):
         - IsRead@mem.zir:79
           cycle=19436, step=2708, pc=0x0020164C, major=5, minor=2
         - IsRead@mem.zir:80
           cycle=19436, step=2708, pc=0x0020164C, major=5, minor=2
       Global: no permutation/lookup violations (local-only)
  [17] ✓ PRE_EXEC_REG_MOD @ step 62: 3 failures, 2941ms, outcome: REJECTED, exit: 101 [proof:GENERATED] G=memory
       r=0.141  T_new=0.00 F_new=0.86 F_rare=1.00 U=0 Q=0.31 Q_l=0.37 Q_g=0.85 dl=3 dg=1
       Value: 0x00000000 -> 0x92290D1A
       Register: x11 (a1), READ, strategy=next_read
       zkVM errors (1 lines):
         • [prover_impl.rs:280] verify segment (internal proof verification failed)
       Local constraints hit (3 unique):
         - IsRead@mem.zir:79
           cycle=16635, step=62, pc=0x00203230, major=6, minor=0
         - IsRead@mem.zir:80
           cycle=16635, step=62, pc=0x00203230, major=6, minor=0
         - MemoryWrite@mem.zir:100
           cycle=16635, step=62, pc=0x00203230, major=6, minor=0
       Global: memory permutation violated
         x11/a1: wrote 0x92290d1a, expected 0x00000000 (cycle 33270)
  [18] ✓ INSTR_TYPE_MOD @ step 1019: 2 failures, 2899ms, outcome: REJECTED, exit: 101 [proof:GENERATED] [+37 touch]
       r=0.306  T_new=0.65 F_new=0.63 F_rare=1.00 U=0 Q=0.51 Q_l=0.51 Q_g=1.00 dl=2 dg=0
       Value: 0x00050002 -> 0x00050001
       Original: Lw [major=5, minor=2]
       Mutated:  Lh [major=5, minor=1]
       zkVM errors (1 lines):
         • [prover_impl.rs:280] verify segment (internal proof verification failed)
       Local constraints hit (2 unique):
         - MemoryWrite@mem.zir:100
           cycle=17658, step=1019, pc=0x00200A6C, major=5, minor=1
         - VerifyOpcodeF3@inst.zir:97
           cycle=17658, step=1019, pc=0x00200A6C, major=5, minor=1
       Global: no permutation/lookup violations (local-only)
  [19] ✓ STORE_OUT_MOD @ step 3919: 2 failures, 2987ms, outcome: REJECTED, exit: 101 [proof:GENERATED] G=memory
       r=0.133  T_new=0.00 F_new=0.39 F_rare=0.85 U=0 Q=0.43 Q_l=0.51 Q_g=0.85 dl=2 dg=1
       Value: 0x0F745431 -> 0xF08BABCE
       Store address: 0xffff025c
       zkVM errors (1 lines):
         • [prover_impl.rs:280] verify segment (internal proof verification failed)
       Local constraints hit (2 unique):
         - MemoryWrite@mem.zir:100
           cycle=20869, step=3919, pc=0xC00000D4, major=6, minor=2
         - MemoryWrite@mem.zir:99
           cycle=20869, step=3919, pc=0xC00000D4, major=6, minor=2
       Global: memory permutation violated
         0xFFFF025C (data): wrote 0xf08babce, expected 0x0f745431 (cycle 41739)
  [20] ✓ INSTR_WORD_MOD_SUR @ step 3686: 1 failures, 2965ms, outcome: REJECTED, exit: 101 [proof:GENERATED] G=memory
       r=0.241  T_new=0.00 F_new=0.63 F_rare=1.00 U=0 Q=0.61 Q_l=0.72 Q_g=0.85 dl=1 dg=1
       Value: 0x00268593 -> 0x002685EF
       Surgical: opcode = 19 -> 111
       Original: ADDI x11, x13, 2
       Mutated:  JAL x11, 425986
       zkVM errors (1 lines):
         • [prover_impl.rs:280] verify segment (internal proof verification failed)
       Local constraints hit (1 unique):
         - VerifyOpcodeF3@inst.zir:96
           cycle=20562, step=3686, pc=0x002035F8, major=0, minor=7
       Global: memory permutation violated
         0x002035F4 (code): wrote 0x00268593, expected 0x002685ef (cycle 10902)
  [21] ✓ STORE_OUT_MOD @ step 3347: 2 failures, 2961ms, outcome: REJECTED, exit: 101 [proof:GENERATED] G=memory
       r=0.126  T_new=0.00 F_new=0.39 F_rare=0.79 U=0 Q=0.43 Q_l=0.51 Q_g=0.85 dl=2 dg=1
       Value: 0xE00067A1 -> 0x40F2CFEA
       Store address: 0x0022159c
       zkVM errors (1 lines):
         • [prover_impl.rs:280] verify segment (internal proof verification failed)
       Local constraints hit (2 unique):
         - MemoryWrite@mem.zir:100
           cycle=20149, step=3347, pc=0x0020342C, major=6, minor=2
         - MemoryWrite@mem.zir:99
           cycle=20149, step=3347, pc=0x0020342C, major=6, minor=2
       Global: memory permutation violated
         0x0022159C (code): wrote 0x40f2cfea, expected 0xe00067a1 (cycle 40299)
  [22] ✓ PRE_EXEC_REG_MOD @ step 3769: 4 failures, 2950ms, outcome: REJECTED, exit: 101 [proof:GENERATED] G=memory
       r=0.096  T_new=0.00 F_new=0.78 F_rare=1.00 U=0 Q=0.22 Q_l=0.26 Q_g=0.85 dl=4 dg=1
       Value: 0x00221610 -> 0xA19CBA54
       Register: x8 (s0), READ, strategy=next_read
       zkVM errors (1 lines):
         • [prover_impl.rs:280] verify segment (internal proof verification failed)
       Local constraints hit (4 unique):
         - IsRead@mem.zir:79
           cycle=20645, step=3769, pc=0x00205804, major=0, minor=7
         - IsRead@mem.zir:80
           cycle=20645, step=3769, pc=0x00205804, major=0, minor=7
         - MemoryWrite@mem.zir:100
           cycle=20645, step=3769, pc=0x00205804, major=0, minor=7
         - MemoryWrite@mem.zir:99
           cycle=20645, step=3769, pc=0x00205804, major=0, minor=7
       Global: memory permutation violated
         x8/s0: wrote 0xa19cba54, expected 0x00221610 (cycle 41290)
  [23] ✓ LOAD_VAL_MOD @ step 2654: 2 failures, 2956ms, outcome: REJECTED, exit: 101 [proof:GENERATED] G=memory
       r=0.133  T_new=0.00 F_new=0.39 F_rare=0.85 U=0 Q=0.43 Q_l=0.51 Q_g=0.85 dl=2 dg=1
       Value: 0x0F4BD989 -> 0x67340EC3
       Load destination: rd = x5 (t0)
       zkVM errors (1 lines):
         • [prover_impl.rs:280] verify segment (internal proof verification failed)
       Local constraints hit (2 unique):
         - MemoryWrite@mem.zir:100
           cycle=19382, step=2654, pc=0x00203428, major=5, minor=2
         - MemoryWrite@mem.zir:99
           cycle=19382, step=2654, pc=0x00203428, major=5, minor=2
       Global: memory permutation violated
         x5/t0: wrote 0x67340ec3, expected 0x0f4bd989 (cycle 38765)
  [24] ✓ COMP_OUT_MOD @ step 2554: 1 failures, 2931ms, outcome: REJECTED, exit: 101 [proof:GENERATED] G=memory
       r=0.240  T_new=0.00 F_new=0.63 F_rare=1.00 U=0 Q=0.61 Q_l=0.72 Q_g=0.85 dl=1 dg=1
       Value: 0xDFC10000 -> 0x01000000
       Destination: rd = x12 (a2)
       zkVM errors (1 lines):
         • [prover_impl.rs:280] verify segment (internal proof verification failed)
       Local constraints hit (1 unique):
         - MemoryWrite@mem.zir:100
           cycle=19282, step=2554, pc=0x002014D4, major=0, minor=3
       Global: memory permutation violated
         x12/a2: wrote 0x01000000, expected 0xdfc10000 (cycle 38565)
  [25] ✓ PRE_EXEC_REG_MOD @ step 2296: 4 failures, 2985ms, outcome: REJECTED, exit: 101 [proof:GENERATED] G=memory
       r=0.068  T_new=0.00 F_new=0.39 F_rare=0.85 U=0 Q=0.22 Q_l=0.26 Q_g=0.85 dl=4 dg=1
       Value: 0x00200348 -> 0x132A306A
       Register: x13 (a3), READ, strategy=next_read
       zkVM errors (1 lines):
         • [prover_impl.rs:280] verify segment (internal proof verification failed)
       Local constraints hit (4 unique):
         - IsRead@mem.zir:79
           cycle=18950, step=2296, pc=0x0020347C, major=0, minor=7
         - IsRead@mem.zir:80
           cycle=18950, step=2296, pc=0x0020347C, major=0, minor=7
         - MemoryWrite@mem.zir:100
           cycle=18950, step=2296, pc=0x0020347C, major=0, minor=7
         - MemoryWrite@mem.zir:99
           cycle=18950, step=2296, pc=0x0020347C, major=0, minor=7
       Global: memory permutation violated
         x13/a3: wrote 0x132a306a, expected 0x00200348 (cycle 37900)
  [26] ✓ INSTR_TYPE_MOD @ step 878: 3 failures, 2926ms, outcome: REJECTED, exit: 101 [proof:GENERATED] [+2 new]
       r=0.158  T_new=0.00 F_new=0.78 F_rare=1.00 U=0 Q=0.37 Q_l=0.37 Q_g=1.00 dl=3 dg=0
       Value: 0x00000007 -> 0x00000004
       Original: AddI [major=0, minor=7]
       Mutated:  And [major=0, minor=4]
       zkVM errors (1 lines):
         • [prover_impl.rs:280] verify segment (internal proof verification failed)
       Local constraints hit (3 unique):
         - MemoryWrite@mem.zir:99
           cycle=17505, step=878, pc=0x0020319C, major=0, minor=4
         - VerifyOpcodeF3F7@inst.zir:102
           cycle=17505, step=878, pc=0x0020319C, major=0, minor=4
         - VerifyOpcodeF3F7@inst.zir:103
           cycle=17505, step=878, pc=0x0020319C, major=0, minor=4
       Global: no permutation/lookup violations (local-only)
  [27] ✓ MEM_VAL_MOD @ step 3259: 2 failures, 2924ms, outcome: REJECTED, exit: 101 [proof:GENERATED] G=memory
       r=0.187  T_new=0.00 F_new=0.78 F_rare=1.00 U=0 Q=0.43 Q_l=0.51 Q_g=0.85 dl=2 dg=1
       Value: 0x00000000 -> 0xFFFFFFFF
       Transaction: other_mem_write (WRITE) at address 0xffff0180
       zkVM errors (1 lines):
         • [prover_impl.rs:280] verify segment (internal proof verification failed)
       Local constraints hit (2 unique):
         - MemoryWrite@mem.zir:100
           cycle=20061, step=3259, pc=0x002033FC, major=1, minor=6
         - MemoryWrite@mem.zir:99
           cycle=20061, step=3259, pc=0x002033FC, major=1, minor=6
       Global: memory permutation violated
         0xFFFF0180 (data): wrote 0xffffffff, expected 0x00000000 (cycle 40123)
  [28] ✓ LOAD_VAL_MOD @ step 253: 2 failures, 2943ms, outcome: REJECTED, exit: 101 [proof:GENERATED] G=memory
       r=0.126  T_new=0.00 F_new=0.39 F_rare=0.79 U=0 Q=0.43 Q_l=0.51 Q_g=0.85 dl=2 dg=1
       Value: 0x00000000 -> 0x80102493
       Load destination: rd = x11 (a1)
       zkVM errors (1 lines):
         • [prover_impl.rs:280] verify segment (internal proof verification failed)
       Local constraints hit (2 unique):
         - MemoryWrite@mem.zir:100
           cycle=16832, step=253, pc=0x002031A0, major=5, minor=2
         - MemoryWrite@mem.zir:99
           cycle=16832, step=253, pc=0x002031A0, major=5, minor=2
       Global: memory permutation violated
         x11/a1: wrote 0x80102493, expected 0x00000000 (cycle 33665)
  [29] ✓ COMP_OUT_MOD @ step 2939: 2 failures, 2957ms, outcome: REJECTED, exit: 101 [proof:GENERATED] G=memory
       r=0.186  T_new=0.00 F_new=0.78 F_rare=1.00 U=0 Q=0.43 Q_l=0.51 Q_g=0.85 dl=2 dg=1
       Value: 0x00205458 -> 0x00400000
       Destination: rd = x1 (ra)
       zkVM errors (1 lines):
         • [prover_impl.rs:280] verify segment (internal proof verification failed)
       Local constraints hit (2 unique):
         - MemoryWrite@mem.zir:100
           cycle=19667, step=2939, pc=0x0020545C, major=2, minor=6
         - MemoryWrite@mem.zir:99
           cycle=19667, step=2939, pc=0x0020545C, major=2, minor=6
       Global: memory permutation violated
         x1/ra: wrote 0x00400000, expected 0x00205458 (cycle 39335)
  [30] ✓ INSTR_WORD_MOD_FULL @ step 3541: 1 failures, 2943ms, outcome: REJECTED, exit: 101 [proof:GENERATED] [+1 new] G=memory
       r=0.195  T_new=0.00 F_new=0.86 F_rare=1.00 U=0 Q=0.43 Q_l=0.72 Q_g=0.61 dl=1 dg=3
       Value: 0x03422683 -> 0x03502683
       Original: LW x13, 52(x4)
       Mutated:  LW x13, 53(x0)
       zkVM errors (3 lines):
         • [prover_impl.rs:280] verify segment (internal proof verification failed)
         • [ffi.cpp:113] address mismatch at cycle 20343: preflight=0x3fffc004, actual=0x3fffc000
         • [kernels/cxx/ffi.cpp:208] SKIP THROW: memory peek not in preflight
       Local constraints hit (1 unique):
         - OpLW@inst_mem.zir:108
           cycle=20343, step=3541, pc=0xC0000180, major=5, minor=2
       Global: memory permutation violated
         0xC000017C (data): wrote 0x03422683, expected 0x03502683 (cycle 39730)
         0xFFFF0000 (data): expected write missing, needed 0xffff0080 (cycle 40684)
         0xFFFF0010 (data): unexpected write 0xffff0080 (cycle 40684)
  [31] ✓ COMP_OUT_MOD @ step 577: 2 failures, 2936ms, outcome: REJECTED, exit: 101 [proof:GENERATED] G=memory
       r=0.122  T_new=0.00 F_new=0.39 F_rare=0.75 U=0 Q=0.43 Q_l=0.51 Q_g=0.85 dl=2 dg=1
       Value: 0x00000001 -> 0xACCF5B64
       Destination: rd = x15 (a5)
       zkVM errors (1 lines):
         • [prover_impl.rs:280] verify segment (internal proof verification failed)
       Local constraints hit (2 unique):
         - MemoryWrite@mem.zir:100
           cycle=17180, step=577, pc=0x0020613C, major=0, minor=7
         - MemoryWrite@mem.zir:99
           cycle=17180, step=577, pc=0x0020613C, major=0, minor=7
       Global: memory permutation violated
         x15/a5: wrote 0xaccf5b64, expected 0x00000001 (cycle 34361)
  [32] ✓ INSTR_WORD_MOD_FULL @ step 3929: 2 failures, 2974ms, outcome: REJECTED, exit: 101 [proof:GENERATED] [+2 new] G=memory
       r=0.186  T_new=0.00 F_new=0.78 F_rare=1.00 U=0 Q=0.43 Q_l=0.51 Q_g=0.85 dl=2 dg=1
       Value: 0x00000073 -> 0x923A7913
       Original: ECALL x0, x0, 0
       Mutated:  ANDI x18, x20, -1757
       zkVM errors (1 lines):
         • [prover_impl.rs:280] verify segment (internal proof verification failed)
       Local constraints hit (2 unique):
         - MachineECall@inst_ecall.zir:28
           cycle=20879, step=3929, pc=0xC00000F8, major=8, minor=0
         - MachineECall@inst_ecall.zir:29
           cycle=20879, step=3929, pc=0xC00000F8, major=8, minor=0
       Global: memory permutation violated
         0xC00000F8 (data): wrote 0x00000073, expected 0x923a7913 (cycle 30062)
  [33] ✓ INSTR_TYPE_MOD @ step 348: 3 failures, 2900ms, outcome: REJECTED, exit: 101 [proof:GENERATED] [+2 new] [+34 touch]
       r=0.229  T_new=0.62 F_new=0.78 F_rare=1.00 U=0 Q=0.37 Q_l=0.37 Q_g=1.00 dl=3 dg=0
       Value: 0x00020005 -> 0x0004000A
       Original: Lui [major=2, minor=5]
       Mutated:  Lw [major=4, minor=10] ⚠INVALID
       zkVM errors (1 lines):
         • [prover_impl.rs:280] verify segment (internal proof verification failed)
       Local constraints hit (3 unique):
         - MemoryWrite@mem.zir:99
           cycle=16933, step=348, pc=0x00206158, major=4, minor=10
         - OneHot@one_hot.zir:11
           cycle=16933, step=348, pc=0x00206158, major=4, minor=10
         - OneHot@one_hot.zir:9
           cycle=16933, step=348, pc=0x00206158, major=4, minor=10
       Global: no permutation/lookup violations (local-only)
  [34] ✓ STORE_OUT_MOD @ step 3843: 2 failures, 2938ms, outcome: REJECTED, exit: 101 [proof:GENERATED] G=memory
       r=0.121  T_new=0.00 F_new=0.39 F_rare=0.75 U=0 Q=0.43 Q_l=0.51 Q_g=0.85 dl=2 dg=1
       Value: 0xC6134480 -> 0xE290FF80
       Store address: 0x00200390
       zkVM errors (1 lines):
         • [prover_impl.rs:280] verify segment (internal proof verification failed)
       Local constraints hit (2 unique):
         - MemoryWrite@mem.zir:100
           cycle=20793, step=3843, pc=0x00204D44, major=6, minor=2
         - MemoryWrite@mem.zir:99
           cycle=20793, step=3843, pc=0x00204D44, major=6, minor=2
       Global: memory permutation violated
         0x00200390 (data): wrote 0xe290ff80, expected 0xc6134480 (cycle 41587)
  [35] ✓ MEM_VAL_MOD @ step 3780: 2 failures, 2944ms, outcome: REJECTED, exit: 101 [proof:GENERATED] G=memory
       r=0.144  T_new=0.00 F_new=0.92 F_rare=1.00 U=0 Q=0.31 Q_l=0.51 Q_g=0.61 dl=2 dg=3
       Value: 0xFFFF0080 -> 0xBE951694
       Transaction: load_mem_read (READ) at address 0xffff0010
       zkVM errors (3 lines):
         • [prover_impl.rs:280] verify segment (internal proof verification failed)
         • [ffi.cpp:113] address mismatch at cycle 20656: preflight=0x3fffc025, actual=0x2fa545aa
         • [kernels/cxx/ffi.cpp:208] SKIP THROW: memory peek not in preflight
       Local constraints hit (2 unique):
         - IsRead@mem.zir:79
           cycle=20656, step=3780, pc=0xC0000074, major=5, minor=2
         - IsRead@mem.zir:80
           cycle=20656, step=3780, pc=0xC0000074, major=5, minor=2
       Global: memory permutation violated
         0xBE9516A8 (data): expected write missing, needed 0x00000003 (cycle 41309)
         0xFFFF0010 (data): wrote 0xbe951694, expected 0xffff0080 (cycle 41312)
         x5/t0: unexpected write 0x00000003 (cycle 41309)
  [36] ✓ LOAD_VAL_MOD @ step 2979: 2 failures, 2947ms, outcome: REJECTED, exit: 101 [proof:GENERATED] G=memory
       r=0.121  T_new=0.00 F_new=0.39 F_rare=0.75 U=0 Q=0.43 Q_l=0.51 Q_g=0.85 dl=2 dg=1
       Value: 0x0022152C -> 0xFFDDEAD4
       Load destination: rd = x12 (a2)
       zkVM errors (1 lines):
         • [prover_impl.rs:280] verify segment (internal proof verification failed)
       Local constraints hit (2 unique):
         - MemoryWrite@mem.zir:100
           cycle=19707, step=2979, pc=0x00205DF4, major=5, minor=2
         - MemoryWrite@mem.zir:99
           cycle=19707, step=2979, pc=0x00205DF4, major=5, minor=2
       Global: memory permutation violated
         x12/a2: wrote 0xffddead4, expected 0x0022152c (cycle 39415)
  [37] ✓ INSTR_TYPE_MOD @ step 3186: 4 failures, 2918ms, outcome: REJECTED, exit: 101 [proof:GENERATED] [+43 touch] G=memory
       r=0.129  T_new=0.71 F_new=0.95 F_rare=1.00 U=0 Q=0.19 Q_l=0.26 Q_g=0.72 dl=4 dg=2
       Value: 0x00050002 -> 0x00030004
       Original: Lw [major=5, minor=2]
       Mutated:  MulHSU [major=3, minor=4]
       zkVM errors (3 lines):
         • [prover_impl.rs:280] verify segment (internal proof verification failed)
         • [ffi.cpp:113] address mismatch at cycle 19988: preflight=0x0008853b, actual=0x3fffc020
         • [kernels/cxx/ffi.cpp:208] SKIP THROW: memory peek not in preflight
       Local constraints hit (4 unique):
         - MemoryWrite@mem.zir:100
           cycle=19988, step=3186, pc=0x00204B2C, major=3, minor=4
         - MemoryWrite@mem.zir:99
           cycle=19988, step=3186, pc=0x00204B2C, major=3, minor=4
         - VerifyOpcodeF3F7@inst.zir:102
           cycle=19988, step=3186, pc=0x00204B2C, major=3, minor=4
         - VerifyOpcodeF3F7@inst.zir:104
           cycle=19988, step=3186, pc=0x00204B2C, major=3, minor=4
       Global: memory permutation violated
         x0/zero: expected write missing, needed 0xb3feea77 (cycle 39909)
         0x002214EC (code): unexpected write 0xb3feea77 (cycle 39909)
  [38] ✓ PRE_EXEC_REG_MOD @ step 3642: 2 failures, 2955ms, outcome: REJECTED, exit: 101 [proof:GENERATED] G=memory
       r=0.186  T_new=0.00 F_new=0.78 F_rare=1.00 U=0 Q=0.43 Q_l=0.51 Q_g=0.85 dl=2 dg=1
       Value: 0x00000022 -> 0x1C02841A
       Register: x12 (a2), READ, strategy=next_read
       zkVM errors (1 lines):
         • [prover_impl.rs:280] verify segment (internal proof verification failed)
       Local constraints hit (2 unique):
         - IsRead@mem.zir:79
           cycle=20518, step=3642, pc=0x00203300, major=1, minor=4
         - IsRead@mem.zir:80
           cycle=20518, step=3642, pc=0x00203300, major=1, minor=4
       Global: memory permutation violated
         x12/a2: wrote 0x1c02841a, expected 0x00000022 (cycle 41036)
  [39] ✓ INSTR_TYPE_MOD @ step 3813: 3 failures, 2942ms, outcome: REJECTED, exit: 101 [proof:GENERATED] G=memory
       r=0.121  T_new=0.00 F_new=0.92 F_rare=1.00 U=0 Q=0.26 Q_l=0.37 Q_g=0.72 dl=3 dg=2
       Value: 0x00030001 -> 0x00010005
       Original: SllI [major=3, minor=1]
       Mutated:  Beq [major=1, minor=5]
       zkVM errors (3 lines):
         • [prover_impl.rs:280] verify segment (internal proof verification failed)
         • [ffi.cpp:113] address mismatch at cycle 20763: preflight=0x3fffc02b, actual=0x3fffc060
         • [kernels/cxx/ffi.cpp:208] SKIP THROW: memory peek not in preflight
       Local constraints hit (3 unique):
         - MemoryWrite@mem.zir:99
           cycle=20763, step=3813, pc=0x00205814, major=1, minor=5
         - VerifyOpcodeF3@inst.zir:96
           cycle=20763, step=3813, pc=0x00205814, major=1, minor=5
         - VerifyOpcodeF3@inst.zir:97
           cycle=20763, step=3813, pc=0x00205814, major=1, minor=5
       Global: memory permutation violated
         x11/a1: unexpected write 0x002215d0 (cycle 41326)
         0xFFFF0180 (data): expected write missing, needed 0x002215d0 (cycle 41326)
  [40] ✓ INSTR_TYPE_MOD @ step 215: 3 failures, 2986ms, outcome: REJECTED, exit: 101 [proof:GENERATED] [+42 touch] G=memory|cycle
       r=0.110  T_new=0.70 F_new=0.97 F_rare=1.00 U=0 Q=0.16 Q_l=0.37 Q_g=0.43 dl=3 dg=5
       Value: 0x00060002 -> 0x00030005
       Original: Sw [major=6, minor=2]
       Mutated:  MulHU [major=3, minor=5]
       zkVM errors (3 lines):
         • [prover_impl.rs:280] verify segment (internal proof verification failed)
         • [ffi.cpp:113] address mismatch at cycle 16794: preflight=0x00088519, actual=0x3fffc028
         • [kernels/cxx/ffi.cpp:208] SKIP THROW: memory peek not in preflight
       Local constraints hit (3 unique):
         - VerifyOpcodeF3F7@inst.zir:102
           cycle=16794, step=215, pc=0x0020B8F4, major=3, minor=5
         - VerifyOpcodeF3F7@inst.zir:103
           cycle=16794, step=215, pc=0x0020B8F4, major=3, minor=5
         - VerifyOpcodeF3F7@inst.zir:104
           cycle=16794, step=215, pc=0x0020B8F4, major=3, minor=5
       Global: memory permutation violated
         x8/s0: expected write missing, needed 0x00000000 (cycle 33560)
         0x00221464 (code): unexpected write 0x00000000 (cycle 33560)
       Global: cycle lookup violated (3 indices broken)
         index 0: 2254 provides, 1 uses (imbalanced)
         index 27: 37 provides, 1 uses (imbalanced)
         index 28: 150 provides, 1 uses (imbalanced)
  [41] ✓ INSTR_WORD_MOD_FULL @ step 3245: 1 failures, 2977ms, outcome: REJECTED, exit: 101 [proof:GENERATED] G=memory
       r=0.238  T_new=0.00 F_new=0.63 F_rare=1.00 U=0 Q=0.61 Q_l=0.72 Q_g=0.85 dl=1 dg=1
       Value: 0x00008067 -> 0x0000806F
       Original: JALR x0, x1, 0
       Mutated:  JAL x0, 32768
       Format changed: I -> J
       zkVM errors (1 lines):
         • [prover_impl.rs:280] verify segment (internal proof verification failed)
       Local constraints hit (1 unique):
         - VerifyOpcodeF3@inst.zir:96
           cycle=20047, step=3245, pc=0x00204BD4, major=2, minor=4
       Global: memory permutation violated
         0x002052E0 (code): wrote 0x00008067, expected 0x0000806f (cycle 38498)
  [42] ✓ INSTR_WORD_MOD_FULL @ step 418: 1 failures, 2961ms, outcome: REJECTED, exit: 101 [proof:GENERATED] G=memory
       r=0.143  T_new=0.00 F_new=0.92 F_rare=1.00 U=0 Q=0.31 Q_l=0.72 Q_g=0.43 dl=1 dg=5
       Value: 0x08030863 -> 0x6BC9050F
       Original: BEQ x6, x0, 144
       Mutated:  UNKNOWN 0x6bc9050f
       Format changed: B -> UNKNOWN
       zkVM errors (3 lines):
         • [prover_impl.rs:280] verify segment (internal proof verification failed)
         • [ffi.cpp:113] address mismatch at cycle 17009: preflight=0x3fffc026, actual=0x3fffc032
         • [kernels/cxx/ffi.cpp:208] SKIP THROW: memory peek not in preflight
       Local constraints hit (1 unique):
         - VerifyOpcodeF3@inst.zir:96
           cycle=17009, step=418, pc=0x00206138, major=1, minor=5
       Global: memory permutation violated
         x0/zero: unexpected write 0x00000000 (cycle 34014)
         x6/t1: unexpected write 0x00000004 (cycle 34017)
         x18/s2: expected write missing, needed 0x00000004 (cycle 34017)
         x28/t3: expected write missing, needed 0x00000000 (cycle 34014)
         0x00206134 (code): wrote 0x08030863, expected 0x6bc9050f (cycle 33850)
  [43] ✓ LOAD_VAL_MOD @ step 1736: 2 failures, 2939ms, outcome: REJECTED, exit: 101 [proof:GENERATED] G=memory
       r=0.125  T_new=0.00 F_new=0.39 F_rare=0.79 U=0 Q=0.43 Q_l=0.51 Q_g=0.85 dl=2 dg=1
       Value: 0x0000004C -> 0xA74C2BA7
       Load destination: rd = x13 (a3)
       zkVM errors (1 lines):
         • [prover_impl.rs:280] verify segment (internal proof verification failed)
       Local constraints hit (2 unique):
         - MemoryWrite@mem.zir:100
           cycle=18380, step=1736, pc=0x002184C0, major=5, minor=3
         - MemoryWrite@mem.zir:99
           cycle=18380, step=1736, pc=0x002184C0, major=5, minor=3
       Global: memory permutation violated
         x13/a3: wrote 0xa74c2ba7, expected 0x0000004c (cycle 36761)
  [44] ✓ PRE_EXEC_REG_MOD @ step 3690: 2 failures, 2943ms, outcome: REJECTED, exit: 101 [proof:GENERATED] G=memory
       r=0.133  T_new=0.00 F_new=0.78 F_rare=1.00 U=0 Q=0.31 Q_l=0.51 Q_g=0.61 dl=2 dg=3
       Value: 0x00000000 -> 0x00080000
       Register: x11 (a1), READ, strategy=next_read
       zkVM errors (3 lines):
         • [prover_impl.rs:280] verify segment (internal proof verification failed)
         • [ffi.cpp:113] address mismatch at cycle 20567: preflight=0x00080d78, actual=0x00080d82
         • [kernels/cxx/buffers.h:43] SKIP THROW: Inconsistent set
       Local constraints hit (2 unique):
         - IsRead@mem.zir:80
           cycle=20566, step=3690, pc=0x002035E0, major=1, minor=5
         - MemoryWrite@mem.zir:99
           cycle=20567, step=3691, pc=0x00205758, major=2, minor=4
       Global: memory permutation violated
         x11/a1: wrote 0x00080000, expected 0x00000000 (cycle 41132)
         0x002035E0 (code): unexpected write 0x00008067 (cycle 40460)
         0x00203608 (code): expected write missing, needed 0x00008067 (cycle 40460)
  [45] ✓ INSTR_TYPE_MOD @ step 416: 4 failures, 2951ms, outcome: REJECTED, exit: 101 [proof:GENERATED] [+1 new] G=memory
       r=0.024  T_new=0.00 F_new=1.00 F_rare=1.00 U=0 Q=0.05 Q_l=0.26 Q_g=0.19 dl=4 dg=10
       Value: 0x00020004 -> 0x00020006
       Original: JalR [major=2, minor=4]
       Mutated:  Auipc [major=2, minor=6]
       zkVM errors (3 lines):
         • [prover_impl.rs:280] verify segment (internal proof verification failed)
         • [ffi.cpp:113] address mismatch at cycle 17008: preflight=0x0008184c, actual=0x00080c6e
         • [kernels/cxx/buffers.h:43] SKIP THROW: Inconsistent set
       Local constraints hit (3 unique):
         - MemoryWrite@mem.zir:100
           cycle=17007, step=416, pc=0x00206130, major=2, minor=6
         - MemoryWrite@mem.zir:99 (x2)
           cycle=17007, step=416, pc=0x00206130, major=2, minor=6
         - VerifyOpcode@inst.zir:91
           cycle=17007, step=416, pc=0x00206130, major=2, minor=6
       Global: memory permutation violated (34 addrs: 34 code)
         + 34 code addresses diverged (instruction fetch cascade)
  [46] ✓ INSTR_WORD_MOD_SUR @ step 1297: 0 failures, 2936ms, outcome: REJECTED, exit: 101 [proof:GENERATED] G=memory[GO]
       r=0.259  T_new=0.00 F_new=0.78 F_rare=1.00 U=0 Q=0.61 Q_l=1.00 Q_g=0.61 dl=0 dg=3
       Value: 0x00F6A023 -> 0x0086A023
       Surgical: rs2 = 15 -> 8
       Original: SW x15, 0(x13)
       Mutated:  SW x8, 0(x13)
       zkVM errors (3 lines):
         • [prover_impl.rs:280] verify segment (internal proof verification failed)
         • [ffi.cpp:113] address mismatch at cycle 17941: preflight=0x3fffc02f, actual=0x3fffc028
         • [kernels/cxx/ffi.cpp:208] SKIP THROW: memory peek not in preflight
       Global: memory permutation violated [GLOBAL-ONLY]
         x8/s0: expected write missing, needed 0x8c68059b (cycle 35875)
         x15/a5: unexpected write 0x8c68059b (cycle 35875)
         0x00203428 (code): wrote 0x00f6a023, expected 0x0086a023 (cycle 35858)
  [47] ✓ INSTR_WORD_MOD_SUR @ step 3327: 1 failures, 2933ms, outcome: REJECTED, exit: 101 [proof:GENERATED] G=memory
       r=0.238  T_new=0.00 F_new=0.63 F_rare=1.00 U=0 Q=0.61 Q_l=0.72 Q_g=0.85 dl=1 dg=1
       Value: 0xF40592E3 -> 0xF40582E3
       Surgical: funct3 = 1 -> 0
       Original: BNE x11, x0, -188
       Mutated:  BEQ x11, x0, -188
       zkVM errors (1 lines):
         • [prover_impl.rs:280] verify segment (internal proof verification failed)
       Local constraints hit (1 unique):
         - VerifyOpcodeF3@inst.zir:97
           cycle=20129, step=3327, pc=0x0020340C, major=1, minor=6
       Global: memory permutation violated
         0x00203408 (code): wrote 0xf40592e3, expected 0xf40582e3 (cycle 40130)
  [48] ✓ LOAD_VAL_MOD @ step 1370: 2 failures, 2950ms, outcome: REJECTED, exit: 101 [proof:GENERATED] G=memory
       r=0.121  T_new=0.00 F_new=0.39 F_rare=0.75 U=0 Q=0.43 Q_l=0.51 Q_g=0.85 dl=2 dg=1
       Value: 0x000000BB -> 0x7706FF54
       Load destination: rd = x13 (a3)
       zkVM errors (1 lines):
         • [prover_impl.rs:280] verify segment (internal proof verification failed)
       Local constraints hit (2 unique):
         - MemoryWrite@mem.zir:100
           cycle=18014, step=1370, pc=0x002184C0, major=5, minor=3
         - MemoryWrite@mem.zir:99
           cycle=18014, step=1370, pc=0x002184C0, major=5, minor=3
       Global: memory permutation violated
         x13/a3: wrote 0x7706ff54, expected 0x000000bb (cycle 36029)
  [49] ✓ INSTR_TYPE_MOD @ step 164: 2 failures, 2921ms, outcome: REJECTED, exit: 101 [proof:GENERATED]
       r=0.201  T_new=0.00 F_new=0.63 F_rare=1.00 U=0 Q=0.51 Q_l=0.51 Q_g=1.00 dl=2 dg=0
       Value: 0x00000007 -> 0x00010002
       Original: AddI [major=0, minor=7]
       Mutated:  AndI [major=1, minor=2]
       zkVM errors (1 lines):
         • [prover_impl.rs:280] verify segment (internal proof verification failed)
       Local constraints hit (2 unique):
         - MemoryWrite@mem.zir:99
           cycle=16737, step=164, pc=0xC0000138, major=1, minor=2
         - VerifyOpcodeF3@inst.zir:97
           cycle=16737, step=164, pc=0xC0000138, major=1, minor=2
       Global: no permutation/lookup violations (local-only)
  [50] ✓ INSTR_WORD_MOD_SUR @ step 1243: 1 failures, 2949ms, outcome: REJECTED, exit: 101 [proof:GENERATED] G=memory
       r=0.183  T_new=0.00 F_new=0.39 F_rare=0.85 U=0 Q=0.61 Q_l=0.72 Q_g=0.85 dl=1 dg=1
       Value: 0x00058413 -> 0x0005846F
       Surgical: opcode = 19 -> 111
       Original: ADDI x8, x11, 0
       Mutated:  JAL x8, 360448
       zkVM errors (1 lines):
         • [prover_impl.rs:280] verify segment (internal proof verification failed)
       Local constraints hit (1 unique):
         - VerifyOpcodeF3@inst.zir:96
           cycle=17887, step=1243, pc=0x00201230, major=0, minor=7
       Global: memory permutation violated
         0x0020122C (code): wrote 0x00058413, expected 0x0005846f (cycle 6434)
  [51] ✓ LOAD_VAL_MOD @ step 2653: 1 failures, 2944ms, outcome: REJECTED, exit: 101 [proof:GENERATED] G=memory
       r=0.164  T_new=0.00 F_new=0.39 F_rare=0.72 U=0 Q=0.61 Q_l=0.72 Q_g=0.85 dl=1 dg=1
       Value: 0x17E32F5A -> 0x17E22F5A
       Load destination: rd = x17 (a7)
       zkVM errors (1 lines):
         • [prover_impl.rs:280] verify segment (internal proof verification failed)
       Local constraints hit (1 unique):
         - MemoryWrite@mem.zir:100
           cycle=19381, step=2653, pc=0x00203424, major=5, minor=2
       Global: memory permutation violated
         x17/a7: wrote 0x17e22f5a, expected 0x17e32f5a (cycle 38763)
  [52] ✓ INSTR_TYPE_MOD @ step 0: 6 failures, 3008ms, outcome: REJECTED, exit: 101 [proof:GENERATED] [+3 new] [+1 touch] G=memory|cycle
       r=0.039  T_new=0.03 F_new=0.95 F_rare=1.00 U=0 Q=0.08 Q_l=0.14 Q_g=0.61 dl=6 dg=3
       Value: 0x00020006 -> 0x00060002
       Original: Auipc [major=2, minor=6]
       Mutated:  Sw [major=6, minor=2]
       zkVM errors (3 lines):
         • [prover_impl.rs:280] verify segment (internal proof verification failed)
         • [ffi.cpp:113] address mismatch at cycle 0: preflight=0x44000000, actual=0x00000000
         • [kernels/cxx/ffi.cpp:208] SKIP THROW: memory peek not in preflight
       Local constraints hit (6 unique):
         - AddrDecompose@u32.zir:67
           cycle=0, step=0, pc=0x00000000, major=6, minor=2
         - AddrDecomposeBits@u32.zir:87
           cycle=0, step=0, pc=0x00000000, major=6, minor=2
         - ControlLoadRootAndNonce@inst_control.zir:23
           cycle=1, step=0, pc=0x00000000, major=7, minor=0
         - MemStoreInput@inst_mem.zir:18
           cycle=0, step=0, pc=0x00000000, major=6, minor=2
         - VerifyOpcodeF3@inst.zir:96
           cycle=0, step=0, pc=0x00000000, major=6, minor=2
         - VerifyOpcodeF3@inst.zir:97
           cycle=0, step=0, pc=0x00000000, major=6, minor=2
       Global: memory permutation violated
         0x00000000 (data): unexpected write 0x00000000 (cycle 1)
       Global: cycle lookup violated (2 indices broken)
         index 0: 2256 provides, 1 uses (imbalanced)
         index 2013265920: orphan provide (3 entries, no matching use)
  [53] ✓ INSTR_TYPE_MOD @ step 2407: 4 failures, 2935ms, outcome: REJECTED, exit: 101 [proof:GENERATED]
       r=0.118  T_new=0.00 F_new=0.86 F_rare=1.00 U=0 Q=0.26 Q_l=0.26 Q_g=1.00 dl=4 dg=0
       Value: 0x00000007 -> 0x00030002
       Original: AddI [major=0, minor=7]
       Mutated:  Mul [major=3, minor=2]
       zkVM errors (1 lines):
         • [prover_impl.rs:280] verify segment (internal proof verification failed)
       Local constraints hit (4 unique):
         - MemoryWrite@mem.zir:100
           cycle=19061, step=2407, pc=0x002013F8, major=3, minor=2
         - MemoryWrite@mem.zir:99
           cycle=19061, step=2407, pc=0x002013F8, major=3, minor=2
         - VerifyOpcodeF3F7@inst.zir:102
           cycle=19061, step=2407, pc=0x002013F8, major=3, minor=2
         - VerifyOpcodeF3F7@inst.zir:104
           cycle=19061, step=2407, pc=0x002013F8, major=3, minor=2
       Global: no permutation/lookup violations (local-only)
  [54] ✓ INSTR_TYPE_MOD @ step 3227: 7 failures, 2964ms, outcome: REJECTED, exit: 101 [proof:GENERATED] [+1 new] G=memory|cycle
       r=0.019  T_new=0.00 F_new=0.92 F_rare=1.00 U=0 Q=0.04 Q_l=0.10 Q_g=0.43 dl=7 dg=5
       Value: 0x00000000 -> 0x00060002
       Original: Add [major=0, minor=0]
       Mutated:  Sw [major=6, minor=2]
       zkVM errors (3 lines):
         • [prover_impl.rs:280] verify segment (internal proof verification failed)
         • [ffi.cpp:113] address mismatch at cycle 20029: preflight=0x3fffc02a, actual=0x0008855d
         • [kernels/cxx/ffi.cpp:208] SKIP THROW: memory peek not in preflight
       Local constraints hit (7 unique):
         - IsRead@mem.zir:79
           cycle=20029, step=3227, pc=0x00205E20, major=6, minor=2
         - IsRead@mem.zir:80
           cycle=20029, step=3227, pc=0x00205E20, major=6, minor=2
         - MemoryWrite@mem.zir:100
           cycle=20029, step=3227, pc=0x00205E20, major=6, minor=2
         - MemoryWrite@mem.zir:99
           cycle=20029, step=3227, pc=0x00205E20, major=6, minor=2
         - OpSW@inst_mem.zir:161
           cycle=20029, step=3227, pc=0x00205E20, major=6, minor=2
         - VerifyOpcodeF3@inst.zir:96
           cycle=20029, step=3227, pc=0x00205E20, major=6, minor=2
         - VerifyOpcodeF3@inst.zir:97
           cycle=20029, step=3227, pc=0x00205E20, major=6, minor=2
       Global: memory permutation violated
         x10/a0: unexpected write 0x00000062 (cycle 40058)
         0x00221574 (code): expected write missing, needed 0x02b56063 (cycle 39438)
       Global: cycle lookup violated (3 indices broken)
         index 0: 2254 provides, 1 uses (imbalanced)
         index 620: 3 provides, 1 uses (imbalanced)
         index 2013265920: orphan provide (1 entries, no matching use)
  [55] ✓ INSTR_WORD_MOD_SUR @ step 934: 1 failures, 2945ms, outcome: REJECTED, exit: 101 [proof:GENERATED] G=memory
       r=0.238  T_new=0.00 F_new=0.63 F_rare=1.00 U=0 Q=0.61 Q_l=0.72 Q_g=0.85 dl=1 dg=1
       Value: 0x00C12083 -> 0x00C11083
       Surgical: funct3 = 2 -> 1
       Original: LW x1, 12(x2)
       Mutated:  LH x1, 12(x2)
       zkVM errors (1 lines):
         • [prover_impl.rs:280] verify segment (internal proof verification failed)
       Local constraints hit (1 unique):
         - VerifyOpcodeF3@inst.zir:97
           cycle=17567, step=934, pc=0x002031EC, major=5, minor=2
       Global: memory permutation violated
         0x002031E8 (code): wrote 0x00c12083, expected 0x00c11083 (cycle 34966)
  [56] ✓ STORE_OUT_MOD @ step 3741: 2 failures, 2938ms, outcome: REJECTED, exit: 101 [proof:GENERATED] G=memory
       r=0.116  T_new=0.00 F_new=0.39 F_rare=0.70 U=0 Q=0.43 Q_l=0.51 Q_g=0.85 dl=2 dg=1
       Value: 0x00000000 -> 0xAE0B423A
       Store address: 0x00221638
       zkVM errors (1 lines):
         • [prover_impl.rs:280] verify segment (internal proof verification failed)
       Local constraints hit (2 unique):
         - MemoryWrite@mem.zir:100
           cycle=20617, step=3741, pc=0x002032A0, major=6, minor=2
         - MemoryWrite@mem.zir:99
           cycle=20617, step=3741, pc=0x002032A0, major=6, minor=2
       Global: memory permutation violated
         0x00221638 (code): wrote 0xae0b423a, expected 0x00000000 (cycle 41235)
  [57] ✓ PRE_EXEC_REG_MOD @ step 0: 10 failures, 2975ms, outcome: REJECTED, exit: 101 [proof:GENERATED] [+1 new] G=memory
       r=0.139  T_new=0.00 F_new=0.86 F_rare=1.00 U=0 Q=0.31 Q_l=0.37 Q_g=0.85 dl=3 dg=1
       Value: 0x00000000 -> 0xDFEDFFBF
       Register: x18 (s2), READ, strategy=next_read
       zkVM errors (2 lines):
         • [prover_impl.rs:280] verify segment (internal proof verification failed)
         • [kernels/cxx/buffers.h:43] SKIP THROW: Inconsistent set
       Local constraints hit (3 unique):
         - IsRead@mem.zir:79
           cycle=15987, step=0, pc=0x00000000, major=9, minor=2
         - IsRead@mem.zir:80
           cycle=15987, step=0, pc=0x00000000, major=9, minor=2
         - PoseidonCheckOut@inst_p2.zir:265 (x8)
           cycle=16247, step=0, pc=0x00000000, major=9, minor=5
       Global: memory permutation violated
         x18/s2: wrote 0xdfedffbf, expected 0x00000000 (cycle 31974)
  [58] ✓ STORE_OUT_MOD @ step 2658: 2 failures, 2941ms, outcome: REJECTED, exit: 101 [proof:GENERATED] G=memory
       r=0.114  T_new=0.00 F_new=0.39 F_rare=0.69 U=0 Q=0.43 Q_l=0.51 Q_g=0.85 dl=2 dg=1
       Value: 0x0F4BD989 -> 0x00040000
       Store address: 0x00200320
       zkVM errors (1 lines):
         • [prover_impl.rs:280] verify segment (internal proof verification failed)
       Local constraints hit (2 unique):
         - MemoryWrite@mem.zir:100
           cycle=19386, step=2658, pc=0x00203438, major=6, minor=2
         - MemoryWrite@mem.zir:99
           cycle=19386, step=2658, pc=0x00203438, major=6, minor=2
       Global: memory permutation violated
         0x00200320 (data): wrote 0x00040000, expected 0x0f4bd989 (cycle 38773)
  [59] ✓ STORE_OUT_MOD @ step 1134: 2 failures, 2947ms, outcome: REJECTED, exit: 101 [proof:GENERATED] G=memory
       r=0.170  T_new=0.00 F_new=0.63 F_rare=1.00 U=0 Q=0.43 Q_l=0.51 Q_g=0.85 dl=2 dg=1
       Value: 0x01000000 -> 0x0000FFFF
       Store address: 0x002003cc
       zkVM errors (1 lines):
         • [prover_impl.rs:280] verify segment (internal proof verification failed)
       Local constraints hit (2 unique):
         - MemoryWrite@mem.zir:100
           cycle=17778, step=1134, pc=0x0020B934, major=6, minor=0
         - MemoryWrite@mem.zir:99
           cycle=17778, step=1134, pc=0x0020B934, major=6, minor=0
       Global: memory permutation violated
         0x002003CC (data): wrote 0x0000ffff, expected 0x01000000 (cycle 35557)
  [60] ✓ MEM_VAL_MOD @ step 3236: 2 failures, 2940ms, outcome: REJECTED, exit: 101 [proof:GENERATED] G=memory
       r=0.170  T_new=0.00 F_new=0.63 F_rare=1.00 U=0 Q=0.43 Q_l=0.51 Q_g=0.85 dl=2 dg=1
       Value: 0x00000000 -> 0xBFB2638F
       Transaction: other_mem_write (WRITE) at address 0xffff0180
       zkVM errors (1 lines):
         • [prover_impl.rs:280] verify segment (internal proof verification failed)
       Local constraints hit (2 unique):
         - MemoryWrite@mem.zir:100
           cycle=20038, step=3236, pc=0x00204BB8, major=1, minor=5
         - MemoryWrite@mem.zir:99
           cycle=20038, step=3236, pc=0x00204BB8, major=1, minor=5
       Global: memory permutation violated
         0xFFFF0180 (data): wrote 0xbfb2638f, expected 0x00000000 (cycle 40077)
  [61] ✓ INSTR_WORD_MOD_SUR @ step 1168: 1 failures, 2915ms, outcome: REJECTED, exit: 101 [proof:GENERATED] G=memory
       r=0.168  T_new=0.00 F_new=0.39 F_rare=0.75 U=0 Q=0.61 Q_l=0.72 Q_g=0.85 dl=1 dg=1
       Value: 0x02912223 -> 0x02912213
       Surgical: opcode = 35 -> 19
       Original: SW x9, 36(x2)
       Mutated:  SLTI x4, x2, 41
       zkVM errors (1 lines):
         • [prover_impl.rs:280] verify segment (internal proof verification failed)
       Local constraints hit (1 unique):
         - VerifyOpcodeF3@inst.zir:96
           cycle=17812, step=1168, pc=0x00208AC4, major=6, minor=2
       Global: memory permutation violated
         0x00208AC0 (code): wrote 0x02912223, expected 0x02912213 (cycle 19414)
  [62] ✓ INSTR_WORD_MOD_FULL @ step 34: 0 failures, 2949ms, outcome: REJECTED, exit: 101 [proof:GENERATED] G=memory[GO]
       r=0.258  T_new=0.00 F_new=0.78 F_rare=1.00 U=0 Q=0.61 Q_l=1.00 Q_g=0.61 dl=0 dg=3
       Value: 0x3EB52E23 -> 0x3EB52C23
       Original: SW x11, 1020(x10)
       Mutated:  SW x11, 1016(x10)
       zkVM errors (3 lines):
         • [prover_impl.rs:280] verify segment (internal proof verification failed)
         • [ffi.cpp:113] address mismatch at cycle 16607: preflight=0x000884ff, actual=0x000884fe
         • [kernels/cxx/ffi.cpp:208] SKIP THROW: memory peek not in preflight
       Global: memory permutation violated [GLOBAL-ONLY]
         0x00203F70 (code): wrote 0x3eb52e23, expected 0x3eb52c23 (cycle 12430)
         0x002213F8 (code): unexpected write 0x00221488 (cycle 33215)
         0x002213FC (code): unexpected write 0x00000000 (cycle 29254)
  [63] ✓ COMP_OUT_MOD @ step 2113: 2 failures, 2966ms, outcome: REJECTED, exit: 101 [proof:GENERATED] G=memory
       r=0.124  T_new=0.00 F_new=0.39 F_rare=0.79 U=0 Q=0.43 Q_l=0.51 Q_g=0.85 dl=2 dg=1
       Value: 0x0020151C -> 0x20000000
       Destination: rd = x1 (ra)
       zkVM errors (1 lines):
         • [prover_impl.rs:280] verify segment (internal proof verification failed)
       Local constraints hit (2 unique):
         - MemoryWrite@mem.zir:100
           cycle=18767, step=2113, pc=0x00202520, major=2, minor=6
         - MemoryWrite@mem.zir:99
           cycle=18767, step=2113, pc=0x00202520, major=2, minor=6
       Global: memory permutation violated
         x1/ra: wrote 0x20000000, expected 0x0020151c (cycle 37535)
  [64] 💥 PRE_EXEC_REG_MOD @ step 3309: 2 failures, 564ms, outcome: CRASH, exit: -11 [proof:NOT_GENERATED]
       r=0.000  T_new=0.00 F_new=0.00 F_rare=0.00 U=0 Q=0.00 Q_l=0.00 Q_g=1.00 dl=0 dg=0
       Value: 0x002001C0 -> 0xF3F4BCCA
       Register: x2 (sp), READ, strategy=next_read
       Local constraints hit (2 unique):
         - IsRead@mem.zir:79
           cycle=20111, step=3309, pc=0x00204C44, major=5, minor=2
         - IsRead@mem.zir:80
           cycle=20111, step=3309, pc=0x00204C44, major=5, minor=2
       Global: no permutation/lookup violations (local-only)
  [65] ✓ INSTR_TYPE_MOD @ step 165: 2 failures, 2922ms, outcome: REJECTED, exit: 101 [proof:GENERATED] [+35 touch]
       r=0.304  T_new=0.63 F_new=0.63 F_rare=1.00 U=0 Q=0.51 Q_l=0.51 Q_g=1.00 dl=2 dg=0
       Value: 0x00050002 -> 0x00050004
       Original: Lw [major=5, minor=2]
       Mutated:  LhU [major=5, minor=4]
       zkVM errors (1 lines):
         • [prover_impl.rs:280] verify segment (internal proof verification failed)
       Local constraints hit (2 unique):
         - MemoryWrite@mem.zir:100
           cycle=16738, step=165, pc=0xC000013C, major=5, minor=4
         - VerifyOpcodeF3@inst.zir:97
           cycle=16738, step=165, pc=0xC000013C, major=5, minor=4
       Global: no permutation/lookup violations (local-only)
  [66] ✓ INSTR_WORD_MOD_SUR @ step 1159: 0 failures, 2950ms, outcome: REJECTED, exit: 101 [proof:GENERATED] G=memory[GO]
       r=0.258  T_new=0.00 F_new=0.78 F_rare=1.00 U=0 Q=0.61 Q_l=1.00 Q_g=0.61 dl=0 dg=3
       Value: 0x00B48023 -> 0x3CB48E23
       Surgical: imm = 0 -> 988
       Original: SB x11, 0(x9)
       Mutated:  SB x11, 988(x9)
       zkVM errors (3 lines):
         • [prover_impl.rs:280] verify segment (internal proof verification failed)
         • [ffi.cpp:113] address mismatch at cycle 17803: preflight=0x00088517, actual=0x0008860e
         • [kernels/cxx/ffi.cpp:208] SKIP THROW: memory peek not in preflight
       Global: memory permutation violated [GLOBAL-ONLY]
         0x00209A4C (code): wrote 0x00b48023, expected 0x3cb48e23 (cycle 21266)
         0x0022145C (code): unexpected write 0x00000000 (cycle 35594)
         0x00221838 (code): expected write missing, needed 0x00000000 (cycle 35594)
  [67] ✓ COMP_OUT_MOD @ step 3499: 2 failures, 2951ms, outcome: REJECTED, exit: 101 [proof:GENERATED] G=memory
       r=0.117  T_new=0.00 F_new=0.39 F_rare=0.72 U=0 Q=0.43 Q_l=0.51 Q_g=0.85 dl=2 dg=1
       Value: 0x002215D0 -> 0x00000100
       Destination: rd = x8 (s0/fp)
       zkVM errors (1 lines):
         • [prover_impl.rs:280] verify segment (internal proof verification failed)
       Local constraints hit (2 unique):
         - MemoryWrite@mem.zir:100
           cycle=20301, step=3499, pc=0x002053A4, major=0, minor=7
         - MemoryWrite@mem.zir:99
           cycle=20301, step=3499, pc=0x002053A4, major=0, minor=7
       Global: memory permutation violated
         x8/s0: wrote 0x00000100, expected 0x002215d0 (cycle 40603)
  [68] ✓ INSTR_TYPE_MOD @ step 1403: 3 failures, 2978ms, outcome: REJECTED, exit: 101 [proof:GENERATED]
       r=0.156  T_new=0.00 F_new=0.78 F_rare=1.00 U=0 Q=0.37 Q_l=0.37 Q_g=1.00 dl=3 dg=0
       Value: 0x00000007 -> 0x00000003
       Original: AddI [major=0, minor=7]
       Mutated:  Or [major=0, minor=3]
       zkVM errors (1 lines):
         • [prover_impl.rs:280] verify segment (internal proof verification failed)
       Local constraints hit (3 unique):
         - MemoryWrite@mem.zir:99
           cycle=18047, step=1403, pc=0x002184D4, major=0, minor=3
         - VerifyOpcodeF3F7@inst.zir:102
           cycle=18047, step=1403, pc=0x002184D4, major=0, minor=3
         - VerifyOpcodeF3F7@inst.zir:103
           cycle=18047, step=1403, pc=0x002184D4, major=0, minor=3
       Global: no permutation/lookup violations (local-only)
  [69] ✓ MEM_VAL_MOD @ step 2711: 2 failures, 2947ms, outcome: REJECTED, exit: 101 [proof:GENERATED] G=memory
       r=0.131  T_new=0.00 F_new=0.39 F_rare=0.85 U=0 Q=0.43 Q_l=0.51 Q_g=0.85 dl=2 dg=1
       Value: 0x30A10A85 -> 0x3B28BA76
       Transaction: store_rmw_read (READ) at address 0x00200390
       zkVM errors (1 lines):
         • [prover_impl.rs:280] verify segment (internal proof verification failed)
       Local constraints hit (2 unique):
         - IsRead@mem.zir:79
           cycle=19439, step=2711, pc=0x00201658, major=6, minor=2
         - IsRead@mem.zir:80
           cycle=19439, step=2711, pc=0x00201658, major=6, minor=2
       Global: memory permutation violated
         0x00200390 (data): wrote 0x3b28ba76, expected 0x30a10a85 (cycle 38878)
  [70] ✓ MEM_VAL_MOD @ step 3440: 4 failures, 2931ms, outcome: REJECTED, exit: 101 [proof:GENERATED] G=memory
       r=0.067  T_new=0.00 F_new=0.39 F_rare=0.85 U=0 Q=0.22 Q_l=0.26 Q_g=0.85 dl=4 dg=1
       Value: 0x0022156C -> 0x80629121
       Transaction: load_mem_read (READ) at address 0x002001f0
       zkVM errors (1 lines):
         • [prover_impl.rs:280] verify segment (internal proof verification failed)
       Local constraints hit (4 unique):
         - IsRead@mem.zir:79
           cycle=20242, step=3440, pc=0x00204D0C, major=5, minor=2
         - IsRead@mem.zir:80
           cycle=20242, step=3440, pc=0x00204D0C, major=5, minor=2
         - MemoryWrite@mem.zir:100
           cycle=20242, step=3440, pc=0x00204D0C, major=5, minor=2
         - MemoryWrite@mem.zir:99
           cycle=20242, step=3440, pc=0x00204D0C, major=5, minor=2
       Global: memory permutation violated
         0x002001F0 (data): wrote 0x80629121, expected 0x0022156c (cycle 40484)
  [71] ✓ INSTR_WORD_MOD_SUR @ step 114: 0 failures, 2945ms, outcome: REJECTED, exit: 101 [proof:GENERATED] G=memory[GO]
       r=0.258  T_new=0.00 F_new=0.78 F_rare=1.00 U=0 Q=0.61 Q_l=1.00 Q_g=0.61 dl=0 dg=3
       Value: 0x02462503 -> 0x02462A83
       Surgical: rd = 10 -> 21
       Original: LW x10, 36(x12)
       Mutated:  LW x21, 36(x12)
       zkVM errors (3 lines):
         • [prover_impl.rs:280] verify segment (internal proof verification failed)
         • [ffi.cpp:113] address mismatch at cycle 16687: preflight=0x3fffc02a, actual=0x3fffc035
         • [kernels/cxx/ffi.cpp:208] SKIP THROW: memory peek not in preflight
       Global: memory permutation violated [GLOBAL-ONLY]
         x10/a0: unexpected write 0x002213ac (cycle 33282)
         x21/s5: expected write missing, needed 0x002213ac (cycle 33282)
         0x00201084 (code): wrote 0x02462503, expected 0x02462a83 (cycle 6174)
  [72] ✓ INSTR_WORD_MOD_FULL @ step 3662: 2 failures, 2966ms, outcome: REJECTED, exit: 101 [proof:GENERATED] G=memory
       r=0.088  T_new=0.00 F_new=0.95 F_rare=1.00 U=0 Q=0.19 Q_l=0.51 Q_g=0.37 dl=2 dg=6
       Value: 0x01068693 -> 0x5EE18CE3
       Original: ADDI x13, x13, 16
       Mutated:  BEQ x3, x14, 3576
       Format changed: I -> B
       zkVM errors (3 lines):
         • [prover_impl.rs:280] verify segment (internal proof verification failed)
         • [ffi.cpp:113] address mismatch at cycle 20538: preflight=0x3fffc02d, actual=0x3fffc023
         • [kernels/cxx/ffi.cpp:208] SKIP THROW: memory peek not in preflight
       Local constraints hit (2 unique):
         - MemoryWrite@mem.zir:99
           cycle=20538, step=3662, pc=0x00203444, major=0, minor=7
         - VerifyOpcodeF3@inst.zir:96
           cycle=20538, step=3662, pc=0x00203444, major=0, minor=7
       Global: memory permutation violated
         x3/gp: expected write missing, needed 0x00221610 (cycle 41070)
         x13/a3: unexpected write 0x00221610 (cycle 41070)
         x14/a4: expected write missing, needed 0x00000000 (cycle 41074)
         x16/a6: unexpected write 0x00000000 (cycle 41074)
         x25/s9: expected write missing, needed 0x00221610 (cycle 41076)
         0x00203440 (code): wrote 0x01068693, expected 0x5ee18ce3 (cycle 40440)
  [73] ✓ INSTR_WORD_MOD_SUR @ step 2474: 0 failures, 2930ms, outcome: REJECTED, exit: 101 [proof:GENERATED] G=memory[GO]
       r=0.258  T_new=0.00 F_new=0.78 F_rare=1.00 U=0 Q=0.61 Q_l=1.00 Q_g=0.61 dl=0 dg=3
       Value: 0xC84080E7 -> 0xC8408367
       Surgical: rd = 1 -> 6
       Original: JALR x1, x1, -892
       Mutated:  JALR x6, x1, -892
       zkVM errors (3 lines):
         • [prover_impl.rs:280] verify segment (internal proof verification failed)
         • [ffi.cpp:113] address mismatch at cycle 19128: preflight=0x3fffc021, actual=0x3fffc026
         • [kernels/cxx/ffi.cpp:208] SKIP THROW: memory peek not in preflight
       Global: memory permutation violated [GLOBAL-ONLY]
         x1/ra: unexpected write 0x002065b8 (cycle 38256)
         x6/t1: expected write missing, needed 0x002065b8 (cycle 38256)
         0x002055BC (code): wrote 0xc84080e7, expected 0xc8408367 (cycle 16014)
  [74] ✓ MEM_VAL_MOD @ step 2090: 2 failures, 2946ms, outcome: REJECTED, exit: 101 [proof:GENERATED] G=memory
       r=0.124  T_new=0.00 F_new=0.39 F_rare=0.79 U=0 Q=0.43 Q_l=0.51 Q_g=0.85 dl=2 dg=1
       Value: 0x0021AE5A -> 0x0021AE58
       Transaction: load_mem_read (READ) at address 0x002000e4
       zkVM errors (1 lines):
         • [prover_impl.rs:280] verify segment (internal proof verification failed)
       Local constraints hit (2 unique):
         - IsRead@mem.zir:79
           cycle=18744, step=2090, pc=0x0020B0F4, major=5, minor=2
         - MemoryWrite@mem.zir:99
           cycle=18744, step=2090, pc=0x0020B0F4, major=5, minor=2
       Global: memory permutation violated
         0x002000E4 (data): wrote 0x0021ae58, expected 0x0021ae5a (cycle 37488)
  [75] ✓ INSTR_WORD_MOD_SUR @ step 1633: 1 failures, 2951ms, outcome: REJECTED, exit: 101 [proof:GENERATED] G=memory
       r=0.167  T_new=0.00 F_new=0.39 F_rare=0.75 U=0 Q=0.61 Q_l=0.72 Q_g=0.85 dl=1 dg=1
       Value: 0x02912223 -> 0x02914223
       Surgical: funct3 = 2 -> 4
       Original: SW x9, 36(x2)
       Mutated:  STORE.4 x9, 36(x2)
       zkVM errors (1 lines):
         • [prover_impl.rs:280] verify segment (internal proof verification failed)
       Local constraints hit (1 unique):
         - VerifyOpcodeF3@inst.zir:97
           cycle=18277, step=1633, pc=0x002024C0, major=6, minor=2
       Global: memory permutation violated
         0x002024BC (code): wrote 0x02912223, expected 0x02914223 (cycle 8126)
  [76] ✓ MEM_VAL_MOD @ step 3929: 0 failures, 2925ms, outcome: REJECTED, exit: 101 [proof:GENERATED] G=memory[GO]
       r=0.283  T_new=0.00 F_new=0.39 F_rare=1.00 U=0 Q=0.85 Q_l=1.00 Q_g=0.85 dl=0 dg=1
       Value: 0x00000000 -> 0xC5E7A9B2
       Transaction: other_mem_read (READ) at address 0x0022116c
       zkVM errors (2 lines):
         • [prover_impl.rs:280] verify segment (internal proof verification failed)
         • [kernels/cxx/buffers.h:43] SKIP THROW: Inconsistent set
       Global: memory permutation violated [GLOBAL-ONLY]
         0x0022116C (code): wrote 0xc5e7a9b2, expected 0x00000000 (cycle 43922)
  [77] ✓ LOAD_VAL_MOD @ step 1015: 2 failures, 2964ms, outcome: REJECTED, exit: 101 [proof:GENERATED] G=memory
       r=0.114  T_new=0.00 F_new=0.39 F_rare=0.69 U=0 Q=0.43 Q_l=0.51 Q_g=0.85 dl=2 dg=1
       Value: 0x00000001 -> 0x20000000
       Load destination: rd = x8 (s0/fp)
       zkVM errors (1 lines):
         • [prover_impl.rs:280] verify segment (internal proof verification failed)
       Local constraints hit (2 unique):
         - MemoryWrite@mem.zir:100
           cycle=17654, step=1015, pc=0x002031F0, major=5, minor=2
         - MemoryWrite@mem.zir:99
           cycle=17654, step=1015, pc=0x002031F0, major=5, minor=2
       Global: memory permutation violated
         x8/s0: wrote 0x20000000, expected 0x00000001 (cycle 35309)
  [78] ✓ PRE_EXEC_REG_MOD @ step 778: 3 failures, 2950ms, outcome: REJECTED, exit: 101 [proof:GENERATED] [+1 new] G=memory
       r=0.099  T_new=0.00 F_new=0.86 F_rare=1.00 U=0 Q=0.22 Q_l=0.37 Q_g=0.61 dl=3 dg=3
       Value: 0x00200350 -> 0x1BEBA342
       Register: x2 (sp), READ, strategy=next_read
       zkVM errors (3 lines):
         • [prover_impl.rs:280] verify segment (internal proof verification failed)
         • [ffi.cpp:113] address mismatch at cycle 17399: preflight=0x000800d7, actual=0x06fae8d3
         • [kernels/cxx/ffi.cpp:208] SKIP THROW: memory peek not in preflight
       Local constraints hit (3 unique):
         - IsRead@mem.zir:79
           cycle=17399, step=778, pc=0x002031EC, major=5, minor=2
         - IsRead@mem.zir:80
           cycle=17399, step=778, pc=0x002031EC, major=5, minor=2
         - OpLW@inst_mem.zir:109
           cycle=17399, step=778, pc=0x002031EC, major=5, minor=2
       Global: memory permutation violated
         0x0020035C (data): unexpected write 0x002009b4 (cycle 34669)
         0x1BEBA34C (data): expected write missing, needed 0x002009b4 (cycle 34669)
         x2/sp: wrote 0x1beba342, expected 0x00200350 (cycle 34798)
  [79] ✓ MEM_VAL_MOD @ step 1584: 2 failures, 2994ms, outcome: REJECTED, exit: 101 [proof:GENERATED] G=memory
       r=0.124  T_new=0.00 F_new=0.39 F_rare=0.79 U=0 Q=0.43 Q_l=0.51 Q_g=0.85 dl=2 dg=1
       Value: 0x00000000 -> 0x0BA815A3
       Transaction: store_rmw_read (READ) at address 0x00200274
       zkVM errors (1 lines):
         • [prover_impl.rs:280] verify segment (internal proof verification failed)
       Local constraints hit (2 unique):
         - IsRead@mem.zir:79
           cycle=18228, step=1584, pc=0x00202F28, major=6, minor=2
         - IsRead@mem.zir:80
           cycle=18228, step=1584, pc=0x00202F28, major=6, minor=2
       Global: memory permutation violated
         0x00200274 (data): wrote 0x0ba815a3, expected 0x00000000 (cycle 36456)
  [80] ✓ INSTR_TYPE_MOD @ step 3078: 4 failures, 3001ms, outcome: REJECTED, exit: 101 [proof:GENERATED] [+49 touch] G=memory|cycle
       r=0.080  T_new=0.75 F_new=0.98 F_rare=1.00 U=0 Q=0.11 Q_l=0.26 Q_g=0.43 dl=4 dg=5
       Value: 0x00060002 -> 0x00040000
       Original: Sw [major=6, minor=2]
       Mutated:  Srl [major=4, minor=0]
       zkVM errors (3 lines):
         • [prover_impl.rs:280] verify segment (internal proof verification failed)
         • [ffi.cpp:113] address mismatch at cycle 19806: preflight=0x00088550, actual=0x3fffc024
         • [kernels/cxx/ffi.cpp:208] SKIP THROW: memory peek not in preflight
       Local constraints hit (4 unique):
         - MemoryWrite@mem.zir:100
           cycle=19806, step=3078, pc=0x00203274, major=4, minor=0
         - MemoryWrite@mem.zir:99
           cycle=19806, step=3078, pc=0x00203274, major=4, minor=0
         - VerifyOpcodeF3F7@inst.zir:102
           cycle=19806, step=3078, pc=0x00203274, major=4, minor=0
         - VerifyOpcodeF3F7@inst.zir:103
           cycle=19806, step=3078, pc=0x00203274, major=4, minor=0
       Global: memory permutation violated
         x4/tp: expected write missing, needed 0x00000000 (cycle 29478)
         0x00221540 (code): unexpected write 0x00000000 (cycle 29478)
       Global: cycle lookup violated (3 indices broken)
         index 0: 2254 provides, 1 uses (imbalanced)
         index 10133: orphan use (1 entries, no matching provide)
         index 10134: 1 provides, 1 uses (imbalanced)
  [81] ✓ COMP_OUT_MOD @ step 341: 2 failures, 2954ms, outcome: REJECTED, exit: 101 [proof:GENERATED] G=memory
       r=0.115  T_new=0.00 F_new=0.39 F_rare=0.70 U=0 Q=0.43 Q_l=0.51 Q_g=0.85 dl=2 dg=1
       Value: 0x00000001 -> 0x2BEDE9B6
       Destination: rd = x15 (a5)
       zkVM errors (1 lines):
         • [prover_impl.rs:280] verify segment (internal proof verification failed)
       Local constraints hit (2 unique):
         - MemoryWrite@mem.zir:100
           cycle=16926, step=341, pc=0x0020613C, major=0, minor=7
         - MemoryWrite@mem.zir:99
           cycle=16926, step=341, pc=0x0020613C, major=0, minor=7
       Global: memory permutation violated
         x15/a5: wrote 0x2bede9b6, expected 0x00000001 (cycle 33853)
  [82] ✓ LOAD_VAL_MOD @ step 2546: 2 failures, 2930ms, outcome: REJECTED, exit: 101 [proof:GENERATED] G=memory
       r=0.117  T_new=0.00 F_new=0.39 F_rare=0.72 U=0 Q=0.43 Q_l=0.51 Q_g=0.85 dl=2 dg=1
       Value: 0x00000071 -> 0x20000000
       Load destination: rd = x11 (a1)
       zkVM errors (1 lines):
         • [prover_impl.rs:280] verify segment (internal proof verification failed)
       Local constraints hit (2 unique):
         - MemoryWrite@mem.zir:100
           cycle=19274, step=2546, pc=0x002014B4, major=5, minor=3
         - MemoryWrite@mem.zir:99
           cycle=19274, step=2546, pc=0x002014B4, major=5, minor=3
       Global: memory permutation violated
         x11/a1: wrote 0x20000000, expected 0x00000071 (cycle 38549)
  [83] ✓ PRE_EXEC_REG_MOD @ step 1772: 2 failures, 2955ms, outcome: REJECTED, exit: 101 [proof:GENERATED] G=memory
       r=0.143  T_new=0.00 F_new=0.92 F_rare=1.00 U=0 Q=0.31 Q_l=0.51 Q_g=0.61 dl=2 dg=3
       Value: 0x0021BA82 -> 0x9BAE2D2A
       Register: x11 (a1), READ, strategy=next_read
       zkVM errors (3 lines):
         • [prover_impl.rs:280] verify segment (internal proof verification failed)
         • [ffi.cpp:113] address mismatch at cycle 18416: preflight=0x00086ea0, actual=0x26eb8b4a
         • [kernels/cxx/ffi.cpp:208] SKIP THROW: memory peek not in preflight
       Local constraints hit (2 unique):
         - IsRead@mem.zir:79
           cycle=18416, step=1772, pc=0x002184C4, major=5, minor=3
         - IsRead@mem.zir:80
           cycle=18416, step=1772, pc=0x002184C4, major=5, minor=3
       Global: memory permutation violated
         0x9BAE2D28 (data): expected write missing, needed 0x4341425f (cycle 36818)
         x11/a1: wrote 0x9bae2d2a, expected 0x0021ba82 (cycle 36832)
         0x0021BA80 (code): unexpected write 0x4341425f (cycle 36818)
  [84] ✓ STORE_OUT_MOD @ step 2785: 2 failures, 2991ms, outcome: REJECTED, exit: 101 [proof:GENERATED] G=memory
       r=0.112  T_new=0.00 F_new=0.39 F_rare=0.68 U=0 Q=0.43 Q_l=0.51 Q_g=0.85 dl=2 dg=1
       Value: 0xBCE109F9 -> 0x3A4A7F0E
       Store address: 0x00200244
       zkVM errors (1 lines):
         • [prover_impl.rs:280] verify segment (internal proof verification failed)
       Local constraints hit (2 unique):
         - MemoryWrite@mem.zir:100
           cycle=19513, step=2785, pc=0x0020383C, major=6, minor=2
         - MemoryWrite@mem.zir:99
           cycle=19513, step=2785, pc=0x0020383C, major=6, minor=2
       Global: memory permutation violated
         0x00200244 (data): wrote 0x3a4a7f0e, expected 0xbce109f9 (cycle 39027)
  [85] ✓ STORE_OUT_MOD @ step 2264: 1 failures, 2956ms, outcome: REJECTED, exit: 101 [proof:GENERATED] G=memory
       r=0.155  T_new=0.00 F_new=0.39 F_rare=0.67 U=0 Q=0.61 Q_l=0.72 Q_g=0.85 dl=1 dg=1
       Value: 0x00000000 -> 0x01000000
       Store address: 0x00200320
       zkVM errors (1 lines):
         • [prover_impl.rs:280] verify segment (internal proof verification failed)
       Local constraints hit (1 unique):
         - MemoryWrite@mem.zir:100
           cycle=18918, step=2264, pc=0x0020342C, major=6, minor=2
       Global: memory permutation violated
         0x00200320 (data): wrote 0x01000000, expected 0x00000000 (cycle 37837)
  [86] ✓ STORE_OUT_MOD @ step 875: 2 failures, 2966ms, outcome: REJECTED, exit: 101 [proof:GENERATED] G=memory
       r=0.110  T_new=0.00 F_new=0.39 F_rare=0.66 U=0 Q=0.43 Q_l=0.51 Q_g=0.85 dl=2 dg=1
       Value: 0x00200A24 -> 0xCBAD0737
       Store address: 0x0020035c
       zkVM errors (1 lines):
         • [prover_impl.rs:280] verify segment (internal proof verification failed)
       Local constraints hit (2 unique):
         - MemoryWrite@mem.zir:100
           cycle=17502, step=875, pc=0x00203190, major=6, minor=2
         - MemoryWrite@mem.zir:99
           cycle=17502, step=875, pc=0x00203190, major=6, minor=2
       Global: memory permutation violated
         0x0020035C (data): wrote 0xcbad0737, expected 0x00200a24 (cycle 35005)
  [87] ✓ INSTR_WORD_MOD_SUR @ step 610: 0 failures, 2959ms, outcome: REJECTED, exit: 101 [proof:GENERATED] G=memory[GO]
       r=0.257  T_new=0.00 F_new=0.78 F_rare=1.00 U=0 Q=0.61 Q_l=1.00 Q_g=0.61 dl=0 dg=3
       Value: 0x00255593 -> 0x00245593
       Surgical: rs1 = 10 -> 8
       Original: SRLI x11, x10, 2
       Mutated:  SRLI x11, x8, 2
       zkVM errors (3 lines):
         • [prover_impl.rs:280] verify segment (internal proof verification failed)
         • [ffi.cpp:113] address mismatch at cycle 17219: preflight=0x3fffc02a, actual=0x3fffc028
         • [kernels/cxx/ffi.cpp:208] SKIP THROW: memory peek not in preflight
       Global: memory permutation violated [GLOBAL-ONLY]
         x8/s0: expected write missing, needed 0x00000004 (cycle 34436)
         x10/a0: unexpected write 0x00000004 (cycle 34436)
         0x002061A4 (code): wrote 0x00255593, expected 0x00245593 (cycle 34266)
  [88] ✓ PRE_EXEC_REG_MOD @ step 2817: 4 failures, 2930ms, outcome: REJECTED, exit: 101 [proof:GENERATED] G=memory
       r=0.061  T_new=0.00 F_new=0.39 F_rare=0.75 U=0 Q=0.22 Q_l=0.26 Q_g=0.85 dl=4 dg=1
       Value: 0xC3D4E0D9 -> 0x3524BCB8
       Register: x10 (a0), READ, strategy=next_read
       zkVM errors (1 lines):
         • [prover_impl.rs:280] verify segment (internal proof verification failed)
       Local constraints hit (4 unique):
         - IsRead@mem.zir:79
           cycle=19545, step=2817, pc=0x00203B74, major=6, minor=2
         - IsRead@mem.zir:80
           cycle=19545, step=2817, pc=0x00203B74, major=6, minor=2
         - MemoryWrite@mem.zir:100
           cycle=19545, step=2817, pc=0x00203B74, major=6, minor=2
         - MemoryWrite@mem.zir:99
           cycle=19545, step=2817, pc=0x00203B74, major=6, minor=2
       Global: memory permutation violated
         x10/a0: wrote 0x3524bcb8, expected 0xc3d4e0d9 (cycle 39090)
  [89] ✓ MEM_VAL_MOD @ step 3706: 1 failures, 2928ms, outcome: REJECTED, exit: 101 [proof:GENERATED] G=memory
       r=0.182  T_new=0.00 F_new=0.39 F_rare=0.85 U=0 Q=0.61 Q_l=0.72 Q_g=0.85 dl=1 dg=1
       Value: 0x00000000 -> 0x000000FF
       Transaction: other_mem_write (WRITE) at address 0xffff0180
       zkVM errors (1 lines):
         • [prover_impl.rs:280] verify segment (internal proof verification failed)
       Local constraints hit (1 unique):
         - MemoryWrite@mem.zir:99
           cycle=20582, step=3706, pc=0x00203214, major=2, minor=1
       Global: memory permutation violated
         0xFFFF0180 (data): wrote 0x000000ff, expected 0x00000000 (cycle 41165)
  [90] ✓ MEM_VAL_MOD @ step 2241: 2 failures, 2974ms, outcome: REJECTED, exit: 101 [proof:GENERATED] G=memory
       r=0.117  T_new=0.00 F_new=0.39 F_rare=0.72 U=0 Q=0.43 Q_l=0.51 Q_g=0.85 dl=2 dg=1
       Value: 0x00000004 -> 0x4823DD0A
       Transaction: store_rmw_read (READ) at address 0x00200304
       zkVM errors (1 lines):
         • [prover_impl.rs:280] verify segment (internal proof verification failed)
       Local constraints hit (2 unique):
         - IsRead@mem.zir:79
           cycle=18895, step=2241, pc=0x00203430, major=6, minor=2
         - IsRead@mem.zir:80
           cycle=18895, step=2241, pc=0x00203430, major=6, minor=2
       Global: memory permutation violated
         0x00200304 (data): wrote 0x4823dd0a, expected 0x00000004 (cycle 37790)
  [91] ✓ INSTR_WORD_MOD_SUR @ step 860: 0 failures, 2988ms, outcome: REJECTED, exit: 101 [proof:GENERATED] G=memory[GO]
       r=0.257  T_new=0.00 F_new=0.78 F_rare=1.00 U=0 Q=0.61 Q_l=1.00 Q_g=0.61 dl=0 dg=3
       Value: 0x00008067 -> 0x000B8067
       Surgical: rs1 = 1 -> 23
       Original: JALR x0, x1, 0
       Mutated:  JALR x0, x23, 0
       zkVM errors (3 lines):
         • [prover_impl.rs:280] verify segment (internal proof verification failed)
         • [ffi.cpp:113] address mismatch at cycle 17487: preflight=0x3fffc021, actual=0x3fffc037
         • [kernels/cxx/ffi.cpp:208] SKIP THROW: memory peek not in preflight
       Global: memory permutation violated [GLOBAL-ONLY]
         x1/ra: unexpected write 0x002009e8 (cycle 34967)
         x23/s7: expected write missing, needed 0x002009e8 (cycle 34967)
         0x002031F8 (code): wrote 0x00008067, expected 0x000b8067 (cycle 34806)
  [92] ✓ INSTR_WORD_MOD_SUR @ step 513: 1 failures, 2924ms, outcome: REJECTED, exit: 101 [proof:GENERATED] G=memory
       r=0.237  T_new=0.00 F_new=0.63 F_rare=1.00 U=0 Q=0.61 Q_l=0.72 Q_g=0.85 dl=1 dg=1
       Value: 0x01255863 -> 0x01255837
       Surgical: opcode = 99 -> 55
       Original: BGE x10, x18, 16
       Mutated:  LUI x16, 0x1255000
       zkVM errors (1 lines):
         • [prover_impl.rs:280] verify segment (internal proof verification failed)
       Local constraints hit (1 unique):
         - VerifyOpcodeF3@inst.zir:96
           cycle=17110, step=513, pc=0xC0000078, major=2, minor=0
       Global: memory permutation violated
         0xC0000074 (data): wrote 0x01255863, expected 0x01255837 (cycle 34052)
  [93] ✓ INSTR_WORD_MOD_SUR @ step 3532: 0 failures, 2938ms, outcome: REJECTED, exit: 101 [proof:GENERATED] G=memory[GO]
       r=0.257  T_new=0.00 F_new=0.78 F_rare=1.00 U=0 Q=0.61 Q_l=1.00 Q_g=0.61 dl=0 dg=3
       Value: 0x01422503 -> 0x01422C83
       Surgical: rd = 10 -> 25
       Original: LW x10, 20(x4)
       Mutated:  LW x25, 20(x4)
       zkVM errors (3 lines):
         • [prover_impl.rs:280] verify segment (internal proof verification failed)
         • [ffi.cpp:113] address mismatch at cycle 20334: preflight=0x3fffc00a, actual=0x3fffc019
         • [kernels/cxx/ffi.cpp:208] SKIP THROW: memory peek not in preflight
       Global: memory permutation violated [GLOBAL-ONLY]
         0xC0000070 (data): wrote 0x01422503, expected 0x01422c83 (cycle 39712)
         0xFFFF0028 (data): unexpected write 0x00219e74 (cycle 39764)
         0xFFFF0064 (data): expected write missing, needed 0x00219e74 (cycle 39764)
  [94] ✓ COMP_OUT_MOD @ step 2372: 2 failures, 2947ms, outcome: REJECTED, exit: 101 [proof:GENERATED] G=memory
       r=0.170  T_new=0.00 F_new=0.63 F_rare=1.00 U=0 Q=0.43 Q_l=0.51 Q_g=0.85 dl=2 dg=1
       Value: 0x00000000 -> 0xF7BFB777
       Destination: rd = x15 (a5)
       zkVM errors (1 lines):
         • [prover_impl.rs:280] verify segment (internal proof verification failed)
       Local constraints hit (2 unique):
         - MemoryWrite@mem.zir:100
           cycle=19026, step=2372, pc=0x002032A8, major=1, minor=2
         - MemoryWrite@mem.zir:99
           cycle=19026, step=2372, pc=0x002032A8, major=1, minor=2
       Global: memory permutation violated
         x15/a5: wrote 0xf7bfb777, expected 0x00000000 (cycle 38053)
  [95] ✓ LOAD_VAL_MOD @ step 1117: 2 failures, 2965ms, outcome: REJECTED, exit: 101 [proof:GENERATED] G=memory
       r=0.112  T_new=0.00 F_new=0.39 F_rare=0.68 U=0 Q=0.43 Q_l=0.51 Q_g=0.85 dl=2 dg=1
       Value: 0x00000000 -> 0x3EEBFBC6
       Load destination: rd = x21 (s5)
       zkVM errors (1 lines):
         • [prover_impl.rs:280] verify segment (internal proof verification failed)
       Local constraints hit (2 unique):
         - MemoryWrite@mem.zir:100
           cycle=17761, step=1117, pc=0x00200CA8, major=5, minor=2
         - MemoryWrite@mem.zir:99
           cycle=17761, step=1117, pc=0x00200CA8, major=5, minor=2
       Global: memory permutation violated
         x21/s5: wrote 0x3eebfbc6, expected 0x00000000 (cycle 35523)
  [96] ✓ INSTR_WORD_MOD_FULL @ step 618: 3 failures, 2921ms, outcome: REJECTED, exit: 101 [proof:GENERATED] G=memory
       r=0.139  T_new=0.00 F_new=0.86 F_rare=1.00 U=0 Q=0.31 Q_l=0.37 Q_g=0.85 dl=3 dg=1
       Value: 0x00249493 -> 0x1024F497
       Original: SLLI x9, x9, 2
       Mutated:  AUIPC x9, 0x1024f000
       Format changed: I -> U
       zkVM errors (1 lines):
         • [prover_impl.rs:280] verify segment (internal proof verification failed)
       Local constraints hit (3 unique):
         - VerifyOpcodeF3F7@inst.zir:102
           cycle=17227, step=618, pc=0x002031BC, major=3, minor=1
         - VerifyOpcodeF3F7@inst.zir:103
           cycle=17227, step=618, pc=0x002031BC, major=3, minor=1
         - VerifyOpcodeF3F7@inst.zir:104
           cycle=17227, step=618, pc=0x002031BC, major=3, minor=1
       Global: memory permutation violated
         0x002031B8 (code): wrote 0x00249493, expected 0x1024f497 (cycle 34282)
  [97] ✓ INSTR_TYPE_MOD @ step 104: 1 failures, 2888ms, outcome: REJECTED, exit: 101 [proof:GENERATED]
       r=0.149  T_new=0.00 F_new=0.00 F_rare=0.71 U=0 Q=0.72 Q_l=0.72 Q_g=1.00 dl=1 dg=0
       Value: 0x00060002 -> 0x00060001
       Original: Sw [major=6, minor=2]
       Mutated:  Sh [major=6, minor=1]
       zkVM errors (1 lines):
         • [prover_impl.rs:280] verify segment (internal proof verification failed)
       Local constraints hit (1 unique):
         - VerifyOpcodeF3@inst.zir:97
           cycle=16677, step=104, pc=0x002032D8, major=6, minor=1
       Global: no permutation/lookup violations (local-only)
  [98] ✓ INSTR_WORD_MOD_FULL @ step 242: 0 failures, 2950ms, outcome: REJECTED, exit: 101 [proof:GENERATED] G=memory[GO]
       r=0.257  T_new=0.00 F_new=0.78 F_rare=1.00 U=0 Q=0.61 Q_l=1.00 Q_g=0.61 dl=0 dg=3
       Value: 0x00810593 -> 0x00810513
       Original: ADDI x11, x2, 8
       Mutated:  ADDI x10, x2, 8
       zkVM errors (3 lines):
         • [prover_impl.rs:280] verify segment (internal proof verification failed)
         • [ffi.cpp:113] address mismatch at cycle 16821: preflight=0x3fffc02b, actual=0x3fffc02a
         • [kernels/cxx/ffi.cpp:208] SKIP THROW: memory peek not in preflight
       Global: memory permutation violated [GLOBAL-ONLY]
         x10/a0: expected write missing, needed 0x00200d0c (cycle 33598)
         x11/a1: unexpected write 0x00200d0c (cycle 33598)
         0x00200834 (code): wrote 0x00810593, expected 0x00810513 (cycle 4826)
  [99] ✓ LOAD_VAL_MOD @ step 2558: 2 failures, 2961ms, outcome: REJECTED, exit: 101 [proof:GENERATED] G=memory
       r=0.115  T_new=0.00 F_new=0.39 F_rare=0.70 U=0 Q=0.43 Q_l=0.51 Q_g=0.85 dl=2 dg=1
       Value: 0x00000000 -> 0x97265810
       Load destination: rd = x12 (a2)
       zkVM errors (1 lines):
         • [prover_impl.rs:280] verify segment (internal proof verification failed)
       Local constraints hit (2 unique):
         - MemoryWrite@mem.zir:100
           cycle=19286, step=2558, pc=0x002014E4, major=5, minor=3
         - MemoryWrite@mem.zir:99
           cycle=19286, step=2558, pc=0x002014E4, major=5, minor=3
       Global: memory permutation violated
         x12/a2: wrote 0x97265810, expected 0x00000000 (cycle 38573)
  [100] ✓ STORE_OUT_MOD @ step 3452: 2 failures, 2925ms, outcome: REJECTED, exit: 101 [proof:GENERATED] G=memory
       r=0.109  T_new=0.00 F_new=0.39 F_rare=0.64 U=0 Q=0.43 Q_l=0.51 Q_g=0.85 dl=2 dg=1
       Value: 0x00000002 -> 0x0101208A
       Store address: 0x002001b4
       zkVM errors (1 lines):
         • [prover_impl.rs:280] verify segment (internal proof verification failed)
       Local constraints hit (2 unique):
         - MemoryWrite@mem.zir:100
           cycle=20254, step=3452, pc=0x00205364, major=6, minor=2
         - MemoryWrite@mem.zir:99
           cycle=20254, step=3452, pc=0x00205364, major=6, minor=2
       Global: memory permutation violated
         0x002001B4 (data): wrote 0x0101208a, expected 0x00000002 (cycle 40509)
  [101] ✓ COMP_OUT_MOD @ step 2518: 1 failures, 2945ms, outcome: REJECTED, exit: 101 [proof:GENERATED] G=memory
       r=0.167  T_new=0.00 F_new=0.39 F_rare=0.75 U=0 Q=0.61 Q_l=0.72 Q_g=0.85 dl=1 dg=1
       Value: 0x00205448 -> 0x00205548
       Destination: rd = x1 (ra)
       zkVM errors (1 lines):
         • [prover_impl.rs:280] verify segment (internal proof verification failed)
       Local constraints hit (1 unique):
         - MemoryWrite@mem.zir:99
           cycle=19246, step=2518, pc=0x0020144C, major=2, minor=6
       Global: memory permutation violated
         x1/ra: wrote 0x00205548, expected 0x00205448 (cycle 38493)
  [102] ✓ COMP_OUT_MOD @ step 489: 2 failures, 2949ms, outcome: REJECTED, exit: 101 [proof:GENERATED] G=memory
       r=0.113  T_new=0.00 F_new=0.39 F_rare=0.69 U=0 Q=0.43 Q_l=0.51 Q_g=0.85 dl=2 dg=1
       Value: 0x00200370 -> 0x01001B80
       Destination: rd = x8 (s0/fp)
       zkVM errors (1 lines):
         • [prover_impl.rs:280] verify segment (internal proof verification failed)
       Local constraints hit (2 unique):
         - MemoryWrite@mem.zir:100
           cycle=17086, step=489, pc=0x002031A4, major=0, minor=7
         - MemoryWrite@mem.zir:99
           cycle=17086, step=489, pc=0x002031A4, major=0, minor=7
       Global: memory permutation violated
         x8/s0: wrote 0x01001b80, expected 0x00200370 (cycle 34173)
  [103] ✓ INSTR_TYPE_MOD @ step 919: 3 failures, 2981ms, outcome: REJECTED, exit: 101 [proof:GENERATED] G=memory
       r=0.120  T_new=0.00 F_new=0.92 F_rare=1.00 U=0 Q=0.26 Q_l=0.37 Q_g=0.72 dl=3 dg=2
       Value: 0x00000000 -> 0x00010007
       Original: Add [major=0, minor=0]
       Mutated:  Blt [major=1, minor=7]
       zkVM errors (3 lines):
         • [prover_impl.rs:280] verify segment (internal proof verification failed)
         • [ffi.cpp:113] address mismatch at cycle 17552: preflight=0x3fffc030, actual=0x3fffc060
         • [kernels/cxx/ffi.cpp:208] SKIP THROW: memory peek not in preflight
       Local constraints hit (3 unique):
         - MemoryWrite@mem.zir:99
           cycle=17552, step=919, pc=0x00206178, major=1, minor=7
         - VerifyOpcodeF3@inst.zir:96
           cycle=17552, step=919, pc=0x00206178, major=1, minor=7
         - VerifyOpcodeF3@inst.zir:97
           cycle=17552, step=919, pc=0x00206178, major=1, minor=7
       Global: memory permutation violated
         x16/a6: unexpected write 0x00000000 (cycle 35104)
         0xFFFF0180 (data): expected write missing, needed 0x00000000 (cycle 35104)
  [104] ✓ INSTR_WORD_MOD_SUR @ step 2089: 1 failures, 2931ms, outcome: REJECTED, exit: 101 [proof:GENERATED] G=memory
       r=0.181  T_new=0.00 F_new=0.39 F_rare=0.85 U=0 Q=0.61 Q_l=0.72 Q_g=0.85 dl=1 dg=1
       Value: 0x04812403 -> 0x04817403
       Surgical: funct3 = 2 -> 7
       Original: LW x8, 72(x2)
       Mutated:  LOAD.7 x8, 72(x2)
       zkVM errors (1 lines):
         • [prover_impl.rs:280] verify segment (internal proof verification failed)
       Local constraints hit (1 unique):
         - VerifyOpcodeF3@inst.zir:97
           cycle=18743, step=2089, pc=0x0020B0F0, major=5, minor=2
       Global: memory permutation violated
         0x0020B0EC (code): wrote 0x04812403, expected 0x04817403 (cycle 22978)
  [105] ✓ INSTR_TYPE_MOD @ step 2944: 4 failures, 2996ms, outcome: REJECTED, exit: 101 [proof:GENERATED] [+49 touch] G=memory|cycle
       r=0.080  T_new=0.75 F_new=0.98 F_rare=1.00 U=0 Q=0.11 Q_l=0.26 Q_g=0.43 dl=4 dg=5
       Value: 0x00060002 -> 0x00040003
       Original: Sw [major=6, minor=2]
       Mutated:  SraI [major=4, minor=3]
       zkVM errors (3 lines):
         • [prover_impl.rs:280] verify segment (internal proof verification failed)
         • [ffi.cpp:113] address mismatch at cycle 19672: preflight=0x00080065, actual=0x3fffc034
         • [kernels/cxx/ffi.cpp:208] SKIP THROW: memory peek not in preflight
       Local constraints hit (4 unique):
         - MemoryWrite@mem.zir:99
           cycle=19672, step=2944, pc=0x00205620, major=4, minor=3
         - VerifyOpcodeF3F7@inst.zir:102
           cycle=19672, step=2944, pc=0x00205620, major=4, minor=3
         - VerifyOpcodeF3F7@inst.zir:103
           cycle=19672, step=2944, pc=0x00205620, major=4, minor=3
         - VerifyOpcodeF3F7@inst.zir:104
           cycle=19672, step=2944, pc=0x00205620, major=4, minor=3
       Global: memory permutation violated
         0x00200194 (data): unexpected write 0x00000000 (cycle 4402)
         x20/s4: expected write missing, needed 0x00000000 (cycle 4402)
       Global: cycle lookup violated (3 indices broken)
         index 0: 2254 provides, 1 uses (imbalanced)
         index 34941: orphan use (1 entries, no matching provide)
         index 34942: 1 provides, 1 uses (imbalanced)
  [106] ✓ COMP_OUT_MOD @ step 919: 1 failures, 2953ms, outcome: REJECTED, exit: 101 [proof:GENERATED] G=memory
       r=0.236  T_new=0.00 F_new=0.63 F_rare=1.00 U=0 Q=0.61 Q_l=0.72 Q_g=0.85 dl=1 dg=1
       Value: 0x00000004 -> 0xFFFF0004
       Destination: rd = x16 (a6)
       zkVM errors (1 lines):
         • [prover_impl.rs:280] verify segment (internal proof verification failed)
       Local constraints hit (1 unique):
         - MemoryWrite@mem.zir:100
           cycle=17552, step=919, pc=0x00206178, major=0, minor=0
       Global: memory permutation violated
         x16/a6: wrote 0xffff0004, expected 0x00000004 (cycle 35105)
  [107] ✓ STORE_OUT_MOD @ step 719: 2 failures, 2952ms, outcome: REJECTED, exit: 101 [proof:GENERATED] G=memory
       r=0.108  T_new=0.00 F_new=0.39 F_rare=0.64 U=0 Q=0.43 Q_l=0.51 Q_g=0.85 dl=2 dg=1
       Value: 0x002009B4 -> 0xDC00C35D
       Store address: 0x0020035c
       zkVM errors (1 lines):
         • [prover_impl.rs:280] verify segment (internal proof verification failed)
       Local constraints hit (2 unique):
         - MemoryWrite@mem.zir:100
           cycle=17334, step=719, pc=0x00203190, major=6, minor=2
         - MemoryWrite@mem.zir:99
           cycle=17334, step=719, pc=0x00203190, major=6, minor=2
       Global: memory permutation violated
         0x0020035C (data): wrote 0xdc00c35d, expected 0x002009b4 (cycle 34669)
  [108] ✓ MEM_VAL_MOD @ step 2785: 2 failures, 3017ms, outcome: REJECTED, exit: 101 [proof:GENERATED] G=memory
       r=0.115  T_new=0.00 F_new=0.39 F_rare=0.70 U=0 Q=0.43 Q_l=0.51 Q_g=0.85 dl=2 dg=1
       Value: 0x00000000 -> 0x9F47F9FB
       Transaction: store_rmw_read (READ) at address 0x00200244
       zkVM errors (1 lines):
         • [prover_impl.rs:280] verify segment (internal proof verification failed)
       Local constraints hit (2 unique):
         - IsRead@mem.zir:79
           cycle=19513, step=2785, pc=0x0020383C, major=6, minor=2
         - IsRead@mem.zir:80
           cycle=19513, step=2785, pc=0x0020383C, major=6, minor=2
       Global: memory permutation violated
         0x00200244 (data): wrote 0x9f47f9fb, expected 0x00000000 (cycle 39026)
  [109] ✓ STORE_OUT_MOD @ step 3453: 2 failures, 2932ms, outcome: REJECTED, exit: 101 [proof:GENERATED] G=memory
       r=0.107  T_new=0.00 F_new=0.39 F_rare=0.63 U=0 Q=0.43 Q_l=0.51 Q_g=0.85 dl=2 dg=1
       Value: 0x00000062 -> 0x20000000
       Store address: 0x002001b0
       zkVM errors (1 lines):
         • [prover_impl.rs:280] verify segment (internal proof verification failed)
       Local constraints hit (2 unique):
         - MemoryWrite@mem.zir:100
           cycle=20255, step=3453, pc=0x00205368, major=6, minor=2
         - MemoryWrite@mem.zir:99
           cycle=20255, step=3453, pc=0x00205368, major=6, minor=2
       Global: memory permutation violated
         0x002001B0 (data): wrote 0x20000000, expected 0x00000062 (cycle 40511)
  [110] ✓ INSTR_WORD_MOD_SUR @ step 2061: 0 failures, 2958ms, outcome: REJECTED, exit: 101 [proof:GENERATED] G=memory[GO]
       r=0.257  T_new=0.00 F_new=0.78 F_rare=1.00 U=0 Q=0.61 Q_l=1.00 Q_g=0.61 dl=0 dg=3
       Value: 0xFFF00593 -> 0xFFF00B93
       Surgical: rd = 11 -> 23
       Original: ADDI x11, x0, -1
       Mutated:  ADDI x23, x0, -1
       zkVM errors (3 lines):
         • [prover_impl.rs:280] verify segment (internal proof verification failed)
         • [ffi.cpp:113] address mismatch at cycle 18715: preflight=0x3fffc02b, actual=0x3fffc037
         • [kernels/cxx/ffi.cpp:208] SKIP THROW: memory peek not in preflight
       Global: memory permutation violated [GLOBAL-ONLY]
         x11/a1: unexpected write 0x00000000 (cycle 37413)
         x23/s7: expected write missing, needed 0x00000000 (cycle 37413)
         0x002096FC (code): wrote 0xfff00593, expected 0xfff00b93 (cycle 37020)
  [111] ✓ INSTR_WORD_MOD_SUR @ step 2140: 25 failures, 2969ms, outcome: REJECTED, exit: 101 [proof:GENERATED] [+1 new] G=memory
       r=0.006  T_new=0.00 F_new=1.00 F_rare=1.00 U=0 Q=0.01 Q_l=0.10 Q_g=0.19 dl=7 dg=10
       Value: 0x00008067 -> 0x8AF08067
       Surgical: imm = 0 -> 2223
       Original: JALR x0, x1, 0
       Mutated:  JALR x0, x1, -1873
       zkVM errors (3 lines):
         • [prover_impl.rs:280] verify segment (internal proof verification failed)
         • [ffi.cpp:113] address mismatch at cycle 18794: preflight=0x3fffc020, actual=0x3fffc02f
         • [kernels/cxx/ffi.cpp:208] SKIP THROW: memory peek not in preflight
       Local constraints hit (2 unique):
         - DecodeInst@inst.zir:29 (x24)
           cycle=18795, step=2141, pc=0x00202538, major=1, minor=5
         - MemoryWrite@mem.zir:99
           cycle=18818, step=2164, pc=0x002024E8, major=2, minor=4
       Global: memory permutation violated (51 addrs: 2 register, 49 code)
         x0/zero: unexpected write 0x00000000 (cycle 37586)
         x15/a5: expected write missing, needed 0x00000000 (cycle 37586)
         + 49 code addresses diverged (instruction fetch cascade)
  [112] ✓ INSTR_TYPE_MOD @ step 2942: 4 failures, 2927ms, outcome: REJECTED, exit: 101 [proof:GENERATED] [+35 touch]
       r=0.170  T_new=0.63 F_new=0.86 F_rare=1.00 U=0 Q=0.26 Q_l=0.26 Q_g=1.00 dl=4 dg=0
       Value: 0x00060002 -> 0x0006000C
       Original: Sw [major=6, minor=2]
       Mutated:  Unknown(6,12) [major=6, minor=12] ⚠INVALID
       zkVM errors (1 lines):
         • [prover_impl.rs:280] verify segment (internal proof verification failed)
       Local constraints hit (4 unique):
         - MemoryWrite@mem.zir:100
           cycle=19670, step=2942, pc=0x00205618, major=6, minor=12
         - MemoryWrite@mem.zir:99
           cycle=19670, step=2942, pc=0x00205618, major=6, minor=12
         - OneHot@one_hot.zir:11
           cycle=19670, step=2942, pc=0x00205618, major=6, minor=12
         - OneHot@one_hot.zir:9
           cycle=19670, step=2942, pc=0x00205618, major=6, minor=12
       Global: no permutation/lookup violations (local-only)
  [113] ✓ LOAD_VAL_MOD @ step 3196: 2 failures, 2972ms, outcome: REJECTED, exit: 101 [proof:GENERATED] G=memory
       r=0.111  T_new=0.00 F_new=0.39 F_rare=0.67 U=0 Q=0.43 Q_l=0.51 Q_g=0.85 dl=2 dg=1
       Value: 0x9A008748 -> 0x1A415448
       Load destination: rd = x11 (a1)
       zkVM errors (1 lines):
         • [prover_impl.rs:280] verify segment (internal proof verification failed)
       Local constraints hit (2 unique):
         - MemoryWrite@mem.zir:100
           cycle=19998, step=3196, pc=0x00204B54, major=5, minor=2
         - MemoryWrite@mem.zir:99
           cycle=19998, step=3196, pc=0x00204B54, major=5, minor=2
       Global: memory permutation violated
         x11/a1: wrote 0x1a415448, expected 0x9a008748 (cycle 39997)
  [114] ✓ INSTR_WORD_MOD_FULL @ step 3682: 0 failures, 2951ms, outcome: REJECTED, exit: 101 [proof:GENERATED] G=memory[GO]
       r=0.257  T_new=0.00 F_new=0.78 F_rare=1.00 U=0 Q=0.61 Q_l=1.00 Q_g=0.61 dl=0 dg=3
       Value: 0x00070583 -> 0x00070483
       Original: LB x11, 0(x14)
       Mutated:  LB x9, 0(x14)
       zkVM errors (3 lines):
         • [prover_impl.rs:280] verify segment (internal proof verification failed)
         • [ffi.cpp:113] address mismatch at cycle 20558: preflight=0x3fffc02b, actual=0x3fffc029
         • [kernels/cxx/ffi.cpp:208] SKIP THROW: memory peek not in preflight
       Global: memory permutation violated [GLOBAL-ONLY]
         x9/s1: expected write missing, needed 0x00000002 (cycle 41114)
         x11/a1: unexpected write 0x00000002 (cycle 41114)
         0x002035E4 (code): wrote 0x00070583, expected 0x00070483 (cycle 10902)
  [115] ✓ PRE_EXEC_REG_MOD @ step 1257: 2 failures, 2925ms, outcome: REJECTED, exit: 101 [proof:GENERATED] G=memory
       r=0.184  T_new=0.00 F_new=0.78 F_rare=1.00 U=0 Q=0.43 Q_l=0.51 Q_g=0.85 dl=2 dg=1
       Value: 0x00221364 -> 0xFFDDEC9C
       Register: x11 (a1), READ, strategy=next_read
       zkVM errors (1 lines):
         • [prover_impl.rs:280] verify segment (internal proof verification failed)
       Local constraints hit (2 unique):
         - IsRead@mem.zir:79
           cycle=17901, step=1257, pc=0x002032F8, major=1, minor=2
         - IsRead@mem.zir:80
           cycle=17901, step=1257, pc=0x002032F8, major=1, minor=2
       Global: memory permutation violated
         x11/a1: wrote 0xffddec9c, expected 0x00221364 (cycle 35802)
  [116] ✓ STORE_OUT_MOD @ step 2278: 1 failures, 2947ms, outcome: REJECTED, exit: 101 [proof:GENERATED] G=memory
       r=0.149  T_new=0.00 F_new=0.39 F_rare=0.63 U=0 Q=0.61 Q_l=0.72 Q_g=0.85 dl=1 dg=1
       Value: 0x00000000 -> 0x00000004
       Store address: 0x00200338
       zkVM errors (1 lines):
         • [prover_impl.rs:280] verify segment (internal proof verification failed)
       Local constraints hit (1 unique):
         - MemoryWrite@mem.zir:99
           cycle=18932, step=2278, pc=0x00203434, major=6, minor=2
       Global: memory permutation violated
         0x00200338 (data): wrote 0x00000004, expected 0x00000000 (cycle 37865)
  [117] ✓ COMP_OUT_MOD @ step 2972: 2 failures, 2934ms, outcome: REJECTED, exit: 101 [proof:GENERATED] G=memory
       r=0.169  T_new=0.00 F_new=0.63 F_rare=1.00 U=0 Q=0.43 Q_l=0.51 Q_g=0.85 dl=2 dg=1
       Value: 0x002056B0 -> 0xE49E55C7
       Destination: rd = x1 (ra)
       zkVM errors (1 lines):
         • [prover_impl.rs:280] verify segment (internal proof verification failed)
       Local constraints hit (2 unique):
         - MemoryWrite@mem.zir:100
           cycle=19700, step=2972, pc=0x00200EF4, major=2, minor=4
         - MemoryWrite@mem.zir:99
           cycle=19700, step=2972, pc=0x00200EF4, major=2, minor=4
       Global: memory permutation violated
         x1/ra: wrote 0xe49e55c7, expected 0x002056b0 (cycle 39401)
  [118] ✓ LOAD_VAL_MOD @ step 1758: 2 failures, 2966ms, outcome: REJECTED, exit: 101 [proof:GENERATED] G=memory
       r=0.113  T_new=0.00 F_new=0.39 F_rare=0.69 U=0 Q=0.43 Q_l=0.51 Q_g=0.85 dl=2 dg=1
       Value: 0x0000005F -> 0xFDFFFF20
       Load destination: rd = x14 (a4)
       zkVM errors (1 lines):
         • [prover_impl.rs:280] verify segment (internal proof verification failed)
       Local constraints hit (2 unique):
         - MemoryWrite@mem.zir:100
           cycle=18402, step=1758, pc=0x002184C4, major=5, minor=3
         - MemoryWrite@mem.zir:99
           cycle=18402, step=1758, pc=0x002184C4, major=5, minor=3
       Global: memory permutation violated
         x14/a4: wrote 0xfdffff20, expected 0x0000005f (cycle 36805)
  [119] ✓ COMP_OUT_MOD @ step 3858: 2 failures, 2968ms, outcome: REJECTED, exit: 101 [proof:GENERATED] G=memory
       r=0.119  T_new=0.00 F_new=0.39 F_rare=0.75 U=0 Q=0.43 Q_l=0.51 Q_g=0.85 dl=2 dg=1
       Value: 0x00205D7C -> 0x40044D7C
       Destination: rd = x1 (ra)
       zkVM errors (1 lines):
         • [prover_impl.rs:280] verify segment (internal proof verification failed)
       Local constraints hit (2 unique):
         - MemoryWrite@mem.zir:100
           cycle=20808, step=3858, pc=0x00204D80, major=2, minor=6
         - MemoryWrite@mem.zir:99
           cycle=20808, step=3858, pc=0x00204D80, major=2, minor=6
       Global: memory permutation violated
         x1/ra: wrote 0x40044d7c, expected 0x00205d7c (cycle 41617)
  [120] ✓ LOAD_VAL_MOD @ step 1378: 1 failures, 2968ms, outcome: REJECTED, exit: 101 [proof:GENERATED] G=memory
       r=0.156  T_new=0.00 F_new=0.39 F_rare=0.68 U=0 Q=0.61 Q_l=0.72 Q_g=0.85 dl=1 dg=1
       Value: 0x00000067 -> 0x00000001
       Load destination: rd = x14 (a4)
       zkVM errors (1 lines):
         • [prover_impl.rs:280] verify segment (internal proof verification failed)
       Local constraints hit (1 unique):
         - MemoryWrite@mem.zir:99
           cycle=18022, step=1378, pc=0x002184C4, major=5, minor=3
       Global: memory permutation violated
         x14/a4: wrote 0x00000001, expected 0x00000067 (cycle 36045)
  [121] ✓ PRE_EXEC_REG_MOD @ step 1311: 3 failures, 2930ms, outcome: REJECTED, exit: 101 [proof:GENERATED] G=memory
       r=0.093  T_new=0.00 F_new=0.39 F_rare=0.85 U=0 Q=0.31 Q_l=0.37 Q_g=0.85 dl=3 dg=1
       Value: 0x00000000 -> 0x095C7FB7
       Register: x12 (a2), READ, strategy=next_read
       zkVM errors (1 lines):
         • [prover_impl.rs:280] verify segment (internal proof verification failed)
       Local constraints hit (3 unique):
         - IsRead@mem.zir:79
           cycle=17955, step=1311, pc=0x002035DC, major=1, minor=2
         - IsRead@mem.zir:80
           cycle=17955, step=1311, pc=0x002035DC, major=1, minor=2
         - MemoryWrite@mem.zir:99
           cycle=17955, step=1311, pc=0x002035DC, major=1, minor=2
       Global: memory permutation violated
         x12/a2: wrote 0x095c7fb7, expected 0x00000000 (cycle 35910)
  [122] ✓ LOAD_VAL_MOD @ step 1518: 2 failures, 2961ms, outcome: REJECTED, exit: 101 [proof:GENERATED] G=memory
       r=0.112  T_new=0.00 F_new=0.39 F_rare=0.68 U=0 Q=0.43 Q_l=0.51 Q_g=0.85 dl=2 dg=1
       Value: 0x00000083 -> 0x00010000
       Load destination: rd = x14 (a4)
       zkVM errors (1 lines):
         • [prover_impl.rs:280] verify segment (internal proof verification failed)
       Local constraints hit (2 unique):
         - MemoryWrite@mem.zir:100
           cycle=18162, step=1518, pc=0x002184C4, major=5, minor=3
         - MemoryWrite@mem.zir:99
           cycle=18162, step=1518, pc=0x002184C4, major=5, minor=3
       Global: memory permutation violated
         x14/a4: wrote 0x00010000, expected 0x00000083 (cycle 36325)
  [123] ✓ COMP_OUT_MOD @ step 29: 1 failures, 2953ms, outcome: REJECTED, exit: 101 [proof:GENERATED] G=memory
       r=0.236  T_new=0.00 F_new=0.63 F_rare=1.00 U=0 Q=0.61 Q_l=0.72 Q_g=0.85 dl=1 dg=1
       Value: 0x00221000 -> 0x00221002
       Destination: rd = x10 (a0)
       zkVM errors (1 lines):
         • [prover_impl.rs:280] verify segment (internal proof verification failed)
       Local constraints hit (1 unique):
         - MemoryWrite@mem.zir:99
           cycle=16602, step=29, pc=0x00203F60, major=2, minor=5
       Global: memory permutation violated
         x10/a0: wrote 0x00221002, expected 0x00221000 (cycle 33205)
  [124] ✓ PRE_EXEC_REG_MOD @ step 323: 4 failures, 2943ms, outcome: REJECTED, exit: 101 [proof:GENERATED] G=memory
       r=0.063  T_new=0.00 F_new=0.39 F_rare=0.79 U=0 Q=0.22 Q_l=0.26 Q_g=0.85 dl=4 dg=1
       Value: 0x00200360 -> 0x860FD81E
       Register: x2 (sp), READ, strategy=next_read
       zkVM errors (1 lines):
         • [prover_impl.rs:280] verify segment (internal proof verification failed)
       Local constraints hit (4 unique):
         - IsRead@mem.zir:79
           cycle=16908, step=323, pc=0x00200884, major=0, minor=7
         - IsRead@mem.zir:80
           cycle=16908, step=323, pc=0x00200884, major=0, minor=7
         - MemoryWrite@mem.zir:100
           cycle=16908, step=323, pc=0x00200884, major=0, minor=7
         - MemoryWrite@mem.zir:99
           cycle=16908, step=323, pc=0x00200884, major=0, minor=7
       Global: memory permutation violated
         x2/sp: wrote 0x860fd81e, expected 0x00200360 (cycle 33816)
  [125] ✓ STORE_OUT_MOD @ step 476: 2 failures, 2946ms, outcome: REJECTED, exit: 101 [proof:GENERATED] G=memory
       r=0.107  T_new=0.00 F_new=0.39 F_rare=0.63 U=0 Q=0.43 Q_l=0.51 Q_g=0.85 dl=2 dg=1
       Value: 0x00000000 -> 0x6BD487FF
       Store address: 0x0020036c
       zkVM errors (1 lines):
         • [prover_impl.rs:280] verify segment (internal proof verification failed)
       Local constraints hit (2 unique):
         - MemoryWrite@mem.zir:100
           cycle=17073, step=476, pc=0x002008E8, major=6, minor=2
         - MemoryWrite@mem.zir:99
           cycle=17073, step=476, pc=0x002008E8, major=6, minor=2
       Global: memory permutation violated
         0x0020036C (data): wrote 0x6bd487ff, expected 0x00000000 (cycle 34147)
  [126] ✓ PRE_EXEC_REG_MOD @ step 0: 9 failures, 2948ms, outcome: REJECTED, exit: 101 [proof:GENERATED] G=memory
       r=0.130  T_new=0.00 F_new=0.39 F_rare=0.85 U=0 Q=0.43 Q_l=0.51 Q_g=0.85 dl=2 dg=1
       Value: 0x00000000 -> 0x00000010
       Register: x19 (s3), READ, strategy=next_read
       zkVM errors (2 lines):
         • [prover_impl.rs:280] verify segment (internal proof verification failed)
         • [kernels/cxx/buffers.h:43] SKIP THROW: Inconsistent set
       Local constraints hit (2 unique):
         - IsRead@mem.zir:79
           cycle=15987, step=0, pc=0x00000000, major=9, minor=2
         - PoseidonCheckOut@inst_p2.zir:265 (x8)
           cycle=16247, step=0, pc=0x00000000, major=9, minor=5
       Global: memory permutation violated
         x19/s3: wrote 0x00000010, expected 0x00000000 (cycle 31974)
  [127] ✓ INSTR_TYPE_MOD @ step 1180: 9 failures, 2949ms, outcome: REJECTED, exit: 101 [proof:GENERATED] G=memory
       r=0.006  T_new=0.00 F_new=0.99 F_rare=1.00 U=0 Q=0.01 Q_l=0.05 Q_g=0.26 dl=9 dg=8
       Value: 0x00000007 -> 0x00010006
       Original: AddI [major=0, minor=7]
       Mutated:  Bne [major=1, minor=6]
       zkVM errors (3 lines):
         • [prover_impl.rs:280] verify segment (internal proof verification failed)
         • [ffi.cpp:113] address mismatch at cycle 17824: preflight=0x3fffc02a, actual=0x3fffc060
         • [kernels/cxx/ffi.cpp:208] SKIP THROW: memory peek not in preflight
       Local constraints hit (5 unique):
         - DecodeInst@inst.zir:29 (x3)
           cycle=17825, step=1181, pc=0x00208CD4, major=0, minor=7
         - MemoryWrite@mem.zir:100
           cycle=17824, step=1180, pc=0x00208CD0, major=1, minor=6
         - MemoryWrite@mem.zir:99 (x3)
           cycle=17824, step=1180, pc=0x00208CD0, major=1, minor=6
         - VerifyOpcodeF3@inst.zir:96
           cycle=17824, step=1180, pc=0x00208CD0, major=1, minor=6
         - VerifyOpcodeF3@inst.zir:97
           cycle=17824, step=1180, pc=0x00208CD0, major=1, minor=6
       Global: memory permutation violated
         x10/a0: unexpected write 0x00221000 (cycle 35648)
         0xFFFF0180 (data): expected write missing, needed 0x00221000 (cycle 35648)
         0x00208CD0 (code): unexpected write 0xfdf40593 (cycle 19738)
         0x00208CD4 (code): unexpected write 0x00001097 (cycle 19738)
         0x00208CD8 (code): unexpected write 0xf54080e7 (cycle 19738)
         0x002090D4 (code): expected write missing, needed 0xfdf40593 (cycle 19738)
         0x002090D8 (code): expected write missing, needed 0x00001097 (cycle 19738)
         0x002090DC (code): expected write missing, needed 0xf54080e7 (cycle 19738)
  [128] ✓ INSTR_TYPE_MOD @ step 931: 3 failures, 2945ms, outcome: REJECTED, exit: 101 [proof:GENERATED] G=memory
       r=0.033  T_new=0.00 F_new=0.99 F_rare=1.00 U=0 Q=0.07 Q_l=0.37 Q_g=0.19 dl=3 dg=10
       Value: 0x00010005 -> 0x00000007
       Original: Beq [major=1, minor=5]
       Mutated:  AddI [major=0, minor=7]
       zkVM errors (3 lines):
         • [prover_impl.rs:280] verify segment (internal proof verification failed)
         • [ffi.cpp:113] address mismatch at cycle 17565: preflight=0x00080c78, actual=0x00080c71
         • [kernels/cxx/buffers.h:43] SKIP THROW: Inconsistent set
       Local constraints hit (2 unique):
         - MemoryWrite@mem.zir:99 (x2)
           cycle=17564, step=931, pc=0x002031E0, major=0, minor=7
         - VerifyOpcodeF3@inst.zir:96
           cycle=17564, step=931, pc=0x002031E0, major=0, minor=7
       Global: memory permutation violated (14 addrs: 14 code)
         + 14 code addresses diverged (instruction fetch cascade)
  [129] ✓ LOAD_VAL_MOD @ step 2571: 2 failures, 2944ms, outcome: REJECTED, exit: 101 [proof:GENERATED] G=memory
       r=0.111  T_new=0.00 F_new=0.39 F_rare=0.67 U=0 Q=0.43 Q_l=0.51 Q_g=0.85 dl=2 dg=1
       Value: 0x000000AF -> 0xFFFFFF50
       Load destination: rd = x14 (a4)
       zkVM errors (1 lines):
         • [prover_impl.rs:280] verify segment (internal proof verification failed)
       Local constraints hit (2 unique):
         - MemoryWrite@mem.zir:100
           cycle=19299, step=2571, pc=0x00201518, major=5, minor=3
         - MemoryWrite@mem.zir:99
           cycle=19299, step=2571, pc=0x00201518, major=5, minor=3
       Global: memory permutation violated
         x14/a4: wrote 0xffffff50, expected 0x000000af (cycle 38599)
  [130] ✓ INSTR_WORD_MOD_SUR @ step 2710: 1 failures, 2970ms, outcome: REJECTED, exit: 101 [proof:GENERATED] G=memory
       r=0.163  T_new=0.00 F_new=0.39 F_rare=0.72 U=0 Q=0.61 Q_l=0.72 Q_g=0.85 dl=1 dg=1
       Value: 0x08A12623 -> 0x08A12617
       Surgical: opcode = 35 -> 23
       Original: SW x10, 140(x2)
       Mutated:  AUIPC x12, 0x8a12000
       zkVM errors (1 lines):
         • [prover_impl.rs:280] verify segment (internal proof verification failed)
       Local constraints hit (1 unique):
         - VerifyOpcodeF3@inst.zir:96
           cycle=19438, step=2710, pc=0x00201654, major=6, minor=2
       Global: memory permutation violated
         0x00201650 (code): wrote 0x08a12623, expected 0x08a12617 (cycle 7098)
  [131] ✓ LOAD_VAL_MOD @ step 2821: 1 failures, 2939ms, outcome: REJECTED, exit: 101 [proof:GENERATED] G=memory
       r=0.153  T_new=0.00 F_new=0.39 F_rare=0.66 U=0 Q=0.61 Q_l=0.72 Q_g=0.85 dl=1 dg=1
       Value: 0x00000000 -> 0x01000000
       Load destination: rd = x10 (a0)
       zkVM errors (1 lines):
         • [prover_impl.rs:280] verify segment (internal proof verification failed)
       Local constraints hit (1 unique):
         - MemoryWrite@mem.zir:100
           cycle=19549, step=2821, pc=0x00203B84, major=5, minor=2
       Global: memory permutation violated
         x10/a0: wrote 0x01000000, expected 0x00000000 (cycle 39099)
  [132] ✓ LOAD_VAL_MOD @ step 3683: 2 failures, 2920ms, outcome: REJECTED, exit: 101 [proof:GENERATED] G=memory
       r=0.184  T_new=0.00 F_new=0.78 F_rare=1.00 U=0 Q=0.43 Q_l=0.51 Q_g=0.85 dl=2 dg=1
       Value: 0x00000000 -> 0xC50E9482
       Load destination: rd = x15 (a5)
       zkVM errors (1 lines):
         • [prover_impl.rs:280] verify segment (internal proof verification failed)
       Local constraints hit (2 unique):
         - MemoryWrite@mem.zir:100
           cycle=20559, step=3683, pc=0x002035EC, major=5, minor=0
         - MemoryWrite@mem.zir:99
           cycle=20559, step=3683, pc=0x002035EC, major=5, minor=0
       Global: memory permutation violated
         x15/a5: wrote 0xc50e9482, expected 0x00000000 (cycle 41119)
  [133] ✓ INSTR_WORD_MOD_SUR @ step 2125: 0 failures, 2938ms, outcome: REJECTED, exit: 101 [proof:GENERATED] G=memory[GO]
       r=0.257  T_new=0.00 F_new=0.78 F_rare=1.00 U=0 Q=0.61 Q_l=1.00 Q_g=0.61 dl=0 dg=3
       Value: 0xFFF58693 -> 0xFFFA0693
       Surgical: rs1 = 11 -> 20
       Original: ADDI x13, x11, -1
       Mutated:  ADDI x13, x20, -1
       zkVM errors (3 lines):
         • [prover_impl.rs:280] verify segment (internal proof verification failed)
         • [ffi.cpp:113] address mismatch at cycle 18779: preflight=0x3fffc02b, actual=0x3fffc034
         • [kernels/cxx/ffi.cpp:208] SKIP THROW: memory peek not in preflight
       Global: memory permutation violated [GLOBAL-ONLY]
         x11/a1: unexpected write 0x00000004 (cycle 37557)
         x20/s4: expected write missing, needed 0x00000004 (cycle 37557)
         0x00205E00 (code): wrote 0xfff58693, expected 0xfffa0693 (cycle 17362)
  [134] ✓ INSTR_WORD_MOD_FULL @ step 1160: 0 failures, 2952ms, outcome: REJECTED, exit: 101 [proof:GENERATED] G=memory[GO]
       r=0.257  T_new=0.00 F_new=0.78 F_rare=1.00 U=0 Q=0.61 Q_l=1.00 Q_g=0.61 dl=0 dg=3
       Value: 0x00054583 -> 0x80054583
       Original: LBU x11, 0(x10)
       Mutated:  LBU x11, -2048(x10)
       zkVM errors (3 lines):
         • [prover_impl.rs:280] verify segment (internal proof verification failed)
         • [ffi.cpp:113] address mismatch at cycle 17804: preflight=0x000800f3, actual=0x0007fef3
         • [kernels/cxx/ffi.cpp:208] SKIP THROW: memory peek not in preflight
       Global: memory permutation violated [GLOBAL-ONLY]
         0x001FFBCC (data): expected write missing, needed 0x01000000 (cycle 35557)
         0x002003CC (data): unexpected write 0x01000000 (cycle 35557)
         0x00209A50 (code): wrote 0x00054583, expected 0x80054583 (cycle 21266)
  [135] ✓ STORE_OUT_MOD @ step 2376: 2 failures, 2934ms, outcome: REJECTED, exit: 101 [proof:GENERATED] G=memory
       r=0.106  T_new=0.00 F_new=0.39 F_rare=0.62 U=0 Q=0.43 Q_l=0.51 Q_g=0.85 dl=2 dg=1
       Value: 0x00000000 -> 0x917EC95D
       Store address: 0x00200338
       zkVM errors (1 lines):
         • [prover_impl.rs:280] verify segment (internal proof verification failed)
       Local constraints hit (2 unique):
         - MemoryWrite@mem.zir:100
           cycle=19030, step=2376, pc=0x002032B8, major=6, minor=2
         - MemoryWrite@mem.zir:99
           cycle=19030, step=2376, pc=0x002032B8, major=6, minor=2
       Global: memory permutation violated
         0x00200338 (data): wrote 0x917ec95d, expected 0x00000000 (cycle 38061)
  [136] ✓ INSTR_WORD_MOD_FULL @ step 3072: 1 failures, 2988ms, outcome: REJECTED, exit: 101 [proof:GENERATED] G=memory
       r=0.162  T_new=0.00 F_new=0.39 F_rare=0.72 U=0 Q=0.61 Q_l=0.72 Q_g=0.85 dl=1 dg=1
       Value: 0x10170713 -> 0x10170703
       Original: ADDI x14, x14, 257
       Mutated:  LB x14, 257(x14)
       zkVM errors (1 lines):
         • [prover_impl.rs:280] verify segment (internal proof verification failed)
       Local constraints hit (1 unique):
         - VerifyOpcodeF3@inst.zir:96
           cycle=19800, step=3072, pc=0x0020325C, major=0, minor=7
       Global: memory permutation violated
         0x00203258 (code): wrote 0x10170713, expected 0x10170703 (cycle 38014)
  [137] ✓ INSTR_WORD_MOD_FULL @ step 2043: 0 failures, 2934ms, outcome: REJECTED, exit: 101 [proof:GENERATED] G=memory[GO]
       r=0.090  T_new=0.00 F_new=0.99 F_rare=1.00 U=0 Q=0.19 Q_l=1.00 Q_g=0.19 dl=0 dg=10
       Value: 0x0DC0006F -> 0x0DC0106F
       Original: JAL x0, 220
       Mutated:  JAL x0, 4316
       zkVM errors (3 lines):
         • [prover_impl.rs:280] verify segment (internal proof verification failed)
         • [ffi.cpp:113] address mismatch at cycle 18693: preflight=0x3000004d, actual=0x3000044d
         • [kernels/cxx/buffers.h:43] SKIP THROW: Inconsistent set
       Global: memory permutation violated (25 addrs: 25 data) [GLOBAL-ONLY]
         0xC0000058 (data): wrote 0x0dc0006f, expected 0x0dc0106f (cycle 36974)
         0xC0000134 (data): unexpected write 0x00100893 (cycle 36976)
         0xC0000138 (data): unexpected write 0x03022503 (cycle 36978)
         + 22 more addresses
  [138] ✓ STORE_OUT_MOD @ step 2802: 2 failures, 2948ms, outcome: REJECTED, exit: 101 [proof:GENERATED] G=memory
       r=0.106  T_new=0.00 F_new=0.39 F_rare=0.62 U=0 Q=0.43 Q_l=0.51 Q_g=0.85 dl=2 dg=1
       Value: 0x00000000 -> 0xFFFFFFFE
       Store address: 0x00200264
       zkVM errors (1 lines):
         • [prover_impl.rs:280] verify segment (internal proof verification failed)
       Local constraints hit (2 unique):
         - MemoryWrite@mem.zir:100
           cycle=19530, step=2802, pc=0x00203880, major=6, minor=2
         - MemoryWrite@mem.zir:99
           cycle=19530, step=2802, pc=0x00203880, major=6, minor=2
       Global: memory permutation violated
         0x00200264 (data): wrote 0xfffffffe, expected 0x00000000 (cycle 39061)
  [139] 💥 INSTR_TYPE_MOD @ step 1537: 0 failures, 494ms, outcome: CRASH, exit: -11 [proof:NOT_GENERATED]
       r=0.000  T_new=0.00 F_new=0.00 F_rare=0.00 U=0 Q=0.00 Q_l=0.00 Q_g=1.00 dl=0 dg=0
       Value: 0x00010006 -> 0x00050006
       Original: Bne [major=1, minor=6]
       Mutated:  Unknown(5,6) [major=5, minor=6] ⚠INVALID
       No constraint failures (mutation may have been ineffective)
  [140] ✓ INSTR_TYPE_MOD @ step 1811: 3 failures, 2929ms, outcome: REJECTED, exit: 101 [proof:GENERATED]
       r=0.143  T_new=0.00 F_new=0.63 F_rare=1.00 U=0 Q=0.37 Q_l=0.37 Q_g=1.00 dl=3 dg=0
       Value: 0x00000007 -> 0x00030001
       Original: AddI [major=0, minor=7]
       Mutated:  SllI [major=3, minor=1]
       zkVM errors (1 lines):
         • [prover_impl.rs:280] verify segment (internal proof verification failed)
       Local constraints hit (3 unique):
         - MemoryWrite@mem.zir:100
           cycle=18455, step=1811, pc=0x002184D4, major=3, minor=1
         - MemoryWrite@mem.zir:99
           cycle=18455, step=1811, pc=0x002184D4, major=3, minor=1
         - VerifyOpcodeF3F7@inst.zir:103
           cycle=18455, step=1811, pc=0x002184D4, major=3, minor=1
       Global: no permutation/lookup violations (local-only)
  [141] ✓ LOAD_VAL_MOD @ step 1157: 2 failures, 2996ms, outcome: REJECTED, exit: 101 [proof:GENERATED] G=memory
       r=0.110  T_new=0.00 F_new=0.39 F_rare=0.66 U=0 Q=0.43 Q_l=0.51 Q_g=0.85 dl=2 dg=1
       Value: 0x002003CF -> 0x0EADB5FE
       Load destination: rd = x10 (a0)
       zkVM errors (1 lines):
         • [prover_impl.rs:280] verify segment (internal proof verification failed)
       Local constraints hit (2 unique):
         - MemoryWrite@mem.zir:100
           cycle=17801, step=1157, pc=0x00209A48, major=5, minor=2
         - MemoryWrite@mem.zir:99
           cycle=17801, step=1157, pc=0x00209A48, major=5, minor=2
       Global: memory permutation violated
         x10/a0: wrote 0x0eadb5fe, expected 0x002003cf (cycle 35603)
  [142] ✓ LOAD_VAL_MOD @ step 2603: 2 failures, 2979ms, outcome: REJECTED, exit: 101 [proof:GENERATED] G=memory
       r=0.110  T_new=0.00 F_new=0.39 F_rare=0.66 U=0 Q=0.43 Q_l=0.51 Q_g=0.85 dl=2 dg=1
       Value: 0x000000C3 -> 0x11C0A20C
       Load destination: rd = x13 (a3)
       zkVM errors (1 lines):
         • [prover_impl.rs:280] verify segment (internal proof verification failed)
       Local constraints hit (2 unique):
         - MemoryWrite@mem.zir:100
           cycle=19331, step=2603, pc=0x00201598, major=5, minor=3
         - MemoryWrite@mem.zir:99
           cycle=19331, step=2603, pc=0x00201598, major=5, minor=3
       Global: memory permutation violated
         x13/a3: wrote 0x11c0a20c, expected 0x000000c3 (cycle 38663)
  [143] ✓ STORE_OUT_MOD @ step 1648: 2 failures, 2985ms, outcome: REJECTED, exit: 101 [proof:GENERATED] G=memory
       r=0.106  T_new=0.00 F_new=0.39 F_rare=0.62 U=0 Q=0.43 Q_l=0.51 Q_g=0.85 dl=2 dg=1
       Value: 0x00000000 -> 0xC50E1A48
       Store address: 0x002000cc
       zkVM errors (1 lines):
         • [prover_impl.rs:280] verify segment (internal proof verification failed)
       Local constraints hit (2 unique):
         - MemoryWrite@mem.zir:100
           cycle=18292, step=1648, pc=0x0020AF04, major=6, minor=2
         - MemoryWrite@mem.zir:99
           cycle=18292, step=1648, pc=0x0020AF04, major=6, minor=2
       Global: memory permutation violated
         0x002000CC (data): wrote 0xc50e1a48, expected 0x00000000 (cycle 36585)
  [144] ✓ STORE_OUT_MOD @ step 237: 2 failures, 2951ms, outcome: REJECTED, exit: 101 [proof:GENERATED] G=memory
       r=0.105  T_new=0.00 F_new=0.39 F_rare=0.61 U=0 Q=0.43 Q_l=0.51 Q_g=0.85 dl=2 dg=1
       Value: 0x00000000 -> 0x938D4F09
       Store address: 0x00200380
       zkVM errors (1 lines):
         • [prover_impl.rs:280] verify segment (internal proof verification failed)
       Local constraints hit (2 unique):
         - MemoryWrite@mem.zir:100
           cycle=16816, step=237, pc=0x00200824, major=6, minor=2
         - MemoryWrite@mem.zir:99
           cycle=16816, step=237, pc=0x00200824, major=6, minor=2
       Global: memory permutation violated
         0x00200380 (data): wrote 0x938d4f09, expected 0x00000000 (cycle 33633)
  [145] ✓ INSTR_WORD_MOD_FULL @ step 2495: 14 failures, 2939ms, outcome: REJECTED, exit: 101 [proof:GENERATED] [+1 new] G=memory
       r=0.003  T_new=0.00 F_new=1.00 F_rare=1.00 U=0 Q=0.01 Q_l=0.04 Q_g=0.19 dl=10 dg=10
       Value: 0x08D88863 -> 0x2C024FB7
       Original: BEQ x17, x13, 144
       Mutated:  LUI x31, 0x2c024000
       Format changed: B -> U
       zkVM errors (3 lines):
         • [prover_impl.rs:280] verify segment (internal proof verification failed)
         • [ffi.cpp:113] address mismatch at cycle 19149: preflight=0x3fffc011, actual=0x3fffc004
         • [kernels/cxx/ffi.cpp:208] SKIP THROW: memory peek not in preflight
       Local constraints hit (5 unique):
         - DecodeInst@inst.zir:29 (x10)
           cycle=19150, step=2496, pc=0xC0000534, major=0, minor=7
         - ECall0@inst_ecall.zir:203
           cycle=19157, step=2503, pc=0xC0000554, major=8, minor=0
         - MemoryWrite@mem.zir:99
           cycle=19233, step=2505, pc=0xC000018C, major=2, minor=4
         - VerifyOpcodeF3@inst.zir:96
           cycle=19149, step=2495, pc=0xC0000530, major=1, minor=5
         - VerifyOpcodeF3@inst.zir:97
           cycle=19149, step=2495, pc=0xC0000530, major=1, minor=5
       Global: memory permutation violated (27 addrs: 27 data)
         0xC00004A0 (data): wrote 0x08d88863, expected 0x2c024fb7 (cycle 30666)
         0xC0000530 (data): unexpected write 0x00a00513 (cycle 30746)
         0xC0000534 (data): unexpected write 0x00078693 (cycle 30746)
         + 24 more addresses
  [146] ✓ STORE_OUT_MOD @ step 2361: 2 failures, 2924ms, outcome: REJECTED, exit: 101 [proof:GENERATED] G=memory
       r=0.105  T_new=0.00 F_new=0.39 F_rare=0.61 U=0 Q=0.43 Q_l=0.51 Q_g=0.85 dl=2 dg=1
       Value: 0x00000000 -> 0xA24B3E9C
       Store address: 0x0020033c
       zkVM errors (1 lines):
         • [prover_impl.rs:280] verify segment (internal proof verification failed)
       Local constraints hit (2 unique):
         - MemoryWrite@mem.zir:100
           cycle=19015, step=2361, pc=0x0020327C, major=6, minor=2
         - MemoryWrite@mem.zir:99
           cycle=19015, step=2361, pc=0x0020327C, major=6, minor=2
       Global: memory permutation violated
         0x0020033C (data): wrote 0xa24b3e9c, expected 0x00000000 (cycle 38031)
  [147] ✓ COMP_OUT_MOD @ step 1093: 2 failures, 2931ms, outcome: REJECTED, exit: 101 [proof:GENERATED] G=memory
       r=0.169  T_new=0.00 F_new=0.63 F_rare=1.00 U=0 Q=0.43 Q_l=0.51 Q_g=0.85 dl=2 dg=1
       Value: 0x00221000 -> 0xEBFDE304
       Destination: rd = x18 (s2)
       zkVM errors (1 lines):
         • [prover_impl.rs:280] verify segment (internal proof verification failed)
       Local constraints hit (2 unique):
         - MemoryWrite@mem.zir:100
           cycle=17737, step=1093, pc=0x00200BE4, major=2, minor=5
         - MemoryWrite@mem.zir:99
           cycle=17737, step=1093, pc=0x00200BE4, major=2, minor=5
       Global: memory permutation violated
         x18/s2: wrote 0xebfde304, expected 0x00221000 (cycle 35475)
  [148] ✓ PRE_EXEC_REG_MOD @ step 1352: 1 failures, 2910ms, outcome: REJECTED, exit: 101 [proof:GENERATED] G=memory
       r=0.166  T_new=0.00 F_new=0.39 F_rare=0.75 U=0 Q=0.61 Q_l=0.72 Q_g=0.85 dl=1 dg=1
       Value: 0x00202C04 -> 0x00202C14
       Register: x1 (ra), READ, strategy=next_read
       zkVM errors (1 lines):
         • [prover_impl.rs:280] verify segment (internal proof verification failed)
       Local constraints hit (1 unique):
         - IsRead@mem.zir:79
           cycle=17996, step=1352, pc=0x002184CC, major=0, minor=7
       Global: memory permutation violated
         x1/ra: wrote 0x00202c14, expected 0x00202c04 (cycle 35992)
  [149] ✓ COMP_OUT_MOD @ step 3631: 2 failures, 2937ms, outcome: REJECTED, exit: 101 [proof:GENERATED] G=memory
       r=0.111  T_new=0.00 F_new=0.39 F_rare=0.67 U=0 Q=0.43 Q_l=0.51 Q_g=0.85 dl=2 dg=1
       Value: 0x00221610 -> 0xFFFFFFFE
       Destination: rd = x8 (s0/fp)
       zkVM errors (1 lines):
         • [prover_impl.rs:280] verify segment (internal proof verification failed)
       Local constraints hit (2 unique):
         - MemoryWrite@mem.zir:100
           cycle=20507, step=3631, pc=0x002056C8, major=0, minor=7
         - MemoryWrite@mem.zir:99
           cycle=20507, step=3631, pc=0x002056C8, major=0, minor=7
       Global: memory permutation violated
         x8/s0: wrote 0xfffffffe, expected 0x00221610 (cycle 41015)
  [150] ✓ STORE_OUT_MOD @ step 1330: 2 failures, 2949ms, outcome: REJECTED, exit: 101 [proof:GENERATED] G=memory
       r=0.105  T_new=0.00 F_new=0.39 F_rare=0.61 U=0 Q=0.43 Q_l=0.51 Q_g=0.85 dl=2 dg=1
       Value: 0x0022133C -> 0x0B87F71C
       Store address: 0x002001b4
       zkVM errors (1 lines):
         • [prover_impl.rs:280] verify segment (internal proof verification failed)
       Local constraints hit (2 unique):
         - MemoryWrite@mem.zir:100
           cycle=17974, step=1330, pc=0x00202BDC, major=6, minor=2
         - MemoryWrite@mem.zir:99
           cycle=17974, step=1330, pc=0x00202BDC, major=6, minor=2
       Global: memory permutation violated
         0x002001B4 (data): wrote 0x0b87f71c, expected 0x0022133c (cycle 35949)
  [151] ✓ MEM_VAL_MOD @ step 1282: 4 failures, 2958ms, outcome: REJECTED, exit: 101 [proof:GENERATED] G=memory
       r=0.061  T_new=0.00 F_new=0.39 F_rare=0.75 U=0 Q=0.22 Q_l=0.26 Q_g=0.85 dl=4 dg=1
       Value: 0x72F36E3C -> 0x2F3EAC30
       Transaction: load_mem_read (READ) at address 0x00221378
       zkVM errors (1 lines):
         • [prover_impl.rs:280] verify segment (internal proof verification failed)
       Local constraints hit (4 unique):
         - IsRead@mem.zir:79
           cycle=17926, step=1282, pc=0x00203420, major=5, minor=2
         - IsRead@mem.zir:80
           cycle=17926, step=1282, pc=0x00203420, major=5, minor=2
         - MemoryWrite@mem.zir:100
           cycle=17926, step=1282, pc=0x00203420, major=5, minor=2
         - MemoryWrite@mem.zir:99
           cycle=17926, step=1282, pc=0x00203420, major=5, minor=2
       Global: memory permutation violated
         0x00221378 (code): wrote 0x2f3eac30, expected 0x72f36e3c (cycle 35852)
  [152] ✓ LOAD_VAL_MOD @ step 1574: 2 failures, 2937ms, outcome: REJECTED, exit: 101 [proof:GENERATED] G=memory
       r=0.108  T_new=0.00 F_new=0.39 F_rare=0.64 U=0 Q=0.43 Q_l=0.51 Q_g=0.85 dl=2 dg=1
       Value: 0x00000000 -> 0xDAFB5FDF
       Load destination: rd = x20 (s4)
       zkVM errors (1 lines):
         • [prover_impl.rs:280] verify segment (internal proof verification failed)
       Local constraints hit (2 unique):
         - MemoryWrite@mem.zir:100
           cycle=18218, step=1574, pc=0x00202EBC, major=5, minor=2
         - MemoryWrite@mem.zir:99
           cycle=18218, step=1574, pc=0x00202EBC, major=5, minor=2
       Global: memory permutation violated
         x20/s4: wrote 0xdafb5fdf, expected 0x00000000 (cycle 36437)
  [153] ✓ MEM_VAL_MOD @ step 595: 4 failures, 2936ms, outcome: REJECTED, exit: 101 [proof:GENERATED] G=memory
       r=0.099  T_new=0.00 F_new=0.86 F_rare=1.00 U=0 Q=0.22 Q_l=0.26 Q_g=0.85 dl=4 dg=1
       Value: 0xC0000050 -> 0x3FFFFFAF
       Transaction: other_mem_read (READ) at address 0xffff0024
       zkVM errors (1 lines):
         • [prover_impl.rs:280] verify segment (internal proof verification failed)
       Local constraints hit (4 unique):
         - IsRead@mem.zir:79
           cycle=17198, step=595, pc=0xC0000080, major=0, minor=0
         - IsRead@mem.zir:80
           cycle=17198, step=595, pc=0xC0000080, major=0, minor=0
         - MemoryWrite@mem.zir:100
           cycle=17198, step=595, pc=0xC0000080, major=0, minor=0
         - MemoryWrite@mem.zir:99
           cycle=17198, step=595, pc=0xC0000080, major=0, minor=0
       Global: memory permutation violated
         0xFFFF0024 (data): wrote 0x3fffffaf, expected 0xc0000050 (cycle 34396)
  [154] ✓ INSTR_WORD_MOD_SUR @ step 2429: 2 failures, 2992ms, outcome: REJECTED, exit: 101 [proof:GENERATED] G=memory
       r=0.102  T_new=0.00 F_new=0.92 F_rare=1.00 U=0 Q=0.22 Q_l=0.51 Q_g=0.43 dl=2 dg=5
       Value: 0x00013097 -> 0x956F6097
       Surgical: imm = 77824 -> 2507104256
       Original: AUIPC x1, 0x13000
       Mutated:  AUIPC x1, 0x956f6000
       zkVM errors (3 lines):
         • [prover_impl.rs:280] verify segment (internal proof verification failed)
         • [ffi.cpp:113] address mismatch at cycle 19083: preflight=0x3fffc022, actual=0x3fffc03e
         • [kernels/cxx/ffi.cpp:208] SKIP THROW: memory peek not in preflight
       Local constraints hit (2 unique):
         - MemoryWrite@mem.zir:100
           cycle=19083, step=2429, pc=0x00205588, major=2, minor=6
         - MemoryWrite@mem.zir:99
           cycle=19083, step=2429, pc=0x00205588, major=2, minor=6
       Global: memory permutation violated
         x0/zero: unexpected write 0x00000000 (cycle 38164)
         x2/sp: unexpected write 0x002002e0 (cycle 38154)
         x22/s6: expected write missing, needed 0x00000000 (cycle 38164)
         x30/t5: expected write missing, needed 0x002002e0 (cycle 38154)
         0x00205584 (code): wrote 0x00013097, expected 0x956f6097 (cycle 15994)
  [155] ✓ MEM_VAL_MOD @ step 0: 10 failures, 2994ms, outcome: REJECTED, exit: 101 [proof:GENERATED] G=memory
       r=0.093  T_new=0.00 F_new=0.39 F_rare=0.85 U=0 Q=0.31 Q_l=0.37 Q_g=0.85 dl=3 dg=1
       Value: 0x20736120 -> 0xDF8C9EE0
       Transaction: other_mem_read (READ) at address 0x0021ae38
       zkVM errors (2 lines):
         • [prover_impl.rs:280] verify segment (internal proof verification failed)
         • [kernels/cxx/buffers.h:43] SKIP THROW: Inconsistent set
       Local constraints hit (3 unique):
         - IsRead@mem.zir:79
           cycle=13521, step=0, pc=0x00000000, major=9, minor=2
         - IsRead@mem.zir:80
           cycle=13521, step=0, pc=0x00000000, major=9, minor=2
         - PoseidonCheckOut@inst_p2.zir:265 (x8)
           cycle=13671, step=0, pc=0x00000000, major=9, minor=5
       Global: memory permutation violated
         0x0021AE38 (code): wrote 0xdf8c9ee0, expected 0x20736120 (cycle 27042)
  [156] ✓ INSTR_WORD_MOD_SUR @ step 297: 1 failures, 2978ms, outcome: REJECTED, exit: 101 [proof:GENERATED] G=memory
       r=0.236  T_new=0.00 F_new=0.63 F_rare=1.00 U=0 Q=0.61 Q_l=0.72 Q_g=0.85 dl=1 dg=1
       Value: 0x40A30333 -> 0x02A30333
       Surgical: funct7 = 32 -> 1
       Original: SUB x6, x6, x10
       Mutated:  ADD x6, x6, x10
       zkVM errors (1 lines):
         • [prover_impl.rs:280] verify segment (internal proof verification failed)
       Local constraints hit (1 unique):
         - VerifyOpcodeF3F7@inst.zir:104
           cycle=16882, step=297, pc=0x002061B0, major=0, minor=1
       Global: memory permutation violated
         0x002061AC (code): wrote 0x40a30333, expected 0x02a30333 (cycle 17946)
  [157] ✓ PRE_EXEC_REG_MOD @ step 845: 4 failures, 2983ms, outcome: REJECTED, exit: 101 [proof:GENERATED] G=memory
       r=0.102  T_new=0.00 F_new=0.92 F_rare=1.00 U=0 Q=0.22 Q_l=0.26 Q_g=0.85 dl=4 dg=1
       Value: 0x00000004 -> 0xF7F749F7
       Register: x10 (a0), READ, strategy=next_read
       zkVM errors (1 lines):
         • [prover_impl.rs:280] verify segment (internal proof verification failed)
       Local constraints hit (4 unique):
         - IsRead@mem.zir:79
           cycle=17472, step=845, pc=0x002061B0, major=0, minor=1
         - IsRead@mem.zir:80
           cycle=17472, step=845, pc=0x002061B0, major=0, minor=1
         - MemoryWrite@mem.zir:100
           cycle=17472, step=845, pc=0x002061B0, major=0, minor=1
         - MemoryWrite@mem.zir:99
           cycle=17472, step=845, pc=0x002061B0, major=0, minor=1
       Global: memory permutation violated
         x10/a0: wrote 0xf7f749f7, expected 0x00000004 (cycle 34944)
  [158] ✓ STORE_OUT_MOD @ step 1249: 2 failures, 3006ms, outcome: REJECTED, exit: 101 [proof:GENERATED] G=memory
       r=0.104  T_new=0.00 F_new=0.39 F_rare=0.61 U=0 Q=0.43 Q_l=0.51 Q_g=0.85 dl=2 dg=1
       Value: 0x80000000 -> 0x00000010
       Store address: 0x00221360
       zkVM errors (1 lines):
         • [prover_impl.rs:280] verify segment (internal proof verification failed)
       Local constraints hit (2 unique):
         - MemoryWrite@mem.zir:100
           cycle=17893, step=1249, pc=0x00201248, major=6, minor=2
         - MemoryWrite@mem.zir:99
           cycle=17893, step=1249, pc=0x00201248, major=6, minor=2
       Global: memory permutation violated
         0x00221360 (code): wrote 0x00000010, expected 0x80000000 (cycle 35787)
  [159] ✓ INSTR_WORD_MOD_FULL @ step 677: 0 failures, 3042ms, outcome: REJECTED, exit: 101 [proof:GENERATED] G=memory[GO]
       r=0.256  T_new=0.00 F_new=0.78 F_rare=1.00 U=0 Q=0.61 Q_l=1.00 Q_g=0.61 dl=0 dg=3
       Value: 0x03022503 -> 0x0302A503
       Original: LW x10, 48(x4)
       Mutated:  LW x10, 48(x5)
       zkVM errors (3 lines):
         • [prover_impl.rs:280] verify segment (internal proof verification failed)
         • [ffi.cpp:113] address mismatch at cycle 17286: preflight=0x3fffc004, actual=0x3fffc005
         • [kernels/cxx/ffi.cpp:208] SKIP THROW: memory peek not in preflight
       Global: memory permutation violated [GLOBAL-ONLY]
         0xC0000138 (data): wrote 0x03022503, expected 0x0302a503 (cycle 34404)
         0xFFFF0010 (data): unexpected write 0xffff0080 (cycle 34558)
         0xFFFF0014 (data): expected write missing, needed 0xffff0080 (cycle 34558)
  [160] ✓ INSTR_WORD_MOD_SUR @ step 1901: 1 failures, 2957ms, outcome: REJECTED, exit: 101 [proof:GENERATED] G=memory
       r=0.236  T_new=0.00 F_new=0.63 F_rare=1.00 U=0 Q=0.61 Q_l=0.72 Q_g=0.85 dl=1 dg=1
       Value: 0x000A8613 -> 0x000A9613
       Surgical: funct3 = 0 -> 1
       Original: ADDI x12, x21, 0
       Mutated:  SLLI x12, x21, 0
       zkVM errors (1 lines):
         • [prover_impl.rs:280] verify segment (internal proof verification failed)
       Local constraints hit (1 unique):
         - VerifyOpcodeF3@inst.zir:97
           cycle=18550, step=1901, pc=0x002096F0, major=0, minor=7
       Global: memory permutation violated
         0x002096EC (code): wrote 0x000a8613, expected 0x000a9613 (cycle 36644)
  [161] ✓ LOAD_VAL_MOD @ step 2590: 2 failures, 2928ms, outcome: REJECTED, exit: 101 [proof:GENERATED] G=memory
       r=0.109  T_new=0.00 F_new=0.39 F_rare=0.65 U=0 Q=0.43 Q_l=0.51 Q_g=0.85 dl=2 dg=1
       Value: 0x0000000A -> 0xEC520389
       Load destination: rd = x11 (a1)
       zkVM errors (1 lines):
         • [prover_impl.rs:280] verify segment (internal proof verification failed)
       Local constraints hit (2 unique):
         - MemoryWrite@mem.zir:100
           cycle=19318, step=2590, pc=0x00201564, major=5, minor=3
         - MemoryWrite@mem.zir:99
           cycle=19318, step=2590, pc=0x00201564, major=5, minor=3
       Global: memory permutation violated
         x11/a1: wrote 0xec520389, expected 0x0000000a (cycle 38637)
  [162] ✓ INSTR_TYPE_MOD @ step 1075: 7 failures, 2941ms, outcome: REJECTED, exit: 101 [proof:GENERATED] [+32 touch] G=memory
       r=0.024  T_new=0.60 F_new=1.00 F_rare=1.00 U=0 Q=0.04 Q_l=0.10 Q_g=0.37 dl=7 dg=6
       Value: 0x00030001 -> 0x00010009
       Original: SllI [major=3, minor=1]
       Mutated:  BltU [major=1, minor=9] ⚠INVALID
       zkVM errors (3 lines):
         • [prover_impl.rs:280] verify segment (internal proof verification failed)
         • [ffi.cpp:113] address mismatch at cycle 17714: preflight=0x3fffc00a, actual=0x3fffc040
         • [kernels/cxx/ffi.cpp:208] SKIP THROW: memory peek not in preflight
       Local constraints hit (5 unique):
         - AddrDecompose@u32.zir:67 (x2)
           cycle=17715, step=1076, pc=0xC0000080, major=0, minor=0
         - MemoryWrite@mem.zir:100
           cycle=17716, step=1077, pc=0xC0000058, major=2, minor=4
         - MemoryWrite@mem.zir:99 (x2)
           cycle=17714, step=1075, pc=0xC000007C, major=1, minor=9
         - OneHot@one_hot.zir:11
           cycle=17714, step=1075, pc=0xC000007C, major=1, minor=9
         - OneHot@one_hot.zir:9
           cycle=17714, step=1075, pc=0xC000007C, major=1, minor=9
       Global: memory permutation violated
         0x00000000 (data): expected write missing, needed 0x00a485b3 (cycle 35238)
         0x00000004 (data): expected write missing, needed 0x00058067 (cycle 35240)
         0xC000007C (data): unexpected write 0x00a485b3 (cycle 35238)
         0xC0000080 (data): unexpected write 0x00058067 (cycle 35240)
         0xFFFF0028 (data): unexpected write 0x00000002 (cycle 35428)
         0xFFFF0100 (data): expected write missing, needed 0x00000002 (cycle 35428)
  [163] ✓ INSTR_WORD_MOD_FULL @ step 1530: 1 failures, 2946ms, outcome: REJECTED, exit: 101 [proof:GENERATED] G=memory
       r=0.064  T_new=0.00 F_new=0.99 F_rare=1.00 U=0 Q=0.14 Q_l=0.72 Q_g=0.19 dl=1 dg=10
       Value: 0xFE0614E3 -> 0xFE0616E3
       Original: BNE x12, x0, -24
       Mutated:  BNE x12, x0, -20
       zkVM errors (3 lines):
         • [prover_impl.rs:280] verify segment (internal proof verification failed)
         • [ffi.cpp:113] address mismatch at cycle 18175: preflight=0x0008612f, actual=0x00086130
         • [kernels/cxx/buffers.h:43] SKIP THROW: Inconsistent set
       Local constraints hit (1 unique):
         - MemoryWrite@mem.zir:99
           cycle=18211, step=1567, pc=0x00202C04, major=2, minor=4
       Global: memory permutation violated (10 addrs: 10 code)
         + 10 code addresses diverged (instruction fetch cascade)
  [164] ✓ STORE_OUT_MOD @ step 62: 2 failures, 2942ms, outcome: REJECTED, exit: 101 [proof:GENERATED] G=memory
       r=0.130  T_new=0.00 F_new=0.39 F_rare=0.85 U=0 Q=0.43 Q_l=0.51 Q_g=0.85 dl=2 dg=1
       Value: 0x00000000 -> 0xA7DF26F1
       Store address: 0x002213ac
       zkVM errors (1 lines):
         • [prover_impl.rs:280] verify segment (internal proof verification failed)
       Local constraints hit (2 unique):
         - MemoryWrite@mem.zir:100
           cycle=16635, step=62, pc=0x00203230, major=6, minor=0
         - MemoryWrite@mem.zir:99
           cycle=16635, step=62, pc=0x00203230, major=6, minor=0
       Global: memory permutation violated
         0x002213AC (code): wrote 0xa7df26f1, expected 0x00000000 (cycle 33271)
  [165] ✓ STORE_OUT_MOD @ step 643: 2 failures, 2939ms, outcome: REJECTED, exit: 101 [proof:GENERATED] G=memory
       r=0.104  T_new=0.00 F_new=0.39 F_rare=0.60 U=0 Q=0.43 Q_l=0.51 Q_g=0.85 dl=2 dg=1
       Value: 0x00000001 -> 0x436DD03F
       Store address: 0x00200358
       zkVM errors (1 lines):
         • [prover_impl.rs:280] verify segment (internal proof verification failed)
       Local constraints hit (2 unique):
         - MemoryWrite@mem.zir:100
           cycle=17252, step=643, pc=0x00203194, major=6, minor=2
         - MemoryWrite@mem.zir:99
           cycle=17252, step=643, pc=0x00203194, major=6, minor=2
       Global: memory permutation violated
         0x00200358 (data): wrote 0x436dd03f, expected 0x00000001 (cycle 34505)
  [166] ✓ MEM_VAL_MOD @ step 1977: 2 failures, 2929ms, outcome: REJECTED, exit: 101 [proof:GENERATED] G=memory
       r=0.123  T_new=0.00 F_new=0.39 F_rare=0.79 U=0 Q=0.43 Q_l=0.51 Q_g=0.85 dl=2 dg=1
       Value: 0x00000000 -> 0x04613EA3
       Transaction: other_mem_write (WRITE) at address 0xffff0180
       zkVM errors (1 lines):
         • [prover_impl.rs:280] verify segment (internal proof verification failed)
       Local constraints hit (2 unique):
         - MemoryWrite@mem.zir:100
           cycle=18626, step=1977, pc=0x002184BC, major=1, minor=6
         - MemoryWrite@mem.zir:99
           cycle=18626, step=1977, pc=0x002184BC, major=1, minor=6
       Global: memory permutation violated
         0xFFFF0180 (data): wrote 0x04613ea3, expected 0x00000000 (cycle 37253)
  [167] ✓ STORE_OUT_MOD @ step 2792: 2 failures, 2935ms, outcome: REJECTED, exit: 101 [proof:GENERATED] G=memory
       r=0.104  T_new=0.00 F_new=0.39 F_rare=0.60 U=0 Q=0.43 Q_l=0.51 Q_g=0.85 dl=2 dg=1
       Value: 0x00000000 -> 0x20200152
       Store address: 0x0020026c
       zkVM errors (1 lines):
         • [prover_impl.rs:280] verify segment (internal proof verification failed)
       Local constraints hit (2 unique):
         - MemoryWrite@mem.zir:100
           cycle=19520, step=2792, pc=0x00203858, major=6, minor=2
         - MemoryWrite@mem.zir:99
           cycle=19520, step=2792, pc=0x00203858, major=6, minor=2
       Global: memory permutation violated
         0x0020026C (data): wrote 0x20200152, expected 0x00000000 (cycle 39041)
  [168] ✓ COMP_OUT_MOD @ step 546: 2 failures, 2951ms, outcome: REJECTED, exit: 101 [proof:GENERATED] G=memory
       r=0.110  T_new=0.00 F_new=0.39 F_rare=0.66 U=0 Q=0.43 Q_l=0.51 Q_g=0.85 dl=2 dg=1
       Value: 0x00200360 -> 0x4A4DD4C6
       Destination: rd = x2 (sp)
       zkVM errors (1 lines):
         • [prover_impl.rs:280] verify segment (internal proof verification failed)
       Local constraints hit (2 unique):
         - MemoryWrite@mem.zir:100
           cycle=17149, step=546, pc=0x002031F8, major=0, minor=7
         - MemoryWrite@mem.zir:99
           cycle=17149, step=546, pc=0x002031F8, major=0, minor=7
       Global: memory permutation violated
         x2/sp: wrote 0x4a4dd4c6, expected 0x00200360 (cycle 34299)
  [169] ✓ INSTR_WORD_MOD_SUR @ step 2373: 2 failures, 2949ms, outcome: REJECTED, exit: 101 [proof:GENERATED] G=memory
       r=0.142  T_new=0.00 F_new=0.92 F_rare=1.00 U=0 Q=0.31 Q_l=0.51 Q_g=0.61 dl=2 dg=3
       Value: 0x0187E793 -> 0xB867E793
       Surgical: imm = 24 -> 2950
       Original: ORI x15, x15, 24
       Mutated:  ORI x15, x15, -1146
       zkVM errors (3 lines):
         • [prover_impl.rs:280] verify segment (internal proof verification failed)
         • [ffi.cpp:113] address mismatch at cycle 19027: preflight=0x3fffc038, actual=0x3fffc026
         • [kernels/cxx/ffi.cpp:208] SKIP THROW: memory peek not in preflight
       Local constraints hit (2 unique):
         - MemoryWrite@mem.zir:100
           cycle=19027, step=2373, pc=0x002032AC, major=1, minor=1
         - MemoryWrite@mem.zir:99
           cycle=19027, step=2373, pc=0x002032AC, major=1, minor=1
       Global: memory permutation violated
         x6/t1: expected write missing, needed 0x00000000 (cycle 37936)
         x24/s8: unexpected write 0x00000000 (cycle 37936)
         0x002032A8 (code): wrote 0x0187e793, expected 0xb867e793 (cycle 33332)
  [170] ✓ INSTR_WORD_MOD_SUR @ step 468: 1 failures, 2952ms, outcome: REJECTED, exit: 101 [proof:GENERATED] G=memory
       r=0.159  T_new=0.00 F_new=0.39 F_rare=0.70 U=0 Q=0.61 Q_l=0.72 Q_g=0.85 dl=1 dg=1
       Value: 0x01010113 -> 0x01010137
       Surgical: opcode = 19 -> 55
       Original: ADDI x2, x2, 16
       Mutated:  LUI x2, 0x1010000
       zkVM errors (1 lines):
         • [prover_impl.rs:280] verify segment (internal proof verification failed)
       Local constraints hit (1 unique):
         - VerifyOpcodeF3@inst.zir:96
           cycle=17065, step=468, pc=0x002031F8, major=0, minor=7
       Global: memory permutation violated
         0x002031F4 (code): wrote 0x01010113, expected 0x01010137 (cycle 33962)
  [171] ✓ PRE_EXEC_REG_MOD @ step 1483: 3 failures, 2936ms, outcome: REJECTED, exit: 101 [proof:GENERATED] G=memory
       r=0.099  T_new=0.00 F_new=0.86 F_rare=1.00 U=0 Q=0.22 Q_l=0.37 Q_g=0.61 dl=3 dg=3
       Value: 0x00219E88 -> 0x00002000
       Register: x11 (a1), READ, strategy=next_read
       zkVM errors (3 lines):
         • [prover_impl.rs:280] verify segment (internal proof verification failed)
         • [ffi.cpp:113] address mismatch at cycle 18127: preflight=0x000867a2, actual=0x00000800
         • [kernels/cxx/ffi.cpp:208] SKIP THROW: memory peek not in preflight
       Local constraints hit (3 unique):
         - AddrDecomposeBits@u32.zir:87
           cycle=18127, step=1483, pc=0x002184C4, major=5, minor=3
         - IsRead@mem.zir:79
           cycle=18127, step=1483, pc=0x002184C4, major=5, minor=3
         - IsRead@mem.zir:80
           cycle=18127, step=1483, pc=0x002184C4, major=5, minor=3
       Global: memory permutation violated
         0x00002000 (data): expected write missing, needed 0x8c68059b (cycle 25814)
         x11/a1: wrote 0x00002000, expected 0x00219e88 (cycle 36254)
         0x00219E88 (code): unexpected write 0x8c68059b (cycle 25814)
  [172] ✓ LOAD_VAL_MOD @ step 1986: 1 failures, 2936ms, outcome: REJECTED, exit: 101 [proof:GENERATED] G=memory
       r=0.150  T_new=0.00 F_new=0.39 F_rare=0.64 U=0 Q=0.61 Q_l=0.72 Q_g=0.85 dl=1 dg=1
       Value: 0x0000004B -> 0x0000044B
       Load destination: rd = x14 (a4)
       zkVM errors (1 lines):
         • [prover_impl.rs:280] verify segment (internal proof verification failed)
       Local constraints hit (1 unique):
         - MemoryWrite@mem.zir:99
           cycle=18635, step=1986, pc=0x002184C4, major=5, minor=3
       Global: memory permutation violated
         x14/a4: wrote 0x0000044b, expected 0x0000004b (cycle 37271)
  [173] ✓ MEM_VAL_MOD @ step 2757: 1 failures, 2960ms, outcome: REJECTED, exit: 101 [proof:GENERATED] G=memory
       r=0.155  T_new=0.00 F_new=0.39 F_rare=0.68 U=0 Q=0.61 Q_l=0.72 Q_g=0.85 dl=1 dg=1
       Value: 0x00000001 -> 0x00000004
       Transaction: store_rmw_read (READ) at address 0x002002f4
       zkVM errors (1 lines):
         • [prover_impl.rs:280] verify segment (internal proof verification failed)
       Local constraints hit (1 unique):
         - IsRead@mem.zir:79
           cycle=19485, step=2757, pc=0x002037BC, major=6, minor=2
       Global: memory permutation violated
         0x002002F4 (data): wrote 0x00000004, expected 0x00000001 (cycle 38970)
  [174] ✓ STORE_OUT_MOD @ step 2785: 2 failures, 2915ms, outcome: REJECTED, exit: 101 [proof:GENERATED] G=memory
       r=0.104  T_new=0.00 F_new=0.39 F_rare=0.60 U=0 Q=0.43 Q_l=0.51 Q_g=0.85 dl=2 dg=1
       Value: 0xBCE109F9 -> 0x3A8AB3BC
       Store address: 0x00200244
       zkVM errors (1 lines):
         • [prover_impl.rs:280] verify segment (internal proof verification failed)
       Local constraints hit (2 unique):
         - MemoryWrite@mem.zir:100
           cycle=19513, step=2785, pc=0x0020383C, major=6, minor=2
         - MemoryWrite@mem.zir:99
           cycle=19513, step=2785, pc=0x0020383C, major=6, minor=2
       Global: memory permutation violated
         0x00200244 (data): wrote 0x3a8ab3bc, expected 0xbce109f9 (cycle 39027)
  [175] ✓ INSTR_WORD_MOD_SUR @ step 2932: 1 failures, 2958ms, outcome: REJECTED, exit: 101 [proof:GENERATED] G=memory
       r=0.236  T_new=0.00 F_new=0.63 F_rare=1.00 U=0 Q=0.61 Q_l=0.72 Q_g=0.85 dl=1 dg=1
       Value: 0x00C90633 -> 0x00C93633
       Surgical: funct3 = 0 -> 3
       Original: ADD x12, x18, x12
       Mutated:  SLTU x12, x18, x12
       zkVM errors (1 lines):
         • [prover_impl.rs:280] verify segment (internal proof verification failed)
       Local constraints hit (1 unique):
         - VerifyOpcodeF3F7@inst.zir:103
           cycle=19660, step=2932, pc=0x002053EC, major=0, minor=0
       Global: memory permutation violated
         0x002053E8 (code): wrote 0x00c90633, expected 0x00c93633 (cycle 15730)
  [176] ✓ COMP_OUT_MOD @ step 241: 2 failures, 2923ms, outcome: REJECTED, exit: 101 [proof:GENERATED] G=memory
       r=0.109  T_new=0.00 F_new=0.39 F_rare=0.65 U=0 Q=0.43 Q_l=0.51 Q_g=0.85 dl=2 dg=1
       Value: 0x00200370 -> 0xDFDF6F8F
       Destination: rd = x10 (a0)
       zkVM errors (1 lines):
         • [prover_impl.rs:280] verify segment (internal proof verification failed)
       Local constraints hit (2 unique):
         - MemoryWrite@mem.zir:100
           cycle=16820, step=241, pc=0x00200834, major=0, minor=7
         - MemoryWrite@mem.zir:99
           cycle=16820, step=241, pc=0x00200834, major=0, minor=7
       Global: memory permutation violated
         x10/a0: wrote 0xdfdf6f8f, expected 0x00200370 (cycle 33641)
  [177] ✓ COMP_OUT_MOD @ step 402: 2 failures, 2957ms, outcome: REJECTED, exit: 101 [proof:GENERATED] G=memory
       r=0.108  T_new=0.00 F_new=0.39 F_rare=0.64 U=0 Q=0.43 Q_l=0.51 Q_g=0.85 dl=2 dg=1
       Value: 0x00000001 -> 0x7D723374
       Destination: rd = x13 (a3)
       zkVM errors (1 lines):
         • [prover_impl.rs:280] verify segment (internal proof verification failed)
       Local constraints hit (2 unique):
         - MemoryWrite@mem.zir:100
           cycle=16993, step=402, pc=0x002008BC, major=0, minor=7
         - MemoryWrite@mem.zir:99
           cycle=16993, step=402, pc=0x002008BC, major=0, minor=7
       Global: memory permutation violated
         x13/a3: wrote 0x7d723374, expected 0x00000001 (cycle 33987)
  [178] ✓ INSTR_TYPE_MOD @ step 2000: 5 failures, 2926ms, outcome: REJECTED, exit: 101 [proof:GENERATED] G=memory
       r=0.024  T_new=0.00 F_new=1.00 F_rare=1.00 U=0 Q=0.05 Q_l=0.26 Q_g=0.19 dl=4 dg=10
       Value: 0x00050003 -> 0x00020004
       Original: LbU [major=5, minor=3]
       Mutated:  JalR [major=2, minor=4]
       zkVM errors (3 lines):
         • [prover_impl.rs:280] verify segment (internal proof verification failed)
         • [ffi.cpp:113] address mismatch at cycle 18649: preflight=0x00086ea5, actual=0x3fffc020
         • [kernels/cxx/ffi.cpp:208] SKIP THROW: memory peek not in preflight
       Local constraints hit (4 unique):
         - MemoryWrite@mem.zir:100
           cycle=18649, step=2000, pc=0x002184C4, major=2, minor=4
         - MemoryWrite@mem.zir:99 (x2)
           cycle=18649, step=2000, pc=0x002184C4, major=2, minor=4
         - VerifyOpcodeF3@inst.zir:96
           cycle=18649, step=2000, pc=0x002184C4, major=2, minor=4
         - VerifyOpcodeF3@inst.zir:97
           cycle=18649, step=2000, pc=0x002184C4, major=2, minor=4
       Global: memory permutation violated (19 addrs: 1 register, 18 code)
         x0/zero: expected write missing, needed 0x45434152 (cycle 28390)
         + 18 code addresses diverged (instruction fetch cascade)
  [179] ✓ LOAD_VAL_MOD @ step 3332: 2 failures, 3045ms, outcome: REJECTED, exit: 101 [proof:GENERATED] G=memory
       r=0.107  T_new=0.00 F_new=0.39 F_rare=0.64 U=0 Q=0.43 Q_l=0.51 Q_g=0.85 dl=2 dg=1
       Value: 0x30A10A85 -> 0x10000000
       Load destination: rd = x16 (a6)
       zkVM errors (1 lines):
         • [prover_impl.rs:280] verify segment (internal proof verification failed)
       Local constraints hit (2 unique):
         - MemoryWrite@mem.zir:100
           cycle=20134, step=3332, pc=0x00203420, major=5, minor=2
         - MemoryWrite@mem.zir:99
           cycle=20134, step=3332, pc=0x00203420, major=5, minor=2
       Global: memory permutation violated
         x16/a6: wrote 0x10000000, expected 0x30a10a85 (cycle 40269)
  [180] ✓ INSTR_TYPE_MOD @ step 1269: 1 failures, 2912ms, outcome: REJECTED, exit: 101 [proof:GENERATED]
       r=0.149  T_new=0.00 F_new=0.00 F_rare=0.71 U=0 Q=0.72 Q_l=0.72 Q_g=1.00 dl=1 dg=0
       Value: 0x00050002 -> 0x00050001
       Original: Lw [major=5, minor=2]
       Mutated:  Lh [major=5, minor=1]
       zkVM errors (1 lines):
         • [prover_impl.rs:280] verify segment (internal proof verification failed)
       Local constraints hit (1 unique):
         - VerifyOpcodeF3@inst.zir:97
           cycle=17913, step=1269, pc=0x0020341C, major=5, minor=1
       Global: no permutation/lookup violations (local-only)
  [181] ✓ COMP_OUT_MOD @ step 3647: 1 failures, 2987ms, outcome: REJECTED, exit: 101 [proof:GENERATED] G=memory
       r=0.166  T_new=0.00 F_new=0.39 F_rare=0.75 U=0 Q=0.61 Q_l=0.72 Q_g=0.85 dl=1 dg=1
       Value: 0x00000000 -> 0x00002000
       Destination: rd = x11 (a1)
       zkVM errors (1 lines):
         • [prover_impl.rs:280] verify segment (internal proof verification failed)
       Local constraints hit (1 unique):
         - MemoryWrite@mem.zir:99
           cycle=20523, step=3647, pc=0x00203408, major=1, minor=2
       Global: memory permutation violated
         x11/a1: wrote 0x00002000, expected 0x00000000 (cycle 41047)
  [182] ✓ COMP_OUT_MOD @ step 375: 2 failures, 2980ms, outcome: REJECTED, exit: 101 [proof:GENERATED] G=memory
       r=0.129  T_new=0.00 F_new=0.39 F_rare=0.85 U=0 Q=0.43 Q_l=0.51 Q_g=0.85 dl=2 dg=1
       Value: 0x00000004 -> 0xC010800D
       Destination: rd = x14 (a4)
       zkVM errors (1 lines):
         • [prover_impl.rs:280] verify segment (internal proof verification failed)
       Local constraints hit (2 unique):
         - MemoryWrite@mem.zir:100
           cycle=16966, step=375, pc=0x002061AC, major=1, minor=2
         - MemoryWrite@mem.zir:99
           cycle=16966, step=375, pc=0x002061AC, major=1, minor=2
       Global: memory permutation violated
         x14/a4: wrote 0xc010800d, expected 0x00000004 (cycle 33933)
  [183] ✓ INSTR_WORD_MOD_FULL @ step 3015: 3 failures, 2960ms, outcome: REJECTED, exit: 101 [proof:GENERATED] G=memory
       r=0.094  T_new=0.00 F_new=0.78 F_rare=1.00 U=0 Q=0.22 Q_l=0.37 Q_g=0.61 dl=3 dg=3
       Value: 0x00058713 -> 0x20079703
       Original: ADDI x14, x11, 0
       Mutated:  LH x14, 512(x15)
       zkVM errors (3 lines):
         • [prover_impl.rs:280] verify segment (internal proof verification failed)
         • [ffi.cpp:113] address mismatch at cycle 19743: preflight=0x3fffc02b, actual=0x3fffc02f
         • [kernels/cxx/ffi.cpp:208] SKIP THROW: memory peek not in preflight
       Local constraints hit (3 unique):
         - MemoryWrite@mem.zir:99
           cycle=19743, step=3015, pc=0x00203404, major=0, minor=7
         - VerifyOpcodeF3@inst.zir:96
           cycle=19743, step=3015, pc=0x00203404, major=0, minor=7
         - VerifyOpcodeF3@inst.zir:97
           cycle=19743, step=3015, pc=0x00203404, major=0, minor=7
       Global: memory permutation violated
         x11/a1: unexpected write 0x0021ad2c (cycle 39474)
         x15/a5: expected write missing, needed 0x0021ad2c (cycle 39474)
         0x00203400 (code): wrote 0x00058713, expected 0x20079703 (cycle 38722)
  [184] ✓ COMP_OUT_MOD @ step 76: 2 failures, 2945ms, outcome: REJECTED, exit: 101 [proof:GENERATED] G=memory
       r=0.129  T_new=0.00 F_new=0.39 F_rare=0.85 U=0 Q=0.43 Q_l=0.51 Q_g=0.85 dl=2 dg=1
       Value: 0x002213F4 -> 0x7FFFFFFF
       Destination: rd = x14 (a4)
       zkVM errors (1 lines):
         • [prover_impl.rs:280] verify segment (internal proof verification failed)
       Local constraints hit (2 unique):
         - MemoryWrite@mem.zir:100
           cycle=16649, step=76, pc=0x00203268, major=0, minor=0
         - MemoryWrite@mem.zir:99
           cycle=16649, step=76, pc=0x00203268, major=0, minor=0
       Global: memory permutation violated
         x14/a4: wrote 0x7fffffff, expected 0x002213f4 (cycle 33299)
  [185] ✓ INSTR_WORD_MOD_SUR @ step 1997: 0 failures, 2953ms, outcome: REJECTED, exit: 101 [proof:GENERATED] G=memory[GO]
       r=0.256  T_new=0.00 F_new=0.78 F_rare=1.00 U=0 Q=0.61 Q_l=1.00 Q_g=0.61 dl=0 dg=3
       Value: 0x00150513 -> 0x001A0513
       Surgical: rs1 = 10 -> 20
       Original: ADDI x10, x10, 1
       Mutated:  ADDI x10, x20, 1
       zkVM errors (3 lines):
         • [prover_impl.rs:280] verify segment (internal proof verification failed)
         • [ffi.cpp:113] address mismatch at cycle 18646: preflight=0x3fffc02a, actual=0x3fffc034
         • [kernels/cxx/ffi.cpp:208] SKIP THROW: memory peek not in preflight
       Global: memory permutation violated [GLOBAL-ONLY]
         x10/a0: unexpected write 0x0021b15f (cycle 37282)
         x20/s4: expected write missing, needed 0x0021b15f (cycle 37282)
         0x002184D0 (code): wrote 0x00150513, expected 0x001a0513 (cycle 37278)
  [186] ✓ INSTR_WORD_MOD_FULL @ step 986: 1 failures, 2925ms, outcome: REJECTED, exit: 101 [proof:GENERATED] G=memory
       r=0.168  T_new=0.00 F_new=0.92 F_rare=1.00 U=0 Q=0.37 Q_l=0.72 Q_g=0.51 dl=1 dg=4
       Value: 0x00A485B3 -> 0x00A58D83
       Original: ADD x11, x9, x10
       Mutated:  LB x27, 10(x11)
       Format changed: R -> I
       zkVM errors (3 lines):
         • [prover_impl.rs:280] verify segment (internal proof verification failed)
         • [ffi.cpp:113] address mismatch at cycle 17619: preflight=0x3fffc009, actual=0x3fffc00b
         • [kernels/cxx/ffi.cpp:208] SKIP THROW: memory peek not in preflight
       Local constraints hit (1 unique):
         - VerifyOpcodeF3F7@inst.zir:102
           cycle=17619, step=986, pc=0xC0000080, major=0, minor=0
       Global: memory permutation violated
         0xC000007C (data): wrote 0x00a485b3, expected 0x00a58d83 (cycle 35066)
         0xFFFF0024 (data): unexpected write 0xc0000050 (cycle 35066)
         0xFFFF002C (data): expected write missing, needed 0xc0000050 (cycle 35066)
         0xFFFF006C (data): expected write missing, needed 0xffff00a8 (cycle 35098)
  [187] ✓ INSTR_TYPE_MOD @ step 2026: 2 failures, 2940ms, outcome: REJECTED, exit: 101 [proof:GENERATED] [+41 touch] G=memory
       r=0.243  T_new=0.69 F_new=0.86 F_rare=1.00 U=0 Q=0.37 Q_l=0.51 Q_g=0.72 dl=2 dg=2
       Value: 0x00010006 -> 0x00030000
       Original: Bne [major=1, minor=6]
       Mutated:  Sll [major=3, minor=0]
       zkVM errors (3 lines):
         • [prover_impl.rs:280] verify segment (internal proof verification failed)
         • [ffi.cpp:113] address mismatch at cycle 18675: preflight=0x3fffc060, actual=0x3fffc029
         • [kernels/cxx/ffi.cpp:208] SKIP THROW: memory peek not in preflight
       Local constraints hit (2 unique):
         - VerifyOpcodeF3F7@inst.zir:102
           cycle=18675, step=2026, pc=0x002184D8, major=3, minor=0
         - VerifyOpcodeF3F7@inst.zir:104
           cycle=18675, step=2026, pc=0x002184D8, major=3, minor=0
       Global: memory permutation violated
         x9/s1: expected write missing, needed 0x00000000 (cycle 37343)
         0xFFFF0180 (data): unexpected write 0x00000000 (cycle 37343)
  [188] ✓ PRE_EXEC_REG_MOD @ step 2534: 4 failures, 2933ms, outcome: REJECTED, exit: 101 [proof:GENERATED] G=memory
       r=0.068  T_new=0.00 F_new=0.78 F_rare=1.00 U=0 Q=0.16 Q_l=0.26 Q_g=0.61 dl=4 dg=3
       Value: 0x00200300 -> 0x245D50AF
       Register: x2 (sp), READ, strategy=next_read
       zkVM errors (3 lines):
         • [prover_impl.rs:280] verify segment (internal proof verification failed)
         • [ffi.cpp:113] address mismatch at cycle 19262: preflight=0x000800ea, actual=0x09175455
         • [kernels/cxx/ffi.cpp:208] SKIP THROW: memory peek not in preflight
       Local constraints hit (4 unique):
         - IsRead@mem.zir:79
           cycle=19262, step=2534, pc=0x00201484, major=6, minor=2
         - IsRead@mem.zir:80
           cycle=19262, step=2534, pc=0x00201484, major=6, minor=2
         - OpSW@inst_mem.zir:160
           cycle=19262, step=2534, pc=0x00201484, major=6, minor=2
         - OpSW@inst_mem.zir:161
           cycle=19262, step=2534, pc=0x00201484, major=6, minor=2
       Global: memory permutation violated
         0x002003A8 (data): unexpected write 0x00000000 (cycle 4742)
         0x245D5154 (data): expected write missing, needed 0x00000000 (cycle 4742)
         x2/sp: wrote 0x245d50af, expected 0x00200300 (cycle 38524)
  [189] ✓ PRE_EXEC_REG_MOD @ step 1779: 3 failures, 2948ms, outcome: REJECTED, exit: 101 [proof:GENERATED] G=memory
       r=0.094  T_new=0.00 F_new=0.78 F_rare=1.00 U=0 Q=0.22 Q_l=0.37 Q_g=0.61 dl=3 dg=3
       Value: 0x0021BA83 -> 0xBE3BDF8D
       Register: x11 (a1), READ, strategy=next_read
       zkVM errors (3 lines):
         • [prover_impl.rs:280] verify segment (internal proof verification failed)
         • [ffi.cpp:113] address mismatch at cycle 18423: preflight=0x00086ea0, actual=0x2f8ef7e3
         • [kernels/cxx/ffi.cpp:208] SKIP THROW: memory peek not in preflight
       Local constraints hit (3 unique):
         - IsRead@mem.zir:79
           cycle=18423, step=1779, pc=0x002184C4, major=5, minor=3
         - IsRead@mem.zir:80
           cycle=18423, step=1779, pc=0x002184C4, major=5, minor=3
         - MemoryWrite@mem.zir:99
           cycle=18423, step=1779, pc=0x002184C4, major=5, minor=3
       Global: memory permutation violated
         0xBE3BDF8C (data): expected write missing, needed 0x4341425f (cycle 36832)
         x11/a1: wrote 0xbe3bdf8d, expected 0x0021ba83 (cycle 36846)
         0x0021BA80 (code): unexpected write 0x4341425f (cycle 36832)
  [190] ✓ COMP_OUT_MOD @ step 93: 1 failures, 2942ms, outcome: REJECTED, exit: 101 [proof:GENERATED] G=memory
       r=0.181  T_new=0.00 F_new=0.39 F_rare=0.85 U=0 Q=0.61 Q_l=0.72 Q_g=0.85 dl=1 dg=1
       Value: 0x0000001C -> 0x00000020
       Destination: rd = x15 (a5)
       zkVM errors (1 lines):
         • [prover_impl.rs:280] verify segment (internal proof verification failed)
       Local constraints hit (1 unique):
         - MemoryWrite@mem.zir:99
           cycle=16666, step=93, pc=0x002032AC, major=1, minor=1
       Global: memory permutation violated
         x15/a5: wrote 0x00000020, expected 0x0000001c (cycle 33333)
  [191] ✓ PRE_EXEC_REG_MOD @ step 3343: 3 failures, 2946ms, outcome: REJECTED, exit: 101 [proof:GENERATED] G=memory
       r=0.094  T_new=0.00 F_new=0.78 F_rare=1.00 U=0 Q=0.22 Q_l=0.37 Q_g=0.61 dl=3 dg=3
       Value: 0x0020028C -> 0x2E26161A
       Register: x14 (a4), READ, strategy=next_read
       zkVM errors (3 lines):
         • [prover_impl.rs:280] verify segment (internal proof verification failed)
         • [ffi.cpp:113] address mismatch at cycle 20145: preflight=0x000800a3, actual=0x0b898586
         • [kernels/cxx/ffi.cpp:208] SKIP THROW: memory peek not in preflight
       Local constraints hit (3 unique):
         - IsRead@mem.zir:79
           cycle=20145, step=3343, pc=0x0020341C, major=5, minor=2
         - IsRead@mem.zir:80
           cycle=20145, step=3343, pc=0x0020341C, major=5, minor=2
         - OpLW@inst_mem.zir:109
           cycle=20145, step=3343, pc=0x0020341C, major=5, minor=2
       Global: memory permutation violated
         0x0020028C (data): unexpected write 0xe00067a1 (cycle 39075)
         0x2E261618 (data): expected write missing, needed 0xe00067a1 (cycle 39075)
         x14/a4: wrote 0x2e26161a, expected 0x0020028c (cycle 40290)
  [192] ✓ INSTR_WORD_MOD_SUR @ step 2444: 0 failures, 3042ms, outcome: REJECTED, exit: 101 [proof:GENERATED] G=memory[GO]
       r=0.256  T_new=0.00 F_new=0.78 F_rare=1.00 U=0 Q=0.61 Q_l=1.00 Q_g=0.61 dl=0 dg=3
       Value: 0x04000513 -> 0x04000293
       Surgical: rd = 10 -> 5
       Original: ADDI x10, x0, 64
       Mutated:  ADDI x5, x0, 64
       zkVM errors (3 lines):
         • [prover_impl.rs:280] verify segment (internal proof verification failed)
         • [ffi.cpp:113] address mismatch at cycle 19098: preflight=0x3fffc02a, actual=0x3fffc025
         • [kernels/cxx/ffi.cpp:208] SKIP THROW: memory peek not in preflight
       Global: memory permutation violated [GLOBAL-ONLY]
         x5/t0: expected write missing, needed 0x00000001 (cycle 38188)
         x10/a0: unexpected write 0x00000001 (cycle 38188)
         0x00205598 (code): wrote 0x04000513, expected 0x04000293 (cycle 15994)
  [193] ✓ MEM_VAL_MOD @ step 240: 2 failures, 2933ms, outcome: REJECTED, exit: 101 [proof:GENERATED] G=memory
       r=0.111  T_new=0.00 F_new=0.39 F_rare=0.68 U=0 Q=0.43 Q_l=0.51 Q_g=0.85 dl=2 dg=1
       Value: 0x00000000 -> 0x67917FA3
       Transaction: store_rmw_read (READ) at address 0x0020036c
       zkVM errors (1 lines):
         • [prover_impl.rs:280] verify segment (internal proof verification failed)
       Local constraints hit (2 unique):
         - IsRead@mem.zir:79
           cycle=16819, step=240, pc=0x00200830, major=6, minor=2
         - IsRead@mem.zir:80
           cycle=16819, step=240, pc=0x00200830, major=6, minor=2
       Global: memory permutation violated
         0x0020036C (data): wrote 0x67917fa3, expected 0x00000000 (cycle 33638)
  [194] ✓ INSTR_TYPE_MOD @ step 2981: 6 failures, 2959ms, outcome: REJECTED, exit: 101 [proof:GENERATED] G=memory
       r=0.032  T_new=0.00 F_new=0.92 F_rare=1.00 U=0 Q=0.07 Q_l=0.14 Q_g=0.51 dl=6 dg=4
       Value: 0x00020001 -> 0x00050002
       Original: BltU [major=2, minor=1]
       Mutated:  Lw [major=5, minor=2]
       zkVM errors (3 lines):
         • [prover_impl.rs:280] verify segment (internal proof verification failed)
         • [ffi.cpp:113] address mismatch at cycle 19709: preflight=0x3fffc02b, actual=0x00000003
         • [kernels/cxx/ffi.cpp:208] SKIP THROW: memory peek not in preflight
       Local constraints hit (6 unique):
         - AddrDecomposeBits@u32.zir:87
           cycle=19709, step=2981, pc=0x00205DFC, major=5, minor=2
         - MemoryWrite@mem.zir:99
           cycle=19709, step=2981, pc=0x00205DFC, major=5, minor=2
         - OpLW@inst_mem.zir:108
           cycle=19709, step=2981, pc=0x00205DFC, major=5, minor=2
         - OpLW@inst_mem.zir:109
           cycle=19709, step=2981, pc=0x00205DFC, major=5, minor=2
         - VerifyOpcodeF3@inst.zir:96
           cycle=19709, step=2981, pc=0x00205DFC, major=5, minor=2
         - VerifyOpcodeF3@inst.zir:97
           cycle=19709, step=2981, pc=0x00205DFC, major=5, minor=2
       Global: memory permutation violated
         0x0000000C (data): expected write missing, needed 0x00000004 (cycle 39405)
         x8/s0: expected write missing, needed 0x00200ef8 (cycle 39403)
         x11/a1: unexpected write 0x00000004 (cycle 39405)
         0xFFFF0180 (data): unexpected write 0x00200ef8 (cycle 39403)
  [195] ✓ INSTR_WORD_MOD_SUR @ step 3836: 1 failures, 3049ms, outcome: REJECTED, exit: 101 [proof:GENERATED] G=memory
       r=0.171  T_new=0.00 F_new=0.39 F_rare=0.79 U=0 Q=0.61 Q_l=0.72 Q_g=0.85 dl=1 dg=1
       Value: 0x02010113 -> 0x02013113
       Surgical: funct3 = 0 -> 3
       Original: ADDI x2, x2, 32
       Mutated:  SLTIU x2, x2, 32
       zkVM errors (1 lines):
         • [prover_impl.rs:280] verify segment (internal proof verification failed)
       Local constraints hit (1 unique):
         - VerifyOpcodeF3@inst.zir:97
           cycle=20786, step=3836, pc=0x0020547C, major=0, minor=7
       Global: memory permutation violated
         0x00205478 (code): wrote 0x02010113, expected 0x02013113 (cycle 39972)
  [196] ✓ LOAD_VAL_MOD @ step 1015: 2 failures, 2927ms, outcome: REJECTED, exit: 101 [proof:GENERATED] G=memory
       r=0.106  T_new=0.00 F_new=0.39 F_rare=0.63 U=0 Q=0.43 Q_l=0.51 Q_g=0.85 dl=2 dg=1
       Value: 0x00000001 -> 0x81014211
       Load destination: rd = x8 (s0/fp)
       zkVM errors (1 lines):
         • [prover_impl.rs:280] verify segment (internal proof verification failed)
       Local constraints hit (2 unique):
         - MemoryWrite@mem.zir:100
           cycle=17654, step=1015, pc=0x002031F0, major=5, minor=2
         - MemoryWrite@mem.zir:99
           cycle=17654, step=1015, pc=0x002031F0, major=5, minor=2
       Global: memory permutation violated
         x8/s0: wrote 0x81014211, expected 0x00000001 (cycle 35309)
  [197] ✓ STORE_OUT_MOD @ step 1664: 2 failures, 2987ms, outcome: REJECTED, exit: 101 [proof:GENERATED] G=memory
       r=0.103  T_new=0.00 F_new=0.39 F_rare=0.60 U=0 Q=0.43 Q_l=0.51 Q_g=0.85 dl=2 dg=1
       Value: 0x0020AF3C -> 0xF9A1AD6B
       Store address: 0x0020009c
       zkVM errors (1 lines):
         • [prover_impl.rs:280] verify segment (internal proof verification failed)
       Local constraints hit (2 unique):
         - MemoryWrite@mem.zir:100
           cycle=18308, step=1664, pc=0x002096B8, major=6, minor=2
         - MemoryWrite@mem.zir:99
           cycle=18308, step=1664, pc=0x002096B8, major=6, minor=2
       Global: memory permutation violated
         0x0020009C (data): wrote 0xf9a1ad6b, expected 0x0020af3c (cycle 36617)
  [198] ✓ LOAD_VAL_MOD @ step 1538: 1 failures, 2968ms, outcome: REJECTED, exit: 101 [proof:GENERATED] G=memory
       r=0.148  T_new=0.00 F_new=0.39 F_rare=0.63 U=0 Q=0.61 Q_l=0.72 Q_g=0.85 dl=1 dg=1
       Value: 0x0000005B -> 0x00000001
       Load destination: rd = x13 (a3)
       zkVM errors (1 lines):
         • [prover_impl.rs:280] verify segment (internal proof verification failed)
       Local constraints hit (1 unique):
         - MemoryWrite@mem.zir:99
           cycle=18182, step=1538, pc=0x002184C0, major=5, minor=3
       Global: memory permutation violated
         x13/a3: wrote 0x00000001, expected 0x0000005b (cycle 36365)
  [199] ✓ INSTR_WORD_MOD_FULL @ step 2798: 0 failures, 2945ms, outcome: REJECTED, exit: 101 [proof:GENERATED] G=memory[GO]
       r=0.256  T_new=0.00 F_new=0.78 F_rare=1.00 U=0 Q=0.61 Q_l=1.00 Q_g=0.61 dl=0 dg=3
       Value: 0x0304A603 -> 0x0304A203
       Original: LW x12, 48(x9)
       Mutated:  LW x4, 48(x9)
       zkVM errors (3 lines):
         • [prover_impl.rs:280] verify segment (internal proof verification failed)
         • [ffi.cpp:113] address mismatch at cycle 19526: preflight=0x3fffc02c, actual=0x3fffc024
         • [kernels/cxx/ffi.cpp:208] SKIP THROW: memory peek not in preflight
       Global: memory permutation violated [GLOBAL-ONLY]
         x4/tp: expected write missing, needed 0x00000000 (cycle 39044)
         x12/a2: unexpected write 0x00000000 (cycle 39044)
         0x0020386C (code): wrote 0x0304a603, expected 0x0304a203 (cycle 11306)
  [200] ✓ MEM_VAL_MOD @ step 751: 2 failures, 2941ms, outcome: REJECTED, exit: 101 [proof:GENERATED] G=memory
       r=0.119  T_new=0.00 F_new=0.39 F_rare=0.75 U=0 Q=0.43 Q_l=0.51 Q_g=0.85 dl=2 dg=1
       Value: 0xC0000084 -> 0xEE0004F0
       Transaction: other_mem_write (WRITE) at address 0xffff0100
       zkVM errors (1 lines):
         • [prover_impl.rs:280] verify segment (internal proof verification failed)
       Local constraints hit (2 unique):
         - MemoryWrite@mem.zir:100
           cycle=17366, step=751, pc=0xC0000058, major=2, minor=4
         - MemoryWrite@mem.zir:99
           cycle=17366, step=751, pc=0xC0000058, major=2, minor=4
       Global: memory permutation violated
         0xFFFF0100 (data): wrote 0xee0004f0, expected 0xc0000084 (cycle 34733)
  [201] ✓ COMP_OUT_MOD @ step 3002: 1 failures, 2995ms, outcome: REJECTED, exit: 101 [proof:GENERATED] G=memory
       r=0.148  T_new=0.00 F_new=0.39 F_rare=0.62 U=0 Q=0.61 Q_l=0.72 Q_g=0.85 dl=1 dg=1
       Value: 0x0021AD2C -> 0x0021AE2C
       Destination: rd = x12 (a2)
       zkVM errors (1 lines):
         • [prover_impl.rs:280] verify segment (internal proof verification failed)
       Local constraints hit (1 unique):
         - MemoryWrite@mem.zir:99
           cycle=19730, step=3002, pc=0x002056D0, major=0, minor=7
       Global: memory permutation violated
         x12/a2: wrote 0x0021ae2c, expected 0x0021ad2c (cycle 39461)
  [202] ✓ STORE_OUT_MOD @ step 3272: 2 failures, 2941ms, outcome: REJECTED, exit: 101 [proof:GENERATED] G=memory
       r=0.103  T_new=0.00 F_new=0.39 F_rare=0.60 U=0 Q=0.43 Q_l=0.51 Q_g=0.85 dl=2 dg=1
       Value: 0x478BA766 -> 0x00000001
       Store address: 0x00221570
       zkVM errors (1 lines):
         • [prover_impl.rs:280] verify segment (internal proof verification failed)
       Local constraints hit (2 unique):
         - MemoryWrite@mem.zir:100
           cycle=20074, step=3272, pc=0x00203430, major=6, minor=2
         - MemoryWrite@mem.zir:99
           cycle=20074, step=3272, pc=0x00203430, major=6, minor=2
       Global: memory permutation violated
         0x00221570 (code): wrote 0x00000001, expected 0x478ba766 (cycle 40149)
  [203] ✓ COMP_OUT_MOD @ step 2669: 1 failures, 2967ms, outcome: REJECTED, exit: 101 [proof:GENERATED] G=memory
       r=0.171  T_new=0.00 F_new=0.39 F_rare=0.79 U=0 Q=0.61 Q_l=0.72 Q_g=0.85 dl=1 dg=1
       Value: 0x00000000 -> 0x20000000
       Destination: rd = x11 (a1)
       zkVM errors (1 lines):
         • [prover_impl.rs:280] verify segment (internal proof verification failed)
       Local constraints hit (1 unique):
         - MemoryWrite@mem.zir:100
           cycle=19397, step=2669, pc=0x002035DC, major=1, minor=2
       Global: memory permutation violated
         x11/a1: wrote 0x20000000, expected 0x00000000 (cycle 38795)
  [204] ✓ INSTR_WORD_MOD_SUR @ step 1347: 0 failures, 3044ms, outcome: REJECTED, exit: 101 [proof:GENERATED] G=memory[GO]
       r=0.256  T_new=0.00 F_new=0.78 F_rare=1.00 U=0 Q=0.61 Q_l=1.00 Q_g=0.61 dl=0 dg=3
       Value: 0x00150513 -> 0x00138513
       Surgical: rs1 = 10 -> 7
       Original: ADDI x10, x10, 1
       Mutated:  ADDI x10, x7, 1
       zkVM errors (3 lines):
         • [prover_impl.rs:280] verify segment (internal proof verification failed)
         • [ffi.cpp:113] address mismatch at cycle 17991: preflight=0x3fffc02a, actual=0x3fffc027
         • [kernels/cxx/ffi.cpp:208] SKIP THROW: memory peek not in preflight
       Global: memory permutation violated [GLOBAL-ONLY]
         x7/t2: expected write missing, needed 0x00200310 (cycle 35972)
         x10/a0: unexpected write 0x00200310 (cycle 35972)
         0x002184D0 (code): wrote 0x00150513, expected 0x00138513 (cycle 24890)
  [205] ✓ INSTR_WORD_MOD_FULL @ step 3854: 0 failures, 2940ms, outcome: REJECTED, exit: 101 [proof:GENERATED] G=memory[GO]
       r=0.281  T_new=0.00 F_new=0.39 F_rare=1.00 U=0 Q=0.85 Q_l=1.00 Q_g=0.85 dl=0 dg=1
       Value: 0x00090C63 -> 0x00090E63
       Original: BEQ x18, x0, 24
       Mutated:  BEQ x18, x0, 28
       zkVM errors (1 lines):
         • [prover_impl.rs:280] verify segment (internal proof verification failed)
       Global: memory permutation violated [GLOBAL-ONLY]
         0x00204D6C (code): wrote 0x00090c63, expected 0x00090e63 (cycle 14686)
  [206] ✓ STORE_OUT_MOD @ step 3919: 2 failures, 2931ms, outcome: REJECTED, exit: 101 [proof:GENERATED] G=memory
       r=0.103  T_new=0.00 F_new=0.39 F_rare=0.59 U=0 Q=0.43 Q_l=0.51 Q_g=0.85 dl=2 dg=1
       Value: 0x0F745431 -> 0x73C1781E
       Store address: 0xffff025c
       zkVM errors (1 lines):
         • [prover_impl.rs:280] verify segment (internal proof verification failed)
       Local constraints hit (2 unique):
         - MemoryWrite@mem.zir:100
           cycle=20869, step=3919, pc=0xC00000D4, major=6, minor=2
         - MemoryWrite@mem.zir:99
           cycle=20869, step=3919, pc=0xC00000D4, major=6, minor=2
       Global: memory permutation violated
         0xFFFF025C (data): wrote 0x73c1781e, expected 0x0f745431 (cycle 41739)
  [207] ✓ INSTR_TYPE_MOD @ step 147: 4 failures, 3014ms, outcome: REJECTED, exit: 101 [proof:GENERATED] [+52 touch] G=memory|cycle
       r=0.081  T_new=0.77 F_new=0.98 F_rare=1.00 U=0 Q=0.11 Q_l=0.26 Q_g=0.43 dl=4 dg=5
       Value: 0x00060002 -> 0x00040005
       Original: Sw [major=6, minor=2]
       Mutated:  DivU [major=4, minor=5]
       zkVM errors (3 lines):
         • [prover_impl.rs:280] verify segment (internal proof verification failed)
         • [ffi.cpp:113] address mismatch at cycle 16720: preflight=0x000884da, actual=0x3fffc02c
         • [kernels/cxx/ffi.cpp:208] SKIP THROW: memory peek not in preflight
       Local constraints hit (4 unique):
         - MemoryWrite@mem.zir:100
           cycle=16720, step=147, pc=0x0020110C, major=4, minor=5
         - MemoryWrite@mem.zir:99
           cycle=16720, step=147, pc=0x0020110C, major=4, minor=5
         - VerifyOpcodeF3F7@inst.zir:102
           cycle=16720, step=147, pc=0x0020110C, major=4, minor=5
         - VerifyOpcodeF3F7@inst.zir:103
           cycle=16720, step=147, pc=0x0020110C, major=4, minor=5
       Global: memory permutation violated
         x12/a2: expected write missing, needed 0x00000000 (cycle 29174)
         0x00221368 (code): unexpected write 0x00000000 (cycle 29174)
       Global: cycle lookup violated (3 indices broken)
         index 0: 2254 provides, 1 uses (imbalanced)
         index 4265: orphan use (1 entries, no matching provide)
         index 4266: 1 provides, 1 uses (imbalanced)
  [208] ✓ INSTR_WORD_MOD_FULL @ step 1193: 0 failures, 2942ms, outcome: REJECTED, exit: 101 [proof:GENERATED] G=memory[GO]
       r=0.256  T_new=0.00 F_new=0.78 F_rare=1.00 U=0 Q=0.61 Q_l=1.00 Q_g=0.61 dl=0 dg=3
       Value: 0x00050623 -> 0x10050623
       Original: SB x0, 12(x10)
       Mutated:  SB x0, 268(x10)
       zkVM errors (3 lines):
         • [prover_impl.rs:280] verify segment (internal proof verification failed)
         • [ffi.cpp:113] address mismatch at cycle 17837: preflight=0x00088503, actual=0x00088543
         • [kernels/cxx/ffi.cpp:208] SKIP THROW: memory peek not in preflight
       Global: memory permutation violated [GLOBAL-ONLY]
         0x00209C50 (code): wrote 0x00050623, expected 0x10050623 (cycle 21590)
         0x0022140C (code): unexpected write 0x00000000 (cycle 29278)
         0x0022150C (code): expected write missing, needed 0x00000000 (cycle 29278)
  [209] ✓ LOAD_VAL_MOD @ step 1203: 2 failures, 2959ms, outcome: REJECTED, exit: 101 [proof:GENERATED] G=memory
       r=0.108  T_new=0.00 F_new=0.39 F_rare=0.64 U=0 Q=0.43 Q_l=0.51 Q_g=0.85 dl=2 dg=1
       Value: 0x00000001 -> 0x00100000
       Load destination: rd = x10 (a0)
       zkVM errors (1 lines):
         • [prover_impl.rs:280] verify segment (internal proof verification failed)
       Local constraints hit (2 unique):
         - MemoryWrite@mem.zir:100
           cycle=17847, step=1203, pc=0x00208CE0, major=5, minor=3
         - MemoryWrite@mem.zir:99
           cycle=17847, step=1203, pc=0x00208CE0, major=5, minor=3
       Global: memory permutation violated
         x10/a0: wrote 0x00100000, expected 0x00000001 (cycle 35695)
  [210] ✓ INSTR_WORD_MOD_SUR @ step 268: 1 failures, 2950ms, outcome: REJECTED, exit: 101 [proof:GENERATED] G=memory
       r=0.166  T_new=0.00 F_new=0.39 F_rare=0.75 U=0 Q=0.61 Q_l=0.72 Q_g=0.85 dl=1 dg=1
       Value: 0x00200293 -> 0x00204293
       Surgical: funct3 = 0 -> 4
       Original: ADDI x5, x0, 2
       Mutated:  XORI x5, x0, 2
       zkVM errors (1 lines):
         • [prover_impl.rs:280] verify segment (internal proof verification failed)
       Local constraints hit (1 unique):
         - VerifyOpcodeF3@inst.zir:97
           cycle=16847, step=268, pc=0x00206154, major=0, minor=7
       Global: memory permutation violated
         0x00206150 (code): wrote 0x00200293, expected 0x00204293 (cycle 17886)
  [211] ✓ INSTR_TYPE_MOD @ step 1038: 2 failures, 2916ms, outcome: REJECTED, exit: 101 [proof:GENERATED] [+2 touch]
       r=0.096  T_new=0.06 F_new=0.00 F_rare=0.71 U=0 Q=0.51 Q_l=0.51 Q_g=1.00 dl=2 dg=0
       Value: 0x00000007 -> 0x00000003
       Original: AddI [major=0, minor=7]
       Mutated:  Or [major=0, minor=3]
       zkVM errors (1 lines):
         • [prover_impl.rs:280] verify segment (internal proof verification failed)
       Local constraints hit (2 unique):
         - VerifyOpcodeF3F7@inst.zir:102
           cycle=17677, step=1038, pc=0x00200B2C, major=0, minor=3
         - VerifyOpcodeF3F7@inst.zir:103
           cycle=17677, step=1038, pc=0x00200B2C, major=0, minor=3
       Global: no permutation/lookup violations (local-only)
  [212] ✓ STORE_OUT_MOD @ step 1241: 1 failures, 2920ms, outcome: REJECTED, exit: 101 [proof:GENERATED] G=memory
       r=0.143  T_new=0.00 F_new=0.39 F_rare=0.59 U=0 Q=0.61 Q_l=0.72 Q_g=0.85 dl=1 dg=1
       Value: 0x00000000 -> 0x00000002
       Store address: 0x002003d4
       zkVM errors (1 lines):
         • [prover_impl.rs:280] verify segment (internal proof verification failed)
       Local constraints hit (1 unique):
         - MemoryWrite@mem.zir:99
           cycle=17885, step=1241, pc=0x00201228, major=6, minor=2
       Global: memory permutation violated
         0x002003D4 (data): wrote 0x00000002, expected 0x00000000 (cycle 35771)
  [213] ✓ STORE_OUT_MOD @ step 2943: 2 failures, 2939ms, outcome: REJECTED, exit: 101 [proof:GENERATED] G=memory
       r=0.103  T_new=0.00 F_new=0.39 F_rare=0.59 U=0 Q=0.43 Q_l=0.51 Q_g=0.85 dl=2 dg=1
       Value: 0x002214EC -> 0x00008000
       Store address: 0x00200198
       zkVM errors (1 lines):
         • [prover_impl.rs:280] verify segment (internal proof verification failed)
       Local constraints hit (2 unique):
         - MemoryWrite@mem.zir:100
           cycle=19671, step=2943, pc=0x0020561C, major=6, minor=2
         - MemoryWrite@mem.zir:99
           cycle=19671, step=2943, pc=0x0020561C, major=6, minor=2
       Global: memory permutation violated
         0x00200198 (data): wrote 0x00008000, expected 0x002214ec (cycle 39343)
  [214] ✓ INSTR_TYPE_MOD @ step 2198: 14 failures, 2954ms, outcome: REJECTED, exit: 101 [proof:GENERATED] G=memory
       r=0.003  T_new=0.00 F_new=1.00 F_rare=1.00 U=0 Q=0.01 Q_l=0.04 Q_g=0.19 dl=10 dg=10
       Value: 0x00050002 -> 0x00020000
       Original: Lw [major=5, minor=2]
       Mutated:  Bge [major=2, minor=0]
       zkVM errors (3 lines):
         • [prover_impl.rs:280] verify segment (internal proof verification failed)
         • [ffi.cpp:113] address mismatch at cycle 18852: preflight=0x00088523, actual=0x3fffc024
         • [kernels/cxx/ffi.cpp:208] SKIP THROW: memory peek not in preflight
       Local constraints hit (4 unique):
         - DecodeInst@inst.zir:29 (x9)
           cycle=18853, step=2199, pc=0x00201EB0, major=0, minor=7
         - MemoryWrite@mem.zir:99 (x3)
           cycle=18852, step=2198, pc=0x00201EAC, major=2, minor=0
         - VerifyOpcodeF3@inst.zir:96
           cycle=18852, step=2198, pc=0x00201EAC, major=2, minor=0
         - VerifyOpcodeF3@inst.zir:97
           cycle=18852, step=2198, pc=0x00201EAC, major=2, minor=0
       Global: memory permutation violated (22 addrs: 2 register, 19 code, 1 data)
         x4/tp: expected write missing, needed 0x00000001 (cycle 37611)
         x11/a1: unexpected write 0x0021ab40 (cycle 37694)
         0xFFFF0180 (data): expected write missing, needed 0x0021ab40 (cycle 37694)
         + 19 code addresses diverged (instruction fetch cascade)
  [215] 💥 PRE_EXEC_REG_MOD @ step 1684: 2 failures, 511ms, outcome: CRASH, exit: -11 [proof:NOT_GENERATED]
       r=0.000  T_new=0.00 F_new=0.00 F_rare=0.00 U=0 Q=0.00 Q_l=0.00 Q_g=1.00 dl=0 dg=0
       Value: 0x00200060 -> 0xF7DFFF9F
       Register: x2 (sp), READ, strategy=next_read
       Local constraints hit (2 unique):
         - IsRead@mem.zir:79
           cycle=18328, step=1684, pc=0x00205F64, major=6, minor=2
         - IsRead@mem.zir:80
           cycle=18328, step=1684, pc=0x00205F64, major=6, minor=2
       Global: no permutation/lookup violations (local-only)
  [216] ✓ INSTR_WORD_MOD_FULL @ step 1365: 1 failures, 2928ms, outcome: REJECTED, exit: 101 [proof:GENERATED] G=memory
       r=0.142  T_new=0.00 F_new=0.92 F_rare=1.00 U=0 Q=0.31 Q_l=0.72 Q_g=0.43 dl=1 dg=5
       Value: 0x00E69E63 -> 0x65E65863
       Original: BNE x13, x14, 28
       Mutated:  BGE x12, x30, 1616
       zkVM errors (3 lines):
         • [prover_impl.rs:280] verify segment (internal proof verification failed)
         • [ffi.cpp:113] address mismatch at cycle 18009: preflight=0x3fffc02d, actual=0x3fffc02c
         • [kernels/cxx/ffi.cpp:208] SKIP THROW: memory peek not in preflight
       Local constraints hit (1 unique):
         - VerifyOpcodeF3@inst.zir:97
           cycle=18009, step=1365, pc=0x002184C8, major=1, minor=6
       Global: memory permutation violated
         x12/a2: expected write missing, needed 0x00000067 (cycle 36015)
         x13/a3: unexpected write 0x00000067 (cycle 36015)
         x14/a4: unexpected write 0x00000067 (cycle 36017)
         x30/t5: expected write missing, needed 0x00000067 (cycle 36017)
         0x002184C4 (code): wrote 0x00e69e63, expected 0x65e65863 (cycle 36004)
  [217] ✓ STORE_OUT_MOD @ step 251: 2 failures, 2959ms, outcome: REJECTED, exit: 101 [proof:GENERATED] G=memory
       r=0.102  T_new=0.00 F_new=0.39 F_rare=0.59 U=0 Q=0.43 Q_l=0.51 Q_g=0.85 dl=2 dg=1
       Value: 0x00000000 -> 0xFE1EB280
       Store address: 0x00200354
       zkVM errors (1 lines):
         • [prover_impl.rs:280] verify segment (internal proof verification failed)
       Local constraints hit (2 unique):
         - MemoryWrite@mem.zir:100
           cycle=16830, step=251, pc=0x00203198, major=6, minor=2
         - MemoryWrite@mem.zir:99
           cycle=16830, step=251, pc=0x00203198, major=6, minor=2
       Global: memory permutation violated
         0x00200354 (data): wrote 0xfe1eb280, expected 0x00000000 (cycle 33661)
  [218] 💥 PRE_EXEC_REG_MOD @ step 3882: 2 failures, 579ms, outcome: CRASH, exit: -11 [proof:NOT_GENERATED]
       r=0.000  T_new=0.00 F_new=0.00 F_rare=0.00 U=0 Q=0.00 Q_l=0.00 Q_g=1.00 dl=0 dg=0
       Value: 0x00200230 -> 0xDD9AF4ED
       Register: x2 (sp), READ, strategy=next_read
       Local constraints hit (2 unique):
         - IsRead@mem.zir:79
           cycle=20832, step=3882, pc=0x00203C04, major=5, minor=2
         - IsRead@mem.zir:80
           cycle=20832, step=3882, pc=0x00203C04, major=5, minor=2
       Global: no permutation/lookup violations (local-only)
  [219] ✓ INSTR_WORD_MOD_FULL @ step 1472: 1 failures, 2929ms, outcome: REJECTED, exit: 101 [proof:GENERATED] G=memory
       r=0.155  T_new=0.00 F_new=0.39 F_rare=0.68 U=0 Q=0.61 Q_l=0.72 Q_g=0.85 dl=1 dg=1
       Value: 0xFFF60613 -> 0xFFF60617
       Original: ADDI x12, x12, -1
       Mutated:  AUIPC x12, 0xfff60000
       Format changed: I -> U
       zkVM errors (1 lines):
         • [prover_impl.rs:280] verify segment (internal proof verification failed)
       Local constraints hit (1 unique):
         - VerifyOpcodeF3@inst.zir:96
           cycle=18116, step=1472, pc=0x002184D0, major=0, minor=7
       Global: memory permutation violated
         0x002184CC (code): wrote 0xfff60613, expected 0xfff60617 (cycle 36218)
  [220] ✓ MEM_VAL_MOD @ step 2039: 1 failures, 2950ms, outcome: REJECTED, exit: 101 [proof:GENERATED] G=memory
       r=0.235  T_new=0.00 F_new=0.63 F_rare=1.00 U=0 Q=0.61 Q_l=0.72 Q_g=0.85 dl=1 dg=1
       Value: 0x00000002 -> 0x00000004
       Transaction: other_mem_read (READ) at address 0xffff0028
       zkVM errors (1 lines):
         • [prover_impl.rs:280] verify segment (internal proof verification failed)
       Local constraints hit (1 unique):
         - IsRead@mem.zir:79
           cycle=18688, step=2039, pc=0xC0000078, major=2, minor=0
       Global: memory permutation violated
         0xFFFF0028 (data): wrote 0x00000004, expected 0x00000002 (cycle 37376)
  [221] ✓ INSTR_WORD_MOD_SUR @ step 2797: 0 failures, 2941ms, outcome: REJECTED, exit: 101 [proof:GENERATED] G=memory[GO]
       r=0.256  T_new=0.00 F_new=0.78 F_rare=1.00 U=0 Q=0.61 Q_l=1.00 Q_g=0.61 dl=0 dg=3
       Value: 0x02C4A583 -> 0x02C4A183
       Surgical: rd = 11 -> 3
       Original: LW x11, 44(x9)
       Mutated:  LW x3, 44(x9)
       zkVM errors (3 lines):
         • [prover_impl.rs:280] verify segment (internal proof verification failed)
         • [ffi.cpp:113] address mismatch at cycle 19525: preflight=0x3fffc02b, actual=0x3fffc023
         • [kernels/cxx/ffi.cpp:208] SKIP THROW: memory peek not in preflight
       Global: memory permutation violated [GLOBAL-ONLY]
         x3/gp: expected write missing, needed 0x00000000 (cycle 39042)
         x11/a1: unexpected write 0x00000000 (cycle 39042)
         0x00203868 (code): wrote 0x02c4a583, expected 0x02c4a183 (cycle 11306)
  [222] ✓ PRE_EXEC_REG_MOD @ step 3520: 1 failures, 3076ms, outcome: REJECTED, exit: 101 [proof:GENERATED] G=memory
       r=0.166  T_new=0.00 F_new=0.39 F_rare=0.75 U=0 Q=0.61 Q_l=0.72 Q_g=0.85 dl=1 dg=1
       Value: 0x00000000 -> 0x80000000
       Register: x0 (zero), READ, strategy=next_read
       zkVM errors (1 lines):
         • [prover_impl.rs:280] verify segment (internal proof verification failed)
       Local constraints hit (1 unique):
         - IsRead@mem.zir:80
           cycle=20322, step=3520, pc=0x00205434, major=0, minor=7
       Global: memory permutation violated
         x0/zero: wrote 0x80000000, expected 0x00000000 (cycle 40644)
  [223] ✓ STORE_OUT_MOD @ step 54: 2 failures, 2926ms, outcome: REJECTED, exit: 101 [proof:GENERATED] G=memory
       r=0.123  T_new=0.00 F_new=0.39 F_rare=0.79 U=0 Q=0.43 Q_l=0.51 Q_g=0.85 dl=2 dg=1
       Value: 0x00000000 -> 0xDB6209C0
       Store address: 0x002213f4
       zkVM errors (1 lines):
         • [prover_impl.rs:280] verify segment (internal proof verification failed)
       Local constraints hit (2 unique):
         - MemoryWrite@mem.zir:100
           cycle=16627, step=54, pc=0x00203210, major=6, minor=0
         - MemoryWrite@mem.zir:99
           cycle=16627, step=54, pc=0x00203210, major=6, minor=0
       Global: memory permutation violated
         0x002213F4 (code): wrote 0xdb6209c0, expected 0x00000000 (cycle 33255)
  [224] ✓ INSTR_TYPE_MOD @ step 0: 5 failures, 2981ms, outcome: REJECTED, exit: 101 [proof:GENERATED] [+1 new] [+3 touch] G=memory|cycle
       r=0.054  T_new=0.08 F_new=0.86 F_rare=1.00 U=0 Q=0.11 Q_l=0.19 Q_g=0.61 dl=5 dg=3
       Value: 0x00020006 -> 0x00020000
       Original: Auipc [major=2, minor=6]
       Mutated:  Bge [major=2, minor=0]
       zkVM errors (3 lines):
         • [prover_impl.rs:280] verify segment (internal proof verification failed)
         • [ffi.cpp:113] address mismatch at cycle 0: preflight=0x44000000, actual=0x00000000
         • [kernels/cxx/ffi.cpp:208] SKIP THROW: memory peek not in preflight
       Local constraints hit (5 unique):
         - AddrDecompose@u32.zir:67
           cycle=0, step=0, pc=0x00000000, major=2, minor=0
         - ControlLoadRootAndNonce@inst_control.zir:23
           cycle=1, step=0, pc=0x00000000, major=7, minor=0
         - MiscInput@inst_misc.zir:7
           cycle=0, step=0, pc=0x00000000, major=2, minor=0
         - VerifyOpcodeF3@inst.zir:96
           cycle=0, step=0, pc=0x00000000, major=2, minor=0
         - VerifyOpcodeF3@inst.zir:97
           cycle=0, step=0, pc=0x00000000, major=2, minor=0
       Global: memory permutation violated
         0xFFFF0100 (data): expected write missing, needed 0x00000000 (cycle 0)
       Global: cycle lookup violated (2 indices broken)
         index 0: 2256 provides, 1 uses (imbalanced)
         index 2013265920: orphan provide (2 entries, no matching use)
  [225] ✓ INSTR_TYPE_MOD @ step 3289: 4 failures, 2921ms, outcome: REJECTED, exit: 101 [proof:GENERATED]
       r=0.078  T_new=0.00 F_new=0.39 F_rare=0.85 U=0 Q=0.26 Q_l=0.26 Q_g=1.00 dl=4 dg=0
       Value: 0x00000007 -> 0x00000001
       Original: AddI [major=0, minor=7]
       Mutated:  Sub [major=0, minor=1]
       zkVM errors (1 lines):
         • [prover_impl.rs:280] verify segment (internal proof verification failed)
       Local constraints hit (4 unique):
         - MemoryWrite@mem.zir:100
           cycle=20091, step=3289, pc=0x00203444, major=0, minor=1
         - MemoryWrite@mem.zir:99
           cycle=20091, step=3289, pc=0x00203444, major=0, minor=1
         - VerifyOpcodeF3F7@inst.zir:102
           cycle=20091, step=3289, pc=0x00203444, major=0, minor=1
         - VerifyOpcodeF3F7@inst.zir:104
           cycle=20091, step=3289, pc=0x00203444, major=0, minor=1
       Global: no permutation/lookup violations (local-only)
  [226] ✓ MEM_VAL_MOD @ step 472: 2 failures, 3001ms, outcome: REJECTED, exit: 101 [proof:GENERATED] G=memory
       r=0.112  T_new=0.00 F_new=0.39 F_rare=0.69 U=0 Q=0.43 Q_l=0.51 Q_g=0.85 dl=2 dg=1
       Value: 0x00000000 -> 0x00000200
       Transaction: load_mem_read (READ) at address 0x0020036c
       zkVM errors (1 lines):
         • [prover_impl.rs:280] verify segment (internal proof verification failed)
       Local constraints hit (2 unique):
         - IsRead@mem.zir:79
           cycle=17069, step=472, pc=0x002008D0, major=5, minor=2
         - MemoryWrite@mem.zir:99
           cycle=17069, step=472, pc=0x002008D0, major=5, minor=2
       Global: memory permutation violated
         0x0020036C (data): wrote 0x00000200, expected 0x00000000 (cycle 34138)
  [227] ✓ INSTR_WORD_MOD_FULL @ step 2015: 2 failures, 2935ms, outcome: REJECTED, exit: 101 [proof:GENERATED] G=memory
       r=0.102  T_new=0.00 F_new=0.92 F_rare=1.00 U=0 Q=0.22 Q_l=0.51 Q_g=0.43 dl=2 dg=5
       Value: 0x00E69E63 -> 0x2C814E83
       Original: BNE x13, x14, 28
       Mutated:  LBU x29, 712(x2)
       Format changed: B -> I
       zkVM errors (3 lines):
         • [prover_impl.rs:280] verify segment (internal proof verification failed)
         • [ffi.cpp:113] address mismatch at cycle 18664: preflight=0x3fffc02d, actual=0x3fffc022
         • [kernels/cxx/ffi.cpp:208] SKIP THROW: memory peek not in preflight
       Local constraints hit (2 unique):
         - VerifyOpcodeF3@inst.zir:96
           cycle=18664, step=2015, pc=0x002184C8, major=1, minor=6
         - VerifyOpcodeF3@inst.zir:97
           cycle=18664, step=2015, pc=0x002184C8, major=1, minor=6
       Global: memory permutation violated
         x2/sp: expected write missing, needed 0x00000043 (cycle 37325)
         x8/s0: expected write missing, needed 0x00000043 (cycle 37327)
         x13/a3: unexpected write 0x00000043 (cycle 37325)
         x14/a4: unexpected write 0x00000043 (cycle 37327)
         0x002184C4 (code): wrote 0x00e69e63, expected 0x2c814e83 (cycle 37314)
  [228] ✓ STORE_OUT_MOD @ step 721: 1 failures, 2967ms, outcome: REJECTED, exit: 101 [proof:GENERATED] G=memory
       r=0.142  T_new=0.00 F_new=0.39 F_rare=0.59 U=0 Q=0.61 Q_l=0.72 Q_g=0.85 dl=1 dg=1
       Value: 0x00000000 -> 0x00000100
       Store address: 0x00200354
       zkVM errors (1 lines):
         • [prover_impl.rs:280] verify segment (internal proof verification failed)
       Local constraints hit (1 unique):
         - MemoryWrite@mem.zir:99
           cycle=17336, step=721, pc=0x00203198, major=6, minor=2
       Global: memory permutation violated
         0x00200354 (data): wrote 0x00000100, expected 0x00000000 (cycle 34673)
  [229] ✓ PRE_EXEC_REG_MOD @ step 2806: 1 failures, 2922ms, outcome: REJECTED, exit: 101 [proof:GENERATED] G=memory
       r=0.183  T_new=0.00 F_new=0.78 F_rare=1.00 U=0 Q=0.43 Q_l=0.72 Q_g=0.61 dl=1 dg=3
       Value: 0x00200230 -> 0x00200228
       Register: x2 (sp), READ, strategy=next_read
       zkVM errors (3 lines):
         • [prover_impl.rs:280] verify segment (internal proof verification failed)
         • [ffi.cpp:113] address mismatch at cycle 19534: preflight=0x00080094, actual=0x00080092
         • [kernels/cxx/ffi.cpp:208] SKIP THROW: memory peek not in preflight
       Local constraints hit (1 unique):
         - IsRead@mem.zir:79
           cycle=19534, step=2806, pc=0x00203B48, major=5, minor=2
       Global: memory permutation violated
         0x00200248 (data): expected write missing, needed 0xdfc17121 (cycle 39015)
         0x00200250 (data): unexpected write 0xdfc17121 (cycle 39015)
         x2/sp: wrote 0x00200228, expected 0x00200230 (cycle 39068)
  [230] ✓ INSTR_WORD_MOD_FULL @ step 2878: 6 failures, 2977ms, outcome: REJECTED, exit: 101 [proof:GENERATED] G=memory|cycle
       r=0.014  T_new=0.00 F_new=0.99 F_rare=1.00 U=0 Q=0.03 Q_l=0.14 Q_g=0.22 dl=6 dg=9
       Value: 0x04000513 -> 0xF8EFFAEF
       Original: ADDI x10, x0, 64
       Mutated:  JAL x21, -2162
       Format changed: I -> J
       zkVM errors (3 lines):
         • [prover_impl.rs:280] verify segment (internal proof verification failed)
         • [ffi.cpp:113] address mismatch at cycle 19606: preflight=0x3fffc020, actual=0x3fffc03f
         • [kernels/cxx/ffi.cpp:208] SKIP THROW: memory peek not in preflight
       Local constraints hit (6 unique):
         - IsRead@mem.zir:79
           cycle=19606, step=2878, pc=0x00205378, major=0, minor=7
         - IsRead@mem.zir:80
           cycle=19606, step=2878, pc=0x00205378, major=0, minor=7
         - MemoryWrite@mem.zir:100
           cycle=19606, step=2878, pc=0x00205378, major=0, minor=7
         - MemoryWrite@mem.zir:99
           cycle=19606, step=2878, pc=0x00205378, major=0, minor=7
         - VerifyOpcodeF3@inst.zir:96
           cycle=19606, step=2878, pc=0x00205378, major=0, minor=7
         - VerifyOpcodeF3@inst.zir:97
           cycle=19606, step=2878, pc=0x00205378, major=0, minor=7
       Global: memory permutation violated
         x0/zero: unexpected write 0x00000000 (cycle 39210)
         x10/a0: unexpected write 0x0021ad2c (cycle 39210)
         x14/a4: expected write missing, needed 0x0021ad2c (cycle 39210)
         x21/s5: expected write missing, needed 0x00400593 (cycle 15650)
         x31/t6: expected write missing, needed 0x00000000 (cycle 39210)
         0x00205374 (code): wrote 0x04000513, expected 0xf8effaef (cycle 15650)
       Global: cycle lookup violated (3 indices broken)
         index 1: 1798 provides, 1 uses (imbalanced)
         index 2: 861 provides, 1 uses (imbalanced)
         index 23562: 1 provides, 1 uses (imbalanced)
  [231] ✓ STORE_OUT_MOD @ step 566: 1 failures, 3057ms, outcome: REJECTED, exit: 101 [proof:GENERATED] G=memory
       r=0.142  T_new=0.00 F_new=0.39 F_rare=0.59 U=0 Q=0.61 Q_l=0.72 Q_g=0.85 dl=1 dg=1
       Value: 0x00000000 -> 0x00007FFF
       Store address: 0x00200354
       zkVM errors (1 lines):
         • [prover_impl.rs:280] verify segment (internal proof verification failed)
       Local constraints hit (1 unique):
         - MemoryWrite@mem.zir:99
           cycle=17169, step=566, pc=0x00203198, major=6, minor=2
       Global: memory permutation violated
         0x00200354 (data): wrote 0x00007fff, expected 0x00000000 (cycle 34339)
  [232] ✓ INSTR_WORD_MOD_SUR @ step 3150: 1 failures, 2954ms, outcome: REJECTED, exit: 101 [proof:GENERATED] G=memory
       r=0.159  T_new=0.00 F_new=0.39 F_rare=0.70 U=0 Q=0.61 Q_l=0.72 Q_g=0.85 dl=1 dg=1
       Value: 0x83470713 -> 0x83472713
       Surgical: funct3 = 0 -> 2
       Original: ADDI x14, x14, -1996
       Mutated:  SLTI x14, x14, -1996
       zkVM errors (1 lines):
         • [prover_impl.rs:280] verify segment (internal proof verification failed)
       Local constraints hit (1 unique):
         - VerifyOpcodeF3@inst.zir:97
           cycle=19878, step=3150, pc=0xC0000548, major=0, minor=7
       Global: memory permutation violated
         0xC0000544 (data): wrote 0x83470713, expected 0x83472713 (cycle 38308)
  [233] ✓ INSTR_WORD_MOD_FULL @ step 1000: 1 failures, 2940ms, outcome: REJECTED, exit: 101 [proof:GENERATED] G=memory
       r=0.064  T_new=0.00 F_new=0.99 F_rare=1.00 U=0 Q=0.14 Q_l=0.72 Q_g=0.19 dl=1 dg=10
       Value: 0x02E57663 -> 0x00E57663
       Original: BGEU x10, x14, 44
       Mutated:  BGEU x10, x14, 12
       zkVM errors (3 lines):
         • [prover_impl.rs:280] verify segment (internal proof verification failed)
         • [ffi.cpp:113] address mismatch at cycle 17640: preflight=0x00081869, actual=0x00081861
         • [kernels/cxx/buffers.h:43] SKIP THROW: Inconsistent set
       Local constraints hit (1 unique):
         - MemoryWrite@mem.zir:99
           cycle=17647, step=1008, pc=0x002031B8, major=2, minor=4
       Global: memory permutation violated (17 addrs: 17 code)
         + 17 code addresses diverged (instruction fetch cascade)
  [234] ✓ STORE_OUT_MOD @ step 2324: 2 failures, 2982ms, outcome: REJECTED, exit: 101 [proof:GENERATED] G=memory
       r=0.119  T_new=0.00 F_new=0.39 F_rare=0.75 U=0 Q=0.43 Q_l=0.51 Q_g=0.85 dl=2 dg=1
       Value: 0x00000080 -> 0x949E7005
       Store address: 0x0020030c
       zkVM errors (1 lines):
         • [prover_impl.rs:280] verify segment (internal proof verification failed)
       Local constraints hit (2 unique):
         - MemoryWrite@mem.zir:100
           cycle=18978, step=2324, pc=0x002012F0, major=6, minor=0
         - MemoryWrite@mem.zir:99
           cycle=18978, step=2324, pc=0x002012F0, major=6, minor=0
       Global: memory permutation violated
         0x0020030C (data): wrote 0x949e7005, expected 0x00000080 (cycle 37957)
  [235] ✓ MEM_VAL_MOD @ step 603: 2 failures, 2960ms, outcome: REJECTED, exit: 101 [proof:GENERATED] G=memory
       r=0.129  T_new=0.00 F_new=0.39 F_rare=0.85 U=0 Q=0.43 Q_l=0.51 Q_g=0.85 dl=2 dg=1
       Value: 0x00000000 -> 0x39A78C17
       Transaction: other_mem_write (WRITE) at address 0xffff0100
       zkVM errors (1 lines):
         • [prover_impl.rs:280] verify segment (internal proof verification failed)
       Local constraints hit (2 unique):
         - MemoryWrite@mem.zir:100
           cycle=17206, step=603, pc=0xC000014C, major=2, minor=1
         - MemoryWrite@mem.zir:99
           cycle=17206, step=603, pc=0xC000014C, major=2, minor=1
       Global: memory permutation violated
         0xFFFF0100 (data): wrote 0x39a78c17, expected 0x00000000 (cycle 34413)
  [236] ✓ PRE_EXEC_REG_MOD @ step 1727: 4 failures, 2934ms, outcome: REJECTED, exit: 101 [proof:GENERATED] G=memory
       r=0.058  T_new=0.00 F_new=0.39 F_rare=0.70 U=0 Q=0.22 Q_l=0.26 Q_g=0.85 dl=4 dg=1
       Value: 0x0021B167 -> 0x9003B137
       Register: x10 (a0), READ, strategy=next_read
       zkVM errors (1 lines):
         • [prover_impl.rs:280] verify segment (internal proof verification failed)
       Local constraints hit (4 unique):
         - IsRead@mem.zir:79
           cycle=18371, step=1727, pc=0x002184D4, major=0, minor=7
         - IsRead@mem.zir:80
           cycle=18371, step=1727, pc=0x002184D4, major=0, minor=7
         - MemoryWrite@mem.zir:100
           cycle=18371, step=1727, pc=0x002184D4, major=0, minor=7
         - MemoryWrite@mem.zir:99
           cycle=18371, step=1727, pc=0x002184D4, major=0, minor=7
       Global: memory permutation violated
         x10/a0: wrote 0x9003b137, expected 0x0021b167 (cycle 36742)
  [237] ✓ STORE_OUT_MOD @ step 1649: 2 failures, 2947ms, outcome: REJECTED, exit: 101 [proof:GENERATED] G=memory
       r=0.102  T_new=0.00 F_new=0.39 F_rare=0.59 U=0 Q=0.43 Q_l=0.51 Q_g=0.85 dl=2 dg=1
       Value: 0x00000000 -> 0x80002000
       Store address: 0x002000c8
       zkVM errors (1 lines):
         • [prover_impl.rs:280] verify segment (internal proof verification failed)
       Local constraints hit (2 unique):
         - MemoryWrite@mem.zir:100
           cycle=18293, step=1649, pc=0x0020AF08, major=6, minor=2
         - MemoryWrite@mem.zir:99
           cycle=18293, step=1649, pc=0x0020AF08, major=6, minor=2
       Global: memory permutation violated
         0x002000C8 (data): wrote 0x80002000, expected 0x00000000 (cycle 36587)
  [238] ✓ INSTR_WORD_MOD_SUR @ step 3929: 1 failures, 3022ms, outcome: REJECTED, exit: 101 [proof:GENERATED] G=memory
       r=0.180  T_new=0.00 F_new=0.39 F_rare=0.85 U=0 Q=0.61 Q_l=0.72 Q_g=0.85 dl=1 dg=1
       Value: 0x00000073 -> 0x00008073
       Surgical: rs1 = 0 -> 1
       Original: ECALL x0, x0, 0
       Mutated:  ECALL x0, x1, 0
       zkVM errors (1 lines):
         • [prover_impl.rs:280] verify segment (internal proof verification failed)
       Local constraints hit (1 unique):
         - MachineECall@inst_ecall.zir:29
           cycle=20879, step=3929, pc=0xC00000F8, major=8, minor=0
       Global: memory permutation violated
         0xC00000F8 (data): wrote 0x00000073, expected 0x00008073 (cycle 30062)
  [239] ✓ PRE_EXEC_REG_MOD @ step 0: 9 failures, 2947ms, outcome: REJECTED, exit: 101 [proof:GENERATED] G=memory
       r=0.123  T_new=0.00 F_new=0.39 F_rare=0.79 U=0 Q=0.43 Q_l=0.51 Q_g=0.85 dl=2 dg=1
       Value: 0x00000000 -> 0x80000000
       Register: x30 (t5), READ, strategy=next_read
       zkVM errors (2 lines):
         • [prover_impl.rs:280] verify segment (internal proof verification failed)
         • [kernels/cxx/buffers.h:43] SKIP THROW: Inconsistent set
       Local constraints hit (2 unique):
         - IsRead@mem.zir:80
           cycle=15997, step=0, pc=0x00000000, major=9, minor=2
         - PoseidonCheckOut@inst_p2.zir:265 (x8)
           cycle=16247, step=0, pc=0x00000000, major=9, minor=5
       Global: memory permutation violated
         x30/t5: wrote 0x80000000, expected 0x00000000 (cycle 31994)
  [240] ✓ STORE_OUT_MOD @ step 3919: 2 failures, 2970ms, outcome: REJECTED, exit: 101 [proof:GENERATED] G=memory
       r=0.102  T_new=0.00 F_new=0.39 F_rare=0.59 U=0 Q=0.43 Q_l=0.51 Q_g=0.85 dl=2 dg=1
       Value: 0x0F745431 -> 0xF7454310
       Store address: 0xffff025c
       zkVM errors (1 lines):
         • [prover_impl.rs:280] verify segment (internal proof verification failed)
       Local constraints hit (2 unique):
         - MemoryWrite@mem.zir:100
           cycle=20869, step=3919, pc=0xC00000D4, major=6, minor=2
         - MemoryWrite@mem.zir:99
           cycle=20869, step=3919, pc=0xC00000D4, major=6, minor=2
       Global: memory permutation violated
         0xFFFF025C (data): wrote 0xf7454310, expected 0x0f745431 (cycle 41739)
  [241] ✓ STORE_OUT_MOD @ step 1177: 2 failures, 2926ms, outcome: REJECTED, exit: 101 [proof:GENERATED] G=memory
       r=0.116  T_new=0.00 F_new=0.39 F_rare=0.72 U=0 Q=0.43 Q_l=0.51 Q_g=0.85 dl=2 dg=1
       Value: 0x0000000A -> 0xDBCF3526
       Store address: 0x0020036c
       zkVM errors (1 lines):
         • [prover_impl.rs:280] verify segment (internal proof verification failed)
       Local constraints hit (2 unique):
         - MemoryWrite@mem.zir:100
           cycle=17821, step=1177, pc=0x00208AE8, major=6, minor=0
         - MemoryWrite@mem.zir:99
           cycle=17821, step=1177, pc=0x00208AE8, major=6, minor=0
       Global: memory permutation violated
         0x0020036C (data): wrote 0xdbcf3526, expected 0x0000000a (cycle 35643)
  [242] ✓ MEM_VAL_MOD @ step 1461: 3 failures, 2938ms, outcome: REJECTED, exit: 101 [proof:GENERATED] G=memory
       r=0.085  T_new=0.00 F_new=0.39 F_rare=0.75 U=0 Q=0.31 Q_l=0.37 Q_g=0.85 dl=3 dg=1
       Value: 0x7F520E51 -> 0xFEA41CA2
       Transaction: load_mem_read (READ) at address 0x00200320
       zkVM errors (1 lines):
         • [prover_impl.rs:280] verify segment (internal proof verification failed)
       Local constraints hit (3 unique):
         - IsRead@mem.zir:79
           cycle=18105, step=1461, pc=0x002184C0, major=5, minor=3
         - IsRead@mem.zir:80
           cycle=18105, step=1461, pc=0x002184C0, major=5, minor=3
         - MemoryWrite@mem.zir:99
           cycle=18105, step=1461, pc=0x002184C0, major=5, minor=3
       Global: memory permutation violated
         0x00200320 (data): wrote 0xfea41ca2, expected 0x7f520e51 (cycle 36210)
  [243] ✓ LOAD_VAL_MOD @ step 3652: 2 failures, 2937ms, outcome: REJECTED, exit: 101 [proof:GENERATED] G=memory
       r=0.106  T_new=0.00 F_new=0.39 F_rare=0.62 U=0 Q=0.43 Q_l=0.51 Q_g=0.85 dl=2 dg=1
       Value: 0x00000000 -> 0x00200800
       Load destination: rd = x15 (a5)
       zkVM errors (1 lines):
         • [prover_impl.rs:280] verify segment (internal proof verification failed)
       Local constraints hit (2 unique):
         - MemoryWrite@mem.zir:100
           cycle=20528, step=3652, pc=0x0020341C, major=5, minor=2
         - MemoryWrite@mem.zir:99
           cycle=20528, step=3652, pc=0x0020341C, major=5, minor=2
       Global: memory permutation violated
         x15/a5: wrote 0x00200800, expected 0x00000000 (cycle 41057)
  [244] ✓ PRE_EXEC_REG_MOD @ step 3259: 2 failures, 2945ms, outcome: REJECTED, exit: 101 [proof:GENERATED] G=memory
       r=0.183  T_new=0.00 F_new=0.78 F_rare=1.00 U=0 Q=0.43 Q_l=0.51 Q_g=0.85 dl=2 dg=1
       Value: 0x00000001 -> 0x00800000
       Register: x13 (a3), READ, strategy=next_read
       zkVM errors (1 lines):
         • [prover_impl.rs:280] verify segment (internal proof verification failed)
       Local constraints hit (2 unique):
         - IsRead@mem.zir:79
           cycle=20061, step=3259, pc=0x002033FC, major=1, minor=6
         - IsRead@mem.zir:80
           cycle=20061, step=3259, pc=0x002033FC, major=1, minor=6
       Global: memory permutation violated
         x13/a3: wrote 0x00800000, expected 0x00000001 (cycle 40122)
  [245] ✓ INSTR_WORD_MOD_FULL @ step 2125: 2 failures, 3081ms, outcome: REJECTED, exit: 101 [proof:GENERATED] G=memory
       r=0.106  T_new=0.00 F_new=0.39 F_rare=0.63 U=0 Q=0.43 Q_l=0.51 Q_g=0.85 dl=2 dg=1
       Value: 0xFFF58693 -> 0xBFF58693
       Original: ADDI x13, x11, -1
       Mutated:  ADDI x13, x11, -1025
       zkVM errors (1 lines):
         • [prover_impl.rs:280] verify segment (internal proof verification failed)
       Local constraints hit (2 unique):
         - MemoryWrite@mem.zir:100
           cycle=18779, step=2125, pc=0x00205E04, major=0, minor=7
         - MemoryWrite@mem.zir:99
           cycle=18779, step=2125, pc=0x00205E04, major=0, minor=7
       Global: memory permutation violated
         0x00205E00 (code): wrote 0xfff58693, expected 0xbff58693 (cycle 17362)
  [246] ✓ PRE_EXEC_REG_MOD @ step 0: 10 failures, 2964ms, outcome: REJECTED, exit: 101 [proof:GENERATED] G=memory
       r=0.085  T_new=0.00 F_new=0.39 F_rare=0.75 U=0 Q=0.31 Q_l=0.37 Q_g=0.85 dl=3 dg=1
       Value: 0x00000000 -> 0x63EE6718
       Register: x3 (gp), READ, strategy=next_read
       zkVM errors (2 lines):
         • [prover_impl.rs:280] verify segment (internal proof verification failed)
         • [kernels/cxx/buffers.h:43] SKIP THROW: Inconsistent set
       Local constraints hit (3 unique):
         - IsRead@mem.zir:79
           cycle=15967, step=0, pc=0x00000000, major=9, minor=2
         - IsRead@mem.zir:80
           cycle=15967, step=0, pc=0x00000000, major=9, minor=2
         - PoseidonCheckOut@inst_p2.zir:265 (x8)
           cycle=16247, step=0, pc=0x00000000, major=9, minor=5
       Global: memory permutation violated
         x3/gp: wrote 0x63ee6718, expected 0x00000000 (cycle 31934)
  [247] ✓ INSTR_WORD_MOD_SUR @ step 1918: 0 failures, 2985ms, outcome: REJECTED, exit: 101 [proof:GENERATED] G=memory[GO]
       r=0.281  T_new=0.00 F_new=0.39 F_rare=1.00 U=0 Q=0.85 Q_l=1.00 Q_g=0.85 dl=0 dg=1
       Value: 0x00A40E63 -> 0x38A40BE3
       Surgical: imm = 28 -> 2966
       Original: BEQ x8, x10, 28
       Mutated:  BEQ x8, x10, 2966
       zkVM errors (1 lines):
         • [prover_impl.rs:280] verify segment (internal proof verification failed)
       Global: memory permutation violated [GLOBAL-ONLY]
         0x00205F8C (code): wrote 0x00a40e63, expected 0x38a40be3 (cycle 17602)
  [248] ✓ INSTR_WORD_MOD_FULL @ step 2719: 0 failures, 2941ms, outcome: REJECTED, exit: 101 [proof:GENERATED] G=memory[GO]
       r=0.256  T_new=0.00 F_new=0.78 F_rare=1.00 U=0 Q=0.61 Q_l=1.00 Q_g=0.61 dl=0 dg=3
       Value: 0x08C12703 -> 0x08C12303
       Original: LW x14, 140(x2)
       Mutated:  LW x6, 140(x2)
       zkVM errors (3 lines):
         • [prover_impl.rs:280] verify segment (internal proof verification failed)
         • [ffi.cpp:113] address mismatch at cycle 19447: preflight=0x3fffc02e, actual=0x3fffc026
         • [kernels/cxx/ffi.cpp:208] SKIP THROW: memory peek not in preflight
       Global: memory permutation violated [GLOBAL-ONLY]
         x6/t1: expected write missing, needed 0xc3d4e0d9 (cycle 38842)
         x14/a4: unexpected write 0xc3d4e0d9 (cycle 38842)
         0x00201684 (code): wrote 0x08c12703, expected 0x08c12303 (cycle 7138)
  [249] ✓ INSTR_WORD_MOD_FULL @ step 3484: 3 failures, 3010ms, outcome: REJECTED, exit: 101 [proof:GENERATED] G=memory
       r=0.063  T_new=0.00 F_new=0.97 F_rare=1.00 U=0 Q=0.14 Q_l=0.37 Q_g=0.37 dl=3 dg=6
       Value: 0x00D676B3 -> 0x422A6517
       Original: AND x13, x12, x13
       Mutated:  AUIPC x10, 0x422a6000
       Format changed: R -> U
       zkVM errors (3 lines):
         • [prover_impl.rs:280] verify segment (internal proof verification failed)
         • [ffi.cpp:113] address mismatch at cycle 20286: preflight=0x3fffc02c, actual=0x3fffc034
         • [kernels/cxx/ffi.cpp:208] SKIP THROW: memory peek not in preflight
       Local constraints hit (3 unique):
         - VerifyOpcodeF3F7@inst.zir:102
           cycle=20286, step=3484, pc=0x00205E08, major=0, minor=4
         - VerifyOpcodeF3F7@inst.zir:103
           cycle=20286, step=3484, pc=0x00205E08, major=0, minor=4
         - VerifyOpcodeF3F7@inst.zir:104
           cycle=20286, step=3484, pc=0x00205E08, major=0, minor=4
       Global: memory permutation violated
         x2/sp: expected write missing, needed 0x00000003 (cycle 40571)
         x10/a0: expected write missing, needed 0x00000003 (cycle 40572)
         x12/a2: unexpected write 0x002215ce (cycle 40563)
         x13/a3: unexpected write 0x00000003 (cycle 40571)
         x20/s4: expected write missing, needed 0x002215ce (cycle 40563)
         0x00205E04 (code): wrote 0x00d676b3, expected 0x422a6517 (cycle 40046)
  [250] ✓ STORE_OUT_MOD @ step 1324: 2 failures, 3000ms, outcome: REJECTED, exit: 101 [proof:GENERATED] G=memory
       r=0.102  T_new=0.00 F_new=0.39 F_rare=0.59 U=0 Q=0.43 Q_l=0.51 Q_g=0.85 dl=2 dg=1
       Value: 0x00202F14 -> 0x04000000
       Store address: 0x002001cc
       zkVM errors (1 lines):
         • [prover_impl.rs:280] verify segment (internal proof verification failed)
       Local constraints hit (2 unique):
         - MemoryWrite@mem.zir:100
           cycle=17968, step=1324, pc=0x00202BC4, major=6, minor=2
         - MemoryWrite@mem.zir:99
           cycle=17968, step=1324, pc=0x00202BC4, major=6, minor=2
       Global: memory permutation violated
         0x002001CC (data): wrote 0x04000000, expected 0x00202f14 (cycle 35937)
  [251] ✓ INSTR_WORD_MOD_FULL @ step 1706: 0 failures, 2931ms, outcome: REJECTED, exit: 101 [proof:GENERATED] G=memory[GO]
       r=0.256  T_new=0.00 F_new=0.78 F_rare=1.00 U=0 Q=0.61 Q_l=1.00 Q_g=0.61 dl=0 dg=3
       Value: 0x00150513 -> 0x00170513
       Original: ADDI x10, x10, 1
       Mutated:  ADDI x10, x14, 1
       zkVM errors (3 lines):
         • [prover_impl.rs:280] verify segment (internal proof verification failed)
         • [ffi.cpp:113] address mismatch at cycle 18350: preflight=0x3fffc02a, actual=0x3fffc02e
         • [kernels/cxx/ffi.cpp:208] SKIP THROW: memory peek not in preflight
       Global: memory permutation violated [GLOBAL-ONLY]
         x10/a0: unexpected write 0x0021b164 (cycle 36690)
         x14/a4: expected write missing, needed 0x0021b164 (cycle 36690)
         0x002184D0 (code): wrote 0x00150513, expected 0x00170513 (cycle 36416)
  [252] ✓ MEM_VAL_MOD @ step 2857: 2 failures, 2940ms, outcome: REJECTED, exit: 101 [proof:GENERATED] G=memory
       r=0.110  T_new=0.00 F_new=0.39 F_rare=0.67 U=0 Q=0.43 Q_l=0.51 Q_g=0.85 dl=2 dg=1
       Value: 0x00000000 -> 0x9CF79D02
       Transaction: store_rmw_read (READ) at address 0x00200208
       zkVM errors (1 lines):
         • [prover_impl.rs:280] verify segment (internal proof verification failed)
       Local constraints hit (2 unique):
         - IsRead@mem.zir:79
           cycle=19585, step=2857, pc=0x00204AF8, major=6, minor=2
         - IsRead@mem.zir:80
           cycle=19585, step=2857, pc=0x00204AF8, major=6, minor=2
       Global: memory permutation violated
         0x00200208 (data): wrote 0x9cf79d02, expected 0x00000000 (cycle 39170)
  [253] ✓ COMP_OUT_MOD @ step 1337: 2 failures, 2939ms, outcome: REJECTED, exit: 101 [proof:GENERATED] G=memory
       r=0.106  T_new=0.00 F_new=0.39 F_rare=0.62 U=0 Q=0.43 Q_l=0.51 Q_g=0.85 dl=2 dg=1
       Value: 0x00000020 -> 0x596D5771
       Destination: rd = x12 (a2)
       zkVM errors (1 lines):
         • [prover_impl.rs:280] verify segment (internal proof verification failed)
       Local constraints hit (2 unique):
         - MemoryWrite@mem.zir:100
           cycle=17981, step=1337, pc=0x00202BF8, major=0, minor=7
         - MemoryWrite@mem.zir:99
           cycle=17981, step=1337, pc=0x00202BF8, major=0, minor=7
       Global: memory permutation violated
         x12/a2: wrote 0x596d5771, expected 0x00000020 (cycle 35963)
  [254] ✓ LOAD_VAL_MOD @ step 3818: 2 failures, 2951ms, outcome: REJECTED, exit: 101 [proof:GENERATED] G=memory
       r=0.105  T_new=0.00 F_new=0.39 F_rare=0.62 U=0 Q=0.43 Q_l=0.51 Q_g=0.85 dl=2 dg=1
       Value: 0x002215AC -> 0x00020000
       Load destination: rd = x9 (s1)
       zkVM errors (1 lines):
         • [prover_impl.rs:280] verify segment (internal proof verification failed)
       Local constraints hit (2 unique):
         - MemoryWrite@mem.zir:100
           cycle=20768, step=3818, pc=0x00205828, major=5, minor=2
         - MemoryWrite@mem.zir:99
           cycle=20768, step=3818, pc=0x00205828, major=5, minor=2
       Global: memory permutation violated
         x9/s1: wrote 0x00020000, expected 0x002215ac (cycle 41537)
  [255] ✓ LOAD_VAL_MOD @ step 3216: 2 failures, 2943ms, outcome: REJECTED, exit: 101 [proof:GENERATED] G=memory
       r=0.105  T_new=0.00 F_new=0.39 F_rare=0.62 U=0 Q=0.43 Q_l=0.51 Q_g=0.85 dl=2 dg=1
       Value: 0x0022156C -> 0x1066150C
       Load destination: rd = x12 (a2)
       zkVM errors (1 lines):
         • [prover_impl.rs:280] verify segment (internal proof verification failed)
       Local constraints hit (2 unique):
         - MemoryWrite@mem.zir:100
           cycle=20018, step=3216, pc=0x00205DF4, major=5, minor=2
         - MemoryWrite@mem.zir:99
           cycle=20018, step=3216, pc=0x00205DF4, major=5, minor=2
       Global: memory permutation violated
         x12/a2: wrote 0x1066150c, expected 0x0022156c (cycle 40037)
  [256] ✓ MEM_VAL_MOD @ step 752: 2 failures, 2957ms, outcome: REJECTED, exit: 101 [proof:GENERATED] G=memory
       r=0.183  T_new=0.00 F_new=0.78 F_rare=1.00 U=0 Q=0.43 Q_l=0.51 Q_g=0.85 dl=2 dg=1
       Value: 0xC000005C -> 0x00000800
       Transaction: other_mem_write (WRITE) at address 0xffff0100
       zkVM errors (1 lines):
         • [prover_impl.rs:280] verify segment (internal proof verification failed)
       Local constraints hit (2 unique):
         - MemoryWrite@mem.zir:100
           cycle=17367, step=752, pc=0xC0000134, major=2, minor=3
         - MemoryWrite@mem.zir:99
           cycle=17367, step=752, pc=0xC0000134, major=2, minor=3
       Global: memory permutation violated
         0xFFFF0100 (data): wrote 0x00000800, expected 0xc000005c (cycle 34735)
  [257] ✓ STORE_OUT_MOD @ step 2337: 2 failures, 2934ms, outcome: REJECTED, exit: 101 [proof:GENERATED] G=memory
       r=0.114  T_new=0.00 F_new=0.39 F_rare=0.70 U=0 Q=0.43 Q_l=0.51 Q_g=0.85 dl=2 dg=1
       Value: 0x00000080 -> 0xCA336D53
       Store address: 0x0020030c
       zkVM errors (1 lines):
         • [prover_impl.rs:280] verify segment (internal proof verification failed)
       Local constraints hit (2 unique):
         - MemoryWrite@mem.zir:100
           cycle=18991, step=2337, pc=0x0020321C, major=6, minor=0
         - MemoryWrite@mem.zir:99
           cycle=18991, step=2337, pc=0x0020321C, major=6, minor=0
       Global: memory permutation violated
         0x0020030C (data): wrote 0xca336d53, expected 0x00000080 (cycle 37983)
  [258] ✓ STORE_OUT_MOD @ step 3919: 1 failures, 2954ms, outcome: REJECTED, exit: 101 [proof:GENERATED] G=memory
       r=0.141  T_new=0.00 F_new=0.39 F_rare=0.58 U=0 Q=0.61 Q_l=0.72 Q_g=0.85 dl=1 dg=1
       Value: 0x0F745431 -> 0x0F745429
       Store address: 0xffff025c
       zkVM errors (1 lines):
         • [prover_impl.rs:280] verify segment (internal proof verification failed)
       Local constraints hit (1 unique):
         - MemoryWrite@mem.zir:99
           cycle=20869, step=3919, pc=0xC00000D4, major=6, minor=2
       Global: memory permutation violated
         0xFFFF025C (data): wrote 0x0f745429, expected 0x0f745431 (cycle 41739)
  [259] ✓ PRE_EXEC_REG_MOD @ step 2693: 4 failures, 2961ms, outcome: REJECTED, exit: 101 [proof:GENERATED] G=memory
       r=0.056  T_new=0.00 F_new=0.39 F_rare=0.66 U=0 Q=0.22 Q_l=0.26 Q_g=0.85 dl=4 dg=1
       Value: 0xC3D4E0D9 -> 0x8645B8DA
       Register: x14 (a4), READ, strategy=next_read
       zkVM errors (1 lines):
         • [prover_impl.rs:280] verify segment (internal proof verification failed)
       Local constraints hit (4 unique):
         - IsRead@mem.zir:79
           cycle=19421, step=2693, pc=0x00201610, major=6, minor=2
         - IsRead@mem.zir:80
           cycle=19421, step=2693, pc=0x00201610, major=6, minor=2
         - MemoryWrite@mem.zir:100
           cycle=19421, step=2693, pc=0x00201610, major=6, minor=2
         - MemoryWrite@mem.zir:99
           cycle=19421, step=2693, pc=0x00201610, major=6, minor=2
       Global: memory permutation violated
         x14/a4: wrote 0x8645b8da, expected 0xc3d4e0d9 (cycle 38842)
  [260] ✓ LOAD_VAL_MOD @ step 3023: 1 failures, 2986ms, outcome: REJECTED, exit: 101 [proof:GENERATED] G=memory
       r=0.146  T_new=0.00 F_new=0.39 F_rare=0.61 U=0 Q=0.61 Q_l=0.72 Q_g=0.85 dl=1 dg=1
       Value: 0x754F2E30 -> 0x754F2E38
       Load destination: rd = x15 (a5)
       zkVM errors (1 lines):
         • [prover_impl.rs:280] verify segment (internal proof verification failed)
       Local constraints hit (1 unique):
         - MemoryWrite@mem.zir:99
           cycle=19751, step=3023, pc=0x00203458, major=5, minor=2
       Global: memory permutation violated
         x15/a5: wrote 0x754f2e38, expected 0x754f2e30 (cycle 39503)
  [261] ✓ LOAD_VAL_MOD @ step 2068: 2 failures, 2946ms, outcome: REJECTED, exit: 101 [proof:GENERATED] G=memory
       r=0.105  T_new=0.00 F_new=0.39 F_rare=0.61 U=0 Q=0.43 Q_l=0.51 Q_g=0.85 dl=2 dg=1
       Value: 0x002000FC -> 0xEF176710
       Load destination: rd = x9 (s1)
       zkVM errors (1 lines):
         • [prover_impl.rs:280] verify segment (internal proof verification failed)
       Local constraints hit (2 unique):
         - MemoryWrite@mem.zir:100
           cycle=18722, step=2068, pc=0x002097BC, major=5, minor=2
         - MemoryWrite@mem.zir:99
           cycle=18722, step=2068, pc=0x002097BC, major=5, minor=2
       Global: memory permutation violated
         x9/s1: wrote 0xef176710, expected 0x002000fc (cycle 37445)
  [262] ✓ LOAD_VAL_MOD @ step 3280: 2 failures, 2933ms, outcome: REJECTED, exit: 101 [proof:GENERATED] G=memory
       r=0.104  T_new=0.00 F_new=0.39 F_rare=0.61 U=0 Q=0.43 Q_l=0.51 Q_g=0.85 dl=2 dg=1
       Value: 0x9A008748 -> 0x0000FFFF
       Load destination: rd = x16 (a6)
       zkVM errors (1 lines):
         • [prover_impl.rs:280] verify segment (internal proof verification failed)
       Local constraints hit (2 unique):
         - MemoryWrite@mem.zir:100
           cycle=20082, step=3280, pc=0x00203420, major=5, minor=2
         - MemoryWrite@mem.zir:99
           cycle=20082, step=3280, pc=0x00203420, major=5, minor=2
       Global: memory permutation violated
         x16/a6: wrote 0x0000ffff, expected 0x9a008748 (cycle 40165)
  [263] ✓ INSTR_WORD_MOD_SUR @ step 320: 1 failures, 2963ms, outcome: REJECTED, exit: 101 [proof:GENERATED] G=memory
       r=0.183  T_new=0.00 F_new=0.78 F_rare=1.00 U=0 Q=0.43 Q_l=0.72 Q_g=0.61 dl=1 dg=3
       Value: 0x00012623 -> 0xFC012723
       Surgical: imm = 12 -> 4046
       Original: SW x0, 12(x2)
       Mutated:  SW x0, -50(x2)
       zkVM errors (3 lines):
         • [prover_impl.rs:280] verify segment (internal proof verification failed)
         • [ffi.cpp:113] address mismatch at cycle 16905: preflight=0x000800db, actual=0x000800cb
         • [kernels/cxx/ffi.cpp:208] SKIP THROW: memory peek not in preflight
       Local constraints hit (1 unique):
         - OpSW@inst_mem.zir:161
           cycle=16905, step=320, pc=0x00200878, major=6, minor=2
       Global: memory permutation violated
         0x0020032C (data): expected write missing, needed 0x00000000 (cycle 33804)
         0x0020036C (data): unexpected write 0x00000000 (cycle 33804)
         0x00200874 (code): wrote 0x00012623, expected 0xfc012723 (cycle 4866)
  [264] ✓ COMP_OUT_MOD @ step 1089: 2 failures, 2940ms, outcome: REJECTED, exit: 101 [proof:GENERATED] G=memory
       r=0.122  T_new=0.00 F_new=0.39 F_rare=0.79 U=0 Q=0.43 Q_l=0.51 Q_g=0.85 dl=2 dg=1
       Value: 0x00000000 -> 0x7209E877
       Destination: rd = x16 (a6)
       zkVM errors (1 lines):
         • [prover_impl.rs:280] verify segment (internal proof verification failed)
       Local constraints hit (2 unique):
         - MemoryWrite@mem.zir:100
           cycle=17733, step=1089, pc=0x00206348, major=0, minor=1
         - MemoryWrite@mem.zir:99
           cycle=17733, step=1089, pc=0x00206348, major=0, minor=1
       Global: memory permutation violated
         x16/a6: wrote 0x7209e877, expected 0x00000000 (cycle 35467)
  [265] ✓ INSTR_TYPE_MOD @ step 612: 6 failures, 2995ms, outcome: REJECTED, exit: 101 [proof:GENERATED] G=memory|cycle
       r=0.027  T_new=0.00 F_new=0.78 F_rare=1.00 U=0 Q=0.06 Q_l=0.14 Q_g=0.43 dl=6 dg=5
       Value: 0x00000001 -> 0x00060001
       Original: Sub [major=0, minor=1]
       Mutated:  Sh [major=6, minor=1]
       zkVM errors (3 lines):
         • [prover_impl.rs:280] verify segment (internal proof verification failed)
         • [ffi.cpp:113] address mismatch at cycle 17221: preflight=0x3fffc026, actual=0x00000102
         • [kernels/cxx/ffi.cpp:208] SKIP THROW: memory peek not in preflight
       Local constraints hit (6 unique):
         - AddrDecomposeBits@u32.zir:87
           cycle=17221, step=612, pc=0x002061B0, major=6, minor=1
         - IsRead@mem.zir:79
           cycle=17221, step=612, pc=0x002061B0, major=6, minor=1
         - MemoryWrite@mem.zir:100
           cycle=17221, step=612, pc=0x002061B0, major=6, minor=1
         - MemoryWrite@mem.zir:99
           cycle=17221, step=612, pc=0x002061B0, major=6, minor=1
         - VerifyOpcodeF3@inst.zir:96
           cycle=17221, step=612, pc=0x002061B0, major=6, minor=1
         - VerifyOpcodeF3@inst.zir:97
           cycle=17221, step=612, pc=0x002061B0, major=6, minor=1
       Global: memory permutation violated
         0x00000408 (data): expected write missing, needed 0x00e888b3 (cycle 34272)
         x6/t1: unexpected write 0x00000004 (cycle 34442)
       Global: cycle lookup violated (3 indices broken)
         index 0: 2254 provides, 1 uses (imbalanced)
         index 170: 3 provides, 1 uses (imbalanced)
         index 2013265920: orphan provide (1 entries, no matching use)
  [266] ✓ STORE_OUT_MOD @ step 2423: 2 failures, 2963ms, outcome: REJECTED, exit: 101 [proof:GENERATED] G=memory
       r=0.102  T_new=0.00 F_new=0.39 F_rare=0.58 U=0 Q=0.43 Q_l=0.51 Q_g=0.85 dl=2 dg=1
       Value: 0x00219E74 -> 0x5A9CFEAB
       Store address: 0x002002ec
       zkVM errors (1 lines):
         • [prover_impl.rs:280] verify segment (internal proof verification failed)
       Local constraints hit (2 unique):
         - MemoryWrite@mem.zir:100
           cycle=19077, step=2423, pc=0x00205570, major=6, minor=2
         - MemoryWrite@mem.zir:99
           cycle=19077, step=2423, pc=0x00205570, major=6, minor=2
       Global: memory permutation violated
         0x002002EC (data): wrote 0x5a9cfeab, expected 0x00219e74 (cycle 38155)
  [267] ✓ INSTR_TYPE_MOD @ step 2366: 30 failures, 2986ms, outcome: REJECTED, exit: 101 [proof:GENERATED] G=memory|cycle
       r=0.001  T_new=0.00 F_new=1.00 F_rare=1.00 U=0 Q=0.00 Q_l=0.01 Q_g=0.11 dl=13 dg=13
       Value: 0x00060002 -> 0x00020003
       Original: Sw [major=6, minor=2]
       Mutated:  Jal [major=2, minor=3]
       zkVM errors (3 lines):
         • [prover_impl.rs:280] verify segment (internal proof verification failed)
         • [ffi.cpp:113] address mismatch at cycle 19020: preflight=0x000800c8, actual=0x3fffc030
         • [kernels/cxx/ffi.cpp:208] SKIP THROW: memory peek not in preflight
       Local constraints hit (4 unique):
         - DecodeInst@inst.zir:29 (x25)
           cycle=19021, step=2367, pc=0x00203294, major=6, minor=2
         - MemoryWrite@mem.zir:100 (x2)
           cycle=19020, step=2366, pc=0x00203290, major=2, minor=3
         - MemoryWrite@mem.zir:99 (x2)
           cycle=19020, step=2366, pc=0x00203290, major=2, minor=3
         - VerifyOpcode@inst.zir:91
           cycle=19020, step=2366, pc=0x00203290, major=2, minor=3
       Global: memory permutation violated (52 addrs: 1 register, 50 code, 1 data)
         0x00200320 (data): unexpected write 0x00000000 (cycle 37837)
         x16/a6: expected write missing, needed 0x00000000 (cycle 37837)
         + 50 code addresses diverged (instruction fetch cascade)
       Global: cycle lookup violated (3 indices broken)
         index 0: 2254 provides, 1 uses (imbalanced)
         index 202: 3 provides, 1 uses (imbalanced)
         index 203: 17 provides, 1 uses (imbalanced)
  [268] ✓ LOAD_VAL_MOD @ step 308: 2 failures, 2930ms, outcome: REJECTED, exit: 101 [proof:GENERATED] G=memory
       r=0.104  T_new=0.00 F_new=0.39 F_rare=0.61 U=0 Q=0.43 Q_l=0.51 Q_g=0.85 dl=2 dg=1
       Value: 0x0020084C -> 0x40000000
       Load destination: rd = x1 (ra)
       zkVM errors (1 lines):
         • [prover_impl.rs:280] verify segment (internal proof verification failed)
       Local constraints hit (2 unique):
         - MemoryWrite@mem.zir:100
           cycle=16893, step=308, pc=0x002031EC, major=5, minor=2
         - MemoryWrite@mem.zir:99
           cycle=16893, step=308, pc=0x002031EC, major=5, minor=2
       Global: memory permutation violated
         x1/ra: wrote 0x40000000, expected 0x0020084c (cycle 33787)
  [269] ✓ INSTR_WORD_MOD_FULL @ step 2512: 0 failures, 2950ms, outcome: REJECTED, exit: 101 [proof:GENERATED] G=memory[GO]
       r=0.256  T_new=0.00 F_new=0.78 F_rare=1.00 U=0 Q=0.61 Q_l=1.00 Q_g=0.61 dl=0 dg=3
       Value: 0x01012903 -> 0x05012903
       Original: LW x18, 16(x2)
       Mutated:  LW x18, 80(x2)
       zkVM errors (3 lines):
         • [prover_impl.rs:280] verify segment (internal proof verification failed)
         • [ffi.cpp:113] address mismatch at cycle 19240: preflight=0x000800bc, actual=0x000800cc
         • [kernels/cxx/ffi.cpp:208] SKIP THROW: memory peek not in preflight
       Global: memory permutation violated [GLOBAL-ONLY]
         0x002002F0 (data): unexpected write 0x00200308 (cycle 38153)
         0x00200330 (data): expected write missing, needed 0x00200308 (cycle 38153)
         0x002055D0 (code): wrote 0x01012903, expected 0x05012903 (cycle 16034)
  [270] ✓ MEM_VAL_MOD @ step 0: 10 failures, 2958ms, outcome: REJECTED, exit: 101 [proof:GENERATED] G=memory
       r=0.083  T_new=0.00 F_new=0.39 F_rare=0.72 U=0 Q=0.31 Q_l=0.37 Q_g=0.85 dl=3 dg=1
       Value: 0x00000000 -> 0x09040080
       Transaction: other_mem_read (READ) at address 0x002210dc
       zkVM errors (2 lines):
         • [prover_impl.rs:280] verify segment (internal proof verification failed)
         • [kernels/cxx/buffers.h:43] SKIP THROW: Inconsistent set
       Local constraints hit (3 unique):
         - IsRead@mem.zir:79
           cycle=14377, step=0, pc=0x00000000, major=9, minor=2
         - IsRead@mem.zir:80
           cycle=14377, step=0, pc=0x00000000, major=9, minor=2
         - PoseidonCheckOut@inst_p2.zir:265 (x8)
           cycle=14637, step=0, pc=0x00000000, major=9, minor=5
       Global: memory permutation violated
         0x002210DC (code): wrote 0x09040080, expected 0x00000000 (cycle 28754)
  [271] 💥 PRE_EXEC_REG_MOD @ step 3048: 2 failures, 543ms, outcome: CRASH, exit: -11 [proof:NOT_GENERATED]
       r=0.000  T_new=0.00 F_new=0.00 F_rare=0.00 U=0 Q=0.00 Q_l=0.00 Q_g=1.00 dl=0 dg=0
       Value: 0x00203774 -> 0xFFDFC88B
       Register: x1 (ra), READ, strategy=next_read
       Local constraints hit (2 unique):
         - IsRead@mem.zir:79
           cycle=19776, step=3048, pc=0x002031FC, major=2, minor=4
         - IsRead@mem.zir:80
           cycle=19776, step=3048, pc=0x002031FC, major=2, minor=4
       Global: no permutation/lookup violations (local-only)
  [272] ✓ MEM_VAL_MOD @ step 946: 2 failures, 2937ms, outcome: REJECTED, exit: 101 [proof:GENERATED] G=memory
       r=0.108  T_new=0.00 F_new=0.39 F_rare=0.65 U=0 Q=0.43 Q_l=0.51 Q_g=0.85 dl=2 dg=1
       Value: 0x00000000 -> 0x7C1534F5
       Transaction: store_rmw_read (READ) at address 0x00200368
       zkVM errors (1 lines):
         • [prover_impl.rs:280] verify segment (internal proof verification failed)
       Local constraints hit (2 unique):
         - IsRead@mem.zir:79
           cycle=17579, step=946, pc=0x00200A4C, major=6, minor=2
         - IsRead@mem.zir:80
           cycle=17579, step=946, pc=0x00200A4C, major=6, minor=2
       Global: memory permutation violated
         0x00200368 (data): wrote 0x7c1534f5, expected 0x00000000 (cycle 35158)
  [273] ✓ LOAD_VAL_MOD @ step 1364: 2 failures, 2965ms, outcome: REJECTED, exit: 101 [proof:GENERATED] G=memory
       r=0.107  T_new=0.00 F_new=0.39 F_rare=0.64 U=0 Q=0.43 Q_l=0.51 Q_g=0.85 dl=2 dg=1
       Value: 0x00000067 -> 0xB8C29BFE
       Load destination: rd = x14 (a4)
       zkVM errors (1 lines):
         • [prover_impl.rs:280] verify segment (internal proof verification failed)
       Local constraints hit (2 unique):
         - MemoryWrite@mem.zir:100
           cycle=18008, step=1364, pc=0x002184C4, major=5, minor=3
         - MemoryWrite@mem.zir:99
           cycle=18008, step=1364, pc=0x002184C4, major=5, minor=3
       Global: memory permutation violated
         x14/a4: wrote 0xb8c29bfe, expected 0x00000067 (cycle 36017)
  [274] ✓ INSTR_WORD_MOD_SUR @ step 2577: 1 failures, 2954ms, outcome: REJECTED, exit: 101 [proof:GENERATED] G=memory
       r=0.235  T_new=0.00 F_new=0.63 F_rare=1.00 U=0 Q=0.61 Q_l=0.72 Q_g=0.85 dl=1 dg=1
       Value: 0x00B665B3 -> 0xE0B665B3
       Surgical: funct7 = 0 -> 112
       Original: OR x11, x12, x11
       Mutated:  OR x11, x12, x11
       zkVM errors (1 lines):
         • [prover_impl.rs:280] verify segment (internal proof verification failed)
       Local constraints hit (1 unique):
         - VerifyOpcodeF3F7@inst.zir:104
           cycle=19305, step=2577, pc=0x00201530, major=0, minor=3
       Global: memory permutation violated
         0x0020152C (code): wrote 0x00b665b3, expected 0xe0b665b3 (cycle 6918)
  [275] ✓ INSTR_TYPE_MOD @ step 2719: 3 failures, 2935ms, outcome: REJECTED, exit: 101 [proof:GENERATED] G=memory
       r=0.111  T_new=0.00 F_new=0.78 F_rare=1.00 U=0 Q=0.26 Q_l=0.37 Q_g=0.72 dl=3 dg=2
       Value: 0x00050002 -> 0x00030002
       Original: Lw [major=5, minor=2]
       Mutated:  Mul [major=3, minor=2]
       zkVM errors (3 lines):
         • [prover_impl.rs:280] verify segment (internal proof verification failed)
         • [ffi.cpp:113] address mismatch at cycle 19447: preflight=0x000800e3, actual=0x3fffc02c
         • [kernels/cxx/ffi.cpp:208] SKIP THROW: memory peek not in preflight
       Local constraints hit (3 unique):
         - VerifyOpcodeF3F7@inst.zir:102
           cycle=19447, step=2719, pc=0x00201688, major=3, minor=2
         - VerifyOpcodeF3F7@inst.zir:103
           cycle=19447, step=2719, pc=0x00201688, major=3, minor=2
         - VerifyOpcodeF3F7@inst.zir:104
           cycle=19447, step=2719, pc=0x00201688, major=3, minor=2
       Global: memory permutation violated
         0x0020038C (data): unexpected write 0x00000000 (cycle 38877)
         x12/a2: expected write missing, needed 0x00000000 (cycle 38877)
  [276] ✓ COMP_OUT_MOD @ step 2987: 2 failures, 2939ms, outcome: REJECTED, exit: 101 [proof:GENERATED] G=memory
       r=0.105  T_new=0.00 F_new=0.39 F_rare=0.62 U=0 Q=0.43 Q_l=0.51 Q_g=0.85 dl=2 dg=1
       Value: 0x00000000 -> 0x7E25D520
       Destination: rd = x14 (a4)
       zkVM errors (1 lines):
         • [prover_impl.rs:280] verify segment (internal proof verification failed)
       Local constraints hit (2 unique):
         - MemoryWrite@mem.zir:100
           cycle=19715, step=2987, pc=0x00205E14, major=0, minor=7
         - MemoryWrite@mem.zir:99
           cycle=19715, step=2987, pc=0x00205E14, major=0, minor=7
       Global: memory permutation violated
         x14/a4: wrote 0x7e25d520, expected 0x00000000 (cycle 39431)
  [277] ✓ COMP_OUT_MOD @ step 325: 2 failures, 2940ms, outcome: REJECTED, exit: 101 [proof:GENERATED] G=memory
       r=0.114  T_new=0.00 F_new=0.39 F_rare=0.70 U=0 Q=0.43 Q_l=0.51 Q_g=0.85 dl=2 dg=1
       Value: 0x00203888 -> 0xFFDFC777
       Destination: rd = x1 (ra)
       zkVM errors (1 lines):
         • [prover_impl.rs:280] verify segment (internal proof verification failed)
       Local constraints hit (2 unique):
         - MemoryWrite@mem.zir:100
           cycle=16910, step=325, pc=0x0020088C, major=2, minor=6
         - MemoryWrite@mem.zir:99
           cycle=16910, step=325, pc=0x0020088C, major=2, minor=6
       Global: memory permutation violated
         x1/ra: wrote 0xffdfc777, expected 0x00203888 (cycle 33821)
  [278] ✓ PRE_EXEC_REG_MOD @ step 0: 9 failures, 2953ms, outcome: REJECTED, exit: 101 [proof:GENERATED] G=memory
       r=0.114  T_new=0.00 F_new=0.39 F_rare=0.70 U=0 Q=0.43 Q_l=0.51 Q_g=0.85 dl=2 dg=1
       Value: 0x00000000 -> 0x20000000
       Register: x7 (t2), READ, strategy=next_read
       zkVM errors (2 lines):
         • [prover_impl.rs:280] verify segment (internal proof verification failed)
         • [kernels/cxx/buffers.h:43] SKIP THROW: Inconsistent set
       Local constraints hit (2 unique):
         - IsRead@mem.zir:80
           cycle=15967, step=0, pc=0x00000000, major=9, minor=2
         - PoseidonCheckOut@inst_p2.zir:265 (x8)
           cycle=16247, step=0, pc=0x00000000, major=9, minor=5
       Global: memory permutation violated
         x7/t2: wrote 0x20000000, expected 0x00000000 (cycle 31934)
  [279] ✓ STORE_OUT_MOD @ step 2264: 2 failures, 2964ms, outcome: REJECTED, exit: 101 [proof:GENERATED] G=memory
       r=0.101  T_new=0.00 F_new=0.39 F_rare=0.58 U=0 Q=0.43 Q_l=0.51 Q_g=0.85 dl=2 dg=1
       Value: 0x00000000 -> 0xFFFFFFFE
       Store address: 0x00200320
       zkVM errors (1 lines):
         • [prover_impl.rs:280] verify segment (internal proof verification failed)
       Local constraints hit (2 unique):
         - MemoryWrite@mem.zir:100
           cycle=18918, step=2264, pc=0x0020342C, major=6, minor=2
         - MemoryWrite@mem.zir:99
           cycle=18918, step=2264, pc=0x0020342C, major=6, minor=2
       Global: memory permutation violated
         0x00200320 (data): wrote 0xfffffffe, expected 0x00000000 (cycle 37837)
  [280] ✓ LOAD_VAL_MOD @ step 3333: 2 failures, 2920ms, outcome: REJECTED, exit: 101 [proof:GENERATED] G=memory
       r=0.104  T_new=0.00 F_new=0.39 F_rare=0.61 U=0 Q=0.43 Q_l=0.51 Q_g=0.85 dl=2 dg=1
       Value: 0xBCE109F9 -> 0xC21EE746
       Load destination: rd = x17 (a7)
       zkVM errors (1 lines):
         • [prover_impl.rs:280] verify segment (internal proof verification failed)
       Local constraints hit (2 unique):
         - MemoryWrite@mem.zir:100
           cycle=20135, step=3333, pc=0x00203424, major=5, minor=2
         - MemoryWrite@mem.zir:99
           cycle=20135, step=3333, pc=0x00203424, major=5, minor=2
       Global: memory permutation violated
         x17/a7: wrote 0xc21ee746, expected 0xbce109f9 (cycle 40271)
  [281] ✓ INSTR_WORD_MOD_SUR @ step 2062: 1 failures, 2940ms, outcome: REJECTED, exit: 101 [proof:GENERATED] G=memory
       r=0.171  T_new=0.00 F_new=0.39 F_rare=0.79 U=0 Q=0.61 Q_l=0.72 Q_g=0.85 dl=1 dg=1
       Value: 0x04B50A63 -> 0x04B53A63
       Surgical: funct3 = 0 -> 3
       Original: BEQ x10, x11, 84
       Mutated:  BRANCH.3 x10, x11, 84
       zkVM errors (1 lines):
         • [prover_impl.rs:280] verify segment (internal proof verification failed)
       Local constraints hit (1 unique):
         - VerifyOpcodeF3@inst.zir:97
           cycle=18716, step=2062, pc=0x00209754, major=1, minor=5
       Global: memory permutation violated
         0x00209700 (code): wrote 0x04b50a63, expected 0x04b53a63 (cycle 37022)
  [282] ✓ COMP_OUT_MOD @ step 3300: 2 failures, 2957ms, outcome: REJECTED, exit: 101 [proof:GENERATED] G=memory
       r=0.122  T_new=0.00 F_new=0.39 F_rare=0.79 U=0 Q=0.43 Q_l=0.51 Q_g=0.85 dl=2 dg=1
       Value: 0x00000020 -> 0xBCFE403F
       Destination: rd = x21 (s5)
       zkVM errors (1 lines):
         • [prover_impl.rs:280] verify segment (internal proof verification failed)
       Local constraints hit (2 unique):
         - MemoryWrite@mem.zir:100
           cycle=20102, step=3300, pc=0x00204BFC, major=0, minor=0
         - MemoryWrite@mem.zir:99
           cycle=20102, step=3300, pc=0x00204BFC, major=0, minor=0
       Global: memory permutation violated
         x21/s5: wrote 0xbcfe403f, expected 0x00000020 (cycle 40205)
  [283] ✓ INSTR_TYPE_MOD @ step 2004: 4 failures, 2923ms, outcome: REJECTED, exit: 101 [proof:GENERATED]
       r=0.041  T_new=0.00 F_new=0.00 F_rare=0.64 U=0 Q=0.26 Q_l=0.26 Q_g=1.00 dl=4 dg=0
       Value: 0x00000007 -> 0x00000001
       Original: AddI [major=0, minor=7]
       Mutated:  Sub [major=0, minor=1]
       zkVM errors (1 lines):
         • [prover_impl.rs:280] verify segment (internal proof verification failed)
       Local constraints hit (4 unique):
         - MemoryWrite@mem.zir:100
           cycle=18653, step=2004, pc=0x002184D4, major=0, minor=1
         - MemoryWrite@mem.zir:99
           cycle=18653, step=2004, pc=0x002184D4, major=0, minor=1
         - VerifyOpcodeF3F7@inst.zir:102
           cycle=18653, step=2004, pc=0x002184D4, major=0, minor=1
         - VerifyOpcodeF3F7@inst.zir:104
           cycle=18653, step=2004, pc=0x002184D4, major=0, minor=1
       Global: no permutation/lookup violations (local-only)
  [284] ✓ STORE_OUT_MOD @ step 2871: 1 failures, 2919ms, outcome: REJECTED, exit: 101 [proof:GENERATED] G=memory
       r=0.141  T_new=0.00 F_new=0.39 F_rare=0.58 U=0 Q=0.61 Q_l=0.72 Q_g=0.85 dl=1 dg=1
       Value: 0x00204B28 -> 0x002A4B28
       Store address: 0x002001bc
       zkVM errors (1 lines):
         • [prover_impl.rs:280] verify segment (internal proof verification failed)
       Local constraints hit (1 unique):
         - MemoryWrite@mem.zir:100
           cycle=19599, step=2871, pc=0x0020535C, major=6, minor=2
       Global: memory permutation violated
         0x002001BC (data): wrote 0x002a4b28, expected 0x00204b28 (cycle 39199)
  [285] ✓ INSTR_TYPE_MOD @ step 2942: 4 failures, 2906ms, outcome: REJECTED, exit: 101 [proof:GENERATED] [+33 touch]
       r=0.169  T_new=0.61 F_new=0.86 F_rare=1.00 U=0 Q=0.26 Q_l=0.26 Q_g=1.00 dl=4 dg=0
       Value: 0x00060002 -> 0x0006000F
       Original: Sw [major=6, minor=2]
       Mutated:  Unknown(6,15) [major=6, minor=15] ⚠INVALID
       zkVM errors (1 lines):
         • [prover_impl.rs:280] verify segment (internal proof verification failed)
       Local constraints hit (4 unique):
         - MemoryWrite@mem.zir:100
           cycle=19670, step=2942, pc=0x00205618, major=6, minor=15
         - MemoryWrite@mem.zir:99
           cycle=19670, step=2942, pc=0x00205618, major=6, minor=15
         - OneHot@one_hot.zir:11
           cycle=19670, step=2942, pc=0x00205618, major=6, minor=15
         - OneHot@one_hot.zir:9
           cycle=19670, step=2942, pc=0x00205618, major=6, minor=15
       Global: no permutation/lookup violations (local-only)
  [286] ✓ PRE_EXEC_REG_MOD @ step 2877: 4 failures, 3001ms, outcome: REJECTED, exit: 101 [proof:GENERATED] G=memory
       r=0.058  T_new=0.00 F_new=0.39 F_rare=0.69 U=0 Q=0.22 Q_l=0.26 Q_g=0.85 dl=4 dg=1
       Value: 0x0021AD2C -> 0x4798578F
       Register: x10 (a0), READ, strategy=next_read
       zkVM errors (1 lines):
         • [prover_impl.rs:280] verify segment (internal proof verification failed)
       Local constraints hit (4 unique):
         - IsRead@mem.zir:79
           cycle=19605, step=2877, pc=0x00205374, major=0, minor=7
         - IsRead@mem.zir:80
           cycle=19605, step=2877, pc=0x00205374, major=0, minor=7
         - MemoryWrite@mem.zir:100
           cycle=19605, step=2877, pc=0x00205374, major=0, minor=7
         - MemoryWrite@mem.zir:99
           cycle=19605, step=2877, pc=0x00205374, major=0, minor=7
       Global: memory permutation violated
         x10/a0: wrote 0x4798578f, expected 0x0021ad2c (cycle 39210)
  [287] ✓ MEM_VAL_MOD @ step 1597: 2 failures, 2939ms, outcome: REJECTED, exit: 101 [proof:GENERATED] G=memory
       r=0.108  T_new=0.00 F_new=0.39 F_rare=0.64 U=0 Q=0.43 Q_l=0.51 Q_g=0.85 dl=2 dg=1
       Value: 0x00000000 -> 0xFFFFFFFF
       Transaction: store_rmw_read (READ) at address 0x002001bc
       zkVM errors (1 lines):
         • [prover_impl.rs:280] verify segment (internal proof verification failed)
       Local constraints hit (2 unique):
         - IsRead@mem.zir:79
           cycle=18241, step=1597, pc=0x00204014, major=6, minor=2
         - IsRead@mem.zir:80
           cycle=18241, step=1597, pc=0x00204014, major=6, minor=2
       Global: memory permutation violated
         0x002001BC (data): wrote 0xffffffff, expected 0x00000000 (cycle 36482)
  [288] ✓ INSTR_TYPE_MOD @ step 1991: 4 failures, 2945ms, outcome: REJECTED, exit: 101 [proof:GENERATED] G=memory
       r=0.025  T_new=0.00 F_new=0.99 F_rare=1.00 U=0 Q=0.05 Q_l=0.26 Q_g=0.19 dl=4 dg=10
       Value: 0x00010006 -> 0x00030005
       Original: Bne [major=1, minor=6]
       Mutated:  MulHU [major=3, minor=5]
       zkVM errors (3 lines):
         • [prover_impl.rs:280] verify segment (internal proof verification failed)
         • [ffi.cpp:113] address mismatch at cycle 18640: preflight=0x3fffc060, actual=0x3fffc029
         • [kernels/cxx/ffi.cpp:208] SKIP THROW: memory peek not in preflight
       Local constraints hit (4 unique):
         - MemoryWrite@mem.zir:99
           cycle=18677, step=2028, pc=0x00205FD0, major=2, minor=4
         - VerifyOpcodeF3F7@inst.zir:102
           cycle=18640, step=1991, pc=0x002184BC, major=3, minor=5
         - VerifyOpcodeF3F7@inst.zir:103
           cycle=18640, step=1991, pc=0x002184BC, major=3, minor=5
         - VerifyOpcodeF3F7@inst.zir:104
           cycle=18640, step=1991, pc=0x002184BC, major=3, minor=5
       Global: memory permutation violated (18 addrs: 1 register, 16 code, 1 data)
         x9/s1: expected write missing, needed 0x00000000 (cycle 37273)
         0xFFFF0180 (data): unexpected write 0x00000000 (cycle 37273)
         + 16 code addresses diverged (instruction fetch cascade)
  [289] ✓ INSTR_WORD_MOD_SUR @ step 1420: 1 failures, 2938ms, outcome: REJECTED, exit: 101 [proof:GENERATED] G=memory
       r=0.235  T_new=0.00 F_new=0.63 F_rare=1.00 U=0 Q=0.61 Q_l=0.72 Q_g=0.85 dl=1 dg=1
       Value: 0x0005C703 -> 0x0005D703
       Surgical: funct3 = 4 -> 5
       Original: LBU x14, 0(x11)
       Mutated:  LHU x14, 0(x11)
       zkVM errors (1 lines):
         • [prover_impl.rs:280] verify segment (internal proof verification failed)
       Local constraints hit (1 unique):
         - VerifyOpcodeF3@inst.zir:97
           cycle=18064, step=1420, pc=0x002184C4, major=5, minor=3
       Global: memory permutation violated
         0x002184C0 (code): wrote 0x0005c703, expected 0x0005d703 (cycle 36114)
  [290] ✓ COMP_OUT_MOD @ step 2846: 2 failures, 2961ms, outcome: REJECTED, exit: 101 [proof:GENERATED] G=memory
       r=0.114  T_new=0.00 F_new=0.39 F_rare=0.70 U=0 Q=0.43 Q_l=0.51 Q_g=0.85 dl=2 dg=1
       Value: 0x00203BE8 -> 0xB81AD1D4
       Destination: rd = x1 (ra)
       zkVM errors (1 lines):
         • [prover_impl.rs:280] verify segment (internal proof verification failed)
       Local constraints hit (2 unique):
         - MemoryWrite@mem.zir:100
           cycle=19574, step=2846, pc=0x00204ACC, major=2, minor=4
         - MemoryWrite@mem.zir:99
           cycle=19574, step=2846, pc=0x00204ACC, major=2, minor=4
       Global: memory permutation violated
         x1/ra: wrote 0xb81ad1d4, expected 0x00203be8 (cycle 39149)
  [291] ✓ MEM_VAL_MOD @ step 2200: 13 failures, 2925ms, outcome: REJECTED, exit: 101 [proof:GENERATED] G=memory
       r=0.003  T_new=0.00 F_new=0.92 F_rare=1.00 U=0 Q=0.01 Q_l=0.04 Q_g=0.19 dl=10 dg=10
       Value: 0x00C59A63 -> 0x3F6139DD
       Transaction: other_mem_read (READ) at address 0x00201eb0
       zkVM errors (3 lines):
         • [prover_impl.rs:280] verify segment (internal proof verification failed)
         • [ffi.cpp:113] address mismatch at cycle 18854: preflight=0x3fffc02b, actual=0x3fffc022
         • [kernels/cxx/ffi.cpp:208] SKIP THROW: memory peek not in preflight
       Local constraints hit (6 unique):
         - DecodeInst@inst.zir:29 (x7)
           cycle=18855, step=2201, pc=0x00201EC8, major=0, minor=7
         - IsRead@mem.zir:79
           cycle=18854, step=2200, pc=0x00201EC4, major=1, minor=6
         - IsRead@mem.zir:80
           cycle=18854, step=2200, pc=0x00201EC4, major=1, minor=6
         - MemoryWrite@mem.zir:99 (x2)
           cycle=18860, step=2206, pc=0x00201EDC, major=2, minor=6
         - VerifyOpcodeF3@inst.zir:96
           cycle=18854, step=2200, pc=0x00201EC4, major=1, minor=6
         - VerifyOpcodeF3@inst.zir:97
           cycle=18854, step=2200, pc=0x00201EC4, major=1, minor=6
       Global: memory permutation violated (19 addrs: 4 register, 15 code)
         x2/sp: expected write missing, needed 0x00000001 (cycle 37705)
         x11/a1: unexpected write 0x00000001 (cycle 37705)
         x12/a2: unexpected write 0x00000002 (cycle 37707)
         + 15 code addresses diverged (instruction fetch cascade)
         + 1 more addresses
  [292] ✓ PRE_EXEC_REG_MOD @ step 3349: 2 failures, 2931ms, outcome: REJECTED, exit: 101 [proof:GENERATED] G=memory
       r=0.131  T_new=0.00 F_new=0.78 F_rare=1.00 U=0 Q=0.31 Q_l=0.51 Q_g=0.61 dl=2 dg=3
       Value: 0x0022159C -> 0x00080000
       Register: x13 (a3), READ, strategy=next_read
       zkVM errors (3 lines):
         • [prover_impl.rs:280] verify segment (internal proof verification failed)
         • [ffi.cpp:113] address mismatch at cycle 20151: preflight=0x00088569, actual=0x00020002
         • [kernels/cxx/ffi.cpp:208] SKIP THROW: memory peek not in preflight
       Local constraints hit (2 unique):
         - IsRead@mem.zir:79
           cycle=20151, step=3349, pc=0x00203434, major=6, minor=2
         - IsRead@mem.zir:80
           cycle=20151, step=3349, pc=0x00203434, major=6, minor=2
       Global: memory permutation violated
         0x00080008 (data): expected write missing, needed 0x00000000 (cycle 29538)
         x13/a3: wrote 0x00080000, expected 0x0022159c (cycle 40302)
         0x002215A4 (code): unexpected write 0x00000000 (cycle 29538)
  [293] ✓ MEM_VAL_MOD @ step 775: 2 failures, 3017ms, outcome: REJECTED, exit: 101 [proof:GENERATED] G=memory
       r=0.129  T_new=0.00 F_new=0.39 F_rare=0.85 U=0 Q=0.43 Q_l=0.51 Q_g=0.85 dl=2 dg=1
       Value: 0x00000000 -> 0x56199F04
       Transaction: other_mem_write (WRITE) at address 0xffff0180
       zkVM errors (1 lines):
         • [prover_impl.rs:280] verify segment (internal proof verification failed)
       Local constraints hit (2 unique):
         - MemoryWrite@mem.zir:100
           cycle=17396, step=775, pc=0x002031E0, major=1, minor=5
         - MemoryWrite@mem.zir:99
           cycle=17396, step=775, pc=0x002031E0, major=1, minor=5
       Global: memory permutation violated
         0xFFFF0180 (data): wrote 0x56199f04, expected 0x00000000 (cycle 34793)
  [294] ✓ INSTR_WORD_MOD_SUR @ step 2137: 2 failures, 2945ms, outcome: REJECTED, exit: 101 [proof:GENERATED] G=memory
       r=0.131  T_new=0.00 F_new=0.78 F_rare=1.00 U=0 Q=0.31 Q_l=0.51 Q_g=0.61 dl=2 dg=3
       Value: 0x00221637 -> 0x59227637
       Surgical: imm = 2232320 -> 1495429120
       Original: LUI x12, 0x221000
       Mutated:  LUI x12, 0x59227000
       zkVM errors (3 lines):
         • [prover_impl.rs:280] verify segment (internal proof verification failed)
         • [ffi.cpp:113] address mismatch at cycle 18791: preflight=0x3fffc022, actual=0x3fffc032
         • [kernels/cxx/ffi.cpp:208] SKIP THROW: memory peek not in preflight
       Local constraints hit (2 unique):
         - MemoryWrite@mem.zir:100
           cycle=18791, step=2137, pc=0x00205E34, major=2, minor=5
         - MemoryWrite@mem.zir:99
           cycle=18791, step=2137, pc=0x00205E34, major=2, minor=5
       Global: memory permutation violated
         x2/sp: unexpected write 0x002000e0 (cycle 37548)
         x18/s2: expected write missing, needed 0x002000e0 (cycle 37548)
         0x00205E30 (code): wrote 0x00221637, expected 0x59227637 (cycle 17382)
  [295] ✓ COMP_OUT_MOD @ step 1347: 1 failures, 2935ms, outcome: REJECTED, exit: 101 [proof:GENERATED] G=memory
       r=0.146  T_new=0.00 F_new=0.39 F_rare=0.61 U=0 Q=0.61 Q_l=0.72 Q_g=0.85 dl=1 dg=1
       Value: 0x00200311 -> 0x50200311
       Destination: rd = x10 (a0)
       zkVM errors (1 lines):
         • [prover_impl.rs:280] verify segment (internal proof verification failed)
       Local constraints hit (1 unique):
         - MemoryWrite@mem.zir:100
           cycle=17991, step=1347, pc=0x002184D4, major=0, minor=7
       Global: memory permutation violated
         x10/a0: wrote 0x50200311, expected 0x00200311 (cycle 35983)
  [296] ✓ MEM_VAL_MOD @ step 193: 2 failures, 2933ms, outcome: REJECTED, exit: 101 [proof:GENERATED] G=memory
       r=0.107  T_new=0.00 F_new=0.39 F_rare=0.63 U=0 Q=0.43 Q_l=0.51 Q_g=0.85 dl=2 dg=1
       Value: 0x00000000 -> 0xFBFFFFFB
       Transaction: store_rmw_read (READ) at address 0x002003d4
       zkVM errors (1 lines):
         • [prover_impl.rs:280] verify segment (internal proof verification failed)
       Local constraints hit (2 unique):
         - IsRead@mem.zir:79
           cycle=16772, step=193, pc=0x0020B890, major=6, minor=2
         - IsRead@mem.zir:80
           cycle=16772, step=193, pc=0x0020B890, major=6, minor=2
       Global: memory permutation violated
         0x002003D4 (data): wrote 0xfbfffffb, expected 0x00000000 (cycle 33544)
  [297] ✓ MEM_VAL_MOD @ step 3653: 2 failures, 2949ms, outcome: REJECTED, exit: 101 [proof:GENERATED] G=memory
       r=0.110  T_new=0.00 F_new=0.39 F_rare=0.67 U=0 Q=0.43 Q_l=0.51 Q_g=0.85 dl=2 dg=1
       Value: 0x00000000 -> 0x00000002
       Transaction: load_mem_read (READ) at address 0x002215b0
       zkVM errors (1 lines):
         • [prover_impl.rs:280] verify segment (internal proof verification failed)
       Local constraints hit (2 unique):
         - IsRead@mem.zir:79
           cycle=20529, step=3653, pc=0x00203420, major=5, minor=2
         - MemoryWrite@mem.zir:99
           cycle=20529, step=3653, pc=0x00203420, major=5, minor=2
       Global: memory permutation violated
         0x002215B0 (code): wrote 0x00000002, expected 0x00000000 (cycle 41058)
  [298] ✓ COMP_OUT_MOD @ step 1187: 2 failures, 2962ms, outcome: REJECTED, exit: 101 [proof:GENERATED] G=memory
       r=0.104  T_new=0.00 F_new=0.39 F_rare=0.61 U=0 Q=0.43 Q_l=0.51 Q_g=0.85 dl=2 dg=1
       Value: 0x00000002 -> 0xFEEFDFFD
       Destination: rd = x13 (a3)
       zkVM errors (1 lines):
         • [prover_impl.rs:280] verify segment (internal proof verification failed)
       Local constraints hit (2 unique):
         - MemoryWrite@mem.zir:100
           cycle=17831, step=1187, pc=0x00209C3C, major=0, minor=7
         - MemoryWrite@mem.zir:99
           cycle=17831, step=1187, pc=0x00209C3C, major=0, minor=7
       Global: memory permutation violated
         x13/a3: wrote 0xfeefdffd, expected 0x00000002 (cycle 35663)
  [299] ✓ MEM_VAL_MOD @ step 3929: 0 failures, 2953ms, outcome: REJECTED, exit: 101 [proof:GENERATED] G=memory[GO]
       r=0.280  T_new=0.00 F_new=0.39 F_rare=1.00 U=0 Q=0.85 Q_l=1.00 Q_g=0.85 dl=0 dg=1
       Value: 0x00000000 -> 0xDFEBF51F
       Transaction: other_mem_read (READ) at address 0x00221350
       zkVM errors (2 lines):
         • [prover_impl.rs:280] verify segment (internal proof verification failed)
         • [kernels/cxx/buffers.h:43] SKIP THROW: Inconsistent set
       Global: memory permutation violated [GLOBAL-ONLY]
         0x00221350 (code): wrote 0xdfebf51f, expected 0x00000000 (cycle 44222)
  [300] ✓ COMP_OUT_MOD @ step 2227: 2 failures, 2942ms, outcome: REJECTED, exit: 101 [proof:GENERATED] G=memory
       r=0.129  T_new=0.00 F_new=0.39 F_rare=0.85 U=0 Q=0.43 Q_l=0.51 Q_g=0.85 dl=2 dg=1
       Value: 0x00000001 -> 0x00020000
       Destination: rd = x13 (a3)
       zkVM errors (1 lines):
         • [prover_impl.rs:280] verify segment (internal proof verification failed)
       Local constraints hit (2 unique):
         - MemoryWrite@mem.zir:100
           cycle=18881, step=2227, pc=0x00203304, major=0, minor=3
         - MemoryWrite@mem.zir:99
           cycle=18881, step=2227, pc=0x00203304, major=0, minor=3
       Global: memory permutation violated
         x13/a3: wrote 0x00020000, expected 0x00000001 (cycle 37763)
  [301] ✓ MEM_VAL_MOD @ step 2996: 1 failures, 2936ms, outcome: REJECTED, exit: 101 [proof:GENERATED] G=memory
       r=0.147  T_new=0.00 F_new=0.39 F_rare=0.62 U=0 Q=0.61 Q_l=0.72 Q_g=0.85 dl=1 dg=1
       Value: 0x0022152C -> 0x0022153C
       Transaction: store_rmw_read (READ) at address 0x002213fc
       zkVM errors (1 lines):
         • [prover_impl.rs:280] verify segment (internal proof verification failed)
       Local constraints hit (1 unique):
         - IsRead@mem.zir:79
           cycle=19724, step=2996, pc=0x00205E38, major=6, minor=2
       Global: memory permutation violated
         0x002213FC (code): wrote 0x0022153c, expected 0x0022152c (cycle 39448)
  [302] ✓ LOAD_VAL_MOD @ step 388: 2 failures, 2949ms, outcome: REJECTED, exit: 101 [proof:GENERATED] G=memory
       r=0.104  T_new=0.00 F_new=0.39 F_rare=0.60 U=0 Q=0.43 Q_l=0.51 Q_g=0.85 dl=2 dg=1
       Value: 0x00000001 -> 0x601AB782
       Load destination: rd = x8 (s0/fp)
       zkVM errors (1 lines):
         • [prover_impl.rs:280] verify segment (internal proof verification failed)
       Local constraints hit (2 unique):
         - MemoryWrite@mem.zir:100
           cycle=16979, step=388, pc=0x002031F0, major=5, minor=2
         - MemoryWrite@mem.zir:99
           cycle=16979, step=388, pc=0x002031F0, major=5, minor=2
       Global: memory permutation violated
         x8/s0: wrote 0x601ab782, expected 0x00000001 (cycle 33959)
  [303] ✓ INSTR_WORD_MOD_SUR @ step 3534: 1 failures, 2940ms, outcome: REJECTED, exit: 101 [proof:GENERATED] G=memory
       r=0.180  T_new=0.00 F_new=0.39 F_rare=0.85 U=0 Q=0.61 Q_l=0.72 Q_g=0.85 dl=1 dg=1
       Value: 0x00251513 -> 0x00251536
       Surgical: opcode = 19 -> 54
       Original: SLLI x10, x10, 2
       Mutated:  UNKNOWN 0x00251536
       zkVM errors (1 lines):
         • [prover_impl.rs:280] verify segment (internal proof verification failed)
       Local constraints hit (1 unique):
         - VerifyOpcodeF3F7@inst.zir:102
           cycle=20336, step=3534, pc=0xC000007C, major=3, minor=1
       Global: memory permutation violated
         0xC0000078 (data): wrote 0x00251513, expected 0x00251536 (cycle 39716)
  [304] ✓ INSTR_WORD_MOD_SUR @ step 2739: 0 failures, 2942ms, outcome: REJECTED, exit: 101 [proof:GENERATED] G=memory[GO]
       r=0.256  T_new=0.00 F_new=0.78 F_rare=1.00 U=0 Q=0.61 Q_l=1.00 Q_g=0.61 dl=0 dg=3
       Value: 0x02512223 -> 0x02592223
       Surgical: rs1 = 2 -> 18
       Original: SW x5, 36(x2)
       Mutated:  SW x5, 36(x18)
       zkVM errors (3 lines):
         • [prover_impl.rs:280] verify segment (internal proof verification failed)
         • [ffi.cpp:113] address mismatch at cycle 19467: preflight=0x3fffc022, actual=0x3fffc032
         • [kernels/cxx/ffi.cpp:208] SKIP THROW: memory peek not in preflight
       Global: memory permutation violated [GLOBAL-ONLY]
         x2/sp: unexpected write 0x00200300 (cycle 38932)
         x18/s2: expected write missing, needed 0x00200300 (cycle 38932)
         0x002016D4 (code): wrote 0x02512223, expected 0x02592223 (cycle 7178)
  [305] ✓ INSTR_WORD_MOD_SUR @ step 2676: 1 failures, 2948ms, outcome: REJECTED, exit: 101 [proof:GENERATED] G=memory
       r=0.171  T_new=0.00 F_new=0.39 F_rare=0.79 U=0 Q=0.61 Q_l=0.72 Q_g=0.85 dl=1 dg=1
       Value: 0x00008067 -> 0x00008003
       Surgical: opcode = 103 -> 3
       Original: JALR x0, x1, 0
       Mutated:  LB x0, 0(x1)
       zkVM errors (1 lines):
         • [prover_impl.rs:280] verify segment (internal proof verification failed)
       Local constraints hit (1 unique):
         - VerifyOpcodeF3@inst.zir:96
           cycle=19404, step=2676, pc=0x002015CC, major=2, minor=4
       Global: memory permutation violated
         0x0020531C (code): wrote 0x00008067, expected 0x00008003 (cycle 15590)
  [306] ✓ LOAD_VAL_MOD @ step 1283: 2 failures, 2985ms, outcome: REJECTED, exit: 101 [proof:GENERATED] G=memory
       r=0.103  T_new=0.00 F_new=0.39 F_rare=0.60 U=0 Q=0.43 Q_l=0.51 Q_g=0.85 dl=2 dg=1
       Value: 0x3AF54FA5 -> 0x440DBF59
       Load destination: rd = x17 (a7)
       zkVM errors (1 lines):
         • [prover_impl.rs:280] verify segment (internal proof verification failed)
       Local constraints hit (2 unique):
         - MemoryWrite@mem.zir:100
           cycle=17927, step=1283, pc=0x00203424, major=5, minor=2
         - MemoryWrite@mem.zir:99
           cycle=17927, step=1283, pc=0x00203424, major=5, minor=2
       Global: memory permutation violated
         x17/a7: wrote 0x440dbf59, expected 0x3af54fa5 (cycle 35855)
  [307] ✓ INSTR_WORD_MOD_FULL @ step 1615: 0 failures, 2947ms, outcome: REJECTED, exit: 101 [proof:GENERATED] G=memory[GO]
       r=0.256  T_new=0.00 F_new=0.78 F_rare=1.00 U=0 Q=0.61 Q_l=1.00 Q_g=0.61 dl=0 dg=3
       Value: 0x04B12623 -> 0x24B12623
       Original: SW x11, 76(x2)
       Mutated:  SW x11, 588(x2)
       zkVM errors (3 lines):
         • [prover_impl.rs:280] verify segment (internal proof verification failed)
         • [ffi.cpp:113] address mismatch at cycle 18259: preflight=0x0008005b, actual=0x000800db
         • [kernels/cxx/ffi.cpp:208] SKIP THROW: memory peek not in preflight
       Global: memory permutation violated [GLOBAL-ONLY]
         0x0020016C (data): unexpected write 0x00000000 (cycle 4382)
         0x0020036C (data): expected write missing, needed 0x00000000 (cycle 4382)
         0x002041B8 (code): wrote 0x04b12623, expected 0x24b12623 (cycle 12794)
  [308] ✓ INSTR_TYPE_MOD @ step 2079: 3 failures, 2939ms, outcome: REJECTED, exit: 101 [proof:GENERATED] [+55 touch]
       r=0.244  T_new=0.79 F_new=0.78 F_rare=1.00 U=0 Q=0.37 Q_l=0.37 Q_g=1.00 dl=3 dg=0
       Value: 0x00000007 -> 0x00040006
       Original: AddI [major=0, minor=7]
       Mutated:  Rem [major=4, minor=6]
       zkVM errors (1 lines):
         • [prover_impl.rs:280] verify segment (internal proof verification failed)
       Local constraints hit (3 unique):
         - VerifyOpcodeF3F7@inst.zir:102
           cycle=18733, step=2079, pc=0x0020AFD4, major=4, minor=6
         - VerifyOpcodeF3F7@inst.zir:103
           cycle=18733, step=2079, pc=0x0020AFD4, major=4, minor=6
         - VerifyOpcodeF3F7@inst.zir:104
           cycle=18733, step=2079, pc=0x0020AFD4, major=4, minor=6
       Global: no permutation/lookup violations (local-only)
  [309] ✓ INSTR_TYPE_MOD @ step 0: 5 failures, 3064ms, outcome: REJECTED, exit: 101 [proof:GENERATED] [+3 touch] G=memory|cycle
       r=0.047  T_new=0.08 F_new=0.63 F_rare=1.00 U=0 Q=0.11 Q_l=0.19 Q_g=0.61 dl=5 dg=3
       Value: 0x00020006 -> 0x00000001
       Original: Auipc [major=2, minor=6]
       Mutated:  Sub [major=0, minor=1]
       zkVM errors (3 lines):
         • [prover_impl.rs:280] verify segment (internal proof verification failed)
         • [ffi.cpp:113] address mismatch at cycle 0: preflight=0x44000000, actual=0x00000000
         • [kernels/cxx/ffi.cpp:208] SKIP THROW: memory peek not in preflight
       Local constraints hit (5 unique):
         - AddrDecompose@u32.zir:67
           cycle=0, step=0, pc=0x00000000, major=0, minor=1
         - ControlLoadRootAndNonce@inst_control.zir:23
           cycle=1, step=0, pc=0x00000000, major=7, minor=0
         - MiscInput@inst_misc.zir:7
           cycle=0, step=0, pc=0x00000000, major=0, minor=1
         - VerifyOpcodeF3F7@inst.zir:102
           cycle=0, step=0, pc=0x00000000, major=0, minor=1
         - VerifyOpcodeF3F7@inst.zir:104
           cycle=0, step=0, pc=0x00000000, major=0, minor=1
       Global: memory permutation violated
         0xFFFF0100 (data): expected write missing, needed 0x00000000 (cycle 0)
       Global: cycle lookup violated (2 indices broken)
         index 0: 2256 provides, 1 uses (imbalanced)
         index 2013265920: orphan provide (2 entries, no matching use)
  [310] ✓ INSTR_WORD_MOD_FULL @ step 1608: 1 failures, 3017ms, outcome: REJECTED, exit: 101 [proof:GENERATED] G=memory
       r=0.171  T_new=0.00 F_new=0.39 F_rare=0.79 U=0 Q=0.61 Q_l=0.72 Q_g=0.85 dl=1 dg=1
       Value: 0x0021B537 -> 0x0821B537
       Original: LUI x10, 0x21b000
       Mutated:  LUI x10, 0x821b000
       zkVM errors (1 lines):
         • [prover_impl.rs:280] verify segment (internal proof verification failed)
       Local constraints hit (1 unique):
         - MemoryWrite@mem.zir:100
           cycle=18252, step=1608, pc=0x002041A0, major=2, minor=5
       Global: memory permutation violated
         0x0020419C (code): wrote 0x0021b537, expected 0x0821b537 (cycle 12774)
  [311] ✓ COMP_OUT_MOD @ step 3855: 2 failures, 2969ms, outcome: REJECTED, exit: 101 [proof:GENERATED] G=memory
       r=0.104  T_new=0.00 F_new=0.39 F_rare=0.61 U=0 Q=0.43 Q_l=0.51 Q_g=0.85 dl=2 dg=1
       Value: 0x00000001 -> 0xA2FB3AB1
       Destination: rd = x12 (a2)
       zkVM errors (1 lines):
         • [prover_impl.rs:280] verify segment (internal proof verification failed)
       Local constraints hit (2 unique):
         - MemoryWrite@mem.zir:100
           cycle=20805, step=3855, pc=0x00204D74, major=0, minor=7
         - MemoryWrite@mem.zir:99
           cycle=20805, step=3855, pc=0x00204D74, major=0, minor=7
       Global: memory permutation violated
         x12/a2: wrote 0xa2fb3ab1, expected 0x00000001 (cycle 41611)
  [312] ✓ STORE_OUT_MOD @ step 3684: 1 failures, 2995ms, outcome: REJECTED, exit: 101 [proof:GENERATED] G=memory
       r=0.157  T_new=0.00 F_new=0.39 F_rare=0.69 U=0 Q=0.61 Q_l=0.72 Q_g=0.85 dl=1 dg=1
       Value: 0x00000002 -> 0x00000006
       Store address: 0x00221630
       zkVM errors (1 lines):
         • [prover_impl.rs:280] verify segment (internal proof verification failed)
       Local constraints hit (1 unique):
         - MemoryWrite@mem.zir:99
           cycle=20560, step=3684, pc=0x002035F0, major=6, minor=0
       Global: memory permutation violated
         0x00221630 (code): wrote 0x00000006, expected 0x00000002 (cycle 41121)
  [313] ✓ INSTR_TYPE_MOD @ step 1184: 6 failures, 2994ms, outcome: REJECTED, exit: 101 [proof:GENERATED] G=memory|cycle
       r=0.020  T_new=0.00 F_new=0.97 F_rare=1.00 U=0 Q=0.04 Q_l=0.14 Q_g=0.31 dl=6 dg=7
       Value: 0x00050003 -> 0x00060002
       Original: LbU [major=5, minor=3]
       Mutated:  Sw [major=6, minor=2]
       zkVM errors (3 lines):
         • [prover_impl.rs:280] verify segment (internal proof verification failed)
         • [ffi.cpp:113] address mismatch at cycle 17828: preflight=0x0008850a, actual=0x3fffc028
         • [kernels/cxx/ffi.cpp:208] SKIP THROW: memory peek not in preflight
       Local constraints hit (6 unique):
         - IsRead@mem.zir:79
           cycle=17828, step=1184, pc=0x00209C2C, major=6, minor=2
         - IsRead@mem.zir:80
           cycle=17828, step=1184, pc=0x00209C2C, major=6, minor=2
         - MemoryWrite@mem.zir:100
           cycle=17828, step=1184, pc=0x00209C2C, major=6, minor=2
         - MemoryWrite@mem.zir:99
           cycle=17828, step=1184, pc=0x00209C2C, major=6, minor=2
         - VerifyOpcodeF3@inst.zir:96
           cycle=17828, step=1184, pc=0x00209C2C, major=6, minor=2
         - VerifyOpcodeF3@inst.zir:97
           cycle=17828, step=1184, pc=0x00209C2C, major=6, minor=2
       Global: memory permutation violated
         x8/s0: expected write missing, needed 0x00000000 (cycle 35638)
         x12/a2: unexpected write 0x002003d0 (cycle 35602)
         0x00221428 (code): unexpected write 0x00000000 (cycle 35638)
         0x0022142C (code): expected write missing, needed 0x00300693 (cycle 21570)
       Global: cycle lookup violated (3 indices broken)
         index 53: 11 provides, 1 uses (imbalanced)
         index 54: 38 provides, 1 uses (imbalanced)
         index 14086: 1 provides, 1 uses (imbalanced)
  [314] ✓ PRE_EXEC_REG_MOD @ step 2466: 4 failures, 2939ms, outcome: REJECTED, exit: 101 [proof:GENERATED] G=memory
       r=0.054  T_new=0.00 F_new=0.39 F_rare=0.62 U=0 Q=0.22 Q_l=0.26 Q_g=0.85 dl=4 dg=1
       Value: 0x002214EC -> 0x00000000
       Register: x10 (a0), READ, strategy=next_read
       zkVM errors (1 lines):
         • [prover_impl.rs:280] verify segment (internal proof verification failed)
       Local constraints hit (4 unique):
         - IsRead@mem.zir:79
           cycle=19120, step=2466, pc=0x00205E38, major=6, minor=2
         - IsRead@mem.zir:80
           cycle=19120, step=2466, pc=0x00205E38, major=6, minor=2
         - MemoryWrite@mem.zir:100
           cycle=19120, step=2466, pc=0x00205E38, major=6, minor=2
         - MemoryWrite@mem.zir:99
           cycle=19120, step=2466, pc=0x00205E38, major=6, minor=2
       Global: memory permutation violated
         x10/a0: wrote 0x00000000, expected 0x002214ec (cycle 38240)
  [315] ✓ PRE_EXEC_REG_MOD @ step 2228: 2 failures, 3004ms, outcome: REJECTED, exit: 101 [proof:GENERATED] G=memory
       r=0.122  T_new=0.00 F_new=0.39 F_rare=0.79 U=0 Q=0.43 Q_l=0.51 Q_g=0.85 dl=2 dg=1
       Value: 0x00000000 -> 0xE8EDFF7B
       Register: x0 (zero), READ, strategy=next_read
       zkVM errors (1 lines):
         • [prover_impl.rs:280] verify segment (internal proof verification failed)
       Local constraints hit (2 unique):
         - IsRead@mem.zir:79
           cycle=18882, step=2228, pc=0x002033FC, major=1, minor=6
         - IsRead@mem.zir:80
           cycle=18882, step=2228, pc=0x002033FC, major=1, minor=6
       Global: memory permutation violated
         x0/zero: wrote 0xe8edff7b, expected 0x00000000 (cycle 37764)
  [316] ✓ INSTR_WORD_MOD_FULL @ step 2102: 0 failures, 2954ms, outcome: REJECTED, exit: 101 [proof:GENERATED] G=memory[GO]
       r=0.256  T_new=0.00 F_new=0.78 F_rare=1.00 U=0 Q=0.61 Q_l=1.00 Q_g=0.61 dl=0 dg=3
       Value: 0x00040593 -> 0x00040193
       Original: ADDI x11, x8, 0
       Mutated:  ADDI x3, x8, 0
       zkVM errors (3 lines):
         • [prover_impl.rs:280] verify segment (internal proof verification failed)
         • [ffi.cpp:113] address mismatch at cycle 18756: preflight=0x3fffc02b, actual=0x3fffc023
         • [kernels/cxx/ffi.cpp:208] SKIP THROW: memory peek not in preflight
       Global: memory permutation violated [GLOBAL-ONLY]
         x3/gp: expected write missing, needed 0x00221000 (cycle 37476)
         x11/a1: unexpected write 0x00221000 (cycle 37476)
         0x002024DC (code): wrote 0x00040593, expected 0x00040193 (cycle 8146)
  [317] ✓ INSTR_WORD_MOD_SUR @ step 760: 1 failures, 2997ms, outcome: REJECTED, exit: 101 [proof:GENERATED] G=memory
       r=0.183  T_new=0.00 F_new=0.78 F_rare=1.00 U=0 Q=0.43 Q_l=0.72 Q_g=0.61 dl=1 dg=3
       Value: 0x02820593 -> 0x48020593
       Surgical: imm = 40 -> 1152
       Original: ADDI x11, x4, 40
       Mutated:  ADDI x11, x4, 1152
       zkVM errors (3 lines):
         • [prover_impl.rs:280] verify segment (internal proof verification failed)
         • [ffi.cpp:113] address mismatch at cycle 17378: preflight=0x3fffc008, actual=0x3fffc000
         • [kernels/cxx/ffi.cpp:208] SKIP THROW: memory peek not in preflight
       Local constraints hit (1 unique):
         - MemoryWrite@mem.zir:99
           cycle=17378, step=760, pc=0xC0000158, major=0, minor=7
       Global: memory permutation violated
         0xC0000154 (data): wrote 0x02820593, expected 0x48020593 (cycle 34590)
         0xFFFF0000 (data): unexpected write 0x00000000 (cycle 34756)
         0xFFFF0020 (data): unexpected write 0x00000000 (cycle 34592)
  [318] ✓ STORE_OUT_MOD @ step 564: 1 failures, 2955ms, outcome: REJECTED, exit: 101 [proof:GENERATED] G=memory
       r=0.140  T_new=0.00 F_new=0.39 F_rare=0.58 U=0 Q=0.61 Q_l=0.72 Q_g=0.85 dl=1 dg=1
       Value: 0x00200944 -> 0x0020093C
       Store address: 0x0020035c
       zkVM errors (1 lines):
         • [prover_impl.rs:280] verify segment (internal proof verification failed)
       Local constraints hit (1 unique):
         - MemoryWrite@mem.zir:99
           cycle=17167, step=564, pc=0x00203190, major=6, minor=2
       Global: memory permutation violated
         0x0020035C (data): wrote 0x0020093c, expected 0x00200944 (cycle 34335)
  [319] ✓ INSTR_TYPE_MOD @ step 2189: 7 failures, 2925ms, outcome: REJECTED, exit: 101 [proof:GENERATED] [+34 touch] G=memory
       r=0.033  T_new=0.62 F_new=0.98 F_rare=1.00 U=0 Q=0.05 Q_l=0.10 Q_g=0.51 dl=7 dg=4
       Value: 0x00020006 -> 0x0002000D
       Original: Auipc [major=2, minor=6]
       Mutated:  MulHU [major=2, minor=13] ⚠INVALID
       zkVM errors (3 lines):
         • [prover_impl.rs:280] verify segment (internal proof verification failed)
         • [ffi.cpp:113] address mismatch at cycle 18843: preflight=0x3fffc021, actual=0x3fffc060
         • [kernels/cxx/ffi.cpp:208] SKIP THROW: memory peek not in preflight
       Local constraints hit (5 unique):
         - AddrDecompose@u32.zir:67
           cycle=18844, step=2190, pc=0x00206880, major=2, minor=4
         - MemoryWrite@mem.zir:100 (x2)
           cycle=18843, step=2189, pc=0x00202F54, major=2, minor=13
         - MemoryWrite@mem.zir:99 (x2)
           cycle=18843, step=2189, pc=0x00202F54, major=2, minor=13
         - OneHot@one_hot.zir:11
           cycle=18843, step=2189, pc=0x00202F54, major=2, minor=13
         - OneHot@one_hot.zir:9
           cycle=18843, step=2189, pc=0x00202F54, major=2, minor=13
       Global: memory permutation violated
         0x00000000 (data): expected write missing, needed 0x930080e7 (cycle 9834)
         x1/ra: unexpected write 0x00202f44 (cycle 37678)
         0xFFFF0180 (data): expected write missing, needed 0x00202f44 (cycle 37678)
         0x00202F54 (code): unexpected write 0x930080e7 (cycle 9834)
  [320] ✓ LOAD_VAL_MOD @ step 3436: 2 failures, 2929ms, outcome: REJECTED, exit: 101 [proof:GENERATED] G=memory
       r=0.103  T_new=0.00 F_new=0.39 F_rare=0.60 U=0 Q=0.43 Q_l=0.51 Q_g=0.85 dl=2 dg=1
       Value: 0x00000062 -> 0xFFFFFFFE
       Load destination: rd = x18 (s2)
       zkVM errors (1 lines):
         • [prover_impl.rs:280] verify segment (internal proof verification failed)
       Local constraints hit (2 unique):
         - MemoryWrite@mem.zir:100
           cycle=20238, step=3436, pc=0x00204CFC, major=5, minor=2
         - MemoryWrite@mem.zir:99
           cycle=20238, step=3436, pc=0x00204CFC, major=5, minor=2
       Global: memory permutation violated
         x18/s2: wrote 0xfffffffe, expected 0x00000062 (cycle 40477)
  [321] ✓ LOAD_VAL_MOD @ step 1730: 2 failures, 2917ms, outcome: REJECTED, exit: 101 [proof:GENERATED] G=memory
       r=0.106  T_new=0.00 F_new=0.39 F_rare=0.63 U=0 Q=0.43 Q_l=0.51 Q_g=0.85 dl=2 dg=1
       Value: 0x0000005F -> 0x52916545
       Load destination: rd = x14 (a4)
       zkVM errors (1 lines):
         • [prover_impl.rs:280] verify segment (internal proof verification failed)
       Local constraints hit (2 unique):
         - MemoryWrite@mem.zir:100
           cycle=18374, step=1730, pc=0x002184C4, major=5, minor=3
         - MemoryWrite@mem.zir:99
           cycle=18374, step=1730, pc=0x002184C4, major=5, minor=3
       Global: memory permutation violated
         x14/a4: wrote 0x52916545, expected 0x0000005f (cycle 36749)
  [322] ✓ STORE_OUT_MOD @ step 2656: 2 failures, 2922ms, outcome: REJECTED, exit: 101 [proof:GENERATED] G=memory
       r=0.101  T_new=0.00 F_new=0.39 F_rare=0.58 U=0 Q=0.43 Q_l=0.51 Q_g=0.85 dl=2 dg=1
       Value: 0xDFC17121 -> 0xD6F9C9AE
       Store address: 0x00200318
       zkVM errors (1 lines):
         • [prover_impl.rs:280] verify segment (internal proof verification failed)
       Local constraints hit (2 unique):
         - MemoryWrite@mem.zir:100
           cycle=19384, step=2656, pc=0x00203430, major=6, minor=2
         - MemoryWrite@mem.zir:99
           cycle=19384, step=2656, pc=0x00203430, major=6, minor=2
       Global: memory permutation violated
         0x00200318 (data): wrote 0xd6f9c9ae, expected 0xdfc17121 (cycle 38769)
  [323] ✓ PRE_EXEC_REG_MOD @ step 0: 10 failures, 2951ms, outcome: REJECTED, exit: 101 [proof:GENERATED] G=memory
       r=0.081  T_new=0.00 F_new=0.39 F_rare=0.70 U=0 Q=0.31 Q_l=0.37 Q_g=0.85 dl=3 dg=1
       Value: 0x00000000 -> 0xAD2303E1
       Register: x8 (s0), READ, strategy=next_read
       zkVM errors (2 lines):
         • [prover_impl.rs:280] verify segment (internal proof verification failed)
         • [kernels/cxx/buffers.h:43] SKIP THROW: Inconsistent set
       Local constraints hit (3 unique):
         - IsRead@mem.zir:79
           cycle=15977, step=0, pc=0x00000000, major=9, minor=2
         - IsRead@mem.zir:80
           cycle=15977, step=0, pc=0x00000000, major=9, minor=2
         - PoseidonCheckOut@inst_p2.zir:265 (x8)
           cycle=16247, step=0, pc=0x00000000, major=9, minor=5
       Global: memory permutation violated
         x8/s0: wrote 0xad2303e1, expected 0x00000000 (cycle 31954)
  [324] ✓ LOAD_VAL_MOD @ step 2654: 2 failures, 2955ms, outcome: REJECTED, exit: 101 [proof:GENERATED] G=memory
       r=0.103  T_new=0.00 F_new=0.39 F_rare=0.60 U=0 Q=0.43 Q_l=0.51 Q_g=0.85 dl=2 dg=1
       Value: 0x0F4BD989 -> 0x00000008
       Load destination: rd = x5 (t0)
       zkVM errors (1 lines):
         • [prover_impl.rs:280] verify segment (internal proof verification failed)
       Local constraints hit (2 unique):
         - MemoryWrite@mem.zir:100
           cycle=19382, step=2654, pc=0x00203428, major=5, minor=2
         - MemoryWrite@mem.zir:99
           cycle=19382, step=2654, pc=0x00203428, major=5, minor=2
       Global: memory permutation violated
         x5/t0: wrote 0x00000008, expected 0x0f4bd989 (cycle 38765)
  [325] ✓ INSTR_WORD_MOD_SUR @ step 2804: 0 failures, 2935ms, outcome: REJECTED, exit: 101 [proof:GENERATED] G=memory[GO]
       r=0.256  T_new=0.00 F_new=0.78 F_rare=1.00 U=0 Q=0.61 Q_l=1.00 Q_g=0.61 dl=0 dg=3
       Value: 0x2BC0006F -> 0x2BC0086F
       Surgical: rd = 0 -> 16
       Original: JAL x0, 700
       Mutated:  JAL x16, 700
       zkVM errors (3 lines):
         • [prover_impl.rs:280] verify segment (internal proof verification failed)
         • [ffi.cpp:113] address mismatch at cycle 19532: preflight=0x3fffc060, actual=0x3fffc030
         • [kernels/cxx/ffi.cpp:208] SKIP THROW: memory peek not in preflight
       Global: memory permutation violated [GLOBAL-ONLY]
         x16/a6: expected write missing, needed 0x00000000 (cycle 39031)
         0xFFFF0180 (data): unexpected write 0x00000000 (cycle 39031)
         0x00203884 (code): wrote 0x2bc0006f, expected 0x2bc0086f (cycle 11326)
  [326] ✓ MEM_VAL_MOD @ step 1186: 21 failures, 2959ms, outcome: REJECTED, exit: 101 [proof:GENERATED] G=memory
       r=0.003  T_new=0.00 F_new=1.00 F_rare=1.00 U=0 Q=0.01 Q_l=0.04 Q_g=0.19 dl=10 dg=10
       Value: 0x00D61463 -> 0x923A7910
       Transaction: other_mem_read (READ) at address 0x00209c30
       zkVM errors (3 lines):
         • [prover_impl.rs:280] verify segment (internal proof verification failed)
         • [ffi.cpp:113] address mismatch at cycle 17830: preflight=0x3fffc02c, actual=0x3fffc034
         • [kernels/cxx/ffi.cpp:208] SKIP THROW: memory peek not in preflight
       Local constraints hit (6 unique):
         - DecodeInst@inst.zir:29 (x16)
           cycle=17831, step=1187, pc=0x00209C3C, major=0, minor=7
         - IsRead@mem.zir:79
           cycle=17830, step=1186, pc=0x00209C38, major=1, minor=6
         - IsRead@mem.zir:80
           cycle=17830, step=1186, pc=0x00209C38, major=1, minor=6
         - MemoryWrite@mem.zir:99
           cycle=17846, step=1202, pc=0x00208CDC, major=2, minor=4
         - VerifyOpcodeF3@inst.zir:96
           cycle=17830, step=1186, pc=0x00209C38, major=1, minor=6
         - VerifyOpcodeF3@inst.zir:97
           cycle=17830, step=1186, pc=0x00209C38, major=1, minor=6
       Global: memory permutation violated (37 addrs: 4 register, 33 code)
         x3/gp: expected write missing, needed 0x00000003 (cycle 35659)
         x12/a2: unexpected write 0x00000000 (cycle 35657)
         x13/a3: unexpected write 0x00000003 (cycle 35659)
         + 33 code addresses diverged (instruction fetch cascade)
         + 1 more addresses
  [327] ✓ INSTR_TYPE_MOD @ step 1792: 4 failures, 3002ms, outcome: REJECTED, exit: 101 [proof:GENERATED] G=memory
       r=0.073  T_new=0.00 F_new=0.63 F_rare=1.00 U=0 Q=0.19 Q_l=0.26 Q_g=0.72 dl=4 dg=2
       Value: 0x00050003 -> 0x00000000
       Original: LbU [major=5, minor=3]
       Mutated:  Add [major=0, minor=0]
       zkVM errors (3 lines):
         • [prover_impl.rs:280] verify segment (internal proof verification failed)
         • [ffi.cpp:113] address mismatch at cycle 18436: preflight=0x00086c5c, actual=0x3fffc020
         • [kernels/cxx/ffi.cpp:208] SKIP THROW: memory peek not in preflight
       Local constraints hit (4 unique):
         - MemoryWrite@mem.zir:100
           cycle=18436, step=1792, pc=0x002184C0, major=0, minor=0
         - MemoryWrite@mem.zir:99
           cycle=18436, step=1792, pc=0x002184C0, major=0, minor=0
         - VerifyOpcodeF3F7@inst.zir:102
           cycle=18436, step=1792, pc=0x002184C0, major=0, minor=0
         - VerifyOpcodeF3F7@inst.zir:103
           cycle=18436, step=1792, pc=0x002184C0, major=0, minor=0
       Global: memory permutation violated
         x0/zero: expected write missing, needed 0x4152544b (cycle 36858)
         0x0021B170 (code): unexpected write 0x4152544b (cycle 36858)
  [328] ✓ MEM_VAL_MOD @ step 2039: 2 failures, 2917ms, outcome: REJECTED, exit: 101 [proof:GENERATED] G=memory
       r=0.168  T_new=0.00 F_new=0.63 F_rare=1.00 U=0 Q=0.43 Q_l=0.51 Q_g=0.85 dl=2 dg=1
       Value: 0x00000000 -> 0x80100200
       Transaction: other_mem_write (WRITE) at address 0xffff0100
       zkVM errors (1 lines):
         • [prover_impl.rs:280] verify segment (internal proof verification failed)
       Local constraints hit (2 unique):
         - MemoryWrite@mem.zir:100
           cycle=18688, step=2039, pc=0xC0000078, major=2, minor=0
         - MemoryWrite@mem.zir:99
           cycle=18688, step=2039, pc=0xC0000078, major=2, minor=0
       Global: memory permutation violated
         0xFFFF0100 (data): wrote 0x80100200, expected 0x00000000 (cycle 37377)
  [329] ✓ INSTR_WORD_MOD_SUR @ step 3908: 0 failures, 2939ms, outcome: REJECTED, exit: 101 [proof:GENERATED] G=memory[GO]
       r=0.256  T_new=0.00 F_new=0.78 F_rare=1.00 U=0 Q=0.61 Q_l=1.00 Q_g=0.61 dl=0 dg=3
       Value: 0x0082A383 -> 0x0088A383
       Surgical: rs1 = 5 -> 17
       Original: LW x7, 8(x5)
       Mutated:  LW x7, 8(x17)
       zkVM errors (3 lines):
         • [prover_impl.rs:280] verify segment (internal proof verification failed)
         • [ffi.cpp:113] address mismatch at cycle 20858: preflight=0x3fffc005, actual=0x3fffc011
         • [kernels/cxx/ffi.cpp:208] SKIP THROW: memory peek not in preflight
       Global: memory permutation violated [GLOBAL-ONLY]
         0xC00000A4 (data): wrote 0x0082a383, expected 0x0088a383 (cycle 30022)
         0xFFFF0014 (data): unexpected write 0x0020038c (cycle 41712)
         0xFFFF0044 (data): expected write missing, needed 0x0020038c (cycle 41712)
  [330] ✓ INSTR_WORD_MOD_FULL @ step 1576: 1 failures, 2941ms, outcome: REJECTED, exit: 101 [proof:GENERATED] G=memory
       r=0.183  T_new=0.00 F_new=0.78 F_rare=1.00 U=0 Q=0.43 Q_l=0.72 Q_g=0.61 dl=1 dg=3
       Value: 0x07012B03 -> 0x5E212B03
       Original: LW x22, 112(x2)
       Mutated:  LW x22, 1506(x2)
       zkVM errors (3 lines):
         • [prover_impl.rs:280] verify segment (internal proof verification failed)
         • [ffi.cpp:113] address mismatch at cycle 18220: preflight=0x0008006c, actual=0x000801c8
         • [kernels/cxx/ffi.cpp:208] SKIP THROW: memory peek not in preflight
       Local constraints hit (1 unique):
         - OpLW@inst_mem.zir:109
           cycle=18220, step=1576, pc=0x00202EC4, major=5, minor=2
       Global: memory permutation violated
         0x002001B0 (data): unexpected write 0x00000000 (cycle 35951)
         0x00200720 (data): expected write missing, needed 0x00000000 (cycle 35951)
         0x00202EC0 (code): wrote 0x07012b03, expected 0x5e212b03 (cycle 9754)
  [331] ✓ INSTR_WORD_MOD_FULL @ step 1279: 3 failures, 2930ms, outcome: REJECTED, exit: 101 [proof:GENERATED] G=memory
       r=0.073  T_new=0.00 F_new=0.92 F_rare=1.00 U=0 Q=0.16 Q_l=0.37 Q_g=0.43 dl=3 dg=5
       Value: 0x01068693 -> 0xDEB9796F
       Original: ADDI x13, x13, 16
       Mutated:  JAL x18, -426518
       Format changed: I -> J
       zkVM errors (3 lines):
         • [prover_impl.rs:280] verify segment (internal proof verification failed)
         • [ffi.cpp:113] address mismatch at cycle 17923: preflight=0x3fffc02d, actual=0x3fffc032
         • [kernels/cxx/ffi.cpp:208] SKIP THROW: memory peek not in preflight
       Local constraints hit (3 unique):
         - MemoryWrite@mem.zir:99
           cycle=17923, step=1279, pc=0x00203444, major=0, minor=7
         - VerifyOpcodeF3@inst.zir:96
           cycle=17923, step=1279, pc=0x00203444, major=0, minor=7
         - VerifyOpcodeF3@inst.zir:97
           cycle=17923, step=1279, pc=0x00203444, major=0, minor=7
       Global: memory permutation violated
         x11/a1: expected write missing, needed 0x00000000 (cycle 35844)
         x13/a3: unexpected write 0x00200304 (cycle 35840)
         x16/a6: unexpected write 0x00000000 (cycle 35844)
         x18/s2: expected write missing, needed 0x00200304 (cycle 35840)
         0x00203440 (code): wrote 0x01068693, expected 0xdeb9796f (cycle 10642)
  [332] ✓ PRE_EXEC_REG_MOD @ step 3109: 1 failures, 2978ms, outcome: REJECTED, exit: 101 [proof:GENERATED] G=memory
       r=0.235  T_new=0.00 F_new=0.63 F_rare=1.00 U=0 Q=0.61 Q_l=0.72 Q_g=0.85 dl=1 dg=1
       Value: 0x00000060 -> 0x00020060
       Register: x20 (s4), READ, strategy=next_read
       zkVM errors (1 lines):
         • [prover_impl.rs:280] verify segment (internal proof verification failed)
       Local constraints hit (1 unique):
         - IsRead@mem.zir:80
           cycle=19837, step=3109, pc=0x002057AC, major=3, minor=1
       Global: memory permutation violated
         x20/s4: wrote 0x00020060, expected 0x00000060 (cycle 39674)
  [333] ✓ INSTR_TYPE_MOD @ step 236: 4 failures, 2989ms, outcome: REJECTED, exit: 101 [proof:GENERATED] G=memory|cycle
       r=0.014  T_new=0.00 F_new=1.00 F_rare=1.00 U=0 Q=0.03 Q_l=0.26 Q_g=0.11 dl=4 dg=13
       Value: 0x00060002 -> 0x00010006
       Original: Sw [major=6, minor=2]
       Mutated:  Bne [major=1, minor=6]
       zkVM errors (3 lines):
         • [prover_impl.rs:280] verify segment (internal proof verification failed)
         • [ffi.cpp:113] address mismatch at cycle 16815: preflight=0x000800e1, actual=0x3fffc060
         • [kernels/cxx/ffi.cpp:208] SKIP THROW: memory peek not in preflight
       Local constraints hit (3 unique):
         - MemoryWrite@mem.zir:99 (x2)
           cycle=16825, step=246, pc=0x00200848, major=2, minor=6
         - VerifyOpcodeF3@inst.zir:96
           cycle=16815, step=236, pc=0x00200820, major=1, minor=6
         - VerifyOpcodeF3@inst.zir:97
           cycle=16815, step=236, pc=0x00200820, major=1, minor=6
       Global: memory permutation violated (21 addrs: 19 code, 2 data)
         0x00200384 (data): unexpected write 0x00000000 (cycle 4722)
         0xFFFF0180 (data): expected write missing, needed 0x00000000 (cycle 4722)
         + 19 code addresses diverged (instruction fetch cascade)
       Global: cycle lookup violated (3 indices broken)
         index 0: 2254 provides, 1 uses (imbalanced)
         index 28907: orphan use (1 entries, no matching provide)
         index 28908: 1 provides, 1 uses (imbalanced)
  [334] ✓ INSTR_WORD_MOD_FULL @ step 1374: 4 failures, 2960ms, outcome: REJECTED, exit: 101 [proof:GENERATED] G=memory
       r=0.045  T_new=0.00 F_new=0.95 F_rare=1.00 U=0 Q=0.10 Q_l=0.26 Q_g=0.37 dl=4 dg=6
       Value: 0xFFF60613 -> 0xFDB71237
       Original: ADDI x12, x12, -1
       Mutated:  LUI x4, 0xfdb71000
       Format changed: I -> U
       zkVM errors (3 lines):
         • [prover_impl.rs:280] verify segment (internal proof verification failed)
         • [ffi.cpp:113] address mismatch at cycle 18018: preflight=0x3fffc02c, actual=0x3fffc02e
         • [kernels/cxx/ffi.cpp:208] SKIP THROW: memory peek not in preflight
       Local constraints hit (4 unique):
         - MemoryWrite@mem.zir:100
           cycle=18018, step=1374, pc=0x002184D0, major=0, minor=7
         - MemoryWrite@mem.zir:99
           cycle=18018, step=1374, pc=0x002184D0, major=0, minor=7
         - VerifyOpcodeF3@inst.zir:96
           cycle=18018, step=1374, pc=0x002184D0, major=0, minor=7
         - VerifyOpcodeF3@inst.zir:97
           cycle=18018, step=1374, pc=0x002184D0, major=0, minor=7
       Global: memory permutation violated
         x4/tp: expected write missing, needed 0x0000001c (cycle 36036)
         x12/a2: unexpected write 0x0000001c (cycle 36026)
         x14/a4: expected write missing, needed 0x0000001c (cycle 36026)
         x27/s11: expected write missing, needed 0x00000000 (cycle 36022)
         x31/t6: unexpected write 0x00000000 (cycle 36022)
         0x002184CC (code): wrote 0xfff60613, expected 0xfdb71237 (cycle 36022)
  [335] ✓ MEM_VAL_MOD @ step 3552: 3 failures, 2992ms, outcome: REJECTED, exit: 101 [proof:GENERATED] G=memory
       r=0.033  T_new=0.00 F_new=1.00 F_rare=1.00 U=0 Q=0.07 Q_l=0.37 Q_g=0.19 dl=3 dg=10
       Value: 0x00000001 -> 0x01080401
       Transaction: other_mem_read (READ) at address 0xffff003c
       zkVM errors (3 lines):
         • [prover_impl.rs:280] verify segment (internal proof verification failed)
         • [ffi.cpp:113] address mismatch at cycle 20355: preflight=0x30000150, actual=0x3000014f
         • [kernels/cxx/buffers.h:43] SKIP THROW: Inconsistent set
       Local constraints hit (3 unique):
         - IsRead@mem.zir:79
           cycle=20354, step=3552, pc=0xC0000540, major=2, minor=1
         - IsRead@mem.zir:80
           cycle=20354, step=3552, pc=0xC0000540, major=2, minor=1
         - MemoryWrite@mem.zir:99
           cycle=20435, step=3559, pc=0xC000018C, major=2, minor=4
       Global: memory permutation violated (11 addrs: 11 data)
         0xC000053C (data): expected write missing, needed 0xc0002737 (cycle 39754)
         0xC0000540 (data): unexpected write 0xc0002737 (cycle 39754)
         0xC0000544 (data): unexpected write 0x83470713 (cycle 39756)
         + 8 more addresses
  [336] ✓ INSTR_WORD_MOD_SUR @ step 2653: 1 failures, 2928ms, outcome: REJECTED, exit: 101 [proof:GENERATED] G=memory
       r=0.183  T_new=0.00 F_new=0.78 F_rare=1.00 U=0 Q=0.43 Q_l=0.72 Q_g=0.61 dl=1 dg=3
       Value: 0x00872883 -> 0x66A72883
       Surgical: imm = 8 -> 1642
       Original: LW x17, 8(x14)
       Mutated:  LW x17, 1642(x14)
       zkVM errors (3 lines):
         • [prover_impl.rs:280] verify segment (internal proof verification failed)
         • [ffi.cpp:113] address mismatch at cycle 19381: preflight=0x000800e9, actual=0x00080281
         • [kernels/cxx/ffi.cpp:208] SKIP THROW: memory peek not in preflight
       Local constraints hit (1 unique):
         - OpLW@inst_mem.zir:109
           cycle=19381, step=2653, pc=0x00203424, major=5, minor=2
       Global: memory permutation violated
         0x002003A4 (data): unexpected write 0x17e32f5a (cycle 38547)
         0x00200A04 (code): expected write missing, needed 0x17e32f5a (cycle 38547)
         0x00203420 (code): wrote 0x00872883, expected 0x66a72883 (cycle 38738)
  [337] ✓ PRE_EXEC_REG_MOD @ step 3293: 1 failures, 2948ms, outcome: REJECTED, exit: 101 [proof:GENERATED] G=memory
       r=0.171  T_new=0.00 F_new=0.39 F_rare=0.79 U=0 Q=0.61 Q_l=0.72 Q_g=0.85 dl=1 dg=1
       Value: 0x00000000 -> 0x00000100
       Register: x12 (a2), READ, strategy=next_read
       zkVM errors (1 lines):
         • [prover_impl.rs:280] verify segment (internal proof verification failed)
       Local constraints hit (1 unique):
         - IsRead@mem.zir:79
           cycle=20095, step=3293, pc=0x0020346C, major=1, minor=2
       Global: memory permutation violated
         x12/a2: wrote 0x00000100, expected 0x00000000 (cycle 40190)
  [338] ✓ MEM_VAL_MOD @ step 2075: 2 failures, 2947ms, outcome: REJECTED, exit: 101 [proof:GENERATED] G=memory
       r=0.111  T_new=0.00 F_new=0.39 F_rare=0.68 U=0 Q=0.43 Q_l=0.51 Q_g=0.85 dl=2 dg=1
       Value: 0x002097D8 -> 0x20000000
       Transaction: other_mem_write (WRITE) at address 0xffff0180
       zkVM errors (1 lines):
         • [prover_impl.rs:280] verify segment (internal proof verification failed)
       Local constraints hit (2 unique):
         - MemoryWrite@mem.zir:100
           cycle=18729, step=2075, pc=0x0020AF88, major=2, minor=4
         - MemoryWrite@mem.zir:99
           cycle=18729, step=2075, pc=0x0020AF88, major=2, minor=4
       Global: memory permutation violated
         0xFFFF0180 (data): wrote 0x20000000, expected 0x002097d8 (cycle 37459)
  [339] ✓ INSTR_WORD_MOD_SUR @ step 720: 0 failures, 2917ms, outcome: REJECTED, exit: 101 [proof:GENERATED] G=memory[GO]
       r=0.256  T_new=0.00 F_new=0.78 F_rare=1.00 U=0 Q=0.61 Q_l=1.00 Q_g=0.61 dl=0 dg=3
       Value: 0x00812423 -> 0x01812423
       Surgical: rs2 = 8 -> 24
       Original: SW x8, 8(x2)
       Mutated:  SW x24, 8(x2)
       zkVM errors (3 lines):
         • [prover_impl.rs:280] verify segment (internal proof verification failed)
         • [ffi.cpp:113] address mismatch at cycle 17335: preflight=0x3fffc028, actual=0x3fffc038
         • [kernels/cxx/ffi.cpp:208] SKIP THROW: memory peek not in preflight
       Global: memory permutation violated [GLOBAL-ONLY]
         x8/s0: unexpected write 0x00000001 (cycle 34656)
         x24/s8: expected write missing, needed 0x00000001 (cycle 34656)
         0x00203190 (code): wrote 0x00812423, expected 0x01812423 (cycle 34504)
  [340] ✓ PRE_EXEC_REG_MOD @ step 304: 2 failures, 2935ms, outcome: REJECTED, exit: 101 [proof:GENERATED] G=memory
       r=0.129  T_new=0.00 F_new=0.39 F_rare=0.85 U=0 Q=0.43 Q_l=0.51 Q_g=0.85 dl=2 dg=1
       Value: 0x00000000 -> 0x20200028
       Register: x0 (zero), READ, strategy=next_read
       zkVM errors (1 lines):
         • [prover_impl.rs:280] verify segment (internal proof verification failed)
       Local constraints hit (2 unique):
         - IsRead@mem.zir:79
           cycle=16889, step=304, pc=0x002031C0, major=2, minor=5
         - IsRead@mem.zir:80
           cycle=16889, step=304, pc=0x002031C0, major=2, minor=5
       Global: memory permutation violated
         x0/zero: wrote 0x20200028, expected 0x00000000 (cycle 33778)
  [341] ✓ LOAD_VAL_MOD @ step 1856: 2 failures, 2936ms, outcome: REJECTED, exit: 101 [proof:GENERATED] G=memory
       r=0.103  T_new=0.00 F_new=0.39 F_rare=0.60 U=0 Q=0.43 Q_l=0.51 Q_g=0.85 dl=2 dg=1
       Value: 0x002000A4 -> 0xEB7150D0
       Load destination: rd = x9 (s1)
       zkVM errors (1 lines):
         • [prover_impl.rs:280] verify segment (internal proof verification failed)
       Local constraints hit (2 unique):
         - MemoryWrite@mem.zir:100
           cycle=18505, step=1856, pc=0x00206000, major=5, minor=2
         - MemoryWrite@mem.zir:99
           cycle=18505, step=1856, pc=0x00206000, major=5, minor=2
       Global: memory permutation violated
         x9/s1: wrote 0xeb7150d0, expected 0x002000a4 (cycle 37011)
  [342] ✓ INSTR_WORD_MOD_SUR @ step 3482: 2 failures, 2923ms, outcome: REJECTED, exit: 101 [proof:GENERATED] G=memory
       r=0.131  T_new=0.00 F_new=0.78 F_rare=1.00 U=0 Q=0.31 Q_l=0.51 Q_g=0.61 dl=2 dg=3
       Value: 0x00400593 -> 0xE0300593
       Surgical: imm = 4 -> 3587
       Original: ADDI x11, x0, 4
       Mutated:  ADDI x11, x0, -509
       zkVM errors (3 lines):
         • [prover_impl.rs:280] verify segment (internal proof verification failed)
         • [ffi.cpp:113] address mismatch at cycle 20284: preflight=0x3fffc024, actual=0x3fffc023
         • [kernels/cxx/ffi.cpp:208] SKIP THROW: memory peek not in preflight
       Local constraints hit (2 unique):
         - MemoryWrite@mem.zir:100
           cycle=20284, step=3482, pc=0x00205E00, major=0, minor=7
         - MemoryWrite@mem.zir:99
           cycle=20284, step=3482, pc=0x00205E00, major=0, minor=7
       Global: memory permutation violated
         x3/gp: expected write missing, needed 0x00000000 (cycle 40564)
         x4/tp: unexpected write 0x00000000 (cycle 40564)
         0x00205DFC (code): wrote 0x00400593, expected 0xe0300593 (cycle 40042)
  [343] ✓ INSTR_WORD_MOD_FULL @ step 3189: 0 failures, 2934ms, outcome: REJECTED, exit: 101 [proof:GENERATED] G=memory[GO]
       r=0.256  T_new=0.00 F_new=0.78 F_rare=1.00 U=0 Q=0.61 Q_l=1.00 Q_g=0.61 dl=0 dg=3
       Value: 0x00B12823 -> 0x00B1A823
       Original: SW x11, 16(x2)
       Mutated:  SW x11, 16(x3)
       zkVM errors (3 lines):
         • [prover_impl.rs:280] verify segment (internal proof verification failed)
         • [ffi.cpp:113] address mismatch at cycle 19991: preflight=0x3fffc022, actual=0x3fffc023
         • [kernels/cxx/ffi.cpp:208] SKIP THROW: memory peek not in preflight
       Global: memory permutation violated [GLOBAL-ONLY]
         x2/sp: unexpected write 0x002001c0 (cycle 39978)
         x3/gp: expected write missing, needed 0x002001c0 (cycle 39978)
         0x00204B34 (code): wrote 0x00b12823, expected 0x00b1a823 (cycle 14322)
  [344] ✓ LOAD_VAL_MOD @ step 1153: 2 failures, 2953ms, outcome: REJECTED, exit: 101 [proof:GENERATED] G=memory
       r=0.106  T_new=0.00 F_new=0.39 F_rare=0.63 U=0 Q=0.43 Q_l=0.51 Q_g=0.85 dl=2 dg=1
       Value: 0x00000000 -> 0xFFFFFFFF
       Load destination: rd = x10 (a0)
       zkVM errors (1 lines):
         • [prover_impl.rs:280] verify segment (internal proof verification failed)
       Local constraints hit (2 unique):
         - MemoryWrite@mem.zir:100
           cycle=17797, step=1153, pc=0x00209A34, major=5, minor=3
         - MemoryWrite@mem.zir:99
           cycle=17797, step=1153, pc=0x00209A34, major=5, minor=3
       Global: memory permutation violated
         x10/a0: wrote 0xffffffff, expected 0x00000000 (cycle 35595)
  [345] ✓ INSTR_WORD_MOD_SUR @ step 1668: 0 failures, 2947ms, outcome: REJECTED, exit: 101 [proof:GENERATED] G=memory[GO]
       r=0.256  T_new=0.00 F_new=0.78 F_rare=1.00 U=0 Q=0.61 Q_l=1.00 Q_g=0.61 dl=0 dg=3
       Value: 0x01312623 -> 0x00412623
       Surgical: rs2 = 19 -> 4
       Original: SW x19, 12(x2)
       Mutated:  SW x4, 12(x2)
       zkVM errors (3 lines):
         • [prover_impl.rs:280] verify segment (internal proof verification failed)
         • [ffi.cpp:113] address mismatch at cycle 18312: preflight=0x3fffc033, actual=0x3fffc024
         • [kernels/cxx/ffi.cpp:208] SKIP THROW: memory peek not in preflight
       Global: memory permutation violated [GLOBAL-ONLY]
         x4/tp: expected write missing, needed 0x00000001 (cycle 36576)
         x19/s3: unexpected write 0x00000001 (cycle 36576)
         0x002096C4 (code): wrote 0x01312623, expected 0x00412623 (cycle 20702)
  [346] ✓ MEM_VAL_MOD @ step 3920: 1 failures, 2945ms, outcome: REJECTED, exit: 101 [proof:GENERATED] G=memory
       r=0.142  T_new=0.00 F_new=0.39 F_rare=0.59 U=0 Q=0.61 Q_l=0.72 Q_g=0.85 dl=1 dg=1
       Value: 0x00000000 -> 0x00000004
       Transaction: load_mem_read (WRITE) at address 0xffff0028
       zkVM errors (1 lines):
         • [prover_impl.rs:280] verify segment (internal proof verification failed)
       Local constraints hit (1 unique):
         - MemoryWrite@mem.zir:99
           cycle=20870, step=3920, pc=0xC00000D8, major=5, minor=2
       Global: memory permutation violated
         0xFFFF0028 (data): wrote 0x00000004, expected 0x00000000 (cycle 41741)
  [347] ✓ STORE_OUT_MOD @ step 408: 2 failures, 2947ms, outcome: REJECTED, exit: 101 [proof:GENERATED] G=memory
       r=0.101  T_new=0.00 F_new=0.39 F_rare=0.58 U=0 Q=0.43 Q_l=0.51 Q_g=0.85 dl=2 dg=1
       Value: 0x80000007 -> 0x99C62117
       Store address: 0x00200354
       zkVM errors (1 lines):
         • [prover_impl.rs:280] verify segment (internal proof verification failed)
       Local constraints hit (2 unique):
         - MemoryWrite@mem.zir:100
           cycle=16999, step=408, pc=0x00203198, major=6, minor=2
         - MemoryWrite@mem.zir:99
           cycle=16999, step=408, pc=0x00203198, major=6, minor=2
       Global: memory permutation violated
         0x00200354 (data): wrote 0x99c62117, expected 0x80000007 (cycle 33999)
  [348] ✓ INSTR_WORD_MOD_FULL @ step 2911: 0 failures, 3046ms, outcome: REJECTED, exit: 101 [proof:GENERATED] G=memory[GO]
       r=0.256  T_new=0.00 F_new=0.78 F_rare=1.00 U=0 Q=0.61 Q_l=1.00 Q_g=0.61 dl=0 dg=3
       Value: 0x00A58533 -> 0x00A58733
       Original: ADD x10, x11, x10
       Mutated:  ADD x14, x11, x10
       zkVM errors (3 lines):
         • [prover_impl.rs:280] verify segment (internal proof verification failed)
         • [ffi.cpp:113] address mismatch at cycle 19639: preflight=0x3fffc02a, actual=0x3fffc02e
         • [kernels/cxx/ffi.cpp:208] SKIP THROW: memory peek not in preflight
       Global: memory permutation violated [GLOBAL-ONLY]
         x10/a0: unexpected write 0x00000040 (cycle 39278)
         x14/a4: expected write missing, needed 0x00000040 (cycle 39278)
         0x00205E1C (code): wrote 0x00a58533, expected 0x00a58733 (cycle 38228)
  [349] ✓ COMP_OUT_MOD @ step 1968: 2 failures, 2953ms, outcome: REJECTED, exit: 101 [proof:GENERATED] G=memory
       r=0.103  T_new=0.00 F_new=0.39 F_rare=0.60 U=0 Q=0.43 Q_l=0.51 Q_g=0.85 dl=2 dg=1
       Value: 0x00000008 -> 0xF8475305
       Destination: rd = x12 (a2)
       zkVM errors (1 lines):
         • [prover_impl.rs:280] verify segment (internal proof verification failed)
       Local constraints hit (2 unique):
         - MemoryWrite@mem.zir:100
           cycle=18617, step=1968, pc=0x002184D0, major=0, minor=7
         - MemoryWrite@mem.zir:99
           cycle=18617, step=1968, pc=0x002184D0, major=0, minor=7
       Global: memory permutation violated
         x12/a2: wrote 0xf8475305, expected 0x00000008 (cycle 37235)
  [350] ✓ COMP_OUT_MOD @ step 2313: 2 failures, 2946ms, outcome: REJECTED, exit: 101 [proof:GENERATED] G=memory
       r=0.168  T_new=0.00 F_new=0.63 F_rare=1.00 U=0 Q=0.43 Q_l=0.51 Q_g=0.85 dl=2 dg=1
       Value: 0x00000000 -> 0xBAB98989
       Destination: rd = x10 (a0)
       zkVM errors (1 lines):
         • [prover_impl.rs:280] verify segment (internal proof verification failed)
       Local constraints hit (2 unique):
         - MemoryWrite@mem.zir:100
           cycle=18967, step=2313, pc=0x002012C4, major=0, minor=4
         - MemoryWrite@mem.zir:99
           cycle=18967, step=2313, pc=0x002012C4, major=0, minor=4
       Global: memory permutation violated
         x10/a0: wrote 0xbab98989, expected 0x00000000 (cycle 37935)
  [351] ✓ STORE_OUT_MOD @ step 1593: 2 failures, 2961ms, outcome: REJECTED, exit: 101 [proof:GENERATED] G=memory
       r=0.101  T_new=0.00 F_new=0.39 F_rare=0.58 U=0 Q=0.43 Q_l=0.51 Q_g=0.85 dl=2 dg=1
       Value: 0x00202F44 -> 0xF5E80011
       Store address: 0x002001cc
       zkVM errors (1 lines):
         • [prover_impl.rs:280] verify segment (internal proof verification failed)
       Local constraints hit (2 unique):
         - MemoryWrite@mem.zir:100
           cycle=18237, step=1593, pc=0x00204004, major=6, minor=2
         - MemoryWrite@mem.zir:99
           cycle=18237, step=1593, pc=0x00204004, major=6, minor=2
       Global: memory permutation violated
         0x002001CC (data): wrote 0xf5e80011, expected 0x00202f44 (cycle 36475)
  [352] ✓ PRE_EXEC_REG_MOD @ step 1758: 2 failures, 2964ms, outcome: REJECTED, exit: 101 [proof:GENERATED] G=memory
       r=0.131  T_new=0.00 F_new=0.78 F_rare=1.00 U=0 Q=0.31 Q_l=0.51 Q_g=0.61 dl=2 dg=3
       Value: 0x0021BA80 -> 0x010DD400
       Register: x11 (a1), READ, strategy=next_read
       zkVM errors (3 lines):
         • [prover_impl.rs:280] verify segment (internal proof verification failed)
         • [ffi.cpp:113] address mismatch at cycle 18402: preflight=0x00086ea0, actual=0x00437500
         • [kernels/cxx/ffi.cpp:208] SKIP THROW: memory peek not in preflight
       Local constraints hit (2 unique):
         - IsRead@mem.zir:79
           cycle=18402, step=1758, pc=0x002184C4, major=5, minor=3
         - IsRead@mem.zir:80
           cycle=18402, step=1758, pc=0x002184C4, major=5, minor=3
       Global: memory permutation violated
         0x010DD400 (data): expected write missing, needed 0x4341425f (cycle 28390)
         x11/a1: wrote 0x010dd400, expected 0x0021ba80 (cycle 36804)
         0x0021BA80 (code): unexpected write 0x4341425f (cycle 28390)
  [353] ✓ INSTR_TYPE_MOD @ step 2155: 5 failures, 2982ms, outcome: REJECTED, exit: 101 [proof:GENERATED] [+52 touch] G=memory|cycle
       r=0.058  T_new=0.77 F_new=0.99 F_rare=1.00 U=0 Q=0.08 Q_l=0.19 Q_g=0.43 dl=5 dg=5
       Value: 0x00060002 -> 0x00040004
       Original: Sw [major=6, minor=2]
       Mutated:  Div [major=4, minor=4]
       zkVM errors (3 lines):
         • [prover_impl.rs:280] verify segment (internal proof verification failed)
         • [ffi.cpp:113] address mismatch at cycle 18809: preflight=0x00088527, actual=0x3fffc034
         • [kernels/cxx/ffi.cpp:208] SKIP THROW: memory peek not in preflight
       Local constraints hit (5 unique):
         - MemoryWrite@mem.zir:100
           cycle=18809, step=2155, pc=0x00202570, major=4, minor=4
         - MemoryWrite@mem.zir:99
           cycle=18809, step=2155, pc=0x00202570, major=4, minor=4
         - VerifyOpcodeF3F7@inst.zir:102
           cycle=18809, step=2155, pc=0x00202570, major=4, minor=4
         - VerifyOpcodeF3F7@inst.zir:103
           cycle=18809, step=2155, pc=0x00202570, major=4, minor=4
         - VerifyOpcodeF3F7@inst.zir:104
           cycle=18809, step=2155, pc=0x00202570, major=4, minor=4
       Global: memory permutation violated
         x20/s4: expected write missing, needed 0x00000000 (cycle 29358)
         0x0022149C (code): unexpected write 0x00000000 (cycle 29358)
       Global: cycle lookup violated (3 indices broken)
         index 0: 2254 provides, 1 uses (imbalanced)
         index 8259: orphan use (1 entries, no matching provide)
         index 8260: 1 provides, 1 uses (imbalanced)
  [354] ✓ INSTR_WORD_MOD_SUR @ step 1462: 1 failures, 3055ms, outcome: REJECTED, exit: 101 [proof:GENERATED] G=memory
       r=0.180  T_new=0.00 F_new=0.39 F_rare=0.85 U=0 Q=0.61 Q_l=0.72 Q_g=0.85 dl=1 dg=1
       Value: 0x0005C703 -> 0x0005D703
       Surgical: funct3 = 4 -> 5
       Original: LBU x14, 0(x11)
       Mutated:  LHU x14, 0(x11)
       zkVM errors (1 lines):
         • [prover_impl.rs:280] verify segment (internal proof verification failed)
       Local constraints hit (1 unique):
         - VerifyOpcodeF3@inst.zir:97
           cycle=18106, step=1462, pc=0x002184C4, major=5, minor=3
       Global: memory permutation violated
         0x002184C0 (code): wrote 0x0005c703, expected 0x0005d703 (cycle 36198)
  [355] ✓ STORE_OUT_MOD @ step 1330: 2 failures, 2964ms, outcome: REJECTED, exit: 101 [proof:GENERATED] G=memory
       r=0.101  T_new=0.00 F_new=0.39 F_rare=0.58 U=0 Q=0.43 Q_l=0.51 Q_g=0.85 dl=2 dg=1
       Value: 0x0022133C -> 0x00002000
       Store address: 0x002001b4
       zkVM errors (1 lines):
         • [prover_impl.rs:280] verify segment (internal proof verification failed)
       Local constraints hit (2 unique):
         - MemoryWrite@mem.zir:100
           cycle=17974, step=1330, pc=0x00202BDC, major=6, minor=2
         - MemoryWrite@mem.zir:99
           cycle=17974, step=1330, pc=0x00202BDC, major=6, minor=2
       Global: memory permutation violated
         0x002001B4 (data): wrote 0x00002000, expected 0x0022133c (cycle 35949)
  [356] ✓ STORE_OUT_MOD @ step 2387: 2 failures, 2949ms, outcome: REJECTED, exit: 101 [proof:GENERATED] G=memory
       r=0.100  T_new=0.00 F_new=0.39 F_rare=0.58 U=0 Q=0.43 Q_l=0.51 Q_g=0.85 dl=2 dg=1
       Value: 0x00000000 -> 0x40C45145
       Store address: 0x00200344
       zkVM errors (1 lines):
         • [prover_impl.rs:280] verify segment (internal proof verification failed)
       Local constraints hit (2 unique):
         - MemoryWrite@mem.zir:100
           cycle=19041, step=2387, pc=0x002032E4, major=6, minor=2
         - MemoryWrite@mem.zir:99
           cycle=19041, step=2387, pc=0x002032E4, major=6, minor=2
       Global: memory permutation violated
         0x00200344 (data): wrote 0x40c45145, expected 0x00000000 (cycle 38083)
  [357] ✓ PRE_EXEC_REG_MOD @ step 1234: 2 failures, 2937ms, outcome: REJECTED, exit: 101 [proof:GENERATED] G=memory
       r=0.111  T_new=0.00 F_new=0.39 F_rare=0.68 U=0 Q=0.43 Q_l=0.51 Q_g=0.85 dl=2 dg=1
       Value: 0x002003F0 -> 0x002103F0
       Register: x2 (sp), READ, strategy=next_read
       zkVM errors (1 lines):
         • [prover_impl.rs:280] verify segment (internal proof verification failed)
       Local constraints hit (2 unique):
         - IsRead@mem.zir:80
           cycle=17878, step=1234, pc=0x0020120C, major=0, minor=7
         - MemoryWrite@mem.zir:100
           cycle=17878, step=1234, pc=0x0020120C, major=0, minor=7
       Global: memory permutation violated
         x2/sp: wrote 0x002103f0, expected 0x002003f0 (cycle 35756)
  [358] ✓ LOAD_VAL_MOD @ step 2178: 2 failures, 2946ms, outcome: REJECTED, exit: 101 [proof:GENERATED] G=memory
       r=0.102  T_new=0.00 F_new=0.39 F_rare=0.59 U=0 Q=0.43 Q_l=0.51 Q_g=0.85 dl=2 dg=1
       Value: 0x00000000 -> 0xDD8EA266
       Load destination: rd = x18 (s2)
       zkVM errors (1 lines):
         • [prover_impl.rs:280] verify segment (internal proof verification failed)
       Local constraints hit (2 unique):
         - MemoryWrite@mem.zir:100
           cycle=18832, step=2178, pc=0x00204180, major=5, minor=2
         - MemoryWrite@mem.zir:99
           cycle=18832, step=2178, pc=0x00204180, major=5, minor=2
       Global: memory permutation violated
         x18/s2: wrote 0xdd8ea266, expected 0x00000000 (cycle 37665)
  [359] ✓ INSTR_WORD_MOD_FULL @ step 411: 1 failures, 2929ms, outcome: REJECTED, exit: 101 [proof:GENERATED] G=memory
       r=0.142  T_new=0.00 F_new=0.39 F_rare=0.59 U=0 Q=0.61 Q_l=0.72 Q_g=0.85 dl=1 dg=1
       Value: 0x00050413 -> 0x20050413
       Original: ADDI x8, x10, 0
       Mutated:  ADDI x8, x10, 512
       zkVM errors (1 lines):
         • [prover_impl.rs:280] verify segment (internal proof verification failed)
       Local constraints hit (1 unique):
         - MemoryWrite@mem.zir:99
           cycle=17002, step=411, pc=0x002031A4, major=0, minor=7
       Global: memory permutation violated
         0x002031A0 (code): wrote 0x00050413, expected 0x20050413 (cycle 33836)
  [360] ✓ LOAD_VAL_MOD @ step 3409: 1 failures, 3074ms, outcome: REJECTED, exit: 101 [proof:GENERATED] G=memory
       r=0.142  T_new=0.00 F_new=0.39 F_rare=0.59 U=0 Q=0.61 Q_l=0.72 Q_g=0.85 dl=1 dg=1
       Value: 0x00000000 -> 0x00000020
       Load destination: rd = x16 (a6)
       zkVM errors (1 lines):
         • [prover_impl.rs:280] verify segment (internal proof verification failed)
       Local constraints hit (1 unique):
         - MemoryWrite@mem.zir:99
           cycle=20211, step=3409, pc=0x00203420, major=5, minor=2
       Global: memory permutation violated
         x16/a6: wrote 0x00000020, expected 0x00000000 (cycle 40423)
  [361] ✓ PRE_EXEC_REG_MOD @ step 3689: 1 failures, 2956ms, outcome: REJECTED, exit: 101 [proof:GENERATED] G=memory
       r=0.165  T_new=0.00 F_new=0.39 F_rare=0.75 U=0 Q=0.61 Q_l=0.72 Q_g=0.85 dl=1 dg=1
       Value: 0x00000002 -> 0x0000000A
       Register: x12 (a2), READ, strategy=next_read
       zkVM errors (1 lines):
         • [prover_impl.rs:280] verify segment (internal proof verification failed)
       Local constraints hit (1 unique):
         - IsRead@mem.zir:79
           cycle=20565, step=3689, pc=0x00203604, major=1, minor=2
       Global: memory permutation violated
         x12/a2: wrote 0x0000000a, expected 0x00000002 (cycle 41130)
  [362] ✓ INSTR_WORD_MOD_FULL @ step 3571: 0 failures, 2937ms, outcome: REJECTED, exit: 101 [proof:GENERATED] G=memory[GO]
       r=0.255  T_new=0.00 F_new=0.78 F_rare=1.00 U=0 Q=0.61 Q_l=1.00 Q_g=0.61 dl=0 dg=3
       Value: 0x1B8080E7 -> 0x1B8084E7
       Original: JALR x1, x1, 440
       Mutated:  JALR x9, x1, 440
       zkVM errors (3 lines):
         • [prover_impl.rs:280] verify segment (internal proof verification failed)
         • [ffi.cpp:113] address mismatch at cycle 20447: preflight=0x3fffc021, actual=0x3fffc029
         • [kernels/cxx/ffi.cpp:208] SKIP THROW: memory peek not in preflight
       Global: memory permutation violated [GLOBAL-ONLY]
         x1/ra: unexpected write 0x00205458 (cycle 40894)
         x9/s1: expected write missing, needed 0x00205458 (cycle 40894)
         0x0020545C (code): wrote 0x1b8080e7, expected 0x1b8084e7 (cycle 39336)
  [363] ✓ INSTR_WORD_MOD_FULL @ step 2289: 3 failures, 2919ms, outcome: REJECTED, exit: 101 [proof:GENERATED] G=memory
       r=0.053  T_new=0.00 F_new=0.97 F_rare=1.00 U=0 Q=0.11 Q_l=0.37 Q_g=0.31 dl=3 dg=7
       Value: 0x00F6A223 -> 0x0069E6B7
       Original: SW x15, 4(x13)
       Mutated:  LUI x13, 0x69e000
       Format changed: S -> U
       zkVM errors (3 lines):
         • [prover_impl.rs:280] verify segment (internal proof verification failed)
         • [ffi.cpp:113] address mismatch at cycle 18943: preflight=0x3fffc02d, actual=0x3fffc033
         • [kernels/cxx/ffi.cpp:208] SKIP THROW: memory peek not in preflight
       Local constraints hit (3 unique):
         - OpSW@inst_mem.zir:160
           cycle=18943, step=2289, pc=0x00203460, major=6, minor=2
         - VerifyOpcodeF3@inst.zir:96
           cycle=18943, step=2289, pc=0x00203460, major=6, minor=2
         - VerifyOpcodeF3@inst.zir:97
           cycle=18943, step=2289, pc=0x00203460, major=6, minor=2
       Global: memory permutation violated
         0x00200344 (data): unexpected write 0x00000000 (cycle 4682)
         0x0020034C (data): unexpected write 0x00000000 (cycle 37887)
         x6/t1: expected write missing, needed 0x00000000 (cycle 37883)
         x13/a3: unexpected write 0x00200340 (cycle 37884)
         x15/a5: unexpected write 0x00000000 (cycle 37883)
         x19/s3: expected write missing, needed 0x00200340 (cycle 37884)
         0x0020345C (code): wrote 0x00f6a223, expected 0x0069e6b7 (cycle 10642)
  [364] ✓ LOAD_VAL_MOD @ step 2652: 2 failures, 2949ms, outcome: REJECTED, exit: 101 [proof:GENERATED] G=memory
       r=0.102  T_new=0.00 F_new=0.39 F_rare=0.59 U=0 Q=0.43 Q_l=0.51 Q_g=0.85 dl=2 dg=1
       Value: 0xDFC17121 -> 0x44A6CA33
       Load destination: rd = x16 (a6)
       zkVM errors (1 lines):
         • [prover_impl.rs:280] verify segment (internal proof verification failed)
       Local constraints hit (2 unique):
         - MemoryWrite@mem.zir:100
           cycle=19380, step=2652, pc=0x00203420, major=5, minor=2
         - MemoryWrite@mem.zir:99
           cycle=19380, step=2652, pc=0x00203420, major=5, minor=2
       Global: memory permutation violated
         x16/a6: wrote 0x44a6ca33, expected 0xdfc17121 (cycle 38761)
  [365] ✓ STORE_OUT_MOD @ step 148: 2 failures, 2936ms, outcome: REJECTED, exit: 101 [proof:GENERATED] G=memory
       r=0.100  T_new=0.00 F_new=0.39 F_rare=0.57 U=0 Q=0.43 Q_l=0.51 Q_g=0.85 dl=2 dg=1
       Value: 0x00000000 -> 0x5217E735
       Store address: 0x0022136c
       zkVM errors (1 lines):
         • [prover_impl.rs:280] verify segment (internal proof verification failed)
       Local constraints hit (2 unique):
         - MemoryWrite@mem.zir:100
           cycle=16721, step=148, pc=0x00201110, major=6, minor=2
         - MemoryWrite@mem.zir:99
           cycle=16721, step=148, pc=0x00201110, major=6, minor=2
       Global: memory permutation violated
         0x0022136C (code): wrote 0x5217e735, expected 0x00000000 (cycle 33443)
  [366] ✓ INSTR_TYPE_MOD @ step 3248: 2 failures, 2907ms, outcome: REJECTED, exit: 101 [proof:GENERATED]
       r=0.060  T_new=0.00 F_new=0.00 F_rare=0.47 U=0 Q=0.51 Q_l=0.51 Q_g=1.00 dl=2 dg=0
       Value: 0x00000007 -> 0x00000001
       Original: AddI [major=0, minor=7]
       Mutated:  Sub [major=0, minor=1]
       zkVM errors (1 lines):
         • [prover_impl.rs:280] verify segment (internal proof verification failed)
       Local constraints hit (2 unique):
         - VerifyOpcodeF3F7@inst.zir:102
           cycle=20050, step=3248, pc=0x00204BE0, major=0, minor=1
         - VerifyOpcodeF3F7@inst.zir:104
           cycle=20050, step=3248, pc=0x00204BE0, major=0, minor=1
       Global: no permutation/lookup violations (local-only)
  [367] ✓ PRE_EXEC_REG_MOD @ step 1243: 2 failures, 2928ms, outcome: REJECTED, exit: 101 [proof:GENERATED] [+1 touch] G=memory
       r=0.114  T_new=0.03 F_new=0.39 F_rare=0.68 U=0 Q=0.43 Q_l=0.51 Q_g=0.85 dl=2 dg=1
       Value: 0x00000000 -> 0xE0040BF8
       Register: x0 (zero), READ, strategy=next_read
       zkVM errors (1 lines):
         • [prover_impl.rs:280] verify segment (internal proof verification failed)
       Local constraints hit (2 unique):
         - IsRead@mem.zir:79
           cycle=17887, step=1243, pc=0x00201230, major=0, minor=7
         - IsRead@mem.zir:80
           cycle=17887, step=1243, pc=0x00201230, major=0, minor=7
       Global: memory permutation violated
         x0/zero: wrote 0xe0040bf8, expected 0x00000000 (cycle 35774)
  [368] ✓ INSTR_TYPE_MOD @ step 1359: 3 failures, 2919ms, outcome: REJECTED, exit: 101 [proof:GENERATED]
       r=0.045  T_new=0.00 F_new=0.00 F_rare=0.51 U=0 Q=0.37 Q_l=0.37 Q_g=1.00 dl=3 dg=0
       Value: 0x00000007 -> 0x00000000
       Original: AddI [major=0, minor=7]
       Mutated:  Add [major=0, minor=0]
       zkVM errors (1 lines):
         • [prover_impl.rs:280] verify segment (internal proof verification failed)
       Local constraints hit (3 unique):
         - MemoryWrite@mem.zir:100
           cycle=18003, step=1359, pc=0x002184CC, major=0, minor=0
         - MemoryWrite@mem.zir:99
           cycle=18003, step=1359, pc=0x002184CC, major=0, minor=0
         - VerifyOpcodeF3F7@inst.zir:102
           cycle=18003, step=1359, pc=0x002184CC, major=0, minor=0
       Global: no permutation/lookup violations (local-only)
  [369] ✓ INSTR_WORD_MOD_FULL @ step 2264: 1 failures, 2924ms, outcome: REJECTED, exit: 101 [proof:GENERATED] G=memory
       r=0.155  T_new=0.00 F_new=0.39 F_rare=0.68 U=0 Q=0.61 Q_l=0.72 Q_g=0.85 dl=1 dg=1
       Value: 0x00F6A023 -> 0x00F6A033
       Original: SW x15, 0(x13)
       Mutated:  SLT x0, x13, x15
       Format changed: S -> R
       zkVM errors (1 lines):
         • [prover_impl.rs:280] verify segment (internal proof verification failed)
       Local constraints hit (1 unique):
         - VerifyOpcodeF3@inst.zir:96
           cycle=18918, step=2264, pc=0x0020342C, major=6, minor=2
       Global: memory permutation violated
         0x00203428 (code): wrote 0x00f6a023, expected 0x00f6a033 (cycle 37812)
  [370] ✓ INSTR_TYPE_MOD @ step 803: 2 failures, 2892ms, outcome: REJECTED, exit: 101 [proof:GENERATED]
       r=0.071  T_new=0.00 F_new=0.00 F_rare=0.58 U=0 Q=0.51 Q_l=0.51 Q_g=1.00 dl=2 dg=0
       Value: 0x00000007 -> 0x00000004
       Original: AddI [major=0, minor=7]
       Mutated:  And [major=0, minor=4]
       zkVM errors (1 lines):
         • [prover_impl.rs:280] verify segment (internal proof verification failed)
       Local constraints hit (2 unique):
         - VerifyOpcodeF3F7@inst.zir:102
           cycle=17424, step=803, pc=0x002031A8, major=0, minor=4
         - VerifyOpcodeF3F7@inst.zir:103
           cycle=17424, step=803, pc=0x002031A8, major=0, minor=4
       Global: no permutation/lookup violations (local-only)
  [371] ✓ MEM_VAL_MOD @ step 3929: 0 failures, 2925ms, outcome: REJECTED, exit: 101 [proof:GENERATED] G=memory[GO]
       r=0.280  T_new=0.00 F_new=0.39 F_rare=1.00 U=0 Q=0.85 Q_l=1.00 Q_g=0.85 dl=0 dg=1
       Value: 0x00000000 -> 0x00100000
       Transaction: other_mem_read (READ) at address 0xffff0260
       zkVM errors (2 lines):
         • [prover_impl.rs:280] verify segment (internal proof verification failed)
         • [kernels/cxx/buffers.h:43] SKIP THROW: Inconsistent set
       Global: memory permutation violated [GLOBAL-ONLY]
         0xFFFF0260 (data): wrote 0x00100000, expected 0x00000000 (cycle 42794)
  [372] ✓ STORE_OUT_MOD @ step 3347: 2 failures, 2945ms, outcome: REJECTED, exit: 101 [proof:GENERATED] G=memory
       r=0.100  T_new=0.00 F_new=0.39 F_rare=0.57 U=0 Q=0.43 Q_l=0.51 Q_g=0.85 dl=2 dg=1
       Value: 0xE00067A1 -> 0xE029BBA2
       Store address: 0x0022159c
       zkVM errors (1 lines):
         • [prover_impl.rs:280] verify segment (internal proof verification failed)
       Local constraints hit (2 unique):
         - MemoryWrite@mem.zir:100
           cycle=20149, step=3347, pc=0x0020342C, major=6, minor=2
         - MemoryWrite@mem.zir:99
           cycle=20149, step=3347, pc=0x0020342C, major=6, minor=2
       Global: memory permutation violated
         0x0022159C (code): wrote 0xe029bba2, expected 0xe00067a1 (cycle 40299)
  [373] ✓ STORE_OUT_MOD @ step 3444: 2 failures, 2962ms, outcome: REJECTED, exit: 101 [proof:GENERATED] G=memory
       r=0.111  T_new=0.00 F_new=0.39 F_rare=0.68 U=0 Q=0.43 Q_l=0.51 Q_g=0.85 dl=2 dg=1
       Value: 0x00000002 -> 0xFFFFFFFD
       Store address: 0x002215cc
       zkVM errors (1 lines):
         • [prover_impl.rs:280] verify segment (internal proof verification failed)
       Local constraints hit (2 unique):
         - MemoryWrite@mem.zir:100
           cycle=20246, step=3444, pc=0x00204D1C, major=6, minor=0
         - MemoryWrite@mem.zir:99
           cycle=20246, step=3444, pc=0x00204D1C, major=6, minor=0
       Global: memory permutation violated
         0x002215CC (code): wrote 0xfffffffd, expected 0x00000002 (cycle 40493)
  [374] ✓ INSTR_TYPE_MOD @ step 760: 9 failures, 2934ms, outcome: REJECTED, exit: 101 [proof:GENERATED] [+1 new] G=memory
       r=0.006  T_new=0.00 F_new=1.00 F_rare=1.00 U=0 Q=0.01 Q_l=0.05 Q_g=0.26 dl=9 dg=8
       Value: 0x00000007 -> 0x00010007
       Original: AddI [major=0, minor=7]
       Mutated:  Blt [major=1, minor=7]
       zkVM errors (3 lines):
         • [prover_impl.rs:280] verify segment (internal proof verification failed)
         • [ffi.cpp:113] address mismatch at cycle 17378: preflight=0x3fffc00b, actual=0x3fffc040
         • [kernels/cxx/ffi.cpp:208] SKIP THROW: memory peek not in preflight
       Local constraints hit (7 unique):
         - ControlMRET@inst_control.zir:89
           cycle=17383, step=762, pc=0x00206174, major=7, minor=3
         - DecodeInst@inst.zir:29
           cycle=17379, step=761, pc=0xC000015C, major=0, minor=7
         - ECall0@inst_ecall.zir:203 (x3)
           cycle=17380, step=762, pc=0xC000015C, major=8, minor=0
         - MemoryWrite@mem.zir:100
           cycle=17378, step=760, pc=0xC0000158, major=1, minor=7
         - MemoryWrite@mem.zir:99
           cycle=17378, step=760, pc=0xC0000158, major=1, minor=7
         - VerifyOpcodeF3@inst.zir:96
           cycle=17378, step=760, pc=0xC0000158, major=1, minor=7
         - VerifyOpcodeF3@inst.zir:97
           cycle=17378, step=760, pc=0xC0000158, major=1, minor=7
       Global: memory permutation violated
         0xC0000158 (data): unexpected write 0x00800613 (cycle 34592)
         0xC000015C (data): unexpected write 0x00000073 (cycle 34594)
         0xC0000160 (data): unexpected write 0x30200073 (cycle 34600)
         0xC000097C (data): expected write missing, needed 0x00800613 (cycle 34592)
         0xC0000980 (data): expected write missing, needed 0x00000073 (cycle 34594)
         0xC0000984 (data): expected write missing, needed 0x30200073 (cycle 34600)
         0xFFFF002C (data): unexpected write 0x0020036c (cycle 34750)
         0xFFFF0100 (data): expected write missing, needed 0x0020036c (cycle 34750)
  [375] ✓ INSTR_WORD_MOD_FULL @ step 1027: 2 failures, 2971ms, outcome: REJECTED, exit: 101 [proof:GENERATED] G=memory|cycle
       r=0.054  T_new=0.00 F_new=0.99 F_rare=1.00 U=0 Q=0.11 Q_l=0.51 Q_g=0.22 dl=2 dg=9
       Value: 0x00000793 -> 0x9F908513
       Original: ADDI x15, x0, 0
       Mutated:  ADDI x10, x1, -1543
       zkVM errors (3 lines):
         • [prover_impl.rs:280] verify segment (internal proof verification failed)
         • [ffi.cpp:113] address mismatch at cycle 17666: preflight=0x3fffc020, actual=0x3fffc021
         • [kernels/cxx/ffi.cpp:208] SKIP THROW: memory peek not in preflight
       Local constraints hit (2 unique):
         - MemoryWrite@mem.zir:100
           cycle=17666, step=1027, pc=0x00200ABC, major=0, minor=7
         - MemoryWrite@mem.zir:99
           cycle=17666, step=1027, pc=0x00200ABC, major=0, minor=7
       Global: memory permutation violated
         x0/zero: unexpected write 0x00000000 (cycle 35330)
         x1/ra: expected write missing, needed 0x00000000 (cycle 35330)
         x10/a0: expected write missing, needed 0xebaa75b7 (cycle 5226)
         x15/a5: unexpected write 0x00000000 (cycle 35289)
         x25/s9: expected write missing, needed 0x00000000 (cycle 35289)
         0x00200AB8 (code): wrote 0x00000793, expected 0x9f908513 (cycle 5226)
       Global: cycle lookup violated (3 indices broken)
         index 42: 24 provides, 1 uses (imbalanced)
         index 43: 20 provides, 1 uses (imbalanced)
         index 30106: 1 provides, 1 uses (imbalanced)
  [376] ✓ COMP_OUT_MOD @ step 2435: 2 failures, 2914ms, outcome: REJECTED, exit: 101 [proof:GENERATED] G=memory
       r=0.183  T_new=0.00 F_new=0.78 F_rare=1.00 U=0 Q=0.43 Q_l=0.51 Q_g=0.85 dl=2 dg=1
       Value: 0x00000001 -> 0xFF75FDFF
       Destination: rd = x11 (a1)
       zkVM errors (1 lines):
         • [prover_impl.rs:280] verify segment (internal proof verification failed)
       Local constraints hit (2 unique):
         - MemoryWrite@mem.zir:100
           cycle=19089, step=2435, pc=0x00218160, major=0, minor=6
         - MemoryWrite@mem.zir:99
           cycle=19089, step=2435, pc=0x00218160, major=0, minor=6
       Global: memory permutation violated
         x11/a1: wrote 0xff75fdff, expected 0x00000001 (cycle 38179)
  [377] ✓ INSTR_TYPE_MOD @ step 3450: 2 failures, 2915ms, outcome: REJECTED, exit: 101 [proof:GENERATED]
       r=0.130  T_new=0.00 F_new=0.39 F_rare=0.67 U=0 Q=0.51 Q_l=0.51 Q_g=1.00 dl=2 dg=0
       Value: 0x00060002 -> 0x00060000
       Original: Sw [major=6, minor=2]
       Mutated:  Sb [major=6, minor=0]
       zkVM errors (1 lines):
         • [prover_impl.rs:280] verify segment (internal proof verification failed)
       Local constraints hit (2 unique):
         - MemoryWrite@mem.zir:99
           cycle=20252, step=3450, pc=0x0020535C, major=6, minor=0
         - VerifyOpcodeF3@inst.zir:97
           cycle=20252, step=3450, pc=0x0020535C, major=6, minor=0
       Global: no permutation/lookup violations (local-only)
  [378] ✓ COMP_OUT_MOD @ step 53: 2 failures, 2963ms, outcome: REJECTED, exit: 101 [proof:GENERATED] G=memory
       r=0.103  T_new=0.00 F_new=0.39 F_rare=0.60 U=0 Q=0.43 Q_l=0.51 Q_g=0.85 dl=2 dg=1
       Value: 0x00000003 -> 0x2EA5692B
       Destination: rd = x14 (a4)
       zkVM errors (1 lines):
         • [prover_impl.rs:280] verify segment (internal proof verification failed)
       Local constraints hit (2 unique):
         - MemoryWrite@mem.zir:100
           cycle=16626, step=53, pc=0x0020320C, major=0, minor=7
         - MemoryWrite@mem.zir:99
           cycle=16626, step=53, pc=0x0020320C, major=0, minor=7
       Global: memory permutation violated
         x14/a4: wrote 0x2ea5692b, expected 0x00000003 (cycle 33253)
  [379] ✓ PRE_EXEC_REG_MOD @ step 1092: 2 failures, 2952ms, outcome: REJECTED, exit: 101 [proof:GENERATED] G=memory
       r=0.183  T_new=0.00 F_new=0.78 F_rare=1.00 U=0 Q=0.43 Q_l=0.51 Q_g=0.85 dl=2 dg=1
       Value: 0x00000000 -> 0x4347C726
       Register: x0 (zero), READ, strategy=next_read
       zkVM errors (1 lines):
         • [prover_impl.rs:280] verify segment (internal proof verification failed)
       Local constraints hit (2 unique):
         - IsRead@mem.zir:79
           cycle=17736, step=1092, pc=0x00200BE0, major=2, minor=4
         - IsRead@mem.zir:80
           cycle=17736, step=1092, pc=0x00200BE0, major=2, minor=4
       Global: memory permutation violated
         x0/zero: wrote 0x4347c726, expected 0x00000000 (cycle 35472)
  [380] ✓ PRE_EXEC_REG_MOD @ step 1194: 3 failures, 2945ms, outcome: REJECTED, exit: 101 [proof:GENERATED] G=memory
       r=0.092  T_new=0.00 F_new=0.39 F_rare=0.85 U=0 Q=0.31 Q_l=0.37 Q_g=0.85 dl=3 dg=1
       Value: 0x00000001 -> 0x2210A7FB
       Register: x12 (a2), READ, strategy=next_read
       zkVM errors (1 lines):
         • [prover_impl.rs:280] verify segment (internal proof verification failed)
       Local constraints hit (3 unique):
         - IsRead@mem.zir:79
           cycle=17838, step=1194, pc=0x00209C58, major=6, minor=0
         - IsRead@mem.zir:80
           cycle=17838, step=1194, pc=0x00209C58, major=6, minor=0
         - MemoryWrite@mem.zir:100
           cycle=17838, step=1194, pc=0x00209C58, major=6, minor=0
       Global: memory permutation violated
         x12/a2: wrote 0x2210a7fb, expected 0x00000001 (cycle 35676)
  [381] ✓ INSTR_WORD_MOD_SUR @ step 3333: 1 failures, 2947ms, outcome: REJECTED, exit: 101 [proof:GENERATED] G=memory
       r=0.165  T_new=0.00 F_new=0.39 F_rare=0.75 U=0 Q=0.61 Q_l=0.72 Q_g=0.85 dl=1 dg=1
       Value: 0x00872883 -> 0x00876883
       Surgical: funct3 = 2 -> 6
       Original: LW x17, 8(x14)
       Mutated:  LOAD.6 x17, 8(x14)
       zkVM errors (1 lines):
         • [prover_impl.rs:280] verify segment (internal proof verification failed)
       Local constraints hit (1 unique):
         - VerifyOpcodeF3@inst.zir:97
           cycle=20135, step=3333, pc=0x00203424, major=5, minor=2
       Global: memory permutation violated
         0x00203420 (code): wrote 0x00872883, expected 0x00876883 (cycle 40166)
  [382] ✓ INSTR_WORD_MOD_FULL @ step 2368: 2 failures, 2976ms, outcome: REJECTED, exit: 101 [proof:GENERATED] G=memory|cycle
       r=0.080  T_new=0.00 F_new=0.78 F_rare=1.00 U=0 Q=0.19 Q_l=0.51 Q_g=0.37 dl=2 dg=6
       Value: 0x00B6AC23 -> 0x00D6AC23
       Original: SW x11, 24(x13)
       Mutated:  SW x13, 24(x13)
       zkVM errors (3 lines):
         • [prover_impl.rs:280] verify segment (internal proof verification failed)
         • [ffi.cpp:113] address mismatch at cycle 19022: preflight=0x3fffc02b, actual=0x000800ca
         • [kernels/cxx/ffi.cpp:208] SKIP THROW: memory peek not in preflight
       Local constraints hit (2 unique):
         - MemoryWrite@mem.zir:100
           cycle=19022, step=2368, pc=0x00203298, major=6, minor=2
         - MemoryWrite@mem.zir:99
           cycle=19022, step=2368, pc=0x00203298, major=6, minor=2
       Global: memory permutation violated
         0x00200328 (data): expected write missing, needed 0x00000000 (cycle 38042)
         x11/a1: unexpected write 0x00000000 (cycle 38042)
         0x00203294 (code): wrote 0x00b6ac23, expected 0x00d6ac23 (cycle 33322)
       Global: cycle lookup violated (3 indices broken)
         index 0: 2254 provides, 1 uses (imbalanced)
         index 202: 3 provides, 1 uses (imbalanced)
         index 203: 17 provides, 1 uses (imbalanced)
  [383] ✓ COMP_OUT_MOD @ step 1139: 2 failures, 2927ms, outcome: REJECTED, exit: 101 [proof:GENERATED] G=memory
       r=0.118  T_new=0.00 F_new=0.39 F_rare=0.75 U=0 Q=0.43 Q_l=0.51 Q_g=0.85 dl=2 dg=1
       Value: 0x0021C000 -> 0xC151B956
       Destination: rd = x13 (a3)
       zkVM errors (1 lines):
         • [prover_impl.rs:280] verify segment (internal proof verification failed)
       Local constraints hit (2 unique):
         - MemoryWrite@mem.zir:100
           cycle=17783, step=1139, pc=0x0020B948, major=2, minor=5
         - MemoryWrite@mem.zir:99
           cycle=17783, step=1139, pc=0x0020B948, major=2, minor=5
       Global: memory permutation violated
         x13/a3: wrote 0xc151b956, expected 0x0021c000 (cycle 35567)
  [384] ✓ LOAD_VAL_MOD @ step 1807: 2 failures, 2990ms, outcome: REJECTED, exit: 101 [proof:GENERATED] G=memory
       r=0.105  T_new=0.00 F_new=0.39 F_rare=0.62 U=0 Q=0.43 Q_l=0.51 Q_g=0.85 dl=2 dg=1
       Value: 0x00000041 -> 0x28A57C69
       Load destination: rd = x14 (a4)
       zkVM errors (1 lines):
         • [prover_impl.rs:280] verify segment (internal proof verification failed)
       Local constraints hit (2 unique):
         - MemoryWrite@mem.zir:100
           cycle=18451, step=1807, pc=0x002184C4, major=5, minor=3
         - MemoryWrite@mem.zir:99
           cycle=18451, step=1807, pc=0x002184C4, major=5, minor=3
       Global: memory permutation violated
         x14/a4: wrote 0x28a57c69, expected 0x00000041 (cycle 36903)
  [385] ✓ COMP_OUT_MOD @ step 3462: 1 failures, 2944ms, outcome: REJECTED, exit: 101 [proof:GENERATED] G=memory
       r=0.161  T_new=0.00 F_new=0.39 F_rare=0.72 U=0 Q=0.61 Q_l=0.72 Q_g=0.85 dl=1 dg=1
       Value: 0x80000000 -> 0x80010000
       Destination: rd = x13 (a3)
       zkVM errors (1 lines):
         • [prover_impl.rs:280] verify segment (internal proof verification failed)
       Local constraints hit (1 unique):
         - MemoryWrite@mem.zir:100
           cycle=20264, step=3462, pc=0x00218154, major=2, minor=5
       Global: memory permutation violated
         x13/a3: wrote 0x80010000, expected 0x80000000 (cycle 40529)
  [386] ✓ MEM_VAL_MOD @ step 0: 10 failures, 2948ms, outcome: REJECTED, exit: 101 [proof:GENERATED] G=memory
       r=0.080  T_new=0.00 F_new=0.39 F_rare=0.69 U=0 Q=0.31 Q_l=0.37 Q_g=0.85 dl=3 dg=1
       Value: 0x80000537 -> 0x7FFFFAC9
       Transaction: other_mem_read (READ) at address 0x00200cf8
       zkVM errors (2 lines):
         • [prover_impl.rs:280] verify segment (internal proof verification failed)
         • [kernels/cxx/buffers.h:43] SKIP THROW: Inconsistent set
       Local constraints hit (3 unique):
         - IsRead@mem.zir:79
           cycle=2795, step=0, pc=0x00000000, major=9, minor=2
         - IsRead@mem.zir:80
           cycle=2795, step=0, pc=0x00000000, major=9, minor=2
         - PoseidonCheckOut@inst_p2.zir:265 (x8)
           cycle=3045, step=0, pc=0x00000000, major=9, minor=5
       Global: memory permutation violated
         0x00200CF8 (code): wrote 0x7ffffac9, expected 0x80000537 (cycle 5590)
  [387] ✓ INSTR_WORD_MOD_SUR @ step 3028: 0 failures, 2947ms, outcome: REJECTED, exit: 101 [proof:GENERATED] G=memory[GO]
       r=0.255  T_new=0.00 F_new=0.78 F_rare=1.00 U=0 Q=0.61 Q_l=1.00 Q_g=0.61 dl=0 dg=3
       Value: 0x00467593 -> 0x8D767593
       Surgical: imm = 4 -> 2263
       Original: ANDI x11, x12, 4
       Mutated:  ANDI x11, x12, -1833
       zkVM errors (3 lines):
         • [prover_impl.rs:280] verify segment (internal proof verification failed)
         • [ffi.cpp:113] address mismatch at cycle 19756: preflight=0x3fffc024, actual=0x3fffc037
         • [kernels/cxx/ffi.cpp:208] SKIP THROW: memory peek not in preflight
       Global: memory permutation violated [GLOBAL-ONLY]
         x4/tp: unexpected write 0x00000000 (cycle 39472)
         x23/s7: expected write missing, needed 0x00000000 (cycle 39472)
         0x00203468 (code): wrote 0x00467593, expected 0x8d767593 (cycle 38786)
  [388] ✓ COMP_OUT_MOD @ step 2972: 2 failures, 2952ms, outcome: REJECTED, exit: 101 [proof:GENERATED] G=memory
       r=0.110  T_new=0.00 F_new=0.39 F_rare=0.67 U=0 Q=0.43 Q_l=0.51 Q_g=0.85 dl=2 dg=1
       Value: 0x002056B0 -> 0xCD91458E
       Destination: rd = x1 (ra)
       zkVM errors (1 lines):
         • [prover_impl.rs:280] verify segment (internal proof verification failed)
       Local constraints hit (2 unique):
         - MemoryWrite@mem.zir:100
           cycle=19700, step=2972, pc=0x00200EF4, major=2, minor=4
         - MemoryWrite@mem.zir:99
           cycle=19700, step=2972, pc=0x00200EF4, major=2, minor=4
       Global: memory permutation violated
         x1/ra: wrote 0xcd91458e, expected 0x002056b0 (cycle 39401)
  [389] ✓ STORE_OUT_MOD @ step 88: 2 failures, 2915ms, outcome: REJECTED, exit: 101 [proof:GENERATED] G=memory
       r=0.100  T_new=0.00 F_new=0.39 F_rare=0.57 U=0 Q=0.43 Q_l=0.51 Q_g=0.85 dl=2 dg=1
       Value: 0x00000000 -> 0x9E872A1A
       Store address: 0x002213c4
       zkVM errors (1 lines):
         • [prover_impl.rs:280] verify segment (internal proof verification failed)
       Local constraints hit (2 unique):
         - MemoryWrite@mem.zir:100
           cycle=16661, step=88, pc=0x00203298, major=6, minor=2
         - MemoryWrite@mem.zir:99
           cycle=16661, step=88, pc=0x00203298, major=6, minor=2
       Global: memory permutation violated
         0x002213C4 (code): wrote 0x9e872a1a, expected 0x00000000 (cycle 33323)
  [390] ✓ COMP_OUT_MOD @ step 2980: 2 failures, 2936ms, outcome: REJECTED, exit: 101 [proof:GENERATED] G=memory
       r=0.102  T_new=0.00 F_new=0.39 F_rare=0.59 U=0 Q=0.43 Q_l=0.51 Q_g=0.85 dl=2 dg=1
       Value: 0x00000004 -> 0x020080C4
       Destination: rd = x13 (a3)
       zkVM errors (1 lines):
         • [prover_impl.rs:280] verify segment (internal proof verification failed)
       Local constraints hit (2 unique):
         - MemoryWrite@mem.zir:100
           cycle=19708, step=2980, pc=0x00205DF8, major=0, minor=7
         - MemoryWrite@mem.zir:99
           cycle=19708, step=2980, pc=0x00205DF8, major=0, minor=7
       Global: memory permutation violated
         x13/a3: wrote 0x020080c4, expected 0x00000004 (cycle 39417)
  [391] ✓ INSTR_WORD_MOD_FULL @ step 2934: 1 failures, 2986ms, outcome: REJECTED, exit: 101 [proof:GENERATED] G=memory
       r=0.183  T_new=0.00 F_new=0.78 F_rare=1.00 U=0 Q=0.43 Q_l=0.72 Q_g=0.61 dl=1 dg=3
       Value: 0x0021A5B7 -> 0x0121A5B7
       Original: LUI x11, 0x21a000
       Mutated:  LUI x11, 0x121a000
       zkVM errors (3 lines):
         • [prover_impl.rs:280] verify segment (internal proof verification failed)
         • [ffi.cpp:113] address mismatch at cycle 19662: preflight=0x3fffc022, actual=0x3fffc032
         • [kernels/cxx/ffi.cpp:208] SKIP THROW: memory peek not in preflight
       Local constraints hit (1 unique):
         - MemoryWrite@mem.zir:100
           cycle=19662, step=2934, pc=0x002053F4, major=2, minor=5
       Global: memory permutation violated
         x2/sp: unexpected write 0x002001a0 (cycle 39288)
         x18/s2: expected write missing, needed 0x002001a0 (cycle 39288)
         0x002053F0 (code): wrote 0x0021a5b7, expected 0x0121a5b7 (cycle 15730)
  [392] ✓ LOAD_VAL_MOD @ step 2684: 2 failures, 2922ms, outcome: REJECTED, exit: 101 [proof:GENERATED] G=memory
       r=0.102  T_new=0.00 F_new=0.39 F_rare=0.59 U=0 Q=0.43 Q_l=0.51 Q_g=0.85 dl=2 dg=1
       Value: 0x30A10A85 -> 0x00000400
       Load destination: rd = x15 (a5)
       zkVM errors (1 lines):
         • [prover_impl.rs:280] verify segment (internal proof verification failed)
       Local constraints hit (2 unique):
         - MemoryWrite@mem.zir:100
           cycle=19412, step=2684, pc=0x002015EC, major=5, minor=2
         - MemoryWrite@mem.zir:99
           cycle=19412, step=2684, pc=0x002015EC, major=5, minor=2
       Global: memory permutation violated
         x15/a5: wrote 0x00000400, expected 0x30a10a85 (cycle 38825)
  [393] ✓ LOAD_VAL_MOD @ step 548: 2 failures, 2944ms, outcome: REJECTED, exit: 101 [proof:GENERATED] G=memory
       r=0.102  T_new=0.00 F_new=0.39 F_rare=0.59 U=0 Q=0.43 Q_l=0.51 Q_g=0.85 dl=2 dg=1
       Value: 0x80000007 -> 0xFFFFFFFF
       Load destination: rd = x10 (a0)
       zkVM errors (1 lines):
         • [prover_impl.rs:280] verify segment (internal proof verification failed)
       Local constraints hit (2 unique):
         - MemoryWrite@mem.zir:100
           cycle=17151, step=548, pc=0x00200904, major=5, minor=2
         - MemoryWrite@mem.zir:99
           cycle=17151, step=548, pc=0x00200904, major=5, minor=2
       Global: memory permutation violated
         x10/a0: wrote 0xffffffff, expected 0x80000007 (cycle 34303)
  [394] ✓ COMP_OUT_MOD @ step 1146: 1 failures, 2931ms, outcome: REJECTED, exit: 101 [proof:GENERATED] G=memory
       r=0.152  T_new=0.00 F_new=0.39 F_rare=0.66 U=0 Q=0.61 Q_l=0.72 Q_g=0.85 dl=1 dg=1
       Value: 0x0020B964 -> 0x0060B964
       Destination: rd = x1 (ra)
       zkVM errors (1 lines):
         • [prover_impl.rs:280] verify segment (internal proof verification failed)
       Local constraints hit (1 unique):
         - MemoryWrite@mem.zir:100
           cycle=17790, step=1146, pc=0x00209A18, major=2, minor=4
       Global: memory permutation violated
         x1/ra: wrote 0x0060b964, expected 0x0020b964 (cycle 35581)
  [395] ✓ INSTR_TYPE_MOD @ step 2175: 16 failures, 2950ms, outcome: REJECTED, exit: 101 [proof:GENERATED] [+33 touch] G=memory
       r=0.006  T_new=0.61 F_new=1.00 F_rare=1.00 U=0 Q=0.01 Q_l=0.05 Q_g=0.19 dl=9 dg=10
       Value: 0x00050002 -> 0x00000009
       Original: Lw [major=5, minor=2]
       Mutated:  OrI [major=0, minor=9] ⚠INVALID
       zkVM errors (3 lines):
         • [prover_impl.rs:280] verify segment (internal proof verification failed)
         • [ffi.cpp:113] address mismatch at cycle 18829: preflight=0x00080073, actual=0x3fffc02c
         • [kernels/cxx/ffi.cpp:208] SKIP THROW: memory peek not in preflight
       Local constraints hit (5 unique):
         - AddrDecompose@u32.zir:67 (x10)
           cycle=18830, step=2176, pc=0x00204178, major=5, minor=2
         - MemoryWrite@mem.zir:100 (x2)
           cycle=18829, step=2175, pc=0x00204174, major=0, minor=9
         - MemoryWrite@mem.zir:99 (x2)
           cycle=18829, step=2175, pc=0x00204174, major=0, minor=9
         - OneHot@one_hot.zir:11
           cycle=18829, step=2175, pc=0x00204174, major=0, minor=9
         - OneHot@one_hot.zir:9
           cycle=18829, step=2175, pc=0x00204174, major=0, minor=9
       Global: memory permutation violated (24 addrs: 2 register, 10 code, 12 data)
         0x00000000 (data): expected write missing, needed 0x0a812403 (cycle 12754)
         0x00000004 (data): expected write missing, needed 0x0a412483 (cycle 12754)
         0x00000008 (data): expected write missing, needed 0x0a012903 (cycle 12754)
         + 10 code addresses diverged (instruction fetch cascade)
         + 11 more addresses
  [396] ✓ PRE_EXEC_REG_MOD @ step 2619: 2 failures, 2981ms, outcome: REJECTED, exit: 101 [proof:GENERATED] G=memory
       r=0.131  T_new=0.00 F_new=0.78 F_rare=1.00 U=0 Q=0.31 Q_l=0.51 Q_g=0.61 dl=2 dg=3
       Value: 0x002002F0 -> 0x102003F8
       Register: x2 (sp), READ, strategy=next_read
       zkVM errors (3 lines):
         • [prover_impl.rs:280] verify segment (internal proof verification failed)
         • [ffi.cpp:113] address mismatch at cycle 19347: preflight=0x000800be, actual=0x04080100
         • [kernels/cxx/ffi.cpp:208] SKIP THROW: memory peek not in preflight
       Local constraints hit (2 unique):
         - IsRead@mem.zir:79
           cycle=19347, step=2619, pc=0x002052F0, major=6, minor=2
         - IsRead@mem.zir:80
           cycle=19347, step=2619, pc=0x002052F0, major=6, minor=2
       Global: memory permutation violated
         0x002002F8 (data): unexpected write 0x00000000 (cycle 38476)
         0x10200400 (data): expected write missing, needed 0x00000000 (cycle 38476)
         x2/sp: wrote 0x102003f8, expected 0x002002f0 (cycle 38694)
  [397] ✓ LOAD_VAL_MOD @ step 3846: 2 failures, 2938ms, outcome: REJECTED, exit: 101 [proof:GENERATED] G=memory
       r=0.102  T_new=0.00 F_new=0.39 F_rare=0.59 U=0 Q=0.43 Q_l=0.51 Q_g=0.85 dl=2 dg=1
       Value: 0x9E03290D -> 0x00007FFF
       Load destination: rd = x11 (a1)
       zkVM errors (1 lines):
         • [prover_impl.rs:280] verify segment (internal proof verification failed)
       Local constraints hit (2 unique):
         - MemoryWrite@mem.zir:100
           cycle=20796, step=3846, pc=0x00204D50, major=5, minor=2
         - MemoryWrite@mem.zir:99
           cycle=20796, step=3846, pc=0x00204D50, major=5, minor=2
       Global: memory permutation violated
         x11/a1: wrote 0x00007fff, expected 0x9e03290d (cycle 41593)
  [398] ✓ INSTR_WORD_MOD_FULL @ step 176: 16 failures, 2929ms, outcome: REJECTED, exit: 101 [proof:GENERATED] G=memory
       r=0.006  T_new=0.00 F_new=0.99 F_rare=1.00 U=0 Q=0.01 Q_l=0.07 Q_g=0.19 dl=8 dg=10
       Value: 0xF28080E7 -> 0x653D848F
       Original: JALR x1, x1, -216
       Mutated:  UNKNOWN 0x653d848f
       Format changed: I -> UNKNOWN
       zkVM errors (3 lines):
         • [prover_impl.rs:280] verify segment (internal proof verification failed)
         • [ffi.cpp:113] address mismatch at cycle 16755: preflight=0x3fffc021, actual=0x3fffc03b
         • [kernels/cxx/ffi.cpp:208] SKIP THROW: memory peek not in preflight
       Local constraints hit (3 unique):
         - DecodeInst@inst.zir:29 (x13)
           cycle=16756, step=177, pc=0x00200EA8, major=0, minor=7
         - MemoryWrite@mem.zir:99 (x2)
           cycle=16767, step=188, pc=0x00200ED4, major=2, minor=6
         - VerifyOpcodeF3@inst.zir:96
           cycle=16755, step=176, pc=0x00200EA4, major=2, minor=4
       Global: memory permutation violated (32 addrs: 5 register, 27 code)
         x1/ra: unexpected write 0x00200f7c (cycle 33509)
         x8/s0: unexpected write 0x00000000 (cycle 33244)
         x9/s1: expected write missing, needed 0x00200f7c (cycle 33510)
         + 27 code addresses diverged (instruction fetch cascade)
         + 2 more addresses
  [399] ✓ COMP_OUT_MOD @ step 2410: 2 failures, 2929ms, outcome: REJECTED, exit: 101 [proof:GENERATED] G=memory
       r=0.102  T_new=0.00 F_new=0.39 F_rare=0.59 U=0 Q=0.43 Q_l=0.51 Q_g=0.85 dl=2 dg=1
       Value: 0x00200328 -> 0x06000500
       Destination: rd = x11 (a1)
       zkVM errors (1 lines):
         • [prover_impl.rs:280] verify segment (internal proof verification failed)
       Local constraints hit (2 unique):
         - MemoryWrite@mem.zir:100
           cycle=19064, step=2410, pc=0x0020560C, major=0, minor=7
         - MemoryWrite@mem.zir:99
           cycle=19064, step=2410, pc=0x0020560C, major=0, minor=7
       Global: memory permutation violated
         x11/a1: wrote 0x06000500, expected 0x00200328 (cycle 38129)
  [400] ✓ PRE_EXEC_REG_MOD @ step 679: 4 failures, 2933ms, outcome: REJECTED, exit: 101 [proof:GENERATED] G=memory
       r=0.058  T_new=0.00 F_new=0.39 F_rare=0.70 U=0 Q=0.22 Q_l=0.26 Q_g=0.85 dl=4 dg=1
       Value: 0x00000001 -> 0x0143644D
       Register: x11 (a1), READ, strategy=next_read
       zkVM errors (1 lines):
         • [prover_impl.rs:280] verify segment (internal proof verification failed)
       Local constraints hit (4 unique):
         - IsRead@mem.zir:79
           cycle=17288, step=679, pc=0xC0000144, major=5, minor=2
         - IsRead@mem.zir:80
           cycle=17288, step=679, pc=0xC0000144, major=5, minor=2
         - MemoryWrite@mem.zir:100
           cycle=17288, step=679, pc=0xC0000144, major=5, minor=2
         - MemoryWrite@mem.zir:99
           cycle=17288, step=679, pc=0xC0000144, major=5, minor=2
       Global: memory permutation violated
         x11/a1: wrote 0x0143644d, expected 0x00000001 (cycle 34576)
  [401] ✓ INSTR_WORD_MOD_SUR @ step 2710: 1 failures, 2954ms, outcome: REJECTED, exit: 101 [proof:GENERATED] G=memory
       r=0.183  T_new=0.00 F_new=0.78 F_rare=1.00 U=0 Q=0.43 Q_l=0.72 Q_g=0.61 dl=1 dg=3
       Value: 0x08A12623 -> 0x74A12D23
       Surgical: imm = 140 -> 1882
       Original: SW x10, 140(x2)
       Mutated:  SW x10, 1882(x2)
       zkVM errors (3 lines):
         • [prover_impl.rs:280] verify segment (internal proof verification failed)
         • [ffi.cpp:113] address mismatch at cycle 19438: preflight=0x000800e3, actual=0x00080296
         • [kernels/cxx/ffi.cpp:208] SKIP THROW: memory peek not in preflight
       Local constraints hit (1 unique):
         - OpSW@inst_mem.zir:161
           cycle=19438, step=2710, pc=0x00201654, major=6, minor=2
       Global: memory permutation violated
         0x0020038C (data): unexpected write 0xc3d4e0d9 (cycle 38734)
         0x00200A58 (code): expected write missing, needed 0xc3d4e0d9 (cycle 38734)
         0x00201650 (code): wrote 0x08a12623, expected 0x74a12d23 (cycle 7098)
  [402] ✓ PRE_EXEC_REG_MOD @ step 2399: 2 failures, 2936ms, outcome: REJECTED, exit: 101 [proof:GENERATED] G=memory
       r=0.122  T_new=0.00 F_new=0.39 F_rare=0.79 U=0 Q=0.43 Q_l=0.51 Q_g=0.85 dl=2 dg=1
       Value: 0x00200300 -> 0x00020000
       Register: x2 (sp), READ, strategy=next_read
       zkVM errors (1 lines):
         • [prover_impl.rs:280] verify segment (internal proof verification failed)
       Local constraints hit (2 unique):
         - IsRead@mem.zir:79
           cycle=19053, step=2399, pc=0x002013E0, major=2, minor=5
         - IsRead@mem.zir:80
           cycle=19053, step=2399, pc=0x002013E0, major=2, minor=5
       Global: memory permutation violated
         x2/sp: wrote 0x00020000, expected 0x00200300 (cycle 38106)
  [403] ✓ LOAD_VAL_MOD @ step 3099: 2 failures, 2949ms, outcome: REJECTED, exit: 101 [proof:GENERATED] G=memory
       r=0.101  T_new=0.00 F_new=0.39 F_rare=0.59 U=0 Q=0.43 Q_l=0.51 Q_g=0.85 dl=2 dg=1
       Value: 0x00000000 -> 0x436C8B5F
       Load destination: rd = x10 (a0)
       zkVM errors (1 lines):
         • [prover_impl.rs:280] verify segment (internal proof verification failed)
       Local constraints hit (2 unique):
         - MemoryWrite@mem.zir:100
           cycle=19827, step=3099, pc=0x00205784, major=5, minor=2
         - MemoryWrite@mem.zir:99
           cycle=19827, step=3099, pc=0x00205784, major=5, minor=2
       Global: memory permutation violated
         x10/a0: wrote 0x436c8b5f, expected 0x00000000 (cycle 39655)
  [404] ✓ INSTR_TYPE_MOD @ step 2501: 10 failures, 2954ms, outcome: REJECTED, exit: 101 [proof:GENERATED] [+31 touch] G=memory
       r=0.004  T_new=0.59 F_new=1.00 F_rare=1.00 U=0 Q=0.01 Q_l=0.04 Q_g=0.19 dl=10 dg=10
       Value: 0x00000007 -> 0x0001000C
       Original: AddI [major=0, minor=7]
       Mutated:  JalR [major=1, minor=12] ⚠INVALID
       zkVM errors (3 lines):
         • [prover_impl.rs:280] verify segment (internal proof verification failed)
         • [ffi.cpp:113] address mismatch at cycle 19155: preflight=0x3fffc011, actual=0x3fffc040
         • [kernels/cxx/ffi.cpp:208] SKIP THROW: memory peek not in preflight
       Local constraints hit (6 unique):
         - AddrDecompose@u32.zir:67 (x4)
           cycle=19156, step=2502, pc=0xC0000550, major=0, minor=7
         - AddrDecomposeBits@u32.zir:87
           cycle=19157, step=2503, pc=0xC0000554, major=8, minor=0
         - MemoryWrite@mem.zir:100
           cycle=19233, step=2505, pc=0xC000018C, major=2, minor=4
         - MemoryWrite@mem.zir:99 (x2)
           cycle=19155, step=2501, pc=0xC000054C, major=1, minor=12
         - OneHot@one_hot.zir:11
           cycle=19155, step=2501, pc=0xC000054C, major=1, minor=12
         - OneHot@one_hot.zir:9
           cycle=19155, step=2501, pc=0xC000054C, major=1, minor=12
       Global: memory permutation violated (12 addrs: 12 data)
         0x00000000 (data): expected write missing, needed 0x00080513 (cycle 30766)
         0x00000004 (data): expected write missing, needed 0x00000073 (cycle 30766)
         0x00000008 (data): expected write missing, needed 0x40d78833 (cycle 30766)
         + 9 more addresses
  [405] ✓ MEM_VAL_MOD @ step 1780: 2 failures, 2910ms, outcome: REJECTED, exit: 101 [proof:GENERATED] G=memory
       r=0.118  T_new=0.00 F_new=0.39 F_rare=0.75 U=0 Q=0.43 Q_l=0.51 Q_g=0.85 dl=2 dg=1
       Value: 0x00000000 -> 0x001110E0
       Transaction: other_mem_write (WRITE) at address 0xffff0180
       zkVM errors (1 lines):
         • [prover_impl.rs:280] verify segment (internal proof verification failed)
       Local constraints hit (2 unique):
         - MemoryWrite@mem.zir:100
           cycle=18424, step=1780, pc=0x002184C8, major=1, minor=6
         - MemoryWrite@mem.zir:99
           cycle=18424, step=1780, pc=0x002184C8, major=1, minor=6
       Global: memory permutation violated
         0xFFFF0180 (data): wrote 0x001110e0, expected 0x00000000 (cycle 36849)
  [406] ✓ COMP_OUT_MOD @ step 413: 2 failures, 2927ms, outcome: REJECTED, exit: 101 [proof:GENERATED] G=memory
       r=0.102  T_new=0.00 F_new=0.39 F_rare=0.59 U=0 Q=0.43 Q_l=0.51 Q_g=0.85 dl=2 dg=1
       Value: 0x0020036C -> 0xFFDFFC93
       Destination: rd = x11 (a1)
       zkVM errors (1 lines):
         • [prover_impl.rs:280] verify segment (internal proof verification failed)
       Local constraints hit (2 unique):
         - MemoryWrite@mem.zir:100
           cycle=17004, step=413, pc=0x002031AC, major=0, minor=7
         - MemoryWrite@mem.zir:99
           cycle=17004, step=413, pc=0x002031AC, major=0, minor=7
       Global: memory permutation violated
         x11/a1: wrote 0xffdffc93, expected 0x0020036c (cycle 34009)
  [407] ✓ INSTR_WORD_MOD_FULL @ step 1473: 0 failures, 2939ms, outcome: REJECTED, exit: 101 [proof:GENERATED] G=memory[GO]
       r=0.255  T_new=0.00 F_new=0.78 F_rare=1.00 U=0 Q=0.61 Q_l=1.00 Q_g=0.61 dl=0 dg=3
       Value: 0x00150513 -> 0x00110513
       Original: ADDI x10, x10, 1
       Mutated:  ADDI x10, x2, 1
       zkVM errors (3 lines):
         • [prover_impl.rs:280] verify segment (internal proof verification failed)
         • [ffi.cpp:113] address mismatch at cycle 18117: preflight=0x3fffc02a, actual=0x3fffc022
         • [kernels/cxx/ffi.cpp:208] SKIP THROW: memory peek not in preflight
       Global: memory permutation violated [GLOBAL-ONLY]
         x2/sp: expected write missing, needed 0x00200322 (cycle 36224)
         x10/a0: unexpected write 0x00200322 (cycle 36224)
         0x002184D0 (code): wrote 0x00150513, expected 0x00110513 (cycle 36220)
  [408] ✓ LOAD_VAL_MOD @ step 1357: 1 failures, 2936ms, outcome: REJECTED, exit: 101 [proof:GENERATED] G=memory
       r=0.145  T_new=0.00 F_new=0.39 F_rare=0.61 U=0 Q=0.61 Q_l=0.72 Q_g=0.85 dl=1 dg=1
       Value: 0x000000E6 -> 0x000000FF
       Load destination: rd = x14 (a4)
       zkVM errors (1 lines):
         • [prover_impl.rs:280] verify segment (internal proof verification failed)
       Local constraints hit (1 unique):
         - MemoryWrite@mem.zir:99
           cycle=18001, step=1357, pc=0x002184C4, major=5, minor=3
       Global: memory permutation violated
         x14/a4: wrote 0x000000ff, expected 0x000000e6 (cycle 36003)
  [409] ✓ COMP_OUT_MOD @ step 3371: 2 failures, 2955ms, outcome: REJECTED, exit: 101 [proof:GENERATED] G=memory
       r=0.102  T_new=0.00 F_new=0.39 F_rare=0.59 U=0 Q=0.43 Q_l=0.51 Q_g=0.85 dl=2 dg=1
       Value: 0x00000020 -> 0xDC9CBC20
       Destination: rd = x11 (a1)
       zkVM errors (1 lines):
         • [prover_impl.rs:280] verify segment (internal proof verification failed)
       Local constraints hit (2 unique):
         - MemoryWrite@mem.zir:100
           cycle=20173, step=3371, pc=0x002052E0, major=0, minor=7
         - MemoryWrite@mem.zir:99
           cycle=20173, step=3371, pc=0x002052E0, major=0, minor=7
       Global: memory permutation violated
         x11/a1: wrote 0xdc9cbc20, expected 0x00000020 (cycle 40347)
  [410] ✓ STORE_OUT_MOD @ step 3413: 2 failures, 2998ms, outcome: REJECTED, exit: 101 [proof:GENERATED] G=memory
       r=0.100  T_new=0.00 F_new=0.39 F_rare=0.57 U=0 Q=0.43 Q_l=0.51 Q_g=0.85 dl=2 dg=1
       Value: 0x00000000 -> 0xDB77AAAC
       Store address: 0x002215c0
       zkVM errors (1 lines):
         • [prover_impl.rs:280] verify segment (internal proof verification failed)
       Local constraints hit (2 unique):
         - MemoryWrite@mem.zir:100
           cycle=20215, step=3413, pc=0x00203430, major=6, minor=2
         - MemoryWrite@mem.zir:99
           cycle=20215, step=3413, pc=0x00203430, major=6, minor=2
       Global: memory permutation violated
         0x002215C0 (code): wrote 0xdb77aaac, expected 0x00000000 (cycle 40431)
  [411] ✓ STORE_OUT_MOD @ step 328: 1 failures, 2987ms, outcome: REJECTED, exit: 101 [proof:GENERATED] G=memory
       r=0.139  T_new=0.00 F_new=0.39 F_rare=0.57 U=0 Q=0.61 Q_l=0.72 Q_g=0.85 dl=1 dg=1
       Value: 0x00200890 -> 0x00210890
       Store address: 0x0020035c
       zkVM errors (1 lines):
         • [prover_impl.rs:280] verify segment (internal proof verification failed)
       Local constraints hit (1 unique):
         - MemoryWrite@mem.zir:100
           cycle=16913, step=328, pc=0x00203190, major=6, minor=2
       Global: memory permutation violated
         0x0020035C (data): wrote 0x00210890, expected 0x00200890 (cycle 33827)
  [412] ✓ STORE_OUT_MOD @ step 320: 1 failures, 2932ms, outcome: REJECTED, exit: 101 [proof:GENERATED] G=memory
       r=0.139  T_new=0.00 F_new=0.39 F_rare=0.57 U=0 Q=0.61 Q_l=0.72 Q_g=0.85 dl=1 dg=1
       Value: 0x00000000 -> 0x00008000
       Store address: 0x0020036c
       zkVM errors (1 lines):
         • [prover_impl.rs:280] verify segment (internal proof verification failed)
       Local constraints hit (1 unique):
         - MemoryWrite@mem.zir:99
           cycle=16905, step=320, pc=0x00200878, major=6, minor=2
       Global: memory permutation violated
         0x0020036C (data): wrote 0x00008000, expected 0x00000000 (cycle 33811)
  [413] ✓ INSTR_WORD_MOD_SUR @ step 3130: 1 failures, 2949ms, outcome: REJECTED, exit: 101 [proof:GENERATED] G=memory
       r=0.170  T_new=0.00 F_new=0.39 F_rare=0.79 U=0 Q=0.61 Q_l=0.72 Q_g=0.85 dl=1 dg=1
       Value: 0x00251513 -> 0x00250513
       Surgical: funct3 = 1 -> 0
       Original: SLLI x10, x10, 2
       Mutated:  ADDI x10, x10, 2
       zkVM errors (1 lines):
         • [prover_impl.rs:280] verify segment (internal proof verification failed)
       Local constraints hit (1 unique):
         - VerifyOpcodeF3F7@inst.zir:103
           cycle=19858, step=3130, pc=0xC000007C, major=3, minor=1
       Global: memory permutation violated
         0xC0000078 (data): wrote 0x00251513, expected 0x00250513 (cycle 38268)
  [414] ✓ STORE_OUT_MOD @ step 83: 2 failures, 2937ms, outcome: REJECTED, exit: 101 [proof:GENERATED] G=memory
       r=0.100  T_new=0.00 F_new=0.39 F_rare=0.57 U=0 Q=0.43 Q_l=0.51 Q_g=0.85 dl=2 dg=1
       Value: 0x00000000 -> 0xEF2BEFFF
       Store address: 0x002213ec
       zkVM errors (1 lines):
         • [prover_impl.rs:280] verify segment (internal proof verification failed)
       Local constraints hit (2 unique):
         - MemoryWrite@mem.zir:100
           cycle=16656, step=83, pc=0x00203284, major=6, minor=2
         - MemoryWrite@mem.zir:99
           cycle=16656, step=83, pc=0x00203284, major=6, minor=2
       Global: memory permutation violated
         0x002213EC (code): wrote 0xef2befff, expected 0x00000000 (cycle 33313)
  [415] ✓ COMP_OUT_MOD @ step 2452: 2 failures, 2923ms, outcome: REJECTED, exit: 101 [proof:GENERATED] G=memory
       r=0.102  T_new=0.00 F_new=0.39 F_rare=0.59 U=0 Q=0.43 Q_l=0.51 Q_g=0.85 dl=2 dg=1
       Value: 0x00000004 -> 0x5C10BF3A
       Destination: rd = x11 (a1)
       zkVM errors (1 lines):
         • [prover_impl.rs:280] verify segment (internal proof verification failed)
       Local constraints hit (2 unique):
         - MemoryWrite@mem.zir:100
           cycle=19106, step=2452, pc=0x00205E00, major=0, minor=7
         - MemoryWrite@mem.zir:99
           cycle=19106, step=2452, pc=0x00205E00, major=0, minor=7
       Global: memory permutation violated
         x11/a1: wrote 0x5c10bf3a, expected 0x00000004 (cycle 38213)
  [416] ✓ LOAD_VAL_MOD @ step 2287: 1 failures, 2936ms, outcome: REJECTED, exit: 101 [proof:GENERATED] G=memory
       r=0.141  T_new=0.00 F_new=0.39 F_rare=0.58 U=0 Q=0.61 Q_l=0.72 Q_g=0.85 dl=1 dg=1
       Value: 0x00000000 -> 0x00000004
       Load destination: rd = x15 (a5)
       zkVM errors (1 lines):
         • [prover_impl.rs:280] verify segment (internal proof verification failed)
       Local constraints hit (1 unique):
         - MemoryWrite@mem.zir:99
           cycle=18941, step=2287, pc=0x00203458, major=5, minor=2
       Global: memory permutation violated
         x15/a5: wrote 0x00000004, expected 0x00000000 (cycle 37883)
  [417] ✓ INSTR_WORD_MOD_FULL @ step 3736: 0 failures, 2954ms, outcome: REJECTED, exit: 101 [proof:GENERATED] G=memory[GO]
       r=0.255  T_new=0.00 F_new=0.78 F_rare=1.00 U=0 Q=0.61 Q_l=1.00 Q_g=0.61 dl=0 dg=3
       Value: 0x00B6A623 -> 0x00F6A623
       Original: SW x11, 12(x13)
       Mutated:  SW x15, 12(x13)
       zkVM errors (3 lines):
         • [prover_impl.rs:280] verify segment (internal proof verification failed)
         • [ffi.cpp:113] address mismatch at cycle 20612: preflight=0x3fffc02b, actual=0x3fffc02f
         • [kernels/cxx/ffi.cpp:208] SKIP THROW: memory peek not in preflight
       Global: memory permutation violated [GLOBAL-ONLY]
         x11/a1: unexpected write 0x00000000 (cycle 41220)
         x15/a5: expected write missing, needed 0x00000000 (cycle 41220)
         0x00203288 (code): wrote 0x00b6a623, expected 0x00f6a623 (cycle 39624)
  [418] ✓ MEM_VAL_MOD @ step 1439: 2 failures, 2947ms, outcome: REJECTED, exit: 101 [proof:GENERATED] G=memory
       r=0.115  T_new=0.00 F_new=0.39 F_rare=0.72 U=0 Q=0.43 Q_l=0.51 Q_g=0.85 dl=2 dg=1
       Value: 0x00000000 -> 0x10022800
       Transaction: other_mem_write (WRITE) at address 0xffff0180
       zkVM errors (1 lines):
         • [prover_impl.rs:280] verify segment (internal proof verification failed)
       Local constraints hit (2 unique):
         - MemoryWrite@mem.zir:100
           cycle=18083, step=1439, pc=0x002184BC, major=1, minor=6
         - MemoryWrite@mem.zir:99
           cycle=18083, step=1439, pc=0x002184BC, major=1, minor=6
       Global: memory permutation violated
         0xFFFF0180 (data): wrote 0x10022800, expected 0x00000000 (cycle 36167)
  [419] ✓ COMP_OUT_MOD @ step 2454: 2 failures, 2909ms, outcome: REJECTED, exit: 101 [proof:GENERATED] G=memory
       r=0.129  T_new=0.00 F_new=0.39 F_rare=0.85 U=0 Q=0.43 Q_l=0.51 Q_g=0.85 dl=2 dg=1
       Value: 0x00000000 -> 0xFFFFFFFF
       Destination: rd = x13 (a3)
       zkVM errors (1 lines):
         • [prover_impl.rs:280] verify segment (internal proof verification failed)
       Local constraints hit (2 unique):
         - MemoryWrite@mem.zir:100
           cycle=19108, step=2454, pc=0x00205E08, major=0, minor=4
         - MemoryWrite@mem.zir:99
           cycle=19108, step=2454, pc=0x00205E08, major=0, minor=4
       Global: memory permutation violated
         x13/a3: wrote 0xffffffff, expected 0x00000000 (cycle 38217)
  [420] ✓ PRE_EXEC_REG_MOD @ step 1960: 4 failures, 2938ms, outcome: REJECTED, exit: 101 [proof:GENERATED] G=memory
       r=0.056  T_new=0.00 F_new=0.39 F_rare=0.67 U=0 Q=0.22 Q_l=0.26 Q_g=0.85 dl=4 dg=1
       Value: 0x0021BA8E -> 0x08000000
       Register: x11 (a1), READ, strategy=next_read
       zkVM errors (1 lines):
         • [prover_impl.rs:280] verify segment (internal proof verification failed)
       Local constraints hit (4 unique):
         - IsRead@mem.zir:79
           cycle=18609, step=1960, pc=0x002184CC, major=0, minor=7
         - IsRead@mem.zir:80
           cycle=18609, step=1960, pc=0x002184CC, major=0, minor=7
         - MemoryWrite@mem.zir:100
           cycle=18609, step=1960, pc=0x002184CC, major=0, minor=7
         - MemoryWrite@mem.zir:99
           cycle=18609, step=1960, pc=0x002184CC, major=0, minor=7
       Global: memory permutation violated
         x11/a1: wrote 0x08000000, expected 0x0021ba8e (cycle 37218)
  [421] ✓ INSTR_WORD_MOD_FULL @ step 1654: 0 failures, 2926ms, outcome: REJECTED, exit: 101 [proof:GENERATED] G=memory[GO]
       r=0.255  T_new=0.00 F_new=0.78 F_rare=1.00 U=0 Q=0.61 Q_l=1.00 Q_g=0.61 dl=0 dg=3
       Value: 0x00050493 -> 0x00010493
       Original: ADDI x9, x10, 0
       Mutated:  ADDI x9, x2, 0
       zkVM errors (3 lines):
         • [prover_impl.rs:280] verify segment (internal proof verification failed)
         • [ffi.cpp:113] address mismatch at cycle 18298: preflight=0x3fffc02a, actual=0x3fffc022
         • [kernels/cxx/ffi.cpp:208] SKIP THROW: memory peek not in preflight
       Global: memory permutation violated [GLOBAL-ONLY]
         x2/sp: expected write missing, needed 0x002000fc (cycle 36561)
         x10/a0: unexpected write 0x002000fc (cycle 36561)
         0x0020AF18 (code): wrote 0x00050493, expected 0x00010493 (cycle 22674)
  [422] ✓ MEM_VAL_MOD @ step 2727: 4 failures, 2925ms, outcome: REJECTED, exit: 101 [proof:GENERATED] G=memory
       r=0.057  T_new=0.00 F_new=0.39 F_rare=0.69 U=0 Q=0.22 Q_l=0.26 Q_g=0.85 dl=4 dg=1
       Value: 0xDFC17121 -> 0x6C2ADACE
       Transaction: load_mem_read (READ) at address 0x00200360
       zkVM errors (1 lines):
         • [prover_impl.rs:280] verify segment (internal proof verification failed)
       Local constraints hit (4 unique):
         - IsRead@mem.zir:79
           cycle=19455, step=2727, pc=0x002016A8, major=5, minor=2
         - IsRead@mem.zir:80
           cycle=19455, step=2727, pc=0x002016A8, major=5, minor=2
         - MemoryWrite@mem.zir:100
           cycle=19455, step=2727, pc=0x002016A8, major=5, minor=2
         - MemoryWrite@mem.zir:99
           cycle=19455, step=2727, pc=0x002016A8, major=5, minor=2
       Global: memory permutation violated
         0x00200360 (data): wrote 0x6c2adace, expected 0xdfc17121 (cycle 38910)
  [423] ✓ STORE_OUT_MOD @ step 2342: 2 failures, 2930ms, outcome: REJECTED, exit: 101 [proof:GENERATED] G=memory
       r=0.109  T_new=0.00 F_new=0.39 F_rare=0.66 U=0 Q=0.43 Q_l=0.51 Q_g=0.85 dl=2 dg=1
       Value: 0x00000000 -> 0x70621056
       Store address: 0x00200310
       zkVM errors (1 lines):
         • [prover_impl.rs:280] verify segment (internal proof verification failed)
       Local constraints hit (2 unique):
         - MemoryWrite@mem.zir:100
           cycle=18996, step=2342, pc=0x00203230, major=6, minor=0
         - MemoryWrite@mem.zir:99
           cycle=18996, step=2342, pc=0x00203230, major=6, minor=0
       Global: memory permutation violated
         0x00200310 (data): wrote 0x70621056, expected 0x00000000 (cycle 37993)
  [424] ✓ STORE_OUT_MOD @ step 1646: 2 failures, 2936ms, outcome: REJECTED, exit: 101 [proof:GENERATED] G=memory
       r=0.100  T_new=0.00 F_new=0.39 F_rare=0.57 U=0 Q=0.43 Q_l=0.51 Q_g=0.85 dl=2 dg=1
       Value: 0x0022133C -> 0xFFDDEC57
       Store address: 0x002000d4
       zkVM errors (1 lines):
         • [prover_impl.rs:280] verify segment (internal proof verification failed)
       Local constraints hit (2 unique):
         - MemoryWrite@mem.zir:100
           cycle=18290, step=1646, pc=0x0020AEFC, major=6, minor=2
         - MemoryWrite@mem.zir:99
           cycle=18290, step=1646, pc=0x0020AEFC, major=6, minor=2
       Global: memory permutation violated
         0x002000D4 (data): wrote 0xffddec57, expected 0x0022133c (cycle 36581)
  [425] ✓ LOAD_VAL_MOD @ step 1743: 2 failures, 2963ms, outcome: REJECTED, exit: 101 [proof:GENERATED] G=memory
       r=0.105  T_new=0.00 F_new=0.39 F_rare=0.62 U=0 Q=0.43 Q_l=0.51 Q_g=0.85 dl=2 dg=1
       Value: 0x00000049 -> 0x29E6F352
       Load destination: rd = x13 (a3)
       zkVM errors (1 lines):
         • [prover_impl.rs:280] verify segment (internal proof verification failed)
       Local constraints hit (2 unique):
         - MemoryWrite@mem.zir:100
           cycle=18387, step=1743, pc=0x002184C0, major=5, minor=3
         - MemoryWrite@mem.zir:99
           cycle=18387, step=1743, pc=0x002184C0, major=5, minor=3
       Global: memory permutation violated
         x13/a3: wrote 0x29e6f352, expected 0x00000049 (cycle 36775)
  [426] ✓ MEM_VAL_MOD @ step 100: 1 failures, 2947ms, outcome: REJECTED, exit: 101 [proof:GENERATED] G=memory
       r=0.146  T_new=0.00 F_new=0.39 F_rare=0.62 U=0 Q=0.61 Q_l=0.72 Q_g=0.85 dl=1 dg=1
       Value: 0x00000000 -> 0x00800000
       Transaction: store_rmw_read (READ) at address 0x002213c8
       zkVM errors (1 lines):
         • [prover_impl.rs:280] verify segment (internal proof verification failed)
       Local constraints hit (1 unique):
         - IsRead@mem.zir:80
           cycle=16673, step=100, pc=0x002032C8, major=6, minor=2
       Global: memory permutation violated
         0x002213C8 (code): wrote 0x00800000, expected 0x00000000 (cycle 33346)
  [427] ✓ STORE_OUT_MOD @ step 1668: 1 failures, 2957ms, outcome: REJECTED, exit: 101 [proof:GENERATED] G=memory
       r=0.139  T_new=0.00 F_new=0.39 F_rare=0.57 U=0 Q=0.61 Q_l=0.72 Q_g=0.85 dl=1 dg=1
       Value: 0x00000001 -> 0x80000001
       Store address: 0x0020008c
       zkVM errors (1 lines):
         • [prover_impl.rs:280] verify segment (internal proof verification failed)
       Local constraints hit (1 unique):
         - MemoryWrite@mem.zir:100
           cycle=18312, step=1668, pc=0x002096C8, major=6, minor=2
       Global: memory permutation violated
         0x0020008C (data): wrote 0x80000001, expected 0x00000001 (cycle 36625)
  [428] ✓ MEM_VAL_MOD @ step 418: 1 failures, 2945ms, outcome: REJECTED, exit: 101 [proof:GENERATED] G=memory
       r=0.165  T_new=0.00 F_new=0.39 F_rare=0.75 U=0 Q=0.61 Q_l=0.72 Q_g=0.85 dl=1 dg=1
       Value: 0x00000000 -> 0x00007FFF
       Transaction: other_mem_write (WRITE) at address 0xffff0180
       zkVM errors (1 lines):
         • [prover_impl.rs:280] verify segment (internal proof verification failed)
       Local constraints hit (1 unique):
         - MemoryWrite@mem.zir:99
           cycle=17009, step=418, pc=0x00206138, major=1, minor=5
       Global: memory permutation violated
         0xFFFF0180 (data): wrote 0x00007fff, expected 0x00000000 (cycle 34019)
  [429] ✓ INSTR_TYPE_MOD @ step 822: 2 failures, 3043ms, outcome: REJECTED, exit: 101 [proof:GENERATED] G=memory
       r=0.120  T_new=0.00 F_new=0.92 F_rare=1.00 U=0 Q=0.26 Q_l=0.51 Q_g=0.51 dl=2 dg=4
       Value: 0x00020002 -> 0x00020001
       Original: BgeU [major=2, minor=2]
       Mutated:  BltU [major=2, minor=1]
       zkVM errors (3 lines):
         • [prover_impl.rs:280] verify segment (internal proof verification failed)
         • [ffi.cpp:113] address mismatch at cycle 17444: preflight=0x0008185b, actual=0x00081864
         • [kernels/cxx/buffers.h:43] SKIP THROW: Inconsistent set
       Local constraints hit (2 unique):
         - MemoryWrite@mem.zir:99
           cycle=17445, step=824, pc=0xC0000070, major=7, minor=2
         - VerifyOpcodeF3@inst.zir:97
           cycle=17443, step=822, pc=0x0020616C, major=2, minor=1
       Global: memory permutation violated
         0x0020616C (code): unexpected write 0x00088513 (cycle 34720)
         0x00206170 (code): unexpected write 0x00000073 (cycle 34722)
         0x00206190 (code): expected write missing, needed 0x00088513 (cycle 34720)
         0x00206194 (code): expected write missing, needed 0x00000073 (cycle 34722)
  [430] ✓ PRE_EXEC_REG_MOD @ step 872: 2 failures, 2914ms, outcome: REJECTED, exit: 101 [proof:GENERATED] G=memory
       r=0.183  T_new=0.00 F_new=0.78 F_rare=1.00 U=0 Q=0.43 Q_l=0.51 Q_g=0.85 dl=2 dg=1
       Value: 0x00000000 -> 0x262E7838
       Register: x0 (zero), READ, strategy=next_read
       zkVM errors (1 lines):
         • [prover_impl.rs:280] verify segment (internal proof verification failed)
       Local constraints hit (2 unique):
         - IsRead@mem.zir:79
           cycle=17499, step=872, pc=0x00200A20, major=2, minor=6
         - IsRead@mem.zir:80
           cycle=17499, step=872, pc=0x00200A20, major=2, minor=6
       Global: memory permutation violated
         x0/zero: wrote 0x262e7838, expected 0x00000000 (cycle 34998)
  [431] ✓ MEM_VAL_MOD @ step 2133: 1 failures, 3055ms, outcome: REJECTED, exit: 101 [proof:GENERATED] G=memory
       r=0.165  T_new=0.00 F_new=0.39 F_rare=0.75 U=0 Q=0.61 Q_l=0.72 Q_g=0.85 dl=1 dg=1
       Value: 0x00000000 -> 0x00000010
       Transaction: other_mem_write (WRITE) at address 0xffff0180
       zkVM errors (1 lines):
         • [prover_impl.rs:280] verify segment (internal proof verification failed)
       Local constraints hit (1 unique):
         - MemoryWrite@mem.zir:99
           cycle=18787, step=2133, pc=0x00205E24, major=2, minor=1
       Global: memory permutation violated
         0xFFFF0180 (data): wrote 0x00000010, expected 0x00000000 (cycle 37575)
  [432] 💥 PRE_EXEC_REG_MOD @ step 947: 2 failures, 490ms, outcome: CRASH, exit: -11 [proof:NOT_GENERATED]
       r=0.000  T_new=0.00 F_new=0.00 F_rare=0.00 U=0 Q=0.00 Q_l=0.00 Q_g=1.00 dl=0 dg=0
       Value: 0x00200360 -> 0xFEF768DF
       Register: x2 (sp), READ, strategy=next_read
       Local constraints hit (2 unique):
         - IsRead@mem.zir:79
           cycle=17580, step=947, pc=0x00200A50, major=6, minor=2
         - IsRead@mem.zir:80
           cycle=17580, step=947, pc=0x00200A50, major=6, minor=2
       Global: no permutation/lookup violations (local-only)
  [433] ✓ INSTR_WORD_MOD_SUR @ step 2832: 1 failures, 2922ms, outcome: REJECTED, exit: 101 [proof:GENERATED] G=memory
       r=0.161  T_new=0.00 F_new=0.39 F_rare=0.72 U=0 Q=0.61 Q_l=0.72 Q_g=0.85 dl=1 dg=1
       Value: 0x04812683 -> 0x04814683
       Surgical: funct3 = 2 -> 4
       Original: LW x13, 72(x2)
       Mutated:  LBU x13, 72(x2)
       zkVM errors (1 lines):
         • [prover_impl.rs:280] verify segment (internal proof verification failed)
       Local constraints hit (1 unique):
         - VerifyOpcodeF3@inst.zir:97
           cycle=19560, step=2832, pc=0x00203BB0, major=5, minor=2
       Global: memory permutation violated
         0x00203BAC (code): wrote 0x04812683, expected 0x04814683 (cycle 11826)
  [434] ✓ INSTR_WORD_MOD_FULL @ step 1633: 1 failures, 2938ms, outcome: REJECTED, exit: 101 [proof:GENERATED] G=memory
       r=0.165  T_new=0.00 F_new=0.39 F_rare=0.75 U=0 Q=0.61 Q_l=0.72 Q_g=0.85 dl=1 dg=1
       Value: 0x02912223 -> 0x029122A3
       Original: SW x9, 36(x2)
       Mutated:  SW x9, 37(x2)
       zkVM errors (1 lines):
         • [prover_impl.rs:280] verify segment (internal proof verification failed)
       Local constraints hit (1 unique):
         - OpSW@inst_mem.zir:160
           cycle=18277, step=1633, pc=0x002024C0, major=6, minor=2
       Global: memory permutation violated
         0x002024BC (code): wrote 0x02912223, expected 0x029122a3 (cycle 8126)
  [435] ✓ COMP_OUT_MOD @ step 1039: 1 failures, 2917ms, outcome: REJECTED, exit: 101 [proof:GENERATED] G=memory
       r=0.170  T_new=0.00 F_new=0.39 F_rare=0.79 U=0 Q=0.61 Q_l=0.72 Q_g=0.85 dl=1 dg=1
       Value: 0x00000001 -> 0x00000002
       Destination: rd = x8 (s0/fp)
       zkVM errors (1 lines):
         • [prover_impl.rs:280] verify segment (internal proof verification failed)
       Local constraints hit (1 unique):
         - MemoryWrite@mem.zir:99
           cycle=17678, step=1039, pc=0x00200B30, major=0, minor=3
       Global: memory permutation violated
         x8/s0: wrote 0x00000002, expected 0x00000001 (cycle 35357)
  [436] ✓ COMP_OUT_MOD @ step 1961: 2 failures, 2946ms, outcome: REJECTED, exit: 101 [proof:GENERATED] G=memory
       r=0.101  T_new=0.00 F_new=0.39 F_rare=0.59 U=0 Q=0.43 Q_l=0.51 Q_g=0.85 dl=2 dg=1
       Value: 0x00000009 -> 0x835AB093
       Destination: rd = x12 (a2)
       zkVM errors (1 lines):
         • [prover_impl.rs:280] verify segment (internal proof verification failed)
       Local constraints hit (2 unique):
         - MemoryWrite@mem.zir:100
           cycle=18610, step=1961, pc=0x002184D0, major=0, minor=7
         - MemoryWrite@mem.zir:99
           cycle=18610, step=1961, pc=0x002184D0, major=0, minor=7
       Global: memory permutation violated
         x12/a2: wrote 0x835ab093, expected 0x00000009 (cycle 37221)
  [437] ✓ COMP_OUT_MOD @ step 1831: 2 failures, 2918ms, outcome: REJECTED, exit: 101 [proof:GENERATED] G=memory
       r=0.101  T_new=0.00 F_new=0.39 F_rare=0.58 U=0 Q=0.43 Q_l=0.51 Q_g=0.85 dl=2 dg=1
       Value: 0x0021A0F3 -> 0xA63CB476
       Destination: rd = x12 (a2)
       zkVM errors (1 lines):
         • [prover_impl.rs:280] verify segment (internal proof verification failed)
       Local constraints hit (2 unique):
         - MemoryWrite@mem.zir:100
           cycle=18475, step=1831, pc=0x00205FDC, major=0, minor=7
         - MemoryWrite@mem.zir:99
           cycle=18475, step=1831, pc=0x00205FDC, major=0, minor=7
       Global: memory permutation violated
         x12/a2: wrote 0xa63cb476, expected 0x0021a0f3 (cycle 36951)
  [438] ✓ LOAD_VAL_MOD @ step 2006: 2 failures, 2935ms, outcome: REJECTED, exit: 101 [proof:GENERATED] G=memory
       r=0.105  T_new=0.00 F_new=0.39 F_rare=0.62 U=0 Q=0.43 Q_l=0.51 Q_g=0.85 dl=2 dg=1
       Value: 0x00000041 -> 0x6D8CE0DF
       Load destination: rd = x13 (a3)
       zkVM errors (1 lines):
         • [prover_impl.rs:280] verify segment (internal proof verification failed)
       Local constraints hit (2 unique):
         - MemoryWrite@mem.zir:100
           cycle=18655, step=2006, pc=0x002184C0, major=5, minor=3
         - MemoryWrite@mem.zir:99
           cycle=18655, step=2006, pc=0x002184C0, major=5, minor=3
       Global: memory permutation violated
         x13/a3: wrote 0x6d8ce0df, expected 0x00000041 (cycle 37311)
  [439] ✓ INSTR_TYPE_MOD @ step 13: 5 failures, 3098ms, outcome: REJECTED, exit: 101 [proof:GENERATED] G=memory|cycle
       r=0.041  T_new=0.00 F_new=0.95 F_rare=1.00 U=0 Q=0.08 Q_l=0.19 Q_g=0.43 dl=5 dg=5
       Value: 0x00020005 -> 0x0006000F
       Original: Lui [major=2, minor=5]
       Mutated:  Unknown(6,15) [major=6, minor=15] ⚠INVALID
       zkVM errors (3 lines):
         • [prover_impl.rs:280] verify segment (internal proof verification failed)
         • [ffi.cpp:113] address mismatch at cycle 16586: preflight=0x3fffc00a, actual=0x3ffc0002
         • [kernels/cxx/ffi.cpp:208] SKIP THROW: memory peek not in preflight
       Local constraints hit (5 unique):
         - IsRead@mem.zir:80
           cycle=16586, step=13, pc=0xC0000038, major=6, minor=15
         - MemoryWrite@mem.zir:100
           cycle=16586, step=13, pc=0xC0000038, major=6, minor=15
         - MemoryWrite@mem.zir:99
           cycle=16586, step=13, pc=0xC0000038, major=6, minor=15
         - OneHot@one_hot.zir:11
           cycle=16586, step=13, pc=0xC0000038, major=6, minor=15
         - OneHot@one_hot.zir:9
           cycle=16586, step=13, pc=0xC0000038, major=6, minor=15
       Global: memory permutation violated
         0xFFF00008 (data): expected write missing, needed 0xffff05b7 (cycle 29942)
         0xFFFF0028 (data): unexpected write 0x00000000 (cycle 31874)
       Global: cycle lookup violated (3 indices broken)
         index 1297: 1 provides, 1 uses (imbalanced)
         index 1298: 2 provides, 1 uses (imbalanced)
         index 3230: 1 provides, 1 uses (imbalanced)
  [440] ✓ COMP_OUT_MOD @ step 3126: 2 failures, 2943ms, outcome: REJECTED, exit: 101 [proof:GENERATED] G=memory
       r=0.101  T_new=0.00 F_new=0.39 F_rare=0.58 U=0 Q=0.43 Q_l=0.51 Q_g=0.85 dl=2 dg=1
       Value: 0x00000003 -> 0x74289323
       Destination: rd = x5 (t0)
       zkVM errors (1 lines):
         • [prover_impl.rs:280] verify segment (internal proof verification failed)
       Local constraints hit (2 unique):
         - MemoryWrite@mem.zir:100
           cycle=19854, step=3126, pc=0x002061EC, major=0, minor=7
         - MemoryWrite@mem.zir:99
           cycle=19854, step=3126, pc=0x002061EC, major=0, minor=7
       Global: memory permutation violated
         x5/t0: wrote 0x74289323, expected 0x00000003 (cycle 39709)
  [441] ✓ PRE_EXEC_REG_MOD @ step 1532: 2 failures, 2931ms, outcome: REJECTED, exit: 101 [proof:GENERATED] G=memory
       r=0.131  T_new=0.00 F_new=0.78 F_rare=1.00 U=0 Q=0.31 Q_l=0.51 Q_g=0.61 dl=2 dg=3
       Value: 0x00219E8F -> 0x02611E9F
       Register: x11 (a1), READ, strategy=next_read
       zkVM errors (3 lines):
         • [prover_impl.rs:280] verify segment (internal proof verification failed)
         • [ffi.cpp:113] address mismatch at cycle 18176: preflight=0x000867a3, actual=0x009847a7
         • [kernels/cxx/ffi.cpp:208] SKIP THROW: memory peek not in preflight
       Local constraints hit (2 unique):
         - IsRead@mem.zir:79
           cycle=18176, step=1532, pc=0x002184C4, major=5, minor=3
         - IsRead@mem.zir:80
           cycle=18176, step=1532, pc=0x002184C4, major=5, minor=3
       Global: memory permutation violated
         0x02611E9C (data): expected write missing, needed 0xabd9831f (cycle 36338)
         x11/a1: wrote 0x02611e9f, expected 0x00219e8f (cycle 36352)
         0x00219E8C (code): unexpected write 0xabd9831f (cycle 36338)
  [442] ✓ COMP_OUT_MOD @ step 2976: 2 failures, 2948ms, outcome: REJECTED, exit: 101 [proof:GENERATED] G=memory
       r=0.112  T_new=0.00 F_new=0.39 F_rare=0.69 U=0 Q=0.43 Q_l=0.51 Q_g=0.85 dl=2 dg=1
       Value: 0x002056B8 -> 0x6BC9050C
       Destination: rd = x1 (ra)
       zkVM errors (1 lines):
         • [prover_impl.rs:280] verify segment (internal proof verification failed)
       Local constraints hit (2 unique):
         - MemoryWrite@mem.zir:100
           cycle=19704, step=2976, pc=0x002056BC, major=2, minor=6
         - MemoryWrite@mem.zir:99
           cycle=19704, step=2976, pc=0x002056BC, major=2, minor=6
       Global: memory permutation violated
         x1/ra: wrote 0x6bc9050c, expected 0x002056b8 (cycle 39409)
  [443] ✓ INSTR_WORD_MOD_FULL @ step 2383: 2 failures, 3066ms, outcome: REJECTED, exit: 101 [proof:GENERATED] G=memory
       r=0.075  T_new=0.00 F_new=0.97 F_rare=1.00 U=0 Q=0.16 Q_l=0.51 Q_g=0.31 dl=2 dg=7
       Value: 0x00B6A623 -> 0x5D0D0A03
       Original: SW x11, 12(x13)
       Mutated:  LB x20, 1488(x26)
       Format changed: S -> I
       zkVM errors (3 lines):
         • [prover_impl.rs:280] verify segment (internal proof verification failed)
         • [ffi.cpp:113] address mismatch at cycle 19037: preflight=0x3fffc02d, actual=0x3fffc03a
         • [kernels/cxx/ffi.cpp:208] SKIP THROW: memory peek not in preflight
       Local constraints hit (2 unique):
         - VerifyOpcodeF3@inst.zir:96
           cycle=19037, step=2383, pc=0x002032D4, major=6, minor=2
         - VerifyOpcodeF3@inst.zir:97
           cycle=19037, step=2383, pc=0x002032D4, major=6, minor=2
       Global: memory permutation violated
         0x00200334 (data): unexpected write 0x00000000 (cycle 38051)
         x11/a1: unexpected write 0x00000000 (cycle 38072)
         x13/a3: unexpected write 0x00200328 (cycle 38072)
         x16/a6: expected write missing, needed 0x00000000 (cycle 38072)
         x26/s10: expected write missing, needed 0x00200328 (cycle 38072)
         0x002008FC (code): expected write missing, needed 0x00000000 (cycle 38051)
         0x002032D0 (code): wrote 0x00b6a623, expected 0x5d0d0a03 (cycle 33352)
  [444] ✓ COMP_OUT_MOD @ step 972: 2 failures, 2944ms, outcome: REJECTED, exit: 101 [proof:GENERATED] G=memory
       r=0.115  T_new=0.00 F_new=0.39 F_rare=0.72 U=0 Q=0.43 Q_l=0.51 Q_g=0.85 dl=2 dg=1
       Value: 0x0021A000 -> 0x82010004
       Destination: rd = x12 (a2)
       zkVM errors (1 lines):
         • [prover_impl.rs:280] verify segment (internal proof verification failed)
       Local constraints hit (2 unique):
         - MemoryWrite@mem.zir:100
           cycle=17605, step=972, pc=0x0020614C, major=2, minor=5
         - MemoryWrite@mem.zir:99
           cycle=17605, step=972, pc=0x0020614C, major=2, minor=5
       Global: memory permutation violated
         x12/a2: wrote 0x82010004, expected 0x0021a000 (cycle 35211)
  [445] ✓ INSTR_WORD_MOD_FULL @ step 3050: 2 failures, 2948ms, outcome: REJECTED, exit: 101 [proof:GENERATED] G=memory
       r=0.075  T_new=0.00 F_new=0.98 F_rare=1.00 U=0 Q=0.16 Q_l=0.51 Q_g=0.31 dl=2 dg=7
       Value: 0x00B50023 -> 0xFC271403
       Original: SB x11, 0(x10)
       Mutated:  LH x8, -62(x14)
       Format changed: S -> I
       zkVM errors (3 lines):
         • [prover_impl.rs:280] verify segment (internal proof verification failed)
         • [ffi.cpp:113] address mismatch at cycle 19778: preflight=0x3fffc02a, actual=0x3fffc02e
         • [kernels/cxx/ffi.cpp:208] SKIP THROW: memory peek not in preflight
       Local constraints hit (2 unique):
         - VerifyOpcodeF3@inst.zir:96
           cycle=19778, step=3050, pc=0x00203204, major=6, minor=0
         - VerifyOpcodeF3@inst.zir:97
           cycle=19778, step=3050, pc=0x00203204, major=6, minor=0
       Global: memory permutation violated
         x2/sp: expected write missing, needed 0x00000000 (cycle 39549)
         x10/a0: unexpected write 0x00221539 (cycle 39545)
         x11/a1: unexpected write 0x00000000 (cycle 39549)
         x14/a4: expected write missing, needed 0x00221539 (cycle 39545)
         0x00203200 (code): wrote 0x00b50023, expected 0xfc271403 (cycle 37970)
         0x00221500 (code): expected write missing, needed 0x00000080 (cycle 39543)
         0x00221538 (code): unexpected write 0x00000080 (cycle 39543)
  [446] ✓ MEM_VAL_MOD @ step 2835: 2 failures, 2996ms, outcome: REJECTED, exit: 101 [proof:GENERATED] G=memory
       r=0.104  T_new=0.00 F_new=0.39 F_rare=0.61 U=0 Q=0.43 Q_l=0.51 Q_g=0.85 dl=2 dg=1
       Value: 0x00000000 -> 0xE61DB4B0
       Transaction: store_rmw_read (READ) at address 0x002002b4
       zkVM errors (1 lines):
         • [prover_impl.rs:280] verify segment (internal proof verification failed)
       Local constraints hit (2 unique):
         - IsRead@mem.zir:79
           cycle=19563, step=2835, pc=0x00203BBC, major=6, minor=2
         - IsRead@mem.zir:80
           cycle=19563, step=2835, pc=0x00203BBC, major=6, minor=2
       Global: memory permutation violated
         0x002002B4 (data): wrote 0xe61db4b0, expected 0x00000000 (cycle 39126)
  [447] ✓ INSTR_WORD_MOD_FULL @ step 2778: 3 failures, 2943ms, outcome: REJECTED, exit: 101 [proof:GENERATED] G=memory
       r=0.053  T_new=0.00 F_new=0.97 F_rare=1.00 U=0 Q=0.11 Q_l=0.37 Q_g=0.31 dl=3 dg=7
       Value: 0x00B12E23 -> 0xB069C303
       Original: SW x11, 28(x2)
       Mutated:  LBU x6, -1274(x19)
       Format changed: S -> I
       zkVM errors (3 lines):
         • [prover_impl.rs:280] verify segment (internal proof verification failed)
         • [ffi.cpp:113] address mismatch at cycle 19506: preflight=0x3fffc022, actual=0x3fffc033
         • [kernels/cxx/ffi.cpp:208] SKIP THROW: memory peek not in preflight
       Local constraints hit (3 unique):
         - OpSW@inst_mem.zir:161
           cycle=19506, step=2778, pc=0x00203820, major=6, minor=2
         - VerifyOpcodeF3@inst.zir:96
           cycle=19506, step=2778, pc=0x00203820, major=6, minor=2
         - VerifyOpcodeF3@inst.zir:97
           cycle=19506, step=2778, pc=0x00203820, major=6, minor=2
       Global: memory permutation violated
         0x001FFD34 (data): expected write missing, needed 0x00000000 (cycle 4522)
         0x0020024C (data): unexpected write 0x00000000 (cycle 4522)
         x2/sp: unexpected write 0x00200230 (cycle 38982)
         x6/t1: expected write missing, needed 0xe00067a1 (cycle 38997)
         x11/a1: unexpected write 0xe00067a1 (cycle 38997)
         x19/s3: expected write missing, needed 0x00200230 (cycle 38982)
         0x0020381C (code): wrote 0x00b12e23, expected 0xb069c303 (cycle 11246)
  [448] ✓ MEM_VAL_MOD @ step 987: 2 failures, 2955ms, outcome: REJECTED, exit: 101 [proof:GENERATED] G=memory
       r=0.129  T_new=0.00 F_new=0.39 F_rare=0.85 U=0 Q=0.43 Q_l=0.51 Q_g=0.85 dl=2 dg=1
       Value: 0x00000000 -> 0x381A2E04
       Transaction: other_mem_read (READ) at address 0xffff0000
       zkVM errors (1 lines):
         • [prover_impl.rs:280] verify segment (internal proof verification failed)
       Local constraints hit (2 unique):
         - IsRead@mem.zir:79
           cycle=17620, step=987, pc=0xC0000058, major=2, minor=4
         - IsRead@mem.zir:80
           cycle=17620, step=987, pc=0xC0000058, major=2, minor=4
       Global: memory permutation violated
         0xFFFF0000 (data): wrote 0x381a2e04, expected 0x00000000 (cycle 35240)
  [449] ✓ INSTR_TYPE_MOD @ step 0: 5 failures, 2967ms, outcome: REJECTED, exit: 101 [proof:GENERATED] [+35 touch] G=memory|cycle
       r=0.074  T_new=0.63 F_new=0.86 F_rare=1.00 U=0 Q=0.11 Q_l=0.19 Q_g=0.61 dl=5 dg=3
       Value: 0x00020006 -> 0x00020008
       Original: Auipc [major=2, minor=6]
       Mutated:  Sll [major=2, minor=8] ⚠INVALID
       zkVM errors (3 lines):
         • [prover_impl.rs:280] verify segment (internal proof verification failed)
         • [ffi.cpp:113] address mismatch at cycle 0: preflight=0x44000000, actual=0x00000000
         • [kernels/cxx/ffi.cpp:208] SKIP THROW: memory peek not in preflight
       Local constraints hit (5 unique):
         - AddrDecompose@u32.zir:67
           cycle=0, step=0, pc=0x00000000, major=2, minor=8
         - ControlLoadRootAndNonce@inst_control.zir:23
           cycle=1, step=0, pc=0x00000000, major=7, minor=0
         - MiscInput@inst_misc.zir:7
           cycle=0, step=0, pc=0x00000000, major=2, minor=8
         - OneHot@one_hot.zir:11
           cycle=0, step=0, pc=0x00000000, major=2, minor=8
         - OneHot@one_hot.zir:9
           cycle=0, step=0, pc=0x00000000, major=2, minor=8
       Global: memory permutation violated
         0xFFFF0100 (data): expected write missing, needed 0x00000000 (cycle 0)
       Global: cycle lookup violated (2 indices broken)
         index 0: 2256 provides, 1 uses (imbalanced)
         index 2013265920: orphan provide (2 entries, no matching use)
  [450] ✓ INSTR_WORD_MOD_FULL @ step 3929: 2 failures, 2989ms, outcome: REJECTED, exit: 101 [proof:GENERATED] G=memory
       r=0.129  T_new=0.00 F_new=0.39 F_rare=0.85 U=0 Q=0.43 Q_l=0.51 Q_g=0.85 dl=2 dg=1
       Value: 0x00000073 -> 0x04442017
       Original: ECALL x0, x0, 0
       Mutated:  AUIPC x0, 0x4442000
       Format changed: I -> U
       zkVM errors (1 lines):
         • [prover_impl.rs:280] verify segment (internal proof verification failed)
       Local constraints hit (2 unique):
         - MachineECall@inst_ecall.zir:28
           cycle=20879, step=3929, pc=0xC00000F8, major=8, minor=0
         - MachineECall@inst_ecall.zir:29
           cycle=20879, step=3929, pc=0xC00000F8, major=8, minor=0
       Global: memory permutation violated
         0xC00000F8 (data): wrote 0x00000073, expected 0x04442017 (cycle 30062)
  [451] ✓ INSTR_WORD_MOD_FULL @ step 1955: 2 failures, 2965ms, outcome: REJECTED, exit: 101 [proof:GENERATED] G=memory
       r=0.087  T_new=0.00 F_new=0.95 F_rare=1.00 U=0 Q=0.19 Q_l=0.51 Q_g=0.37 dl=2 dg=6
       Value: 0x00150513 -> 0x0837A413
       Original: ADDI x10, x10, 1
       Mutated:  SLTI x8, x15, 131
       zkVM errors (3 lines):
         • [prover_impl.rs:280] verify segment (internal proof verification failed)
         • [ffi.cpp:113] address mismatch at cycle 18604: preflight=0x3fffc02a, actual=0x3fffc02f
         • [kernels/cxx/ffi.cpp:208] SKIP THROW: memory peek not in preflight
       Local constraints hit (2 unique):
         - MemoryWrite@mem.zir:99
           cycle=18604, step=1955, pc=0x002184D4, major=0, minor=7
         - VerifyOpcodeF3@inst.zir:97
           cycle=18604, step=1955, pc=0x002184D4, major=0, minor=7
       Global: memory permutation violated
         x1/ra: unexpected write 0x00205fd0 (cycle 37204)
         x3/gp: expected write missing, needed 0x00205fd0 (cycle 37204)
         x8/s0: expected write missing, needed 0x0021b159 (cycle 37208)
         x10/a0: unexpected write 0x0021b159 (cycle 37198)
         x15/a5: expected write missing, needed 0x0021b159 (cycle 37198)
         0x002184D0 (code): wrote 0x00150513, expected 0x0837a413 (cycle 37194)
  [452] ✓ COMP_OUT_MOD @ step 3754: 2 failures, 2941ms, outcome: REJECTED, exit: 101 [proof:GENERATED] G=memory
       r=0.113  T_new=0.00 F_new=0.39 F_rare=0.70 U=0 Q=0.43 Q_l=0.51 Q_g=0.85 dl=2 dg=1
       Value: 0x00010000 -> 0xEEA5FE20
       Destination: rd = x12 (a2)
       zkVM errors (1 lines):
         • [prover_impl.rs:280] verify segment (internal proof verification failed)
       Local constraints hit (2 unique):
         - MemoryWrite@mem.zir:100
           cycle=20630, step=3754, pc=0x00205790, major=2, minor=5
         - MemoryWrite@mem.zir:99
           cycle=20630, step=3754, pc=0x00205790, major=2, minor=5
       Global: memory permutation violated
         x12/a2: wrote 0xeea5fe20, expected 0x00010000 (cycle 41261)
  [453] ✓ INSTR_TYPE_MOD @ step 1945: 4 failures, 2917ms, outcome: REJECTED, exit: 101 [proof:GENERATED] [+2 touch] G=memory
       r=0.090  T_new=0.06 F_new=0.78 F_rare=1.00 U=0 Q=0.19 Q_l=0.26 Q_g=0.72 dl=4 dg=2
       Value: 0x00010006 -> 0x00040005
       Original: Bne [major=1, minor=6]
       Mutated:  DivU [major=4, minor=5]
       zkVM errors (3 lines):
         • [prover_impl.rs:280] verify segment (internal proof verification failed)
         • [ffi.cpp:113] address mismatch at cycle 18594: preflight=0x3fffc060, actual=0x3fffc03c
         • [kernels/cxx/ffi.cpp:208] SKIP THROW: memory peek not in preflight
       Local constraints hit (4 unique):
         - MemoryWrite@mem.zir:99
           cycle=18594, step=1945, pc=0x002184C8, major=4, minor=5
         - VerifyOpcodeF3F7@inst.zir:102
           cycle=18594, step=1945, pc=0x002184C8, major=4, minor=5
         - VerifyOpcodeF3F7@inst.zir:103
           cycle=18594, step=1945, pc=0x002184C8, major=4, minor=5
         - VerifyOpcodeF3F7@inst.zir:104
           cycle=18594, step=1945, pc=0x002184C8, major=4, minor=5
       Global: memory permutation violated
         x28/t3: expected write missing, needed 0x00000000 (cycle 37183)
         0xFFFF0180 (data): unexpected write 0x00000000 (cycle 37183)
  [454] ✓ LOAD_VAL_MOD @ step 2816: 2 failures, 2936ms, outcome: REJECTED, exit: 101 [proof:GENERATED] G=memory
       r=0.101  T_new=0.00 F_new=0.39 F_rare=0.58 U=0 Q=0.43 Q_l=0.51 Q_g=0.85 dl=2 dg=1
       Value: 0x98EAEBAF -> 0xB60D887C
       Load destination: rd = x13 (a3)
       zkVM errors (1 lines):
         • [prover_impl.rs:280] verify segment (internal proof verification failed)
       Local constraints hit (2 unique):
         - MemoryWrite@mem.zir:100
           cycle=19544, step=2816, pc=0x00203B70, major=5, minor=2
         - MemoryWrite@mem.zir:99
           cycle=19544, step=2816, pc=0x00203B70, major=5, minor=2
       Global: memory permutation violated
         x13/a3: wrote 0xb60d887c, expected 0x98eaebaf (cycle 39089)
  [455] ✓ COMP_OUT_MOD @ step 3220: 2 failures, 2942ms, outcome: REJECTED, exit: 101 [proof:GENERATED] G=memory
       r=0.101  T_new=0.00 F_new=0.39 F_rare=0.58 U=0 Q=0.43 Q_l=0.51 Q_g=0.85 dl=2 dg=1
       Value: 0x00000003 -> 0xEC7FDF8C
       Destination: rd = x13 (a3)
       zkVM errors (1 lines):
         • [prover_impl.rs:280] verify segment (internal proof verification failed)
       Local constraints hit (2 unique):
         - MemoryWrite@mem.zir:100
           cycle=20022, step=3220, pc=0x00205E04, major=0, minor=7
         - MemoryWrite@mem.zir:99
           cycle=20022, step=3220, pc=0x00205E04, major=0, minor=7
       Global: memory permutation violated
         x13/a3: wrote 0xec7fdf8c, expected 0x00000003 (cycle 40045)
  [456] ✓ INSTR_WORD_MOD_SUR @ step 2949: 0 failures, 2947ms, outcome: REJECTED, exit: 101 [proof:GENERATED] G=memory[GO]
       r=0.255  T_new=0.00 F_new=0.78 F_rare=1.00 U=0 Q=0.61 Q_l=1.00 Q_g=0.61 dl=0 dg=3
       Value: 0x03612023 -> 0xAF612A23
       Surgical: imm = 32 -> 2804
       Original: SW x22, 32(x2)
       Mutated:  SW x22, -1292(x2)
       zkVM errors (3 lines):
         • [prover_impl.rs:280] verify segment (internal proof verification failed)
         • [ffi.cpp:113] address mismatch at cycle 19677: preflight=0x00080060, actual=0x0007ff15
         • [kernels/cxx/ffi.cpp:208] SKIP THROW: memory peek not in preflight
       Global: memory permutation violated [GLOBAL-ONLY]
         0x001FFC54 (data): expected write missing, needed 0x00000000 (cycle 4402)
         0x00200180 (data): unexpected write 0x00000000 (cycle 4402)
         0x00205630 (code): wrote 0x03612023, expected 0xaf612a23 (cycle 16094)
  [457] ✓ COMP_OUT_MOD @ step 3813: 2 failures, 2940ms, outcome: REJECTED, exit: 101 [proof:GENERATED] G=memory
       r=0.129  T_new=0.00 F_new=0.39 F_rare=0.85 U=0 Q=0.43 Q_l=0.51 Q_g=0.85 dl=2 dg=1
       Value: 0x00000040 -> 0xFFFFFFC0
       Destination: rd = x11 (a1)
       zkVM errors (1 lines):
         • [prover_impl.rs:280] verify segment (internal proof verification failed)
       Local constraints hit (2 unique):
         - MemoryWrite@mem.zir:100
           cycle=20763, step=3813, pc=0x00205814, major=3, minor=1
         - MemoryWrite@mem.zir:99
           cycle=20763, step=3813, pc=0x00205814, major=3, minor=1
       Global: memory permutation violated
         x11/a1: wrote 0xffffffc0, expected 0x00000040 (cycle 41527)
  [458] ✓ INSTR_TYPE_MOD @ step 3703: 5 failures, 2966ms, outcome: REJECTED, exit: 101 [proof:GENERATED] G=memory|cycle
       r=0.037  T_new=0.00 F_new=0.92 F_rare=1.00 U=0 Q=0.08 Q_l=0.19 Q_g=0.43 dl=5 dg=5
       Value: 0x00000000 -> 0x00060000
       Original: Add [major=0, minor=0]
       Mutated:  Sb [major=6, minor=0]
       zkVM errors (3 lines):
         • [prover_impl.rs:280] verify segment (internal proof verification failed)
         • [ffi.cpp:113] address mismatch at cycle 20579: preflight=0x3fffc02d, actual=0x0000000a
         • [kernels/cxx/ffi.cpp:208] SKIP THROW: memory peek not in preflight
       Local constraints hit (5 unique):
         - AddrDecomposeBits@u32.zir:87
           cycle=20579, step=3703, pc=0x00203208, major=6, minor=0
         - IsRead@mem.zir:79
           cycle=20579, step=3703, pc=0x00203208, major=6, minor=0
         - MemoryWrite@mem.zir:100
           cycle=20579, step=3703, pc=0x00203208, major=6, minor=0
         - MemoryWrite@mem.zir:99
           cycle=20579, step=3703, pc=0x00203208, major=6, minor=0
         - VerifyOpcodeF3@inst.zir:96
           cycle=20579, step=3703, pc=0x00203208, major=6, minor=0
       Global: memory permutation violated
         0x00000028 (data): expected write missing, needed 0x00300713 (cycle 39560)
         x13/a3: unexpected write 0x00221632 (cycle 41129)
       Global: cycle lookup violated (3 indices broken)
         index 28: 150 provides, 1 uses (imbalanced)
         index 29: 27 provides, 1 uses (imbalanced)
         index 1598: 1 provides, 1 uses (imbalanced)
  [459] ✓ COMP_OUT_MOD @ step 3745: 1 failures, 2971ms, outcome: REJECTED, exit: 101 [proof:GENERATED] G=memory
       r=0.161  T_new=0.00 F_new=0.39 F_rare=0.72 U=0 Q=0.61 Q_l=0.72 Q_g=0.85 dl=1 dg=1
       Value: 0x00000000 -> 0x20020000
       Destination: rd = x12 (a2)
       zkVM errors (1 lines):
         • [prover_impl.rs:280] verify segment (internal proof verification failed)
       Local constraints hit (1 unique):
         - MemoryWrite@mem.zir:100
           cycle=20621, step=3745, pc=0x002032B0, major=0, minor=1
       Global: memory permutation violated
         x12/a2: wrote 0x20020000, expected 0x00000000 (cycle 41243)
  [460] ✓ INSTR_WORD_MOD_FULL @ step 1828: 0 failures, 2948ms, outcome: REJECTED, exit: 101 [proof:GENERATED] G=memory[GO]
       r=0.255  T_new=0.00 F_new=0.78 F_rare=1.00 U=0 Q=0.61 Q_l=1.00 Q_g=0.61 dl=0 dg=3
       Value: 0x00008067 -> 0x00008467
       Original: JALR x0, x1, 0
       Mutated:  JALR x8, x1, 0
       zkVM errors (3 lines):
         • [prover_impl.rs:280] verify segment (internal proof verification failed)
         • [ffi.cpp:113] address mismatch at cycle 18472: preflight=0x3fffc060, actual=0x3fffc028
         • [kernels/cxx/ffi.cpp:208] SKIP THROW: memory peek not in preflight
       Global: memory permutation violated [GLOBAL-ONLY]
         x8/s0: expected write missing, needed 0x00000000 (cycle 36941)
         0xFFFF0180 (data): unexpected write 0x00000000 (cycle 36941)
         0x002184DC (code): wrote 0x00008067, expected 0x00008467 (cycle 36422)
  [461] ✓ LOAD_VAL_MOD @ step 3332: 2 failures, 2936ms, outcome: REJECTED, exit: 101 [proof:GENERATED] G=memory
       r=0.101  T_new=0.00 F_new=0.39 F_rare=0.58 U=0 Q=0.43 Q_l=0.51 Q_g=0.85 dl=2 dg=1
       Value: 0x30A10A85 -> 0x788199C5
       Load destination: rd = x16 (a6)
       zkVM errors (1 lines):
         • [prover_impl.rs:280] verify segment (internal proof verification failed)
       Local constraints hit (2 unique):
         - MemoryWrite@mem.zir:100
           cycle=20134, step=3332, pc=0x00203420, major=5, minor=2
         - MemoryWrite@mem.zir:99
           cycle=20134, step=3332, pc=0x00203420, major=5, minor=2
       Global: memory permutation violated
         x16/a6: wrote 0x788199c5, expected 0x30a10a85 (cycle 40269)
  [462] ✓ LOAD_VAL_MOD @ step 3167: 2 failures, 3047ms, outcome: REJECTED, exit: 101 [proof:GENERATED] G=memory
       r=0.101  T_new=0.00 F_new=0.39 F_rare=0.58 U=0 Q=0.43 Q_l=0.51 Q_g=0.85 dl=2 dg=1
       Value: 0x0021AD2C -> 0xB79323A9
       Load destination: rd = x18 (s2)
       zkVM errors (1 lines):
         • [prover_impl.rs:280] verify segment (internal proof verification failed)
       Local constraints hit (2 unique):
         - MemoryWrite@mem.zir:100
           cycle=19969, step=3167, pc=0x0020582C, major=5, minor=2
         - MemoryWrite@mem.zir:99
           cycle=19969, step=3167, pc=0x0020582C, major=5, minor=2
       Global: memory permutation violated
         x18/s2: wrote 0xb79323a9, expected 0x0021ad2c (cycle 39939)
  [463] ✓ INSTR_WORD_MOD_FULL @ step 3539: 3 failures, 2932ms, outcome: REJECTED, exit: 101 [proof:GENERATED] G=memory
       r=0.053  T_new=0.00 F_new=0.97 F_rare=1.00 U=0 Q=0.11 Q_l=0.37 Q_g=0.31 dl=3 dg=7
       Value: 0x02C22583 -> 0xB32C056F
       Original: LW x11, 44(x4)
       Mutated:  JAL x10, -261326
       Format changed: I -> J
       zkVM errors (3 lines):
         • [prover_impl.rs:280] verify segment (internal proof verification failed)
         • [ffi.cpp:113] address mismatch at cycle 20341: preflight=0x3fffc004, actual=0x3fffc018
         • [kernels/cxx/ffi.cpp:208] SKIP THROW: memory peek not in preflight
       Local constraints hit (3 unique):
         - OpLW@inst_mem.zir:109
           cycle=20341, step=3539, pc=0xC0000178, major=5, minor=2
         - VerifyOpcodeF3@inst.zir:96
           cycle=20341, step=3539, pc=0xC0000178, major=5, minor=2
         - VerifyOpcodeF3@inst.zir:97
           cycle=20341, step=3539, pc=0xC0000178, major=5, minor=2
       Global: memory permutation violated
         0xC0000174 (data): wrote 0x02c22583, expected 0xb32c056f (cycle 39726)
         0xFFFEFBB0 (data): expected write missing, needed 0x00219e74 (cycle 40635)
         0xFFFF0010 (data): unexpected write 0xffff0080 (cycle 40680)
         0xFFFF0028 (data): expected write missing, needed 0xc000005c (cycle 40676)
         0xFFFF002C (data): unexpected write 0xc000005c (cycle 40676)
         0xFFFF0060 (data): expected write missing, needed 0xffff0080 (cycle 40680)
         x11/a1: unexpected write 0x00219e74 (cycle 40635)
  [464] ✓ PRE_EXEC_REG_MOD @ step 3592: 2 failures, 2996ms, outcome: REJECTED, exit: 101 [proof:GENERATED] G=memory
       r=0.118  T_new=0.00 F_new=0.39 F_rare=0.75 U=0 Q=0.43 Q_l=0.51 Q_g=0.85 dl=2 dg=1
       Value: 0x00000000 -> 0xFE9B52EC
       Register: x0 (zero), READ, strategy=next_read
       zkVM errors (1 lines):
         • [prover_impl.rs:280] verify segment (internal proof verification failed)
       Local constraints hit (2 unique):
         - IsRead@mem.zir:79
           cycle=20468, step=3592, pc=0x00205684, major=2, minor=5
         - IsRead@mem.zir:80
           cycle=20468, step=3592, pc=0x00205684, major=2, minor=5
       Global: memory permutation violated
         x0/zero: wrote 0xfe9b52ec, expected 0x00000000 (cycle 40936)
  [465] ✓ INSTR_TYPE_MOD @ step 2551: 3 failures, 2895ms, outcome: REJECTED, exit: 101 [proof:GENERATED]
       r=0.157  T_new=0.00 F_new=0.63 F_rare=1.00 U=0 Q=0.37 Q_l=0.37 Q_g=1.00 dl=3 dg=0
       Value: 0x00030001 -> 0x00030000
       Original: SllI [major=3, minor=1]
       Mutated:  Sll [major=3, minor=0]
       zkVM errors (1 lines):
         • [prover_impl.rs:280] verify segment (internal proof verification failed)
       Local constraints hit (3 unique):
         - MemoryWrite@mem.zir:100
           cycle=19279, step=2551, pc=0x002014C8, major=3, minor=0
         - MemoryWrite@mem.zir:99
           cycle=19279, step=2551, pc=0x002014C8, major=3, minor=0
         - VerifyOpcodeF3F7@inst.zir:102
           cycle=19279, step=2551, pc=0x002014C8, major=3, minor=0
       Global: no permutation/lookup violations (local-only)
  [466] ✓ MEM_VAL_MOD @ step 2779: 2 failures, 2945ms, outcome: REJECTED, exit: 101 [proof:GENERATED] G=memory
       r=0.104  T_new=0.00 F_new=0.39 F_rare=0.61 U=0 Q=0.43 Q_l=0.51 Q_g=0.85 dl=2 dg=1
       Value: 0x00000000 -> 0xFFFFFF2B
       Transaction: store_rmw_read (READ) at address 0x00200250
       zkVM errors (1 lines):
         • [prover_impl.rs:280] verify segment (internal proof verification failed)
       Local constraints hit (2 unique):
         - IsRead@mem.zir:79
           cycle=19507, step=2779, pc=0x00203824, major=6, minor=2
         - IsRead@mem.zir:80
           cycle=19507, step=2779, pc=0x00203824, major=6, minor=2
       Global: memory permutation violated
         0x00200250 (data): wrote 0xffffff2b, expected 0x00000000 (cycle 39014)
  [467] ✓ MEM_VAL_MOD @ step 353: 2 failures, 2939ms, outcome: REJECTED, exit: 101 [proof:GENERATED] G=memory
       r=0.183  T_new=0.00 F_new=0.78 F_rare=1.00 U=0 Q=0.43 Q_l=0.51 Q_g=0.85 dl=2 dg=1
       Value: 0x00000000 -> 0xA9A7D0D3
       Transaction: other_mem_write (WRITE) at address 0xffff0180
       zkVM errors (1 lines):
         • [prover_impl.rs:280] verify segment (internal proof verification failed)
       Local constraints hit (2 unique):
         - MemoryWrite@mem.zir:100
           cycle=16938, step=353, pc=0x0020616C, major=2, minor=2
         - MemoryWrite@mem.zir:99
           cycle=16938, step=353, pc=0x0020616C, major=2, minor=2
       Global: memory permutation violated
         0xFFFF0180 (data): wrote 0xa9a7d0d3, expected 0x00000000 (cycle 33877)
  [468] ✓ STORE_OUT_MOD @ step 1649: 2 failures, 2949ms, outcome: REJECTED, exit: 101 [proof:GENERATED] G=memory
       r=0.100  T_new=0.00 F_new=0.39 F_rare=0.57 U=0 Q=0.43 Q_l=0.51 Q_g=0.85 dl=2 dg=1
       Value: 0x00000000 -> 0x01C07C4E
       Store address: 0x002000c8
       zkVM errors (1 lines):
         • [prover_impl.rs:280] verify segment (internal proof verification failed)
       Local constraints hit (2 unique):
         - MemoryWrite@mem.zir:100
           cycle=18293, step=1649, pc=0x0020AF08, major=6, minor=2
         - MemoryWrite@mem.zir:99
           cycle=18293, step=1649, pc=0x0020AF08, major=6, minor=2
       Global: memory permutation violated
         0x002000C8 (data): wrote 0x01c07c4e, expected 0x00000000 (cycle 36587)
  [469] ✓ PRE_EXEC_REG_MOD @ step 1748: 2 failures, 2951ms, outcome: REJECTED, exit: 101 [proof:GENERATED] G=memory
       r=0.109  T_new=0.00 F_new=0.39 F_rare=0.66 U=0 Q=0.43 Q_l=0.51 Q_g=0.85 dl=2 dg=1
       Value: 0x00205FD0 -> 0x48079710
       Register: x1 (ra), READ, strategy=next_read
       zkVM errors (1 lines):
         • [prover_impl.rs:280] verify segment (internal proof verification failed)
       Local constraints hit (2 unique):
         - IsRead@mem.zir:79
           cycle=18392, step=1748, pc=0x002184D4, major=0, minor=7
         - IsRead@mem.zir:80
           cycle=18392, step=1748, pc=0x002184D4, major=0, minor=7
       Global: memory permutation violated
         x1/ra: wrote 0x48079710, expected 0x00205fd0 (cycle 36784)
  [470] ✓ INSTR_WORD_MOD_SUR @ step 3929: 1 failures, 2938ms, outcome: REJECTED, exit: 101 [proof:GENERATED] G=memory
       r=0.165  T_new=0.00 F_new=0.39 F_rare=0.75 U=0 Q=0.61 Q_l=0.72 Q_g=0.85 dl=1 dg=1
       Value: 0x00000073 -> 0x00000037
       Surgical: opcode = 115 -> 55
       Original: ECALL x0, x0, 0
       Mutated:  LUI x0, 0x0
       zkVM errors (1 lines):
         • [prover_impl.rs:280] verify segment (internal proof verification failed)
       Local constraints hit (1 unique):
         - MachineECall@inst_ecall.zir:29
           cycle=20879, step=3929, pc=0xC00000F8, major=8, minor=0
       Global: memory permutation violated
         0xC00000F8 (data): wrote 0x00000073, expected 0x00000037 (cycle 30062)
  [471] ✓ MEM_VAL_MOD @ step 2464: 1 failures, 2954ms, outcome: REJECTED, exit: 101 [proof:GENERATED] G=memory
       r=0.180  T_new=0.00 F_new=0.39 F_rare=0.85 U=0 Q=0.61 Q_l=0.72 Q_g=0.85 dl=1 dg=1
       Value: 0x00000000 -> 0x00000001
       Transaction: other_mem_write (WRITE) at address 0xffff0180
       zkVM errors (1 lines):
         • [prover_impl.rs:280] verify segment (internal proof verification failed)
       Local constraints hit (1 unique):
         - MemoryWrite@mem.zir:99
           cycle=19118, step=2464, pc=0x00205E30, major=2, minor=2
       Global: memory permutation violated
         0xFFFF0180 (data): wrote 0x00000001, expected 0x00000000 (cycle 38237)
  [472] ✓ MEM_VAL_MOD @ step 0: 10 failures, 2947ms, outcome: REJECTED, exit: 101 [proof:GENERATED] G=memory
       r=0.079  T_new=0.00 F_new=0.39 F_rare=0.68 U=0 Q=0.31 Q_l=0.37 Q_g=0.85 dl=3 dg=1
       Value: 0x000C2583 -> 0x8F2F258E
       Transaction: other_mem_read (READ) at address 0x002099b0
       zkVM errors (2 lines):
         • [prover_impl.rs:280] verify segment (internal proof verification failed)
         • [kernels/cxx/buffers.h:43] SKIP THROW: Inconsistent set
       Local constraints hit (3 unique):
         - IsRead@mem.zir:79
           cycle=10583, step=0, pc=0x00000000, major=9, minor=2
         - IsRead@mem.zir:80
           cycle=10583, step=0, pc=0x00000000, major=9, minor=2
         - PoseidonCheckOut@inst_p2.zir:265 (x8)
           cycle=10773, step=0, pc=0x00000000, major=9, minor=5
       Global: memory permutation violated
         0x002099B0 (code): wrote 0x8f2f258e, expected 0x000c2583 (cycle 21166)
  [473] ✓ PRE_EXEC_REG_MOD @ step 0: 9 failures, 2982ms, outcome: REJECTED, exit: 101 [proof:GENERATED] G=memory
       r=0.110  T_new=0.00 F_new=0.39 F_rare=0.67 U=0 Q=0.43 Q_l=0.51 Q_g=0.85 dl=2 dg=1
       Value: 0x00000000 -> 0x00000004
       Register: x19 (s3), READ, strategy=next_read
       zkVM errors (2 lines):
         • [prover_impl.rs:280] verify segment (internal proof verification failed)
         • [kernels/cxx/buffers.h:43] SKIP THROW: Inconsistent set
       Local constraints hit (2 unique):
         - IsRead@mem.zir:79
           cycle=15987, step=0, pc=0x00000000, major=9, minor=2
         - PoseidonCheckOut@inst_p2.zir:265 (x8)
           cycle=16247, step=0, pc=0x00000000, major=9, minor=5
       Global: memory permutation violated
         x19/s3: wrote 0x00000004, expected 0x00000000 (cycle 31974)
  [474] ✓ LOAD_VAL_MOD @ step 1160: 2 failures, 2960ms, outcome: REJECTED, exit: 101 [proof:GENERATED] G=memory
       r=0.104  T_new=0.00 F_new=0.39 F_rare=0.61 U=0 Q=0.43 Q_l=0.51 Q_g=0.85 dl=2 dg=1
       Value: 0x00000001 -> 0xFFFFFFFF
       Load destination: rd = x11 (a1)
       zkVM errors (1 lines):
         • [prover_impl.rs:280] verify segment (internal proof verification failed)
       Local constraints hit (2 unique):
         - MemoryWrite@mem.zir:100
           cycle=17804, step=1160, pc=0x00209A54, major=5, minor=3
         - MemoryWrite@mem.zir:99
           cycle=17804, step=1160, pc=0x00209A54, major=5, minor=3
       Global: memory permutation violated
         x11/a1: wrote 0xffffffff, expected 0x00000001 (cycle 35609)
  [475] ✓ PRE_EXEC_REG_MOD @ step 2292: 3 failures, 2951ms, outcome: REJECTED, exit: 101 [proof:GENERATED] G=memory
       r=0.087  T_new=0.00 F_new=0.39 F_rare=0.79 U=0 Q=0.31 Q_l=0.37 Q_g=0.85 dl=3 dg=1
       Value: 0x0000000C -> 0x7FD4DA19
       Register: x12 (a2), READ, strategy=next_read
       zkVM errors (1 lines):
         • [prover_impl.rs:280] verify segment (internal proof verification failed)
       Local constraints hit (3 unique):
         - IsRead@mem.zir:79
           cycle=18946, step=2292, pc=0x0020346C, major=1, minor=2
         - IsRead@mem.zir:80
           cycle=18946, step=2292, pc=0x0020346C, major=1, minor=2
         - MemoryWrite@mem.zir:99
           cycle=18946, step=2292, pc=0x0020346C, major=1, minor=2
       Global: memory permutation violated
         x12/a2: wrote 0x7fd4da19, expected 0x0000000c (cycle 37892)
  [476] ✓ INSTR_TYPE_MOD @ step 990: 18 failures, 2958ms, outcome: REJECTED, exit: 101 [proof:GENERATED] G=memory
       r=0.002  T_new=0.00 F_new=1.00 F_rare=1.00 U=0 Q=0.00 Q_l=0.02 Q_g=0.19 dl=12 dg=10
       Value: 0x00050002 -> 0x00020002
       Original: Lw [major=5, minor=2]
       Mutated:  BgeU [major=2, minor=2]
       zkVM errors (3 lines):
         • [prover_impl.rs:280] verify segment (internal proof verification failed)
         • [ffi.cpp:113] address mismatch at cycle 17623: preflight=0x3fffc02c, actual=0x3fffc010
         • [kernels/cxx/ffi.cpp:208] SKIP THROW: memory peek not in preflight
       Local constraints hit (7 unique):
         - ControlMRET@inst_control.zir:89
           cycle=17637, step=998, pc=0x00206174, major=7, minor=3
         - DecodeInst@inst.zir:29 (x7)
           cycle=17624, step=991, pc=0xC0000140, major=5, minor=2
         - ECall0@inst_ecall.zir:203 (x6)
           cycle=17628, step=995, pc=0xC000014C, major=8, minor=0
         - MemoryWrite@mem.zir:100
           cycle=17623, step=990, pc=0xC000013C, major=2, minor=2
         - MemoryWrite@mem.zir:99
           cycle=17623, step=990, pc=0xC000013C, major=2, minor=2
         - VerifyOpcodeF3@inst.zir:96
           cycle=17623, step=990, pc=0xC000013C, major=2, minor=2
         - VerifyOpcodeF3@inst.zir:97
           cycle=17623, step=990, pc=0xC000013C, major=2, minor=2
       Global: memory permutation violated (23 addrs: 1 register, 22 data)
         0xC000013C (data): unexpected write 0x02822583 (cycle 35076)
         0xC0000140 (data): unexpected write 0x02c22603 (cycle 35078)
         0xC0000144 (data): unexpected write 0x00261613 (cycle 35080)
         + 20 more addresses
  [477] ✓ PRE_EXEC_REG_MOD @ step 2378: 2 failures, 2949ms, outcome: REJECTED, exit: 101 [proof:GENERATED] G=memory
       r=0.129  T_new=0.00 F_new=0.39 F_rare=0.85 U=0 Q=0.43 Q_l=0.51 Q_g=0.85 dl=2 dg=1
       Value: 0x00200310 -> 0x00200410
       Register: x13 (a3), READ, strategy=next_read
       zkVM errors (1 lines):
         • [prover_impl.rs:280] verify segment (internal proof verification failed)
       Local constraints hit (2 unique):
         - IsRead@mem.zir:79
           cycle=19032, step=2378, pc=0x002032C0, major=0, minor=0
         - MemoryWrite@mem.zir:99
           cycle=19032, step=2378, pc=0x002032C0, major=0, minor=0
       Global: memory permutation violated
         x13/a3: wrote 0x00200410, expected 0x00200310 (cycle 38064)
  [478] ✓ PRE_EXEC_REG_MOD @ step 2552: 2 failures, 2947ms, outcome: REJECTED, exit: 101 [proof:GENERATED] G=memory
       r=0.168  T_new=0.00 F_new=0.63 F_rare=1.00 U=0 Q=0.43 Q_l=0.51 Q_g=0.85 dl=2 dg=1
       Value: 0x00000000 -> 0xC0A435C5
       Register: x24 (s8), READ, strategy=next_read
       zkVM errors (1 lines):
         • [prover_impl.rs:280] verify segment (internal proof verification failed)
       Local constraints hit (2 unique):
         - IsRead@mem.zir:79
           cycle=19280, step=2552, pc=0x002014CC, major=3, minor=1
         - IsRead@mem.zir:80
           cycle=19280, step=2552, pc=0x002014CC, major=3, minor=1
       Global: memory permutation violated
         x24/s8: wrote 0xc0a435c5, expected 0x00000000 (cycle 38560)
  [479] ✓ INSTR_WORD_MOD_SUR @ step 186: 0 failures, 2983ms, outcome: REJECTED, exit: 101 [proof:GENERATED] G=memory[GO]
       r=0.255  T_new=0.00 F_new=0.78 F_rare=1.00 U=0 Q=0.61 Q_l=1.00 Q_g=0.61 dl=0 dg=3
       Value: 0x00810513 -> 0x00810E13
       Surgical: rd = 10 -> 28
       Original: ADDI x10, x2, 8
       Mutated:  ADDI x28, x2, 8
       zkVM errors (3 lines):
         • [prover_impl.rs:280] verify segment (internal proof verification failed)
         • [ffi.cpp:113] address mismatch at cycle 16765: preflight=0x3fffc02a, actual=0x3fffc03c
         • [kernels/cxx/ffi.cpp:208] SKIP THROW: memory peek not in preflight
       Global: memory permutation violated [GLOBAL-ONLY]
         x10/a0: unexpected write 0x00200800 (cycle 33524)
         x28/t3: expected write missing, needed 0x00200800 (cycle 33524)
         0x00200EC8 (code): wrote 0x00810513, expected 0x00810e13 (cycle 5890)
  [480] ✓ INSTR_TYPE_MOD @ step 3510: 1 failures, 2903ms, outcome: REJECTED, exit: 101 [proof:GENERATED] [+2 touch]
       r=0.249  T_new=0.06 F_new=0.39 F_rare=1.00 U=0 Q=0.72 Q_l=0.72 Q_g=1.00 dl=1 dg=0
       Value: 0x00000007 -> 0x00010000
       Original: AddI [major=0, minor=7]
       Mutated:  XorI [major=1, minor=0]
       zkVM errors (1 lines):
         • [prover_impl.rs:280] verify segment (internal proof verification failed)
       Local constraints hit (1 unique):
         - VerifyOpcodeF3@inst.zir:97
           cycle=20312, step=3510, pc=0x002053E8, major=1, minor=0
       Global: no permutation/lookup violations (local-only)
  [481] ✓ MEM_VAL_MOD @ step 3681: 5 failures, 3007ms, outcome: REJECTED, exit: 101 [proof:GENERATED] [+2 touch] G=memory|cycle
       r=0.013  T_new=0.06 F_new=1.00 F_rare=1.00 U=0 Q=0.03 Q_l=0.19 Q_g=0.14 dl=5 dg=12
       Value: 0x00059863 -> 0x000000FF
       Transaction: other_mem_read (READ) at address 0x002035d4
       zkVM errors (3 lines):
         • [prover_impl.rs:280] verify segment (internal proof verification failed)
         • [ffi.cpp:113] address mismatch at cycle 20557: preflight=0x3fffc02b, actual=0x3fffc020
         • [kernels/cxx/ffi.cpp:208] SKIP THROW: memory peek not in preflight
       Local constraints hit (5 unique):
         - IsRead@mem.zir:79
           cycle=20557, step=3681, pc=0x002035E4, major=1, minor=6
         - IsRead@mem.zir:80
           cycle=20557, step=3681, pc=0x002035E4, major=1, minor=6
         - MemoryWrite@mem.zir:99
           cycle=20567, step=3691, pc=0x00205758, major=2, minor=4
         - VerifyOpcodeF3@inst.zir:96
           cycle=20557, step=3681, pc=0x002035E4, major=1, minor=6
         - VerifyOpcodeF3@inst.zir:97
           cycle=20557, step=3681, pc=0x002035E4, major=1, minor=6
       Global: memory permutation violated (16 addrs: 2 register, 13 code, 1 data)
         x0/zero: unexpected write 0x00000000 (cycle 41110)
         x11/a1: unexpected write 0x00000002 (cycle 41113)
         0xFFFF0180 (data): expected write missing, needed 0x00000000 (cycle 41110)
         + 13 code addresses diverged (instruction fetch cascade)
       Global: cycle lookup violated (2 indices broken)
         index 3: 695 provides, 1 uses (imbalanced)
         index 4: 253 provides, 1 uses (imbalanced)
  [482] ✓ INSTR_TYPE_MOD @ step 2488: 5 failures, 2985ms, outcome: REJECTED, exit: 101 [proof:GENERATED] G=memory|cycle
       r=0.029  T_new=0.00 F_new=0.97 F_rare=1.00 U=0 Q=0.06 Q_l=0.19 Q_g=0.31 dl=5 dg=7
       Value: 0x00050002 -> 0x00060001
       Original: Lw [major=5, minor=2]
       Mutated:  Sh [major=6, minor=1]
       zkVM errors (3 lines):
         • [prover_impl.rs:280] verify segment (internal proof verification failed)
         • [ffi.cpp:113] address mismatch at cycle 19142: preflight=0x3fffc02e, actual=0x3fffc018
         • [kernels/cxx/ffi.cpp:208] SKIP THROW: memory peek not in preflight
       Local constraints hit (5 unique):
         - IsRead@mem.zir:79
           cycle=19142, step=2488, pc=0xC0000184, major=6, minor=1
         - MemoryWrite@mem.zir:100
           cycle=19142, step=2488, pc=0xC0000184, major=6, minor=1
         - MemoryWrite@mem.zir:99
           cycle=19142, step=2488, pc=0xC0000184, major=6, minor=1
         - VerifyOpcodeF3@inst.zir:96
           cycle=19142, step=2488, pc=0xC0000184, major=6, minor=1
         - VerifyOpcodeF3@inst.zir:97
           cycle=19142, step=2488, pc=0xC0000184, major=6, minor=1
       Global: memory permutation violated
         0xFFFF0038 (data): unexpected write 0x00000000 (cycle 31874)
         0xFFFF0060 (data): expected write missing, needed 0x00000001 (cycle 38261)
         x11/a1: expected write missing, needed 0x00000097 (cycle 30162)
         x14/a4: unexpected write 0x00000001 (cycle 38261)
       Global: cycle lookup violated (3 indices broken)
         index 6409: 1 provides, 1 uses (imbalanced)
         index 6410: orphan use (1 entries, no matching provide)
         index 8122: 1 provides, 1 uses (imbalanced)
  [483] ✓ PRE_EXEC_REG_MOD @ step 2885: 4 failures, 2955ms, outcome: REJECTED, exit: 101 [proof:GENERATED] G=memory
       r=0.101  T_new=0.00 F_new=0.92 F_rare=1.00 U=0 Q=0.22 Q_l=0.26 Q_g=0.85 dl=4 dg=1
       Value: 0x00000004 -> 0xB5EF3BEA
       Register: x11 (a1), READ, strategy=next_read
       zkVM errors (1 lines):
         • [prover_impl.rs:280] verify segment (internal proof verification failed)
       Local constraints hit (4 unique):
         - IsRead@mem.zir:79
           cycle=19613, step=2885, pc=0x0021815C, major=0, minor=2
         - IsRead@mem.zir:80
           cycle=19613, step=2885, pc=0x0021815C, major=0, minor=2
         - MemoryWrite@mem.zir:100
           cycle=19613, step=2885, pc=0x0021815C, major=0, minor=2
         - MemoryWrite@mem.zir:99
           cycle=19613, step=2885, pc=0x0021815C, major=0, minor=2
       Global: memory permutation violated
         x11/a1: wrote 0xb5ef3bea, expected 0x00000004 (cycle 39226)
  [484] ✓ INSTR_WORD_MOD_SUR @ step 2457: 1 failures, 2943ms, outcome: REJECTED, exit: 101 [proof:GENERATED] G=memory
       r=0.183  T_new=0.00 F_new=0.78 F_rare=1.00 U=0 Q=0.43 Q_l=0.72 Q_g=0.61 dl=1 dg=3
       Value: 0xFFF70713 -> 0x4EC70713
       Surgical: imm = -1 -> 1260
       Original: ADDI x14, x14, -1
       Mutated:  ADDI x14, x14, 1260
       zkVM errors (3 lines):
         • [prover_impl.rs:280] verify segment (internal proof verification failed)
         • [ffi.cpp:113] address mismatch at cycle 19111: preflight=0x3fffc03f, actual=0x3fffc02c
         • [kernels/cxx/ffi.cpp:208] SKIP THROW: memory peek not in preflight
       Local constraints hit (1 unique):
         - MemoryWrite@mem.zir:99
           cycle=19111, step=2457, pc=0x00205E14, major=0, minor=7
       Global: memory permutation violated
         x12/a2: expected write missing, needed 0x00000000 (cycle 38214)
         x31/t6: unexpected write 0x00000000 (cycle 38214)
         0x00205E10 (code): wrote 0xfff70713, expected 0x4ec70713 (cycle 37566)
  [485] ✓ STORE_OUT_MOD @ step 2252: 1 failures, 2957ms, outcome: REJECTED, exit: 101 [proof:GENERATED] G=memory
       r=0.139  T_new=0.00 F_new=0.39 F_rare=0.57 U=0 Q=0.61 Q_l=0.72 Q_g=0.85 dl=1 dg=1
       Value: 0x00000000 -> 0x80100000
       Store address: 0x00200310
       zkVM errors (1 lines):
         • [prover_impl.rs:280] verify segment (internal proof verification failed)
       Local constraints hit (1 unique):
         - MemoryWrite@mem.zir:100
           cycle=18906, step=2252, pc=0x0020342C, major=6, minor=2
       Global: memory permutation violated
         0x00200310 (data): wrote 0x80100000, expected 0x00000000 (cycle 37813)
  [486] ✓ INSTR_WORD_MOD_FULL @ step 2200: 4 failures, 3061ms, outcome: REJECTED, exit: 101 [proof:GENERATED] G=memory
       r=0.021  T_new=0.00 F_new=0.78 F_rare=1.00 U=0 Q=0.05 Q_l=0.26 Q_g=0.19 dl=4 dg=10
       Value: 0x00C59A63 -> 0x021BDC6F
       Original: BNE x11, x12, 20
       Mutated:  JAL x24, 776224
       Format changed: B -> J
       zkVM errors (3 lines):
         • [prover_impl.rs:280] verify segment (internal proof verification failed)
         • [ffi.cpp:113] address mismatch at cycle 18854: preflight=0x3fffc02b, actual=0x3fffc037
         • [kernels/cxx/ffi.cpp:208] SKIP THROW: memory peek not in preflight
       Local constraints hit (3 unique):
         - MemoryWrite@mem.zir:99 (x2)
           cycle=18860, step=2206, pc=0x00201EDC, major=2, minor=6
         - VerifyOpcodeF3@inst.zir:96
           cycle=18854, step=2200, pc=0x00201EC4, major=1, minor=6
         - VerifyOpcodeF3@inst.zir:97
           cycle=18854, step=2200, pc=0x00201EC4, major=1, minor=6
       Global: memory permutation violated (19 addrs: 4 register, 15 code)
         x1/ra: expected write missing, needed 0x00000002 (cycle 37707)
         x11/a1: unexpected write 0x00000001 (cycle 37705)
         x12/a2: unexpected write 0x00000002 (cycle 37707)
         + 15 code addresses diverged (instruction fetch cascade)
         + 1 more addresses
  [487] ✓ PRE_EXEC_REG_MOD @ step 722: 4 failures, 2934ms, outcome: REJECTED, exit: 101 [proof:GENERATED] G=memory
       r=0.055  T_new=0.00 F_new=0.39 F_rare=0.65 U=0 Q=0.22 Q_l=0.26 Q_g=0.85 dl=4 dg=1
       Value: 0x00000001 -> 0x6882F467
       Register: x13 (a3), READ, strategy=next_read
       zkVM errors (1 lines):
         • [prover_impl.rs:280] verify segment (internal proof verification failed)
       Local constraints hit (4 unique):
         - IsRead@mem.zir:79
           cycle=17337, step=722, pc=0x0020319C, major=0, minor=7
         - IsRead@mem.zir:80
           cycle=17337, step=722, pc=0x0020319C, major=0, minor=7
         - MemoryWrite@mem.zir:100
           cycle=17337, step=722, pc=0x0020319C, major=0, minor=7
         - MemoryWrite@mem.zir:99
           cycle=17337, step=722, pc=0x0020319C, major=0, minor=7
       Global: memory permutation violated
         x13/a3: wrote 0x6882f467, expected 0x00000001 (cycle 34674)
  [488] ✓ STORE_OUT_MOD @ step 1648: 2 failures, 2931ms, outcome: REJECTED, exit: 101 [proof:GENERATED] G=memory
       r=0.099  T_new=0.00 F_new=0.39 F_rare=0.57 U=0 Q=0.43 Q_l=0.51 Q_g=0.85 dl=2 dg=1
       Value: 0x00000000 -> 0x44084140
       Store address: 0x002000cc
       zkVM errors (1 lines):
         • [prover_impl.rs:280] verify segment (internal proof verification failed)
       Local constraints hit (2 unique):
         - MemoryWrite@mem.zir:100
           cycle=18292, step=1648, pc=0x0020AF04, major=6, minor=2
         - MemoryWrite@mem.zir:99
           cycle=18292, step=1648, pc=0x0020AF04, major=6, minor=2
       Global: memory permutation violated
         0x002000CC (data): wrote 0x44084140, expected 0x00000000 (cycle 36585)
  [489] ✓ MEM_VAL_MOD @ step 3538: 3 failures, 2990ms, outcome: REJECTED, exit: 101 [proof:GENERATED] G=memory
       r=0.094  T_new=0.00 F_new=0.78 F_rare=1.00 U=0 Q=0.22 Q_l=0.37 Q_g=0.61 dl=3 dg=3
       Value: 0xFFFF0080 -> 0x567512B5
       Transaction: load_mem_read (READ) at address 0xffff0010
       zkVM errors (3 lines):
         • [prover_impl.rs:280] verify segment (internal proof verification failed)
         • [ffi.cpp:113] address mismatch at cycle 20340: preflight=0x3fffc02a, actual=0x159d44b7
         • [kernels/cxx/ffi.cpp:208] SKIP THROW: memory peek not in preflight
       Local constraints hit (3 unique):
         - IsRead@mem.zir:79
           cycle=20340, step=3538, pc=0xC0000174, major=5, minor=2
         - IsRead@mem.zir:80
           cycle=20340, step=3538, pc=0xC0000174, major=5, minor=2
         - OpLW@inst_mem.zir:108
           cycle=20340, step=3538, pc=0xC0000174, major=5, minor=2
       Global: memory permutation violated
         0x567512DC (data): expected write missing, needed 0x002215d0 (cycle 40637)
         0xFFFF0010 (data): wrote 0x567512b5, expected 0xffff0080 (cycle 40680)
         x10/a0: unexpected write 0x002215d0 (cycle 40637)
  [490] ✓ INSTR_WORD_MOD_SUR @ step 833: 0 failures, 2941ms, outcome: REJECTED, exit: 101 [proof:GENERATED] G=memory[GO]
       r=0.255  T_new=0.00 F_new=0.78 F_rare=1.00 U=0 Q=0.61 Q_l=1.00 Q_g=0.61 dl=0 dg=3
       Value: 0x02822583 -> 0x02822603
       Surgical: rd = 11 -> 12
       Original: LW x11, 40(x4)
       Mutated:  LW x12, 40(x4)
       zkVM errors (3 lines):
         • [prover_impl.rs:280] verify segment (internal proof verification failed)
         • [ffi.cpp:113] address mismatch at cycle 17454: preflight=0x3fffc00b, actual=0x3fffc00c
         • [kernels/cxx/ffi.cpp:208] SKIP THROW: memory peek not in preflight
       Global: memory permutation violated [GLOBAL-ONLY]
         0xC000013C (data): wrote 0x02822583, expected 0x02822603 (cycle 34740)
         0xFFFF002C (data): unexpected write 0xc0000058 (cycle 34900)
         0xFFFF0030 (data): expected write missing, needed 0xc0000058 (cycle 34900)
  [491] ✓ LOAD_VAL_MOD @ step 2776: 2 failures, 2946ms, outcome: REJECTED, exit: 101 [proof:GENERATED] G=memory
       r=0.101  T_new=0.00 F_new=0.39 F_rare=0.58 U=0 Q=0.43 Q_l=0.51 Q_g=0.85 dl=2 dg=1
       Value: 0xBCE109F9 -> 0x4CF6F5F8
       Load destination: rd = x17 (a7)
       zkVM errors (1 lines):
         • [prover_impl.rs:280] verify segment (internal proof verification failed)
       Local constraints hit (2 unique):
         - MemoryWrite@mem.zir:100
           cycle=19504, step=2776, pc=0x00203818, major=5, minor=2
         - MemoryWrite@mem.zir:99
           cycle=19504, step=2776, pc=0x00203818, major=5, minor=2
       Global: memory permutation violated
         x17/a7: wrote 0x4cf6f5f8, expected 0xbce109f9 (cycle 39009)
  [492] ✓ MEM_VAL_MOD @ step 1397: 175 failures, 2948ms, outcome: REJECTED, exit: 101 [proof:GENERATED] G=memory
       r=0.000  T_new=0.00 F_new=1.00 F_rare=1.00 U=0 Q=0.00 Q_l=0.05 Q_g=0.19 dl=9 dg=10
       Value: 0xFE0614E3 -> 0x48C48DEC
       Transaction: other_mem_read (READ) at address 0x002184d4
       zkVM errors (3 lines):
         • [prover_impl.rs:280] verify segment (internal proof verification failed)
         • [ffi.cpp:113] address mismatch at cycle 18041: preflight=0x3fffc02c, actual=0x3fffc029
         • [kernels/cxx/ffi.cpp:208] SKIP THROW: memory peek not in preflight
       Local constraints hit (6 unique):
         - DecodeInst@inst.zir:29 (x170)
           cycle=18042, step=1398, pc=0x002184C0, major=5, minor=3
         - IsRead@mem.zir:79
           cycle=18041, step=1397, pc=0x002184BC, major=1, minor=6
         - IsRead@mem.zir:80
           cycle=18041, step=1397, pc=0x002184BC, major=1, minor=6
         - MemoryWrite@mem.zir:99
           cycle=18211, step=1567, pc=0x00202C04, major=2, minor=4
         - VerifyOpcodeF3@inst.zir:96
           cycle=18041, step=1397, pc=0x002184BC, major=1, minor=6
         - VerifyOpcodeF3@inst.zir:97
           cycle=18041, step=1397, pc=0x002184BC, major=1, minor=6
       Global: memory permutation violated (21 addrs: 3 register, 18 code)
         x0/zero: unexpected write 0x00000000 (cycle 36068)
         x9/s1: expected write missing, needed 0x00000018 (cycle 36079)
         x12/a2: wrote 0x00000019, expected 0x00000000 (cycle 36068)
         + 18 code addresses diverged (instruction fetch cascade)
  [493] ✓ LOAD_VAL_MOD @ step 1979: 2 failures, 2928ms, outcome: REJECTED, exit: 101 [proof:GENERATED] G=memory
       r=0.104  T_new=0.00 F_new=0.39 F_rare=0.61 U=0 Q=0.43 Q_l=0.51 Q_g=0.85 dl=2 dg=1
       Value: 0x00000043 -> 0x39EFAFA5
       Load destination: rd = x14 (a4)
       zkVM errors (1 lines):
         • [prover_impl.rs:280] verify segment (internal proof verification failed)
       Local constraints hit (2 unique):
         - MemoryWrite@mem.zir:100
           cycle=18628, step=1979, pc=0x002184C4, major=5, minor=3
         - MemoryWrite@mem.zir:99
           cycle=18628, step=1979, pc=0x002184C4, major=5, minor=3
       Global: memory permutation violated
         x14/a4: wrote 0x39efafa5, expected 0x00000043 (cycle 37257)
  [494] ✓ INSTR_WORD_MOD_FULL @ step 2936: 2 failures, 2918ms, outcome: REJECTED, exit: 101 [proof:GENERATED] G=memory
       r=0.046  T_new=0.00 F_new=0.99 F_rare=1.00 U=0 Q=0.10 Q_l=0.51 Q_g=0.19 dl=2 dg=10
       Value: 0x0580006F -> 0x0584006F
       Original: JAL x0, 88
       Mutated:  JAL x0, 262232
       zkVM errors (3 lines):
         • [prover_impl.rs:280] verify segment (internal proof verification failed)
         • [ffi.cpp:113] address mismatch at cycle 19664: preflight=0x3fffc020, actual=0x3fffc028
         • [kernels/cxx/ffi.cpp:208] SKIP THROW: memory peek not in preflight
       Local constraints hit (1 unique):
         - MemoryWrite@mem.zir:100 (x2)
           cycle=19667, step=2939, pc=0x0020545C, major=2, minor=6
       Global: memory permutation violated (11 addrs: 2 register, 9 code)
         x0/zero: unexpected write 0x00000000 (cycle 39318)
         x8/s0: expected write missing, needed 0x00000000 (cycle 39318)
         + 9 code addresses diverged (instruction fetch cascade)
  [495] ✓ MEM_VAL_MOD @ step 3905: 1 failures, 2960ms, outcome: REJECTED, exit: 101 [proof:GENERATED] G=memory
       r=0.183  T_new=0.00 F_new=0.78 F_rare=1.00 U=0 Q=0.43 Q_l=0.72 Q_g=0.61 dl=1 dg=3
       Value: 0xFFFF0240 -> 0xFFFF0244
       Transaction: store_rmw_read (READ) at address 0xffff0018
       zkVM errors (3 lines):
         • [prover_impl.rs:280] verify segment (internal proof verification failed)
         • [ffi.cpp:113] address mismatch at cycle 20855: preflight=0x3fffc090, actual=0x3fffc091
         • [kernels/cxx/ffi.cpp:208] SKIP THROW: memory peek not in preflight
       Local constraints hit (1 unique):
         - IsRead@mem.zir:79
           cycle=20855, step=3905, pc=0xC000009C, major=6, minor=2
       Global: memory permutation violated
         0xFFFF0018 (data): wrote 0xffff0244, expected 0xffff0240 (cycle 41710)
         0xFFFF0240 (data): unexpected write 0x00000000 (cycle 32214)
         0xFFFF0244 (data): unexpected write 0x7e54655d (cycle 41711)
  [496] ✓ PRE_EXEC_REG_MOD @ step 2856: 2 failures, 2983ms, outcome: REJECTED, exit: 101 [proof:GENERATED] G=memory
       r=0.131  T_new=0.00 F_new=0.78 F_rare=1.00 U=0 Q=0.31 Q_l=0.51 Q_g=0.61 dl=2 dg=3
       Value: 0x002001C0 -> 0x832205C0
       Register: x2 (sp), READ, strategy=next_read
       zkVM errors (3 lines):
         • [prover_impl.rs:280] verify segment (internal proof verification failed)
         • [ffi.cpp:113] address mismatch at cycle 19584: preflight=0x00080083, actual=0x20c88183
         • [kernels/cxx/ffi.cpp:208] SKIP THROW: memory peek not in preflight
       Local constraints hit (2 unique):
         - IsRead@mem.zir:79
           cycle=19584, step=2856, pc=0x00204AF4, major=6, minor=2
         - IsRead@mem.zir:80
           cycle=19584, step=2856, pc=0x00204AF4, major=6, minor=2
       Global: memory permutation violated
         0x0020020C (data): unexpected write 0x00000000 (cycle 4482)
         0x8322060C (data): expected write missing, needed 0x00000000 (cycle 4482)
         x2/sp: wrote 0x832205c0, expected 0x002001c0 (cycle 39168)
  [497] ✓ LOAD_VAL_MOD @ step 3848: 1 failures, 2923ms, outcome: REJECTED, exit: 101 [proof:GENERATED] G=memory
       r=0.140  T_new=0.00 F_new=0.39 F_rare=0.58 U=0 Q=0.61 Q_l=0.72 Q_g=0.85 dl=1 dg=1
       Value: 0x77F009AC -> 0x77F109AC
       Load destination: rd = x13 (a3)
       zkVM errors (1 lines):
         • [prover_impl.rs:280] verify segment (internal proof verification failed)
       Local constraints hit (1 unique):
         - MemoryWrite@mem.zir:100
           cycle=20798, step=3848, pc=0x00204D58, major=5, minor=2
       Global: memory permutation violated
         x13/a3: wrote 0x77f109ac, expected 0x77f009ac (cycle 41597)
  [498] ✓ PRE_EXEC_REG_MOD @ step 1788: 2 failures, 2931ms, outcome: REJECTED, exit: 101 [proof:GENERATED] G=memory
       r=0.107  T_new=0.00 F_new=0.39 F_rare=0.64 U=0 Q=0.43 Q_l=0.51 Q_g=0.85 dl=2 dg=1
       Value: 0x00205FD0 -> 0x4A82E2E8
       Register: x1 (ra), READ, strategy=next_read
       zkVM errors (1 lines):
         • [prover_impl.rs:280] verify segment (internal proof verification failed)
       Local constraints hit (2 unique):
         - IsRead@mem.zir:79
           cycle=18432, step=1788, pc=0x002184CC, major=0, minor=7
         - IsRead@mem.zir:80
           cycle=18432, step=1788, pc=0x002184CC, major=0, minor=7
       Global: memory permutation violated
         x1/ra: wrote 0x4a82e2e8, expected 0x00205fd0 (cycle 36864)
  [499] ✓ STORE_OUT_MOD @ step 2860: 2 failures, 2934ms, outcome: REJECTED, exit: 101 [proof:GENERATED] G=memory
       r=0.099  T_new=0.00 F_new=0.39 F_rare=0.57 U=0 Q=0.43 Q_l=0.51 Q_g=0.85 dl=2 dg=1
       Value: 0x00000000 -> 0x28023080
       Store address: 0x002001fc
       zkVM errors (1 lines):
         • [prover_impl.rs:280] verify segment (internal proof verification failed)
       Local constraints hit (2 unique):
         - MemoryWrite@mem.zir:100
           cycle=19588, step=2860, pc=0x00204B04, major=6, minor=2
         - MemoryWrite@mem.zir:99
           cycle=19588, step=2860, pc=0x00204B04, major=6, minor=2
       Global: memory permutation violated
         0x002001FC (data): wrote 0x28023080, expected 0x00000000 (cycle 39177)
  [500] ✓ INSTR_WORD_MOD_SUR @ step 2809: 0 failures, 3013ms, outcome: REJECTED, exit: 101 [proof:GENERATED] G=memory[GO]
       r=0.255  T_new=0.00 F_new=0.78 F_rare=1.00 U=0 Q=0.61 Q_l=1.00 Q_g=0.61 dl=0 dg=3
       Value: 0x04A12E23 -> 0x05712E23
       Surgical: rs2 = 10 -> 23
       Original: SW x10, 92(x2)
       Mutated:  SW x23, 92(x2)
       zkVM errors (3 lines):
         • [prover_impl.rs:280] verify segment (internal proof verification failed)
         • [ffi.cpp:113] address mismatch at cycle 19537: preflight=0x3fffc02a, actual=0x3fffc037
         • [kernels/cxx/ffi.cpp:208] SKIP THROW: memory peek not in preflight
       Global: memory permutation violated [GLOBAL-ONLY]
         x10/a0: unexpected write 0xe00067a1 (cycle 39067)
         x23/s7: expected write missing, needed 0xe00067a1 (cycle 39067)
         0x00203B50 (code): wrote 0x04a12e23, expected 0x05712e23 (cycle 11766)

============================================================
Campaign Summary
============================================================
Total mutations:     500
Successful (caused failures): 493
Skipped (no valid target):    0
Total failures:      1389
Unique constraints:  28
New coverage:        28
New touch:           2374
Distinct touched:    2374

Global Constraint Summary:
  Mutations with global violations: 471
  Global-only (no local failures):  51
  Local-only (no global violations):28
Execution time:      1478647ms

Outcome breakdown:
  REJECTED (mutation detected): 493
  CRASH (segfault, etc.):       7
  NO_EFFECT:                    0
  ACCEPTED (BUG!):              0 
  SKIPPED:                      0

Mutations by kind:
  COMP_OUT_MOD: 59
  INSTR_TYPE_MOD: 64
  INSTR_WORD_MOD_FULL: 59
  INSTR_WORD_MOD_SUR: 64
  LOAD_VAL_MOD: 64
  MEM_VAL_MOD: 58
  PRE_EXEC_REG_MOD: 65
  STORE_OUT_MOD: 67
[run_campaign_pos] campaign rc=0
[run_campaign_pos] EXIT trap firing, rc=0
