[run_campaign_pos] node=octorand  run_id=pos_audit_b1_kindUCB_zoned_v1_seed999_n200
[run_campaign_pos] params: strat=kindUCB_zoned_v1 seed=999 num=200 b_count=16
[run_campaign_pos] host_args: --in1 5 --in4 10
[run_campaign_pos] WORK=/root/a4_campaign REPO=/root/a4_campaign/repo HOST=/root/a4_campaign/bin/risc0-host
[run_campaign_pos] expected host sha: 6873e5887dd98a84885ebe0dfb88ae2b05b113810b76ca586d9a7a19805cc444
[run_campaign_pos] actual   host sha: 6873e5887dd98a84885ebe0dfb88ae2b05b113810b76ca586d9a7a19805cc444
[run_campaign_pos] python: /usr/bin/python3 (Python 3.13.5)
[run_campaign_pos] mapping strategy 'kindUCB_zoned_v1' -> selector 'kindUCB_zoned_v1'
[run_campaign_pos] command: /usr/bin/python3 -m a4.standalone.cli fuzz --host /root/a4_campaign/bin/risc0-host --selector kindUCB_zoned_v1 --num 200 --seed 999 --db /root/results_pos_audit_b1_kindUCB_zoned_v1_seed999_n200/pos_audit_b1_kindUCB_zoned_v1_seed999_n200.db --telemetry-level full -- --in1 5 --in4 10
A4 Standalone Fuzzer
============================================================
Running inspection on /root/a4_campaign/bin/risc0-host...
  Args: --in1 5 --in4 10
Inspection Data Summary:
  Total cycles: 32768
  Total steps: 3930
  Total transactions: 34724
    - Register transactions: 8780
    - Memory transactions: 25944
  Cycles by major category:
    MISC0: 1386
    MISC1: 442
    MISC2: 664
    MUL0: 100
    DIV0: 23
    MEM0 (load): 680
    MEM1 (store): 596
    CONTROL0: 9641
    ECALL0: 87
    POSEIDON0: 2486
    POSEIDON1: 16371
    SHA0: 292

Starting campaign 1
  Mutations: 200
  Kind: all
  Seed: 999


--- V2 BANDIT SETUP (kindUCB_zoned_v1) ---
  Baseline: 1599 bitmap buckets
--- V2 BANDIT READY (8 arms, budget 200) ---

  [1] ✓ LOAD_VAL_MOD @ step 935: 2 failures, 2838ms, outcome: REJECTED, exit: 101 [proof:GENERATED] [+2 new] [+1599 touch] G=memory
       r=0.200  T_new=0.00 F_new=0.78 F_rare=1.00 U=0 Q=0.43 Q_l=0.51 Q_g=0.85 dl=2 dg=1
       Value: 0x00000001 -> 0x80000000
       Load destination: rd = x8 (s0/fp)
       zkVM errors (1 lines):
         • [prover_impl.rs:280] verify segment (internal proof verification failed)
       Local constraints hit (2 unique):
         - MemoryWrite@mem.zir:100
           cycle=17568, step=935, pc=0x002031F0, major=5, minor=2
         - MemoryWrite@mem.zir:99
           cycle=17568, step=935, pc=0x002031F0, major=5, minor=2
       Global: memory permutation violated
         x8/s0: wrote 0x80000000, expected 0x00000001 (cycle 35137)
  [2] ✓ INSTR_WORD_MOD_SUR @ step 260: 1 failures, 2895ms, outcome: REJECTED, exit: 101 [proof:GENERATED] [+1 new] G=memory
       r=0.254  T_new=0.00 F_new=0.63 F_rare=1.00 U=0 Q=0.61 Q_l=0.72 Q_g=0.85 dl=1 dg=1
       Value: 0x00261313 -> 0x0026137D
       Surgical: opcode = 19 -> 125
       Original: SLLI x6, x12, 2
       Mutated:  UNKNOWN 0x0026137d
       zkVM errors (1 lines):
         • [prover_impl.rs:280] verify segment (internal proof verification failed)
       Local constraints hit (1 unique):
         - VerifyOpcodeF3F7@inst.zir:102
           cycle=16839, step=260, pc=0x00206134, major=3, minor=1
       Global: memory permutation violated
         0x00206130 (code): wrote 0x00261313, expected 0x0026137d (cycle 17866)
  [3] ✓ MEM_VAL_MOD @ step 2191: 4 failures, 2855ms, outcome: REJECTED, exit: 101 [proof:GENERATED] [+2 new] G=memory
       r=0.100  T_new=0.00 F_new=0.78 F_rare=1.00 U=0 Q=0.22 Q_l=0.26 Q_g=0.85 dl=4 dg=1
       Value: 0x00221488 -> 0x7D9510A7
       Transaction: load_mem_read (READ) at address 0x002001d4
       zkVM errors (1 lines):
         • [prover_impl.rs:280] verify segment (internal proof verification failed)
       Local constraints hit (4 unique):
         - IsRead@mem.zir:79
           cycle=18845, step=2191, pc=0x00206884, major=5, minor=2
         - IsRead@mem.zir:80
           cycle=18845, step=2191, pc=0x00206884, major=5, minor=2
         - MemoryWrite@mem.zir:100
           cycle=18845, step=2191, pc=0x00206884, major=5, minor=2
         - MemoryWrite@mem.zir:99
           cycle=18845, step=2191, pc=0x00206884, major=5, minor=2
       Global: memory permutation violated
         0x002001D4 (data): wrote 0x7d9510a7, expected 0x00221488 (cycle 37690)
  [4] ✓ INSTR_WORD_MOD_FULL @ step 3929: 2 failures, 2859ms, outcome: REJECTED, exit: 101 [proof:GENERATED] [+2 new] G=memory
       r=0.193  T_new=0.00 F_new=0.78 F_rare=1.00 U=0 Q=0.43 Q_l=0.51 Q_g=0.85 dl=2 dg=1
       Value: 0x00000073 -> 0x1DD6D7EF
       Original: ECALL x0, x0, 0
       Mutated:  JAL x15, 448988
       Format changed: I -> J
       zkVM errors (1 lines):
         • [prover_impl.rs:280] verify segment (internal proof verification failed)
       Local constraints hit (2 unique):
         - MachineECall@inst_ecall.zir:28
           cycle=20879, step=3929, pc=0xC00000F8, major=8, minor=0
         - MachineECall@inst_ecall.zir:29
           cycle=20879, step=3929, pc=0xC00000F8, major=8, minor=0
       Global: memory permutation violated
         0xC00000F8 (data): wrote 0x00000073, expected 0x1dd6d7ef (cycle 30062)
  [5] ✓ INSTR_TYPE_MOD @ step 2781: 4 failures, 2897ms, outcome: REJECTED, exit: 101 [proof:GENERATED] [+2 new] G=memory|cycle
       r=0.056  T_new=0.00 F_new=0.99 F_rare=1.00 U=0 Q=0.11 Q_l=0.26 Q_g=0.43 dl=4 dg=5
       Value: 0x00060002 -> 0x00040002
       Original: Sw [major=6, minor=2]
       Mutated:  SrlI [major=4, minor=2]
       zkVM errors (3 lines):
         • [prover_impl.rs:280] verify segment (internal proof verification failed)
         • [ffi.cpp:113] address mismatch at cycle 19509: preflight=0x00080096, actual=0x3fffc028
         • [kernels/cxx/ffi.cpp:208] SKIP THROW: memory peek not in preflight
       Local constraints hit (4 unique):
         - MemoryWrite@mem.zir:99
           cycle=19509, step=2781, pc=0x0020382C, major=4, minor=2
         - VerifyOpcodeF3F7@inst.zir:102
           cycle=19509, step=2781, pc=0x0020382C, major=4, minor=2
         - VerifyOpcodeF3F7@inst.zir:103
           cycle=19509, step=2781, pc=0x0020382C, major=4, minor=2
         - VerifyOpcodeF3F7@inst.zir:104
           cycle=19509, step=2781, pc=0x0020382C, major=4, minor=2
       Global: memory permutation violated
         0x00200258 (data): unexpected write 0x00000000 (cycle 4522)
         x8/s0: expected write missing, needed 0x00000000 (cycle 4522)
       Global: cycle lookup violated (3 indices broken)
         index 0: 2254 provides, 1 uses (imbalanced)
         index 34495: orphan use (1 entries, no matching provide)
         index 34496: 1 provides, 1 uses (imbalanced)
  [6] ✓ STORE_OUT_MOD @ step 3271: 1 failures, 2910ms, outcome: REJECTED, exit: 101 [proof:GENERATED] G=memory
       r=0.246  T_new=0.00 F_new=0.63 F_rare=1.00 U=0 Q=0.61 Q_l=0.72 Q_g=0.85 dl=1 dg=1
       Value: 0xB3FEEA77 -> 0xB3FFEA77
       Store address: 0x0022156c
       zkVM errors (1 lines):
         • [prover_impl.rs:280] verify segment (internal proof verification failed)
       Local constraints hit (1 unique):
         - MemoryWrite@mem.zir:100
           cycle=20073, step=3271, pc=0x0020342C, major=6, minor=2
       Global: memory permutation violated
         0x0022156C (code): wrote 0xb3ffea77, expected 0xb3feea77 (cycle 40147)
  [7] ✓ COMP_OUT_MOD @ step 2892: 2 failures, 2858ms, outcome: REJECTED, exit: 101 [proof:GENERATED] G=memory
       r=0.191  T_new=0.00 F_new=0.78 F_rare=1.00 U=0 Q=0.43 Q_l=0.51 Q_g=0.85 dl=2 dg=1
       Value: 0x00201388 -> 0x7FFEEEF3
       Destination: rd = x1 (ra)
       zkVM errors (1 lines):
         • [prover_impl.rs:280] verify segment (internal proof verification failed)
       Local constraints hit (2 unique):
         - MemoryWrite@mem.zir:100
           cycle=19620, step=2892, pc=0x0020538C, major=2, minor=6
         - MemoryWrite@mem.zir:99
           cycle=19620, step=2892, pc=0x0020538C, major=2, minor=6
       Global: memory permutation violated
         x1/ra: wrote 0x7ffeeef3, expected 0x00201388 (cycle 39241)
  [8] ✓ PRE_EXEC_REG_MOD @ step 2811: 4 failures, 2869ms, outcome: REJECTED, exit: 101 [proof:GENERATED] G=memory
       r=0.102  T_new=0.00 F_new=0.86 F_rare=1.00 U=0 Q=0.22 Q_l=0.26 Q_g=0.85 dl=4 dg=1
       Value: 0x17E32F5A -> 0xE89CD0A5
       Register: x12 (a2), READ, strategy=next_read
       zkVM errors (1 lines):
         • [prover_impl.rs:280] verify segment (internal proof verification failed)
       Local constraints hit (4 unique):
         - IsRead@mem.zir:79
           cycle=19539, step=2811, pc=0x00203B5C, major=6, minor=2
         - IsRead@mem.zir:80
           cycle=19539, step=2811, pc=0x00203B5C, major=6, minor=2
         - MemoryWrite@mem.zir:100
           cycle=19539, step=2811, pc=0x00203B5C, major=6, minor=2
         - MemoryWrite@mem.zir:99
           cycle=19539, step=2811, pc=0x00203B5C, major=6, minor=2
       Global: memory permutation violated
         x12/a2: wrote 0xe89cd0a5, expected 0x17e32f5a (cycle 39078)
  [9] ✓ INSTR_WORD_MOD_SUR @ step 3929: 1 failures, 2858ms, outcome: REJECTED, exit: 101 [proof:GENERATED] G=memory
       r=0.189  T_new=0.00 F_new=0.39 F_rare=0.85 U=0 Q=0.61 Q_l=0.72 Q_g=0.85 dl=1 dg=1
       Value: 0x00000073 -> 0x00002073
       Surgical: funct3 = 0 -> 2
       Original: ECALL x0, x0, 0
       Mutated:  SYSTEM.2 x0, x0, 0
       zkVM errors (1 lines):
         • [prover_impl.rs:280] verify segment (internal proof verification failed)
       Local constraints hit (1 unique):
         - MachineECall@inst_ecall.zir:29
           cycle=20879, step=3929, pc=0xC00000F8, major=8, minor=0
       Global: memory permutation violated
         0xC00000F8 (data): wrote 0x00000073, expected 0x00002073 (cycle 30062)
  [10] ✓ STORE_OUT_MOD @ step 2827: 2 failures, 2855ms, outcome: REJECTED, exit: 101 [proof:GENERATED] G=memory
       r=0.135  T_new=0.00 F_new=0.39 F_rare=0.85 U=0 Q=0.43 Q_l=0.51 Q_g=0.85 dl=2 dg=1
       Value: 0x00000000 -> 0x3020F69D
       Store address: 0x002002a4
       zkVM errors (1 lines):
         • [prover_impl.rs:280] verify segment (internal proof verification failed)
       Local constraints hit (2 unique):
         - MemoryWrite@mem.zir:100
           cycle=19555, step=2827, pc=0x00203B9C, major=6, minor=2
         - MemoryWrite@mem.zir:99
           cycle=19555, step=2827, pc=0x00203B9C, major=6, minor=2
       Global: memory permutation violated
         0x002002A4 (data): wrote 0x3020f69d, expected 0x00000000 (cycle 39111)
  [11] ✓ LOAD_VAL_MOD @ step 1489: 2 failures, 2841ms, outcome: REJECTED, exit: 101 [proof:GENERATED] G=memory
       r=0.189  T_new=0.00 F_new=0.78 F_rare=1.00 U=0 Q=0.43 Q_l=0.51 Q_g=0.85 dl=2 dg=1
       Value: 0x00000005 -> 0x80000000
       Load destination: rd = x13 (a3)
       zkVM errors (1 lines):
         • [prover_impl.rs:280] verify segment (internal proof verification failed)
       Local constraints hit (2 unique):
         - MemoryWrite@mem.zir:100
           cycle=18133, step=1489, pc=0x002184C0, major=5, minor=3
         - MemoryWrite@mem.zir:99
           cycle=18133, step=1489, pc=0x002184C0, major=5, minor=3
       Global: memory permutation violated
         x13/a3: wrote 0x80000000, expected 0x00000005 (cycle 36267)
  [12] ✓ INSTR_WORD_MOD_FULL @ step 3177: 1 failures, 2863ms, outcome: REJECTED, exit: 101 [proof:GENERATED] G=memory
       r=0.066  T_new=0.00 F_new=1.00 F_rare=1.00 U=0 Q=0.14 Q_l=0.72 Q_g=0.19 dl=1 dg=10
       Value: 0x00008067 -> 0x02008067
       Original: JALR x0, x1, 0
       Mutated:  JALR x0, x1, 32
       zkVM errors (3 lines):
         • [prover_impl.rs:280] verify segment (internal proof verification failed)
         • [ffi.cpp:113] address mismatch at cycle 19980: preflight=0x00081518, actual=0x00081520
         • [kernels/cxx/buffers.h:43] SKIP THROW: Inconsistent set
       Local constraints hit (1 unique):
         - MemoryWrite@mem.zir:99
           cycle=19987, step=3185, pc=0x00204B28, major=2, minor=4
       Global: memory permutation violated (17 addrs: 17 code)
         + 17 code addresses diverged (instruction fetch cascade)
  [13] ✓ COMP_OUT_MOD @ step 3370: 2 failures, 2920ms, outcome: REJECTED, exit: 101 [proof:GENERATED] G=memory
       r=0.174  T_new=0.00 F_new=0.63 F_rare=1.00 U=0 Q=0.43 Q_l=0.51 Q_g=0.85 dl=2 dg=1
       Value: 0x00204C3C -> 0xBFDBABC7
       Destination: rd = x1 (ra)
       zkVM errors (1 lines):
         • [prover_impl.rs:280] verify segment (internal proof verification failed)
       Local constraints hit (2 unique):
         - MemoryWrite@mem.zir:100
           cycle=20172, step=3370, pc=0x002052DC, major=2, minor=4
         - MemoryWrite@mem.zir:99
           cycle=20172, step=3370, pc=0x002052DC, major=2, minor=4
       Global: memory permutation violated
         x1/ra: wrote 0xbfdbabc7, expected 0x00204c3c (cycle 40345)
  [14] ✓ PRE_EXEC_REG_MOD @ step 2893: 4 failures, 2866ms, outcome: REJECTED, exit: 101 [proof:GENERATED] G=memory
       r=0.075  T_new=0.00 F_new=0.92 F_rare=1.00 U=0 Q=0.16 Q_l=0.26 Q_g=0.61 dl=4 dg=3
       Value: 0x00201388 -> 0x01000000
       Register: x1 (ra), READ, strategy=next_read
       zkVM errors (3 lines):
         • [prover_impl.rs:280] verify segment (internal proof verification failed)
         • [ffi.cpp:113] address mismatch at cycle 19622: preflight=0x000803bd, actual=0x003ffedb
         • [kernels/cxx/buffers.h:43] SKIP THROW: Inconsistent set
       Local constraints hit (4 unique):
         - IsRead@mem.zir:79
           cycle=19621, step=2893, pc=0x00200EF4, major=2, minor=4
         - IsRead@mem.zir:80
           cycle=19621, step=2893, pc=0x00200EF4, major=2, minor=4
         - MemoryWrite@mem.zir:100
           cycle=19622, step=2894, pc=0x00205390, major=2, minor=4
         - MemoryWrite@mem.zir:99
           cycle=19622, step=2894, pc=0x00205390, major=2, minor=4
       Global: memory permutation violated
         0x00FFFB6C (data): expected write missing, needed 0x00008067 (cycle 38194)
         x1/ra: wrote 0x01000000, expected 0x00201388 (cycle 39242)
         0x00200EF4 (code): unexpected write 0x00008067 (cycle 38194)
  [15] ✓ MEM_VAL_MOD @ step 381: 15 failures, 2906ms, outcome: REJECTED, exit: 101 [proof:GENERATED] [+3 new] G=memory
       r=0.002  T_new=0.00 F_new=1.00 F_rare=1.00 U=0 Q=0.00 Q_l=0.02 Q_g=0.19 dl=12 dg=10
       Value: 0x00008067 -> 0xFFFF7F98
       Transaction: other_mem_read (READ) at address 0x002061c0
       zkVM errors (3 lines):
         • [prover_impl.rs:280] verify segment (internal proof verification failed)
         • [ffi.cpp:113] address mismatch at cycle 16972: preflight=0x3fffc021, actual=0x3fffc03e
         • [kernels/cxx/ffi.cpp:208] SKIP THROW: memory peek not in preflight
       Local constraints hit (6 unique):
         - DecodeInst@inst.zir:29 (x10)
           cycle=16973, step=382, pc=0x002031BC, major=3, minor=1
         - IsRead@mem.zir:79
           cycle=16972, step=381, pc=0x002031B8, major=2, minor=4
         - IsRead@mem.zir:80
           cycle=16972, step=381, pc=0x002031B8, major=2, minor=4
         - MemoryWrite@mem.zir:99
           cycle=16982, step=391, pc=0x00200890, major=2, minor=4
         - VerifyOpcodeF3@inst.zir:96
           cycle=16972, step=381, pc=0x002031B8, major=2, minor=4
         - VerifyOpcodeF3@inst.zir:97
           cycle=16972, step=381, pc=0x002031B8, major=2, minor=4
       Global: memory permutation violated (18 addrs: 4 register, 13 code, 1 data)
         x0/zero: unexpected write 0x00000000 (cycle 33942)
         x1/ra: unexpected write 0x002031b8 (cycle 33847)
         x30/t5: expected write missing, needed 0x002031b8 (cycle 33847)
         + 13 code addresses diverged (instruction fetch cascade)
         + 2 more addresses
  [16] ✓ INSTR_WORD_MOD_SUR @ step 1064: 1 failures, 2852ms, outcome: REJECTED, exit: 101 [proof:GENERATED] G=memory
       r=0.242  T_new=0.00 F_new=0.63 F_rare=1.00 U=0 Q=0.61 Q_l=0.72 Q_g=0.85 dl=1 dg=1
       Value: 0x07660613 -> 0x0766063B
       Surgical: opcode = 19 -> 59
       Original: ADDI x12, x12, 118
       Mutated:  UNKNOWN 0x0766063b
       zkVM errors (1 lines):
         • [prover_impl.rs:280] verify segment (internal proof verification failed)
       Local constraints hit (1 unique):
         - VerifyOpcodeF3@inst.zir:96
           cycle=17703, step=1064, pc=0x00206330, major=0, minor=7
       Global: memory permutation violated
         0x0020632C (code): wrote 0x07660613, expected 0x0766063b (cycle 18186)
  [17] ✓ LOAD_VAL_MOD @ step 3183: 2 failures, 2862ms, outcome: REJECTED, exit: 101 [proof:GENERATED] G=memory
       r=0.127  T_new=0.00 F_new=0.39 F_rare=0.79 U=0 Q=0.43 Q_l=0.51 Q_g=0.85 dl=2 dg=1
       Value: 0x00000000 -> 0x92290D1A
       Load destination: rd = x19 (s3)
       zkVM errors (1 lines):
         • [prover_impl.rs:280] verify segment (internal proof verification failed)
       Local constraints hit (2 unique):
         - MemoryWrite@mem.zir:100
           cycle=19985, step=3183, pc=0x00205478, major=5, minor=2
         - MemoryWrite@mem.zir:99
           cycle=19985, step=3183, pc=0x00205478, major=5, minor=2
       Global: memory permutation violated
         x19/s3: wrote 0x92290d1a, expected 0x00000000 (cycle 39971)
  [18] ✓ STORE_OUT_MOD @ step 2336: 2 failures, 2867ms, outcome: REJECTED, exit: 101 [proof:GENERATED] G=memory
       r=0.188  T_new=0.00 F_new=0.78 F_rare=1.00 U=0 Q=0.43 Q_l=0.51 Q_g=0.85 dl=2 dg=1
       Value: 0x00000080 -> 0xFFFFFF7F
       Store address: 0x0020030c
       zkVM errors (1 lines):
         • [prover_impl.rs:280] verify segment (internal proof verification failed)
       Local constraints hit (2 unique):
         - MemoryWrite@mem.zir:100
           cycle=18990, step=2336, pc=0x00203218, major=6, minor=0
         - MemoryWrite@mem.zir:99
           cycle=18990, step=2336, pc=0x00203218, major=6, minor=0
       Global: memory permutation violated
         0x0020030C (data): wrote 0xffffff7f, expected 0x00000080 (cycle 37981)
  [19] ✓ INSTR_TYPE_MOD @ step 2729: 3 failures, 2845ms, outcome: REJECTED, exit: 101 [proof:GENERATED]
       r=0.113  T_new=0.00 F_new=0.39 F_rare=0.85 U=0 Q=0.37 Q_l=0.37 Q_g=1.00 dl=3 dg=0
       Value: 0x00050002 -> 0x00050003
       Original: Lw [major=5, minor=2]
       Mutated:  LbU [major=5, minor=3]
       zkVM errors (1 lines):
         • [prover_impl.rs:280] verify segment (internal proof verification failed)
       Local constraints hit (3 unique):
         - MemoryWrite@mem.zir:100
           cycle=19457, step=2729, pc=0x002016B0, major=5, minor=3
         - MemoryWrite@mem.zir:99
           cycle=19457, step=2729, pc=0x002016B0, major=5, minor=3
         - VerifyOpcodeF3@inst.zir:97
           cycle=19457, step=2729, pc=0x002016B0, major=5, minor=3
       Global: no permutation/lookup violations (local-only)
  [20] ✓ COMP_OUT_MOD @ step 2112: 2 failures, 2951ms, outcome: REJECTED, exit: 101 [proof:GENERATED] G=memory
       r=0.187  T_new=0.00 F_new=0.78 F_rare=1.00 U=0 Q=0.43 Q_l=0.51 Q_g=0.85 dl=2 dg=1
       Value: 0x0021AE5A -> 0x40F2CFEA
       Destination: rd = x9 (s1)
       zkVM errors (1 lines):
         • [prover_impl.rs:280] verify segment (internal proof verification failed)
       Local constraints hit (2 unique):
         - MemoryWrite@mem.zir:100
           cycle=18766, step=2112, pc=0x0020251C, major=0, minor=7
         - MemoryWrite@mem.zir:99
           cycle=18766, step=2112, pc=0x0020251C, major=0, minor=7
       Global: memory permutation violated
         x9/s1: wrote 0x40f2cfea, expected 0x0021ae5a (cycle 37533)
  [21] ✓ INSTR_WORD_MOD_SUR @ step 3689: 1 failures, 2905ms, outcome: REJECTED, exit: 101 [proof:GENERATED] G=memory
       r=0.241  T_new=0.00 F_new=0.63 F_rare=1.00 U=0 Q=0.61 Q_l=0.72 Q_g=0.85 dl=1 dg=1
       Value: 0x00167593 -> 0x001675AA
       Surgical: opcode = 19 -> 42
       Original: ANDI x11, x12, 1
       Mutated:  UNKNOWN 0x001675aa
       zkVM errors (1 lines):
         • [prover_impl.rs:280] verify segment (internal proof verification failed)
       Local constraints hit (1 unique):
         - VerifyOpcodeF3@inst.zir:96
           cycle=20565, step=3689, pc=0x00203604, major=1, minor=2
       Global: memory permutation violated
         0x00203600 (code): wrote 0x00167593, expected 0x001675aa (cycle 10922)
  [22] ✓ INSTR_WORD_MOD_SUR @ step 3929: 1 failures, 2834ms, outcome: REJECTED, exit: 101 [proof:GENERATED] G=memory
       r=0.185  T_new=0.00 F_new=0.39 F_rare=0.85 U=0 Q=0.61 Q_l=0.72 Q_g=0.85 dl=1 dg=1
       Value: 0x00000073 -> 0x00030073
       Surgical: rs1 = 0 -> 6
       Original: ECALL x0, x0, 0
       Mutated:  ECALL x0, x6, 0
       zkVM errors (1 lines):
         • [prover_impl.rs:280] verify segment (internal proof verification failed)
       Local constraints hit (1 unique):
         - MachineECall@inst_ecall.zir:28
           cycle=20879, step=3929, pc=0xC00000F8, major=8, minor=0
       Global: memory permutation violated
         0xC00000F8 (data): wrote 0x00000073, expected 0x00030073 (cycle 30062)
  [23] ✓ STORE_OUT_MOD @ step 3057: 2 failures, 2856ms, outcome: REJECTED, exit: 101 [proof:GENERATED] G=memory
       r=0.133  T_new=0.00 F_new=0.39 F_rare=0.85 U=0 Q=0.43 Q_l=0.51 Q_g=0.85 dl=2 dg=1
       Value: 0x00000000 -> 0xA19CBA54
       Store address: 0x00221568
       zkVM errors (1 lines):
         • [prover_impl.rs:280] verify segment (internal proof verification failed)
       Local constraints hit (2 unique):
         - MemoryWrite@mem.zir:100
           cycle=19785, step=3057, pc=0x00203220, major=6, minor=0
         - MemoryWrite@mem.zir:99
           cycle=19785, step=3057, pc=0x00203220, major=6, minor=0
       Global: memory permutation violated
         0x00221568 (code): wrote 0xa19cba54, expected 0x00000000 (cycle 39571)
  [24] ✓ INSTR_WORD_MOD_FULL @ step 2457: 3 failures, 2863ms, outcome: REJECTED, exit: 101 [proof:GENERATED] G=memory
       r=0.075  T_new=0.00 F_new=0.95 F_rare=1.00 U=0 Q=0.16 Q_l=0.37 Q_g=0.43 dl=3 dg=5
       Value: 0xFFF70713 -> 0x2038F8EF
       Original: ADDI x14, x14, -1
       Mutated:  JAL x17, 588290
       Format changed: I -> J
       zkVM errors (3 lines):
         • [prover_impl.rs:280] verify segment (internal proof verification failed)
         • [ffi.cpp:113] address mismatch at cycle 19111: preflight=0x3fffc02e, actual=0x3fffc031
         • [kernels/cxx/ffi.cpp:208] SKIP THROW: memory peek not in preflight
       Local constraints hit (3 unique):
         - MemoryWrite@mem.zir:99
           cycle=19111, step=2457, pc=0x00205E14, major=0, minor=7
         - VerifyOpcodeF3@inst.zir:96
           cycle=19111, step=2457, pc=0x00205E14, major=0, minor=7
         - VerifyOpcodeF3@inst.zir:97
           cycle=19111, step=2457, pc=0x00205E14, major=0, minor=7
       Global: memory permutation violated
         x3/gp: expected write missing, needed 0x00000000 (cycle 38214)
         x14/a4: unexpected write 0x00000001 (cycle 38219)
         x17/a7: expected write missing, needed 0x00000001 (cycle 38219)
         x31/t6: unexpected write 0x00000000 (cycle 38214)
         0x00205E10 (code): wrote 0xfff70713, expected 0x2038f8ef (cycle 37566)
  [25] ✓ COMP_OUT_MOD @ step 1933: 2 failures, 2896ms, outcome: REJECTED, exit: 101 [proof:GENERATED] G=memory
       r=0.133  T_new=0.00 F_new=0.39 F_rare=0.85 U=0 Q=0.43 Q_l=0.51 Q_g=0.85 dl=2 dg=1
       Value: 0x0000000D -> 0x687FD747
       Destination: rd = x12 (a2)
       zkVM errors (1 lines):
         • [prover_impl.rs:280] verify segment (internal proof verification failed)
       Local constraints hit (2 unique):
         - MemoryWrite@mem.zir:100
           cycle=18582, step=1933, pc=0x002184D0, major=0, minor=7
         - MemoryWrite@mem.zir:99
           cycle=18582, step=1933, pc=0x002184D0, major=0, minor=7
       Global: memory permutation violated
         x12/a2: wrote 0x687fd747, expected 0x0000000d (cycle 37165)
  [26] ✓ LOAD_VAL_MOD @ step 2642: 2 failures, 2875ms, outcome: REJECTED, exit: 101 [proof:GENERATED] G=memory
       r=0.122  T_new=0.00 F_new=0.39 F_rare=0.75 U=0 Q=0.43 Q_l=0.51 Q_g=0.85 dl=2 dg=1
       Value: 0x98EAEBAF -> 0x01000000
       Load destination: rd = x5 (t0)
       zkVM errors (1 lines):
         • [prover_impl.rs:280] verify segment (internal proof verification failed)
       Local constraints hit (2 unique):
         - MemoryWrite@mem.zir:100
           cycle=19370, step=2642, pc=0x00203428, major=5, minor=2
         - MemoryWrite@mem.zir:99
           cycle=19370, step=2642, pc=0x00203428, major=5, minor=2
       Global: memory permutation violated
         x5/t0: wrote 0x01000000, expected 0x98eaebaf (cycle 38741)
  [27] ✓ INSTR_WORD_MOD_SUR @ step 311: 1 failures, 2886ms, outcome: REJECTED, exit: 101 [proof:GENERATED] G=memory
       r=0.185  T_new=0.00 F_new=0.39 F_rare=0.85 U=0 Q=0.61 Q_l=0.72 Q_g=0.85 dl=1 dg=1
       Value: 0x01010113 -> 0x01017113
       Surgical: funct3 = 0 -> 7
       Original: ADDI x2, x2, 16
       Mutated:  ANDI x2, x2, 16
       zkVM errors (1 lines):
         • [prover_impl.rs:280] verify segment (internal proof verification failed)
       Local constraints hit (1 unique):
         - VerifyOpcodeF3@inst.zir:97
           cycle=16896, step=311, pc=0x002031F8, major=0, minor=7
       Global: memory permutation violated
         0x002031F4 (code): wrote 0x01010113, expected 0x01017113 (cycle 10258)
  [28] ✓ PRE_EXEC_REG_MOD @ step 3381: 4 failures, 3007ms, outcome: REJECTED, exit: 101 [proof:GENERATED] G=memory
       r=0.096  T_new=0.00 F_new=0.78 F_rare=1.00 U=0 Q=0.22 Q_l=0.26 Q_g=0.85 dl=4 dg=1
       Value: 0x00000020 -> 0x132A306A
       Register: x24 (s8), READ, strategy=next_read
       zkVM errors (1 lines):
         • [prover_impl.rs:280] verify segment (internal proof verification failed)
       Local constraints hit (4 unique):
         - IsRead@mem.zir:79
           cycle=20183, step=3381, pc=0x00204C60, major=0, minor=7
         - IsRead@mem.zir:80
           cycle=20183, step=3381, pc=0x00204C60, major=0, minor=7
         - MemoryWrite@mem.zir:100
           cycle=20183, step=3381, pc=0x00204C60, major=0, minor=7
         - MemoryWrite@mem.zir:99
           cycle=20183, step=3381, pc=0x00204C60, major=0, minor=7
       Global: memory permutation violated
         x24/s8: wrote 0x132a306a, expected 0x00000020 (cycle 40366)
  [29] ✓ INSTR_TYPE_MOD @ step 3769: 4 failures, 2851ms, outcome: REJECTED, exit: 101 [proof:GENERATED]
       r=0.118  T_new=0.00 F_new=0.86 F_rare=1.00 U=0 Q=0.26 Q_l=0.26 Q_g=1.00 dl=4 dg=0
       Value: 0x00000007 -> 0x00000004
       Original: AddI [major=0, minor=7]
       Mutated:  And [major=0, minor=4]
       zkVM errors (1 lines):
         • [prover_impl.rs:280] verify segment (internal proof verification failed)
       Local constraints hit (4 unique):
         - MemoryWrite@mem.zir:100
           cycle=20645, step=3769, pc=0x00205804, major=0, minor=4
         - MemoryWrite@mem.zir:99
           cycle=20645, step=3769, pc=0x00205804, major=0, minor=4
         - VerifyOpcodeF3F7@inst.zir:102
           cycle=20645, step=3769, pc=0x00205804, major=0, minor=4
         - VerifyOpcodeF3F7@inst.zir:103
           cycle=20645, step=3769, pc=0x00205804, major=0, minor=4
       Global: no permutation/lookup violations (local-only)
  [30] ✓ STORE_OUT_MOD @ step 956: 2 failures, 2863ms, outcome: REJECTED, exit: 101 [proof:GENERATED] G=memory
       r=0.125  T_new=0.00 F_new=0.39 F_rare=0.79 U=0 Q=0.43 Q_l=0.51 Q_g=0.85 dl=2 dg=1
       Value: 0x00000001 -> 0xFFFFFFFE
       Store address: 0x00200358
       zkVM errors (1 lines):
         • [prover_impl.rs:280] verify segment (internal proof verification failed)
       Local constraints hit (2 unique):
         - MemoryWrite@mem.zir:100
           cycle=17589, step=956, pc=0x00203194, major=6, minor=2
         - MemoryWrite@mem.zir:99
           cycle=17589, step=956, pc=0x00203194, major=6, minor=2
       Global: memory permutation violated
         0x00200358 (data): wrote 0xfffffffe, expected 0x00000001 (cycle 35179)
  [31] ✓ INSTR_WORD_MOD_SUR @ step 3626: 0 failures, 2875ms, outcome: REJECTED, exit: 101 [proof:GENERATED] G=memory[GO]
       r=0.260  T_new=0.00 F_new=0.78 F_rare=1.00 U=0 Q=0.61 Q_l=1.00 Q_g=0.61 dl=0 dg=3
       Value: 0x00221637 -> 0x00221437
       Surgical: rd = 12 -> 8
       Original: LUI x12, 0x221000
       Mutated:  LUI x8, 0x221000
       zkVM errors (3 lines):
         • [prover_impl.rs:280] verify segment (internal proof verification failed)
         • [ffi.cpp:113] address mismatch at cycle 20502: preflight=0x3fffc02c, actual=0x3fffc028
         • [kernels/cxx/ffi.cpp:208] SKIP THROW: memory peek not in preflight
       Global: memory permutation violated [GLOBAL-ONLY]
         x8/s0: expected write missing, needed 0xc0000001 (cycle 41002)
         x12/a2: unexpected write 0xc0000001 (cycle 41002)
         0x00205E30 (code): wrote 0x00221637, expected 0x00221437 (cycle 40594)
  [32] ✓ COMP_OUT_MOD @ step 3123: 2 failures, 2858ms, outcome: REJECTED, exit: 101 [proof:GENERATED] G=memory
       r=0.121  T_new=0.00 F_new=0.39 F_rare=0.75 U=0 Q=0.43 Q_l=0.51 Q_g=0.85 dl=2 dg=1
       Value: 0x00000001 -> 0xFFFFFFFF
       Destination: rd = x14 (a4)
       zkVM errors (1 lines):
         • [prover_impl.rs:280] verify segment (internal proof verification failed)
       Local constraints hit (2 unique):
         - MemoryWrite@mem.zir:100
           cycle=19851, step=3123, pc=0x002061DC, major=0, minor=7
         - MemoryWrite@mem.zir:99
           cycle=19851, step=3123, pc=0x002061DC, major=0, minor=7
       Global: memory permutation violated
         x14/a4: wrote 0xffffffff, expected 0x00000001 (cycle 39703)
  [33] ✓ INSTR_WORD_MOD_SUR @ step 3718: 1 failures, 2850ms, outcome: REJECTED, exit: 101 [proof:GENERATED] G=memory
       r=0.239  T_new=0.00 F_new=0.63 F_rare=1.00 U=0 Q=0.61 Q_l=0.72 Q_g=0.85 dl=1 dg=1
       Value: 0x0036F713 -> 0x00368713
       Surgical: funct3 = 7 -> 0
       Original: ANDI x14, x13, 3
       Mutated:  ADDI x14, x13, 3
       zkVM errors (1 lines):
         • [prover_impl.rs:280] verify segment (internal proof verification failed)
       Local constraints hit (1 unique):
         - VerifyOpcodeF3@inst.zir:97
           cycle=20594, step=3718, pc=0x00203244, major=1, minor=2
       Global: memory permutation violated
         0x00203240 (code): wrote 0x0036f713, expected 0x00368713 (cycle 39588)
  [34] ✓ LOAD_VAL_MOD @ step 1873: 2 failures, 2863ms, outcome: REJECTED, exit: 101 [proof:GENERATED] G=memory
       r=0.119  T_new=0.00 F_new=0.39 F_rare=0.72 U=0 Q=0.43 Q_l=0.51 Q_g=0.85 dl=2 dg=1
       Value: 0x00000000 -> 0x80102493
       Load destination: rd = x22 (s6)
       zkVM errors (1 lines):
         • [prover_impl.rs:280] verify segment (internal proof verification failed)
       Local constraints hit (2 unique):
         - MemoryWrite@mem.zir:100
           cycle=18522, step=1873, pc=0x002097D0, major=5, minor=2
         - MemoryWrite@mem.zir:99
           cycle=18522, step=1873, pc=0x002097D0, major=5, minor=2
       Global: memory permutation violated
         x22/s6: wrote 0x80102493, expected 0x00000000 (cycle 37045)
  [35] ✓ INSTR_WORD_MOD_SUR @ step 2864: 0 failures, 2896ms, outcome: REJECTED, exit: 101 [proof:GENERATED] G=memory[GO]
       r=0.260  T_new=0.00 F_new=0.78 F_rare=1.00 U=0 Q=0.61 Q_l=1.00 Q_g=0.61 dl=0 dg=3
       Value: 0x00068A13 -> 0x00068E13
       Surgical: rd = 20 -> 28
       Original: ADDI x20, x13, 0
       Mutated:  ADDI x28, x13, 0
       zkVM errors (3 lines):
         • [prover_impl.rs:280] verify segment (internal proof verification failed)
         • [ffi.cpp:113] address mismatch at cycle 19592: preflight=0x3fffc034, actual=0x3fffc03c
         • [kernels/cxx/ffi.cpp:208] SKIP THROW: memory peek not in preflight
       Global: memory permutation violated [GLOBAL-ONLY]
         x20/s4: unexpected write 0x00200308 (cycle 39162)
         x28/t3: expected write missing, needed 0x00200308 (cycle 39162)
         0x00204B10 (code): wrote 0x00068a13, expected 0x00068e13 (cycle 14302)
  [36] ✓ MEM_VAL_MOD @ step 826: 2 failures, 2907ms, outcome: REJECTED, exit: 101 [proof:GENERATED] G=memory
       r=0.186  T_new=0.00 F_new=0.78 F_rare=1.00 U=0 Q=0.43 Q_l=0.51 Q_g=0.85 dl=2 dg=1
       Value: 0x00000008 -> 0x00400000
       Transaction: other_mem_read (READ) at address 0xffff0048
       zkVM errors (1 lines):
         • [prover_impl.rs:280] verify segment (internal proof verification failed)
       Local constraints hit (2 unique):
         - IsRead@mem.zir:79
           cycle=17447, step=826, pc=0xC0000078, major=2, minor=0
         - IsRead@mem.zir:80
           cycle=17447, step=826, pc=0xC0000078, major=2, minor=0
       Global: memory permutation violated
         0xFFFF0048 (data): wrote 0x00400000, expected 0x00000008 (cycle 34894)
  [37] ✓ INSTR_WORD_MOD_SUR @ step 1648: 0 failures, 2856ms, outcome: REJECTED, exit: 101 [proof:GENERATED] G=memory[GO]
       r=0.259  T_new=0.00 F_new=0.78 F_rare=1.00 U=0 Q=0.61 Q_l=1.00 Q_g=0.61 dl=0 dg=3
       Value: 0x03712623 -> 0x0377A623
       Surgical: rs1 = 2 -> 15
       Original: SW x23, 44(x2)
       Mutated:  SW x23, 44(x15)
       zkVM errors (3 lines):
         • [prover_impl.rs:280] verify segment (internal proof verification failed)
         • [ffi.cpp:113] address mismatch at cycle 18292: preflight=0x3fffc022, actual=0x3fffc02f
         • [kernels/cxx/ffi.cpp:208] SKIP THROW: memory peek not in preflight
       Global: memory permutation violated [GLOBAL-ONLY]
         x2/sp: unexpected write 0x002000a0 (cycle 36582)
         x15/a5: expected write missing, needed 0x002000a0 (cycle 36582)
         0x0020AF00 (code): wrote 0x03712623, expected 0x0377a623 (cycle 22674)
  [38] ✓ INSTR_WORD_MOD_FULL @ step 3575: 0 failures, 2860ms, outcome: REJECTED, exit: 101 [proof:GENERATED] G=memory[GO]
       r=0.259  T_new=0.00 F_new=0.78 F_rare=1.00 U=0 Q=0.61 Q_l=1.00 Q_g=0.61 dl=0 dg=3
       Value: 0x02912A23 -> 0x02992A23
       Original: SW x9, 52(x2)
       Mutated:  SW x9, 52(x18)
       zkVM errors (3 lines):
         • [prover_impl.rs:280] verify segment (internal proof verification failed)
         • [ffi.cpp:113] address mismatch at cycle 20451: preflight=0x3fffc022, actual=0x3fffc032
         • [kernels/cxx/ffi.cpp:208] SKIP THROW: memory peek not in preflight
       Global: memory permutation violated [GLOBAL-ONLY]
         x2/sp: unexpected write 0x00200160 (cycle 40900)
         x18/s2: expected write missing, needed 0x00200160 (cycle 40900)
         0x0020561C (code): wrote 0x02912a23, expected 0x02992a23 (cycle 39344)
  [39] ✓ INSTR_WORD_MOD_FULL @ step 3398: 0 failures, 2847ms, outcome: REJECTED, exit: 101 [proof:GENERATED] G=memory[GO]
       r=0.259  T_new=0.00 F_new=0.78 F_rare=1.00 U=0 Q=0.61 Q_l=1.00 Q_g=0.61 dl=0 dg=3
       Value: 0x00872883 -> 0x02872883
       Original: LW x17, 8(x14)
       Mutated:  LW x17, 40(x14)
       zkVM errors (3 lines):
         • [prover_impl.rs:280] verify segment (internal proof verification failed)
         • [ffi.cpp:113] address mismatch at cycle 20200: preflight=0x000800a9, actual=0x000800b1
         • [kernels/cxx/ffi.cpp:208] SKIP THROW: memory peek not in preflight
       Global: memory permutation violated [GLOBAL-ONLY]
         0x002002A4 (data): unexpected write 0x00000000 (cycle 39111)
         0x002002C4 (data): expected write missing, needed 0x00000000 (cycle 39111)
         0x00203420 (code): wrote 0x00872883, expected 0x02872883 (cycle 40294)
  [40] ✓ INSTR_WORD_MOD_FULL @ step 3677: 17 failures, 2837ms, outcome: REJECTED, exit: 101 [proof:GENERATED] G=memory
       r=0.003  T_new=0.00 F_new=1.00 F_rare=1.00 U=0 Q=0.01 Q_l=0.04 Q_g=0.19 dl=10 dg=10
       Value: 0x00058E63 -> 0x923A7913
       Original: BEQ x11, x0, 28
       Mutated:  ANDI x18, x20, -1757
       Format changed: B -> I
       zkVM errors (3 lines):
         • [prover_impl.rs:280] verify segment (internal proof verification failed)
         • [ffi.cpp:113] address mismatch at cycle 20553: preflight=0x3fffc02b, actual=0x3fffc034
         • [kernels/cxx/ffi.cpp:208] SKIP THROW: memory peek not in preflight
       Local constraints hit (4 unique):
         - DecodeInst@inst.zir:29 (x14)
           cycle=20554, step=3678, pc=0x0020346C, major=1, minor=2
         - MemoryWrite@mem.zir:99
           cycle=20567, step=3691, pc=0x00205758, major=2, minor=4
         - VerifyOpcodeF3@inst.zir:96
           cycle=20553, step=3677, pc=0x00203468, major=1, minor=5
         - VerifyOpcodeF3@inst.zir:97
           cycle=20553, step=3677, pc=0x00203468, major=1, minor=5
       Global: memory permutation violated (33 addrs: 4 register, 29 code)
         x0/zero: unexpected write 0x00000000 (cycle 41054)
         x3/gp: expected write missing, needed 0x00000000 (cycle 41054)
         x11/a1: unexpected write 0x00000000 (cycle 41105)
         + 29 code addresses diverged (instruction fetch cascade)
         + 1 more addresses
  [41] ✓ INSTR_WORD_MOD_SUR @ step 3830: 1 failures, 2904ms, outcome: REJECTED, exit: 101 [proof:GENERATED] G=memory
       r=0.174  T_new=0.00 F_new=0.39 F_rare=0.79 U=0 Q=0.61 Q_l=0.72 Q_g=0.85 dl=1 dg=1
       Value: 0x00040513 -> 0x00046513
       Surgical: funct3 = 0 -> 6
       Original: ADDI x10, x8, 0
       Mutated:  ORI x10, x8, 0
       zkVM errors (1 lines):
         • [prover_impl.rs:280] verify segment (internal proof verification failed)
       Local constraints hit (1 unique):
         - VerifyOpcodeF3@inst.zir:97
           cycle=20780, step=3830, pc=0x00205464, major=0, minor=7
       Global: memory permutation violated
         0x00205460 (code): wrote 0x00040513, expected 0x00046513 (cycle 39960)
  [42] ✓ STORE_OUT_MOD @ step 2421: 2 failures, 2839ms, outcome: REJECTED, exit: 101 [proof:GENERATED] G=memory
       r=0.121  T_new=0.00 F_new=0.39 F_rare=0.75 U=0 Q=0.43 Q_l=0.51 Q_g=0.85 dl=2 dg=1
       Value: 0x00000001 -> 0xACCF5B64
       Store address: 0x002002f4
       zkVM errors (1 lines):
         • [prover_impl.rs:280] verify segment (internal proof verification failed)
       Local constraints hit (2 unique):
         - MemoryWrite@mem.zir:100
           cycle=19075, step=2421, pc=0x00205568, major=6, minor=2
         - MemoryWrite@mem.zir:99
           cycle=19075, step=2421, pc=0x00205568, major=6, minor=2
       Global: memory permutation violated
         0x002002F4 (data): wrote 0xaccf5b64, expected 0x00000001 (cycle 38151)
  [43] ✓ COMP_OUT_MOD @ step 2448: 2 failures, 2852ms, outcome: REJECTED, exit: 101 [proof:GENERATED] G=memory
       r=0.186  T_new=0.00 F_new=0.78 F_rare=1.00 U=0 Q=0.43 Q_l=0.51 Q_g=0.85 dl=2 dg=1
       Value: 0x00221000 -> 0xE290FF80
       Destination: rd = x12 (a2)
       zkVM errors (1 lines):
         • [prover_impl.rs:280] verify segment (internal proof verification failed)
       Local constraints hit (2 unique):
         - MemoryWrite@mem.zir:100
           cycle=19102, step=2448, pc=0x00205DF0, major=2, minor=5
         - MemoryWrite@mem.zir:99
           cycle=19102, step=2448, pc=0x00205DF0, major=2, minor=5
       Global: memory permutation violated
         x12/a2: wrote 0xe290ff80, expected 0x00221000 (cycle 38205)
  [44] ✓ INSTR_TYPE_MOD @ step 1945: 7 failures, 2963ms, outcome: REJECTED, exit: 101 [proof:GENERATED] [+3 new] G=memory|cycle
       r=0.020  T_new=0.00 F_new=0.99 F_rare=1.00 U=0 Q=0.04 Q_l=0.10 Q_g=0.43 dl=7 dg=5
       Value: 0x00010006 -> 0x00060002
       Original: Bne [major=1, minor=6]
       Mutated:  Sw [major=6, minor=2]
       zkVM errors (3 lines):
         • [prover_impl.rs:280] verify segment (internal proof verification failed)
         • [ffi.cpp:113] address mismatch at cycle 18594: preflight=0x3fffc060, actual=0x0000001b
         • [kernels/cxx/ffi.cpp:208] SKIP THROW: memory peek not in preflight
       Local constraints hit (7 unique):
         - AddrDecomposeBits@u32.zir:87
           cycle=18594, step=1945, pc=0x002184C8, major=6, minor=2
         - MemoryWrite@mem.zir:100
           cycle=18594, step=1945, pc=0x002184C8, major=6, minor=2
         - MemoryWrite@mem.zir:99
           cycle=18594, step=1945, pc=0x002184C8, major=6, minor=2
         - OpSW@inst_mem.zir:160
           cycle=18594, step=1945, pc=0x002184C8, major=6, minor=2
         - OpSW@inst_mem.zir:161
           cycle=18594, step=1945, pc=0x002184C8, major=6, minor=2
         - VerifyOpcodeF3@inst.zir:96
           cycle=18594, step=1945, pc=0x002184C8, major=6, minor=2
         - VerifyOpcodeF3@inst.zir:97
           cycle=18594, step=1945, pc=0x002184C8, major=6, minor=2
       Global: memory permutation violated
         0x0000006C (data): expected write missing, needed 0x00158593 (cycle 37176)
         0xFFFF0180 (data): unexpected write 0x00000000 (cycle 37183)
       Global: cycle lookup violated (3 indices broken)
         index 4: 253 provides, 1 uses (imbalanced)
         index 5: 348 provides, 1 uses (imbalanced)
         index 12: 190 provides, 1 uses (imbalanced)
  [45] ✓ MEM_VAL_MOD @ step 1222: 4 failures, 2844ms, outcome: REJECTED, exit: 101 [proof:GENERATED] G=memory
       r=0.067  T_new=0.00 F_new=0.39 F_rare=0.85 U=0 Q=0.22 Q_l=0.26 Q_g=0.85 dl=4 dg=1
       Value: 0x00200ED8 -> 0xBE951694
       Transaction: load_mem_read (READ) at address 0x002003dc
       zkVM errors (1 lines):
         • [prover_impl.rs:280] verify segment (internal proof verification failed)
       Local constraints hit (4 unique):
         - IsRead@mem.zir:79
           cycle=17866, step=1222, pc=0x0020B96C, major=5, minor=2
         - IsRead@mem.zir:80
           cycle=17866, step=1222, pc=0x0020B96C, major=5, minor=2
         - MemoryWrite@mem.zir:100
           cycle=17866, step=1222, pc=0x0020B96C, major=5, minor=2
         - MemoryWrite@mem.zir:99
           cycle=17866, step=1222, pc=0x0020B96C, major=5, minor=2
       Global: memory permutation violated
         0x002003DC (data): wrote 0xbe951694, expected 0x00200ed8 (cycle 35732)
  [46] ✓ PRE_EXEC_REG_MOD @ step 199: 3 failures, 2868ms, outcome: REJECTED, exit: 101 [proof:GENERATED] G=memory
       r=0.033  T_new=0.00 F_new=1.00 F_rare=1.00 U=0 Q=0.07 Q_l=0.37 Q_g=0.19 dl=3 dg=10
       Value: 0x00000000 -> 0x1C028438
       Register: x13 (a3), READ, strategy=next_read
       zkVM errors (3 lines):
         • [prover_impl.rs:280] verify segment (internal proof verification failed)
         • [ffi.cpp:113] address mismatch at cycle 16779: preflight=0x00082e2d, actual=0x00082e2a
         • [kernels/cxx/buffers.h:43] SKIP THROW: Inconsistent set
       Local constraints hit (3 unique):
         - IsRead@mem.zir:79
           cycle=16778, step=199, pc=0x0020B8B4, major=2, minor=1
         - IsRead@mem.zir:80
           cycle=16778, step=199, pc=0x0020B8B4, major=2, minor=1
         - MemoryWrite@mem.zir:99
           cycle=16799, step=220, pc=0x00200D0C, major=2, minor=4
       Global: memory permutation violated (25 addrs: 1 register, 24 code)
         x13/a3: wrote 0x1c028438, expected 0x00000000 (cycle 33556)
         + 24 code addresses diverged (instruction fetch cascade)
  [47] ✓ INSTR_WORD_MOD_SUR @ step 1421: 0 failures, 2866ms, outcome: REJECTED, exit: 101 [proof:GENERATED] G=memory[GO]
       r=0.285  T_new=0.00 F_new=0.39 F_rare=1.00 U=0 Q=0.85 Q_l=1.00 Q_g=0.85 dl=0 dg=1
       Value: 0x00E69E63 -> 0xB6E69E63
       Surgical: imm = 28 -> 4988
       Original: BNE x13, x14, 28
       Mutated:  BNE x13, x14, -3204
       zkVM errors (1 lines):
         • [prover_impl.rs:280] verify segment (internal proof verification failed)
       Global: memory permutation violated [GLOBAL-ONLY]
         0x002184C4 (code): wrote 0x00e69e63, expected 0xb6e69e63 (cycle 36116)
  [48] ✓ INSTR_WORD_MOD_SUR @ step 583: 1 failures, 2868ms, outcome: REJECTED, exit: 101 [proof:GENERATED] G=memory
       r=0.185  T_new=0.00 F_new=0.78 F_rare=1.00 U=0 Q=0.43 Q_l=0.72 Q_g=0.61 dl=1 dg=3
       Value: 0x00200293 -> 0x09400293
       Surgical: imm = 2 -> 148
       Original: ADDI x5, x0, 2
       Mutated:  ADDI x5, x0, 148
       zkVM errors (3 lines):
         • [prover_impl.rs:280] verify segment (internal proof verification failed)
         • [ffi.cpp:113] address mismatch at cycle 17186: preflight=0x3fffc022, actual=0x3fffc034
         • [kernels/cxx/ffi.cpp:208] SKIP THROW: memory peek not in preflight
       Local constraints hit (1 unique):
         - MemoryWrite@mem.zir:99
           cycle=17186, step=583, pc=0x00206154, major=0, minor=7
       Global: memory permutation violated
         x2/sp: unexpected write 0x00200350 (cycle 34368)
         x20/s4: expected write missing, needed 0x00200350 (cycle 34368)
         0x00206150 (code): wrote 0x00200293, expected 0x09400293 (cycle 34200)
  [49] ✓ LOAD_VAL_MOD @ step 1203: 2 failures, 2862ms, outcome: REJECTED, exit: 101 [proof:GENERATED] G=memory
       r=0.124  T_new=0.00 F_new=0.39 F_rare=0.79 U=0 Q=0.43 Q_l=0.51 Q_g=0.85 dl=2 dg=1
       Value: 0x00000001 -> 0xA74C2BA7
       Load destination: rd = x10 (a0)
       zkVM errors (1 lines):
         • [prover_impl.rs:280] verify segment (internal proof verification failed)
       Local constraints hit (2 unique):
         - MemoryWrite@mem.zir:100
           cycle=17847, step=1203, pc=0x00208CE0, major=5, minor=3
         - MemoryWrite@mem.zir:99
           cycle=17847, step=1203, pc=0x00208CE0, major=5, minor=3
       Global: memory permutation violated
         x10/a0: wrote 0xa74c2ba7, expected 0x00000001 (cycle 35695)
  [50] ✓ COMP_OUT_MOD @ step 871: 2 failures, 2881ms, outcome: REJECTED, exit: 101 [proof:GENERATED] G=memory
       r=0.118  T_new=0.00 F_new=0.39 F_rare=0.72 U=0 Q=0.43 Q_l=0.51 Q_g=0.85 dl=2 dg=1
       Value: 0x00000001 -> 0x00080000
       Destination: rd = x13 (a3)
       zkVM errors (1 lines):
         • [prover_impl.rs:280] verify segment (internal proof verification failed)
       Local constraints hit (2 unique):
         - MemoryWrite@mem.zir:100
           cycle=17498, step=871, pc=0x00200A1C, major=0, minor=7
         - MemoryWrite@mem.zir:99
           cycle=17498, step=871, pc=0x00200A1C, major=0, minor=7
       Global: memory permutation violated
         x13/a3: wrote 0x00080000, expected 0x00000001 (cycle 34997)
  [51] ✓ INSTR_WORD_MOD_SUR @ step 3807: 0 failures, 2864ms, outcome: REJECTED, exit: 101 [proof:GENERATED] G=memory[GO]
       r=0.259  T_new=0.00 F_new=0.78 F_rare=1.00 U=0 Q=0.61 Q_l=1.00 Q_g=0.61 dl=0 dg=3
       Value: 0x00008067 -> 0x00008A67
       Surgical: rd = 0 -> 20
       Original: JALR x0, x1, 0
       Mutated:  JALR x20, x1, 0
       zkVM errors (3 lines):
         • [prover_impl.rs:280] verify segment (internal proof verification failed)
         • [ffi.cpp:113] address mismatch at cycle 20757: preflight=0x3fffc040, actual=0x3fffc014
         • [kernels/cxx/ffi.cpp:208] SKIP THROW: memory peek not in preflight
       Global: memory permutation violated [GLOBAL-ONLY]
         0xC0000594 (data): wrote 0x00008067, expected 0x00008a67 (cycle 40870)
         0xFFFF0050 (data): expected write missing, needed 0x00000000 (cycle 41513)
         0xFFFF0100 (data): unexpected write 0x00000000 (cycle 41513)
  [52] ✓ INSTR_WORD_MOD_SUR @ step 3534: 1 failures, 2856ms, outcome: REJECTED, exit: 101 [proof:GENERATED] G=memory
       r=0.183  T_new=0.00 F_new=0.39 F_rare=0.85 U=0 Q=0.61 Q_l=0.72 Q_g=0.85 dl=1 dg=1
       Value: 0x00251513 -> 0x0025156F
       Surgical: opcode = 19 -> 111
       Original: SLLI x10, x10, 2
       Mutated:  JAL x10, 331778
       zkVM errors (1 lines):
         • [prover_impl.rs:280] verify segment (internal proof verification failed)
       Local constraints hit (1 unique):
         - VerifyOpcodeF3F7@inst.zir:102
           cycle=20336, step=3534, pc=0xC000007C, major=3, minor=1
       Global: memory permutation violated
         0xC0000078 (data): wrote 0x00251513, expected 0x0025156f (cycle 39716)
  [53] ✓ STORE_OUT_MOD @ step 3271: 2 failures, 2871ms, outcome: REJECTED, exit: 101 [proof:GENERATED] G=memory
       r=0.116  T_new=0.00 F_new=0.39 F_rare=0.70 U=0 Q=0.43 Q_l=0.51 Q_g=0.85 dl=2 dg=1
       Value: 0xB3FEEA77 -> 0x7706FF54
       Store address: 0x0022156c
       zkVM errors (1 lines):
         • [prover_impl.rs:280] verify segment (internal proof verification failed)
       Local constraints hit (2 unique):
         - MemoryWrite@mem.zir:100
           cycle=20073, step=3271, pc=0x0020342C, major=6, minor=2
         - MemoryWrite@mem.zir:99
           cycle=20073, step=3271, pc=0x0020342C, major=6, minor=2
       Global: memory permutation violated
         0x0022156C (code): wrote 0x7706ff54, expected 0xb3feea77 (cycle 40147)
  [54] ✓ INSTR_WORD_MOD_SUR @ step 932: 0 failures, 2854ms, outcome: REJECTED, exit: 101 [proof:GENERATED] G=memory[GO]
       r=0.258  T_new=0.00 F_new=0.78 F_rare=1.00 U=0 Q=0.61 Q_l=1.00 Q_g=0.61 dl=0 dg=3
       Value: 0x00758513 -> 0x00758413
       Surgical: rd = 10 -> 8
       Original: ADDI x10, x11, 7
       Mutated:  ADDI x8, x11, 7
       zkVM errors (3 lines):
         • [prover_impl.rs:280] verify segment (internal proof verification failed)
         • [ffi.cpp:113] address mismatch at cycle 17565: preflight=0x3fffc02a, actual=0x3fffc028
         • [kernels/cxx/ffi.cpp:208] SKIP THROW: memory peek not in preflight
       Global: memory permutation violated [GLOBAL-ONLY]
         x8/s0: expected write missing, needed 0x00000004 (cycle 35128)
         x10/a0: unexpected write 0x00000004 (cycle 35128)
         0x002031E0 (code): wrote 0x00758513, expected 0x00758413 (cycle 34962)
  [55] ✓ INSTR_WORD_MOD_SUR @ step 2525: 1 failures, 2863ms, outcome: REJECTED, exit: 101 [proof:GENERATED] G=memory
       r=0.183  T_new=0.00 F_new=0.39 F_rare=0.85 U=0 Q=0.61 Q_l=0.72 Q_g=0.85 dl=1 dg=1
       Value: 0x01E54603 -> 0x01E57603
       Surgical: funct3 = 4 -> 7
       Original: LBU x12, 30(x10)
       Mutated:  LOAD.7 x12, 30(x10)
       zkVM errors (1 lines):
         • [prover_impl.rs:280] verify segment (internal proof verification failed)
       Local constraints hit (1 unique):
         - VerifyOpcodeF3@inst.zir:97
           cycle=19253, step=2525, pc=0x00201460, major=5, minor=3
       Global: memory permutation violated
         0x0020145C (code): wrote 0x01e54603, expected 0x01e57603 (cycle 6778)
  [56] ✓ LOAD_VAL_MOD @ step 1223: 1 failures, 2859ms, outcome: REJECTED, exit: 101 [proof:GENERATED] G=memory
       r=0.159  T_new=0.00 F_new=0.39 F_rare=0.69 U=0 Q=0.61 Q_l=0.72 Q_g=0.85 dl=1 dg=1
       Value: 0x00000000 -> 0xFFFF0000
       Load destination: rd = x8 (s0/fp)
       zkVM errors (1 lines):
         • [prover_impl.rs:280] verify segment (internal proof verification failed)
       Local constraints hit (1 unique):
         - MemoryWrite@mem.zir:100
           cycle=17867, step=1223, pc=0x0020B970, major=5, minor=2
       Global: memory permutation violated
         x8/s0: wrote 0xffff0000, expected 0x00000000 (cycle 35735)
  [57] ✓ COMP_OUT_MOD @ step 3720: 2 failures, 2852ms, outcome: REJECTED, exit: 101 [proof:GENERATED] G=memory
       r=0.185  T_new=0.00 F_new=0.78 F_rare=1.00 U=0 Q=0.43 Q_l=0.51 Q_g=0.85 dl=2 dg=1
       Value: 0x0000001C -> 0xAE0B4226
       Destination: rd = x12 (a2)
       zkVM errors (1 lines):
         • [prover_impl.rs:280] verify segment (internal proof verification failed)
       Local constraints hit (2 unique):
         - MemoryWrite@mem.zir:100
           cycle=20596, step=3720, pc=0x0020324C, major=0, minor=1
         - MemoryWrite@mem.zir:99
           cycle=20596, step=3720, pc=0x0020324C, major=0, minor=1
       Global: memory permutation violated
         x12/a2: wrote 0xae0b4226, expected 0x0000001c (cycle 41193)
  [58] ✓ INSTR_WORD_MOD_FULL @ step 1810: 4 failures, 2870ms, outcome: REJECTED, exit: 101 [proof:GENERATED] G=memory
       r=0.045  T_new=0.00 F_new=0.95 F_rare=1.00 U=0 Q=0.10 Q_l=0.26 Q_g=0.37 dl=4 dg=6
       Value: 0xFFF60613 -> 0x8084E0EF
       Original: ADDI x12, x12, -1
       Mutated:  JAL x1, -729080
       Format changed: I -> J
       zkVM errors (3 lines):
         • [prover_impl.rs:280] verify segment (internal proof verification failed)
         • [ffi.cpp:113] address mismatch at cycle 18454: preflight=0x3fffc02c, actual=0x3fffc029
         • [kernels/cxx/ffi.cpp:208] SKIP THROW: memory peek not in preflight
       Local constraints hit (4 unique):
         - MemoryWrite@mem.zir:100
           cycle=18454, step=1810, pc=0x002184D0, major=0, minor=7
         - MemoryWrite@mem.zir:99
           cycle=18454, step=1810, pc=0x002184D0, major=0, minor=7
         - VerifyOpcodeF3@inst.zir:96
           cycle=18454, step=1810, pc=0x002184D0, major=0, minor=7
         - VerifyOpcodeF3@inst.zir:97
           cycle=18454, step=1810, pc=0x002184D0, major=0, minor=7
       Global: memory permutation violated
         x1/ra: expected write missing, needed 0x00000003 (cycle 36908)
         x8/s0: expected write missing, needed 0x00000000 (cycle 36894)
         x9/s1: expected write missing, needed 0x00000003 (cycle 36898)
         x12/a2: unexpected write 0x00000003 (cycle 36898)
         x31/t6: unexpected write 0x00000000 (cycle 36894)
         0x002184CC (code): wrote 0xfff60613, expected 0x8084e0ef (cycle 36894)
  [59] ✓ INSTR_WORD_MOD_SUR @ step 696: 0 failures, 2842ms, outcome: REJECTED, exit: 101 [proof:GENERATED] G=memory[GO]
       r=0.258  T_new=0.00 F_new=0.78 F_rare=1.00 U=0 Q=0.61 Q_l=1.00 Q_g=0.61 dl=0 dg=3
       Value: 0x00249493 -> 0x00249C93
       Surgical: rd = 9 -> 25
       Original: SLLI x9, x9, 2
       Mutated:  SLLI x25, x9, 2
       zkVM errors (3 lines):
         • [prover_impl.rs:280] verify segment (internal proof verification failed)
         • [ffi.cpp:113] address mismatch at cycle 17311: preflight=0x3fffc029, actual=0x3fffc039
         • [kernels/cxx/ffi.cpp:208] SKIP THROW: memory peek not in preflight
       Global: memory permutation violated [GLOBAL-ONLY]
         x9/s1: unexpected write 0x00000001 (cycle 34622)
         x25/s9: expected write missing, needed 0x00000001 (cycle 34622)
         0x002031B8 (code): wrote 0x00249493, expected 0x00249c93 (cycle 34454)
  [60] ✓ INSTR_WORD_MOD_SUR @ step 3447: 1 failures, 2865ms, outcome: REJECTED, exit: 101 [proof:GENERATED] [+1 new] G=memory
       r=0.237  T_new=0.00 F_new=0.63 F_rare=1.00 U=0 Q=0.61 Q_l=0.72 Q_g=0.85 dl=1 dg=1
       Value: 0x00000097 -> 0x00000083
       Surgical: opcode = 23 -> 3
       Original: AUIPC x1, 0x0
       Mutated:  LB x1, 0(x0)
       zkVM errors (1 lines):
         • [prover_impl.rs:280] verify segment (internal proof verification failed)
       Local constraints hit (1 unique):
         - VerifyOpcode@inst.zir:91
           cycle=20249, step=3447, pc=0x00204D28, major=2, minor=6
       Global: memory permutation violated
         0x00204D24 (code): wrote 0x00000097, expected 0x00000083 (cycle 14646)
  [61] ✓ INSTR_WORD_MOD_SUR @ step 2901: 0 failures, 2913ms, outcome: REJECTED, exit: 101 [proof:GENERATED] G=memory[GO]
       r=0.258  T_new=0.00 F_new=0.78 F_rare=1.00 U=0 Q=0.61 Q_l=1.00 Q_g=0.61 dl=0 dg=3
       Value: 0x00400693 -> 0x00400093
       Surgical: rd = 13 -> 1
       Original: ADDI x13, x0, 4
       Mutated:  ADDI x1, x0, 4
       zkVM errors (3 lines):
         • [prover_impl.rs:280] verify segment (internal proof verification failed)
         • [ffi.cpp:113] address mismatch at cycle 19629: preflight=0x3fffc02d, actual=0x3fffc021
         • [kernels/cxx/ffi.cpp:208] SKIP THROW: memory peek not in preflight
       Global: memory permutation violated [GLOBAL-ONLY]
         x1/ra: expected write missing, needed 0x7ffffffc (cycle 39230)
         x13/a3: unexpected write 0x7ffffffc (cycle 39230)
         0x00205DF4 (code): wrote 0x00400693, expected 0x00400093 (cycle 38208)
  [62] ✓ STORE_OUT_MOD @ step 32: 2 failures, 2875ms, outcome: REJECTED, exit: 101 [proof:GENERATED] G=memory
       r=0.114  T_new=0.00 F_new=0.39 F_rare=0.69 U=0 Q=0.43 Q_l=0.51 Q_g=0.85 dl=2 dg=1
       Value: 0x00221488 -> 0x00442910
       Store address: 0x002213f8
       zkVM errors (1 lines):
         • [prover_impl.rs:280] verify segment (internal proof verification failed)
       Local constraints hit (2 unique):
         - MemoryWrite@mem.zir:100
           cycle=16605, step=32, pc=0x00203F6C, major=6, minor=2
         - MemoryWrite@mem.zir:99
           cycle=16605, step=32, pc=0x00203F6C, major=6, minor=2
       Global: memory permutation violated
         0x002213F8 (code): wrote 0x00442910, expected 0x00221488 (cycle 33211)
  [63] ✓ INSTR_WORD_MOD_SUR @ step 3496: 1 failures, 2878ms, outcome: REJECTED, exit: 101 [proof:GENERATED] G=memory
       r=0.182  T_new=0.00 F_new=0.39 F_rare=0.85 U=0 Q=0.61 Q_l=0.72 Q_g=0.85 dl=1 dg=1
       Value: 0x3EA62E23 -> 0x3EA62E17
       Surgical: opcode = 35 -> 23
       Original: SW x10, 1020(x12)
       Mutated:  AUIPC x28, 0x3ea62000
       zkVM errors (1 lines):
         • [prover_impl.rs:280] verify segment (internal proof verification failed)
       Local constraints hit (1 unique):
         - VerifyOpcodeF3@inst.zir:96
           cycle=20298, step=3496, pc=0x00205E38, major=6, minor=2
       Global: memory permutation violated
         0x00205E34 (code): wrote 0x3ea62e23, expected 0x3ea62e17 (cycle 40070)
  [64] ✓ MEM_VAL_MOD @ step 0: 2 failures, 2867ms, outcome: REJECTED, exit: 101 [proof:GENERATED] G=memory
       r=0.131  T_new=0.00 F_new=0.39 F_rare=0.85 U=0 Q=0.43 Q_l=0.51 Q_g=0.85 dl=2 dg=1
       Value: 0x00011000 -> 0xDFECEFBF
       Transaction: other_mem_write (WRITE) at address 0xffff000c
       zkVM errors (1 lines):
         • [prover_impl.rs:280] verify segment (internal proof verification failed)
       Local constraints hit (2 unique):
         - MemoryWrite@mem.zir:100
           cycle=16573, step=0, pc=0xC0000004, major=2, minor=6
         - MemoryWrite@mem.zir:99
           cycle=16573, step=0, pc=0xC0000004, major=2, minor=6
       Global: memory permutation violated
         0xFFFF000C (data): wrote 0xdfecefbf, expected 0x00011000 (cycle 33147)
  [65] ✓ COMP_OUT_MOD @ step 2329: 2 failures, 2849ms, outcome: REJECTED, exit: 101 [proof:GENERATED] G=memory
       r=0.124  T_new=0.00 F_new=0.39 F_rare=0.79 U=0 Q=0.43 Q_l=0.51 Q_g=0.85 dl=2 dg=1
       Value: 0x00201304 -> 0x00040000
       Destination: rd = x1 (ra)
       zkVM errors (1 lines):
         • [prover_impl.rs:280] verify segment (internal proof verification failed)
       Local constraints hit (2 unique):
         - MemoryWrite@mem.zir:100
           cycle=18983, step=2329, pc=0x002031FC, major=2, minor=4
         - MemoryWrite@mem.zir:99
           cycle=18983, step=2329, pc=0x002031FC, major=2, minor=4
       Global: memory permutation violated
         x1/ra: wrote 0x00040000, expected 0x00201304 (cycle 37967)
  [66] ✓ LOAD_VAL_MOD @ step 2728: 2 failures, 2832ms, outcome: REJECTED, exit: 101 [proof:GENERATED] G=memory
       r=0.114  T_new=0.00 F_new=0.39 F_rare=0.69 U=0 Q=0.43 Q_l=0.51 Q_g=0.85 dl=2 dg=1
       Value: 0x17E32F5A -> 0x0000FFFF
       Load destination: rd = x6 (t1)
       zkVM errors (1 lines):
         • [prover_impl.rs:280] verify segment (internal proof verification failed)
       Local constraints hit (2 unique):
         - MemoryWrite@mem.zir:100
           cycle=19456, step=2728, pc=0x002016AC, major=5, minor=2
         - MemoryWrite@mem.zir:99
           cycle=19456, step=2728, pc=0x002016AC, major=5, minor=2
       Global: memory permutation violated
         x6/t1: wrote 0x0000ffff, expected 0x17e32f5a (cycle 38913)
  [67] ✓ INSTR_WORD_MOD_SUR @ step 3929: 2 failures, 2874ms, outcome: REJECTED, exit: 101 [proof:GENERATED] G=memory
       r=0.124  T_new=0.00 F_new=0.39 F_rare=0.79 U=0 Q=0.43 Q_l=0.51 Q_g=0.85 dl=2 dg=1
       Value: 0x00000073 -> 0x00088073
       Surgical: rs1 = 0 -> 17
       Original: ECALL x0, x0, 0
       Mutated:  ECALL x0, x17, 0
       zkVM errors (1 lines):
         • [prover_impl.rs:280] verify segment (internal proof verification failed)
       Local constraints hit (2 unique):
         - MachineECall@inst_ecall.zir:28
           cycle=20879, step=3929, pc=0xC00000F8, major=8, minor=0
         - MachineECall@inst_ecall.zir:29
           cycle=20879, step=3929, pc=0xC00000F8, major=8, minor=0
       Global: memory permutation violated
         0xC00000F8 (data): wrote 0x00000073, expected 0x00088073 (cycle 30062)
  [68] ✓ INSTR_TYPE_MOD @ step 0: 5 failures, 2928ms, outcome: REJECTED, exit: 101 [proof:GENERATED] [+5 new] [+35 touch] G=memory|cycle
       r=0.077  T_new=0.63 F_new=0.98 F_rare=1.00 U=0 Q=0.11 Q_l=0.19 Q_g=0.61 dl=5 dg=3
       Value: 0x00020006 -> 0x0002000D
       Original: Auipc [major=2, minor=6]
       Mutated:  MulHU [major=2, minor=13] ⚠INVALID
       zkVM errors (3 lines):
         • [prover_impl.rs:280] verify segment (internal proof verification failed)
         • [ffi.cpp:113] address mismatch at cycle 0: preflight=0x44000000, actual=0x00000000
         • [kernels/cxx/ffi.cpp:208] SKIP THROW: memory peek not in preflight
       Local constraints hit (5 unique):
         - AddrDecompose@u32.zir:67
           cycle=0, step=0, pc=0x00000000, major=2, minor=13
         - ControlLoadRootAndNonce@inst_control.zir:23
           cycle=1, step=0, pc=0x00000000, major=7, minor=0
         - MiscInput@inst_misc.zir:7
           cycle=0, step=0, pc=0x00000000, major=2, minor=13
         - OneHot@one_hot.zir:11
           cycle=0, step=0, pc=0x00000000, major=2, minor=13
         - OneHot@one_hot.zir:9
           cycle=0, step=0, pc=0x00000000, major=2, minor=13
       Global: memory permutation violated
         0xFFFF0100 (data): expected write missing, needed 0x00000000 (cycle 0)
       Global: cycle lookup violated (2 indices broken)
         index 0: 2256 provides, 1 uses (imbalanced)
         index 2013265920: orphan provide (2 entries, no matching use)
  [69] ✓ PRE_EXEC_REG_MOD @ step 3288: 2 failures, 2847ms, outcome: REJECTED, exit: 101 [proof:GENERATED] G=memory
       r=0.131  T_new=0.00 F_new=0.39 F_rare=0.85 U=0 Q=0.43 Q_l=0.51 Q_g=0.85 dl=2 dg=1
       Value: 0x9A008748 -> 0xBFB2638F
       Register: x16 (a6), READ, strategy=next_read
       zkVM errors (1 lines):
         • [prover_impl.rs:280] verify segment (internal proof verification failed)
       Local constraints hit (2 unique):
         - IsRead@mem.zir:79
           cycle=20090, step=3288, pc=0x00203440, major=0, minor=7
         - IsRead@mem.zir:80
           cycle=20090, step=3288, pc=0x00203440, major=0, minor=7
       Global: memory permutation violated
         x16/a6: wrote 0xbfb2638f, expected 0x9a008748 (cycle 40180)
  [70] ✓ INSTR_WORD_MOD_SUR @ step 1365: 1 failures, 2862ms, outcome: REJECTED, exit: 101 [proof:GENERATED] G=memory
       r=0.237  T_new=0.00 F_new=0.63 F_rare=1.00 U=0 Q=0.61 Q_l=0.72 Q_g=0.85 dl=1 dg=1
       Value: 0x00E69E63 -> 0x00E69E67
       Surgical: opcode = 99 -> 103
       Original: BNE x13, x14, 28
       Mutated:  JALR x28, x13, 14
       zkVM errors (1 lines):
         • [prover_impl.rs:280] verify segment (internal proof verification failed)
       Local constraints hit (1 unique):
         - VerifyOpcodeF3@inst.zir:96
           cycle=18009, step=1365, pc=0x002184C8, major=1, minor=6
       Global: memory permutation violated
         0x002184C4 (code): wrote 0x00e69e63, expected 0x00e69e67 (cycle 36004)
  [71] ✓ INSTR_WORD_MOD_SUR @ step 1400: 0 failures, 2876ms, outcome: REJECTED, exit: 101 [proof:GENERATED] G=memory[GO]
       r=0.258  T_new=0.00 F_new=0.78 F_rare=1.00 U=0 Q=0.61 Q_l=1.00 Q_g=0.61 dl=0 dg=3
       Value: 0x00E69E63 -> 0x00EC1E63
       Surgical: rs1 = 13 -> 24
       Original: BNE x13, x14, 28
       Mutated:  BNE x24, x14, 28
       zkVM errors (3 lines):
         • [prover_impl.rs:280] verify segment (internal proof verification failed)
         • [ffi.cpp:113] address mismatch at cycle 18044: preflight=0x3fffc02d, actual=0x3fffc038
         • [kernels/cxx/ffi.cpp:208] SKIP THROW: memory peek not in preflight
       Global: memory permutation violated [GLOBAL-ONLY]
         x13/a3: unexpected write 0x0000003c (cycle 36085)
         x24/s8: expected write missing, needed 0x0000003c (cycle 36085)
         0x002184C4 (code): wrote 0x00e69e63, expected 0x00ec1e63 (cycle 36074)
  [72] ✓ INSTR_WORD_MOD_SUR @ step 926: 0 failures, 2854ms, outcome: REJECTED, exit: 101 [proof:GENERATED] G=memory[GO]
       r=0.283  T_new=0.00 F_new=0.39 F_rare=1.00 U=0 Q=0.85 Q_l=1.00 Q_g=0.85 dl=0 dg=1
       Value: 0xF8031EE3 -> 0x5C031AE3
       Surgical: imm = -100 -> 3540
       Original: BNE x6, x0, -100
       Mutated:  BNE x6, x0, 3540
       zkVM errors (1 lines):
         • [prover_impl.rs:280] verify segment (internal proof verification failed)
       Global: memory permutation violated [GLOBAL-ONLY]
         0x002061B8 (code): wrote 0xf8031ee3, expected 0x5c031ae3 (cycle 34950)
  [73] ✓ INSTR_WORD_MOD_SUR @ step 2401: 1 failures, 2844ms, outcome: REJECTED, exit: 101 [proof:GENERATED] G=memory
       r=0.164  T_new=0.00 F_new=0.39 F_rare=0.72 U=0 Q=0.61 Q_l=0.72 Q_g=0.85 dl=1 dg=1
       Value: 0x00090513 -> 0x00097513
       Surgical: funct3 = 0 -> 7
       Original: ADDI x10, x18, 0
       Mutated:  ANDI x10, x18, 0
       zkVM errors (1 lines):
         • [prover_impl.rs:280] verify segment (internal proof verification failed)
       Local constraints hit (1 unique):
         - VerifyOpcodeF3@inst.zir:97
           cycle=19055, step=2401, pc=0x002013E8, major=0, minor=7
       Global: memory permutation violated
         0x002013E4 (code): wrote 0x00090513, expected 0x00097513 (cycle 6714)
  [74] ✓ STORE_OUT_MOD @ step 1150: 1 failures, 2840ms, outcome: REJECTED, exit: 101 [proof:GENERATED] G=memory
       r=0.155  T_new=0.00 F_new=0.39 F_rare=0.67 U=0 Q=0.61 Q_l=0.72 Q_g=0.85 dl=1 dg=1
       Value: 0x00000000 -> 0x20000000
       Store address: 0x002003b4
       zkVM errors (1 lines):
         • [prover_impl.rs:280] verify segment (internal proof verification failed)
       Local constraints hit (1 unique):
         - MemoryWrite@mem.zir:100
           cycle=17794, step=1150, pc=0x00209A28, major=6, minor=2
       Global: memory permutation violated
         0x002003B4 (data): wrote 0x20000000, expected 0x00000000 (cycle 35589)
  [75] ✓ COMP_OUT_MOD @ step 845: 2 failures, 2841ms, outcome: REJECTED, exit: 101 [proof:GENERATED] G=memory
       r=0.130  T_new=0.00 F_new=0.39 F_rare=0.85 U=0 Q=0.43 Q_l=0.51 Q_g=0.85 dl=2 dg=1
       Value: 0x00000000 -> 0xF3D4BD0A
       Destination: rd = x6 (t1)
       zkVM errors (1 lines):
         • [prover_impl.rs:280] verify segment (internal proof verification failed)
       Local constraints hit (2 unique):
         - MemoryWrite@mem.zir:100
           cycle=17472, step=845, pc=0x002061B0, major=0, minor=1
         - MemoryWrite@mem.zir:99
           cycle=17472, step=845, pc=0x002061B0, major=0, minor=1
       Global: memory permutation violated
         x6/t1: wrote 0xf3d4bd0a, expected 0x00000000 (cycle 34945)
  [76] ✓ MEM_VAL_MOD @ step 2657: 1 failures, 2859ms, outcome: REJECTED, exit: 101 [proof:GENERATED] G=memory
       r=0.182  T_new=0.00 F_new=0.39 F_rare=0.85 U=0 Q=0.61 Q_l=0.72 Q_g=0.85 dl=1 dg=1
       Value: 0x00000000 -> 0x00000100
       Transaction: store_rmw_read (READ) at address 0x0020031c
       zkVM errors (1 lines):
         • [prover_impl.rs:280] verify segment (internal proof verification failed)
       Local constraints hit (1 unique):
         - IsRead@mem.zir:79
           cycle=19385, step=2657, pc=0x00203434, major=6, minor=2
       Global: memory permutation violated
         0x0020031C (data): wrote 0x00000100, expected 0x00000000 (cycle 38770)
  [77] ✓ LOAD_VAL_MOD @ step 2204: 2 failures, 2860ms, outcome: REJECTED, exit: 101 [proof:GENERATED] G=memory
       r=0.112  T_new=0.00 F_new=0.39 F_rare=0.68 U=0 Q=0.43 Q_l=0.51 Q_g=0.85 dl=2 dg=1
       Value: 0x00200300 -> 0x3B28BA76
       Load destination: rd = x8 (s0/fp)
       zkVM errors (1 lines):
         • [prover_impl.rs:280] verify segment (internal proof verification failed)
       Local constraints hit (2 unique):
         - MemoryWrite@mem.zir:100
           cycle=18858, step=2204, pc=0x00201ED4, major=5, minor=2
         - MemoryWrite@mem.zir:99
           cycle=18858, step=2204, pc=0x00201ED4, major=5, minor=2
       Global: memory permutation violated
         x8/s0: wrote 0x3b28ba76, expected 0x00200300 (cycle 37717)
  [78] ✓ INSTR_WORD_MOD_SUR @ step 813: 0 failures, 2847ms, outcome: REJECTED, exit: 101 [proof:GENERATED] G=memory[GO]
       r=0.258  T_new=0.00 F_new=0.78 F_rare=1.00 U=0 Q=0.61 Q_l=1.00 Q_g=0.61 dl=0 dg=3
       Value: 0x00000813 -> 0x00000E13
       Surgical: rd = 16 -> 28
       Original: ADDI x16, x0, 0
       Mutated:  ADDI x28, x0, 0
       zkVM errors (3 lines):
         • [prover_impl.rs:280] verify segment (internal proof verification failed)
         • [ffi.cpp:113] address mismatch at cycle 17434: preflight=0x3fffc030, actual=0x3fffc03c
         • [kernels/cxx/ffi.cpp:208] SKIP THROW: memory peek not in preflight
       Global: memory permutation violated [GLOBAL-ONLY]
         x16/a6: unexpected write 0x00000004 (cycle 34834)
         x28/t3: expected write missing, needed 0x00000004 (cycle 34834)
         0x00206144 (code): wrote 0x00000813, expected 0x00000e13 (cycle 34700)
  [79] ✓ INSTR_WORD_MOD_SUR @ step 3525: 0 failures, 2850ms, outcome: REJECTED, exit: 101 [proof:GENERATED] G=memory[GO]
       r=0.258  T_new=0.00 F_new=0.78 F_rare=1.00 U=0 Q=0.61 Q_l=1.00 Q_g=0.61 dl=0 dg=3
       Value: 0x00068793 -> 0x00068013
       Surgical: rd = 15 -> 0
       Original: ADDI x15, x13, 0
       Mutated:  ADDI x0, x13, 0
       zkVM errors (3 lines):
         • [prover_impl.rs:280] verify segment (internal proof verification failed)
         • [ffi.cpp:113] address mismatch at cycle 20327: preflight=0x3fffc02f, actual=0x3fffc060
         • [kernels/cxx/ffi.cpp:208] SKIP THROW: memory peek not in preflight
       Global: memory permutation violated [GLOBAL-ONLY]
         x15/a5: unexpected write 0x00000310 (cycle 40646)
         0xFFFF0180 (data): expected write missing, needed 0x00000310 (cycle 40646)
         0x002061D0 (code): wrote 0x00068793, expected 0x00068013 (cycle 39698)
  [80] ✓ INSTR_WORD_MOD_FULL @ step 448: 0 failures, 2855ms, outcome: REJECTED, exit: 101 [proof:GENERATED] G=memory[GO]
       r=0.258  T_new=0.00 F_new=0.78 F_rare=1.00 U=0 Q=0.61 Q_l=1.00 Q_g=0.61 dl=0 dg=3
       Value: 0x00800613 -> 0x00800E13
       Original: ADDI x12, x0, 8
       Mutated:  ADDI x28, x0, 8
       zkVM errors (3 lines):
         • [prover_impl.rs:280] verify segment (internal proof verification failed)
         • [ffi.cpp:113] address mismatch at cycle 17042: preflight=0x3fffc00c, actual=0x3fffc01c
         • [kernels/cxx/ffi.cpp:208] SKIP THROW: memory peek not in preflight
       Global: memory permutation violated [GLOBAL-ONLY]
         0xC0000158 (data): wrote 0x00800613, expected 0x00800e13 (cycle 33916)
         0xFFFF0030 (data): unexpected write 0x00000004 (cycle 34076)
         0xFFFF0070 (data): expected write missing, needed 0x00000004 (cycle 34076)
  [81] ✓ INSTR_WORD_MOD_FULL @ step 1661: 0 failures, 2834ms, outcome: REJECTED, exit: 101 [proof:GENERATED] G=memory[GO]
       r=0.258  T_new=0.00 F_new=0.78 F_rare=1.00 U=0 Q=0.61 Q_l=1.00 Q_g=0.61 dl=0 dg=3
       Value: 0xFFFFE097 -> 0xFFFFE897
       Original: AUIPC x1, 0xffffe000
       Mutated:  AUIPC x17, 0xffffe000
       zkVM errors (3 lines):
         • [prover_impl.rs:280] verify segment (internal proof verification failed)
         • [ffi.cpp:113] address mismatch at cycle 18305: preflight=0x3fffc021, actual=0x3fffc031
         • [kernels/cxx/ffi.cpp:208] SKIP THROW: memory peek not in preflight
       Global: memory permutation violated [GLOBAL-ONLY]
         x1/ra: unexpected write 0x002024d4 (cycle 36594)
         x17/a7: expected write missing, needed 0x002024d4 (cycle 36594)
         0x0020AF34 (code): wrote 0xffffe097, expected 0xffffe897 (cycle 22694)
  [82] ✓ INSTR_WORD_MOD_FULL @ step 3877: 1 failures, 2857ms, outcome: REJECTED, exit: 101 [proof:GENERATED] [+1 new] G=memory
       r=0.237  T_new=0.00 F_new=0.63 F_rare=1.00 U=0 Q=0.61 Q_l=0.72 Q_g=0.85 dl=1 dg=1
       Value: 0x0C812403 -> 0x0C912403
       Original: LW x8, 200(x2)
       Mutated:  LW x8, 201(x2)
       zkVM errors (1 lines):
         • [prover_impl.rs:280] verify segment (internal proof verification failed)
       Local constraints hit (1 unique):
         - OpLW@inst_mem.zir:108
           cycle=20827, step=3877, pc=0x00203BF0, major=5, minor=2
       Global: memory permutation violated
         0x00203BEC (code): wrote 0x0c812403, expected 0x0c912403 (cycle 11866)
  [83] ✓ INSTR_WORD_MOD_FULL @ step 1790: 1 failures, 2866ms, outcome: REJECTED, exit: 101 [proof:GENERATED] G=memory
       r=0.161  T_new=0.00 F_new=0.39 F_rare=0.70 U=0 Q=0.61 Q_l=0.72 Q_g=0.85 dl=1 dg=1
       Value: 0x00150513 -> 0x00151513
       Original: ADDI x10, x10, 1
       Mutated:  SLLI x10, x10, 1
       zkVM errors (1 lines):
         • [prover_impl.rs:280] verify segment (internal proof verification failed)
       Local constraints hit (1 unique):
         - VerifyOpcodeF3@inst.zir:97
           cycle=18434, step=1790, pc=0x002184D4, major=0, minor=7
       Global: memory permutation violated
         0x002184D0 (code): wrote 0x00150513, expected 0x00151513 (cycle 36854)
  [84] ✓ INSTR_WORD_MOD_SUR @ step 752: 16 failures, 2848ms, outcome: REJECTED, exit: 101 [proof:GENERATED] [+2 new] G=memory
       r=0.006  T_new=0.00 F_new=1.00 F_rare=1.00 U=0 Q=0.01 Q_l=0.07 Q_g=0.19 dl=8 dg=10
       Value: 0x0DC0006F -> 0x7EFE106F
       Surgical: imm = 220 -> 925678
       Original: JAL x0, 220
       Mutated:  JAL x0, 925678
       zkVM errors (3 lines):
         • [prover_impl.rs:280] verify segment (internal proof verification failed)
         • [ffi.cpp:113] address mismatch at cycle 17367: preflight=0x3fffc000, actual=0x3fffc01c
         • [kernels/cxx/ffi.cpp:208] SKIP THROW: memory peek not in preflight
       Local constraints hit (3 unique):
         - ControlMRET@inst_control.zir:89
           cycle=17383, step=762, pc=0x00206174, major=7, minor=3
         - DecodeInst@inst.zir:29 (x9)
           cycle=17368, step=753, pc=0xC0000138, major=0, minor=7
         - ECall0@inst_ecall.zir:203 (x6)
           cycle=17374, step=759, pc=0xC000014C, major=8, minor=0
       Global: memory permutation violated (28 addrs: 28 data)
         0xC0000058 (data): wrote 0x0dc0006f, expected 0x7efe106f (cycle 34568)
         0xC0000134 (data): unexpected write 0x00100893 (cycle 34570)
         0xC0000138 (data): unexpected write 0x03022503 (cycle 34572)
         + 25 more addresses
  [85] ✓ MEM_VAL_MOD @ step 1168: 2 failures, 2836ms, outcome: REJECTED, exit: 101 [proof:GENERATED] G=memory
       r=0.130  T_new=0.00 F_new=0.39 F_rare=0.85 U=0 Q=0.43 Q_l=0.51 Q_g=0.85 dl=2 dg=1
       Value: 0x00000000 -> 0x80629121
       Transaction: store_rmw_read (READ) at address 0x00200384
       zkVM errors (1 lines):
         • [prover_impl.rs:280] verify segment (internal proof verification failed)
       Local constraints hit (2 unique):
         - IsRead@mem.zir:79
           cycle=17812, step=1168, pc=0x00208AC4, major=6, minor=2
         - IsRead@mem.zir:80
           cycle=17812, step=1168, pc=0x00208AC4, major=6, minor=2
       Global: memory permutation violated
         0x00200384 (data): wrote 0x80629121, expected 0x00000000 (cycle 35624)
  [86] ✓ STORE_OUT_MOD @ step 2154: 2 failures, 2839ms, outcome: REJECTED, exit: 101 [proof:GENERATED] G=memory
       r=0.112  T_new=0.00 F_new=0.39 F_rare=0.68 U=0 Q=0.43 Q_l=0.51 Q_g=0.85 dl=2 dg=1
       Value: 0x00000000 -> 0xFFFFFFFE
       Store address: 0x00221498
       zkVM errors (1 lines):
         • [prover_impl.rs:280] verify segment (internal proof verification failed)
       Local constraints hit (2 unique):
         - MemoryWrite@mem.zir:100
           cycle=18808, step=2154, pc=0x0020256C, major=6, minor=2
         - MemoryWrite@mem.zir:99
           cycle=18808, step=2154, pc=0x0020256C, major=6, minor=2
       Global: memory permutation violated
         0x00221498 (code): wrote 0xfffffffe, expected 0x00000000 (cycle 37617)
  [87] ✓ INSTR_WORD_MOD_FULL @ step 1858: 0 failures, 2858ms, outcome: REJECTED, exit: 101 [proof:GENERATED] G=memory[GO]
       r=0.257  T_new=0.00 F_new=0.78 F_rare=1.00 U=0 Q=0.61 Q_l=1.00 Q_g=0.61 dl=0 dg=3
       Value: 0x00C12983 -> 0x00C02983
       Original: LW x19, 12(x2)
       Mutated:  LW x19, 12(x0)
       zkVM errors (3 lines):
         • [prover_impl.rs:280] verify segment (internal proof verification failed)
         • [ffi.cpp:113] address mismatch at cycle 18507: preflight=0x3fffc022, actual=0x3fffc020
         • [kernels/cxx/ffi.cpp:208] SKIP THROW: memory peek not in preflight
       Global: memory permutation violated [GLOBAL-ONLY]
         x0/zero: expected write missing, needed 0x00200060 (cycle 37012)
         x2/sp: unexpected write 0x00200060 (cycle 37012)
         0x00206004 (code): wrote 0x00c12983, expected 0x00c02983 (cycle 17686)
  [88] ✓ INSTR_WORD_MOD_FULL @ step 3801: 1 failures, 2880ms, outcome: REJECTED, exit: 101 [proof:GENERATED] G=memory
       r=0.237  T_new=0.00 F_new=0.63 F_rare=1.00 U=0 Q=0.61 Q_l=0.72 Q_g=0.85 dl=1 dg=1
       Value: 0xC0002737 -> 0xC0002717
       Original: LUI x14, 0xc0002000
       Mutated:  AUIPC x14, 0xc0002000
       zkVM errors (1 lines):
         • [prover_impl.rs:280] verify segment (internal proof verification failed)
       Local constraints hit (1 unique):
         - VerifyOpcode@inst.zir:91
           cycle=20677, step=3801, pc=0xC0000544, major=2, minor=5
       Global: memory permutation violated
         0xC0000540 (data): wrote 0xc0002737, expected 0xc0002717 (cycle 40710)
  [89] ✓ INSTR_WORD_MOD_FULL @ step 938: 1 failures, 2856ms, outcome: REJECTED, exit: 101 [proof:GENERATED] G=memory
       r=0.182  T_new=0.00 F_new=0.39 F_rare=0.85 U=0 Q=0.61 Q_l=0.72 Q_g=0.85 dl=1 dg=1
       Value: 0x00008067 -> 0x0000A067
       Original: JALR x0, x1, 0
       Mutated:  JALR x0, x1, 0
       zkVM errors (1 lines):
         • [prover_impl.rs:280] verify segment (internal proof verification failed)
       Local constraints hit (1 unique):
         - VerifyOpcodeF3@inst.zir:97
           cycle=17571, step=938, pc=0x00200A24, major=2, minor=4
       Global: memory permutation violated
         0x002031F8 (code): wrote 0x00008067, expected 0x0000a067 (cycle 34974)
  [90] ✓ PRE_EXEC_REG_MOD @ step 316: 4 failures, 2836ms, outcome: REJECTED, exit: 101 [proof:GENERATED] G=memory
       r=0.024  T_new=0.00 F_new=1.00 F_rare=1.00 U=0 Q=0.05 Q_l=0.26 Q_g=0.19 dl=4 dg=10
       Value: 0x80000007 -> 0xC5E7A9B2
       Register: x11 (a1), READ, strategy=next_read
       zkVM errors (3 lines):
         • [prover_impl.rs:280] verify segment (internal proof verification failed)
         • [ffi.cpp:113] address mismatch at cycle 16902: preflight=0x00080217, actual=0x0008032e
         • [kernels/cxx/buffers.h:43] SKIP THROW: Inconsistent set
       Local constraints hit (3 unique):
         - IsRead@mem.zir:79
           cycle=16901, step=316, pc=0x0020085C, major=1, minor=6
         - IsRead@mem.zir:80
           cycle=16901, step=316, pc=0x0020085C, major=1, minor=6
         - MemoryWrite@mem.zir:99 (x2)
           cycle=16910, step=325, pc=0x0020088C, major=2, minor=6
       Global: memory permutation violated (21 addrs: 1 register, 20 code)
         x11/a1: wrote 0xc5e7a9b2, expected 0x80000007 (cycle 33802)
         + 20 code addresses diverged (instruction fetch cascade)
  [91] ✓ COMP_OUT_MOD @ step 3357: 1 failures, 2851ms, outcome: REJECTED, exit: 101 [proof:GENERATED] [+1 touch] G=memory
       r=0.242  T_new=0.03 F_new=0.63 F_rare=1.00 U=0 Q=0.61 Q_l=0.72 Q_g=0.85 dl=1 dg=1
       Value: 0x00000000 -> 0x20000000
       Destination: rd = x11 (a1)
       zkVM errors (1 lines):
         • [prover_impl.rs:280] verify segment (internal proof verification failed)
       Local constraints hit (1 unique):
         - MemoryWrite@mem.zir:100
           cycle=20159, step=3357, pc=0x0020346C, major=1, minor=2
       Global: memory permutation violated
         x11/a1: wrote 0x20000000, expected 0x00000000 (cycle 40319)
  [92] ✓ COMP_OUT_MOD @ step 534: 2 failures, 2886ms, outcome: REJECTED, exit: 101 [proof:GENERATED] G=memory
       r=0.124  T_new=0.00 F_new=0.39 F_rare=0.79 U=0 Q=0.43 Q_l=0.51 Q_g=0.85 dl=2 dg=1
       Value: 0x00000000 -> 0x1BEBA342
       Destination: rd = x15 (a5)
       zkVM errors (1 lines):
         • [prover_impl.rs:280] verify segment (internal proof verification failed)
       Local constraints hit (2 unique):
         - MemoryWrite@mem.zir:100
           cycle=17137, step=534, pc=0x002061B8, major=0, minor=1
         - MemoryWrite@mem.zir:99
           cycle=17137, step=534, pc=0x002061B8, major=0, minor=1
       Global: memory permutation violated
         x15/a5: wrote 0x1beba342, expected 0x00000000 (cycle 34275)
  [93] ✓ INSTR_WORD_MOD_FULL @ step 602: 5 failures, 2856ms, outcome: REJECTED, exit: 101 [proof:GENERATED] G=memory
       r=0.033  T_new=0.00 F_new=0.99 F_rare=1.00 U=0 Q=0.07 Q_l=0.19 Q_g=0.37 dl=5 dg=6
       Value: 0x00261613 -> 0x9B7FAAA3
       Original: SLLI x12, x12, 2
       Mutated:  SW x23, -1611(x31)
       Format changed: I -> S
       zkVM errors (3 lines):
         • [prover_impl.rs:280] verify segment (internal proof verification failed)
         • [ffi.cpp:113] address mismatch at cycle 17205: preflight=0x3fffc00c, actual=0x3fffc01f
         • [kernels/cxx/ffi.cpp:208] SKIP THROW: memory peek not in preflight
       Local constraints hit (5 unique):
         - MemoryWrite@mem.zir:100
           cycle=17205, step=602, pc=0xC0000148, major=3, minor=1
         - MemoryWrite@mem.zir:99
           cycle=17205, step=602, pc=0xC0000148, major=3, minor=1
         - VerifyOpcodeF3F7@inst.zir:102
           cycle=17205, step=602, pc=0xC0000148, major=3, minor=1
         - VerifyOpcodeF3F7@inst.zir:103
           cycle=17205, step=602, pc=0xC0000148, major=3, minor=1
         - VerifyOpcodeF3F7@inst.zir:104
           cycle=17205, step=602, pc=0xC0000148, major=3, minor=1
       Global: memory permutation violated
         0xC0000144 (data): wrote 0x00261613, expected 0x9b7faaa3 (cycle 34238)
         0xFFFF0008 (data): unexpected write 0xfff00000 (cycle 34394)
         0xFFFF0030 (data): unexpected write 0x00000001 (cycle 34409)
         0xFFFF0054 (data): expected write missing, needed 0x00000001 (cycle 34410)
         0xFFFF005C (data): expected write missing, needed 0xfff00000 (cycle 34394)
         0xFFFF007C (data): expected write missing, needed 0x00000001 (cycle 34409)
  [94] ✓ LOAD_VAL_MOD @ step 2590: 2 failures, 2880ms, outcome: REJECTED, exit: 101 [proof:GENERATED] G=memory
       r=0.120  T_new=0.00 F_new=0.39 F_rare=0.75 U=0 Q=0.43 Q_l=0.51 Q_g=0.85 dl=2 dg=1
       Value: 0x0000000A -> 0x0BA815A9
       Load destination: rd = x11 (a1)
       zkVM errors (1 lines):
         • [prover_impl.rs:280] verify segment (internal proof verification failed)
       Local constraints hit (2 unique):
         - MemoryWrite@mem.zir:100
           cycle=19318, step=2590, pc=0x00201564, major=5, minor=3
         - MemoryWrite@mem.zir:99
           cycle=19318, step=2590, pc=0x00201564, major=5, minor=3
       Global: memory permutation violated
         x11/a1: wrote 0x0ba815a9, expected 0x0000000a (cycle 38637)
  [95] ✓ INSTR_WORD_MOD_SUR @ step 2843: 1 failures, 2846ms, outcome: REJECTED, exit: 101 [proof:GENERATED] G=memory
       r=0.158  T_new=0.00 F_new=0.39 F_rare=0.69 U=0 Q=0.61 Q_l=0.72 Q_g=0.85 dl=1 dg=1
       Value: 0x00040513 -> 0x00047513
       Surgical: funct3 = 0 -> 7
       Original: ADDI x10, x8, 0
       Mutated:  ANDI x10, x8, 0
       zkVM errors (1 lines):
         • [prover_impl.rs:280] verify segment (internal proof verification failed)
       Local constraints hit (1 unique):
         - VerifyOpcodeF3@inst.zir:97
           cycle=19571, step=2843, pc=0x00203BDC, major=0, minor=7
       Global: memory permutation violated
         0x00203BD8 (code): wrote 0x00040513, expected 0x00047513 (cycle 11846)
  [96] ✓ INSTR_TYPE_MOD @ step 2851: 4 failures, 2909ms, outcome: REJECTED, exit: 101 [proof:GENERATED] [+50 touch] G=memory|cycle
       r=0.081  T_new=0.76 F_new=0.98 F_rare=1.00 U=0 Q=0.11 Q_l=0.26 Q_g=0.43 dl=4 dg=5
       Value: 0x00060002 -> 0x00040001
       Original: Sw [major=6, minor=2]
       Mutated:  Sra [major=4, minor=1]
       zkVM errors (3 lines):
         • [prover_impl.rs:280] verify segment (internal proof verification failed)
         • [ffi.cpp:113] address mismatch at cycle 19579: preflight=0x00080088, actual=0x3fffc060
         • [kernels/cxx/ffi.cpp:208] SKIP THROW: memory peek not in preflight
       Local constraints hit (4 unique):
         - MemoryWrite@mem.zir:99
           cycle=19579, step=2851, pc=0x00204AE0, major=4, minor=1
         - VerifyOpcodeF3F7@inst.zir:102
           cycle=19579, step=2851, pc=0x00204AE0, major=4, minor=1
         - VerifyOpcodeF3F7@inst.zir:103
           cycle=19579, step=2851, pc=0x00204AE0, major=4, minor=1
         - VerifyOpcodeF3F7@inst.zir:104
           cycle=19579, step=2851, pc=0x00204AE0, major=4, minor=1
       Global: memory permutation violated
         0x00200220 (data): unexpected write 0x00000000 (cycle 4502)
         0xFFFF0180 (data): expected write missing, needed 0x00000000 (cycle 4502)
       Global: cycle lookup violated (3 indices broken)
         index 0: 2254 provides, 1 uses (imbalanced)
         index 34655: orphan use (1 entries, no matching provide)
         index 34656: 1 provides, 1 uses (imbalanced)
  [97] ✓ MEM_VAL_MOD @ step 3402: 2 failures, 2844ms, outcome: REJECTED, exit: 101 [proof:GENERATED] G=memory
       r=0.123  T_new=0.00 F_new=0.39 F_rare=0.79 U=0 Q=0.43 Q_l=0.51 Q_g=0.85 dl=2 dg=1
       Value: 0x00000000 -> 0x2BEDE9B6
       Transaction: store_rmw_read (READ) at address 0x002215b4
       zkVM errors (1 lines):
         • [prover_impl.rs:280] verify segment (internal proof verification failed)
       Local constraints hit (2 unique):
         - IsRead@mem.zir:79
           cycle=20204, step=3402, pc=0x00203434, major=6, minor=2
         - IsRead@mem.zir:80
           cycle=20204, step=3402, pc=0x00203434, major=6, minor=2
       Global: memory permutation violated
         0x002215B4 (code): wrote 0x2bede9b6, expected 0x00000000 (cycle 40408)
  [98] ✓ INSTR_WORD_MOD_SUR @ step 3312: 0 failures, 2841ms, outcome: REJECTED, exit: 101 [proof:GENERATED] G=memory[GO]
       r=0.257  T_new=0.00 F_new=0.78 F_rare=1.00 U=0 Q=0.61 Q_l=1.00 Q_g=0.61 dl=0 dg=3
       Value: 0xFAB56EE3 -> 0xFABEEEE3
       Surgical: rs1 = 10 -> 29
       Original: BLTU x10, x11, -68
       Mutated:  BLTU x29, x11, -68
       zkVM errors (3 lines):
         • [prover_impl.rs:280] verify segment (internal proof verification failed)
         • [ffi.cpp:113] address mismatch at cycle 20114: preflight=0x3fffc02a, actual=0x3fffc03d
         • [kernels/cxx/ffi.cpp:208] SKIP THROW: memory peek not in preflight
       Global: memory permutation violated [GLOBAL-ONLY]
         x10/a0: unexpected write 0x00000042 (cycle 40225)
         x29/t4: expected write missing, needed 0x00000042 (cycle 40225)
         0x00204C4C (code): wrote 0xfab56ee3, expected 0xfabeeee3 (cycle 14506)
  [99] ✓ INSTR_WORD_MOD_SUR @ step 1746: 0 failures, 2836ms, outcome: REJECTED, exit: 101 [proof:GENERATED] G=memory[GO]
       r=0.257  T_new=0.00 F_new=0.78 F_rare=1.00 U=0 Q=0.61 Q_l=1.00 Q_g=0.61 dl=0 dg=3
       Value: 0x00158593 -> 0x00158993
       Surgical: rd = 11 -> 19
       Original: ADDI x11, x11, 1
       Mutated:  ADDI x19, x11, 1
       zkVM errors (3 lines):
         • [prover_impl.rs:280] verify segment (internal proof verification failed)
         • [ffi.cpp:113] address mismatch at cycle 18390: preflight=0x3fffc02b, actual=0x3fffc033
         • [kernels/cxx/ffi.cpp:208] SKIP THROW: memory peek not in preflight
       Global: memory permutation violated [GLOBAL-ONLY]
         x11/a1: unexpected write 0x0021ba7e (cycle 36780)
         x19/s3: expected write missing, needed 0x0021ba7e (cycle 36780)
         0x002184C8 (code): wrote 0x00158593, expected 0x00158993 (cycle 36766)
  [100] ✓ INSTR_WORD_MOD_SUR @ step 3433: 0 failures, 2915ms, outcome: REJECTED, exit: 101 [proof:GENERATED] G=memory[GO]
       r=0.257  T_new=0.00 F_new=0.78 F_rare=1.00 U=0 Q=0.61 Q_l=1.00 Q_g=0.61 dl=0 dg=3
       Value: 0x06098C63 -> 0x06068C63
       Surgical: rs1 = 19 -> 13
       Original: BEQ x19, x0, 120
       Mutated:  BEQ x13, x0, 120
       zkVM errors (3 lines):
         • [prover_impl.rs:280] verify segment (internal proof verification failed)
         • [ffi.cpp:113] address mismatch at cycle 20235: preflight=0x3fffc033, actual=0x3fffc02d
         • [kernels/cxx/ffi.cpp:208] SKIP THROW: memory peek not in preflight
       Global: memory permutation violated [GLOBAL-ONLY]
         x13/a3: expected write missing, needed 0x00000000 (cycle 40008)
         x19/s3: unexpected write 0x00000000 (cycle 40008)
         0x00204C78 (code): wrote 0x06098c63, expected 0x06068c63 (cycle 14526)
  [101] ✓ COMP_OUT_MOD @ step 453: 2 failures, 2877ms, outcome: REJECTED, exit: 101 [proof:GENERATED] G=memory
       r=0.169  T_new=0.00 F_new=0.63 F_rare=1.00 U=0 Q=0.43 Q_l=0.51 Q_g=0.85 dl=2 dg=1
       Value: 0x00000004 -> 0x20000000
       Destination: rd = x14 (a4)
       zkVM errors (1 lines):
         • [prover_impl.rs:280] verify segment (internal proof verification failed)
       Local constraints hit (2 unique):
         - MemoryWrite@mem.zir:100
           cycle=17050, step=453, pc=0x002061AC, major=1, minor=2
         - MemoryWrite@mem.zir:99
           cycle=17050, step=453, pc=0x002061AC, major=1, minor=2
       Global: memory permutation violated
         x14/a4: wrote 0x20000000, expected 0x00000004 (cycle 34101)
  [102] ✓ STORE_OUT_MOD @ step 3444: 2 failures, 2867ms, outcome: REJECTED, exit: 101 [proof:GENERATED] G=memory
       r=0.123  T_new=0.00 F_new=0.39 F_rare=0.79 U=0 Q=0.43 Q_l=0.51 Q_g=0.85 dl=2 dg=1
       Value: 0x00000002 -> 0x9B8F97AA
       Store address: 0x002215cc
       zkVM errors (1 lines):
         • [prover_impl.rs:280] verify segment (internal proof verification failed)
       Local constraints hit (2 unique):
         - MemoryWrite@mem.zir:100
           cycle=20246, step=3444, pc=0x00204D1C, major=6, minor=0
         - MemoryWrite@mem.zir:99
           cycle=20246, step=3444, pc=0x00204D1C, major=6, minor=0
       Global: memory permutation violated
         0x002215CC (code): wrote 0x9b8f97aa, expected 0x00000002 (cycle 40493)
  [103] ✓ INSTR_WORD_MOD_SUR @ step 1896: 1 failures, 2865ms, outcome: REJECTED, exit: 101 [proof:GENERATED] G=memory
       r=0.167  T_new=0.00 F_new=0.39 F_rare=0.75 U=0 Q=0.61 Q_l=0.72 Q_g=0.85 dl=1 dg=1
       Value: 0x00060A13 -> 0x00060A73
       Surgical: opcode = 19 -> 115
       Original: ADDI x20, x12, 0
       Mutated:  ECALL x20, x12, 0
       zkVM errors (1 lines):
         • [prover_impl.rs:280] verify segment (internal proof verification failed)
       Local constraints hit (1 unique):
         - VerifyOpcodeF3@inst.zir:96
           cycle=18545, step=1896, pc=0x002096DC, major=0, minor=7
       Global: memory permutation violated
         0x002096D8 (code): wrote 0x00060a13, expected 0x00060a73 (cycle 36634)
  [104] ✓ INSTR_WORD_MOD_SUR @ step 3211: 1 failures, 2844ms, outcome: REJECTED, exit: 101 [proof:GENERATED] G=memory
       r=0.156  T_new=0.00 F_new=0.39 F_rare=0.68 U=0 Q=0.61 Q_l=0.72 Q_g=0.85 dl=1 dg=1
       Value: 0x00100B93 -> 0x00101B93
       Surgical: funct3 = 0 -> 1
       Original: ADDI x23, x0, 1
       Mutated:  SLLI x23, x0, 1
       zkVM errors (1 lines):
         • [prover_impl.rs:280] verify segment (internal proof verification failed)
       Local constraints hit (1 unique):
         - VerifyOpcodeF3@inst.zir:97
           cycle=20013, step=3211, pc=0x00204BA8, major=0, minor=7
       Global: memory permutation violated
         0x00204BA4 (code): wrote 0x00100b93, expected 0x00101b93 (cycle 14402)
  [105] ✓ COMP_OUT_MOD @ step 2754: 2 failures, 2862ms, outcome: REJECTED, exit: 101 [proof:GENERATED] G=memory
       r=0.113  T_new=0.00 F_new=0.39 F_rare=0.69 U=0 Q=0.43 Q_l=0.51 Q_g=0.85 dl=2 dg=1
       Value: 0x00200230 -> 0x3A4A7F0E
       Destination: rd = x2 (sp)
       zkVM errors (1 lines):
         • [prover_impl.rs:280] verify segment (internal proof verification failed)
       Local constraints hit (2 unique):
         - MemoryWrite@mem.zir:100
           cycle=19482, step=2754, pc=0x002037B0, major=0, minor=7
         - MemoryWrite@mem.zir:99
           cycle=19482, step=2754, pc=0x002037B0, major=0, minor=7
       Global: memory permutation violated
         x2/sp: wrote 0x3a4a7f0e, expected 0x00200230 (cycle 38965)
  [106] ✓ LOAD_VAL_MOD @ step 1857: 1 failures, 2867ms, outcome: REJECTED, exit: 101 [proof:GENERATED] G=memory
       r=0.154  T_new=0.00 F_new=0.39 F_rare=0.66 U=0 Q=0.61 Q_l=0.72 Q_g=0.85 dl=1 dg=1
       Value: 0x00000000 -> 0x01000000
       Load destination: rd = x18 (s2)
       zkVM errors (1 lines):
         • [prover_impl.rs:280] verify segment (internal proof verification failed)
       Local constraints hit (1 unique):
         - MemoryWrite@mem.zir:100
           cycle=18506, step=1857, pc=0x00206004, major=5, minor=2
       Global: memory permutation violated
         x18/s2: wrote 0x01000000, expected 0x00000000 (cycle 37013)
  [107] ✓ INSTR_WORD_MOD_SUR @ step 784: 0 failures, 2876ms, outcome: REJECTED, exit: 101 [proof:GENERATED] G=memory[GO]
       r=0.257  T_new=0.00 F_new=0.78 F_rare=1.00 U=0 Q=0.61 Q_l=1.00 Q_g=0.61 dl=0 dg=3
       Value: 0x80000A37 -> 0x800004B7
       Surgical: rd = 20 -> 9
       Original: LUI x20, 0x80000000
       Mutated:  LUI x9, 0x80000000
       zkVM errors (3 lines):
         • [prover_impl.rs:280] verify segment (internal proof verification failed)
         • [ffi.cpp:113] address mismatch at cycle 17405: preflight=0x3fffc034, actual=0x3fffc029
         • [kernels/cxx/ffi.cpp:208] SKIP THROW: memory peek not in preflight
       Global: memory permutation violated [GLOBAL-ONLY]
         x9/s1: expected write missing, needed 0x80000007 (cycle 34644)
         x20/s4: unexpected write 0x80000007 (cycle 34644)
         0x002009B8 (code): wrote 0x80000a37, expected 0x800004b7 (cycle 5066)
  [108] ✓ INSTR_WORD_MOD_SUR @ step 3567: 1 failures, 2865ms, outcome: REJECTED, exit: 101 [proof:GENERATED] G=memory
       r=0.184  T_new=0.00 F_new=0.78 F_rare=1.00 U=0 Q=0.43 Q_l=0.72 Q_g=0.61 dl=1 dg=3
       Value: 0x00040593 -> 0x8FE40593
       Surgical: imm = 0 -> 2302
       Original: ADDI x11, x8, 0
       Mutated:  ADDI x11, x8, -1794
       zkVM errors (3 lines):
         • [prover_impl.rs:280] verify segment (internal proof verification failed)
         • [ffi.cpp:113] address mismatch at cycle 20443: preflight=0x3fffc020, actual=0x3fffc03e
         • [kernels/cxx/ffi.cpp:208] SKIP THROW: memory peek not in preflight
       Local constraints hit (1 unique):
         - MemoryWrite@mem.zir:99
           cycle=20443, step=3567, pc=0x00205450, major=0, minor=7
       Global: memory permutation violated
         x0/zero: unexpected write 0x00000000 (cycle 40884)
         x30/t5: expected write missing, needed 0x00000000 (cycle 40884)
         0x0020544C (code): wrote 0x00040593, expected 0x8fe40593 (cycle 15794)
  [109] ✓ INSTR_WORD_MOD_FULL @ step 2936: 9 failures, 2934ms, outcome: REJECTED, exit: 101 [proof:GENERATED] G=memory
       r=0.006  T_new=0.00 F_new=1.00 F_rare=1.00 U=0 Q=0.01 Q_l=0.07 Q_g=0.19 dl=8 dg=10
       Value: 0x0580006F -> 0x8ABEF717
       Original: JAL x0, 88
       Mutated:  AUIPC x14, 0x8abef000
       Format changed: J -> U
       zkVM errors (3 lines):
         • [prover_impl.rs:280] verify segment (internal proof verification failed)
         • [ffi.cpp:113] address mismatch at cycle 19664: preflight=0x3fffc020, actual=0x3fffc03d
         • [kernels/cxx/ffi.cpp:208] SKIP THROW: memory peek not in preflight
       Local constraints hit (4 unique):
         - DecodeInst@inst.zir:29 (x4)
           cycle=19665, step=2937, pc=0x00205454, major=0, minor=7
         - MemoryWrite@mem.zir:100 (x2)
           cycle=19667, step=2939, pc=0x0020545C, major=2, minor=6
         - MemoryWrite@mem.zir:99 (x2)
           cycle=19667, step=2939, pc=0x0020545C, major=2, minor=6
         - VerifyOpcode@inst.zir:91
           cycle=19664, step=2936, pc=0x00205450, major=2, minor=3
       Global: memory permutation violated (15 addrs: 5 register, 5 code, 5 data)
         0x001F4CA0 (data): expected write missing, needed 0x00040513 (cycle 15794)
         0x001F4CA4 (data): expected write missing, needed 0x00000713 (cycle 15794)
         0x001F4CA8 (data): expected write missing, needed 0x00000097 (cycle 15794)
         + 5 code addresses diverged (instruction fetch cascade)
         + 7 more addresses
  [110] ✓ MEM_VAL_MOD @ step 2642: 4 failures, 2854ms, outcome: REJECTED, exit: 101 [proof:GENERATED] G=memory
       r=0.063  T_new=0.00 F_new=0.39 F_rare=0.79 U=0 Q=0.22 Q_l=0.26 Q_g=0.85 dl=4 dg=1
       Value: 0x98EAEBAF -> 0xCBAD0737
       Transaction: load_mem_read (READ) at address 0x00200398
       zkVM errors (1 lines):
         • [prover_impl.rs:280] verify segment (internal proof verification failed)
       Local constraints hit (4 unique):
         - IsRead@mem.zir:79
           cycle=19370, step=2642, pc=0x00203428, major=5, minor=2
         - IsRead@mem.zir:80
           cycle=19370, step=2642, pc=0x00203428, major=5, minor=2
         - MemoryWrite@mem.zir:100
           cycle=19370, step=2642, pc=0x00203428, major=5, minor=2
         - MemoryWrite@mem.zir:99
           cycle=19370, step=2642, pc=0x00203428, major=5, minor=2
       Global: memory permutation violated
         0x00200398 (data): wrote 0xcbad0737, expected 0x98eaebaf (cycle 38740)
  [111] ✓ INSTR_WORD_MOD_SUR @ step 247: 0 failures, 2864ms, outcome: REJECTED, exit: 101 [proof:GENERATED] G=memory[GO]
       r=0.257  T_new=0.00 F_new=0.78 F_rare=1.00 U=0 Q=0.61 Q_l=1.00 Q_g=0.61 dl=0 dg=3
       Value: 0x944080E7 -> 0x944085E7
       Surgical: rd = 1 -> 11
       Original: JALR x1, x1, -1724
       Mutated:  JALR x11, x1, -1724
       zkVM errors (3 lines):
         • [prover_impl.rs:280] verify segment (internal proof verification failed)
         • [ffi.cpp:113] address mismatch at cycle 16826: preflight=0x3fffc021, actual=0x3fffc02b
         • [kernels/cxx/ffi.cpp:208] SKIP THROW: memory peek not in preflight
       Global: memory permutation violated [GLOBAL-ONLY]
         x1/ra: unexpected write 0x00203844 (cycle 33652)
         x11/a1: expected write missing, needed 0x00203844 (cycle 33652)
         0x00200848 (code): wrote 0x944080e7, expected 0x944085e7 (cycle 4846)
  [112] ✓ INSTR_WORD_MOD_SUR @ step 3613: 0 failures, 2864ms, outcome: REJECTED, exit: 101 [proof:GENERATED] G=memory[GO]
       r=0.257  T_new=0.00 F_new=0.78 F_rare=1.00 U=0 Q=0.61 Q_l=1.00 Q_g=0.61 dl=0 dg=3
       Value: 0x00400593 -> 0x00400513
       Surgical: rd = 11 -> 10
       Original: ADDI x11, x0, 4
       Mutated:  ADDI x10, x0, 4
       zkVM errors (3 lines):
         • [prover_impl.rs:280] verify segment (internal proof verification failed)
         • [ffi.cpp:113] address mismatch at cycle 20489: preflight=0x3fffc02b, actual=0x3fffc02a
         • [kernels/cxx/ffi.cpp:208] SKIP THROW: memory peek not in preflight
       Global: memory permutation violated [GLOBAL-ONLY]
         x10/a0: expected write missing, needed 0x00000004 (cycle 40976)
         x11/a1: unexpected write 0x00000004 (cycle 40976)
         0x00205DFC (code): wrote 0x00400593, expected 0x00400513 (cycle 40568)
  [113] ✓ INSTR_WORD_MOD_SUR @ step 124: 2 failures, 2857ms, outcome: REJECTED, exit: 101 [proof:GENERATED] G=memory
       r=0.102  T_new=0.00 F_new=0.92 F_rare=1.00 U=0 Q=0.22 Q_l=0.51 Q_g=0.43 dl=2 dg=5
       Value: 0xABD982B7 -> 0xEBC212B7
       Surgical: imm = 2883158016 -> 3955363840
       Original: LUI x5, 0xabd98000
       Mutated:  LUI x5, 0xebc21000
       zkVM errors (3 lines):
         • [prover_impl.rs:280] verify segment (internal proof verification failed)
         • [ffi.cpp:113] address mismatch at cycle 16697: preflight=0x3fffc033, actual=0x3fffc024
         • [kernels/cxx/ffi.cpp:208] SKIP THROW: memory peek not in preflight
       Local constraints hit (2 unique):
         - MemoryWrite@mem.zir:100
           cycle=16697, step=124, pc=0x002010B0, major=2, minor=5
         - MemoryWrite@mem.zir:99
           cycle=16697, step=124, pc=0x002010B0, major=2, minor=5
       Global: memory permutation violated
         x4/tp: expected write missing, needed 0x00000000 (cycle 31974)
         x19/s3: unexpected write 0x00000000 (cycle 31974)
         x28/t3: unexpected write 0x00000000 (cycle 33394)
         x29/t4: unexpected write 0x00000000 (cycle 31994)
         0x002010AC (code): wrote 0xabd982b7, expected 0xebc212b7 (cycle 6194)
  [114] ✓ STORE_OUT_MOD @ step 1686: 2 failures, 2863ms, outcome: REJECTED, exit: 101 [proof:GENERATED] G=memory
       r=0.111  T_new=0.00 F_new=0.39 F_rare=0.67 U=0 Q=0.43 Q_l=0.51 Q_g=0.85 dl=2 dg=1
       Value: 0x00000000 -> 0x3524BCB8
       Store address: 0x00200070
       zkVM errors (1 lines):
         • [prover_impl.rs:280] verify segment (internal proof verification failed)
       Local constraints hit (2 unique):
         - MemoryWrite@mem.zir:100
           cycle=18330, step=1686, pc=0x00205F6C, major=6, minor=2
         - MemoryWrite@mem.zir:99
           cycle=18330, step=1686, pc=0x00205F6C, major=6, minor=2
       Global: memory permutation violated
         0x00200070 (data): wrote 0x3524bcb8, expected 0x00000000 (cycle 36661)
  [115] ✓ LOAD_VAL_MOD @ step 3882: 2 failures, 2855ms, outcome: REJECTED, exit: 101 [proof:GENERATED] G=memory
       r=0.110  T_new=0.00 F_new=0.39 F_rare=0.66 U=0 Q=0.43 Q_l=0.51 Q_g=0.85 dl=2 dg=1
       Value: 0x0022133C -> 0x000000FF
       Load destination: rd = x21 (s5)
       zkVM errors (1 lines):
         • [prover_impl.rs:280] verify segment (internal proof verification failed)
       Local constraints hit (2 unique):
         - MemoryWrite@mem.zir:100
           cycle=20832, step=3882, pc=0x00203C04, major=5, minor=2
         - MemoryWrite@mem.zir:99
           cycle=20832, step=3882, pc=0x00203C04, major=5, minor=2
       Global: memory permutation violated
         x21/s5: wrote 0x000000ff, expected 0x0022133c (cycle 41665)
  [116] ✓ INSTR_WORD_MOD_SUR @ step 2054: 0 failures, 2872ms, outcome: REJECTED, exit: 101 [proof:GENERATED] G=memory[GO]
       r=0.257  T_new=0.00 F_new=0.78 F_rare=1.00 U=0 Q=0.61 Q_l=1.00 Q_g=0.61 dl=0 dg=3
       Value: 0x01C12083 -> 0x01C42083
       Surgical: rs1 = 2 -> 8
       Original: LW x1, 28(x2)
       Mutated:  LW x1, 28(x8)
       zkVM errors (3 lines):
         • [prover_impl.rs:280] verify segment (internal proof verification failed)
         • [ffi.cpp:113] address mismatch at cycle 18708: preflight=0x3fffc022, actual=0x3fffc028
         • [kernels/cxx/ffi.cpp:208] SKIP THROW: memory peek not in preflight
       Global: memory permutation violated [GLOBAL-ONLY]
         x2/sp: unexpected write 0x00200060 (cycle 37362)
         x8/s0: expected write missing, needed 0x00200060 (cycle 37362)
         0x00205FF4 (code): wrote 0x01c12083, expected 0x01c42083 (cycle 37006)
  [117] ✓ INSTR_WORD_MOD_SUR @ step 2960: 0 failures, 2868ms, outcome: REJECTED, exit: 101 [proof:GENERATED] G=memory[GO]
       r=0.257  T_new=0.00 F_new=0.78 F_rare=1.00 U=0 Q=0.61 Q_l=1.00 Q_g=0.61 dl=0 dg=3
       Value: 0x00275713 -> 0x00275813
       Surgical: rd = 14 -> 16
       Original: SRLI x14, x14, 2
       Mutated:  SRLI x16, x14, 2
       zkVM errors (3 lines):
         • [prover_impl.rs:280] verify segment (internal proof verification failed)
         • [ffi.cpp:113] address mismatch at cycle 19688: preflight=0x3fffc02e, actual=0x3fffc030
         • [kernels/cxx/ffi.cpp:208] SKIP THROW: memory peek not in preflight
       Global: memory permutation violated [GLOBAL-ONLY]
         x14/a4: unexpected write 0x00000010 (cycle 39376)
         x16/a6: expected write missing, needed 0x00000010 (cycle 39376)
         0x0020567C (code): wrote 0x00275713, expected 0x00275813 (cycle 16134)
  [118] ✓ INSTR_WORD_MOD_SUR @ step 314: 0 failures, 2895ms, outcome: REJECTED, exit: 101 [proof:GENERATED] G=memory[GO]
       r=0.257  T_new=0.00 F_new=0.78 F_rare=1.00 U=0 Q=0.61 Q_l=1.00 Q_g=0.61 dl=0 dg=3
       Value: 0x800005B7 -> 0x80000037
       Surgical: rd = 11 -> 0
       Original: LUI x11, 0x80000000
       Mutated:  LUI x0, 0x80000000
       zkVM errors (3 lines):
         • [prover_impl.rs:280] verify segment (internal proof verification failed)
         • [ffi.cpp:113] address mismatch at cycle 16899: preflight=0x3fffc02b, actual=0x3fffc060
         • [kernels/cxx/ffi.cpp:208] SKIP THROW: memory peek not in preflight
       Global: memory permutation violated [GLOBAL-ONLY]
         x11/a1: unexpected write 0x80000000 (cycle 33782)
         0xFFFF0180 (data): expected write missing, needed 0x80000000 (cycle 33782)
         0x00200850 (code): wrote 0x800005b7, expected 0x80000037 (cycle 4846)
  [119] ✓ COMP_OUT_MOD @ step 1147: 2 failures, 2855ms, outcome: REJECTED, exit: 101 [proof:GENERATED] G=memory
       r=0.112  T_new=0.00 F_new=0.39 F_rare=0.68 U=0 Q=0.43 Q_l=0.51 Q_g=0.85 dl=2 dg=1
       Value: 0x00200390 -> 0x4823DD0A
       Destination: rd = x2 (sp)
       zkVM errors (1 lines):
         • [prover_impl.rs:280] verify segment (internal proof verification failed)
       Local constraints hit (2 unique):
         - MemoryWrite@mem.zir:100
           cycle=17791, step=1147, pc=0x00209A1C, major=0, minor=7
         - MemoryWrite@mem.zir:99
           cycle=17791, step=1147, pc=0x00209A1C, major=0, minor=7
       Global: memory permutation violated
         x2/sp: wrote 0x4823dd0a, expected 0x00200390 (cycle 35583)
  [120] ✓ INSTR_WORD_MOD_SUR @ step 1879: 0 failures, 2865ms, outcome: REJECTED, exit: 101 [proof:GENERATED] G=memory[GO]
       r=0.257  T_new=0.00 F_new=0.78 F_rare=1.00 U=0 Q=0.61 Q_l=1.00 Q_g=0.61 dl=0 dg=3
       Value: 0x0280006F -> 0x0280036F
       Surgical: rd = 0 -> 6
       Original: JAL x0, 40
       Mutated:  JAL x6, 40
       zkVM errors (3 lines):
         • [prover_impl.rs:280] verify segment (internal proof verification failed)
         • [ffi.cpp:113] address mismatch at cycle 18528: preflight=0x3fffc060, actual=0x3fffc026
         • [kernels/cxx/ffi.cpp:208] SKIP THROW: memory peek not in preflight
       Global: memory permutation violated [GLOBAL-ONLY]
         x6/t1: expected write missing, needed 0x00000000 (cycle 37055)
         0xFFFF0180 (data): unexpected write 0x00000000 (cycle 37055)
         0x0020AF48 (code): wrote 0x0280006f, expected 0x0280036f (cycle 22714)
  [121] ✓ INSTR_WORD_MOD_SUR @ step 182: 0 failures, 2845ms, outcome: REJECTED, exit: 101 [proof:GENERATED] G=memory[GO]
       r=0.257  T_new=0.00 F_new=0.78 F_rare=1.00 U=0 Q=0.61 Q_l=1.00 Q_g=0.61 dl=0 dg=3
       Value: 0x80050513 -> 0x800D0513
       Surgical: rs1 = 10 -> 26
       Original: ADDI x10, x10, -2048
       Mutated:  ADDI x10, x26, -2048
       zkVM errors (3 lines):
         • [prover_impl.rs:280] verify segment (internal proof verification failed)
         • [ffi.cpp:113] address mismatch at cycle 16761: preflight=0x3fffc02a, actual=0x3fffc03a
         • [kernels/cxx/ffi.cpp:208] SKIP THROW: memory peek not in preflight
       Global: memory permutation violated [GLOBAL-ONLY]
         x10/a0: unexpected write 0x00201000 (cycle 33521)
         x26/s10: expected write missing, needed 0x00201000 (cycle 33521)
         0x00200EB8 (code): wrote 0x80050513, expected 0x800d0513 (cycle 5870)
  [122] ✓ INSTR_WORD_MOD_SUR @ step 1137: 0 failures, 2882ms, outcome: REJECTED, exit: 101 [proof:GENERATED] G=memory[GO]
       r=0.257  T_new=0.00 F_new=0.78 F_rare=1.00 U=0 Q=0.61 Q_l=1.00 Q_g=0.61 dl=0 dg=3
       Value: 0x002215B7 -> 0x00221F37
       Surgical: rd = 11 -> 30
       Original: LUI x11, 0x221000
       Mutated:  LUI x30, 0x221000
       zkVM errors (3 lines):
         • [prover_impl.rs:280] verify segment (internal proof verification failed)
         • [ffi.cpp:113] address mismatch at cycle 17781: preflight=0x3fffc02b, actual=0x3fffc03e
         • [kernels/cxx/ffi.cpp:208] SKIP THROW: memory peek not in preflight
       Global: memory permutation violated [GLOBAL-ONLY]
         x11/a1: unexpected write 0x002003cf (cycle 35560)
         x30/t5: expected write missing, needed 0x002003cf (cycle 35560)
         0x0020B93C (code): wrote 0x002215b7, expected 0x00221f37 (cycle 23662)
  [123] ✓ INSTR_WORD_MOD_SUR @ step 1445: 1 failures, 2849ms, outcome: REJECTED, exit: 101 [proof:GENERATED] G=memory
       r=0.163  T_new=0.00 F_new=0.39 F_rare=0.72 U=0 Q=0.61 Q_l=0.72 Q_g=0.85 dl=1 dg=1
       Value: 0x00150513 -> 0x00150537
       Surgical: opcode = 19 -> 55
       Original: ADDI x10, x10, 1
       Mutated:  LUI x10, 0x150000
       zkVM errors (1 lines):
         • [prover_impl.rs:280] verify segment (internal proof verification failed)
       Local constraints hit (1 unique):
         - VerifyOpcodeF3@inst.zir:96
           cycle=18089, step=1445, pc=0x002184D4, major=0, minor=7
       Global: memory permutation violated
         0x002184D0 (code): wrote 0x00150513, expected 0x00150537 (cycle 36164)
  [124] ✓ INSTR_TYPE_MOD @ step 583: 3 failures, 2868ms, outcome: REJECTED, exit: 101 [proof:GENERATED]
       r=0.063  T_new=0.00 F_new=0.00 F_rare=0.71 U=0 Q=0.37 Q_l=0.37 Q_g=1.00 dl=3 dg=0
       Value: 0x00000007 -> 0x00000004
       Original: AddI [major=0, minor=7]
       Mutated:  And [major=0, minor=4]
       zkVM errors (1 lines):
         • [prover_impl.rs:280] verify segment (internal proof verification failed)
       Local constraints hit (3 unique):
         - MemoryWrite@mem.zir:99
           cycle=17186, step=583, pc=0x00206154, major=0, minor=4
         - VerifyOpcodeF3F7@inst.zir:102
           cycle=17186, step=583, pc=0x00206154, major=0, minor=4
         - VerifyOpcodeF3F7@inst.zir:103
           cycle=17186, step=583, pc=0x00206154, major=0, minor=4
       Global: no permutation/lookup violations (local-only)
  [125] 💥 PRE_EXEC_REG_MOD @ step 2109: 2 failures, 493ms, outcome: CRASH, exit: -11 [proof:NOT_GENERATED]
       r=0.000  T_new=0.00 F_new=0.00 F_rare=0.00 U=0 Q=0.00 Q_l=0.00 Q_g=1.00 dl=0 dg=0
       Value: 0x002000E0 -> 0xF79FB797
       Register: x2 (sp), READ, strategy=next_read
       Local constraints hit (2 unique):
         - IsRead@mem.zir:79
           cycle=18763, step=2109, pc=0x00202510, major=6, minor=2
         - IsRead@mem.zir:80
           cycle=18763, step=2109, pc=0x00202510, major=6, minor=2
       Global: no permutation/lookup violations (local-only)
  [126] ✓ INSTR_WORD_MOD_SUR @ step 633: 1 failures, 2974ms, outcome: REJECTED, exit: 101 [proof:GENERATED] G=memory
       r=0.172  T_new=0.00 F_new=0.39 F_rare=0.79 U=0 Q=0.61 Q_l=0.72 Q_g=0.85 dl=1 dg=1
       Value: 0x00012623 -> 0x0001266F
       Surgical: opcode = 35 -> 111
       Original: SW x0, 12(x2)
       Mutated:  JAL x12, 73728
       zkVM errors (1 lines):
         • [prover_impl.rs:280] verify segment (internal proof verification failed)
       Local constraints hit (1 unique):
         - VerifyOpcodeF3@inst.zir:96
           cycle=17242, step=633, pc=0x0020095C, major=6, minor=2
       Global: memory permutation violated
         0x00200958 (code): wrote 0x00012623, expected 0x0001266f (cycle 5006)
  [127] ✓ INSTR_WORD_MOD_SUR @ step 2610: 0 failures, 2850ms, outcome: REJECTED, exit: 101 [proof:GENERATED] G=memory[GO]
       r=0.257  T_new=0.00 F_new=0.78 F_rare=1.00 U=0 Q=0.61 Q_l=1.00 Q_g=0.61 dl=0 dg=3
       Value: 0x00A66533 -> 0x00AC6533
       Surgical: rs1 = 12 -> 24
       Original: OR x10, x12, x10
       Mutated:  OR x10, x24, x10
       zkVM errors (3 lines):
         • [prover_impl.rs:280] verify segment (internal proof verification failed)
         • [ffi.cpp:113] address mismatch at cycle 19338: preflight=0x3fffc02c, actual=0x3fffc038
         • [kernels/cxx/ffi.cpp:208] SKIP THROW: memory peek not in preflight
       Global: memory permutation violated [GLOBAL-ONLY]
         x12/a2: unexpected write 0xc3d40000 (cycle 38675)
         x24/s8: expected write missing, needed 0xc3d40000 (cycle 38675)
         0x002015B0 (code): wrote 0x00a66533, expected 0x00ac6533 (cycle 6998)
  [128] ✓ INSTR_WORD_MOD_SUR @ step 1673: 1 failures, 2851ms, outcome: REJECTED, exit: 101 [proof:GENERATED] G=memory
       r=0.160  T_new=0.00 F_new=0.39 F_rare=0.70 U=0 Q=0.61 Q_l=0.72 Q_g=0.85 dl=1 dg=1
       Value: 0x00060A13 -> 0x00060A23
       Surgical: opcode = 19 -> 35
       Original: ADDI x20, x12, 0
       Mutated:  SB x0, 20(x12)
       zkVM errors (1 lines):
         • [prover_impl.rs:280] verify segment (internal proof verification failed)
       Local constraints hit (1 unique):
         - VerifyOpcodeF3@inst.zir:96
           cycle=18317, step=1673, pc=0x002096DC, major=0, minor=7
       Global: memory permutation violated
         0x002096D8 (code): wrote 0x00060a13, expected 0x00060a23 (cycle 20702)
  [129] ✓ STORE_OUT_MOD @ step 1276: 2 failures, 2877ms, outcome: REJECTED, exit: 101 [proof:GENERATED] G=memory
       r=0.110  T_new=0.00 F_new=0.39 F_rare=0.66 U=0 Q=0.43 Q_l=0.51 Q_g=0.85 dl=2 dg=1
       Value: 0x67E6096A -> 0x3EEBFBC6
       Store address: 0x00200310
       zkVM errors (1 lines):
         • [prover_impl.rs:280] verify segment (internal proof verification failed)
       Local constraints hit (2 unique):
         - MemoryWrite@mem.zir:100
           cycle=17920, step=1276, pc=0x00203438, major=6, minor=2
         - MemoryWrite@mem.zir:99
           cycle=17920, step=1276, pc=0x00203438, major=6, minor=2
       Global: memory permutation violated
         0x00200310 (data): wrote 0x3eebfbc6, expected 0x67e6096a (cycle 35841)
  [130] ✓ INSTR_WORD_MOD_SUR @ step 377: 1 failures, 2844ms, outcome: REJECTED, exit: 101 [proof:GENERATED] G=memory
       r=0.236  T_new=0.00 F_new=0.63 F_rare=1.00 U=0 Q=0.61 Q_l=0.72 Q_g=0.85 dl=1 dg=1
       Value: 0x00E888B3 -> 0xAEE888B3
       Surgical: funct7 = 0 -> 87
       Original: ADD x17, x17, x14
       Mutated:  ADD x17, x17, x14
       zkVM errors (1 lines):
         • [prover_impl.rs:280] verify segment (internal proof verification failed)
       Local constraints hit (1 unique):
         - VerifyOpcodeF3F7@inst.zir:104
           cycle=16968, step=377, pc=0x002061B4, major=0, minor=0
       Global: memory permutation violated
         0x002061B0 (code): wrote 0x00e888b3, expected 0xaee888b3 (cycle 33766)
  [131] ✓ INSTR_WORD_MOD_SUR @ step 124: 0 failures, 2844ms, outcome: REJECTED, exit: 101 [proof:GENERATED] G=memory[GO]
       r=0.257  T_new=0.00 F_new=0.78 F_rare=1.00 U=0 Q=0.61 Q_l=1.00 Q_g=0.61 dl=0 dg=3
       Value: 0xABD982B7 -> 0xABD98737
       Surgical: rd = 5 -> 14
       Original: LUI x5, 0xabd98000
       Mutated:  LUI x14, 0xabd98000
       zkVM errors (3 lines):
         • [prover_impl.rs:280] verify segment (internal proof verification failed)
         • [ffi.cpp:113] address mismatch at cycle 16697: preflight=0x3fffc025, actual=0x3fffc02e
         • [kernels/cxx/ffi.cpp:208] SKIP THROW: memory peek not in preflight
       Global: memory permutation violated [GLOBAL-ONLY]
         x5/t0: unexpected write 0x00000000 (cycle 31934)
         x14/a4: expected write missing, needed 0x00000000 (cycle 31934)
         0x002010AC (code): wrote 0xabd982b7, expected 0xabd98737 (cycle 6194)
  [132] ✓ LOAD_VAL_MOD @ step 568: 2 failures, 2844ms, outcome: REJECTED, exit: 101 [proof:GENERATED] G=memory
       r=0.109  T_new=0.00 F_new=0.39 F_rare=0.65 U=0 Q=0.43 Q_l=0.51 Q_g=0.85 dl=2 dg=1
       Value: 0x00000000 -> 0x97265810
       Load destination: rd = x11 (a1)
       zkVM errors (1 lines):
         • [prover_impl.rs:280] verify segment (internal proof verification failed)
       Local constraints hit (2 unique):
         - MemoryWrite@mem.zir:100
           cycle=17171, step=568, pc=0x002031A0, major=5, minor=2
         - MemoryWrite@mem.zir:99
           cycle=17171, step=568, pc=0x002031A0, major=5, minor=2
       Global: memory permutation violated
         x11/a1: wrote 0x97265810, expected 0x00000000 (cycle 34343)
  [133] ✓ INSTR_WORD_MOD_SUR @ step 661: 0 failures, 2839ms, outcome: REJECTED, exit: 101 [proof:GENERATED] G=memory[GO]
       r=0.257  T_new=0.00 F_new=0.78 F_rare=1.00 U=0 Q=0.61 Q_l=1.00 Q_g=0.61 dl=0 dg=3
       Value: 0x00200293 -> 0x00200313
       Surgical: rd = 5 -> 6
       Original: ADDI x5, x0, 2
       Mutated:  ADDI x6, x0, 2
       zkVM errors (3 lines):
         • [prover_impl.rs:280] verify segment (internal proof verification failed)
         • [ffi.cpp:113] address mismatch at cycle 17270: preflight=0x3fffc025, actual=0x3fffc026
         • [kernels/cxx/ffi.cpp:208] SKIP THROW: memory peek not in preflight
       Global: memory permutation violated [GLOBAL-ONLY]
         x5/t0: unexpected write 0x00000002 (cycle 34390)
         x6/t1: expected write missing, needed 0x00000002 (cycle 34390)
         0x00206150 (code): wrote 0x00200293, expected 0x00200313 (cycle 34372)
  [134] ✓ INSTR_WORD_MOD_SUR @ step 1723: 0 failures, 2851ms, outcome: REJECTED, exit: 101 [proof:GENERATED] G=memory[GO]
       r=0.257  T_new=0.00 F_new=0.78 F_rare=1.00 U=0 Q=0.61 Q_l=1.00 Q_g=0.61 dl=0 dg=3
       Value: 0x0005C703 -> 0x0005C103
       Surgical: rd = 14 -> 2
       Original: LBU x14, 0(x11)
       Mutated:  LBU x2, 0(x11)
       zkVM errors (3 lines):
         • [prover_impl.rs:280] verify segment (internal proof verification failed)
         • [ffi.cpp:113] address mismatch at cycle 18367: preflight=0x3fffc02e, actual=0x3fffc022
         • [kernels/cxx/ffi.cpp:208] SKIP THROW: memory peek not in preflight
       Global: memory permutation violated [GLOBAL-ONLY]
         x2/sp: expected write missing, needed 0x00000053 (cycle 36722)
         x14/a4: unexpected write 0x00000053 (cycle 36722)
         0x002184C0 (code): wrote 0x0005c703, expected 0x0005c103 (cycle 36720)
  [135] ✓ INSTR_WORD_MOD_SUR @ step 2130: 1 failures, 2863ms, outcome: REJECTED, exit: 101 [proof:GENERATED] G=memory
       r=0.172  T_new=0.00 F_new=0.39 F_rare=0.79 U=0 Q=0.61 Q_l=0.72 Q_g=0.85 dl=1 dg=1
       Value: 0x00B775B3 -> 0x00B77597
       Surgical: opcode = 51 -> 23
       Original: AND x11, x14, x11
       Mutated:  AUIPC x11, 0xb77000
       zkVM errors (1 lines):
         • [prover_impl.rs:280] verify segment (internal proof verification failed)
       Local constraints hit (1 unique):
         - VerifyOpcodeF3F7@inst.zir:102
           cycle=18784, step=2130, pc=0x00205E18, major=0, minor=4
       Global: memory permutation violated
         0x00205E14 (code): wrote 0x00b775b3, expected 0x00b77597 (cycle 17362)
  [136] ✓ COMP_OUT_MOD @ step 2201: 2 failures, 2854ms, outcome: REJECTED, exit: 101 [proof:GENERATED] G=memory
       r=0.111  T_new=0.00 F_new=0.39 F_rare=0.67 U=0 Q=0.43 Q_l=0.51 Q_g=0.85 dl=2 dg=1
       Value: 0x00000024 -> 0x010120AC
       Destination: rd = x11 (a1)
       zkVM errors (1 lines):
         • [prover_impl.rs:280] verify segment (internal proof verification failed)
       Local constraints hit (2 unique):
         - MemoryWrite@mem.zir:100
           cycle=18855, step=2201, pc=0x00201EC8, major=0, minor=7
         - MemoryWrite@mem.zir:99
           cycle=18855, step=2201, pc=0x00201EC8, major=0, minor=7
       Global: memory permutation violated
         x11/a1: wrote 0x010120ac, expected 0x00000024 (cycle 37711)
  [137] ✓ INSTR_WORD_MOD_FULL @ step 2635: 1 failures, 2878ms, outcome: REJECTED, exit: 101 [proof:GENERATED] G=memory
       r=0.144  T_new=0.00 F_new=0.95 F_rare=1.00 U=0 Q=0.31 Q_l=0.72 Q_g=0.43 dl=1 dg=5
       Value: 0xF40592E3 -> 0xF0978AE3
       Original: BNE x11, x0, -188
       Mutated:  BEQ x15, x9, -236
       zkVM errors (3 lines):
         • [prover_impl.rs:280] verify segment (internal proof verification failed)
         • [ffi.cpp:113] address mismatch at cycle 19363: preflight=0x3fffc02b, actual=0x3fffc02f
         • [kernels/cxx/ffi.cpp:208] SKIP THROW: memory peek not in preflight
       Local constraints hit (1 unique):
         - VerifyOpcodeF3@inst.zir:97
           cycle=19363, step=2635, pc=0x0020340C, major=1, minor=6
       Global: memory permutation violated
         x0/zero: unexpected write 0x00000000 (cycle 38722)
         x9/s1: expected write missing, needed 0x00000000 (cycle 38722)
         x11/a1: unexpected write 0x00000000 (cycle 38725)
         x15/a5: expected write missing, needed 0x00000000 (cycle 38725)
         0x00203408 (code): wrote 0xf40592e3, expected 0xf0978ae3 (cycle 37772)
  [138] ✓ INSTR_WORD_MOD_SUR @ step 2367: 1 failures, 2896ms, outcome: REJECTED, exit: 101 [proof:GENERATED] G=memory
       r=0.184  T_new=0.00 F_new=0.78 F_rare=1.00 U=0 Q=0.43 Q_l=0.72 Q_g=0.61 dl=1 dg=3
       Value: 0x00B6AA23 -> 0xF8B6AB23
       Surgical: imm = 20 -> 3990
       Original: SW x11, 20(x13)
       Mutated:  SW x11, -106(x13)
       zkVM errors (3 lines):
         • [prover_impl.rs:280] verify segment (internal proof verification failed)
         • [ffi.cpp:113] address mismatch at cycle 19021: preflight=0x000800c9, actual=0x000800a9
         • [kernels/cxx/ffi.cpp:208] SKIP THROW: memory peek not in preflight
       Local constraints hit (1 unique):
         - OpSW@inst_mem.zir:161
           cycle=19021, step=2367, pc=0x00203294, major=6, minor=2
       Global: memory permutation violated
         0x002002A4 (data): expected write missing, needed 0x00000000 (cycle 37839)
         0x00200324 (data): unexpected write 0x00000000 (cycle 37839)
         0x00203290 (code): wrote 0x00b6aa23, expected 0xf8b6ab23 (cycle 33320)
  [139] ✓ MEM_VAL_MOD @ step 2267: 1 failures, 3005ms, outcome: REJECTED, exit: 101 [proof:GENERATED] G=memory
       r=0.162  T_new=0.00 F_new=0.39 F_rare=0.72 U=0 Q=0.61 Q_l=0.72 Q_g=0.85 dl=1 dg=1
       Value: 0x19CDE05B -> 0x19CDE15B
       Transaction: store_rmw_read (READ) at address 0x0020032c
       zkVM errors (1 lines):
         • [prover_impl.rs:280] verify segment (internal proof verification failed)
       Local constraints hit (1 unique):
         - IsRead@mem.zir:79
           cycle=18921, step=2267, pc=0x00203438, major=6, minor=2
       Global: memory permutation violated
         0x0020032C (data): wrote 0x19cde15b, expected 0x19cde05b (cycle 37842)
  [140] ✓ INSTR_WORD_MOD_SUR @ step 3846: 0 failures, 2859ms, outcome: REJECTED, exit: 101 [proof:GENERATED] G=memory[GO]
       r=0.257  T_new=0.00 F_new=0.78 F_rare=1.00 U=0 Q=0.61 Q_l=1.00 Q_g=0.61 dl=0 dg=3
       Value: 0x01052583 -> 0x01052A03
       Surgical: rd = 11 -> 20
       Original: LW x11, 16(x10)
       Mutated:  LW x20, 16(x10)
       zkVM errors (3 lines):
         • [prover_impl.rs:280] verify segment (internal proof verification failed)
         • [ffi.cpp:113] address mismatch at cycle 20796: preflight=0x3fffc02b, actual=0x3fffc034
         • [kernels/cxx/ffi.cpp:208] SKIP THROW: memory peek not in preflight
       Global: memory permutation violated [GLOBAL-ONLY]
         x11/a1: unexpected write 0x7e54655d (cycle 41584)
         x20/s4: expected write missing, needed 0x7e54655d (cycle 41584)
         0x00204D4C (code): wrote 0x01052583, expected 0x01052a03 (cycle 14666)
  [141] ✓ INSTR_WORD_MOD_SUR @ step 1881: 1 failures, 2846ms, outcome: REJECTED, exit: 101 [proof:GENERATED] G=memory
       r=0.157  T_new=0.00 F_new=0.39 F_rare=0.69 U=0 Q=0.61 Q_l=0.72 Q_g=0.85 dl=1 dg=1
       Value: 0xA8A58593 -> 0xA8A585FB
       Surgical: opcode = 19 -> 123
       Original: ADDI x11, x11, -1398
       Mutated:  UNKNOWN 0xa8a585fb
       zkVM errors (1 lines):
         • [prover_impl.rs:280] verify segment (internal proof verification failed)
       Local constraints hit (1 unique):
         - VerifyOpcodeF3@inst.zir:96
           cycle=18530, step=1881, pc=0x0020AF78, major=0, minor=7
       Global: memory permutation violated
         0x0020AF74 (code): wrote 0xa8a58593, expected 0xa8a585fb (cycle 22734)
  [142] ✓ INSTR_WORD_MOD_SUR @ step 2075: 0 failures, 2837ms, outcome: REJECTED, exit: 101 [proof:GENERATED] G=memory[GO]
       r=0.257  T_new=0.00 F_new=0.78 F_rare=1.00 U=0 Q=0.61 Q_l=1.00 Q_g=0.61 dl=0 dg=3
       Value: 0x00008067 -> 0x00008BE7
       Surgical: rd = 0 -> 23
       Original: JALR x0, x1, 0
       Mutated:  JALR x23, x1, 0
       zkVM errors (3 lines):
         • [prover_impl.rs:280] verify segment (internal proof verification failed)
         • [ffi.cpp:113] address mismatch at cycle 18729: preflight=0x3fffc060, actual=0x3fffc037
         • [kernels/cxx/ffi.cpp:208] SKIP THROW: memory peek not in preflight
       Global: memory permutation violated [GLOBAL-ONLY]
         x23/s7: expected write missing, needed 0x00209760 (cycle 37439)
         0xFFFF0180 (data): unexpected write 0x00209760 (cycle 37439)
         0x002097D4 (code): wrote 0x00008067, expected 0x00008be7 (cycle 37048)
  [143] ✓ INSTR_WORD_MOD_SUR @ step 3929: 1 failures, 2874ms, outcome: REJECTED, exit: 101 [proof:GENERATED] G=memory
       r=0.166  T_new=0.00 F_new=0.39 F_rare=0.75 U=0 Q=0.61 Q_l=0.72 Q_g=0.85 dl=1 dg=1
       Value: 0x00000073 -> 0x00008073
       Surgical: rs1 = 0 -> 1
       Original: ECALL x0, x0, 0
       Mutated:  ECALL x0, x1, 0
       zkVM errors (1 lines):
         • [prover_impl.rs:280] verify segment (internal proof verification failed)
       Local constraints hit (1 unique):
         - MachineECall@inst_ecall.zir:29
           cycle=20879, step=3929, pc=0xC00000F8, major=8, minor=0
       Global: memory permutation violated
         0xC00000F8 (data): wrote 0x00000073, expected 0x00008073 (cycle 30062)
  [144] ✓ INSTR_WORD_MOD_FULL @ step 2985: 0 failures, 2969ms, outcome: REJECTED, exit: 101 [proof:GENERATED] G=memory[GO]
       r=0.257  T_new=0.00 F_new=0.78 F_rare=1.00 U=0 Q=0.61 Q_l=1.00 Q_g=0.61 dl=0 dg=3
       Value: 0x0016B713 -> 0x0016BF13
       Original: SLTIU x14, x13, 1
       Mutated:  SLTIU x30, x13, 1
       zkVM errors (3 lines):
         • [prover_impl.rs:280] verify segment (internal proof verification failed)
         • [ffi.cpp:113] address mismatch at cycle 19713: preflight=0x3fffc02e, actual=0x3fffc03e
         • [kernels/cxx/ffi.cpp:208] SKIP THROW: memory peek not in preflight
       Global: memory permutation violated [GLOBAL-ONLY]
         x14/a4: unexpected write 0x00000015 (cycle 39382)
         x30/t5: expected write missing, needed 0x00000015 (cycle 39382)
         0x00205E08 (code): wrote 0x0016b713, expected 0x0016bf13 (cycle 39268)
  [145] ✓ INSTR_WORD_MOD_FULL @ step 1555: 1 failures, 2865ms, outcome: REJECTED, exit: 101 [proof:GENERATED] G=memory
       r=0.154  T_new=0.00 F_new=0.39 F_rare=0.67 U=0 Q=0.61 Q_l=0.72 Q_g=0.85 dl=1 dg=1
       Value: 0x00158593 -> 0x0015C593
       Original: ADDI x11, x11, 1
       Mutated:  XORI x11, x11, 1
       zkVM errors (1 lines):
         • [prover_impl.rs:280] verify segment (internal proof verification failed)
       Local constraints hit (1 unique):
         - VerifyOpcodeF3@inst.zir:97
           cycle=18199, step=1555, pc=0x002184CC, major=0, minor=7
       Global: memory permutation violated
         0x002184C8 (code): wrote 0x00158593, expected 0x0015c593 (cycle 36384)
  [146] ✓ STORE_OUT_MOD @ step 178: 2 failures, 2854ms, outcome: REJECTED, exit: 101 [proof:GENERATED] G=memory
       r=0.109  T_new=0.00 F_new=0.39 F_rare=0.65 U=0 Q=0.43 Q_l=0.51 Q_g=0.85 dl=2 dg=1
       Value: 0x00203F84 -> 0x0101FC20
       Store address: 0x002003ec
       zkVM errors (1 lines):
         • [prover_impl.rs:280] verify segment (internal proof verification failed)
       Local constraints hit (2 unique):
         - MemoryWrite@mem.zir:100
           cycle=16757, step=178, pc=0x00200EAC, major=6, minor=2
         - MemoryWrite@mem.zir:99
           cycle=16757, step=178, pc=0x00200EAC, major=6, minor=2
       Global: memory permutation violated
         0x002003EC (data): wrote 0x0101fc20, expected 0x00203f84 (cycle 33515)
  [147] ✓ INSTR_WORD_MOD_SUR @ step 1297: 1 failures, 2858ms, outcome: REJECTED, exit: 101 [proof:GENERATED] G=memory
       r=0.181  T_new=0.00 F_new=0.39 F_rare=0.85 U=0 Q=0.61 Q_l=0.72 Q_g=0.85 dl=1 dg=1
       Value: 0x00F6A023 -> 0x00F6D023
       Surgical: funct3 = 2 -> 5
       Original: SW x15, 0(x13)
       Mutated:  STORE.5 x15, 0(x13)
       zkVM errors (1 lines):
         • [prover_impl.rs:280] verify segment (internal proof verification failed)
       Local constraints hit (1 unique):
         - VerifyOpcodeF3@inst.zir:97
           cycle=17941, step=1297, pc=0x0020342C, major=6, minor=2
       Global: memory permutation violated
         0x00203428 (code): wrote 0x00f6a023, expected 0x00f6d023 (cycle 35858)
  [148] ✓ MEM_VAL_MOD @ step 0: 9 failures, 2853ms, outcome: REJECTED, exit: 101 [proof:GENERATED] [+1 new] G=memory
       r=0.184  T_new=0.00 F_new=0.78 F_rare=1.00 U=0 Q=0.43 Q_l=0.51 Q_g=0.85 dl=2 dg=1
       Value: 0x00078593 -> 0x00068593
       Transaction: other_mem_read (READ) at address 0x00206188
       zkVM errors (2 lines):
         • [prover_impl.rs:280] verify segment (internal proof verification failed)
         • [kernels/cxx/buffers.h:43] SKIP THROW: Inconsistent set
       Local constraints hit (2 unique):
         - IsRead@mem.zir:80
           cycle=8963, step=0, pc=0x00000000, major=9, minor=2
         - PoseidonCheckOut@inst_p2.zir:265 (x8)
           cycle=9163, step=0, pc=0x00000000, major=9, minor=5
       Global: memory permutation violated
         0x00206188 (code): wrote 0x00068593, expected 0x00078593 (cycle 17926)
  [149] ✓ COMP_OUT_MOD @ step 3500: 2 failures, 2848ms, outcome: REJECTED, exit: 101 [proof:GENERATED] G=memory
       r=0.110  T_new=0.00 F_new=0.39 F_rare=0.66 U=0 Q=0.43 Q_l=0.51 Q_g=0.85 dl=2 dg=1
       Value: 0x0022156F -> 0xDC00C35D
       Destination: rd = x11 (a1)
       zkVM errors (1 lines):
         • [prover_impl.rs:280] verify segment (internal proof verification failed)
       Local constraints hit (2 unique):
         - MemoryWrite@mem.zir:100
           cycle=20302, step=3500, pc=0x002053A8, major=0, minor=7
         - MemoryWrite@mem.zir:99
           cycle=20302, step=3500, pc=0x002053A8, major=0, minor=7
       Global: memory permutation violated
         x11/a1: wrote 0xdc00c35d, expected 0x0022156f (cycle 40605)
  [150] ✓ INSTR_WORD_MOD_FULL @ step 3711: 0 failures, 2870ms, outcome: REJECTED, exit: 101 [proof:GENERATED] G=memory[GO]
       r=0.256  T_new=0.00 F_new=0.78 F_rare=1.00 U=0 Q=0.61 Q_l=1.00 Q_g=0.61 dl=0 dg=3
       Value: 0xFEB68EA3 -> 0xFEB68AA3
       Original: SB x11, -3(x13)
       Mutated:  SB x11, -11(x13)
       zkVM errors (3 lines):
         • [prover_impl.rs:280] verify segment (internal proof verification failed)
         • [ffi.cpp:113] address mismatch at cycle 20587: preflight=0x00088593, actual=0x00088591
         • [kernels/cxx/ffi.cpp:208] SKIP THROW: memory peek not in preflight
       Global: memory permutation violated [GLOBAL-ONLY]
         0x00203224 (code): wrote 0xfeb68ea3, expected 0xfeb68aa3 (cycle 39574)
         0x00221644 (code): expected write missing, needed 0x00000000 (cycle 41171)
         0x0022164C (code): unexpected write 0x00000000 (cycle 41171)
  [151] ✓ INSTR_WORD_MOD_FULL @ step 2587: 3 failures, 2864ms, outcome: REJECTED, exit: 101 [proof:GENERATED] G=memory
       r=0.064  T_new=0.00 F_new=0.99 F_rare=1.00 U=0 Q=0.14 Q_l=0.37 Q_g=0.37 dl=3 dg=6
       Value: 0x00C6E633 -> 0x4355A76F
       Original: OR x12, x13, x12
       Mutated:  JAL x14, 371764
       Format changed: R -> J
       zkVM errors (3 lines):
         • [prover_impl.rs:280] verify segment (internal proof verification failed)
         • [ffi.cpp:113] address mismatch at cycle 19315: preflight=0x3fffc02d, actual=0x3fffc02b
         • [kernels/cxx/ffi.cpp:208] SKIP THROW: memory peek not in preflight
       Local constraints hit (3 unique):
         - VerifyOpcodeF3F7@inst.zir:102
           cycle=19315, step=2587, pc=0x00201558, major=0, minor=3
         - VerifyOpcodeF3F7@inst.zir:103
           cycle=19315, step=2587, pc=0x00201558, major=0, minor=3
         - VerifyOpcodeF3F7@inst.zir:104
           cycle=19315, step=2587, pc=0x00201558, major=0, minor=3
       Global: memory permutation violated
         x11/a1: expected write missing, needed 0xbc000000 (cycle 38627)
         x12/a2: unexpected write 0x00e10000 (cycle 38625)
         x13/a3: unexpected write 0xbc000000 (cycle 38627)
         x14/a4: expected write missing, needed 0x00e10000 (cycle 38630)
         x21/s5: expected write missing, needed 0x00e10000 (cycle 38625)
         0x00201554 (code): wrote 0x00c6e633, expected 0x4355a76f (cycle 6938)
  [152] ✓ LOAD_VAL_MOD @ step 1371: 2 failures, 2919ms, outcome: REJECTED, exit: 101 [proof:GENERATED] G=memory
       r=0.116  T_new=0.00 F_new=0.39 F_rare=0.72 U=0 Q=0.43 Q_l=0.51 Q_g=0.85 dl=2 dg=1
       Value: 0x000000BB -> 0x9F47F940
       Load destination: rd = x14 (a4)
       zkVM errors (1 lines):
         • [prover_impl.rs:280] verify segment (internal proof verification failed)
       Local constraints hit (2 unique):
         - MemoryWrite@mem.zir:100
           cycle=18015, step=1371, pc=0x002184C4, major=5, minor=3
         - MemoryWrite@mem.zir:99
           cycle=18015, step=1371, pc=0x002184C4, major=5, minor=3
       Global: memory permutation violated
         x14/a4: wrote 0x9f47f940, expected 0x000000bb (cycle 36031)
  [153] ✓ INSTR_WORD_MOD_SUR @ step 236: 1 failures, 2839ms, outcome: REJECTED, exit: 101 [proof:GENERATED] G=memory
       r=0.166  T_new=0.00 F_new=0.39 F_rare=0.75 U=0 Q=0.61 Q_l=0.72 Q_g=0.85 dl=1 dg=1
       Value: 0x03512223 -> 0x03512203
       Surgical: opcode = 35 -> 3
       Original: SW x21, 36(x2)
       Mutated:  LW x4, 53(x2)
       zkVM errors (1 lines):
         • [prover_impl.rs:280] verify segment (internal proof verification failed)
       Local constraints hit (1 unique):
         - VerifyOpcodeF3@inst.zir:96
           cycle=16815, step=236, pc=0x00200820, major=6, minor=2
       Global: memory permutation violated
         0x0020081C (code): wrote 0x03512223, expected 0x03512203 (cycle 4806)
  [154] ✓ MEM_VAL_MOD @ step 2999: 1 failures, 2848ms, outcome: REJECTED, exit: 101 [proof:GENERATED] G=memory
       r=0.236  T_new=0.00 F_new=0.63 F_rare=1.00 U=0 Q=0.61 Q_l=0.72 Q_g=0.85 dl=1 dg=1
       Value: 0x00000000 -> 0x20000000
       Transaction: other_mem_write (WRITE) at address 0xffff0180
       zkVM errors (1 lines):
         • [prover_impl.rs:280] verify segment (internal proof verification failed)
       Local constraints hit (1 unique):
         - MemoryWrite@mem.zir:100
           cycle=19727, step=2999, pc=0x002056C4, major=1, minor=5
       Global: memory permutation violated
         0xFFFF0180 (data): wrote 0x20000000, expected 0x00000000 (cycle 39455)
  [155] ✓ MEM_VAL_MOD @ step 3929: 0 failures, 2864ms, outcome: REJECTED, exit: 101 [proof:GENERATED] G=memory[GO]
       r=0.282  T_new=0.00 F_new=0.39 F_rare=1.00 U=0 Q=0.85 Q_l=1.00 Q_g=0.85 dl=0 dg=1
       Value: 0x53171BA6 -> 0xD356C8A6
       Transaction: other_mem_read (READ) at address 0x10fffff80
       zkVM errors (2 lines):
         • [prover_impl.rs:280] verify segment (internal proof verification failed)
         • [kernels/cxx/buffers.h:43] SKIP THROW: Inconsistent set
       Global: memory permutation violated [GLOBAL-ONLY]
         0x10FFFFF80 (data): wrote 0xd356c8a6, expected 0x53171ba6 (cycle 46292)
  [156] ✓ MEM_VAL_MOD @ step 2293: 1 failures, 2874ms, outcome: REJECTED, exit: 101 [proof:GENERATED] G=memory
       r=0.236  T_new=0.00 F_new=0.63 F_rare=1.00 U=0 Q=0.61 Q_l=0.72 Q_g=0.85 dl=1 dg=1
       Value: 0x00000000 -> 0x00000004
       Transaction: other_mem_write (WRITE) at address 0xffff0180
       zkVM errors (1 lines):
         • [prover_impl.rs:280] verify segment (internal proof verification failed)
       Local constraints hit (1 unique):
         - MemoryWrite@mem.zir:99
           cycle=18947, step=2293, pc=0x00203470, major=1, minor=5
       Global: memory permutation violated
         0xFFFF0180 (data): wrote 0x00000004, expected 0x00000000 (cycle 37895)
  [157] ✓ MEM_VAL_MOD @ step 833: 2 failures, 2877ms, outcome: REJECTED, exit: 101 [proof:GENERATED] G=memory
       r=0.108  T_new=0.00 F_new=0.39 F_rare=0.64 U=0 Q=0.43 Q_l=0.51 Q_g=0.85 dl=2 dg=1
       Value: 0x0020036C -> 0xE49E55C7
       Transaction: load_mem_read (WRITE) at address 0xffff002c
       zkVM errors (1 lines):
         • [prover_impl.rs:280] verify segment (internal proof verification failed)
       Local constraints hit (2 unique):
         - MemoryWrite@mem.zir:100
           cycle=17454, step=833, pc=0xC0000140, major=5, minor=2
         - MemoryWrite@mem.zir:99
           cycle=17454, step=833, pc=0xC0000140, major=5, minor=2
       Global: memory permutation violated
         0xFFFF002C (data): wrote 0xe49e55c7, expected 0x0020036c (cycle 34909)
  [158] ✓ MEM_VAL_MOD @ step 3307: 2 failures, 2857ms, outcome: REJECTED, exit: 101 [proof:GENERATED] G=memory
       r=0.116  T_new=0.00 F_new=0.39 F_rare=0.72 U=0 Q=0.43 Q_l=0.51 Q_g=0.85 dl=2 dg=1
       Value: 0x002052E4 -> 0xFDDFAD9B
       Transaction: other_mem_write (WRITE) at address 0xffff0180
       zkVM errors (1 lines):
         • [prover_impl.rs:280] verify segment (internal proof verification failed)
       Local constraints hit (2 unique):
         - MemoryWrite@mem.zir:100
           cycle=20109, step=3307, pc=0x00204C3C, major=2, minor=4
         - MemoryWrite@mem.zir:99
           cycle=20109, step=3307, pc=0x00204C3C, major=2, minor=4
       Global: memory permutation violated
         0xFFFF0180 (data): wrote 0xfddfad9b, expected 0x002052e4 (cycle 40219)
  [159] ✓ INSTR_WORD_MOD_SUR @ step 3041: 1 failures, 2847ms, outcome: REJECTED, exit: 101 [proof:GENERATED] G=memory
       r=0.156  T_new=0.00 F_new=0.39 F_rare=0.68 U=0 Q=0.61 Q_l=0.72 Q_g=0.85 dl=1 dg=1
       Value: 0x08000593 -> 0x080005B7
       Surgical: opcode = 19 -> 55
       Original: ADDI x11, x0, 128
       Mutated:  LUI x11, 0x8000000
       zkVM errors (1 lines):
         • [prover_impl.rs:280] verify segment (internal proof verification failed)
       Local constraints hit (1 unique):
         - VerifyOpcodeF3@inst.zir:96
           cycle=19769, step=3041, pc=0x00205760, major=0, minor=7
       Global: memory permutation violated
         0x0020575C (code): wrote 0x08000593, expected 0x080005b7 (cycle 16274)
  [160] ✓ INSTR_TYPE_MOD @ step 3052: 6 failures, 2877ms, outcome: REJECTED, exit: 101 [proof:GENERATED] G=memory|cycle
       r=0.028  T_new=0.00 F_new=0.99 F_rare=1.00 U=0 Q=0.06 Q_l=0.14 Q_g=0.43 dl=6 dg=5
       Value: 0x00000007 -> 0x00060000
       Original: AddI [major=0, minor=7]
       Mutated:  Sb [major=6, minor=0]
       zkVM errors (3 lines):
         • [prover_impl.rs:280] verify segment (internal proof verification failed)
         • [ffi.cpp:113] address mismatch at cycle 19780: preflight=0x3fffc02e, actual=0x00000003
         • [kernels/cxx/ffi.cpp:208] SKIP THROW: memory peek not in preflight
       Local constraints hit (6 unique):
         - AddrDecomposeBits@u32.zir:87
           cycle=19780, step=3052, pc=0x0020320C, major=6, minor=0
         - IsRead@mem.zir:79
           cycle=19780, step=3052, pc=0x0020320C, major=6, minor=0
         - IsRead@mem.zir:80
           cycle=19780, step=3052, pc=0x0020320C, major=6, minor=0
         - MemoryWrite@mem.zir:100
           cycle=19780, step=3052, pc=0x0020320C, major=6, minor=0
         - MemoryWrite@mem.zir:99
           cycle=19780, step=3052, pc=0x0020320C, major=6, minor=0
         - VerifyOpcodeF3@inst.zir:96
           cycle=19780, step=3052, pc=0x0020320C, major=6, minor=0
       Global: memory permutation violated
         0x0000000C (data): expected write missing, needed 0xfeb68fa3 (cycle 37976)
         x14/a4: unexpected write 0x0021ad38 (cycle 39523)
       Global: cycle lookup violated (3 indices broken)
         index 36: 19 provides, 1 uses (imbalanced)
         index 37: 38 provides, 1 uses (imbalanced)
         index 1584: 1 provides, 1 uses (imbalanced)
  [161] ✓ INSTR_WORD_MOD_SUR @ step 1341: 0 failures, 2857ms, outcome: REJECTED, exit: 101 [proof:GENERATED] G=memory[GO]
       r=0.281  T_new=0.00 F_new=0.39 F_rare=1.00 U=0 Q=0.85 Q_l=1.00 Q_g=0.85 dl=0 dg=1
       Value: 0x02060063 -> 0x96060BE3
       Surgical: imm = 32 -> 6518
       Original: BEQ x12, x0, 32
       Mutated:  BEQ x12, x0, -1674
       zkVM errors (1 lines):
         • [prover_impl.rs:280] verify segment (internal proof verification failed)
       Global: memory permutation violated [GLOBAL-ONLY]
         0x002184B8 (code): wrote 0x02060063, expected 0x96060be3 (cycle 24870)
  [162] ✓ INSTR_WORD_MOD_SUR @ step 2140: 0 failures, 2860ms, outcome: REJECTED, exit: 101 [proof:GENERATED] G=memory[GO]
       r=0.256  T_new=0.00 F_new=0.78 F_rare=1.00 U=0 Q=0.61 Q_l=1.00 Q_g=0.61 dl=0 dg=3
       Value: 0x00008067 -> 0x00008367
       Surgical: rd = 0 -> 6
       Original: JALR x0, x1, 0
       Mutated:  JALR x6, x1, 0
       zkVM errors (3 lines):
         • [prover_impl.rs:280] verify segment (internal proof verification failed)
         • [ffi.cpp:113] address mismatch at cycle 18794: preflight=0x3fffc060, actual=0x3fffc026
         • [kernels/cxx/ffi.cpp:208] SKIP THROW: memory peek not in preflight
       Global: memory permutation violated [GLOBAL-ONLY]
         x6/t1: expected write missing, needed 0x00000000 (cycle 37581)
         0xFFFF0180 (data): unexpected write 0x00000000 (cycle 37581)
         0x00205E3C (code): wrote 0x00008067, expected 0x00008367 (cycle 17382)
  [163] ✓ INSTR_WORD_MOD_SUR @ step 807: 1 failures, 2861ms, outcome: REJECTED, exit: 101 [proof:GENERATED] G=memory
       r=0.181  T_new=0.00 F_new=0.39 F_rare=0.85 U=0 Q=0.61 Q_l=0.72 Q_g=0.85 dl=1 dg=1
       Value: 0xF80080E7 -> 0xF8008093
       Surgical: opcode = 103 -> 19
       Original: JALR x1, x1, -128
       Mutated:  ADDI x1, x1, -128
       zkVM errors (1 lines):
         • [prover_impl.rs:280] verify segment (internal proof verification failed)
       Local constraints hit (1 unique):
         - VerifyOpcodeF3@inst.zir:96
           cycle=17428, step=807, pc=0x00206130, major=2, minor=4
       Global: memory permutation violated
         0x002031B4 (code): wrote 0xf80080e7, expected 0xf8008093 (cycle 34688)
  [164] ✓ INSTR_WORD_MOD_SUR @ step 2169: 0 failures, 2865ms, outcome: REJECTED, exit: 101 [proof:GENERATED] G=memory[GO]
       r=0.256  T_new=0.00 F_new=0.78 F_rare=1.00 U=0 Q=0.61 Q_l=1.00 Q_g=0.61 dl=0 dg=3
       Value: 0x00008067 -> 0x00008CE7
       Surgical: rd = 0 -> 25
       Original: JALR x0, x1, 0
       Mutated:  JALR x25, x1, 0
       zkVM errors (3 lines):
         • [prover_impl.rs:280] verify segment (internal proof verification failed)
         • [ffi.cpp:113] address mismatch at cycle 18823: preflight=0x3fffc060, actual=0x3fffc039
         • [kernels/cxx/ffi.cpp:208] SKIP THROW: memory peek not in preflight
       Global: memory permutation violated [GLOBAL-ONLY]
         x25/s9: expected write missing, needed 0x00202594 (cycle 37637)
         0xFFFF0180 (data): unexpected write 0x00202594 (cycle 37637)
         0x002024F8 (code): wrote 0x00008067, expected 0x00008ce7 (cycle 8166)
  [165] ✓ INSTR_WORD_MOD_SUR @ step 3637: 1 failures, 2847ms, outcome: REJECTED, exit: 101 [proof:GENERATED] G=memory
       r=0.184  T_new=0.00 F_new=0.78 F_rare=1.00 U=0 Q=0.43 Q_l=0.72 Q_g=0.61 dl=1 dg=3
       Value: 0x00098613 -> 0x54B98613
       Surgical: imm = 0 -> 1355
       Original: ADDI x12, x19, 0
       Mutated:  ADDI x12, x19, 1355
       zkVM errors (3 lines):
         • [prover_impl.rs:280] verify segment (internal proof verification failed)
         • [ffi.cpp:113] address mismatch at cycle 20513: preflight=0x3fffc020, actual=0x3fffc02b
         • [kernels/cxx/ffi.cpp:208] SKIP THROW: memory peek not in preflight
       Local constraints hit (1 unique):
         - MemoryWrite@mem.zir:99
           cycle=20513, step=3637, pc=0x00205750, major=0, minor=7
       Global: memory permutation violated
         x0/zero: unexpected write 0x00000000 (cycle 41024)
         x11/a1: expected write missing, needed 0x00000000 (cycle 41024)
         0x0020574C (code): wrote 0x00098613, expected 0x54b98613 (cycle 39468)
  [166] ✓ STORE_OUT_MOD @ step 1286: 2 failures, 2894ms, outcome: REJECTED, exit: 101 [proof:GENERATED] G=memory
       r=0.108  T_new=0.00 F_new=0.39 F_rare=0.64 U=0 Q=0.43 Q_l=0.51 Q_g=0.85 dl=2 dg=1
       Value: 0x72F36E3C -> 0x32D77E3C
       Store address: 0x00200318
       zkVM errors (1 lines):
         • [prover_impl.rs:280] verify segment (internal proof verification failed)
       Local constraints hit (2 unique):
         - MemoryWrite@mem.zir:100
           cycle=17930, step=1286, pc=0x00203430, major=6, minor=2
         - MemoryWrite@mem.zir:99
           cycle=17930, step=1286, pc=0x00203430, major=6, minor=2
       Global: memory permutation violated
         0x00200318 (data): wrote 0x32d77e3c, expected 0x72f36e3c (cycle 35861)
  [167] ✓ INSTR_WORD_MOD_SUR @ step 2354: 1 failures, 2852ms, outcome: REJECTED, exit: 101 [proof:GENERATED] G=memory
       r=0.236  T_new=0.00 F_new=0.63 F_rare=1.00 U=0 Q=0.61 Q_l=0.72 Q_g=0.85 dl=1 dg=1
       Value: 0x02E585B3 -> 0x02E585E7
       Surgical: opcode = 51 -> 103
       Original: ADD x11, x11, x14
       Mutated:  JALR x11, x11, 46
       zkVM errors (1 lines):
         • [prover_impl.rs:280] verify segment (internal proof verification failed)
       Local constraints hit (1 unique):
         - VerifyOpcodeF3F7@inst.zir:102
           cycle=19008, step=2354, pc=0x00203260, major=3, minor=2
       Global: memory permutation violated
         0x0020325C (code): wrote 0x02e585b3, expected 0x02e585e7 (cycle 33294)
  [168] ✓ INSTR_WORD_MOD_SUR @ step 3512: 0 failures, 2848ms, outcome: REJECTED, exit: 101 [proof:GENERATED] G=memory[GO]
       r=0.256  T_new=0.00 F_new=0.78 F_rare=1.00 U=0 Q=0.61 Q_l=1.00 Q_g=0.61 dl=0 dg=3
       Value: 0x02A77463 -> 0x02077463
       Surgical: rs2 = 10 -> 0
       Original: BGEU x14, x10, 40
       Mutated:  BGEU x14, x0, 40
       zkVM errors (3 lines):
         • [prover_impl.rs:280] verify segment (internal proof verification failed)
         • [ffi.cpp:113] address mismatch at cycle 20314: preflight=0x3fffc02a, actual=0x3fffc020
         • [kernels/cxx/ffi.cpp:208] SKIP THROW: memory peek not in preflight
       Global: memory permutation violated [GLOBAL-ONLY]
         x0/zero: expected write missing, needed 0x00000040 (cycle 40625)
         x10/a0: unexpected write 0x00000040 (cycle 40625)
         0x002053EC (code): wrote 0x02a77463, expected 0x02077463 (cycle 39322)
  [169] ✓ INSTR_WORD_MOD_SUR @ step 1279: 1 failures, 2871ms, outcome: REJECTED, exit: 101 [proof:GENERATED] G=memory
       r=0.153  T_new=0.00 F_new=0.39 F_rare=0.66 U=0 Q=0.61 Q_l=0.72 Q_g=0.85 dl=1 dg=1
       Value: 0x01068693 -> 0x0106A693
       Surgical: funct3 = 0 -> 2
       Original: ADDI x13, x13, 16
       Mutated:  SLTI x13, x13, 16
       zkVM errors (1 lines):
         • [prover_impl.rs:280] verify segment (internal proof verification failed)
       Local constraints hit (1 unique):
         - VerifyOpcodeF3@inst.zir:97
           cycle=17923, step=1279, pc=0x00203444, major=0, minor=7
       Global: memory permutation violated
         0x00203440 (code): wrote 0x01068693, expected 0x0106a693 (cycle 10642)
  [170] ✓ COMP_OUT_MOD @ step 3202: 1 failures, 2863ms, outcome: REJECTED, exit: 101 [proof:GENERATED] G=memory
       r=0.181  T_new=0.00 F_new=0.39 F_rare=0.85 U=0 Q=0.61 Q_l=0.72 Q_g=0.85 dl=1 dg=1
       Value: 0x00000000 -> 0x00000001
       Destination: rd = x25 (s9)
       zkVM errors (1 lines):
         • [prover_impl.rs:280] verify segment (internal proof verification failed)
       Local constraints hit (1 unique):
         - MemoryWrite@mem.zir:99
           cycle=20004, step=3202, pc=0x00204B6C, major=3, minor=1
       Global: memory permutation violated
         x25/s9: wrote 0x00000001, expected 0x00000000 (cycle 40009)
  [171] ✓ MEM_VAL_MOD @ step 3077: 2 failures, 2957ms, outcome: REJECTED, exit: 101 [proof:GENERATED] G=memory
       r=0.184  T_new=0.00 F_new=0.78 F_rare=1.00 U=0 Q=0.43 Q_l=0.51 Q_g=0.85 dl=2 dg=1
       Value: 0x00000000 -> 0x095C7FB7
       Transaction: other_mem_write (WRITE) at address 0xffff0180
       zkVM errors (1 lines):
         • [prover_impl.rs:280] verify segment (internal proof verification failed)
       Local constraints hit (2 unique):
         - MemoryWrite@mem.zir:100
           cycle=19805, step=3077, pc=0x00203270, major=2, minor=1
         - MemoryWrite@mem.zir:99
           cycle=19805, step=3077, pc=0x00203270, major=2, minor=1
       Global: memory permutation violated
         0xFFFF0180 (data): wrote 0x095c7fb7, expected 0x00000000 (cycle 39611)
  [172] ✓ INSTR_WORD_MOD_FULL @ step 3241: 0 failures, 2935ms, outcome: REJECTED, exit: 101 [proof:GENERATED] G=memory[GO]
       r=0.256  T_new=0.00 F_new=0.78 F_rare=1.00 U=0 Q=0.61 Q_l=1.00 Q_g=0.61 dl=0 dg=3
       Value: 0x00C10513 -> 0x00C90513
       Original: ADDI x10, x2, 12
       Mutated:  ADDI x10, x18, 12
       zkVM errors (3 lines):
         • [prover_impl.rs:280] verify segment (internal proof verification failed)
         • [ffi.cpp:113] address mismatch at cycle 20043: preflight=0x3fffc022, actual=0x3fffc032
         • [kernels/cxx/ffi.cpp:208] SKIP THROW: memory peek not in preflight
       Global: memory permutation violated [GLOBAL-ONLY]
         x2/sp: unexpected write 0x002001c0 (cycle 40084)
         x18/s2: expected write missing, needed 0x002001c0 (cycle 40084)
         0x00204BC8 (code): wrote 0x00c10513, expected 0x00c90513 (cycle 14422)
  [173] ✓ INSTR_WORD_MOD_FULL @ step 2616: 4 failures, 2898ms, outcome: REJECTED, exit: 101 [proof:GENERATED] G=memory
       r=0.024  T_new=0.00 F_new=0.99 F_rare=1.00 U=0 Q=0.05 Q_l=0.26 Q_g=0.19 dl=4 dg=10
       Value: 0xD20080E7 -> 0xAC8E4E17
       Original: JALR x1, x1, -736
       Mutated:  AUIPC x28, 0xac8e4000
       Format changed: I -> U
       zkVM errors (3 lines):
         • [prover_impl.rs:280] verify segment (internal proof verification failed)
         • [ffi.cpp:113] address mismatch at cycle 19344: preflight=0x3fffc021, actual=0x3fffc03c
         • [kernels/cxx/ffi.cpp:208] SKIP THROW: memory peek not in preflight
       Local constraints hit (3 unique):
         - MemoryWrite@mem.zir:99 (x2)
           cycle=19353, step=2625, pc=0x00205308, major=2, minor=6
         - VerifyOpcodeF3@inst.zir:96
           cycle=19344, step=2616, pc=0x002052E4, major=2, minor=4
         - VerifyOpcodeF3@inst.zir:97
           cycle=19344, step=2616, pc=0x002052E4, major=2, minor=4
       Global: memory permutation violated (25 addrs: 4 register, 21 code)
         x0/zero: unexpected write 0x00000000 (cycle 38686)
         x1/ra: unexpected write 0x002055c4 (cycle 38687)
         x8/s0: expected write missing, needed 0x00000000 (cycle 38686)
         + 21 code addresses diverged (instruction fetch cascade)
         + 1 more addresses
  [174] ✓ LOAD_VAL_MOD @ step 1468: 2 failures, 2870ms, outcome: REJECTED, exit: 101 [proof:GENERATED] G=memory
       r=0.114  T_new=0.00 F_new=0.39 F_rare=0.70 U=0 Q=0.43 Q_l=0.51 Q_g=0.85 dl=2 dg=1
       Value: 0x00000052 -> 0x00010000
       Load destination: rd = x13 (a3)
       zkVM errors (1 lines):
         • [prover_impl.rs:280] verify segment (internal proof verification failed)
       Local constraints hit (2 unique):
         - MemoryWrite@mem.zir:100
           cycle=18112, step=1468, pc=0x002184C0, major=5, minor=3
         - MemoryWrite@mem.zir:99
           cycle=18112, step=1468, pc=0x002184C0, major=5, minor=3
       Global: memory permutation violated
         x13/a3: wrote 0x00010000, expected 0x00000052 (cycle 36225)
  [175] ✓ INSTR_WORD_MOD_SUR @ step 3247: 1 failures, 2850ms, outcome: REJECTED, exit: 101 [proof:GENERATED] G=memory
       r=0.154  T_new=0.00 F_new=0.39 F_rare=0.67 U=0 Q=0.61 Q_l=0.72 Q_g=0.85 dl=1 dg=1
       Value: 0x00058B93 -> 0x00058BB7
       Surgical: opcode = 19 -> 55
       Original: ADDI x23, x11, 0
       Mutated:  LUI x23, 0x58000
       zkVM errors (1 lines):
         • [prover_impl.rs:280] verify segment (internal proof verification failed)
       Local constraints hit (1 unique):
         - VerifyOpcodeF3@inst.zir:96
           cycle=20049, step=3247, pc=0x00204BDC, major=0, minor=7
       Global: memory permutation violated
         0x00204BD8 (code): wrote 0x00058b93, expected 0x00058bb7 (cycle 14422)
  [176] ✓ COMP_OUT_MOD @ step 3075: 1 failures, 2853ms, outcome: REJECTED, exit: 101 [proof:GENERATED] G=memory
       r=0.236  T_new=0.00 F_new=0.63 F_rare=1.00 U=0 Q=0.61 Q_l=0.72 Q_g=0.85 dl=1 dg=1
       Value: 0x0022156C -> 0x0022156E
       Destination: rd = x14 (a4)
       zkVM errors (1 lines):
         • [prover_impl.rs:280] verify segment (internal proof verification failed)
       Local constraints hit (1 unique):
         - MemoryWrite@mem.zir:99
           cycle=19803, step=3075, pc=0x00203268, major=0, minor=0
       Global: memory permutation violated
         x14/a4: wrote 0x0022156e, expected 0x0022156c (cycle 39607)
  [177] ✓ COMP_OUT_MOD @ step 1060: 2 failures, 2864ms, outcome: REJECTED, exit: 101 [proof:GENERATED] G=memory
       r=0.109  T_new=0.00 F_new=0.39 F_rare=0.65 U=0 Q=0.43 Q_l=0.51 Q_g=0.85 dl=2 dg=1
       Value: 0x00000004 -> 0x860FD81E
       Destination: rd = x16 (a6)
       zkVM errors (1 lines):
         • [prover_impl.rs:280] verify segment (internal proof verification failed)
       Local constraints hit (2 unique):
         - MemoryWrite@mem.zir:100
           cycle=17699, step=1060, pc=0x00206320, major=0, minor=7
         - MemoryWrite@mem.zir:99
           cycle=17699, step=1060, pc=0x00206320, major=0, minor=7
       Global: memory permutation violated
         x16/a6: wrote 0x860fd81e, expected 0x00000004 (cycle 35399)
  [178] ✓ MEM_VAL_MOD @ step 1205: 5 failures, 2854ms, outcome: REJECTED, exit: 101 [proof:GENERATED] G=memory
       r=0.017  T_new=0.00 F_new=1.00 F_rare=1.00 U=0 Q=0.04 Q_l=0.19 Q_g=0.19 dl=5 dg=10
       Value: 0xF4DFF06F -> 0x9F0B7790
       Transaction: other_mem_read (READ) at address 0x00208ce4
       zkVM errors (3 lines):
         • [prover_impl.rs:280] verify segment (internal proof verification failed)
         • [ffi.cpp:113] address mismatch at cycle 17849: preflight=0x3fffc03f, actual=0x3fffc036
         • [kernels/cxx/ffi.cpp:208] SKIP THROW: memory peek not in preflight
       Local constraints hit (5 unique):
         - IsRead@mem.zir:79
           cycle=17849, step=1205, pc=0x00208C30, major=2, minor=3
         - IsRead@mem.zir:80
           cycle=17849, step=1205, pc=0x00208C30, major=2, minor=3
         - MemoryWrite@mem.zir:100
           cycle=17857, step=1213, pc=0x00209A64, major=2, minor=4
         - MemoryWrite@mem.zir:99
           cycle=17857, step=1213, pc=0x00209A64, major=2, minor=4
         - VerifyOpcode@inst.zir:91
           cycle=17849, step=1205, pc=0x00208C30, major=2, minor=3
       Global: memory permutation violated (23 addrs: 5 register, 9 code, 9 data)
         0x001BFED4 (data): expected write missing, needed 0x02c12083 (cycle 19638)
         0x001BFED8 (data): expected write missing, needed 0x02812403 (cycle 19638)
         0x001BFEDC (data): expected write missing, needed 0x02412483 (cycle 19638)
         + 9 code addresses diverged (instruction fetch cascade)
         + 11 more addresses
  [179] ✓ INSTR_WORD_MOD_SUR @ step 2126: 0 failures, 2857ms, outcome: REJECTED, exit: 101 [proof:GENERATED] G=memory[GO]
       r=0.256  T_new=0.00 F_new=0.78 F_rare=1.00 U=0 Q=0.61 Q_l=1.00 Q_g=0.61 dl=0 dg=3
       Value: 0x00D676B3 -> 0x00D67AB3
       Surgical: rd = 13 -> 21
       Original: AND x13, x12, x13
       Mutated:  AND x21, x12, x13
       zkVM errors (3 lines):
         • [prover_impl.rs:280] verify segment (internal proof verification failed)
         • [ffi.cpp:113] address mismatch at cycle 18780: preflight=0x3fffc02d, actual=0x3fffc035
         • [kernels/cxx/ffi.cpp:208] SKIP THROW: memory peek not in preflight
       Global: memory permutation violated [GLOBAL-ONLY]
         x13/a3: unexpected write 0x00000003 (cycle 37560)
         x21/s5: expected write missing, needed 0x00000003 (cycle 37560)
         0x00205E04 (code): wrote 0x00d676b3, expected 0x00d67ab3 (cycle 17362)
  [180] ✓ INSTR_WORD_MOD_SUR @ step 2573: 0 failures, 2846ms, outcome: REJECTED, exit: 101 [proof:GENERATED] G=memory[GO]
       r=0.256  T_new=0.00 F_new=0.78 F_rare=1.00 U=0 Q=0.61 Q_l=1.00 Q_g=0.61 dl=0 dg=3
       Value: 0x01061613 -> 0x01061293
       Surgical: rd = 12 -> 5
       Original: SLLI x12, x12, 16
       Mutated:  SLLI x5, x12, 16
       zkVM errors (3 lines):
         • [prover_impl.rs:280] verify segment (internal proof verification failed)
         • [ffi.cpp:113] address mismatch at cycle 19301: preflight=0x3fffc02c, actual=0x3fffc025
         • [kernels/cxx/ffi.cpp:208] SKIP THROW: memory peek not in preflight
       Global: memory permutation violated [GLOBAL-ONLY]
         x5/t0: expected write missing, needed 0x000000ea (cycle 38602)
         x12/a2: unexpected write 0x000000ea (cycle 38602)
         0x0020151C (code): wrote 0x01061613, expected 0x01061293 (cycle 6898)
  [181] ✓ INSTR_WORD_MOD_SUR @ step 3524: 0 failures, 2866ms, outcome: REJECTED, exit: 101 [proof:GENERATED] G=memory[GO]
       r=0.256  T_new=0.00 F_new=0.78 F_rare=1.00 U=0 Q=0.61 Q_l=1.00 Q_g=0.61 dl=0 dg=3
       Value: 0x06068663 -> 0x06030663
       Surgical: rs1 = 13 -> 6
       Original: BEQ x13, x0, 108
       Mutated:  BEQ x6, x0, 108
       zkVM errors (3 lines):
         • [prover_impl.rs:280] verify segment (internal proof verification failed)
         • [ffi.cpp:113] address mismatch at cycle 20326: preflight=0x3fffc02d, actual=0x3fffc026
         • [kernels/cxx/ffi.cpp:208] SKIP THROW: memory peek not in preflight
       Global: memory permutation violated [GLOBAL-ONLY]
         x6/t1: expected write missing, needed 0x00000001 (cycle 40645)
         x13/a3: unexpected write 0x00000001 (cycle 40645)
         0x002061CC (code): wrote 0x06068663, expected 0x06030663 (cycle 39696)
  [182] ✓ INSTR_WORD_MOD_SUR @ step 3247: 0 failures, 2846ms, outcome: REJECTED, exit: 101 [proof:GENERATED] G=memory[GO]
       r=0.256  T_new=0.00 F_new=0.78 F_rare=1.00 U=0 Q=0.61 Q_l=1.00 Q_g=0.61 dl=0 dg=3
       Value: 0x00058B93 -> 0x00090B93
       Surgical: rs1 = 11 -> 18
       Original: ADDI x23, x11, 0
       Mutated:  ADDI x23, x18, 0
       zkVM errors (3 lines):
         • [prover_impl.rs:280] verify segment (internal proof verification failed)
         • [ffi.cpp:113] address mismatch at cycle 20049: preflight=0x3fffc02b, actual=0x3fffc032
         • [kernels/cxx/ffi.cpp:208] SKIP THROW: memory peek not in preflight
       Global: memory permutation violated [GLOBAL-ONLY]
         x11/a1: unexpected write 0x00000020 (cycle 40093)
         x18/s2: expected write missing, needed 0x00000020 (cycle 40093)
         0x00204BD8 (code): wrote 0x00058b93, expected 0x00090b93 (cycle 14422)
  [183] ✓ INSTR_WORD_MOD_SUR @ step 396: 1 failures, 2884ms, outcome: REJECTED, exit: 101 [proof:GENERATED] G=memory
       r=0.236  T_new=0.00 F_new=0.63 F_rare=1.00 U=0 Q=0.61 Q_l=0.72 Q_g=0.85 dl=1 dg=1
       Value: 0x00C12903 -> 0x00C17903
       Surgical: funct3 = 2 -> 7
       Original: LW x18, 12(x2)
       Mutated:  LOAD.7 x18, 12(x2)
       zkVM errors (1 lines):
         • [prover_impl.rs:280] verify segment (internal proof verification failed)
       Local constraints hit (1 unique):
         - VerifyOpcodeF3@inst.zir:97
           cycle=16987, step=396, pc=0x002008A4, major=5, minor=2
       Global: memory permutation violated
         0x002008A0 (code): wrote 0x00c12903, expected 0x00c17903 (cycle 4906)
  [184] ✓ INSTR_WORD_MOD_SUR @ step 3427: 0 failures, 2846ms, outcome: REJECTED, exit: 101 [proof:GENERATED] G=memory[GO]
       r=0.281  T_new=0.00 F_new=0.39 F_rare=1.00 U=0 Q=0.85 Q_l=1.00 Q_g=0.85 dl=0 dg=1
       Value: 0x02059663 -> 0x8C059563
       Surgical: imm = 44 -> 4298
       Original: BNE x11, x0, 44
       Mutated:  BNE x11, x0, -3894
       zkVM errors (1 lines):
         • [prover_impl.rs:280] verify segment (internal proof verification failed)
       Global: memory permutation violated [GLOBAL-ONLY]
         0x002035DC (code): wrote 0x02059663, expected 0x8c059563 (cycle 40328)
  [185] ✓ INSTR_WORD_MOD_SUR @ step 3372: 1 failures, 2863ms, outcome: REJECTED, exit: 101 [proof:GENERATED] G=memory
       r=0.166  T_new=0.00 F_new=0.39 F_rare=0.75 U=0 Q=0.61 Q_l=0.72 Q_g=0.85 dl=1 dg=1
       Value: 0x00008067 -> 0x0000D067
       Surgical: funct3 = 0 -> 5
       Original: JALR x0, x1, 0
       Mutated:  JALR x0, x1, 0
       zkVM errors (1 lines):
         • [prover_impl.rs:280] verify segment (internal proof verification failed)
       Local constraints hit (1 unique):
         - VerifyOpcodeF3@inst.zir:97
           cycle=20174, step=3372, pc=0x00204C3C, major=2, minor=4
       Global: memory permutation violated
         0x002052E0 (code): wrote 0x00008067, expected 0x0000d067 (cycle 40218)
  [186] ✓ INSTR_WORD_MOD_SUR @ step 631: 0 failures, 2864ms, outcome: REJECTED, exit: 101 [proof:GENERATED] G=memory[GO]
       r=0.256  T_new=0.00 F_new=0.78 F_rare=1.00 U=0 Q=0.61 Q_l=1.00 Q_g=0.61 dl=0 dg=3
       Value: 0x37451463 -> 0x37951463
       Surgical: rs2 = 20 -> 25
       Original: BNE x10, x20, 872
       Mutated:  BNE x10, x25, 872
       zkVM errors (3 lines):
         • [prover_impl.rs:280] verify segment (internal proof verification failed)
         • [ffi.cpp:113] address mismatch at cycle 17240: preflight=0x3fffc034, actual=0x3fffc039
         • [kernels/cxx/ffi.cpp:208] SKIP THROW: memory peek not in preflight
       Global: memory permutation violated [GLOBAL-ONLY]
         x20/s4: unexpected write 0x80000007 (cycle 34479)
         x25/s9: expected write missing, needed 0x80000007 (cycle 34479)
         0x00200950 (code): wrote 0x37451463, expected 0x37951463 (cycle 5006)
  [187] ✓ INSTR_WORD_MOD_SUR @ step 421: 0 failures, 2852ms, outcome: REJECTED, exit: 101 [proof:GENERATED] G=memory[GO]
       r=0.256  T_new=0.00 F_new=0.78 F_rare=1.00 U=0 Q=0.61 Q_l=1.00 Q_g=0.61 dl=0 dg=3
       Value: 0x00050693 -> 0x00050E13
       Surgical: rd = 13 -> 28
       Original: ADDI x13, x10, 0
       Mutated:  ADDI x28, x10, 0
       zkVM errors (3 lines):
         • [prover_impl.rs:280] verify segment (internal proof verification failed)
         • [ffi.cpp:113] address mismatch at cycle 17012: preflight=0x3fffc02d, actual=0x3fffc03c
         • [kernels/cxx/ffi.cpp:208] SKIP THROW: memory peek not in preflight
       Global: memory permutation violated [GLOBAL-ONLY]
         x13/a3: unexpected write 0x00000001 (cycle 34010)
         x28/t3: expected write missing, needed 0x00000001 (cycle 34010)
         0x00206140 (code): wrote 0x00050693, expected 0x00050e13 (cycle 33856)
  [188] ✓ INSTR_WORD_MOD_SUR @ step 2576: 0 failures, 2918ms, outcome: REJECTED, exit: 101 [proof:GENERATED] G=memory[GO]
       r=0.256  T_new=0.00 F_new=0.78 F_rare=1.00 U=0 Q=0.61 Q_l=1.00 Q_g=0.61 dl=0 dg=3
       Value: 0x00C6E633 -> 0x00C6ED33
       Surgical: rd = 12 -> 26
       Original: OR x12, x13, x12
       Mutated:  OR x26, x13, x12
       zkVM errors (3 lines):
         • [prover_impl.rs:280] verify segment (internal proof verification failed)
         • [ffi.cpp:113] address mismatch at cycle 19304: preflight=0x3fffc02c, actual=0x3fffc03a
         • [kernels/cxx/ffi.cpp:208] SKIP THROW: memory peek not in preflight
       Global: memory permutation violated [GLOBAL-ONLY]
         x12/a2: unexpected write 0x00ea0000 (cycle 38608)
         x26/s10: expected write missing, needed 0x00ea0000 (cycle 38608)
         0x00201528 (code): wrote 0x00c6e633, expected 0x00c6ed33 (cycle 6918)
  [189] ✓ INSTR_WORD_MOD_SUR @ step 3881: 1 failures, 2909ms, outcome: REJECTED, exit: 101 [proof:GENERATED] G=memory
       r=0.236  T_new=0.00 F_new=0.63 F_rare=1.00 U=0 Q=0.61 Q_l=0.72 Q_g=0.85 dl=1 dg=1
       Value: 0x0B812A03 -> 0x0B812A23
       Surgical: opcode = 3 -> 35
       Original: LW x20, 184(x2)
       Mutated:  SW x24, 180(x2)
       zkVM errors (1 lines):
         • [prover_impl.rs:280] verify segment (internal proof verification failed)
       Local constraints hit (1 unique):
         - VerifyOpcodeF3@inst.zir:96
           cycle=20831, step=3881, pc=0x00203C00, major=5, minor=2
       Global: memory permutation violated
         0x00203BFC (code): wrote 0x0b812a03, expected 0x0b812a23 (cycle 11866)
  [190] ✓ INSTR_WORD_MOD_SUR @ step 369: 2 failures, 2925ms, outcome: REJECTED, exit: 101 [proof:GENERATED] G=memory|cycle
       r=0.087  T_new=0.00 F_new=0.95 F_rare=1.00 U=0 Q=0.19 Q_l=0.51 Q_g=0.37 dl=2 dg=6
       Value: 0x02820593 -> 0xB8420593
       Surgical: imm = 40 -> 2948
       Original: ADDI x11, x4, 40
       Mutated:  ADDI x11, x4, -1148
       zkVM errors (3 lines):
         • [prover_impl.rs:280] verify segment (internal proof verification failed)
         • [ffi.cpp:113] address mismatch at cycle 16957: preflight=0x3fffc008, actual=0x3fffc00b
         • [kernels/cxx/ffi.cpp:208] SKIP THROW: memory peek not in preflight
       Local constraints hit (2 unique):
         - MemoryWrite@mem.zir:100
           cycle=16957, step=369, pc=0xC0000158, major=0, minor=7
         - MemoryWrite@mem.zir:99
           cycle=16957, step=369, pc=0xC0000158, major=0, minor=7
       Global: memory permutation violated
         0xC0000154 (data): wrote 0x02820593, expected 0xb8420593 (cycle 33744)
         0xFFFF0020 (data): unexpected write 0x00000000 (cycle 33746)
         0xFFFF002C (data): expected write missing, needed 0x00000000 (cycle 33746)
       Global: cycle lookup violated (3 indices broken)
         index 6: 413 provides, 1 uses (imbalanced)
         index 167: 384 provides, 1 uses (imbalanced)
         index 168: 3 provides, 1 uses (imbalanced)
  [191] ✓ PRE_EXEC_REG_MOD @ step 0: 9 failures, 2863ms, outcome: REJECTED, exit: 101 [proof:GENERATED] G=memory
       r=0.169  T_new=0.00 F_new=0.63 F_rare=1.00 U=0 Q=0.43 Q_l=0.51 Q_g=0.85 dl=2 dg=1
       Value: 0x00000000 -> 0x00000010
       Register: x4 (tp), READ, strategy=next_read
       zkVM errors (2 lines):
         • [prover_impl.rs:280] verify segment (internal proof verification failed)
         • [kernels/cxx/buffers.h:43] SKIP THROW: Inconsistent set
       Local constraints hit (2 unique):
         - IsRead@mem.zir:79
           cycle=15967, step=0, pc=0x00000000, major=9, minor=2
         - PoseidonCheckOut@inst_p2.zir:265 (x8)
           cycle=16247, step=0, pc=0x00000000, major=9, minor=5
       Global: memory permutation violated
         x4/tp: wrote 0x00000010, expected 0x00000000 (cycle 31934)
  [192] ✓ INSTR_WORD_MOD_SUR @ step 1665: 0 failures, 2857ms, outcome: REJECTED, exit: 101 [proof:GENERATED] G=memory[GO]
       r=0.256  T_new=0.00 F_new=0.78 F_rare=1.00 U=0 Q=0.61 Q_l=1.00 Q_g=0.61 dl=0 dg=3
       Value: 0x00812C23 -> 0x00872C23
       Surgical: rs1 = 2 -> 14
       Original: SW x8, 24(x2)
       Mutated:  SW x8, 24(x14)
       zkVM errors (3 lines):
         • [prover_impl.rs:280] verify segment (internal proof verification failed)
         • [ffi.cpp:113] address mismatch at cycle 18309: preflight=0x3fffc022, actual=0x3fffc02e
         • [kernels/cxx/ffi.cpp:208] SKIP THROW: memory peek not in preflight
       Global: memory permutation violated [GLOBAL-ONLY]
         x2/sp: unexpected write 0x00200080 (cycle 36616)
         x14/a4: expected write missing, needed 0x00200080 (cycle 36616)
         0x002096B8 (code): wrote 0x00812c23, expected 0x00872c23 (cycle 20682)
  [193] ✓ INSTR_WORD_MOD_SUR @ step 455: 1 failures, 2918ms, outcome: REJECTED, exit: 101 [proof:GENERATED] G=memory
       r=0.181  T_new=0.00 F_new=0.39 F_rare=0.85 U=0 Q=0.61 Q_l=0.72 Q_g=0.85 dl=1 dg=1
       Value: 0x00E888B3 -> 0xC2E888B3
       Surgical: funct7 = 0 -> 97
       Original: ADD x17, x17, x14
       Mutated:  ADD x17, x17, x14
       zkVM errors (1 lines):
         • [prover_impl.rs:280] verify segment (internal proof verification failed)
       Local constraints hit (1 unique):
         - VerifyOpcodeF3F7@inst.zir:104
           cycle=17052, step=455, pc=0x002061B4, major=0, minor=0
       Global: memory permutation violated
         0x002061B0 (code): wrote 0x00e888b3, expected 0xc2e888b3 (cycle 33936)
  [194] ✓ STORE_OUT_MOD @ step 2852: 2 failures, 2893ms, outcome: REJECTED, exit: 101 [proof:GENERATED] G=memory
       r=0.107  T_new=0.00 F_new=0.39 F_rare=0.64 U=0 Q=0.43 Q_l=0.51 Q_g=0.85 dl=2 dg=1
       Value: 0x00219E74 -> 0xFFDE618B
       Store address: 0x0020021c
       zkVM errors (1 lines):
         • [prover_impl.rs:280] verify segment (internal proof verification failed)
       Local constraints hit (2 unique):
         - MemoryWrite@mem.zir:100
           cycle=19580, step=2852, pc=0x00204AE4, major=6, minor=2
         - MemoryWrite@mem.zir:99
           cycle=19580, step=2852, pc=0x00204AE4, major=6, minor=2
       Global: memory permutation violated
         0x0020021C (data): wrote 0xffde618b, expected 0x00219e74 (cycle 39161)
  [195] ✓ PRE_EXEC_REG_MOD @ step 1448: 3 failures, 2841ms, outcome: REJECTED, exit: 101 [proof:GENERATED] G=memory
       r=0.102  T_new=0.00 F_new=0.92 F_rare=1.00 U=0 Q=0.22 Q_l=0.37 Q_g=0.61 dl=3 dg=3
       Value: 0x00219E83 -> 0x01000000
       Register: x11 (a1), READ, strategy=next_read
       zkVM errors (3 lines):
         • [prover_impl.rs:280] verify segment (internal proof verification failed)
         • [ffi.cpp:113] address mismatch at cycle 18092: preflight=0x000867a0, actual=0x00400000
         • [kernels/cxx/ffi.cpp:208] SKIP THROW: memory peek not in preflight
       Local constraints hit (3 unique):
         - IsRead@mem.zir:79
           cycle=18092, step=1448, pc=0x002184C4, major=5, minor=3
         - IsRead@mem.zir:80
           cycle=18092, step=1448, pc=0x002184C4, major=5, minor=3
         - MemoryWrite@mem.zir:99
           cycle=18092, step=1448, pc=0x002184C4, major=5, minor=3
       Global: memory permutation violated
         0x01000000 (data): expected write missing, needed 0x3af54fa5 (cycle 36170)
         x11/a1: wrote 0x01000000, expected 0x00219e83 (cycle 36184)
         0x00219E80 (code): unexpected write 0x3af54fa5 (cycle 36170)
  [196] ✓ INSTR_WORD_MOD_SUR @ step 957: 0 failures, 2861ms, outcome: REJECTED, exit: 101 [proof:GENERATED] G=memory[GO]
       r=0.256  T_new=0.00 F_new=0.78 F_rare=1.00 U=0 Q=0.61 Q_l=1.00 Q_g=0.61 dl=0 dg=3
       Value: 0x00912223 -> 0x00B12223
       Surgical: rs2 = 9 -> 11
       Original: SW x9, 4(x2)
       Mutated:  SW x11, 4(x2)
       zkVM errors (3 lines):
         • [prover_impl.rs:280] verify segment (internal proof verification failed)
         • [ffi.cpp:113] address mismatch at cycle 17590: preflight=0x3fffc029, actual=0x3fffc02b
         • [kernels/cxx/ffi.cpp:208] SKIP THROW: memory peek not in preflight
       Global: memory permutation violated [GLOBAL-ONLY]
         x9/s1: unexpected write 0x00000000 (cycle 35139)
         x11/a1: expected write missing, needed 0x00000000 (cycle 35139)
         0x00203194 (code): wrote 0x00912223, expected 0x00b12223 (cycle 35008)
  [197] ✓ INSTR_WORD_MOD_SUR @ step 2940: 1 failures, 2863ms, outcome: REJECTED, exit: 101 [proof:GENERATED] G=memory
       r=0.166  T_new=0.00 F_new=0.39 F_rare=0.75 U=0 Q=0.61 Q_l=0.72 Q_g=0.85 dl=1 dg=1
       Value: 0x1B8080E7 -> 0x1B8080CB
       Surgical: opcode = 103 -> 75
       Original: JALR x1, x1, 440
       Mutated:  UNKNOWN 0x1b8080cb
       zkVM errors (1 lines):
         • [prover_impl.rs:280] verify segment (internal proof verification failed)
       Local constraints hit (1 unique):
         - VerifyOpcodeF3@inst.zir:96
           cycle=19668, step=2940, pc=0x00205610, major=2, minor=4
       Global: memory permutation violated
         0x0020545C (code): wrote 0x1b8080e7, expected 0x1b8080cb (cycle 15794)
  [198] ✓ COMP_OUT_MOD @ step 23: 2 failures, 2872ms, outcome: REJECTED, exit: 101 [proof:GENERATED] G=memory
       r=0.107  T_new=0.00 F_new=0.39 F_rare=0.64 U=0 Q=0.43 Q_l=0.51 Q_g=0.85 dl=2 dg=1
       Value: 0x0021AD28 -> 0xC50E9482
       Destination: rd = x2 (sp)
       zkVM errors (1 lines):
         • [prover_impl.rs:280] verify segment (internal proof verification failed)
       Local constraints hit (2 unique):
         - MemoryWrite@mem.zir:100
           cycle=16596, step=23, pc=0x00203710, major=0, minor=7
         - MemoryWrite@mem.zir:99
           cycle=16596, step=23, pc=0x00203710, major=0, minor=7
       Global: memory permutation violated
         x2/sp: wrote 0xc50e9482, expected 0x0021ad28 (cycle 33193)
  [199] ✓ LOAD_VAL_MOD @ step 2771: 2 failures, 2863ms, outcome: REJECTED, exit: 101 [proof:GENERATED] G=memory
       r=0.107  T_new=0.00 F_new=0.39 F_rare=0.64 U=0 Q=0.43 Q_l=0.51 Q_g=0.85 dl=2 dg=1
       Value: 0xDFC17121 -> 0x917EC95D
       Load destination: rd = x12 (a2)
       zkVM errors (1 lines):
         • [prover_impl.rs:280] verify segment (internal proof verification failed)
       Local constraints hit (2 unique):
         - MemoryWrite@mem.zir:100
           cycle=19499, step=2771, pc=0x00203804, major=5, minor=2
         - MemoryWrite@mem.zir:99
           cycle=19499, step=2771, pc=0x00203804, major=5, minor=2
       Global: memory permutation violated
         x12/a2: wrote 0x917ec95d, expected 0xdfc17121 (cycle 38999)
  [200] ✓ INSTR_WORD_MOD_SUR @ step 3013: 0 failures, 2866ms, outcome: REJECTED, exit: 101 [proof:GENERATED] G=memory[GO]
       r=0.256  T_new=0.00 F_new=0.78 F_rare=1.00 U=0 Q=0.61 Q_l=1.00 Q_g=0.61 dl=0 dg=3
       Value: 0x0E069C63 -> 0x0E769C63
       Surgical: rs2 = 0 -> 7
       Original: BNE x13, x0, 248
       Mutated:  BNE x13, x7, 248
       zkVM errors (3 lines):
         • [prover_impl.rs:280] verify segment (internal proof verification failed)
         • [ffi.cpp:113] address mismatch at cycle 19741: preflight=0x3fffc020, actual=0x3fffc027
         • [kernels/cxx/ffi.cpp:208] SKIP THROW: memory peek not in preflight
       Global: memory permutation violated [GLOBAL-ONLY]
         x0/zero: unexpected write 0x00000000 (cycle 39468)
         x7/t2: expected write missing, needed 0x00000000 (cycle 39468)
         0x00203304 (code): wrote 0x0e069c63, expected 0x0e769c63 (cycle 38718)

============================================================
Campaign Summary
============================================================
Total mutations:     200
Successful (caused failures): 199
Skipped (no valid target):    0
Total failures:      345
Unique constraints:  25
New coverage:        25
New touch:           1685
Distinct touched:    1685

Global Constraint Summary:
  Mutations with global violations: 196
  Global-only (no local failures):  54
  Local-only (no global violations):4
Execution time:      579315ms

Outcome breakdown:
  REJECTED (mutation detected): 199
  CRASH (segfault, etc.):       1
  NO_EFFECT:                    0
  ACCEPTED (BUG!):              0 
  SKIPPED:                      0

Mutations by kind:
  COMP_OUT_MOD: 21
  INSTR_TYPE_MOD: 8
  INSTR_WORD_MOD_FULL: 23
  INSTR_WORD_MOD_SUR: 89
  LOAD_VAL_MOD: 16
  MEM_VAL_MOD: 18
  PRE_EXEC_REG_MOD: 9
  STORE_OUT_MOD: 16
[run_campaign_pos] campaign rc=0
[run_campaign_pos] EXIT trap firing, rc=0
