[run_campaign_pos] node=opulous  run_id=pos_audit_b11_kindUCB_zoned_v2_noQ_seed999_n500
[run_campaign_pos] params: strat=kindUCB_zoned_v2_noQ seed=999 num=500 b_count=16
[run_campaign_pos] host_args: --in1 5 --in4 10
[run_campaign_pos] WORK=/root/a4_campaign REPO=/root/a4_campaign/repo HOST=/root/a4_campaign/bin/risc0-host
[run_campaign_pos] expected host sha: 6873e5887dd98a84885ebe0dfb88ae2b05b113810b76ca586d9a7a19805cc444
[run_campaign_pos] actual   host sha: 6873e5887dd98a84885ebe0dfb88ae2b05b113810b76ca586d9a7a19805cc444
[run_campaign_pos] python: /usr/bin/python3 (Python 3.13.5)
[run_campaign_pos] mapping strategy 'kindUCB_zoned_v2_noQ' -> selector 'kindUCB_zoned_v2_noQ'
[run_campaign_pos] command: /usr/bin/python3 -m a4.standalone.cli fuzz --host /root/a4_campaign/bin/risc0-host --selector kindUCB_zoned_v2_noQ --num 500 --seed 999 --db /root/results_pos_audit_b11_kindUCB_zoned_v2_noQ_seed999_n500/pos_audit_b11_kindUCB_zoned_v2_noQ_seed999_n500.db --telemetry-level full --debug-bandit-trace /root/results_pos_audit_b11_kindUCB_zoned_v2_noQ_seed999_n500/pos_audit_b11_kindUCB_zoned_v2_noQ_seed999_n500.bandit_trace.jsonl -- --in1 5 --in4 10
A4 Standalone Fuzzer
============================================================
Running inspection on /root/a4_campaign/bin/risc0-host...
  Args: --in1 5 --in4 10
Inspection Data Summary:
  Total cycles: 32768
  Total steps: 3930
  Total transactions: 34724
    - Register transactions: 8780
    - Memory transactions: 25944
  Cycles by major category:
    MISC0: 1386
    MISC1: 442
    MISC2: 664
    MUL0: 100
    DIV0: 23
    MEM0 (load): 680
    MEM1 (store): 596
    CONTROL0: 9641
    ECALL0: 87
    POSEIDON0: 2486
    POSEIDON1: 16371
    SHA0: 292

Starting campaign 1
  Mutations: 500
  Kind: all
  Seed: 999


--- V2 BANDIT SETUP (kindUCB_zoned_v2_noQ) ---
  Baseline: 1599 bitmap buckets
--- V2 BANDIT READY (8 arms, budget 500) ---

  [1] ✓ LOAD_VAL_MOD @ step 935: 2 failures, 2926ms, outcome: REJECTED, exit: 101 [proof:GENERATED] [+2 new] [+1599 touch] G=memory
       r=0.200  T_new=0.00 F_new=0.78 F_rare=1.00 U=0 Q=0.43 Q_l=0.51 Q_g=0.85 dl=2 dg=1
       Value: 0x00000001 -> 0x80000000
       Load destination: rd = x8 (s0/fp)
       zkVM errors (1 lines):
         • [prover_impl.rs:280] verify segment (internal proof verification failed)
       Local constraints hit (2 unique):
         - MemoryWrite@mem.zir:100
           cycle=17568, step=935, pc=0x002031F0, major=5, minor=2
         - MemoryWrite@mem.zir:99
           cycle=17568, step=935, pc=0x002031F0, major=5, minor=2
       Global: memory permutation violated
         x8/s0: wrote 0x80000000, expected 0x00000001 (cycle 35137)
  [2] ✓ INSTR_WORD_MOD_SUR @ step 260: 1 failures, 2920ms, outcome: REJECTED, exit: 101 [proof:GENERATED] [+1 new] G=memory
       r=0.254  T_new=0.00 F_new=0.63 F_rare=1.00 U=0 Q=0.61 Q_l=0.72 Q_g=0.85 dl=1 dg=1
       Value: 0x00261313 -> 0x0026137D
       Surgical: opcode = 19 -> 125
       Original: SLLI x6, x12, 2
       Mutated:  UNKNOWN 0x0026137d
       zkVM errors (1 lines):
         • [prover_impl.rs:280] verify segment (internal proof verification failed)
       Local constraints hit (1 unique):
         - VerifyOpcodeF3F7@inst.zir:102
           cycle=16839, step=260, pc=0x00206134, major=3, minor=1
       Global: memory permutation violated
         0x00206130 (code): wrote 0x00261313, expected 0x0026137d (cycle 17866)
  [3] ✓ MEM_VAL_MOD @ step 2191: 4 failures, 2947ms, outcome: REJECTED, exit: 101 [proof:GENERATED] [+2 new] G=memory
       r=0.100  T_new=0.00 F_new=0.78 F_rare=1.00 U=0 Q=0.22 Q_l=0.26 Q_g=0.85 dl=4 dg=1
       Value: 0x00221488 -> 0x7D9510A7
       Transaction: load_mem_read (READ) at address 0x002001d4
       zkVM errors (1 lines):
         • [prover_impl.rs:280] verify segment (internal proof verification failed)
       Local constraints hit (4 unique):
         - IsRead@mem.zir:79
           cycle=18845, step=2191, pc=0x00206884, major=5, minor=2
         - IsRead@mem.zir:80
           cycle=18845, step=2191, pc=0x00206884, major=5, minor=2
         - MemoryWrite@mem.zir:100
           cycle=18845, step=2191, pc=0x00206884, major=5, minor=2
         - MemoryWrite@mem.zir:99
           cycle=18845, step=2191, pc=0x00206884, major=5, minor=2
       Global: memory permutation violated
         0x002001D4 (data): wrote 0x7d9510a7, expected 0x00221488 (cycle 37690)
  [4] ✓ INSTR_WORD_MOD_FULL @ step 3929: 2 failures, 3038ms, outcome: REJECTED, exit: 101 [proof:GENERATED] [+2 new] G=memory
       r=0.193  T_new=0.00 F_new=0.78 F_rare=1.00 U=0 Q=0.43 Q_l=0.51 Q_g=0.85 dl=2 dg=1
       Value: 0x00000073 -> 0x1DD6D7EF
       Original: ECALL x0, x0, 0
       Mutated:  JAL x15, 448988
       Format changed: I -> J
       zkVM errors (1 lines):
         • [prover_impl.rs:280] verify segment (internal proof verification failed)
       Local constraints hit (2 unique):
         - MachineECall@inst_ecall.zir:28
           cycle=20879, step=3929, pc=0xC00000F8, major=8, minor=0
         - MachineECall@inst_ecall.zir:29
           cycle=20879, step=3929, pc=0xC00000F8, major=8, minor=0
       Global: memory permutation violated
         0xC00000F8 (data): wrote 0x00000073, expected 0x1dd6d7ef (cycle 30062)
  [5] ✓ INSTR_TYPE_MOD @ step 2781: 4 failures, 3041ms, outcome: REJECTED, exit: 101 [proof:GENERATED] [+2 new] [+1 touch] G=memory|cycle
       r=0.057  T_new=0.03 F_new=0.99 F_rare=1.00 U=0 Q=0.11 Q_l=0.26 Q_g=0.43 dl=4 dg=5
       Value: 0x00060002 -> 0x00040002
       Original: Sw [major=6, minor=2]
       Mutated:  SrlI [major=4, minor=2]
       zkVM errors (3 lines):
         • [prover_impl.rs:280] verify segment (internal proof verification failed)
         • [ffi.cpp:113] address mismatch at cycle 19509: preflight=0x00080096, actual=0x3fffc028
         • [kernels/cxx/ffi.cpp:208] SKIP THROW: memory peek not in preflight
       Local constraints hit (4 unique):
         - MemoryWrite@mem.zir:99
           cycle=19509, step=2781, pc=0x0020382C, major=4, minor=2
         - VerifyOpcodeF3F7@inst.zir:102
           cycle=19509, step=2781, pc=0x0020382C, major=4, minor=2
         - VerifyOpcodeF3F7@inst.zir:103
           cycle=19509, step=2781, pc=0x0020382C, major=4, minor=2
         - VerifyOpcodeF3F7@inst.zir:104
           cycle=19509, step=2781, pc=0x0020382C, major=4, minor=2
       Global: memory permutation violated
         0x00200258 (data): unexpected write 0x00000000 (cycle 4522)
         x8/s0: expected write missing, needed 0x00000000 (cycle 4522)
       Global: cycle lookup violated (3 indices broken)
         index 0: 2254 provides, 1 uses (imbalanced)
         index 34495: orphan use (1 entries, no matching provide)
         index 34496: 1 provides, 1 uses (imbalanced)
  [6] ✓ STORE_OUT_MOD @ step 3271: 1 failures, 2988ms, outcome: REJECTED, exit: 101 [proof:GENERATED] G=memory
       r=0.246  T_new=0.00 F_new=0.63 F_rare=1.00 U=0 Q=0.61 Q_l=0.72 Q_g=0.85 dl=1 dg=1
       Value: 0xB3FEEA77 -> 0xB3FFEA77
       Store address: 0x0022156c
       zkVM errors (1 lines):
         • [prover_impl.rs:280] verify segment (internal proof verification failed)
       Local constraints hit (1 unique):
         - MemoryWrite@mem.zir:100
           cycle=20073, step=3271, pc=0x0020342C, major=6, minor=2
       Global: memory permutation violated
         0x0022156C (code): wrote 0xb3ffea77, expected 0xb3feea77 (cycle 40147)
  [7] ✓ COMP_OUT_MOD @ step 2892: 2 failures, 2936ms, outcome: REJECTED, exit: 101 [proof:GENERATED] G=memory
       r=0.191  T_new=0.00 F_new=0.78 F_rare=1.00 U=0 Q=0.43 Q_l=0.51 Q_g=0.85 dl=2 dg=1
       Value: 0x00201388 -> 0x7FFEEEF3
       Destination: rd = x1 (ra)
       zkVM errors (1 lines):
         • [prover_impl.rs:280] verify segment (internal proof verification failed)
       Local constraints hit (2 unique):
         - MemoryWrite@mem.zir:100
           cycle=19620, step=2892, pc=0x0020538C, major=2, minor=6
         - MemoryWrite@mem.zir:99
           cycle=19620, step=2892, pc=0x0020538C, major=2, minor=6
       Global: memory permutation violated
         x1/ra: wrote 0x7ffeeef3, expected 0x00201388 (cycle 39241)
  [8] ✓ PRE_EXEC_REG_MOD @ step 2811: 4 failures, 2941ms, outcome: REJECTED, exit: 101 [proof:GENERATED] G=memory
       r=0.102  T_new=0.00 F_new=0.86 F_rare=1.00 U=0 Q=0.22 Q_l=0.26 Q_g=0.85 dl=4 dg=1
       Value: 0x17E32F5A -> 0xE89CD0A5
       Register: x12 (a2), READ, strategy=next_read
       zkVM errors (1 lines):
         • [prover_impl.rs:280] verify segment (internal proof verification failed)
       Local constraints hit (4 unique):
         - IsRead@mem.zir:79
           cycle=19539, step=2811, pc=0x00203B5C, major=6, minor=2
         - IsRead@mem.zir:80
           cycle=19539, step=2811, pc=0x00203B5C, major=6, minor=2
         - MemoryWrite@mem.zir:100
           cycle=19539, step=2811, pc=0x00203B5C, major=6, minor=2
         - MemoryWrite@mem.zir:99
           cycle=19539, step=2811, pc=0x00203B5C, major=6, minor=2
       Global: memory permutation violated
         x12/a2: wrote 0xe89cd0a5, expected 0x17e32f5a (cycle 39078)
  [9] ✓ INSTR_TYPE_MOD @ step 3928: 3 failures, 2956ms, outcome: REJECTED, exit: 101 [proof:GENERATED] [+45 touch]
       r=0.238  T_new=0.72 F_new=0.78 F_rare=1.00 U=0 Q=0.37 Q_l=0.37 Q_g=1.00 dl=3 dg=0
       Value: 0x00000007 -> 0x00030004
       Original: AddI [major=0, minor=7]
       Mutated:  MulHSU [major=3, minor=4]
       zkVM errors (1 lines):
         • [prover_impl.rs:280] verify segment (internal proof verification failed)
       Local constraints hit (3 unique):
         - VerifyOpcodeF3F7@inst.zir:102
           cycle=20878, step=3928, pc=0xC00000F8, major=3, minor=4
         - VerifyOpcodeF3F7@inst.zir:103
           cycle=20878, step=3928, pc=0xC00000F8, major=3, minor=4
         - VerifyOpcodeF3F7@inst.zir:104
           cycle=20878, step=3928, pc=0xC00000F8, major=3, minor=4
       Global: no permutation/lookup violations (local-only)
  [10] ✓ LOAD_VAL_MOD @ step 2524: 2 failures, 2930ms, outcome: REJECTED, exit: 101 [proof:GENERATED] G=memory
       r=0.189  T_new=0.00 F_new=0.78 F_rare=1.00 U=0 Q=0.43 Q_l=0.51 Q_g=0.85 dl=2 dg=1
       Value: 0x000000D9 -> 0x3020F69D
       Load destination: rd = x11 (a1)
       zkVM errors (1 lines):
         • [prover_impl.rs:280] verify segment (internal proof verification failed)
       Local constraints hit (2 unique):
         - MemoryWrite@mem.zir:100
           cycle=19252, step=2524, pc=0x0020145C, major=5, minor=3
         - MemoryWrite@mem.zir:99
           cycle=19252, step=2524, pc=0x0020145C, major=5, minor=3
       Global: memory permutation violated
         x11/a1: wrote 0x3020f69d, expected 0x000000d9 (cycle 38505)
  [11] ✓ INSTR_WORD_MOD_FULL @ step 834: 0 failures, 2985ms, outcome: REJECTED, exit: 101 [proof:GENERATED] G=memory[GO]
       r=0.264  T_new=0.00 F_new=0.78 F_rare=1.00 U=0 Q=0.61 Q_l=1.00 Q_g=0.61 dl=0 dg=3
       Value: 0x02C22603 -> 0x00C22603
       Original: LW x12, 44(x4)
       Mutated:  LW x12, 12(x4)
       zkVM errors (3 lines):
         • [prover_impl.rs:280] verify segment (internal proof verification failed)
         • [ffi.cpp:113] address mismatch at cycle 17455: preflight=0x3fffc02b, actual=0x3fffc023
         • [kernels/cxx/ffi.cpp:208] SKIP THROW: memory peek not in preflight
       Global: memory permutation violated [GLOBAL-ONLY]
         0xC0000140 (data): wrote 0x02c22603, expected 0x00c22603 (cycle 34742)
         x3/gp: expected write missing, needed 0x00000001 (cycle 34885)
         x11/a1: unexpected write 0x00000001 (cycle 34885)
  [12] ✓ PRE_EXEC_REG_MOD @ step 0: 9 failures, 2952ms, outcome: REJECTED, exit: 101 [proof:GENERATED] [+1 new] G=memory
       r=0.189  T_new=0.00 F_new=0.78 F_rare=1.00 U=0 Q=0.43 Q_l=0.51 Q_g=0.85 dl=2 dg=1
       Value: 0x00000000 -> 0x80000000
       Register: x3 (gp), READ, strategy=next_read
       zkVM errors (2 lines):
         • [prover_impl.rs:280] verify segment (internal proof verification failed)
         • [kernels/cxx/buffers.h:43] SKIP THROW: Inconsistent set
       Local constraints hit (2 unique):
         - IsRead@mem.zir:80
           cycle=15967, step=0, pc=0x00000000, major=9, minor=2
         - PoseidonCheckOut@inst_p2.zir:265 (x8)
           cycle=16247, step=0, pc=0x00000000, major=9, minor=5
       Global: memory permutation violated
         x3/gp: wrote 0x80000000, expected 0x00000000 (cycle 31934)
  [13] ✓ COMP_OUT_MOD @ step 1233: 2 failures, 2936ms, outcome: REJECTED, exit: 101 [proof:GENERATED] G=memory
       r=0.189  T_new=0.00 F_new=0.78 F_rare=1.00 U=0 Q=0.43 Q_l=0.51 Q_g=0.85 dl=2 dg=1
       Value: 0x00203F94 -> 0xBFDBD86F
       Destination: rd = x1 (ra)
       zkVM errors (1 lines):
         • [prover_impl.rs:280] verify segment (internal proof verification failed)
       Local constraints hit (2 unique):
         - MemoryWrite@mem.zir:100
           cycle=17877, step=1233, pc=0x00201208, major=2, minor=4
         - MemoryWrite@mem.zir:99
           cycle=17877, step=1233, pc=0x00201208, major=2, minor=4
       Global: memory permutation violated
         x1/ra: wrote 0xbfdbd86f, expected 0x00203f94 (cycle 35755)
  [14] ✓ INSTR_TYPE_MOD @ step 3928: 6 failures, 2977ms, outcome: REJECTED, exit: 101 [proof:GENERATED] [+4 new] [+2 touch] G=memory|cycle
       r=0.029  T_new=0.06 F_new=0.99 F_rare=1.00 U=0 Q=0.06 Q_l=0.14 Q_g=0.43 dl=6 dg=5
       Value: 0x00000007 -> 0x00060002
       Original: AddI [major=0, minor=7]
       Mutated:  Sw [major=6, minor=2]
       zkVM errors (3 lines):
         • [prover_impl.rs:280] verify segment (internal proof verification failed)
         • [ffi.cpp:113] address mismatch at cycle 20878: preflight=0x3fffc011, actual=0x00000004
         • [kernels/cxx/ffi.cpp:208] SKIP THROW: memory peek not in preflight
       Local constraints hit (6 unique):
         - AddrDecomposeBits@u32.zir:87
           cycle=20878, step=3928, pc=0xC00000F8, major=6, minor=2
         - IsRead@mem.zir:79
           cycle=20878, step=3928, pc=0xC00000F8, major=6, minor=2
         - MemoryWrite@mem.zir:99
           cycle=20878, step=3928, pc=0xC00000F8, major=6, minor=2
         - OpSW@inst_mem.zir:160
           cycle=20878, step=3928, pc=0xC00000F8, major=6, minor=2
         - VerifyOpcodeF3@inst.zir:96
           cycle=20878, step=3928, pc=0xC00000F8, major=6, minor=2
         - VerifyOpcodeF3@inst.zir:97
           cycle=20878, step=3928, pc=0xC00000F8, major=6, minor=2
       Global: memory permutation violated
         0x00000010 (data): expected write missing, needed 0x00000073 (cycle 30062)
         0xFFFF0044 (data): unexpected write 0x00000004 (cycle 41362)
       Global: cycle lookup violated (3 indices broken)
         index 393: 2 provides, 1 uses (imbalanced)
         index 394: 1 provides, 1 uses (imbalanced)
         index 11694: 1 provides, 1 uses (imbalanced)
  [15] ✓ INSTR_TYPE_MOD @ step 2917: 1 failures, 2890ms, outcome: REJECTED, exit: 101 [proof:GENERATED] [+35 touch]
       r=0.384  T_new=0.63 F_new=0.39 F_rare=1.00 U=0 Q=0.72 Q_l=0.72 Q_g=1.00 dl=1 dg=0
       Value: 0x00060002 -> 0x00060001
       Original: Sw [major=6, minor=2]
       Mutated:  Sh [major=6, minor=1]
       zkVM errors (1 lines):
         • [prover_impl.rs:280] verify segment (internal proof verification failed)
       Local constraints hit (1 unique):
         - VerifyOpcodeF3@inst.zir:97
           cycle=19645, step=2917, pc=0x00205E38, major=6, minor=1
       Global: no permutation/lookup violations (local-only)
  [16] ✓ MEM_VAL_MOD @ step 5: 4 failures, 2917ms, outcome: REJECTED, exit: 101 [proof:GENERATED] G=memory
       r=0.104  T_new=0.00 F_new=0.92 F_rare=1.00 U=0 Q=0.22 Q_l=0.26 Q_g=0.85 dl=4 dg=1
       Value: 0xC0000010 -> 0x01000000
       Transaction: other_mem_read (READ) at address 0xffff0018
       zkVM errors (1 lines):
         • [prover_impl.rs:280] verify segment (internal proof verification failed)
       Local constraints hit (4 unique):
         - IsRead@mem.zir:79
           cycle=16578, step=5, pc=0xC0000018, major=0, minor=7
         - IsRead@mem.zir:80
           cycle=16578, step=5, pc=0xC0000018, major=0, minor=7
         - MemoryWrite@mem.zir:100
           cycle=16578, step=5, pc=0xC0000018, major=0, minor=7
         - MemoryWrite@mem.zir:99
           cycle=16578, step=5, pc=0xC0000018, major=0, minor=7
       Global: memory permutation violated
         0xFFFF0018 (data): wrote 0x01000000, expected 0xc0000010 (cycle 33156)
  [17] ✓ PRE_EXEC_REG_MOD @ step 69: 4 failures, 2981ms, outcome: REJECTED, exit: 101 [proof:GENERATED] G=memory
       r=0.104  T_new=0.00 F_new=0.92 F_rare=1.00 U=0 Q=0.22 Q_l=0.26 Q_g=0.85 dl=4 dg=1
       Value: 0x00000049 -> 0xFFFFFFB6
       Register: x12 (a2), READ, strategy=next_read
       zkVM errors (1 lines):
         • [prover_impl.rs:280] verify segment (internal proof verification failed)
       Local constraints hit (4 unique):
         - IsRead@mem.zir:79
           cycle=16642, step=69, pc=0x0020324C, major=0, minor=1
         - IsRead@mem.zir:80
           cycle=16642, step=69, pc=0x0020324C, major=0, minor=1
         - MemoryWrite@mem.zir:100
           cycle=16642, step=69, pc=0x0020324C, major=0, minor=1
         - MemoryWrite@mem.zir:99
           cycle=16642, step=69, pc=0x0020324C, major=0, minor=1
       Global: memory permutation violated
         x12/a2: wrote 0xffffffb6, expected 0x00000049 (cycle 33284)
  [18] ✓ INSTR_WORD_MOD_SUR @ step 1064: 0 failures, 2956ms, outcome: REJECTED, exit: 101 [proof:GENERATED] G=memory[GO]
       r=0.262  T_new=0.00 F_new=0.78 F_rare=1.00 U=0 Q=0.61 Q_l=1.00 Q_g=0.61 dl=0 dg=3
       Value: 0x07660613 -> 0x07630613
       Surgical: rs1 = 12 -> 6
       Original: ADDI x12, x12, 118
       Mutated:  ADDI x12, x6, 118
       zkVM errors (3 lines):
         • [prover_impl.rs:280] verify segment (internal proof verification failed)
         • [ffi.cpp:113] address mismatch at cycle 17703: preflight=0x3fffc02c, actual=0x3fffc026
         • [kernels/cxx/ffi.cpp:208] SKIP THROW: memory peek not in preflight
       Global: memory permutation violated [GLOBAL-ONLY]
         x6/t1: expected write missing, needed 0x0021a000 (cycle 35405)
         x12/a2: unexpected write 0x0021a000 (cycle 35405)
         0x0020632C (code): wrote 0x07660613, expected 0x07630613 (cycle 18186)
  [19] ✓ LOAD_VAL_MOD @ step 3183: 2 failures, 2969ms, outcome: REJECTED, exit: 101 [proof:GENERATED] G=memory
       r=0.127  T_new=0.00 F_new=0.39 F_rare=0.79 U=0 Q=0.43 Q_l=0.51 Q_g=0.85 dl=2 dg=1
       Value: 0x00000000 -> 0x92290D1A
       Load destination: rd = x19 (s3)
       zkVM errors (1 lines):
         • [prover_impl.rs:280] verify segment (internal proof verification failed)
       Local constraints hit (2 unique):
         - MemoryWrite@mem.zir:100
           cycle=19985, step=3183, pc=0x00205478, major=5, minor=2
         - MemoryWrite@mem.zir:99
           cycle=19985, step=3183, pc=0x00205478, major=5, minor=2
       Global: memory permutation violated
         x19/s3: wrote 0x92290d1a, expected 0x00000000 (cycle 39971)
  [20] ✓ PRE_EXEC_REG_MOD @ step 3752: 5 failures, 2948ms, outcome: REJECTED, exit: 101 [proof:GENERATED] G=memory
       r=0.017  T_new=0.00 F_new=1.00 F_rare=1.00 U=0 Q=0.04 Q_l=0.19 Q_g=0.19 dl=5 dg=10
       Value: 0x00000000 -> 0xFFFFFFFF
       Register: x0 (zero), READ, strategy=next_read
       zkVM errors (3 lines):
         • [prover_impl.rs:280] verify segment (internal proof verification failed)
         • [ffi.cpp:113] address mismatch at cycle 20629: preflight=0x000815e2, actual=0x0008163a
         • [kernels/cxx/buffers.h:43] SKIP THROW: Inconsistent set
       Local constraints hit (3 unique):
         - IsRead@mem.zir:79
           cycle=20628, step=3752, pc=0x00205788, major=1, minor=6
         - IsRead@mem.zir:80
           cycle=20628, step=3752, pc=0x00205788, major=1, minor=6
         - MemoryWrite@mem.zir:99 (x3)
           cycle=20641, step=3765, pc=0x002057F4, major=2, minor=3
       Global: memory permutation violated (39 addrs: 1 register, 38 code)
         x0/zero: wrote 0xffffffff, expected 0x00000000 (cycle 41256)
         + 38 code addresses diverged (instruction fetch cascade)
  [21] ✓ MEM_VAL_MOD @ step 3929: 0 failures, 2945ms, outcome: REJECTED, exit: 101 [proof:GENERATED] G=memory[GO]
       r=0.288  T_new=0.00 F_new=0.39 F_rare=1.00 U=0 Q=0.85 Q_l=1.00 Q_g=0.85 dl=0 dg=1
       Value: 0x0334B170 -> 0x40F2CFEA
       Transaction: other_mem_read (READ) at address 0x10fffff74
       zkVM errors (2 lines):
         • [prover_impl.rs:280] verify segment (internal proof verification failed)
         • [kernels/cxx/buffers.h:43] SKIP THROW: Inconsistent set
       Global: memory permutation violated [GLOBAL-ONLY]
         0x10FFFFF74 (data): wrote 0x40f2cfea, expected 0x0334b170 (cycle 46290)
  [22] ✓ PRE_EXEC_REG_MOD @ step 2569: 2 failures, 2926ms, outcome: REJECTED, exit: 101 [proof:GENERATED] G=memory
       r=0.144  T_new=0.00 F_new=0.92 F_rare=1.00 U=0 Q=0.31 Q_l=0.51 Q_g=0.61 dl=2 dg=3
       Value: 0x002214AC -> 0xA19CBA54
       Register: x10 (a0), READ, strategy=next_read
       zkVM errors (3 lines):
         • [prover_impl.rs:280] verify segment (internal proof verification failed)
         • [ffi.cpp:113] address mismatch at cycle 19297: preflight=0x0008852e, actual=0x28672e98
         • [kernels/cxx/ffi.cpp:208] SKIP THROW: memory peek not in preflight
       Local constraints hit (2 unique):
         - IsRead@mem.zir:79
           cycle=19297, step=2569, pc=0x00201510, major=5, minor=3
         - IsRead@mem.zir:80
           cycle=19297, step=2569, pc=0x00201510, major=5, minor=3
       Global: memory permutation violated
         0xA19CBA60 (data): expected write missing, needed 0x98eaebaf (cycle 38592)
         x10/a0: wrote 0xa19cba54, expected 0x002214ac (cycle 38594)
         0x002214B8 (code): unexpected write 0x98eaebaf (cycle 38592)
  [23] ✓ INSTR_TYPE_MOD @ step 3597: 4 failures, 2945ms, outcome: REJECTED, exit: 101 [proof:GENERATED] G=memory
       r=0.089  T_new=0.00 F_new=0.95 F_rare=1.00 U=0 Q=0.19 Q_l=0.26 Q_g=0.72 dl=4 dg=2
       Value: 0x00020001 -> 0x00000003
       Original: BltU [major=2, minor=1]
       Mutated:  Or [major=0, minor=3]
       zkVM errors (3 lines):
         • [prover_impl.rs:280] verify segment (internal proof verification failed)
         • [ffi.cpp:113] address mismatch at cycle 20473: preflight=0x3fffc060, actual=0x3fffc02c
         • [kernels/cxx/ffi.cpp:208] SKIP THROW: memory peek not in preflight
       Local constraints hit (4 unique):
         - MemoryWrite@mem.zir:100
           cycle=20473, step=3597, pc=0x00205698, major=0, minor=3
         - MemoryWrite@mem.zir:99
           cycle=20473, step=3597, pc=0x00205698, major=0, minor=3
         - VerifyOpcodeF3F7@inst.zir:102
           cycle=20473, step=3597, pc=0x00205698, major=0, minor=3
         - VerifyOpcodeF3F7@inst.zir:104
           cycle=20473, step=3597, pc=0x00205698, major=0, minor=3
       Global: memory permutation violated
         x12/a2: expected write missing, needed 0x00000000 (cycle 40933)
         0xFFFF0180 (data): unexpected write 0x00000000 (cycle 40933)
  [24] ✓ INSTR_TYPE_MOD @ step 1566: 1 failures, 2907ms, outcome: REJECTED, exit: 101 [proof:GENERATED] [+2 touch]
       r=0.255  T_new=0.06 F_new=0.39 F_rare=1.00 U=0 Q=0.72 Q_l=0.72 Q_g=1.00 dl=1 dg=0
       Value: 0x00000007 -> 0x00030001
       Original: AddI [major=0, minor=7]
       Mutated:  SllI [major=3, minor=1]
       zkVM errors (1 lines):
         • [prover_impl.rs:280] verify segment (internal proof verification failed)
       Local constraints hit (1 unique):
         - VerifyOpcodeF3F7@inst.zir:103
           cycle=18210, step=1566, pc=0x002184DC, major=3, minor=1
       Global: no permutation/lookup violations (local-only)
  [25] ✓ COMP_OUT_MOD @ step 3016: 2 failures, 2992ms, outcome: REJECTED, exit: 101 [proof:GENERATED] G=memory
       r=0.187  T_new=0.00 F_new=0.78 F_rare=1.00 U=0 Q=0.43 Q_l=0.51 Q_g=0.85 dl=2 dg=1
       Value: 0x00000000 -> 0x687FD74A
       Destination: rd = x11 (a1)
       zkVM errors (1 lines):
         • [prover_impl.rs:280] verify segment (internal proof verification failed)
       Local constraints hit (2 unique):
         - MemoryWrite@mem.zir:100
           cycle=19744, step=3016, pc=0x00203408, major=1, minor=2
         - MemoryWrite@mem.zir:99
           cycle=19744, step=3016, pc=0x00203408, major=1, minor=2
       Global: memory permutation violated
         x11/a1: wrote 0x687fd74a, expected 0x00000000 (cycle 39489)
  [26] ✓ PRE_EXEC_REG_MOD @ step 1957: 3 failures, 2932ms, outcome: REJECTED, exit: 101 [proof:GENERATED] G=memory
       r=0.096  T_new=0.00 F_new=0.78 F_rare=1.00 U=0 Q=0.22 Q_l=0.37 Q_g=0.61 dl=3 dg=3
       Value: 0x0021B15A -> 0x01000000
       Register: x10 (a0), READ, strategy=next_read
       zkVM errors (3 lines):
         • [prover_impl.rs:280] verify segment (internal proof verification failed)
         • [ffi.cpp:113] address mismatch at cycle 18606: preflight=0x00086c56, actual=0x00400000
         • [kernels/cxx/ffi.cpp:208] SKIP THROW: memory peek not in preflight
       Local constraints hit (3 unique):
         - IsRead@mem.zir:79
           cycle=18606, step=1957, pc=0x002184C0, major=5, minor=3
         - IsRead@mem.zir:80
           cycle=18606, step=1957, pc=0x002184C0, major=5, minor=3
         - MemoryWrite@mem.zir:99
           cycle=18606, step=1957, pc=0x002184C0, major=5, minor=3
       Global: memory permutation violated
         0x01000000 (data): expected write missing, needed 0x425f5453 (cycle 37198)
         x10/a0: wrote 0x01000000, expected 0x0021b15a (cycle 37212)
         0x0021B158 (code): unexpected write 0x425f5453 (cycle 37198)
  [27] ✓ STORE_OUT_MOD @ step 60: 2 failures, 2974ms, outcome: REJECTED, exit: 101 [proof:GENERATED] G=memory
       r=0.187  T_new=0.00 F_new=0.78 F_rare=1.00 U=0 Q=0.43 Q_l=0.51 Q_g=0.85 dl=2 dg=1
       Value: 0x00000000 -> 0x132A306A
       Store address: 0x002213f0
       zkVM errors (1 lines):
         • [prover_impl.rs:280] verify segment (internal proof verification failed)
       Local constraints hit (2 unique):
         - MemoryWrite@mem.zir:100
           cycle=16633, step=60, pc=0x00203228, major=6, minor=0
         - MemoryWrite@mem.zir:99
           cycle=16633, step=60, pc=0x00203228, major=6, minor=0
       Global: memory permutation violated
         0x002213F0 (code): wrote 0x132a306a, expected 0x00000000 (cycle 33267)
  [28] ✓ COMP_OUT_MOD @ step 2840: 2 failures, 2943ms, outcome: REJECTED, exit: 101 [proof:GENERATED] G=memory
       r=0.132  T_new=0.00 F_new=0.39 F_rare=0.85 U=0 Q=0.43 Q_l=0.51 Q_g=0.85 dl=2 dg=1
       Value: 0x0020027C -> 0xFFDFFD83
       Destination: rd = x13 (a3)
       zkVM errors (1 lines):
         • [prover_impl.rs:280] verify segment (internal proof verification failed)
       Local constraints hit (2 unique):
         - MemoryWrite@mem.zir:100
           cycle=19568, step=2840, pc=0x00203BD0, major=0, minor=7
         - MemoryWrite@mem.zir:99
           cycle=19568, step=2840, pc=0x00203BD0, major=0, minor=7
       Global: memory permutation violated
         x13/a3: wrote 0xffdffd83, expected 0x0020027c (cycle 39137)
  [29] ✓ INSTR_TYPE_MOD @ step 313: 2 failures, 2878ms, outcome: REJECTED, exit: 101 [proof:GENERATED] [+36 touch]
       r=0.305  T_new=0.64 F_new=0.63 F_rare=1.00 U=0 Q=0.51 Q_l=0.51 Q_g=1.00 dl=2 dg=0
       Value: 0x00050002 -> 0x00050004
       Original: Lw [major=5, minor=2]
       Mutated:  LhU [major=5, minor=4]
       zkVM errors (1 lines):
         • [prover_impl.rs:280] verify segment (internal proof verification failed)
       Local constraints hit (2 unique):
         - MemoryWrite@mem.zir:100
           cycle=16898, step=313, pc=0x00200850, major=5, minor=4
         - VerifyOpcodeF3@inst.zir:97
           cycle=16898, step=313, pc=0x00200850, major=5, minor=4
       Global: no permutation/lookup violations (local-only)
  [30] ✓ INSTR_TYPE_MOD @ step 3381: 3 failures, 2922ms, outcome: REJECTED, exit: 101 [proof:GENERATED] [+53 touch]
       r=0.243  T_new=0.78 F_new=0.78 F_rare=1.00 U=0 Q=0.37 Q_l=0.37 Q_g=1.00 dl=3 dg=0
       Value: 0x00000007 -> 0x00040007
       Original: AddI [major=0, minor=7]
       Mutated:  RemU [major=4, minor=7]
       zkVM errors (1 lines):
         • [prover_impl.rs:280] verify segment (internal proof verification failed)
       Local constraints hit (3 unique):
         - VerifyOpcodeF3F7@inst.zir:102
           cycle=20183, step=3381, pc=0x00204C60, major=4, minor=7
         - VerifyOpcodeF3F7@inst.zir:103
           cycle=20183, step=3381, pc=0x00204C60, major=4, minor=7
         - VerifyOpcodeF3F7@inst.zir:104
           cycle=20183, step=3381, pc=0x00204C60, major=4, minor=7
       Global: no permutation/lookup violations (local-only)
  [31] ✓ STORE_OUT_MOD @ step 2739: 2 failures, 2929ms, outcome: REJECTED, exit: 101 [proof:GENERATED] G=memory
       r=0.125  T_new=0.00 F_new=0.39 F_rare=0.79 U=0 Q=0.43 Q_l=0.51 Q_g=0.85 dl=2 dg=1
       Value: 0x00000001 -> 0xFFFFFFFF
       Store address: 0x00200324
       zkVM errors (1 lines):
         • [prover_impl.rs:280] verify segment (internal proof verification failed)
       Local constraints hit (2 unique):
         - MemoryWrite@mem.zir:100
           cycle=19467, step=2739, pc=0x002016D8, major=6, minor=2
         - MemoryWrite@mem.zir:99
           cycle=19467, step=2739, pc=0x002016D8, major=6, minor=2
       Global: memory permutation violated
         0x00200324 (data): wrote 0xffffffff, expected 0x00000001 (cycle 38935)
  [32] ✓ INSTR_TYPE_MOD @ step 3640: 2 failures, 2975ms, outcome: REJECTED, exit: 101 [proof:GENERATED] G=memory
       r=0.165  T_new=0.00 F_new=0.86 F_rare=1.00 U=0 Q=0.37 Q_l=0.51 Q_g=0.72 dl=2 dg=2
       Value: 0x00010002 -> 0x00010005
       Original: AndI [major=1, minor=2]
       Mutated:  Beq [major=1, minor=5]
       zkVM errors (3 lines):
         • [prover_impl.rs:280] verify segment (internal proof verification failed)
         • [ffi.cpp:113] address mismatch at cycle 20516: preflight=0x3fffc02d, actual=0x3fffc060
         • [kernels/cxx/ffi.cpp:208] SKIP THROW: memory peek not in preflight
       Local constraints hit (2 unique):
         - VerifyOpcodeF3@inst.zir:96
           cycle=20516, step=3640, pc=0x002032F8, major=1, minor=5
         - VerifyOpcodeF3@inst.zir:97
           cycle=20516, step=3640, pc=0x002032F8, major=1, minor=5
       Global: memory permutation violated
         x13/a3: unexpected write 0x00000000 (cycle 40986)
         0xFFFF0180 (data): expected write missing, needed 0x00000000 (cycle 40986)
  [33] ✓ INSTR_TYPE_MOD @ step 3099: 3 failures, 2941ms, outcome: REJECTED, exit: 101 [proof:GENERATED] G=memory
       r=0.122  T_new=0.00 F_new=0.92 F_rare=1.00 U=0 Q=0.26 Q_l=0.37 Q_g=0.72 dl=3 dg=2
       Value: 0x00050002 -> 0x00000004
       Original: Lw [major=5, minor=2]
       Mutated:  And [major=0, minor=4]
       zkVM errors (3 lines):
         • [prover_impl.rs:280] verify segment (internal proof verification failed)
         • [ffi.cpp:113] address mismatch at cycle 19827: preflight=0x0008855a, actual=0x3fffc03c
         • [kernels/cxx/ffi.cpp:208] SKIP THROW: memory peek not in preflight
       Local constraints hit (3 unique):
         - VerifyOpcodeF3F7@inst.zir:102
           cycle=19827, step=3099, pc=0x00205784, major=0, minor=4
         - VerifyOpcodeF3F7@inst.zir:103
           cycle=19827, step=3099, pc=0x00205784, major=0, minor=4
         - VerifyOpcodeF3F7@inst.zir:104
           cycle=19827, step=3099, pc=0x00205784, major=0, minor=4
       Global: memory permutation violated
         x28/t3: expected write missing, needed 0x00000000 (cycle 39609)
         0x00221568 (code): unexpected write 0x00000000 (cycle 39609)
  [34] ✓ INSTR_TYPE_MOD @ step 1381: 4 failures, 2954ms, outcome: REJECTED, exit: 101 [proof:GENERATED]
       r=0.118  T_new=0.00 F_new=0.86 F_rare=1.00 U=0 Q=0.26 Q_l=0.26 Q_g=1.00 dl=4 dg=0
       Value: 0x00000007 -> 0x00000006
       Original: AddI [major=0, minor=7]
       Mutated:  SltU [major=0, minor=6]
       zkVM errors (1 lines):
         • [prover_impl.rs:280] verify segment (internal proof verification failed)
       Local constraints hit (4 unique):
         - MemoryWrite@mem.zir:99
           cycle=18025, step=1381, pc=0x002184D0, major=0, minor=6
         - VerifyOpcodeF3F7@inst.zir:102
           cycle=18025, step=1381, pc=0x002184D0, major=0, minor=6
         - VerifyOpcodeF3F7@inst.zir:103
           cycle=18025, step=1381, pc=0x002184D0, major=0, minor=6
         - VerifyOpcodeF3F7@inst.zir:104
           cycle=18025, step=1381, pc=0x002184D0, major=0, minor=6
       Global: no permutation/lookup violations (local-only)
  [35] ✓ INSTR_TYPE_MOD @ step 1406: 5 failures, 2984ms, outcome: REJECTED, exit: 101 [proof:GENERATED] [+49 touch] G=memory
       r=0.095  T_new=0.75 F_new=0.97 F_rare=1.00 U=0 Q=0.14 Q_l=0.19 Q_g=0.72 dl=5 dg=2
       Value: 0x00050003 -> 0x00040003
       Original: LbU [major=5, minor=3]
       Mutated:  SraI [major=4, minor=3]
       zkVM errors (3 lines):
         • [prover_impl.rs:280] verify segment (internal proof verification failed)
         • [ffi.cpp:113] address mismatch at cycle 18050: preflight=0x0008679f, actual=0x3fffc020
         • [kernels/cxx/ffi.cpp:208] SKIP THROW: memory peek not in preflight
       Local constraints hit (5 unique):
         - MemoryWrite@mem.zir:100
           cycle=18050, step=1406, pc=0x002184C4, major=4, minor=3
         - MemoryWrite@mem.zir:99
           cycle=18050, step=1406, pc=0x002184C4, major=4, minor=3
         - VerifyOpcodeF3F7@inst.zir:102
           cycle=18050, step=1406, pc=0x002184C4, major=4, minor=3
         - VerifyOpcodeF3F7@inst.zir:103
           cycle=18050, step=1406, pc=0x002184C4, major=4, minor=3
         - VerifyOpcodeF3F7@inst.zir:104
           cycle=18050, step=1406, pc=0x002184C4, major=4, minor=3
       Global: memory permutation violated
         x0/zero: expected write missing, needed 0x72f36e3c (cycle 36086)
         0x00219E7C (code): unexpected write 0x72f36e3c (cycle 36086)
  [36] ✓ INSTR_TYPE_MOD @ step 3169: 2 failures, 2898ms, outcome: REJECTED, exit: 101 [proof:GENERATED] [+37 touch]
       r=0.306  T_new=0.65 F_new=0.63 F_rare=1.00 U=0 Q=0.51 Q_l=0.51 Q_g=1.00 dl=2 dg=0
       Value: 0x00050002 -> 0x00050001
       Original: Lw [major=5, minor=2]
       Mutated:  Lh [major=5, minor=1]
       zkVM errors (1 lines):
         • [prover_impl.rs:280] verify segment (internal proof verification failed)
       Local constraints hit (2 unique):
         - MemoryWrite@mem.zir:100
           cycle=19971, step=3169, pc=0x00205834, major=5, minor=1
         - VerifyOpcodeF3@inst.zir:97
           cycle=19971, step=3169, pc=0x00205834, major=5, minor=1
       Global: no permutation/lookup violations (local-only)
  [37] ✓ INSTR_TYPE_MOD @ step 2843: 4 failures, 3006ms, outcome: REJECTED, exit: 101 [proof:GENERATED] G=memory|cycle
       r=0.055  T_new=0.00 F_new=0.98 F_rare=1.00 U=0 Q=0.11 Q_l=0.26 Q_g=0.43 dl=4 dg=5
       Value: 0x00000007 -> 0x00060000
       Original: AddI [major=0, minor=7]
       Mutated:  Sb [major=6, minor=0]
       zkVM errors (3 lines):
         • [prover_impl.rs:280] verify segment (internal proof verification failed)
         • [ffi.cpp:113] address mismatch at cycle 19571: preflight=0x3fffc02a, actual=0x000800e5
         • [kernels/cxx/ffi.cpp:208] SKIP THROW: memory peek not in preflight
       Local constraints hit (4 unique):
         - IsRead@mem.zir:79
           cycle=19571, step=2843, pc=0x00203BDC, major=6, minor=0
         - IsRead@mem.zir:80
           cycle=19571, step=2843, pc=0x00203BDC, major=6, minor=0
         - MemoryWrite@mem.zir:99
           cycle=19571, step=2843, pc=0x00203BDC, major=6, minor=0
         - VerifyOpcodeF3@inst.zir:96
           cycle=19571, step=2843, pc=0x00203BDC, major=6, minor=0
       Global: memory permutation violated
         0x00200394 (data): expected write missing, needed 0x00000813 (cycle 11846)
         x10/a0: unexpected write 0x00000000 (cycle 39122)
       Global: cycle lookup violated (3 indices broken)
         index 19: 97 provides, 1 uses (imbalanced)
         index 20: 65 provides, 1 uses (imbalanced)
         index 27296: 1 provides, 1 uses (imbalanced)
  [38] ✓ INSTR_TYPE_MOD @ step 3605: 3 failures, 2936ms, outcome: REJECTED, exit: 101 [proof:GENERATED] G=memory
       r=0.121  T_new=0.00 F_new=0.92 F_rare=1.00 U=0 Q=0.26 Q_l=0.37 Q_g=0.72 dl=3 dg=2
       Value: 0x00000007 -> 0x00010007
       Original: AddI [major=0, minor=7]
       Mutated:  Blt [major=1, minor=7]
       zkVM errors (3 lines):
         • [prover_impl.rs:280] verify segment (internal proof verification failed)
         • [ffi.cpp:113] address mismatch at cycle 20481: preflight=0x3fffc02b, actual=0x3fffc060
         • [kernels/cxx/ffi.cpp:208] SKIP THROW: memory peek not in preflight
       Local constraints hit (3 unique):
         - MemoryWrite@mem.zir:99
           cycle=20481, step=3605, pc=0x002056B4, major=1, minor=7
         - VerifyOpcodeF3@inst.zir:96
           cycle=20481, step=3605, pc=0x002056B4, major=1, minor=7
         - VerifyOpcodeF3@inst.zir:97
           cycle=20481, step=3605, pc=0x002056B4, major=1, minor=7
       Global: memory permutation violated
         x11/a1: unexpected write 0x002215d0 (cycle 40948)
         0xFFFF0180 (data): expected write missing, needed 0x002215d0 (cycle 40948)
  [39] ✓ INSTR_TYPE_MOD @ step 307: 2 failures, 2931ms, outcome: REJECTED, exit: 101 [proof:GENERATED]
       r=0.172  T_new=0.00 F_new=0.39 F_rare=0.85 U=0 Q=0.51 Q_l=0.51 Q_g=1.00 dl=2 dg=0
       Value: 0x00060002 -> 0x00060001
       Original: Sw [major=6, minor=2]
       Mutated:  Sh [major=6, minor=1]
       zkVM errors (1 lines):
         • [prover_impl.rs:280] verify segment (internal proof verification failed)
       Local constraints hit (2 unique):
         - MemoryWrite@mem.zir:100
           cycle=16892, step=307, pc=0x002031E8, major=6, minor=1
         - VerifyOpcodeF3@inst.zir:97
           cycle=16892, step=307, pc=0x002031E8, major=6, minor=1
       Global: no permutation/lookup violations (local-only)
  [40] ✓ PRE_EXEC_REG_MOD @ step 3856: 4 failures, 2921ms, outcome: REJECTED, exit: 101 [proof:GENERATED] G=memory
       r=0.068  T_new=0.00 F_new=0.39 F_rare=0.85 U=0 Q=0.22 Q_l=0.26 Q_g=0.85 dl=4 dg=1
       Value: 0x0022156C -> 0x80102493
       Register: x19 (s3), READ, strategy=next_read
       zkVM errors (1 lines):
         • [prover_impl.rs:280] verify segment (internal proof verification failed)
       Local constraints hit (4 unique):
         - IsRead@mem.zir:79
           cycle=20806, step=3856, pc=0x00204D78, major=0, minor=7
         - IsRead@mem.zir:80
           cycle=20806, step=3856, pc=0x00204D78, major=0, minor=7
         - MemoryWrite@mem.zir:100
           cycle=20806, step=3856, pc=0x00204D78, major=0, minor=7
         - MemoryWrite@mem.zir:99
           cycle=20806, step=3856, pc=0x00204D78, major=0, minor=7
       Global: memory permutation violated
         x19/s3: wrote 0x80102493, expected 0x0022156c (cycle 41612)
  [41] ✓ INSTR_TYPE_MOD @ step 1260: 6 failures, 2951ms, outcome: REJECTED, exit: 101 [proof:GENERATED] [+2 new] G=memory
       r=0.046  T_new=0.00 F_new=0.97 F_rare=1.00 U=0 Q=0.10 Q_l=0.14 Q_g=0.72 dl=6 dg=2
       Value: 0x00000003 -> 0x00050002
       Original: Or [major=0, minor=3]
       Mutated:  Lw [major=5, minor=2]
       zkVM errors (3 lines):
         • [prover_impl.rs:280] verify segment (internal proof verification failed)
         • [ffi.cpp:113] address mismatch at cycle 17904: preflight=0x3fffc02e, actual=0x00000003
         • [kernels/cxx/ffi.cpp:208] SKIP THROW: memory peek not in preflight
       Local constraints hit (6 unique):
         - AddrDecomposeBits@u32.zir:87
           cycle=17904, step=1260, pc=0x00203304, major=5, minor=2
         - MemoryWrite@mem.zir:99
           cycle=17904, step=1260, pc=0x00203304, major=5, minor=2
         - OpLW@inst_mem.zir:108
           cycle=17904, step=1260, pc=0x00203304, major=5, minor=2
         - OpLW@inst_mem.zir:109
           cycle=17904, step=1260, pc=0x00203304, major=5, minor=2
         - VerifyOpcodeF3@inst.zir:96
           cycle=17904, step=1260, pc=0x00203304, major=5, minor=2
         - VerifyOpcodeF3@inst.zir:97
           cycle=17904, step=1260, pc=0x00203304, major=5, minor=2
       Global: memory permutation violated
         0x0000000C (data): expected write missing, needed 0x00000000 (cycle 35807)
         x14/a4: unexpected write 0x00000000 (cycle 35807)
  [42] ✓ INSTR_TYPE_MOD @ step 3171: 7 failures, 2948ms, outcome: REJECTED, exit: 101 [proof:GENERATED] [+1 new] G=memory
       r=0.009  T_new=0.00 F_new=1.00 F_rare=1.00 U=0 Q=0.02 Q_l=0.10 Q_g=0.19 dl=7 dg=10
       Value: 0x00050002 -> 0x00020003
       Original: Lw [major=5, minor=2]
       Mutated:  Jal [major=2, minor=3]
       zkVM errors (3 lines):
         • [prover_impl.rs:280] verify segment (internal proof verification failed)
         • [ffi.cpp:113] address mismatch at cycle 19973: preflight=0x00080060, actual=0x3fffc020
         • [kernels/cxx/ffi.cpp:208] SKIP THROW: memory peek not in preflight
       Local constraints hit (3 unique):
         - MemoryWrite@mem.zir:100 (x3)
           cycle=19973, step=3171, pc=0x0020583C, major=2, minor=3
         - MemoryWrite@mem.zir:99 (x3)
           cycle=19973, step=3171, pc=0x0020583C, major=2, minor=3
         - VerifyOpcode@inst.zir:91
           cycle=19973, step=3171, pc=0x0020583C, major=2, minor=3
       Global: memory permutation violated (12 addrs: 1 register, 10 code, 1 data)
         0x00200180 (data): unexpected write 0x20000000 (cycle 39355)
         x0/zero: expected write missing, needed 0x20000000 (cycle 39355)
         + 10 code addresses diverged (instruction fetch cascade)
  [43] ✓ INSTR_TYPE_MOD @ step 3315: 5 failures, 2895ms, outcome: REJECTED, exit: 101 [proof:GENERATED] [+52 touch]
       r=0.131  T_new=0.77 F_new=0.92 F_rare=1.00 U=0 Q=0.19 Q_l=0.19 Q_g=1.00 dl=5 dg=0
       Value: 0x00000007 -> 0x00040004
       Original: AddI [major=0, minor=7]
       Mutated:  Div [major=4, minor=4]
       zkVM errors (1 lines):
         • [prover_impl.rs:280] verify segment (internal proof verification failed)
       Local constraints hit (5 unique):
         - MemoryWrite@mem.zir:100
           cycle=20117, step=3315, pc=0x00204C5C, major=4, minor=4
         - MemoryWrite@mem.zir:99
           cycle=20117, step=3315, pc=0x00204C5C, major=4, minor=4
         - VerifyOpcodeF3F7@inst.zir:102
           cycle=20117, step=3315, pc=0x00204C5C, major=4, minor=4
         - VerifyOpcodeF3F7@inst.zir:103
           cycle=20117, step=3315, pc=0x00204C5C, major=4, minor=4
         - VerifyOpcodeF3F7@inst.zir:104
           cycle=20117, step=3315, pc=0x00204C5C, major=4, minor=4
       Global: no permutation/lookup violations (local-only)
  [44] ✓ INSTR_TYPE_MOD @ step 2329: 68 failures, 2954ms, outcome: REJECTED, exit: 101 [proof:GENERATED] [+3 new] [+32 touch] G=memory
       r=0.000  T_new=0.60 F_new=1.00 F_rare=1.00 U=0 Q=0.00 Q_l=0.00 Q_g=0.19 dl=18 dg=10
       Value: 0x00020004 -> 0x0001000B
       Original: JalR [major=2, minor=4]
       Mutated:  Jal [major=1, minor=11] ⚠INVALID
       zkVM errors (3 lines):
         • [prover_impl.rs:280] verify segment (internal proof verification failed)
         • [ffi.cpp:113] address mismatch at cycle 18983: preflight=0x3fffc021, actual=0x3fffc060
         • [kernels/cxx/ffi.cpp:208] SKIP THROW: memory peek not in preflight
       Local constraints hit (5 unique):
         - AddrDecompose@u32.zir:67 (x62)
           cycle=18984, step=2330, pc=0x00203200, major=1, minor=5
         - MemoryWrite@mem.zir:100 (x2)
           cycle=18983, step=2329, pc=0x002031FC, major=1, minor=11
         - MemoryWrite@mem.zir:99 (x2)
           cycle=18983, step=2329, pc=0x002031FC, major=1, minor=11
         - OneHot@one_hot.zir:11
           cycle=18983, step=2329, pc=0x002031FC, major=1, minor=11
         - OneHot@one_hot.zir:9
           cycle=18983, step=2329, pc=0x002031FC, major=1, minor=11
       Global: memory permutation violated (126 addrs: 1 register, 62 code, 63 data)
         0x00000000 (data): expected write missing, needed 0x0e060a63 (cycle 33246)
         0x00000004 (data): expected write missing, needed 0x00b50023 (cycle 33248)
         0x00000008 (data): expected write missing, needed 0x00a606b3 (cycle 33250)
         + 62 code addresses diverged (instruction fetch cascade)
         + 61 more addresses
  [45] ✓ INSTR_TYPE_MOD @ step 2925: 6 failures, 2976ms, outcome: REJECTED, exit: 101 [proof:GENERATED] G=memory
       r=0.012  T_new=0.00 F_new=1.00 F_rare=1.00 U=0 Q=0.03 Q_l=0.14 Q_g=0.19 dl=6 dg=10
       Value: 0x00020002 -> 0x00020005
       Original: BgeU [major=2, minor=2]
       Mutated:  Lui [major=2, minor=5]
       zkVM errors (3 lines):
         • [prover_impl.rs:280] verify segment (internal proof verification failed)
         • [ffi.cpp:113] address mismatch at cycle 19653: preflight=0x3fffc060, actual=0x3fffc03c
         • [kernels/cxx/ffi.cpp:208] SKIP THROW: memory peek not in preflight
       Local constraints hit (3 unique):
         - MemoryWrite@mem.zir:100
           cycle=19653, step=2925, pc=0x002053D0, major=2, minor=5
         - MemoryWrite@mem.zir:99 (x4)
           cycle=19653, step=2925, pc=0x002053D0, major=2, minor=5
         - VerifyOpcode@inst.zir:91
           cycle=19653, step=2925, pc=0x002053D0, major=2, minor=5
       Global: memory permutation violated (27 addrs: 1 register, 25 code, 1 data)
         x28/t3: expected write missing, needed 0x00205e40 (cycle 39295)
         0xFFFF0180 (data): unexpected write 0x00205e40 (cycle 39295)
         + 25 code addresses diverged (instruction fetch cascade)
  [46] ✓ INSTR_TYPE_MOD @ step 2019: 13 failures, 2965ms, outcome: REJECTED, exit: 101 [proof:GENERATED] [+32 touch] G=memory
       r=0.009  T_new=0.60 F_new=1.00 F_rare=1.00 U=0 Q=0.01 Q_l=0.07 Q_g=0.19 dl=8 dg=10
       Value: 0x00010006 -> 0x0001000D
       Original: Bne [major=1, minor=6]
       Mutated:  Lui [major=1, minor=13] ⚠INVALID
       zkVM errors (3 lines):
         • [prover_impl.rs:280] verify segment (internal proof verification failed)
         • [ffi.cpp:113] address mismatch at cycle 18669: preflight=0x0008612f, actual=0x00000000
         • [kernels/cxx/buffers.h:43] SKIP THROW: Inconsistent set
       Local constraints hit (5 unique):
         - AddrDecompose@u32.zir:67 (x9)
           cycle=18669, step=2020, pc=0x002184C0, major=5, minor=3
         - MemoryWrite@mem.zir:100
           cycle=18677, step=2028, pc=0x00205FD0, major=2, minor=4
         - MemoryWrite@mem.zir:99
           cycle=18677, step=2028, pc=0x00205FD0, major=2, minor=4
         - OneHot@one_hot.zir:11
           cycle=18668, step=2019, pc=0x002184BC, major=1, minor=13
         - OneHot@one_hot.zir:9
           cycle=18668, step=2019, pc=0x002184BC, major=1, minor=13
       Global: memory permutation violated (18 addrs: 9 code, 9 data)
         0x00000000 (data): expected write missing, needed 0x00054683 (cycle 37324)
         0x00000004 (data): expected write missing, needed 0x0005c703 (cycle 37326)
         0x00000008 (data): expected write missing, needed 0x00e69e63 (cycle 37328)
         + 9 code addresses diverged (instruction fetch cascade)
         + 6 more addresses
  [47] ✓ INSTR_TYPE_MOD @ step 2559: 4 failures, 2905ms, outcome: REJECTED, exit: 101 [proof:GENERATED] [+1 new]
       r=0.112  T_new=0.00 F_new=0.63 F_rare=1.00 U=0 Q=0.26 Q_l=0.26 Q_g=1.00 dl=4 dg=0
       Value: 0x00050003 -> 0x00050001
       Original: LbU [major=5, minor=3]
       Mutated:  Lh [major=5, minor=1]
       zkVM errors (1 lines):
         • [prover_impl.rs:280] verify segment (internal proof verification failed)
       Local constraints hit (4 unique):
         - MemoryWrite@mem.zir:100
           cycle=19287, step=2559, pc=0x002014E8, major=5, minor=1
         - MemoryWrite@mem.zir:99
           cycle=19287, step=2559, pc=0x002014E8, major=5, minor=1
         - OpLH@inst_mem.zir:98
           cycle=19287, step=2559, pc=0x002014E8, major=5, minor=1
         - VerifyOpcodeF3@inst.zir:97
           cycle=19287, step=2559, pc=0x002014E8, major=5, minor=1
       Global: no permutation/lookup violations (local-only)
  [48] ✓ INSTR_TYPE_MOD @ step 1650: 5 failures, 2913ms, outcome: REJECTED, exit: 101 [proof:GENERATED] [+2 touch]
       r=0.042  T_new=0.06 F_new=0.00 F_rare=0.71 U=0 Q=0.19 Q_l=0.19 Q_g=1.00 dl=5 dg=0
       Value: 0x00000007 -> 0x00040004
       Original: AddI [major=0, minor=7]
       Mutated:  Div [major=4, minor=4]
       zkVM errors (1 lines):
         • [prover_impl.rs:280] verify segment (internal proof verification failed)
       Local constraints hit (5 unique):
         - MemoryWrite@mem.zir:100
           cycle=18294, step=1650, pc=0x0020AF0C, major=4, minor=4
         - MemoryWrite@mem.zir:99
           cycle=18294, step=1650, pc=0x0020AF0C, major=4, minor=4
         - VerifyOpcodeF3F7@inst.zir:102
           cycle=18294, step=1650, pc=0x0020AF0C, major=4, minor=4
         - VerifyOpcodeF3F7@inst.zir:103
           cycle=18294, step=1650, pc=0x0020AF0C, major=4, minor=4
         - VerifyOpcodeF3F7@inst.zir:104
           cycle=18294, step=1650, pc=0x0020AF0C, major=4, minor=4
       Global: no permutation/lookup violations (local-only)
  [49] ✓ INSTR_TYPE_MOD @ step 102: 5 failures, 2987ms, outcome: REJECTED, exit: 101 [proof:GENERATED] [+53 touch] G=memory|cycle
       r=0.058  T_new=0.78 F_new=0.99 F_rare=1.00 U=0 Q=0.08 Q_l=0.19 Q_g=0.43 dl=5 dg=5
       Value: 0x00060002 -> 0x00040005
       Original: Sw [major=6, minor=2]
       Mutated:  DivU [major=4, minor=5]
       zkVM errors (3 lines):
         • [prover_impl.rs:280] verify segment (internal proof verification failed)
         • [ffi.cpp:113] address mismatch at cycle 16675: preflight=0x000884f4, actual=0x3fffc028
         • [kernels/cxx/ffi.cpp:208] SKIP THROW: memory peek not in preflight
       Local constraints hit (5 unique):
         - MemoryWrite@mem.zir:100
           cycle=16675, step=102, pc=0x002032D0, major=4, minor=5
         - MemoryWrite@mem.zir:99
           cycle=16675, step=102, pc=0x002032D0, major=4, minor=5
         - VerifyOpcodeF3F7@inst.zir:102
           cycle=16675, step=102, pc=0x002032D0, major=4, minor=5
         - VerifyOpcodeF3F7@inst.zir:103
           cycle=16675, step=102, pc=0x002032D0, major=4, minor=5
         - VerifyOpcodeF3F7@inst.zir:104
           cycle=16675, step=102, pc=0x002032D0, major=4, minor=5
       Global: memory permutation violated
         x8/s0: expected write missing, needed 0x00000000 (cycle 29234)
         0x002213D0 (code): unexpected write 0x00000000 (cycle 29234)
       Global: cycle lookup violated (3 indices broken)
         index 0: 2254 provides, 1 uses (imbalanced)
         index 4115: orphan use (1 entries, no matching provide)
         index 4116: 1 provides, 1 uses (imbalanced)
  [50] ✓ INSTR_TYPE_MOD @ step 3928: 2 failures, 2889ms, outcome: REJECTED, exit: 101 [proof:GENERATED] [+1 touch]
       r=0.206  T_new=0.03 F_new=0.63 F_rare=1.00 U=0 Q=0.51 Q_l=0.51 Q_g=1.00 dl=2 dg=0
       Value: 0x00000007 -> 0x00000001
       Original: AddI [major=0, minor=7]
       Mutated:  Sub [major=0, minor=1]
       zkVM errors (1 lines):
         • [prover_impl.rs:280] verify segment (internal proof verification failed)
       Local constraints hit (2 unique):
         - VerifyOpcodeF3F7@inst.zir:102
           cycle=20878, step=3928, pc=0xC00000F8, major=0, minor=1
         - VerifyOpcodeF3F7@inst.zir:104
           cycle=20878, step=3928, pc=0xC00000F8, major=0, minor=1
       Global: no permutation/lookup violations (local-only)
  [51] ✓ INSTR_TYPE_MOD @ step 0: 5 failures, 2970ms, outcome: REJECTED, exit: 101 [proof:GENERATED] [+2 new] [+3 touch] G=memory|cycle
       r=0.057  T_new=0.08 F_new=0.98 F_rare=1.00 U=0 Q=0.11 Q_l=0.19 Q_g=0.61 dl=5 dg=3
       Value: 0x00020006 -> 0x00020002
       Original: Auipc [major=2, minor=6]
       Mutated:  BgeU [major=2, minor=2]
       zkVM errors (3 lines):
         • [prover_impl.rs:280] verify segment (internal proof verification failed)
         • [ffi.cpp:113] address mismatch at cycle 0: preflight=0x44000000, actual=0x00000000
         • [kernels/cxx/ffi.cpp:208] SKIP THROW: memory peek not in preflight
       Local constraints hit (5 unique):
         - AddrDecompose@u32.zir:67
           cycle=0, step=0, pc=0x00000000, major=2, minor=2
         - ControlLoadRootAndNonce@inst_control.zir:23
           cycle=1, step=0, pc=0x00000000, major=7, minor=0
         - MiscInput@inst_misc.zir:7
           cycle=0, step=0, pc=0x00000000, major=2, minor=2
         - VerifyOpcodeF3@inst.zir:96
           cycle=0, step=0, pc=0x00000000, major=2, minor=2
         - VerifyOpcodeF3@inst.zir:97
           cycle=0, step=0, pc=0x00000000, major=2, minor=2
       Global: memory permutation violated
         0xFFFF0100 (data): expected write missing, needed 0x00000000 (cycle 0)
       Global: cycle lookup violated (2 indices broken)
         index 0: 2256 provides, 1 uses (imbalanced)
         index 2013265920: orphan provide (2 entries, no matching use)
  [52] ✓ INSTR_TYPE_MOD @ step 1433: 3 failures, 2990ms, outcome: REJECTED, exit: 101 [proof:GENERATED] [+37 touch] G=memory
       r=0.175  T_new=0.65 F_new=0.92 F_rare=1.00 U=0 Q=0.26 Q_l=0.37 Q_g=0.72 dl=3 dg=2
       Value: 0x00050003 -> 0x00000005
       Original: LbU [major=5, minor=3]
       Mutated:  Slt [major=0, minor=5]
       zkVM errors (3 lines):
         • [prover_impl.rs:280] verify segment (internal proof verification failed)
         • [ffi.cpp:113] address mismatch at cycle 18077: preflight=0x000800c7, actual=0x3fffc020
         • [kernels/cxx/ffi.cpp:208] SKIP THROW: memory peek not in preflight
       Local constraints hit (3 unique):
         - MemoryWrite@mem.zir:99
           cycle=18077, step=1433, pc=0x002184C0, major=0, minor=5
         - VerifyOpcodeF3F7@inst.zir:102
           cycle=18077, step=1433, pc=0x002184C0, major=0, minor=5
         - VerifyOpcodeF3F7@inst.zir:103
           cycle=18077, step=1433, pc=0x002184C0, major=0, minor=5
       Global: memory permutation violated
         0x0020031C (data): unexpected write 0x3af54fa5 (cycle 36140)
         x0/zero: expected write missing, needed 0x3af54fa5 (cycle 36140)
  [53] ✓ INSTR_TYPE_MOD @ step 588: 2 failures, 2910ms, outcome: REJECTED, exit: 101 [proof:GENERATED]
       r=0.155  T_new=0.00 F_new=0.39 F_rare=0.85 U=0 Q=0.51 Q_l=0.51 Q_g=1.00 dl=2 dg=0
       Value: 0x00000007 -> 0x00000003
       Original: AddI [major=0, minor=7]
       Mutated:  Or [major=0, minor=3]
       zkVM errors (1 lines):
         • [prover_impl.rs:280] verify segment (internal proof verification failed)
       Local constraints hit (2 unique):
         - VerifyOpcodeF3F7@inst.zir:102
           cycle=17191, step=588, pc=0x00206168, major=0, minor=3
         - VerifyOpcodeF3F7@inst.zir:103
           cycle=17191, step=588, pc=0x00206168, major=0, minor=3
       Global: no permutation/lookup violations (local-only)
  [54] ✓ INSTR_TYPE_MOD @ step 557: 3 failures, 2992ms, outcome: REJECTED, exit: 101 [proof:GENERATED]
       r=0.144  T_new=0.00 F_new=0.63 F_rare=1.00 U=0 Q=0.37 Q_l=0.37 Q_g=1.00 dl=3 dg=0
       Value: 0x00000007 -> 0x00030001
       Original: AddI [major=0, minor=7]
       Mutated:  SllI [major=3, minor=1]
       zkVM errors (1 lines):
         • [prover_impl.rs:280] verify segment (internal proof verification failed)
       Local constraints hit (3 unique):
         - MemoryWrite@mem.zir:100
           cycle=17160, step=557, pc=0x00200930, major=3, minor=1
         - MemoryWrite@mem.zir:99
           cycle=17160, step=557, pc=0x00200930, major=3, minor=1
         - VerifyOpcodeF3F7@inst.zir:103
           cycle=17160, step=557, pc=0x00200930, major=3, minor=1
       Global: no permutation/lookup violations (local-only)
  [55] ✓ INSTR_TYPE_MOD @ step 877: 4 failures, 3000ms, outcome: REJECTED, exit: 101 [proof:GENERATED] G=memory|cycle
       r=0.054  T_new=0.00 F_new=0.98 F_rare=1.00 U=0 Q=0.11 Q_l=0.26 Q_g=0.43 dl=4 dg=5
       Value: 0x00060002 -> 0x00010000
       Original: Sw [major=6, minor=2]
       Mutated:  XorI [major=1, minor=0]
       zkVM errors (3 lines):
         • [prover_impl.rs:280] verify segment (internal proof verification failed)
         • [ffi.cpp:113] address mismatch at cycle 17504: preflight=0x000800d5, actual=0x3fffc024
         • [kernels/cxx/ffi.cpp:208] SKIP THROW: memory peek not in preflight
       Local constraints hit (4 unique):
         - MemoryWrite@mem.zir:100
           cycle=17504, step=877, pc=0x00203198, major=1, minor=0
         - MemoryWrite@mem.zir:99
           cycle=17504, step=877, pc=0x00203198, major=1, minor=0
         - VerifyOpcodeF3@inst.zir:96
           cycle=17504, step=877, pc=0x00203198, major=1, minor=0
         - VerifyOpcodeF3@inst.zir:97
           cycle=17504, step=877, pc=0x00203198, major=1, minor=0
       Global: memory permutation violated
         0x00200354 (data): unexpected write 0x00000000 (cycle 34970)
         x4/tp: expected write missing, needed 0x00000000 (cycle 34970)
       Global: cycle lookup violated (3 indices broken)
         index 0: 2254 provides, 1 uses (imbalanced)
         index 37: 38 provides, 1 uses (imbalanced)
         index 38: 16 provides, 1 uses (imbalanced)
  [56] ✓ INSTR_TYPE_MOD @ step 427: 4 failures, 2984ms, outcome: REJECTED, exit: 101 [proof:GENERATED] [+31 touch] G=memory
       r=0.124  T_new=0.59 F_new=0.95 F_rare=1.00 U=0 Q=0.19 Q_l=0.26 Q_g=0.72 dl=4 dg=2
       Value: 0x00000007 -> 0x0005000C
       Original: AddI [major=0, minor=7]
       Mutated:  Unknown(5,12) [major=5, minor=12] ⚠INVALID
       zkVM errors (3 lines):
         • [prover_impl.rs:280] verify segment (internal proof verification failed)
         • [ffi.cpp:113] address mismatch at cycle 17018: preflight=0x3fffc020, actual=0x00000001
         • [kernels/cxx/ffi.cpp:208] SKIP THROW: memory peek not in preflight
       Local constraints hit (4 unique):
         - AddrDecomposeBits@u32.zir:87
           cycle=17018, step=427, pc=0x0020615C, major=5, minor=12
         - MemoryWrite@mem.zir:99
           cycle=17018, step=427, pc=0x0020615C, major=5, minor=12
         - OneHot@one_hot.zir:11
           cycle=17018, step=427, pc=0x0020615C, major=5, minor=12
         - OneHot@one_hot.zir:9
           cycle=17018, step=427, pc=0x0020615C, major=5, minor=12
       Global: memory permutation violated
         0x00000004 (data): expected write missing, needed 0x00000000 (cycle 34034)
         x0/zero: unexpected write 0x00000000 (cycle 34034)
  [57] ✓ INSTR_TYPE_MOD @ step 2619: 2 failures, 2967ms, outcome: REJECTED, exit: 101 [proof:GENERATED] G=memory|cycle
       r=0.104  T_new=0.00 F_new=0.95 F_rare=1.00 U=0 Q=0.22 Q_l=0.51 Q_g=0.43 dl=2 dg=5
       Value: 0x00060002 -> 0x00050003
       Original: Sw [major=6, minor=2]
       Mutated:  LbU [major=5, minor=3]
       zkVM errors (3 lines):
         • [prover_impl.rs:280] verify segment (internal proof verification failed)
         • [ffi.cpp:113] address mismatch at cycle 19347: preflight=0x3fffc028, actual=0x000800be
         • [kernels/cxx/ffi.cpp:208] SKIP THROW: memory peek not in preflight
       Local constraints hit (2 unique):
         - VerifyOpcodeF3@inst.zir:96
           cycle=19347, step=2619, pc=0x002052F0, major=5, minor=3
         - VerifyOpcodeF3@inst.zir:97
           cycle=19347, step=2619, pc=0x002052F0, major=5, minor=3
       Global: memory permutation violated
         0x002002F8 (data): unexpected write 0x00000000 (cycle 38476)
         x8/s0: expected write missing, needed 0x00000000 (cycle 38476)
       Global: cycle lookup violated (3 indices broken)
         index 0: 2254 provides, 1 uses (imbalanced)
         index 217: 4 provides, 1 uses (imbalanced)
         index 218: 4 provides, 1 uses (imbalanced)
  [58] ✓ INSTR_TYPE_MOD @ step 648: 8 failures, 3037ms, outcome: REJECTED, exit: 101 [proof:GENERATED] [+1 new] G=memory|cycle
       r=0.014  T_new=0.00 F_new=0.95 F_rare=1.00 U=0 Q=0.03 Q_l=0.07 Q_g=0.43 dl=8 dg=5
       Value: 0x00000007 -> 0x00060002
       Original: AddI [major=0, minor=7]
       Mutated:  Sw [major=6, minor=2]
       zkVM errors (3 lines):
         • [prover_impl.rs:280] verify segment (internal proof verification failed)
         • [ffi.cpp:113] address mismatch at cycle 17257: preflight=0x3fffc02a, actual=0x00000002
         • [kernels/cxx/ffi.cpp:208] SKIP THROW: memory peek not in preflight
       Local constraints hit (8 unique):
         - AddrDecomposeBits@u32.zir:87
           cycle=17257, step=648, pc=0x002031A8, major=6, minor=2
         - IsRead@mem.zir:79
           cycle=17257, step=648, pc=0x002031A8, major=6, minor=2
         - IsRead@mem.zir:80
           cycle=17257, step=648, pc=0x002031A8, major=6, minor=2
         - MemoryWrite@mem.zir:100
           cycle=17257, step=648, pc=0x002031A8, major=6, minor=2
         - MemoryWrite@mem.zir:99
           cycle=17257, step=648, pc=0x002031A8, major=6, minor=2
         - OpSW@inst_mem.zir:161
           cycle=17257, step=648, pc=0x002031A8, major=6, minor=2
         - VerifyOpcodeF3@inst.zir:96
           cycle=17257, step=648, pc=0x002031A8, major=6, minor=2
         - VerifyOpcodeF3@inst.zir:97
           cycle=17257, step=648, pc=0x002031A8, major=6, minor=2
       Global: memory permutation violated
         0x00000008 (data): expected write missing, needed 0x00060593 (cycle 34348)
         x10/a0: unexpected write 0x00200370 (cycle 34512)
       Global: cycle lookup violated (3 indices broken)
         index 1: 1798 provides, 1 uses (imbalanced)
         index 2: 861 provides, 1 uses (imbalanced)
         index 166: 4 provides, 1 uses (imbalanced)
  [59] ✓ INSTR_TYPE_MOD @ step 3822: 5 failures, 2919ms, outcome: REJECTED, exit: 101 [proof:GENERATED] G=memory
       r=0.058  T_new=0.00 F_new=0.78 F_rare=1.00 U=0 Q=0.14 Q_l=0.19 Q_g=0.72 dl=5 dg=2
       Value: 0x00050002 -> 0x00040002
       Original: Lw [major=5, minor=2]
       Mutated:  SrlI [major=4, minor=2]
       zkVM errors (3 lines):
         • [prover_impl.rs:280] verify segment (internal proof verification failed)
         • [ffi.cpp:113] address mismatch at cycle 20772: preflight=0x00080061, actual=0x3fffc024
         • [kernels/cxx/ffi.cpp:208] SKIP THROW: memory peek not in preflight
       Local constraints hit (5 unique):
         - MemoryWrite@mem.zir:100
           cycle=20772, step=3822, pc=0x00205838, major=4, minor=2
         - MemoryWrite@mem.zir:99
           cycle=20772, step=3822, pc=0x00205838, major=4, minor=2
         - VerifyOpcodeF3F7@inst.zir:102
           cycle=20772, step=3822, pc=0x00205838, major=4, minor=2
         - VerifyOpcodeF3F7@inst.zir:103
           cycle=20772, step=3822, pc=0x00205838, major=4, minor=2
         - VerifyOpcodeF3F7@inst.zir:104
           cycle=20772, step=3822, pc=0x00205838, major=4, minor=2
       Global: memory permutation violated
         0x00200184 (data): unexpected write 0x00000060 (cycle 40911)
         x4/tp: expected write missing, needed 0x00000060 (cycle 40911)
  [60] ✓ MEM_VAL_MOD @ step 0: 3 failures, 2936ms, outcome: REJECTED, exit: 101 [proof:GENERATED] G=memory
       r=0.133  T_new=0.00 F_new=0.78 F_rare=1.00 U=0 Q=0.31 Q_l=0.37 Q_g=0.85 dl=3 dg=1
       Value: 0x756AAABD -> 0x00400000
       Transaction: other_mem_read (READ) at address 0x10effdfe0
       zkVM errors (1 lines):
         • [prover_impl.rs:280] verify segment (internal proof verification failed)
       Local constraints hit (3 unique):
         - IsRead@mem.zir:79
           cycle=964, step=0, pc=0x00000000, major=9, minor=5
         - IsRead@mem.zir:80
           cycle=964, step=0, pc=0x00000000, major=9, minor=5
         - PoseidonCheckOut@inst_p2.zir:265
           cycle=964, step=0, pc=0x00000000, major=9, minor=5
       Global: memory permutation violated
         0x10EFFDFE0 (data): wrote 0x00400000, expected 0x756aaabd (cycle 1928)
  [61] ✓ MEM_VAL_MOD @ step 2503: 18 failures, 2989ms, outcome: REJECTED, exit: 101 [proof:GENERATED] G=memory
       r=0.087  T_new=0.00 F_new=0.92 F_rare=1.00 U=0 Q=0.19 Q_l=0.26 Q_g=0.85 dl=4 dg=1
       Value: 0x06CA6351 -> 0xACCF5B64
       Transaction: other_mem_read (READ) at address 0xc00018ac
       zkVM errors (2 lines):
         • [prover_impl.rs:280] verify segment (internal proof verification failed)
         • [kernels/cxx/buffers.h:43] SKIP THROW: Inconsistent set
       Local constraints hit (4 unique):
         - IsRead@mem.zir:79
           cycle=19193, step=2503, pc=0xC0000554, major=11, minor=3
         - IsRead@mem.zir:80
           cycle=19193, step=2503, pc=0xC0000554, major=11, minor=3
         - MemoryWrite@mem.zir:100 (x8)
           cycle=19227, step=2503, pc=0xC0000554, major=11, minor=4
         - MemoryWrite@mem.zir:99 (x8)
           cycle=19227, step=2503, pc=0xC0000554, major=11, minor=4
       Global: memory permutation violated
         0xC00018AC (data): wrote 0xaccf5b64, expected 0x06ca6351 (cycle 38386)
  [62] ✓ MEM_VAL_MOD @ step 3428: 2 failures, 2955ms, outcome: REJECTED, exit: 101 [proof:GENERATED] G=memory
       r=0.117  T_new=0.00 F_new=0.39 F_rare=0.72 U=0 Q=0.43 Q_l=0.51 Q_g=0.85 dl=2 dg=1
       Value: 0x002035E4 -> 0xE290FF80
       Transaction: other_mem_write (WRITE) at address 0xffff0180
       zkVM errors (1 lines):
         • [prover_impl.rs:280] verify segment (internal proof verification failed)
       Local constraints hit (2 unique):
         - MemoryWrite@mem.zir:100
           cycle=20230, step=3428, pc=0x00204C68, major=2, minor=4
         - MemoryWrite@mem.zir:99
           cycle=20230, step=3428, pc=0x00204C68, major=2, minor=4
       Global: memory permutation violated
         0xFFFF0180 (data): wrote 0xe290ff80, expected 0x002035e4 (cycle 40461)
  [63] ✓ INSTR_TYPE_MOD @ step 2915: 4 failures, 2964ms, outcome: REJECTED, exit: 101 [proof:GENERATED] G=memory
       r=0.080  T_new=0.00 F_new=0.63 F_rare=1.00 U=0 Q=0.19 Q_l=0.26 Q_g=0.72 dl=4 dg=2
       Value: 0x00020002 -> 0x00040003
       Original: BgeU [major=2, minor=2]
       Mutated:  SraI [major=4, minor=3]
       zkVM errors (3 lines):
         • [prover_impl.rs:280] verify segment (internal proof verification failed)
         • [ffi.cpp:113] address mismatch at cycle 19643: preflight=0x3fffc060, actual=0x3fffc034
         • [kernels/cxx/ffi.cpp:208] SKIP THROW: memory peek not in preflight
       Local constraints hit (4 unique):
         - MemoryWrite@mem.zir:99
           cycle=19643, step=2915, pc=0x00205E30, major=4, minor=3
         - VerifyOpcodeF3F7@inst.zir:102
           cycle=19643, step=2915, pc=0x00205E30, major=4, minor=3
         - VerifyOpcodeF3F7@inst.zir:103
           cycle=19643, step=2915, pc=0x00205E30, major=4, minor=3
         - VerifyOpcodeF3F7@inst.zir:104
           cycle=19643, step=2915, pc=0x00205E30, major=4, minor=3
       Global: memory permutation violated
         x20/s4: expected write missing, needed 0x00000000 (cycle 39281)
         0xFFFF0180 (data): unexpected write 0x00000000 (cycle 39281)
  [64] ✓ INSTR_WORD_MOD_FULL @ step 13: 1 failures, 3026ms, outcome: REJECTED, exit: 101 [proof:GENERATED] G=memory
       r=0.182  T_new=0.00 F_new=0.39 F_rare=0.85 U=0 Q=0.61 Q_l=0.72 Q_g=0.85 dl=1 dg=1
       Value: 0x00010537 -> 0x40010537
       Original: LUI x10, 0x10000
       Mutated:  LUI x10, 0x40010000
       zkVM errors (1 lines):
         • [prover_impl.rs:280] verify segment (internal proof verification failed)
       Local constraints hit (1 unique):
         - MemoryWrite@mem.zir:100
           cycle=16586, step=13, pc=0xC0000038, major=2, minor=5
       Global: memory permutation violated
         0xC0000034 (data): wrote 0x00010537, expected 0x40010537 (cycle 29942)
  [65] ✓ INSTR_TYPE_MOD @ step 3510: 6 failures, 2971ms, outcome: REJECTED, exit: 101 [proof:GENERATED] G=memory|cycle
       r=0.029  T_new=0.00 F_new=0.98 F_rare=1.00 U=0 Q=0.06 Q_l=0.14 Q_g=0.43 dl=6 dg=5
       Value: 0x00000007 -> 0x00050001
       Original: AddI [major=0, minor=7]
       Mutated:  Lh [major=5, minor=1]
       zkVM errors (3 lines):
         • [prover_impl.rs:280] verify segment (internal proof verification failed)
         • [ffi.cpp:113] address mismatch at cycle 20312: preflight=0x3fffc02a, actual=0x00000010
         • [kernels/cxx/ffi.cpp:208] SKIP THROW: memory peek not in preflight
       Local constraints hit (6 unique):
         - AddrDecomposeBits@u32.zir:87
           cycle=20312, step=3510, pc=0x002053E8, major=5, minor=1
         - IsRead@mem.zir:79
           cycle=20312, step=3510, pc=0x002053E8, major=5, minor=1
         - MemoryWrite@mem.zir:100
           cycle=20312, step=3510, pc=0x002053E8, major=5, minor=1
         - MemoryWrite@mem.zir:99
           cycle=20312, step=3510, pc=0x002053E8, major=5, minor=1
         - VerifyOpcodeF3@inst.zir:96
           cycle=20312, step=3510, pc=0x002053E8, major=5, minor=1
         - VerifyOpcodeF3@inst.zir:97
           cycle=20312, step=3510, pc=0x002053E8, major=5, minor=1
       Global: memory permutation violated
         0x00000040 (data): expected write missing, needed 0x00000000 (cycle 40618)
         x10/a0: expected write missing, needed 0x00c90633 (cycle 39320)
       Global: cycle lookup violated (3 indices broken)
         index 5: 350 provides, 1 uses (imbalanced)
         index 6: 413 provides, 1 uses (imbalanced)
         index 1304: 1 provides, 1 uses (imbalanced)
  [66] ✓ INSTR_TYPE_MOD @ step 0: 6 failures, 2995ms, outcome: REJECTED, exit: 101 [proof:GENERATED] [+1 new] [+45 touch] G=memory|cycle
       r=0.056  T_new=0.72 F_new=0.92 F_rare=1.00 U=0 Q=0.08 Q_l=0.14 Q_g=0.61 dl=6 dg=3
       Value: 0x00020006 -> 0x00030003
       Original: Auipc [major=2, minor=6]
       Mutated:  MulH [major=3, minor=3]
       zkVM errors (3 lines):
         • [prover_impl.rs:280] verify segment (internal proof verification failed)
         • [ffi.cpp:113] address mismatch at cycle 0: preflight=0x44000000, actual=0x00000000
         • [kernels/cxx/ffi.cpp:208] SKIP THROW: memory peek not in preflight
       Local constraints hit (6 unique):
         - AddrDecompose@u32.zir:67
           cycle=0, step=0, pc=0x00000000, major=3, minor=3
         - ControlLoadRootAndNonce@inst_control.zir:23
           cycle=1, step=0, pc=0x00000000, major=7, minor=0
         - MulInput@inst_mul.zir:8
           cycle=0, step=0, pc=0x00000000, major=3, minor=3
         - VerifyOpcodeF3F7@inst.zir:102
           cycle=0, step=0, pc=0x00000000, major=3, minor=3
         - VerifyOpcodeF3F7@inst.zir:103
           cycle=0, step=0, pc=0x00000000, major=3, minor=3
         - VerifyOpcodeF3F7@inst.zir:104
           cycle=0, step=0, pc=0x00000000, major=3, minor=3
       Global: memory permutation violated
         0xFFFF0100 (data): expected write missing, needed 0x00000000 (cycle 0)
       Global: cycle lookup violated (2 indices broken)
         index 0: 2256 provides, 1 uses (imbalanced)
         index 2013265920: orphan provide (2 entries, no matching use)
  [67] ✓ INSTR_TYPE_MOD @ step 3928: 2 failures, 3020ms, outcome: REJECTED, exit: 101 [proof:GENERATED] [+2 touch]
       r=0.114  T_new=0.06 F_new=0.00 F_rare=0.71 U=0 Q=0.51 Q_l=0.51 Q_g=1.00 dl=2 dg=0
       Value: 0x00000007 -> 0x00000005
       Original: AddI [major=0, minor=7]
       Mutated:  Slt [major=0, minor=5]
       zkVM errors (1 lines):
         • [prover_impl.rs:280] verify segment (internal proof verification failed)
       Local constraints hit (2 unique):
         - VerifyOpcodeF3F7@inst.zir:102
           cycle=20878, step=3928, pc=0xC00000F8, major=0, minor=5
         - VerifyOpcodeF3F7@inst.zir:103
           cycle=20878, step=3928, pc=0xC00000F8, major=0, minor=5
       Global: no permutation/lookup violations (local-only)
  [68] ✓ LOAD_VAL_MOD @ step 2250: 2 failures, 2942ms, outcome: REJECTED, exit: 101 [proof:GENERATED] G=memory
       r=0.120  T_new=0.00 F_new=0.39 F_rare=0.75 U=0 Q=0.43 Q_l=0.51 Q_g=0.85 dl=2 dg=1
       Value: 0x00000000 -> 0xBE951694
       Load destination: rd = x17 (a7)
       zkVM errors (1 lines):
         • [prover_impl.rs:280] verify segment (internal proof verification failed)
       Local constraints hit (2 unique):
         - MemoryWrite@mem.zir:100
           cycle=18904, step=2250, pc=0x00203424, major=5, minor=2
         - MemoryWrite@mem.zir:99
           cycle=18904, step=2250, pc=0x00203424, major=5, minor=2
       Global: memory permutation violated
         x17/a7: wrote 0xbe951694, expected 0x00000000 (cycle 37809)
  [69] ✓ INSTR_TYPE_MOD @ step 2900: 5 failures, 2984ms, outcome: REJECTED, exit: 101 [proof:GENERATED] G=memory
       r=0.064  T_new=0.00 F_new=0.97 F_rare=1.00 U=0 Q=0.14 Q_l=0.19 Q_g=0.72 dl=5 dg=2
       Value: 0x00050002 -> 0x00000002
       Original: Lw [major=5, minor=2]
       Mutated:  Xor [major=0, minor=2]
       zkVM errors (3 lines):
         • [prover_impl.rs:280] verify segment (internal proof verification failed)
         • [ffi.cpp:113] address mismatch at cycle 19628: preflight=0x000884ff, actual=0x3fffc03c
         • [kernels/cxx/ffi.cpp:208] SKIP THROW: memory peek not in preflight
       Local constraints hit (5 unique):
         - MemoryWrite@mem.zir:100
           cycle=19628, step=2900, pc=0x00205DF4, major=0, minor=2
         - MemoryWrite@mem.zir:99
           cycle=19628, step=2900, pc=0x00205DF4, major=0, minor=2
         - VerifyOpcodeF3F7@inst.zir:102
           cycle=19628, step=2900, pc=0x00205DF4, major=0, minor=2
         - VerifyOpcodeF3F7@inst.zir:103
           cycle=19628, step=2900, pc=0x00205DF4, major=0, minor=2
         - VerifyOpcodeF3F7@inst.zir:104
           cycle=19628, step=2900, pc=0x00205DF4, major=0, minor=2
       Global: memory permutation violated
         x28/t3: expected write missing, needed 0x002214ec (cycle 38241)
         0x002213FC (code): unexpected write 0x002214ec (cycle 38241)
  [70] ✓ INSTR_TYPE_MOD @ step 1165: 26 failures, 2956ms, outcome: REJECTED, exit: 101 [proof:GENERATED] [+33 touch] G=memory
       r=0.001  T_new=0.61 F_new=1.00 F_rare=1.00 U=0 Q=0.00 Q_l=0.00 Q_g=0.19 dl=16 dg=10
       Value: 0x00000007 -> 0x00000008
       Original: AddI [major=0, minor=7]
       Mutated:  XorI [major=0, minor=8] ⚠INVALID
       zkVM errors (3 lines):
         • [prover_impl.rs:280] verify segment (internal proof verification failed)
         • [ffi.cpp:113] address mismatch at cycle 17809: preflight=0x3fffc022, actual=0x3fffc060
         • [kernels/cxx/ffi.cpp:208] SKIP THROW: memory peek not in preflight
       Local constraints hit (5 unique):
         - AddrDecompose@u32.zir:67 (x18)
           cycle=17810, step=1166, pc=0x00208ABC, major=6, minor=2
         - MemoryWrite@mem.zir:100 (x3)
           cycle=17809, step=1165, pc=0x00208AB8, major=0, minor=8
         - MemoryWrite@mem.zir:99 (x3)
           cycle=17809, step=1165, pc=0x00208AB8, major=0, minor=8
         - OneHot@one_hot.zir:11
           cycle=17809, step=1165, pc=0x00208AB8, major=0, minor=8
         - OneHot@one_hot.zir:9
           cycle=17809, step=1165, pc=0x00208AB8, major=0, minor=8
       Global: memory permutation violated (38 addrs: 1 register, 18 code, 19 data)
         0x00000000 (data): expected write missing, needed 0x02112623 (cycle 19394)
         0x00000004 (data): expected write missing, needed 0x02812423 (cycle 19394)
         0x00000008 (data): expected write missing, needed 0x02912223 (cycle 19414)
         + 18 code addresses diverged (instruction fetch cascade)
         + 17 more addresses
  [71] ✓ INSTR_TYPE_MOD @ step 916: 1 failures, 3013ms, outcome: REJECTED, exit: 101 [proof:GENERATED]
       r=0.240  T_new=0.00 F_new=0.39 F_rare=1.00 U=0 Q=0.72 Q_l=0.72 Q_g=1.00 dl=1 dg=0
       Value: 0x00000007 -> 0x00010001
       Original: AddI [major=0, minor=7]
       Mutated:  OrI [major=1, minor=1]
       zkVM errors (1 lines):
         • [prover_impl.rs:280] verify segment (internal proof verification failed)
       Local constraints hit (1 unique):
         - VerifyOpcodeF3@inst.zir:97
           cycle=17546, step=916, pc=0xC0000158, major=1, minor=1
       Global: no permutation/lookup violations (local-only)
  [72] ✓ INSTR_TYPE_MOD @ step 0: 6 failures, 2987ms, outcome: REJECTED, exit: 101 [proof:GENERATED] [+1 new] [+1 touch] G=memory|cycle
       r=0.036  T_new=0.03 F_new=0.78 F_rare=1.00 U=0 Q=0.08 Q_l=0.14 Q_g=0.61 dl=6 dg=3
       Value: 0x00020006 -> 0x00050003
       Original: Auipc [major=2, minor=6]
       Mutated:  LbU [major=5, minor=3]
       zkVM errors (3 lines):
         • [prover_impl.rs:280] verify segment (internal proof verification failed)
         • [ffi.cpp:113] address mismatch at cycle 0: preflight=0x44000000, actual=0x00000000
         • [kernels/cxx/ffi.cpp:208] SKIP THROW: memory peek not in preflight
       Local constraints hit (6 unique):
         - AddrDecompose@u32.zir:67
           cycle=0, step=0, pc=0x00000000, major=5, minor=3
         - AddrDecomposeBits@u32.zir:87
           cycle=0, step=0, pc=0x00000000, major=5, minor=3
         - ControlLoadRootAndNonce@inst_control.zir:23
           cycle=1, step=0, pc=0x00000000, major=7, minor=0
         - MemLoadInput@inst_mem.zir:8
           cycle=0, step=0, pc=0x00000000, major=5, minor=3
         - VerifyOpcodeF3@inst.zir:96
           cycle=0, step=0, pc=0x00000000, major=5, minor=3
         - VerifyOpcodeF3@inst.zir:97
           cycle=0, step=0, pc=0x00000000, major=5, minor=3
       Global: memory permutation violated
         0xFFFF0100 (data): expected write missing, needed 0x00000000 (cycle 0)
       Global: cycle lookup violated (2 indices broken)
         index 0: 2256 provides, 1 uses (imbalanced)
         index 2013265920: orphan provide (3 entries, no matching use)
  [73] ✓ INSTR_TYPE_MOD @ step 3288: 3 failures, 2916ms, outcome: REJECTED, exit: 101 [proof:GENERATED] [+32 touch] G=memory
       r=0.172  T_new=0.60 F_new=0.92 F_rare=1.00 U=0 Q=0.26 Q_l=0.37 Q_g=0.72 dl=3 dg=2
       Value: 0x00000007 -> 0x00050008
       Original: AddI [major=0, minor=7]
       Mutated:  Sb [major=5, minor=8] ⚠INVALID
       zkVM errors (3 lines):
         • [prover_impl.rs:280] verify segment (internal proof verification failed)
         • [ffi.cpp:113] address mismatch at cycle 20090: preflight=0x3fffc030, actual=0x00000000
         • [kernels/cxx/ffi.cpp:208] SKIP THROW: memory peek not in preflight
       Local constraints hit (3 unique):
         - AddrDecomposeBits@u32.zir:87
           cycle=20090, step=3288, pc=0x00203440, major=5, minor=8
         - OneHot@one_hot.zir:11
           cycle=20090, step=3288, pc=0x00203440, major=5, minor=8
         - OneHot@one_hot.zir:9
           cycle=20090, step=3288, pc=0x00203440, major=5, minor=8
       Global: memory permutation violated
         0x00000000 (data): expected write missing, needed 0x9a008748 (cycle 40178)
         x16/a6: unexpected write 0x9a008748 (cycle 40178)
  [74] ✓ INSTR_TYPE_MOD @ step 1377: 4 failures, 2914ms, outcome: REJECTED, exit: 101 [proof:GENERATED] G=memory
       r=0.088  T_new=0.00 F_new=0.95 F_rare=1.00 U=0 Q=0.19 Q_l=0.26 Q_g=0.72 dl=4 dg=2
       Value: 0x00050003 -> 0x00000000
       Original: LbU [major=5, minor=3]
       Mutated:  Add [major=0, minor=0]
       zkVM errors (3 lines):
         • [prover_impl.rs:280] verify segment (internal proof verification failed)
         • [ffi.cpp:113] address mismatch at cycle 18021: preflight=0x000800c5, actual=0x3fffc020
         • [kernels/cxx/ffi.cpp:208] SKIP THROW: memory peek not in preflight
       Local constraints hit (4 unique):
         - MemoryWrite@mem.zir:100
           cycle=18021, step=1377, pc=0x002184C0, major=0, minor=0
         - MemoryWrite@mem.zir:99
           cycle=18021, step=1377, pc=0x002184C0, major=0, minor=0
         - VerifyOpcodeF3F7@inst.zir:102
           cycle=18021, step=1377, pc=0x002184C0, major=0, minor=0
         - VerifyOpcodeF3F7@inst.zir:103
           cycle=18021, step=1377, pc=0x002184C0, major=0, minor=0
       Global: memory permutation violated
         0x00200314 (data): unexpected write 0x85ae67bb (cycle 36028)
         x0/zero: expected write missing, needed 0x85ae67bb (cycle 36028)
  [75] ✓ INSTR_TYPE_MOD @ step 1412: 4 failures, 2922ms, outcome: REJECTED, exit: 101 [proof:GENERATED] G=memory
       r=0.074  T_new=0.00 F_new=0.63 F_rare=1.00 U=0 Q=0.19 Q_l=0.26 Q_g=0.72 dl=4 dg=2
       Value: 0x00050003 -> 0x00030001
       Original: LbU [major=5, minor=3]
       Mutated:  SllI [major=3, minor=1]
       zkVM errors (3 lines):
         • [prover_impl.rs:280] verify segment (internal proof verification failed)
         • [ffi.cpp:113] address mismatch at cycle 18056: preflight=0x000800c6, actual=0x3fffc020
         • [kernels/cxx/ffi.cpp:208] SKIP THROW: memory peek not in preflight
       Local constraints hit (4 unique):
         - MemoryWrite@mem.zir:100
           cycle=18056, step=1412, pc=0x002184C0, major=3, minor=1
         - MemoryWrite@mem.zir:99
           cycle=18056, step=1412, pc=0x002184C0, major=3, minor=1
         - VerifyOpcodeF3F7@inst.zir:102
           cycle=18056, step=1412, pc=0x002184C0, major=3, minor=1
         - VerifyOpcodeF3F7@inst.zir:103
           cycle=18056, step=1412, pc=0x002184C0, major=3, minor=1
       Global: memory permutation violated
         0x00200318 (data): unexpected write 0x72f36e3c (cycle 36098)
         x0/zero: expected write missing, needed 0x72f36e3c (cycle 36098)
  [76] ✓ COMP_OUT_MOD @ step 3686: 2 failures, 2960ms, outcome: REJECTED, exit: 101 [proof:GENERATED] G=memory
       r=0.120  T_new=0.00 F_new=0.39 F_rare=0.75 U=0 Q=0.43 Q_l=0.51 Q_g=0.85 dl=2 dg=1
       Value: 0x00221632 -> 0xFFDDE9CE
       Destination: rd = x11 (a1)
       zkVM errors (1 lines):
         • [prover_impl.rs:280] verify segment (internal proof verification failed)
       Local constraints hit (2 unique):
         - MemoryWrite@mem.zir:100
           cycle=20562, step=3686, pc=0x002035F8, major=0, minor=7
         - MemoryWrite@mem.zir:99
           cycle=20562, step=3686, pc=0x002035F8, major=0, minor=7
       Global: memory permutation violated
         x11/a1: wrote 0xffdde9ce, expected 0x00221632 (cycle 41125)
  [77] ✓ INSTR_TYPE_MOD @ step 2262: 4 failures, 2953ms, outcome: REJECTED, exit: 101 [proof:GENERATED] G=memory
       r=0.074  T_new=0.00 F_new=0.63 F_rare=1.00 U=0 Q=0.19 Q_l=0.26 Q_g=0.72 dl=4 dg=2
       Value: 0x00050002 -> 0x00010000
       Original: Lw [major=5, minor=2]
       Mutated:  XorI [major=1, minor=0]
       zkVM errors (3 lines):
         • [prover_impl.rs:280] verify segment (internal proof verification failed)
         • [ffi.cpp:113] address mismatch at cycle 18916: preflight=0x000884f5, actual=0x3fffc028
         • [kernels/cxx/ffi.cpp:208] SKIP THROW: memory peek not in preflight
       Local constraints hit (4 unique):
         - MemoryWrite@mem.zir:100
           cycle=18916, step=2262, pc=0x00203424, major=1, minor=0
         - MemoryWrite@mem.zir:99
           cycle=18916, step=2262, pc=0x00203424, major=1, minor=0
         - VerifyOpcodeF3@inst.zir:96
           cycle=18916, step=2262, pc=0x00203424, major=1, minor=0
         - VerifyOpcodeF3@inst.zir:97
           cycle=18916, step=2262, pc=0x00203424, major=1, minor=0
       Global: memory permutation violated
         x8/s0: expected write missing, needed 0x00000000 (cycle 33353)
         0x002213D4 (code): unexpected write 0x00000000 (cycle 33353)
  [78] ✓ PRE_EXEC_REG_MOD @ step 1967: 4 failures, 2924ms, outcome: REJECTED, exit: 101 [proof:GENERATED] G=memory
       r=0.064  T_new=0.00 F_new=0.39 F_rare=0.79 U=0 Q=0.22 Q_l=0.26 Q_g=0.85 dl=4 dg=1
       Value: 0x0021BA8F -> 0x1C233EB7
       Register: x11 (a1), READ, strategy=next_read
       zkVM errors (1 lines):
         • [prover_impl.rs:280] verify segment (internal proof verification failed)
       Local constraints hit (4 unique):
         - IsRead@mem.zir:79
           cycle=18616, step=1967, pc=0x002184CC, major=0, minor=7
         - IsRead@mem.zir:80
           cycle=18616, step=1967, pc=0x002184CC, major=0, minor=7
         - MemoryWrite@mem.zir:100
           cycle=18616, step=1967, pc=0x002184CC, major=0, minor=7
         - MemoryWrite@mem.zir:99
           cycle=18616, step=1967, pc=0x002184CC, major=0, minor=7
       Global: memory permutation violated
         x11/a1: wrote 0x1c233eb7, expected 0x0021ba8f (cycle 37232)
  [79] ✓ INSTR_TYPE_MOD @ step 2688: 5 failures, 2973ms, outcome: REJECTED, exit: 101 [proof:GENERATED] G=memory|cycle
       r=0.039  T_new=0.00 F_new=0.99 F_rare=1.00 U=0 Q=0.08 Q_l=0.19 Q_g=0.43 dl=5 dg=5
       Value: 0x00060002 -> 0x00030002
       Original: Sw [major=6, minor=2]
       Mutated:  Mul [major=3, minor=2]
       zkVM errors (3 lines):
         • [prover_impl.rs:280] verify segment (internal proof verification failed)
         • [ffi.cpp:113] address mismatch at cycle 19416: preflight=0x000800d8, actual=0x3fffc060
         • [kernels/cxx/ffi.cpp:208] SKIP THROW: memory peek not in preflight
       Local constraints hit (5 unique):
         - MemoryWrite@mem.zir:100
           cycle=19416, step=2688, pc=0x002015FC, major=3, minor=2
         - MemoryWrite@mem.zir:99
           cycle=19416, step=2688, pc=0x002015FC, major=3, minor=2
         - VerifyOpcodeF3F7@inst.zir:102
           cycle=19416, step=2688, pc=0x002015FC, major=3, minor=2
         - VerifyOpcodeF3F7@inst.zir:103
           cycle=19416, step=2688, pc=0x002015FC, major=3, minor=2
         - VerifyOpcodeF3F7@inst.zir:104
           cycle=19416, step=2688, pc=0x002015FC, major=3, minor=2
       Global: memory permutation violated
         0x00200360 (data): unexpected write 0x00000000 (cycle 4702)
         0xFFFF0180 (data): expected write missing, needed 0x00000000 (cycle 4702)
       Global: cycle lookup violated (3 indices broken)
         index 0: 2254 provides, 1 uses (imbalanced)
         index 34129: orphan use (1 entries, no matching provide)
         index 34130: 1 provides, 1 uses (imbalanced)
  [80] ✓ INSTR_TYPE_MOD @ step 3002: 14 failures, 2930ms, outcome: REJECTED, exit: 101 [proof:GENERATED] [+32 touch] G=memory
       r=0.002  T_new=0.60 F_new=1.00 F_rare=1.00 U=0 Q=0.00 Q_l=0.02 Q_g=0.19 dl=12 dg=10
       Value: 0x00000007 -> 0x0000000D
       Original: AddI [major=0, minor=7]
       Mutated:  Beq [major=0, minor=13] ⚠INVALID
       zkVM errors (3 lines):
         • [prover_impl.rs:280] verify segment (internal proof verification failed)
         • [ffi.cpp:113] address mismatch at cycle 19730: preflight=0x3fffc02c, actual=0x3fffc060
         • [kernels/cxx/ffi.cpp:208] SKIP THROW: memory peek not in preflight
       Local constraints hit (5 unique):
         - AddrDecompose@u32.zir:67 (x6)
           cycle=19731, step=3003, pc=0x00205744, major=2, minor=2
         - MemoryWrite@mem.zir:100 (x3)
           cycle=19730, step=3002, pc=0x002056D0, major=0, minor=13
         - MemoryWrite@mem.zir:99 (x3)
           cycle=19730, step=3002, pc=0x002056D0, major=0, minor=13
         - OneHot@one_hot.zir:11
           cycle=19730, step=3002, pc=0x002056D0, major=0, minor=13
         - OneHot@one_hot.zir:9
           cycle=19730, step=3002, pc=0x002056D0, major=0, minor=13
       Global: memory permutation violated (14 addrs: 1 register, 6 code, 7 data)
         0x00000000 (data): expected write missing, needed 0x073afa63 (cycle 16194)
         0x00000074 (data): expected write missing, needed 0x00040513 (cycle 16274)
         0x00000078 (data): expected write missing, needed 0x00060593 (cycle 16274)
         + 6 code addresses diverged (instruction fetch cascade)
         + 5 more addresses
  [81] ✓ INSTR_TYPE_MOD @ step 1575: 3 failures, 2932ms, outcome: REJECTED, exit: 101 [proof:GENERATED] [+34 touch] G=memory
       r=0.173  T_new=0.62 F_new=0.92 F_rare=1.00 U=0 Q=0.26 Q_l=0.37 Q_g=0.72 dl=3 dg=2
       Value: 0x00050002 -> 0x00010003
       Original: Lw [major=5, minor=2]
       Mutated:  SltI [major=1, minor=3]
       zkVM errors (3 lines):
         • [prover_impl.rs:280] verify segment (internal proof verification failed)
         • [ffi.cpp:113] address mismatch at cycle 18219: preflight=0x0008006d, actual=0x3fffc034
         • [kernels/cxx/ffi.cpp:208] SKIP THROW: memory peek not in preflight
       Local constraints hit (3 unique):
         - MemoryWrite@mem.zir:100
           cycle=18219, step=1575, pc=0x00202EC0, major=1, minor=3
         - MemoryWrite@mem.zir:99
           cycle=18219, step=1575, pc=0x00202EC0, major=1, minor=3
         - VerifyOpcodeF3@inst.zir:96
           cycle=18219, step=1575, pc=0x00202EC0, major=1, minor=3
       Global: memory permutation violated
         0x002001B4 (data): unexpected write 0x0022133c (cycle 35949)
         x20/s4: expected write missing, needed 0x0022133c (cycle 35949)
  [82] ✓ INSTR_TYPE_MOD @ step 821: 4 failures, 2899ms, outcome: REJECTED, exit: 101 [proof:GENERATED] [+41 touch]
       r=0.174  T_new=0.69 F_new=0.86 F_rare=1.00 U=0 Q=0.26 Q_l=0.26 Q_g=1.00 dl=4 dg=0
       Value: 0x00000007 -> 0x00030005
       Original: AddI [major=0, minor=7]
       Mutated:  MulHU [major=3, minor=5]
       zkVM errors (1 lines):
         • [prover_impl.rs:280] verify segment (internal proof verification failed)
       Local constraints hit (4 unique):
         - MemoryWrite@mem.zir:99
           cycle=17442, step=821, pc=0x00206168, major=3, minor=5
         - VerifyOpcodeF3F7@inst.zir:102
           cycle=17442, step=821, pc=0x00206168, major=3, minor=5
         - VerifyOpcodeF3F7@inst.zir:103
           cycle=17442, step=821, pc=0x00206168, major=3, minor=5
         - VerifyOpcodeF3F7@inst.zir:104
           cycle=17442, step=821, pc=0x00206168, major=3, minor=5
       Global: no permutation/lookup violations (local-only)
  [83] ✓ INSTR_TYPE_MOD @ step 3540: 5 failures, 3042ms, outcome: REJECTED, exit: 101 [proof:GENERATED] G=memory|cycle
       r=0.030  T_new=0.00 F_new=0.99 F_rare=1.00 U=0 Q=0.06 Q_l=0.19 Q_g=0.31 dl=5 dg=7
       Value: 0x00050002 -> 0x00060001
       Original: Lw [major=5, minor=2]
       Mutated:  Sh [major=6, minor=1]
       zkVM errors (3 lines):
         • [prover_impl.rs:280] verify segment (internal proof verification failed)
         • [ffi.cpp:113] address mismatch at cycle 20342: preflight=0x3fffc02c, actual=0x3fffc010
         • [kernels/cxx/ffi.cpp:208] SKIP THROW: memory peek not in preflight
       Local constraints hit (5 unique):
         - IsRead@mem.zir:79
           cycle=20342, step=3540, pc=0xC000017C, major=6, minor=1
         - MemoryWrite@mem.zir:100
           cycle=20342, step=3540, pc=0xC000017C, major=6, minor=1
         - MemoryWrite@mem.zir:99
           cycle=20342, step=3540, pc=0xC000017C, major=6, minor=1
         - VerifyOpcodeF3@inst.zir:96
           cycle=20342, step=3540, pc=0xC000017C, major=6, minor=1
         - VerifyOpcodeF3@inst.zir:97
           cycle=20342, step=3540, pc=0xC000017C, major=6, minor=1
       Global: memory permutation violated
         0xFFFF0030 (data): unexpected write 0x0022152c (cycle 39764)
         0xFFFF0040 (data): expected write missing, needed 0x0022156c (cycle 40662)
         x11/a1: expected write missing, needed 0x03422683 (cycle 39730)
         x12/a2: unexpected write 0x0022156c (cycle 40662)
       Global: cycle lookup violated (3 indices broken)
         index 919: 1 provides, 1 uses (imbalanced)
         index 920: orphan use (1 entries, no matching provide)
         index 954: 1 provides, 1 uses (imbalanced)
  [84] ✓ INSTR_TYPE_MOD @ step 452: 3 failures, 2919ms, outcome: REJECTED, exit: 101 [proof:GENERATED]
       r=0.110  T_new=0.00 F_new=0.39 F_rare=0.85 U=0 Q=0.37 Q_l=0.37 Q_g=1.00 dl=3 dg=0
       Value: 0x00040002 -> 0x00000004
       Original: SrlI [major=4, minor=2]
       Mutated:  And [major=0, minor=4]
       zkVM errors (1 lines):
         • [prover_impl.rs:280] verify segment (internal proof verification failed)
       Local constraints hit (3 unique):
         - MemoryWrite@mem.zir:99
           cycle=17049, step=452, pc=0x002061A8, major=0, minor=4
         - VerifyOpcodeF3F7@inst.zir:102
           cycle=17049, step=452, pc=0x002061A8, major=0, minor=4
         - VerifyOpcodeF3F7@inst.zir:103
           cycle=17049, step=452, pc=0x002061A8, major=0, minor=4
       Global: no permutation/lookup violations (local-only)
  [85] ✓ INSTR_TYPE_MOD @ step 1673: 2 failures, 2962ms, outcome: REJECTED, exit: 101 [proof:GENERATED]
       r=0.154  T_new=0.00 F_new=0.39 F_rare=0.85 U=0 Q=0.51 Q_l=0.51 Q_g=1.00 dl=2 dg=0
       Value: 0x00000007 -> 0x00010002
       Original: AddI [major=0, minor=7]
       Mutated:  AndI [major=1, minor=2]
       zkVM errors (1 lines):
         • [prover_impl.rs:280] verify segment (internal proof verification failed)
       Local constraints hit (2 unique):
         - MemoryWrite@mem.zir:99
           cycle=18317, step=1673, pc=0x002096DC, major=1, minor=2
         - VerifyOpcodeF3@inst.zir:97
           cycle=18317, step=1673, pc=0x002096DC, major=1, minor=2
       Global: no permutation/lookup violations (local-only)
  [86] ✓ INSTR_TYPE_MOD @ step 3891: 4 failures, 2947ms, outcome: REJECTED, exit: 101 [proof:GENERATED] G=memory
       r=0.046  T_new=0.00 F_new=0.97 F_rare=1.00 U=0 Q=0.10 Q_l=0.26 Q_g=0.37 dl=4 dg=6
       Value: 0x00020004 -> 0x00020005
       Original: JalR [major=2, minor=4]
       Mutated:  Lui [major=2, minor=5]
       zkVM errors (3 lines):
         • [prover_impl.rs:280] verify segment (internal proof verification failed)
         • [ffi.cpp:113] address mismatch at cycle 20842: preflight=0x00081818, actual=0x000805ec
         • [kernels/cxx/buffers.h:43] SKIP THROW: Inconsistent set
       Local constraints hit (3 unique):
         - MemoryWrite@mem.zir:100
           cycle=20841, step=3891, pc=0x00206060, major=2, minor=5
         - MemoryWrite@mem.zir:99 (x2)
           cycle=20841, step=3891, pc=0x00206060, major=2, minor=5
         - VerifyOpcode@inst.zir:91
           cycle=20841, step=3891, pc=0x00206060, major=2, minor=5
       Global: memory permutation violated
         0x002017B0 (code): expected write missing, needed 0x00851513 (cycle 17746)
         0x002017B4 (code): expected write missing, needed 0x00000293 (cycle 17746)
         0x002017B8 (code): expected write missing, needed 0x00000073 (cycle 17746)
         0x00206060 (code): unexpected write 0x00851513 (cycle 17746)
         0x00206064 (code): unexpected write 0x00000293 (cycle 17746)
         0x00206068 (code): unexpected write 0x00000073 (cycle 17746)
  [87] ✓ MEM_VAL_MOD @ step 1777: 56 failures, 2973ms, outcome: REJECTED, exit: 101 [proof:GENERATED] [+1 new] G=memory
       r=0.001  T_new=0.00 F_new=1.00 F_rare=1.00 U=0 Q=0.00 Q_l=0.05 Q_g=0.19 dl=9 dg=10
       Value: 0xFE0614E3 -> 0xA74C2BA7
       Transaction: other_mem_read (READ) at address 0x002184d4
       zkVM errors (3 lines):
         • [prover_impl.rs:280] verify segment (internal proof verification failed)
         • [ffi.cpp:113] address mismatch at cycle 18421: preflight=0x3fffc02c, actual=0x3fffc038
         • [kernels/cxx/ffi.cpp:208] SKIP THROW: memory peek not in preflight
       Local constraints hit (6 unique):
         - DecodeInst@inst.zir:29 (x51)
           cycle=18422, step=1778, pc=0x002184C0, major=5, minor=3
         - IsRead@mem.zir:79
           cycle=18421, step=1777, pc=0x002184BC, major=1, minor=6
         - IsRead@mem.zir:80
           cycle=18421, step=1777, pc=0x002184BC, major=1, minor=6
         - MemoryWrite@mem.zir:99
           cycle=18472, step=1828, pc=0x00205FD0, major=2, minor=4
         - VerifyOpcodeF3@inst.zir:96
           cycle=18421, step=1777, pc=0x002184BC, major=1, minor=6
         - VerifyOpcodeF3@inst.zir:97
           cycle=18421, step=1777, pc=0x002184BC, major=1, minor=6
       Global: memory permutation violated (22 addrs: 4 register, 18 code)
         x0/zero: unexpected write 0x00000000 (cycle 36828)
         x12/a2: unexpected write 0x00000007 (cycle 36839)
         x20/s4: expected write missing, needed 0x00000000 (cycle 36828)
         + 18 code addresses diverged (instruction fetch cascade)
         + 1 more addresses
  [88] ✓ MEM_VAL_MOD @ step 1168: 1 failures, 2948ms, outcome: REJECTED, exit: 101 [proof:GENERATED] G=memory
       r=0.172  T_new=0.00 F_new=0.39 F_rare=0.79 U=0 Q=0.61 Q_l=0.72 Q_g=0.85 dl=1 dg=1
       Value: 0x00000000 -> 0x00080000
       Transaction: store_rmw_read (READ) at address 0x00200384
       zkVM errors (1 lines):
         • [prover_impl.rs:280] verify segment (internal proof verification failed)
       Local constraints hit (1 unique):
         - IsRead@mem.zir:80
           cycle=17812, step=1168, pc=0x00208AC4, major=6, minor=2
       Global: memory permutation violated
         0x00200384 (data): wrote 0x00080000, expected 0x00000000 (cycle 35624)
  [89] ✓ INSTR_TYPE_MOD @ step 1097: 7 failures, 2983ms, outcome: REJECTED, exit: 101 [proof:GENERATED] G=memory|cycle
       r=0.019  T_new=0.00 F_new=0.92 F_rare=1.00 U=0 Q=0.04 Q_l=0.10 Q_g=0.43 dl=7 dg=5
       Value: 0x00020002 -> 0x00060002
       Original: BgeU [major=2, minor=2]
       Mutated:  Sw [major=6, minor=2]
       zkVM errors (3 lines):
         • [prover_impl.rs:280] verify segment (internal proof verification failed)
         • [ffi.cpp:113] address mismatch at cycle 17741: preflight=0x3fffc060, actual=0x0000000b
         • [kernels/cxx/ffi.cpp:208] SKIP THROW: memory peek not in preflight
       Local constraints hit (7 unique):
         - AddrDecomposeBits@u32.zir:87
           cycle=17741, step=1097, pc=0x00200BF4, major=6, minor=2
         - IsRead@mem.zir:79
           cycle=17741, step=1097, pc=0x00200BF4, major=6, minor=2
         - IsRead@mem.zir:80
           cycle=17741, step=1097, pc=0x00200BF4, major=6, minor=2
         - MemoryWrite@mem.zir:100
           cycle=17741, step=1097, pc=0x00200BF4, major=6, minor=2
         - MemoryWrite@mem.zir:99
           cycle=17741, step=1097, pc=0x00200BF4, major=6, minor=2
         - VerifyOpcodeF3@inst.zir:96
           cycle=17741, step=1097, pc=0x00200BF4, major=6, minor=2
         - VerifyOpcodeF3@inst.zir:97
           cycle=17741, step=1097, pc=0x00200BF4, major=6, minor=2
       Global: memory permutation violated
         0x0000002C (data): expected write missing, needed 0x00a905b3 (cycle 5426)
         0xFFFF0180 (data): unexpected write 0x00206368 (cycle 35473)
       Global: cycle lookup violated (3 indices broken)
         index 8: 326 provides, 1 uses (imbalanced)
         index 9: 342 provides, 1 uses (imbalanced)
         index 30056: 1 provides, 1 uses (imbalanced)
  [90] ✓ INSTR_TYPE_MOD @ step 1871: 5 failures, 2943ms, outcome: REJECTED, exit: 101 [proof:GENERATED] G=memory
       r=0.057  T_new=0.00 F_new=0.63 F_rare=1.00 U=0 Q=0.14 Q_l=0.19 Q_g=0.72 dl=5 dg=2
       Value: 0x00050002 -> 0x00040004
       Original: Lw [major=5, minor=2]
       Mutated:  Div [major=4, minor=4]
       zkVM errors (3 lines):
         • [prover_impl.rs:280] verify segment (internal proof verification failed)
         • [ffi.cpp:113] address mismatch at cycle 18520: preflight=0x00080022, actual=0x3fffc028
         • [kernels/cxx/ffi.cpp:208] SKIP THROW: memory peek not in preflight
       Local constraints hit (5 unique):
         - MemoryWrite@mem.zir:100
           cycle=18520, step=1871, pc=0x002097C8, major=4, minor=4
         - MemoryWrite@mem.zir:99
           cycle=18520, step=1871, pc=0x002097C8, major=4, minor=4
         - VerifyOpcodeF3F7@inst.zir:102
           cycle=18520, step=1871, pc=0x002097C8, major=4, minor=4
         - VerifyOpcodeF3F7@inst.zir:103
           cycle=18520, step=1871, pc=0x002097C8, major=4, minor=4
         - VerifyOpcodeF3F7@inst.zir:104
           cycle=18520, step=1871, pc=0x002097C8, major=4, minor=4
       Global: memory permutation violated
         0x00200088 (data): unexpected write 0x00000000 (cycle 36627)
         x8/s0: expected write missing, needed 0x00000000 (cycle 36627)
  [91] ✓ INSTR_TYPE_MOD @ step 3816: 2 failures, 2902ms, outcome: REJECTED, exit: 101 [proof:GENERATED]
       r=0.076  T_new=0.00 F_new=0.00 F_rare=0.50 U=0 Q=0.51 Q_l=0.51 Q_g=1.00 dl=2 dg=0
       Value: 0x00050002 -> 0x00050001
       Original: Lw [major=5, minor=2]
       Mutated:  Lh [major=5, minor=1]
       zkVM errors (1 lines):
         • [prover_impl.rs:280] verify segment (internal proof verification failed)
       Local constraints hit (2 unique):
         - MemoryWrite@mem.zir:100
           cycle=20766, step=3816, pc=0x00205820, major=5, minor=1
         - VerifyOpcodeF3@inst.zir:97
           cycle=20766, step=3816, pc=0x00205820, major=5, minor=1
       Global: no permutation/lookup violations (local-only)
  [92] ✓ INSTR_WORD_MOD_SUR @ step 938: 0 failures, 2954ms, outcome: REJECTED, exit: 101 [proof:GENERATED] G=memory[GO]
       r=0.257  T_new=0.00 F_new=0.78 F_rare=1.00 U=0 Q=0.61 Q_l=1.00 Q_g=0.61 dl=0 dg=3
       Value: 0x00008067 -> 0x00080067
       Surgical: rs1 = 1 -> 16
       Original: JALR x0, x1, 0
       Mutated:  JALR x0, x16, 0
       zkVM errors (3 lines):
         • [prover_impl.rs:280] verify segment (internal proof verification failed)
         • [ffi.cpp:113] address mismatch at cycle 17571: preflight=0x3fffc021, actual=0x3fffc030
         • [kernels/cxx/ffi.cpp:208] SKIP THROW: memory peek not in preflight
       Global: memory permutation violated [GLOBAL-ONLY]
         x1/ra: unexpected write 0x00200a24 (cycle 35135)
         x16/a6: expected write missing, needed 0x00200a24 (cycle 35135)
         0x002031F8 (code): wrote 0x00008067, expected 0x00080067 (cycle 34974)
  [93] ✓ INSTR_TYPE_MOD @ step 3551: 8 failures, 3021ms, outcome: REJECTED, exit: 101 [proof:GENERATED] G=memory|cycle
       r=0.013  T_new=0.00 F_new=0.86 F_rare=1.00 U=0 Q=0.03 Q_l=0.07 Q_g=0.43 dl=8 dg=5
       Value: 0x00000007 -> 0x00060002
       Original: AddI [major=0, minor=7]
       Mutated:  Sw [major=6, minor=2]
       zkVM errors (3 lines):
         • [prover_impl.rs:280] verify segment (internal proof verification failed)
         • [ffi.cpp:113] address mismatch at cycle 20353: preflight=0x3fffc00d, actual=0x00000003
         • [kernels/cxx/ffi.cpp:208] SKIP THROW: memory peek not in preflight
       Local constraints hit (8 unique):
         - AddrDecomposeBits@u32.zir:87
           cycle=20353, step=3551, pc=0xC0000538, major=6, minor=2
         - IsRead@mem.zir:79
           cycle=20353, step=3551, pc=0xC0000538, major=6, minor=2
         - IsRead@mem.zir:80
           cycle=20353, step=3551, pc=0xC0000538, major=6, minor=2
         - MemoryWrite@mem.zir:100
           cycle=20353, step=3551, pc=0xC0000538, major=6, minor=2
         - MemoryWrite@mem.zir:99
           cycle=20353, step=3551, pc=0xC0000538, major=6, minor=2
         - OpSW@inst_mem.zir:161
           cycle=20353, step=3551, pc=0xC0000538, major=6, minor=2
         - VerifyOpcodeF3@inst.zir:96
           cycle=20353, step=3551, pc=0xC0000538, major=6, minor=2
         - VerifyOpcodeF3@inst.zir:97
           cycle=20353, step=3551, pc=0xC0000538, major=6, minor=2
       Global: memory permutation violated
         0x0000000C (data): expected write missing, needed 0x00a7e463 (cycle 39752)
         0xFFFF0034 (data): unexpected write 0x0022158c (cycle 40702)
       Global: cycle lookup violated (3 indices broken)
         index 3: 698 provides, 1 uses (imbalanced)
         index 4: 251 provides, 1 uses (imbalanced)
         index 954: 1 provides, 1 uses (imbalanced)
  [94] ✓ INSTR_TYPE_MOD @ step 316: 3 failures, 3001ms, outcome: REJECTED, exit: 101 [proof:GENERATED] G=memory
       r=0.108  T_new=0.00 F_new=0.63 F_rare=1.00 U=0 Q=0.26 Q_l=0.37 Q_g=0.72 dl=3 dg=2
       Value: 0x00010006 -> 0x00050001
       Original: Bne [major=1, minor=6]
       Mutated:  Lh [major=5, minor=1]
       zkVM errors (3 lines):
         • [prover_impl.rs:280] verify segment (internal proof verification failed)
         • [ffi.cpp:113] address mismatch at cycle 16901: preflight=0x3fffc02b, actual=0x2000011c
         • [kernels/cxx/ffi.cpp:208] SKIP THROW: memory peek not in preflight
       Local constraints hit (3 unique):
         - MemoryWrite@mem.zir:100
           cycle=16901, step=316, pc=0x0020085C, major=5, minor=1
         - MemoryWrite@mem.zir:99
           cycle=16901, step=316, pc=0x0020085C, major=5, minor=1
         - VerifyOpcodeF3@inst.zir:96
           cycle=16901, step=316, pc=0x0020085C, major=5, minor=1
       Global: memory permutation violated
         0x80000470 (data): expected write missing, needed 0x80000007 (cycle 33801)
         x11/a1: unexpected write 0x80000007 (cycle 33801)
  [95] ✓ STORE_OUT_MOD @ step 3684: 2 failures, 2934ms, outcome: REJECTED, exit: 101 [proof:GENERATED] G=memory
       r=0.130  T_new=0.00 F_new=0.39 F_rare=0.85 U=0 Q=0.43 Q_l=0.51 Q_g=0.85 dl=2 dg=1
       Value: 0x00000002 -> 0x7706FF54
       Store address: 0x00221630
       zkVM errors (1 lines):
         • [prover_impl.rs:280] verify segment (internal proof verification failed)
       Local constraints hit (2 unique):
         - MemoryWrite@mem.zir:100
           cycle=20560, step=3684, pc=0x002035F0, major=6, minor=0
         - MemoryWrite@mem.zir:99
           cycle=20560, step=3684, pc=0x002035F0, major=6, minor=0
       Global: memory permutation violated
         0x00221630 (code): wrote 0x7706ff54, expected 0x00000002 (cycle 41121)
  [96] ✓ MEM_VAL_MOD @ step 3929: 0 failures, 2947ms, outcome: REJECTED, exit: 101 [proof:GENERATED] G=memory[GO]
       r=0.283  T_new=0.00 F_new=0.39 F_rare=1.00 U=0 Q=0.85 Q_l=1.00 Q_g=0.85 dl=0 dg=1
       Value: 0x00000000 -> 0xFFFF0000
       Transaction: other_mem_read (READ) at address 0x002003dc
       zkVM errors (2 lines):
         • [prover_impl.rs:280] verify segment (internal proof verification failed)
         • [kernels/cxx/buffers.h:43] SKIP THROW: Inconsistent set
       Global: memory permutation violated [GLOBAL-ONLY]
         0x002003DC (data): wrote 0xffff0000, expected 0x00000000 (cycle 44946)
  [97] ✓ INSTR_TYPE_MOD @ step 3907: 4 failures, 2958ms, outcome: REJECTED, exit: 101 [proof:GENERATED] [+40 touch] G=memory|cycle
       r=0.079  T_new=0.68 F_new=0.98 F_rare=1.00 U=0 Q=0.11 Q_l=0.26 Q_g=0.43 dl=4 dg=5
       Value: 0x00060002 -> 0x00030000
       Original: Sw [major=6, minor=2]
       Mutated:  Sll [major=3, minor=0]
       zkVM errors (3 lines):
         • [prover_impl.rs:280] verify segment (internal proof verification failed)
         • [ffi.cpp:113] address mismatch at cycle 20857: preflight=0x3fffc091, actual=0x3fffc004
         • [kernels/cxx/ffi.cpp:208] SKIP THROW: memory peek not in preflight
       Local constraints hit (4 unique):
         - MemoryWrite@mem.zir:100
           cycle=20857, step=3907, pc=0xC00000A4, major=3, minor=0
         - MemoryWrite@mem.zir:99
           cycle=20857, step=3907, pc=0xC00000A4, major=3, minor=0
         - VerifyOpcodeF3F7@inst.zir:102
           cycle=20857, step=3907, pc=0xC00000A4, major=3, minor=0
         - VerifyOpcodeF3F7@inst.zir:103
           cycle=20857, step=3907, pc=0xC00000A4, major=3, minor=0
       Global: memory permutation violated
         0xFFFF0010 (data): expected write missing, needed 0x00000000 (cycle 32214)
         0xFFFF0244 (data): unexpected write 0x00000000 (cycle 32214)
       Global: cycle lookup violated (3 indices broken)
         index 0: 2254 provides, 1 uses (imbalanced)
         index 9499: orphan use (1 entries, no matching provide)
         index 9500: 1 provides, 1 uses (imbalanced)
  [98] ✓ INSTR_TYPE_MOD @ step 524: 6 failures, 2995ms, outcome: REJECTED, exit: 101 [proof:GENERATED] [+1 new] [+1 touch] G=memory|cycle
       r=0.013  T_new=0.03 F_new=1.00 F_rare=1.00 U=0 Q=0.03 Q_l=0.14 Q_g=0.19 dl=6 dg=10
       Value: 0x00000007 -> 0x00040003
       Original: AddI [major=0, minor=7]
       Mutated:  SraI [major=4, minor=3]
       zkVM errors (3 lines):
         • [prover_impl.rs:280] verify segment (internal proof verification failed)
         • [ffi.cpp:113] address mismatch at cycle 17121: preflight=0x3fffc011, actual=0x3fffc000
         • [kernels/cxx/buffers.h:43] SKIP THROW: Inconsistent set
       Local constraints hit (6 unique):
         - ECallHostReadSetup@inst_ecall.zir:70
           cycle=17122, step=524, pc=0xC000014C, major=8, minor=2
         - MemoryWrite@mem.zir:100
           cycle=17121, step=524, pc=0xC000014C, major=4, minor=3
         - MemoryWrite@mem.zir:99
           cycle=17121, step=524, pc=0xC000014C, major=4, minor=3
         - VerifyOpcodeF3F7@inst.zir:102
           cycle=17121, step=524, pc=0xC000014C, major=4, minor=3
         - VerifyOpcodeF3F7@inst.zir:103
           cycle=17121, step=524, pc=0xC000014C, major=4, minor=3
         - VerifyOpcodeF3F7@inst.zir:104
           cycle=17121, step=524, pc=0xC000014C, major=4, minor=3
       Global: memory permutation violated
         0xC0000150 (data): unexpected write 0x00000513 (cycle 34080)
         0xC0000154 (data): expected write missing, needed 0x00000513 (cycle 34080)
         0xC0000158 (data): expected write missing, needed 0x02820593 (cycle 34082)
         0xC000015C (data): expected write missing, needed 0x00800613 (cycle 34084)
         0xC0000160 (data): expected write missing, needed 0x00000073 (cycle 34086)
         0xC0000164 (data): expected write missing, needed 0x30200073 (cycle 34092)
         0xFFFF0000 (data): expected write missing, needed 0x00000001 (cycle 34231)
         0xFFFF0044 (data): unexpected write 0x00000001 (cycle 34231)
         0xFFFF0100 (data): expected write missing, needed 0x0021a0c8 (cycle 34233)
       Global: cycle lookup violated (1 indices broken)
         index 9: 344 provides, 1 uses (imbalanced)
  [99] ✓ INSTR_TYPE_MOD @ step 1765: 3 failures, 2940ms, outcome: REJECTED, exit: 101 [proof:GENERATED] G=memory
       r=0.121  T_new=0.00 F_new=0.78 F_rare=1.00 U=0 Q=0.26 Q_l=0.37 Q_g=0.72 dl=3 dg=2
       Value: 0x00050003 -> 0x00010003
       Original: LbU [major=5, minor=3]
       Mutated:  SltI [major=1, minor=3]
       zkVM errors (3 lines):
         • [prover_impl.rs:280] verify segment (internal proof verification failed)
         • [ffi.cpp:113] address mismatch at cycle 18409: preflight=0x00086ea0, actual=0x3fffc020
         • [kernels/cxx/ffi.cpp:208] SKIP THROW: memory peek not in preflight
       Local constraints hit (3 unique):
         - MemoryWrite@mem.zir:99
           cycle=18409, step=1765, pc=0x002184C4, major=1, minor=3
         - VerifyOpcodeF3@inst.zir:96
           cycle=18409, step=1765, pc=0x002184C4, major=1, minor=3
         - VerifyOpcodeF3@inst.zir:97
           cycle=18409, step=1765, pc=0x002184C4, major=1, minor=3
       Global: memory permutation violated
         x0/zero: expected write missing, needed 0x4341425f (cycle 36804)
         0x0021BA80 (code): unexpected write 0x4341425f (cycle 36804)
  [100] ✓ INSTR_TYPE_MOD @ step 0: 5 failures, 3009ms, outcome: REJECTED, exit: 101 [proof:GENERATED] [+3 touch] G=memory|cycle
       r=0.037  T_new=0.08 F_new=0.39 F_rare=0.85 U=0 Q=0.11 Q_l=0.19 Q_g=0.61 dl=5 dg=3
       Value: 0x00020006 -> 0x00030002
       Original: Auipc [major=2, minor=6]
       Mutated:  Mul [major=3, minor=2]
       zkVM errors (3 lines):
         • [prover_impl.rs:280] verify segment (internal proof verification failed)
         • [ffi.cpp:113] address mismatch at cycle 0: preflight=0x44000000, actual=0x00000000
         • [kernels/cxx/ffi.cpp:208] SKIP THROW: memory peek not in preflight
       Local constraints hit (5 unique):
         - AddrDecompose@u32.zir:67
           cycle=0, step=0, pc=0x00000000, major=3, minor=2
         - ControlLoadRootAndNonce@inst_control.zir:23
           cycle=1, step=0, pc=0x00000000, major=7, minor=0
         - MulInput@inst_mul.zir:8
           cycle=0, step=0, pc=0x00000000, major=3, minor=2
         - VerifyOpcodeF3F7@inst.zir:102
           cycle=0, step=0, pc=0x00000000, major=3, minor=2
         - VerifyOpcodeF3F7@inst.zir:104
           cycle=0, step=0, pc=0x00000000, major=3, minor=2
       Global: memory permutation violated
         0xFFFF0100 (data): expected write missing, needed 0x00000000 (cycle 0)
       Global: cycle lookup violated (2 indices broken)
         index 0: 2256 provides, 1 uses (imbalanced)
         index 2013265920: orphan provide (2 entries, no matching use)
  [101] ✓ INSTR_TYPE_MOD @ step 3928: 2 failures, 2911ms, outcome: REJECTED, exit: 101 [proof:GENERATED] [+2 touch]
       r=0.089  T_new=0.06 F_new=0.00 F_rare=0.64 U=0 Q=0.51 Q_l=0.51 Q_g=1.00 dl=2 dg=0
       Value: 0x00000007 -> 0x00000003
       Original: AddI [major=0, minor=7]
       Mutated:  Or [major=0, minor=3]
       zkVM errors (1 lines):
         • [prover_impl.rs:280] verify segment (internal proof verification failed)
       Local constraints hit (2 unique):
         - VerifyOpcodeF3F7@inst.zir:102
           cycle=20878, step=3928, pc=0xC00000F8, major=0, minor=3
         - VerifyOpcodeF3F7@inst.zir:103
           cycle=20878, step=3928, pc=0xC00000F8, major=0, minor=3
       Global: no permutation/lookup violations (local-only)
  [102] ✓ PRE_EXEC_REG_MOD @ step 2746: 4 failures, 2978ms, outcome: REJECTED, exit: 101 [proof:GENERATED] G=memory
       r=0.059  T_new=0.00 F_new=0.39 F_rare=0.70 U=0 Q=0.22 Q_l=0.26 Q_g=0.85 dl=4 dg=1
       Value: 0x00000001 -> 0xAE0B423B
       Register: x5 (t0), READ, strategy=next_read
       zkVM errors (1 lines):
         • [prover_impl.rs:280] verify segment (internal proof verification failed)
       Local constraints hit (4 unique):
         - IsRead@mem.zir:79
           cycle=19474, step=2746, pc=0x002016F4, major=6, minor=2
         - IsRead@mem.zir:80
           cycle=19474, step=2746, pc=0x002016F4, major=6, minor=2
         - MemoryWrite@mem.zir:100
           cycle=19474, step=2746, pc=0x002016F4, major=6, minor=2
         - MemoryWrite@mem.zir:99
           cycle=19474, step=2746, pc=0x002016F4, major=6, minor=2
       Global: memory permutation violated
         x5/t0: wrote 0xae0b423b, expected 0x00000001 (cycle 38948)
  [103] ✓ INSTR_TYPE_MOD @ step 2241: 5 failures, 2994ms, outcome: REJECTED, exit: 101 [proof:GENERATED] G=memory|cycle
       r=0.039  T_new=0.00 F_new=0.86 F_rare=1.00 U=0 Q=0.08 Q_l=0.19 Q_g=0.43 dl=5 dg=5
       Value: 0x00060002 -> 0x00040005
       Original: Sw [major=6, minor=2]
       Mutated:  DivU [major=4, minor=5]
       zkVM errors (3 lines):
         • [prover_impl.rs:280] verify segment (internal proof verification failed)
         • [ffi.cpp:113] address mismatch at cycle 18895: preflight=0x000800c1, actual=0x3fffc024
         • [kernels/cxx/ffi.cpp:208] SKIP THROW: memory peek not in preflight
       Local constraints hit (5 unique):
         - MemoryWrite@mem.zir:100
           cycle=18895, step=2241, pc=0x00203430, major=4, minor=5
         - MemoryWrite@mem.zir:99
           cycle=18895, step=2241, pc=0x00203430, major=4, minor=5
         - VerifyOpcodeF3F7@inst.zir:102
           cycle=18895, step=2241, pc=0x00203430, major=4, minor=5
         - VerifyOpcodeF3F7@inst.zir:103
           cycle=18895, step=2241, pc=0x00203430, major=4, minor=5
         - VerifyOpcodeF3F7@inst.zir:104
           cycle=18895, step=2241, pc=0x00203430, major=4, minor=5
       Global: memory permutation violated
         0x00200304 (data): unexpected write 0x00000004 (cycle 36450)
         x4/tp: expected write missing, needed 0x00000004 (cycle 36450)
       Global: cycle lookup violated (3 indices broken)
         index 0: 2254 provides, 1 uses (imbalanced)
         index 1339: 3 provides, 1 uses (imbalanced)
         index 1340: 1 provides, 1 uses (imbalanced)
  [104] ✓ INSTR_TYPE_MOD @ step 1556: 1 failures, 2917ms, outcome: REJECTED, exit: 101 [proof:GENERATED]
       r=0.239  T_new=0.00 F_new=0.39 F_rare=1.00 U=0 Q=0.72 Q_l=0.72 Q_g=1.00 dl=1 dg=0
       Value: 0x00000007 -> 0x00010004
       Original: AddI [major=0, minor=7]
       Mutated:  SltIU [major=1, minor=4]
       zkVM errors (1 lines):
         • [prover_impl.rs:280] verify segment (internal proof verification failed)
       Local constraints hit (1 unique):
         - VerifyOpcodeF3@inst.zir:97
           cycle=18200, step=1556, pc=0x002184D0, major=1, minor=4
       Global: no permutation/lookup violations (local-only)
  [105] ✓ INSTR_TYPE_MOD @ step 2286: 1 failures, 2915ms, outcome: REJECTED, exit: 101 [proof:GENERATED]
       r=0.149  T_new=0.00 F_new=0.00 F_rare=0.71 U=0 Q=0.72 Q_l=0.72 Q_g=1.00 dl=1 dg=0
       Value: 0x00050002 -> 0x00050004
       Original: Lw [major=5, minor=2]
       Mutated:  LhU [major=5, minor=4]
       zkVM errors (1 lines):
         • [prover_impl.rs:280] verify segment (internal proof verification failed)
       Local constraints hit (1 unique):
         - VerifyOpcodeF3@inst.zir:97
           cycle=18940, step=2286, pc=0x00203454, major=5, minor=4
       Global: no permutation/lookup violations (local-only)
  [106] ✓ INSTR_TYPE_MOD @ step 1707: 2 failures, 2974ms, outcome: REJECTED, exit: 101 [proof:GENERATED] G=memory
       r=0.046  T_new=0.00 F_new=0.99 F_rare=1.00 U=0 Q=0.10 Q_l=0.51 Q_g=0.19 dl=2 dg=10
       Value: 0x00010006 -> 0x00010005
       Original: Bne [major=1, minor=6]
       Mutated:  Beq [major=1, minor=5]
       zkVM errors (3 lines):
         • [prover_impl.rs:280] verify segment (internal proof verification failed)
         • [ffi.cpp:113] address mismatch at cycle 18352: preflight=0x0008612f, actual=0x00086136
         • [kernels/cxx/buffers.h:43] SKIP THROW: Inconsistent set
       Local constraints hit (2 unique):
         - MemoryWrite@mem.zir:99
           cycle=18472, step=1828, pc=0x00205FD0, major=2, minor=4
         - VerifyOpcodeF3@inst.zir:97
           cycle=18351, step=1707, pc=0x002184BC, major=1, minor=5
       Global: memory permutation violated (16 addrs: 16 code)
         + 16 code addresses diverged (instruction fetch cascade)
  [107] ✓ INSTR_TYPE_MOD @ step 12: 2 failures, 2910ms, outcome: REJECTED, exit: 101 [proof:GENERATED]
       r=0.089  T_new=0.00 F_new=0.00 F_rare=0.71 U=0 Q=0.51 Q_l=0.51 Q_g=1.00 dl=2 dg=0
       Value: 0x00000007 -> 0x00000001
       Original: AddI [major=0, minor=7]
       Mutated:  Sub [major=0, minor=1]
       zkVM errors (1 lines):
         • [prover_impl.rs:280] verify segment (internal proof verification failed)
       Local constraints hit (2 unique):
         - MemoryWrite@mem.zir:99
           cycle=16585, step=12, pc=0xC0000034, major=0, minor=1
         - VerifyOpcodeF3F7@inst.zir:102
           cycle=16585, step=12, pc=0xC0000034, major=0, minor=1
       Global: no permutation/lookup violations (local-only)
  [108] ✓ COMP_OUT_MOD @ step 2754: 2 failures, 2948ms, outcome: REJECTED, exit: 101 [proof:GENERATED] G=memory
       r=0.115  T_new=0.00 F_new=0.39 F_rare=0.70 U=0 Q=0.43 Q_l=0.51 Q_g=0.85 dl=2 dg=1
       Value: 0x00200230 -> 0x00400460
       Destination: rd = x2 (sp)
       zkVM errors (1 lines):
         • [prover_impl.rs:280] verify segment (internal proof verification failed)
       Local constraints hit (2 unique):
         - MemoryWrite@mem.zir:100
           cycle=19482, step=2754, pc=0x002037B0, major=0, minor=7
         - MemoryWrite@mem.zir:99
           cycle=19482, step=2754, pc=0x002037B0, major=0, minor=7
       Global: memory permutation violated
         x2/sp: wrote 0x00400460, expected 0x00200230 (cycle 38965)
  [109] ✓ INSTR_TYPE_MOD @ step 1189: 4 failures, 2922ms, outcome: REJECTED, exit: 101 [proof:GENERATED] G=memory
       r=0.074  T_new=0.00 F_new=0.63 F_rare=1.00 U=0 Q=0.19 Q_l=0.26 Q_g=0.72 dl=4 dg=2
       Value: 0x00000007 -> 0x00050003
       Original: AddI [major=0, minor=7]
       Mutated:  LbU [major=5, minor=3]
       zkVM errors (3 lines):
         • [prover_impl.rs:280] verify segment (internal proof verification failed)
         • [ffi.cpp:113] address mismatch at cycle 17833: preflight=0x3fffc021, actual=0x00000000
         • [kernels/cxx/ffi.cpp:208] SKIP THROW: memory peek not in preflight
       Local constraints hit (4 unique):
         - AddrDecomposeBits@u32.zir:87
           cycle=17833, step=1189, pc=0x00209C44, major=5, minor=3
         - MemoryWrite@mem.zir:99
           cycle=17833, step=1189, pc=0x00209C44, major=5, minor=3
         - VerifyOpcodeF3@inst.zir:96
           cycle=17833, step=1189, pc=0x00209C44, major=5, minor=3
         - VerifyOpcodeF3@inst.zir:97
           cycle=17833, step=1189, pc=0x00209C44, major=5, minor=3
       Global: memory permutation violated
         0x00000000 (data): expected write missing, needed 0x00208cdc (cycle 35655)
         x1/ra: unexpected write 0x00208cdc (cycle 35655)
  [110] ✓ LOAD_VAL_MOD @ step 1447: 2 failures, 2947ms, outcome: REJECTED, exit: 101 [proof:GENERATED] G=memory
       r=0.130  T_new=0.00 F_new=0.39 F_rare=0.85 U=0 Q=0.43 Q_l=0.51 Q_g=0.85 dl=2 dg=1
       Value: 0x0000003A -> 0xDFEDFF85
       Load destination: rd = x13 (a3)
       zkVM errors (1 lines):
         • [prover_impl.rs:280] verify segment (internal proof verification failed)
       Local constraints hit (2 unique):
         - MemoryWrite@mem.zir:100
           cycle=18091, step=1447, pc=0x002184C0, major=5, minor=3
         - MemoryWrite@mem.zir:99
           cycle=18091, step=1447, pc=0x002184C0, major=5, minor=3
       Global: memory permutation violated
         x13/a3: wrote 0xdfedff85, expected 0x0000003a (cycle 36183)
  [111] ✓ MEM_VAL_MOD @ step 3546: 2 failures, 2949ms, outcome: REJECTED, exit: 101 [proof:GENERATED] G=memory
       r=0.113  T_new=0.00 F_new=0.39 F_rare=0.69 U=0 Q=0.43 Q_l=0.51 Q_g=0.85 dl=2 dg=1
       Value: 0x00000001 -> 0x00040000
       Transaction: other_mem_write (WRITE) at address 0xffff003c
       zkVM errors (1 lines):
         • [prover_impl.rs:280] verify segment (internal proof verification failed)
       Local constraints hit (2 unique):
         - MemoryWrite@mem.zir:100
           cycle=20348, step=3546, pc=0xC0000498, major=0, minor=7
         - MemoryWrite@mem.zir:99
           cycle=20348, step=3546, pc=0xC0000498, major=0, minor=7
       Global: memory permutation violated
         0xFFFF003C (data): wrote 0x00040000, expected 0x00000001 (cycle 40697)
  [112] ✓ INSTR_TYPE_MOD @ step 2950: 1 failures, 2974ms, outcome: REJECTED, exit: 101 [proof:GENERATED]
       r=0.239  T_new=0.00 F_new=0.39 F_rare=1.00 U=0 Q=0.72 Q_l=0.72 Q_g=1.00 dl=1 dg=0
       Value: 0x00060002 -> 0x00060000
       Original: Sw [major=6, minor=2]
       Mutated:  Sb [major=6, minor=0]
       zkVM errors (1 lines):
         • [prover_impl.rs:280] verify segment (internal proof verification failed)
       Local constraints hit (1 unique):
         - VerifyOpcodeF3@inst.zir:97
           cycle=19678, step=2950, pc=0x00205638, major=6, minor=0
       Global: no permutation/lookup violations (local-only)
  [113] ✓ INSTR_TYPE_MOD @ step 2673: 4 failures, 2967ms, outcome: REJECTED, exit: 101 [proof:GENERATED] G=memory
       r=0.063  T_new=0.00 F_new=0.95 F_rare=1.00 U=0 Q=0.14 Q_l=0.26 Q_g=0.51 dl=4 dg=4
       Value: 0x00050002 -> 0x00020002
       Original: Lw [major=5, minor=2]
       Mutated:  BgeU [major=2, minor=2]
       zkVM errors (3 lines):
         • [prover_impl.rs:280] verify segment (internal proof verification failed)
         • [ffi.cpp:113] address mismatch at cycle 19401: preflight=0x000800bf, actual=0x3fffc02c
         • [kernels/cxx/ffi.cpp:208] SKIP THROW: memory peek not in preflight
       Local constraints hit (4 unique):
         - MemoryWrite@mem.zir:100
           cycle=19401, step=2673, pc=0x00205314, major=2, minor=2
         - MemoryWrite@mem.zir:99
           cycle=19401, step=2673, pc=0x00205314, major=2, minor=2
         - VerifyOpcodeF3@inst.zir:96
           cycle=19401, step=2673, pc=0x00205314, major=2, minor=2
         - VerifyOpcodeF3@inst.zir:97
           cycle=19401, step=2673, pc=0x00205314, major=2, minor=2
       Global: memory permutation violated
         0x002002FC (data): unexpected write 0x002015cc (cycle 38693)
         x1/ra: unexpected write 0x0020530c (cycle 38798)
         x12/a2: expected write missing, needed 0x002015cc (cycle 38693)
         0xFFFF0180 (data): expected write missing, needed 0x0020530c (cycle 38798)
  [114] ✓ INSTR_TYPE_MOD @ step 248: 4 failures, 2925ms, outcome: REJECTED, exit: 101 [proof:GENERATED] G=memory
       r=0.077  T_new=0.00 F_new=0.63 F_rare=1.00 U=0 Q=0.19 Q_l=0.26 Q_g=0.72 dl=4 dg=2
       Value: 0x00000007 -> 0x00050001
       Original: AddI [major=0, minor=7]
       Mutated:  Lh [major=5, minor=1]
       zkVM errors (3 lines):
         • [prover_impl.rs:280] verify segment (internal proof verification failed)
         • [ffi.cpp:113] address mismatch at cycle 16827: preflight=0x3fffc030, actual=0x000800d4
         • [kernels/cxx/ffi.cpp:208] SKIP THROW: memory peek not in preflight
       Local constraints hit (4 unique):
         - MemoryWrite@mem.zir:100
           cycle=16827, step=248, pc=0x0020318C, major=5, minor=1
         - MemoryWrite@mem.zir:99
           cycle=16827, step=248, pc=0x0020318C, major=5, minor=1
         - VerifyOpcodeF3@inst.zir:96
           cycle=16827, step=248, pc=0x0020318C, major=5, minor=1
         - VerifyOpcodeF3@inst.zir:97
           cycle=16827, step=248, pc=0x0020318C, major=5, minor=1
       Global: memory permutation violated
         0x00200350 (data): expected write missing, needed 0x00000001 (cycle 33640)
         x16/a6: unexpected write 0x00000001 (cycle 33640)
  [115] ✓ INSTR_TYPE_MOD @ step 3627: 4 failures, 2987ms, outcome: REJECTED, exit: 101 [proof:GENERATED] G=memory|cycle
       r=0.051  T_new=0.00 F_new=0.86 F_rare=1.00 U=0 Q=0.11 Q_l=0.26 Q_g=0.43 dl=4 dg=5
       Value: 0x00060002 -> 0x00000003
       Original: Sw [major=6, minor=2]
       Mutated:  Or [major=0, minor=3]
       zkVM errors (3 lines):
         • [prover_impl.rs:280] verify segment (internal proof verification failed)
         • [ffi.cpp:113] address mismatch at cycle 20503: preflight=0x000884ff, actual=0x3fffc03c
         • [kernels/cxx/ffi.cpp:208] SKIP THROW: memory peek not in preflight
       Local constraints hit (4 unique):
         - MemoryWrite@mem.zir:99
           cycle=20503, step=3627, pc=0x00205E38, major=0, minor=3
         - VerifyOpcodeF3F7@inst.zir:102
           cycle=20503, step=3627, pc=0x00205E38, major=0, minor=3
         - VerifyOpcodeF3F7@inst.zir:103
           cycle=20503, step=3627, pc=0x00205E38, major=0, minor=3
         - VerifyOpcodeF3F7@inst.zir:104
           cycle=20503, step=3627, pc=0x00205E38, major=0, minor=3
       Global: memory permutation violated
         x28/t3: expected write missing, needed 0x00221610 (cycle 40972)
         0x002213FC (code): unexpected write 0x00221610 (cycle 40972)
       Global: cycle lookup violated (3 indices broken)
         index 0: 2254 provides, 1 uses (imbalanced)
         index 33: 36 provides, 1 uses (imbalanced)
         index 34: 25 provides, 1 uses (imbalanced)
  [116] ✓ PRE_EXEC_REG_MOD @ step 124: 1 failures, 2922ms, outcome: REJECTED, exit: 101 [proof:GENERATED] G=memory
       r=0.236  T_new=0.00 F_new=0.63 F_rare=1.00 U=0 Q=0.61 Q_l=0.72 Q_g=0.85 dl=1 dg=1
       Value: 0x00000000 -> 0x0000FFFF
       Register: x29 (t4), READ, strategy=next_read
       zkVM errors (1 lines):
         • [prover_impl.rs:280] verify segment (internal proof verification failed)
       Local constraints hit (1 unique):
         - IsRead@mem.zir:79
           cycle=16697, step=124, pc=0x002010B0, major=2, minor=5
       Global: memory permutation violated
         x29/t4: wrote 0x0000ffff, expected 0x00000000 (cycle 33394)
  [117] ✓ INSTR_TYPE_MOD @ step 0: 5 failures, 2986ms, outcome: REJECTED, exit: 101 [proof:GENERATED] [+35 touch] G=memory|cycle
       r=0.074  T_new=0.63 F_new=0.86 F_rare=1.00 U=0 Q=0.11 Q_l=0.19 Q_g=0.61 dl=5 dg=3
       Value: 0x00020006 -> 0x0002000F
       Original: Auipc [major=2, minor=6]
       Mutated:  Unknown(2,15) [major=2, minor=15] ⚠INVALID
       zkVM errors (3 lines):
         • [prover_impl.rs:280] verify segment (internal proof verification failed)
         • [ffi.cpp:113] address mismatch at cycle 0: preflight=0x44000000, actual=0x00000000
         • [kernels/cxx/ffi.cpp:208] SKIP THROW: memory peek not in preflight
       Local constraints hit (5 unique):
         - AddrDecompose@u32.zir:67
           cycle=0, step=0, pc=0x00000000, major=2, minor=15
         - ControlLoadRootAndNonce@inst_control.zir:23
           cycle=1, step=0, pc=0x00000000, major=7, minor=0
         - MiscInput@inst_misc.zir:7
           cycle=0, step=0, pc=0x00000000, major=2, minor=15
         - OneHot@one_hot.zir:11
           cycle=0, step=0, pc=0x00000000, major=2, minor=15
         - OneHot@one_hot.zir:9
           cycle=0, step=0, pc=0x00000000, major=2, minor=15
       Global: memory permutation violated
         0xFFFF0100 (data): expected write missing, needed 0x00000000 (cycle 0)
       Global: cycle lookup violated (2 indices broken)
         index 0: 2256 provides, 1 uses (imbalanced)
         index 2013265920: orphan provide (2 entries, no matching use)
  [118] ✓ INSTR_TYPE_MOD @ step 2698: 3 failures, 2995ms, outcome: REJECTED, exit: 101 [proof:GENERATED] G=memory
       r=0.103  T_new=0.00 F_new=0.63 F_rare=1.00 U=0 Q=0.26 Q_l=0.37 Q_g=0.72 dl=3 dg=2
       Value: 0x00050002 -> 0x00040002
       Original: Lw [major=5, minor=2]
       Mutated:  SrlI [major=4, minor=2]
       zkVM errors (3 lines):
         • [prover_impl.rs:280] verify segment (internal proof verification failed)
         • [ffi.cpp:113] address mismatch at cycle 19426: preflight=0x000884d4, actual=0x3fffc034
         • [kernels/cxx/ffi.cpp:208] SKIP THROW: memory peek not in preflight
       Local constraints hit (3 unique):
         - MemoryWrite@mem.zir:99
           cycle=19426, step=2698, pc=0x00201624, major=4, minor=2
         - VerifyOpcodeF3F7@inst.zir:102
           cycle=19426, step=2698, pc=0x00201624, major=4, minor=2
         - VerifyOpcodeF3F7@inst.zir:103
           cycle=19426, step=2698, pc=0x00201624, major=4, minor=2
       Global: memory permutation violated
         x20/s4: expected write missing, needed 0x00000000 (cycle 29154)
         0x00221350 (code): unexpected write 0x00000000 (cycle 29154)
  [119] ✓ PRE_EXEC_REG_MOD @ step 2068: 4 failures, 2948ms, outcome: REJECTED, exit: 101 [proof:GENERATED] G=memory
       r=0.068  T_new=0.00 F_new=0.78 F_rare=1.00 U=0 Q=0.16 Q_l=0.26 Q_g=0.61 dl=4 dg=3
       Value: 0x00200080 -> 0xBFB2638F
       Register: x2 (sp), READ, strategy=next_read
       zkVM errors (3 lines):
         • [prover_impl.rs:280] verify segment (internal proof verification failed)
         • [ffi.cpp:113] address mismatch at cycle 18722: preflight=0x00080025, actual=0x2fec98e8
         • [kernels/cxx/ffi.cpp:208] SKIP THROW: memory peek not in preflight
       Local constraints hit (4 unique):
         - IsRead@mem.zir:79
           cycle=18722, step=2068, pc=0x002097BC, major=5, minor=2
         - IsRead@mem.zir:80
           cycle=18722, step=2068, pc=0x002097BC, major=5, minor=2
         - OpLW@inst_mem.zir:108
           cycle=18722, step=2068, pc=0x002097BC, major=5, minor=2
         - OpLW@inst_mem.zir:109
           cycle=18722, step=2068, pc=0x002097BC, major=5, minor=2
       Global: memory permutation violated
         0x00200094 (data): unexpected write 0x002000fc (cycle 37077)
         0xBFB263A0 (data): expected write missing, needed 0x002000fc (cycle 37077)
         x2/sp: wrote 0xbfb2638f, expected 0x00200080 (cycle 37444)
  [120] ✓ INSTR_WORD_MOD_FULL @ step 2960: 4 failures, 2956ms, outcome: REJECTED, exit: 101 [proof:GENERATED] G=memory
       r=0.045  T_new=0.00 F_new=0.95 F_rare=1.00 U=0 Q=0.10 Q_l=0.26 Q_g=0.37 dl=4 dg=6
       Value: 0x00275713 -> 0x18464E03
       Original: SRLI x14, x14, 2
       Mutated:  LBU x28, 388(x12)
       zkVM errors (3 lines):
         • [prover_impl.rs:280] verify segment (internal proof verification failed)
         • [ffi.cpp:113] address mismatch at cycle 19688: preflight=0x3fffc02e, actual=0x3fffc02c
         • [kernels/cxx/ffi.cpp:208] SKIP THROW: memory peek not in preflight
       Local constraints hit (4 unique):
         - MemoryWrite@mem.zir:99
           cycle=19688, step=2960, pc=0x00205680, major=4, minor=2
         - VerifyOpcodeF3F7@inst.zir:102
           cycle=19688, step=2960, pc=0x00205680, major=4, minor=2
         - VerifyOpcodeF3F7@inst.zir:103
           cycle=19688, step=2960, pc=0x00205680, major=4, minor=2
         - VerifyOpcodeF3F7@inst.zir:104
           cycle=19688, step=2960, pc=0x00205680, major=4, minor=2
       Global: memory permutation violated
         x2/sp: unexpected write 0x00200160 (cycle 39358)
         x4/tp: expected write missing, needed 0x00200160 (cycle 39358)
         x12/a2: expected write missing, needed 0x00000010 (cycle 39374)
         x14/a4: unexpected write 0x00000010 (cycle 39374)
         x28/t3: expected write missing, needed 0x00000010 (cycle 39376)
         0x0020567C (code): wrote 0x00275713, expected 0x18464e03 (cycle 16134)
  [121] ✓ INSTR_TYPE_MOD @ step 316: 3 failures, 2918ms, outcome: REJECTED, exit: 101 [proof:GENERATED]
       r=0.110  T_new=0.00 F_new=0.39 F_rare=0.85 U=0 Q=0.37 Q_l=0.37 Q_g=1.00 dl=3 dg=0
       Value: 0x00010006 -> 0x00010002
       Original: Bne [major=1, minor=6]
       Mutated:  AndI [major=1, minor=2]
       zkVM errors (1 lines):
         • [prover_impl.rs:280] verify segment (internal proof verification failed)
       Local constraints hit (3 unique):
         - MemoryWrite@mem.zir:99
           cycle=16901, step=316, pc=0x0020085C, major=1, minor=2
         - VerifyOpcodeF3@inst.zir:96
           cycle=16901, step=316, pc=0x0020085C, major=1, minor=2
         - VerifyOpcodeF3@inst.zir:97
           cycle=16901, step=316, pc=0x0020085C, major=1, minor=2
       Global: no permutation/lookup violations (local-only)
  [122] ✓ INSTR_TYPE_MOD @ step 2636: 4 failures, 2923ms, outcome: REJECTED, exit: 101 [proof:GENERATED] G=memory
       r=0.077  T_new=0.00 F_new=0.63 F_rare=1.00 U=0 Q=0.19 Q_l=0.26 Q_g=0.72 dl=4 dg=2
       Value: 0x00000007 -> 0x00050001
       Original: AddI [major=0, minor=7]
       Mutated:  Lh [major=5, minor=1]
       zkVM errors (3 lines):
         • [prover_impl.rs:280] verify segment (internal proof verification failed)
         • [ffi.cpp:113] address mismatch at cycle 19364: preflight=0x3fffc030, actual=0x00000004
         • [kernels/cxx/ffi.cpp:208] SKIP THROW: memory peek not in preflight
       Local constraints hit (4 unique):
         - AddrDecomposeBits@u32.zir:87
           cycle=19364, step=2636, pc=0x00203410, major=5, minor=1
         - MemoryWrite@mem.zir:99
           cycle=19364, step=2636, pc=0x00203410, major=5, minor=1
         - VerifyOpcodeF3@inst.zir:96
           cycle=19364, step=2636, pc=0x00203410, major=5, minor=1
         - VerifyOpcodeF3@inst.zir:97
           cycle=19364, step=2636, pc=0x00203410, major=5, minor=1
       Global: memory permutation violated
         0x00000010 (data): expected write missing, needed 0x00000020 (cycle 38708)
         x16/a6: unexpected write 0x00000020 (cycle 38708)
  [123] ✓ INSTR_TYPE_MOD @ step 1499: 1 failures, 2930ms, outcome: REJECTED, exit: 101 [proof:GENERATED]
       r=0.101  T_new=0.00 F_new=0.00 F_rare=0.58 U=0 Q=0.72 Q_l=0.72 Q_g=1.00 dl=1 dg=0
       Value: 0x00000007 -> 0x00010000
       Original: AddI [major=0, minor=7]
       Mutated:  XorI [major=1, minor=0]
       zkVM errors (1 lines):
         • [prover_impl.rs:280] verify segment (internal proof verification failed)
       Local constraints hit (1 unique):
         - VerifyOpcodeF3@inst.zir:97
           cycle=18143, step=1499, pc=0x002184CC, major=1, minor=0
       Global: no permutation/lookup violations (local-only)
  [124] ✓ INSTR_TYPE_MOD @ step 2639: 3 failures, 2942ms, outcome: REJECTED, exit: 101 [proof:GENERATED] G=memory
       r=0.110  T_new=0.00 F_new=0.63 F_rare=1.00 U=0 Q=0.26 Q_l=0.37 Q_g=0.72 dl=3 dg=2
       Value: 0x00050002 -> 0x00010003
       Original: Lw [major=5, minor=2]
       Mutated:  SltI [major=1, minor=3]
       zkVM errors (3 lines):
         • [prover_impl.rs:280] verify segment (internal proof verification failed)
         • [ffi.cpp:113] address mismatch at cycle 19367: preflight=0x000800e3, actual=0x3fffc020
         • [kernels/cxx/ffi.cpp:208] SKIP THROW: memory peek not in preflight
       Local constraints hit (3 unique):
         - MemoryWrite@mem.zir:100
           cycle=19367, step=2639, pc=0x0020341C, major=1, minor=3
         - MemoryWrite@mem.zir:99
           cycle=19367, step=2639, pc=0x0020341C, major=1, minor=3
         - VerifyOpcodeF3@inst.zir:96
           cycle=19367, step=2639, pc=0x0020341C, major=1, minor=3
       Global: memory permutation violated
         0x0020038C (data): unexpected write 0xc3d4e0d9 (cycle 38679)
         x0/zero: expected write missing, needed 0xc3d4e0d9 (cycle 38679)
  [125] ✓ INSTR_TYPE_MOD @ step 870: 5 failures, 3049ms, outcome: REJECTED, exit: 101 [proof:GENERATED] G=memory|cycle
       r=0.036  T_new=0.00 F_new=0.86 F_rare=1.00 U=0 Q=0.08 Q_l=0.19 Q_g=0.43 dl=5 dg=5
       Value: 0x00000007 -> 0x00060000
       Original: AddI [major=0, minor=7]
       Mutated:  Sb [major=6, minor=0]
       zkVM errors (3 lines):
         • [prover_impl.rs:280] verify segment (internal proof verification failed)
         • [ffi.cpp:113] address mismatch at cycle 17497: preflight=0x3fffc02c, actual=0x000800db
         • [kernels/cxx/ffi.cpp:208] SKIP THROW: memory peek not in preflight
       Local constraints hit (5 unique):
         - IsRead@mem.zir:79
           cycle=17497, step=870, pc=0x00200A18, major=6, minor=0
         - IsRead@mem.zir:80
           cycle=17497, step=870, pc=0x00200A18, major=6, minor=0
         - MemoryWrite@mem.zir:100
           cycle=17497, step=870, pc=0x00200A18, major=6, minor=0
         - MemoryWrite@mem.zir:99
           cycle=17497, step=870, pc=0x00200A18, major=6, minor=0
         - VerifyOpcodeF3@inst.zir:96
           cycle=17497, step=870, pc=0x00200A18, major=6, minor=0
       Global: memory permutation violated
         0x0020036C (data): expected write missing, needed 0x00100693 (cycle 5126)
         x12/a2: unexpected write 0x0021a0c8 (cycle 34994)
       Global: cycle lookup violated (3 indices broken)
         index 0: 2254 provides, 1 uses (imbalanced)
         index 29868: 1 provides, 1 uses (imbalanced)
         index 2013265920: orphan provide (1 entries, no matching use)
  [126] ✓ INSTR_TYPE_MOD @ step 1892: 1 failures, 2948ms, outcome: REJECTED, exit: 101 [proof:GENERATED]
       r=0.105  T_new=0.00 F_new=0.00 F_rare=0.50 U=0 Q=0.72 Q_l=0.72 Q_g=1.00 dl=1 dg=0
       Value: 0x00060002 -> 0x00060001
       Original: Sw [major=6, minor=2]
       Mutated:  Sh [major=6, minor=1]
       zkVM errors (1 lines):
         • [prover_impl.rs:280] verify segment (internal proof verification failed)
       Local constraints hit (1 unique):
         - VerifyOpcodeF3@inst.zir:97
           cycle=18541, step=1892, pc=0x002096CC, major=6, minor=1
       Global: no permutation/lookup violations (local-only)
  [127] ✓ MEM_VAL_MOD @ step 1124: 6 failures, 2997ms, outcome: REJECTED, exit: 101 [proof:GENERATED] [+2 touch] G=memory|cycle
       r=0.013  T_new=0.06 F_new=1.00 F_rare=1.00 U=0 Q=0.03 Q_l=0.19 Q_g=0.14 dl=5 dg=12
       Value: 0x00008067 -> 0x20000000
       Transaction: other_mem_read (READ) at address 0x00200d44
       zkVM errors (3 lines):
         • [prover_impl.rs:280] verify segment (internal proof verification failed)
         • [ffi.cpp:113] address mismatch at cycle 17768: preflight=0x3fffc021, actual=0x3fffc020
         • [kernels/cxx/ffi.cpp:208] SKIP THROW: memory peek not in preflight
       Local constraints hit (5 unique):
         - IsRead@mem.zir:79
           cycle=17768, step=1124, pc=0x00200D20, major=2, minor=4
         - IsRead@mem.zir:80
           cycle=17768, step=1124, pc=0x00200D20, major=2, minor=4
         - MemoryWrite@mem.zir:100
           cycle=17768, step=1124, pc=0x00200D20, major=2, minor=4
         - MemoryWrite@mem.zir:99 (x2)
           cycle=17768, step=1124, pc=0x00200D20, major=2, minor=4
         - VerifyOpcodeF3@inst.zir:96
           cycle=17768, step=1124, pc=0x00200D20, major=2, minor=4
       Global: memory permutation violated (12 addrs: 2 register, 9 code, 1 data)
         x0/zero: unexpected write 0x00000000 (cycle 35530)
         x1/ra: unexpected write 0x00200d20 (cycle 35533)
         0xFFFF0180 (data): expected write missing, needed 0x00000000 (cycle 35530)
         + 9 code addresses diverged (instruction fetch cascade)
       Global: cycle lookup violated (2 indices broken)
         index 5: 347 provides, 1 uses (imbalanced)
         index 6: 415 provides, 1 uses (imbalanced)
  [128] ✓ MEM_VAL_MOD @ step 1432: 140 failures, 2942ms, outcome: REJECTED, exit: 101 [proof:GENERATED] G=memory
       r=0.000  T_new=0.00 F_new=0.99 F_rare=1.00 U=0 Q=0.00 Q_l=0.05 Q_g=0.19 dl=9 dg=10
       Value: 0xFE0614E3 -> 0x0DD2A9E9
       Transaction: other_mem_read (READ) at address 0x002184d4
       zkVM errors (3 lines):
         • [prover_impl.rs:280] verify segment (internal proof verification failed)
         • [ffi.cpp:113] address mismatch at cycle 18076: preflight=0x3fffc02c, actual=0x3fffc025
         • [kernels/cxx/ffi.cpp:208] SKIP THROW: memory peek not in preflight
       Local constraints hit (6 unique):
         - DecodeInst@inst.zir:29 (x135)
           cycle=18077, step=1433, pc=0x002184C0, major=5, minor=3
         - IsRead@mem.zir:79
           cycle=18076, step=1432, pc=0x002184BC, major=1, minor=6
         - IsRead@mem.zir:80
           cycle=18076, step=1432, pc=0x002184BC, major=1, minor=6
         - MemoryWrite@mem.zir:99
           cycle=18211, step=1567, pc=0x00202C04, major=2, minor=4
         - VerifyOpcodeF3@inst.zir:96
           cycle=18076, step=1432, pc=0x002184BC, major=1, minor=6
         - VerifyOpcodeF3@inst.zir:97
           cycle=18076, step=1432, pc=0x002184BC, major=1, minor=6
       Global: memory permutation violated (22 addrs: 4 register, 18 code)
         x0/zero: unexpected write 0x00000000 (cycle 36138)
         x5/t0: expected write missing, needed 0x00000013 (cycle 36149)
         x12/a2: unexpected write 0x00000013 (cycle 36149)
         + 18 code addresses diverged (instruction fetch cascade)
         + 1 more addresses
  [129] ✓ INSTR_TYPE_MOD @ step 583: 3 failures, 2879ms, outcome: REJECTED, exit: 101 [proof:GENERATED]
       r=0.063  T_new=0.00 F_new=0.00 F_rare=0.71 U=0 Q=0.37 Q_l=0.37 Q_g=1.00 dl=3 dg=0
       Value: 0x00000007 -> 0x00000006
       Original: AddI [major=0, minor=7]
       Mutated:  SltU [major=0, minor=6]
       zkVM errors (1 lines):
         • [prover_impl.rs:280] verify segment (internal proof verification failed)
       Local constraints hit (3 unique):
         - MemoryWrite@mem.zir:99
           cycle=17186, step=583, pc=0x00206154, major=0, minor=6
         - VerifyOpcodeF3F7@inst.zir:102
           cycle=17186, step=583, pc=0x00206154, major=0, minor=6
         - VerifyOpcodeF3F7@inst.zir:103
           cycle=17186, step=583, pc=0x00206154, major=0, minor=6
       Global: no permutation/lookup violations (local-only)
  [130] ✓ INSTR_TYPE_MOD @ step 2109: 1 failures, 2914ms, outcome: REJECTED, exit: 101 [proof:GENERATED] [+1 new] [+35 touch]
       r=0.384  T_new=0.63 F_new=0.39 F_rare=1.00 U=0 Q=0.72 Q_l=0.72 Q_g=1.00 dl=1 dg=0
       Value: 0x00060002 -> 0x00060003
       Original: Sw [major=6, minor=2]
       Mutated:  Unknown(6,3) [major=6, minor=3] ⚠INVALID
       zkVM errors (1 lines):
         • [prover_impl.rs:280] verify segment (internal proof verification failed)
       Local constraints hit (1 unique):
         - IllegalStoreOp@inst_mem.zir:45
           cycle=18763, step=2109, pc=0x00202510, major=6, minor=3
       Global: no permutation/lookup violations (local-only)
  [131] ✓ INSTR_TYPE_MOD @ step 0: 5 failures, 2977ms, outcome: REJECTED, exit: 101 [proof:GENERATED] [+1 touch] G=memory|cycle
       r=0.046  T_new=0.03 F_new=0.63 F_rare=1.00 U=0 Q=0.11 Q_l=0.19 Q_g=0.61 dl=5 dg=3
       Value: 0x00020006 -> 0x00020003
       Original: Auipc [major=2, minor=6]
       Mutated:  Jal [major=2, minor=3]
       zkVM errors (3 lines):
         • [prover_impl.rs:280] verify segment (internal proof verification failed)
         • [ffi.cpp:113] address mismatch at cycle 0: preflight=0x44000000, actual=0x00000000
         • [kernels/cxx/ffi.cpp:208] SKIP THROW: memory peek not in preflight
       Local constraints hit (5 unique):
         - AddrDecompose@u32.zir:67
           cycle=0, step=0, pc=0x00000000, major=2, minor=3
         - ControlLoadRootAndNonce@inst_control.zir:23
           cycle=1, step=0, pc=0x00000000, major=7, minor=0
         - MemoryWrite@mem.zir:99
           cycle=0, step=0, pc=0x00000000, major=2, minor=3
         - MiscInput@inst_misc.zir:7
           cycle=0, step=0, pc=0x00000000, major=2, minor=3
         - VerifyOpcode@inst.zir:91
           cycle=0, step=0, pc=0x00000000, major=2, minor=3
       Global: memory permutation violated
         0xFFFF0100 (data): expected write missing, needed 0x00000000 (cycle 0)
       Global: cycle lookup violated (2 indices broken)
         index 0: 2256 provides, 1 uses (imbalanced)
         index 2013265920: orphan provide (2 entries, no matching use)
  [132] ✓ INSTR_TYPE_MOD @ step 639: 4 failures, 2926ms, outcome: REJECTED, exit: 101 [proof:GENERATED] [+2 touch] G=memory
       r=0.083  T_new=0.06 F_new=0.78 F_rare=1.00 U=0 Q=0.19 Q_l=0.26 Q_g=0.72 dl=4 dg=2
       Value: 0x00020006 -> 0x00010007
       Original: Auipc [major=2, minor=6]
       Mutated:  Blt [major=1, minor=7]
       zkVM errors (3 lines):
         • [prover_impl.rs:280] verify segment (internal proof verification failed)
         • [ffi.cpp:113] address mismatch at cycle 17248: preflight=0x3fffc021, actual=0x3fffc060
         • [kernels/cxx/ffi.cpp:208] SKIP THROW: memory peek not in preflight
       Local constraints hit (4 unique):
         - MemoryWrite@mem.zir:100
           cycle=17248, step=639, pc=0x00200974, major=1, minor=7
         - MemoryWrite@mem.zir:99
           cycle=17248, step=639, pc=0x00200974, major=1, minor=7
         - VerifyOpcodeF3@inst.zir:96
           cycle=17248, step=639, pc=0x00200974, major=1, minor=7
         - VerifyOpcodeF3@inst.zir:97
           cycle=17248, step=639, pc=0x00200974, major=1, minor=7
       Global: memory permutation violated
         x1/ra: unexpected write 0x00200944 (cycle 34494)
         0xFFFF0180 (data): expected write missing, needed 0x00200944 (cycle 34494)
  [133] ✓ INSTR_TYPE_MOD @ step 2624: 4 failures, 2933ms, outcome: REJECTED, exit: 101 [proof:GENERATED] [+2 touch]
       r=0.050  T_new=0.06 F_new=0.00 F_rare=0.71 U=0 Q=0.26 Q_l=0.26 Q_g=1.00 dl=4 dg=0
       Value: 0x00000007 -> 0x00000004
       Original: AddI [major=0, minor=7]
       Mutated:  And [major=0, minor=4]
       zkVM errors (1 lines):
         • [prover_impl.rs:280] verify segment (internal proof verification failed)
       Local constraints hit (4 unique):
         - MemoryWrite@mem.zir:99
           cycle=19352, step=2624, pc=0x00205304, major=0, minor=4
         - VerifyOpcodeF3F7@inst.zir:102
           cycle=19352, step=2624, pc=0x00205304, major=0, minor=4
         - VerifyOpcodeF3F7@inst.zir:103
           cycle=19352, step=2624, pc=0x00205304, major=0, minor=4
         - VerifyOpcodeF3F7@inst.zir:104
           cycle=19352, step=2624, pc=0x00205304, major=0, minor=4
       Global: no permutation/lookup violations (local-only)
  [134] ✓ PRE_EXEC_REG_MOD @ step 1685: 3 failures, 2937ms, outcome: REJECTED, exit: 101 [proof:GENERATED] G=memory
       r=0.094  T_new=0.00 F_new=0.78 F_rare=1.00 U=0 Q=0.22 Q_l=0.37 Q_g=0.61 dl=3 dg=3
       Value: 0x00200060 -> 0x00000100
       Register: x2 (sp), READ, strategy=next_read
       zkVM errors (3 lines):
         • [prover_impl.rs:280] verify segment (internal proof verification failed)
         • [ffi.cpp:113] address mismatch at cycle 18329: preflight=0x0008001d, actual=0x00000045
         • [kernels/cxx/ffi.cpp:208] SKIP THROW: memory peek not in preflight
       Local constraints hit (3 unique):
         - AddrDecomposeBits@u32.zir:87
           cycle=18329, step=1685, pc=0x00205F68, major=6, minor=2
         - IsRead@mem.zir:79
           cycle=18329, step=1685, pc=0x00205F68, major=6, minor=2
         - IsRead@mem.zir:80
           cycle=18329, step=1685, pc=0x00205F68, major=6, minor=2
       Global: memory permutation violated
         0x00000114 (data): expected write missing, needed 0x00000000 (cycle 4222)
         0x00200074 (data): unexpected write 0x00000000 (cycle 4222)
         x2/sp: wrote 0x00000100, expected 0x00200060 (cycle 36658)
  [135] ✓ INSTR_TYPE_MOD @ step 2724: 1 failures, 3025ms, outcome: REJECTED, exit: 101 [proof:GENERATED] G=memory|cycle
       r=0.104  T_new=0.00 F_new=0.95 F_rare=1.00 U=0 Q=0.22 Q_l=0.72 Q_g=0.31 dl=1 dg=7
       Value: 0x00060002 -> 0x00050002
       Original: Sw [major=6, minor=2]
       Mutated:  Lw [major=5, minor=2]
       zkVM errors (3 lines):
         • [prover_impl.rs:280] verify segment (internal proof verification failed)
         • [ffi.cpp:113] address mismatch at cycle 19452: preflight=0x3fffc02c, actual=0x000800d3
         • [kernels/cxx/ffi.cpp:208] SKIP THROW: memory peek not in preflight
       Local constraints hit (1 unique):
         - VerifyOpcodeF3@inst.zir:96
           cycle=19452, step=2724, pc=0x0020169C, major=5, minor=2
       Global: memory permutation violated
         0x00200340 (data): unexpected write 0x00000000 (cycle 38354)
         0x0020034C (data): expected write missing, needed 0x00000000 (cycle 38891)
         x12/a2: unexpected write 0x00000000 (cycle 38891)
         0xFFFF0180 (data): expected write missing, needed 0x00000000 (cycle 38354)
       Global: cycle lookup violated (3 indices broken)
         index 0: 2254 provides, 1 uses (imbalanced)
         index 549: 3 provides, 1 uses (imbalanced)
         index 550: 1 provides, 1 uses (imbalanced)
  [136] ✓ MEM_VAL_MOD @ step 1047: 2 failures, 2934ms, outcome: REJECTED, exit: 101 [proof:GENERATED] G=memory
       r=0.184  T_new=0.00 F_new=0.78 F_rare=1.00 U=0 Q=0.43 Q_l=0.51 Q_g=0.85 dl=2 dg=1
       Value: 0x00000000 -> 0x3B28BA76
       Transaction: other_mem_write (WRITE) at address 0xffff0180
       zkVM errors (1 lines):
         • [prover_impl.rs:280] verify segment (internal proof verification failed)
       Local constraints hit (2 unique):
         - MemoryWrite@mem.zir:100
           cycle=17686, step=1047, pc=0x00200B50, major=1, minor=5
         - MemoryWrite@mem.zir:99
           cycle=17686, step=1047, pc=0x00200B50, major=1, minor=5
       Global: memory permutation violated
         0xFFFF0180 (data): wrote 0x3b28ba76, expected 0x00000000 (cycle 35373)
  [137] ✓ MEM_VAL_MOD @ step 0: 10 failures, 2921ms, outcome: REJECTED, exit: 101 [proof:GENERATED] G=memory
       r=0.121  T_new=0.00 F_new=0.63 F_rare=1.00 U=0 Q=0.31 Q_l=0.37 Q_g=0.85 dl=3 dg=1
       Value: 0x00017117 -> 0x80629121
       Transaction: other_mem_read (READ) at address 0x00203708
       zkVM errors (2 lines):
         • [prover_impl.rs:280] verify segment (internal proof verification failed)
         • [kernels/cxx/buffers.h:43] SKIP THROW: Inconsistent set
       Local constraints hit (3 unique):
         - IsRead@mem.zir:79
           cycle=5541, step=0, pc=0x00000000, major=9, minor=2
         - IsRead@mem.zir:80
           cycle=5541, step=0, pc=0x00000000, major=9, minor=2
         - PoseidonCheckOut@inst_p2.zir:265 (x8)
           cycle=5621, step=0, pc=0x00000000, major=9, minor=5
       Global: memory permutation violated
         0x00203708 (code): wrote 0x80629121, expected 0x00017117 (cycle 11082)
  [138] ✓ MEM_VAL_MOD @ step 1570: 2 failures, 2935ms, outcome: REJECTED, exit: 101 [proof:GENERATED] G=memory
       r=0.123  T_new=0.00 F_new=0.39 F_rare=0.79 U=0 Q=0.43 Q_l=0.51 Q_g=0.85 dl=2 dg=1
       Value: 0x00200300 -> 0x002002FE
       Transaction: load_mem_read (READ) at address 0x002001c8
       zkVM errors (1 lines):
         • [prover_impl.rs:280] verify segment (internal proof verification failed)
       Local constraints hit (2 unique):
         - IsRead@mem.zir:79
           cycle=18214, step=1570, pc=0x00202EAC, major=5, minor=2
         - MemoryWrite@mem.zir:99
           cycle=18214, step=1570, pc=0x00202EAC, major=5, minor=2
       Global: memory permutation violated
         0x002001C8 (data): wrote 0x002002fe, expected 0x00200300 (cycle 36428)
  [139] ✓ STORE_OUT_MOD @ step 1326: 2 failures, 2958ms, outcome: REJECTED, exit: 101 [proof:GENERATED] G=memory
       r=0.112  T_new=0.00 F_new=0.39 F_rare=0.68 U=0 Q=0.43 Q_l=0.51 Q_g=0.85 dl=2 dg=1
       Value: 0x00000001 -> 0xC5E7A9B2
       Store address: 0x002001c4
       zkVM errors (1 lines):
         • [prover_impl.rs:280] verify segment (internal proof verification failed)
       Local constraints hit (2 unique):
         - MemoryWrite@mem.zir:100
           cycle=17970, step=1326, pc=0x00202BCC, major=6, minor=2
         - MemoryWrite@mem.zir:99
           cycle=17970, step=1326, pc=0x00202BCC, major=6, minor=2
       Global: memory permutation violated
         0x002001C4 (data): wrote 0xc5e7a9b2, expected 0x00000001 (cycle 35941)
  [140] ✓ INSTR_TYPE_MOD @ step 2962: 3 failures, 2909ms, outcome: REJECTED, exit: 101 [proof:GENERATED]
       r=0.052  T_new=0.00 F_new=0.00 F_rare=0.58 U=0 Q=0.37 Q_l=0.37 Q_g=1.00 dl=3 dg=0
       Value: 0x00000007 -> 0x00000006
       Original: AddI [major=0, minor=7]
       Mutated:  SltU [major=0, minor=6]
       zkVM errors (1 lines):
         • [prover_impl.rs:280] verify segment (internal proof verification failed)
       Local constraints hit (3 unique):
         - MemoryWrite@mem.zir:99
           cycle=19690, step=2962, pc=0x00205688, major=0, minor=6
         - VerifyOpcodeF3F7@inst.zir:102
           cycle=19690, step=2962, pc=0x00205688, major=0, minor=6
         - VerifyOpcodeF3F7@inst.zir:103
           cycle=19690, step=2962, pc=0x00205688, major=0, minor=6
       Global: no permutation/lookup violations (local-only)
  [141] ✓ COMP_OUT_MOD @ step 2201: 2 failures, 2989ms, outcome: REJECTED, exit: 101 [proof:GENERATED] G=memory
       r=0.112  T_new=0.00 F_new=0.39 F_rare=0.68 U=0 Q=0.43 Q_l=0.51 Q_g=0.85 dl=2 dg=1
       Value: 0x00000024 -> 0x20000000
       Destination: rd = x11 (a1)
       zkVM errors (1 lines):
         • [prover_impl.rs:280] verify segment (internal proof verification failed)
       Local constraints hit (2 unique):
         - MemoryWrite@mem.zir:100
           cycle=18855, step=2201, pc=0x00201EC8, major=0, minor=7
         - MemoryWrite@mem.zir:99
           cycle=18855, step=2201, pc=0x00201EC8, major=0, minor=7
       Global: memory permutation violated
         x11/a1: wrote 0x20000000, expected 0x00000024 (cycle 37711)
  [142] ✓ INSTR_TYPE_MOD @ step 2649: 5 failures, 2957ms, outcome: REJECTED, exit: 101 [proof:GENERATED] G=memory
       r=0.017  T_new=0.00 F_new=1.00 F_rare=1.00 U=0 Q=0.04 Q_l=0.19 Q_g=0.19 dl=5 dg=10
       Value: 0x00000007 -> 0x00010006
       Original: AddI [major=0, minor=7]
       Mutated:  Bne [major=1, minor=6]
       zkVM errors (3 lines):
         • [prover_impl.rs:280] verify segment (internal proof verification failed)
         • [ffi.cpp:113] address mismatch at cycle 19377: preflight=0x3fffc02d, actual=0x3fffc060
         • [kernels/cxx/ffi.cpp:208] SKIP THROW: memory peek not in preflight
       Local constraints hit (4 unique):
         - MemoryWrite@mem.zir:100
           cycle=19377, step=2649, pc=0x00203444, major=1, minor=6
         - MemoryWrite@mem.zir:99 (x2)
           cycle=19377, step=2649, pc=0x00203444, major=1, minor=6
         - VerifyOpcodeF3@inst.zir:96
           cycle=19377, step=2649, pc=0x00203444, major=1, minor=6
         - VerifyOpcodeF3@inst.zir:97
           cycle=19377, step=2649, pc=0x00203444, major=1, minor=6
       Global: memory permutation violated (44 addrs: 1 register, 42 code, 1 data)
         x13/a3: unexpected write 0x00200304 (cycle 38754)
         0xFFFF0180 (data): expected write missing, needed 0x00200304 (cycle 38754)
         + 42 code addresses diverged (instruction fetch cascade)
  [143] ✓ INSTR_TYPE_MOD @ step 2381: 3 failures, 2985ms, outcome: REJECTED, exit: 101 [proof:GENERATED] G=memory|cycle
       r=0.053  T_new=0.00 F_new=0.95 F_rare=1.00 U=0 Q=0.11 Q_l=0.37 Q_g=0.31 dl=3 dg=7
       Value: 0x00060002 -> 0x00050002
       Original: Sw [major=6, minor=2]
       Mutated:  Lw [major=5, minor=2]
       zkVM errors (3 lines):
         • [prover_impl.rs:280] verify segment (internal proof verification failed)
         • [ffi.cpp:113] address mismatch at cycle 19035: preflight=0x3fffc02b, actual=0x000800cc
         • [kernels/cxx/ffi.cpp:208] SKIP THROW: memory peek not in preflight
       Local constraints hit (3 unique):
         - OpLW@inst_mem.zir:108
           cycle=19035, step=2381, pc=0x002032CC, major=5, minor=2
         - OpLW@inst_mem.zir:109
           cycle=19035, step=2381, pc=0x002032CC, major=5, minor=2
         - VerifyOpcodeF3@inst.zir:96
           cycle=19035, step=2381, pc=0x002032CC, major=5, minor=2
       Global: memory permutation violated
         0x0020032C (data): unexpected write 0x00000000 (cycle 38047)
         0x00200330 (data): expected write missing, needed 0x00000000 (cycle 38068)
         x4/tp: expected write missing, needed 0x00000000 (cycle 38047)
         x11/a1: unexpected write 0x00000000 (cycle 38068)
       Global: cycle lookup violated (3 indices broken)
         index 0: 2254 provides, 1 uses (imbalanced)
         index 22: 84 provides, 1 uses (imbalanced)
         index 23: 184 provides, 1 uses (imbalanced)
  [144] ✓ INSTR_TYPE_MOD @ step 1400: 5 failures, 2985ms, outcome: REJECTED, exit: 101 [proof:GENERATED] G=memory|cycle
       r=0.037  T_new=0.00 F_new=0.92 F_rare=1.00 U=0 Q=0.08 Q_l=0.19 Q_g=0.43 dl=5 dg=5
       Value: 0x00010006 -> 0x00060002
       Original: Bne [major=1, minor=6]
       Mutated:  Sw [major=6, minor=2]
       zkVM errors (3 lines):
         • [prover_impl.rs:280] verify segment (internal proof verification failed)
         • [ffi.cpp:113] address mismatch at cycle 18044: preflight=0x3fffc060, actual=0x00000016
         • [kernels/cxx/ffi.cpp:208] SKIP THROW: memory peek not in preflight
       Local constraints hit (5 unique):
         - AddrDecomposeBits@u32.zir:87
           cycle=18044, step=1400, pc=0x002184C8, major=6, minor=2
         - MemoryWrite@mem.zir:100
           cycle=18044, step=1400, pc=0x002184C8, major=6, minor=2
         - MemoryWrite@mem.zir:99
           cycle=18044, step=1400, pc=0x002184C8, major=6, minor=2
         - VerifyOpcodeF3@inst.zir:96
           cycle=18044, step=1400, pc=0x002184C8, major=6, minor=2
         - VerifyOpcodeF3@inst.zir:97
           cycle=18044, step=1400, pc=0x002184C8, major=6, minor=2
       Global: memory permutation violated
         0x00000058 (data): expected write missing, needed 0x00158593 (cycle 36076)
         0xFFFF0180 (data): unexpected write 0x00000000 (cycle 36083)
       Global: cycle lookup violated (3 indices broken)
         index 4: 253 provides, 1 uses (imbalanced)
         index 5: 348 provides, 1 uses (imbalanced)
         index 12: 190 provides, 1 uses (imbalanced)
  [145] ✓ INSTR_WORD_MOD_SUR @ step 3136: 1 failures, 2920ms, outcome: REJECTED, exit: 101 [proof:GENERATED] G=memory
       r=0.166  T_new=0.00 F_new=0.39 F_rare=0.75 U=0 Q=0.61 Q_l=0.72 Q_g=0.85 dl=1 dg=1
       Value: 0x03022603 -> 0x03022633
       Surgical: opcode = 3 -> 51
       Original: LW x12, 48(x4)
       Mutated:  SLT x12, x4, x16
       zkVM errors (1 lines):
         • [prover_impl.rs:280] verify segment (internal proof verification failed)
       Local constraints hit (1 unique):
         - VerifyOpcodeF3@inst.zir:96
           cycle=19864, step=3136, pc=0xC000017C, major=5, minor=2
       Global: memory permutation violated
         0xC0000178 (data): wrote 0x03022603, expected 0x03022633 (cycle 38280)
  [146] ✓ MEM_VAL_MOD @ step 2267: 2 failures, 2932ms, outcome: REJECTED, exit: 101 [proof:GENERATED] G=memory
       r=0.112  T_new=0.00 F_new=0.39 F_rare=0.68 U=0 Q=0.43 Q_l=0.51 Q_g=0.85 dl=2 dg=1
       Value: 0x19CDE05B -> 0x1BEBA342
       Transaction: store_rmw_read (READ) at address 0x0020032c
       zkVM errors (1 lines):
         • [prover_impl.rs:280] verify segment (internal proof verification failed)
       Local constraints hit (2 unique):
         - IsRead@mem.zir:79
           cycle=18921, step=2267, pc=0x00203438, major=6, minor=2
         - IsRead@mem.zir:80
           cycle=18921, step=2267, pc=0x00203438, major=6, minor=2
       Global: memory permutation violated
         0x0020032C (data): wrote 0x1beba342, expected 0x19cde05b (cycle 37842)
  [147] ✓ INSTR_TYPE_MOD @ step 3860: 3 failures, 2933ms, outcome: REJECTED, exit: 101 [proof:GENERATED] G=memory
       r=0.033  T_new=0.00 F_new=1.00 F_rare=1.00 U=0 Q=0.07 Q_l=0.37 Q_g=0.19 dl=3 dg=10
       Value: 0x00020004 -> 0x00000007
       Original: JalR [major=2, minor=4]
       Mutated:  AddI [major=0, minor=7]
       zkVM errors (3 lines):
         • [prover_impl.rs:280] verify segment (internal proof verification failed)
         • [ffi.cpp:113] address mismatch at cycle 20811: preflight=0x00081361, actual=0x00081796
         • [kernels/cxx/buffers.h:43] SKIP THROW: Inconsistent set
       Local constraints hit (2 unique):
         - MemoryWrite@mem.zir:99 (x2)
           cycle=20810, step=3860, pc=0x00204D84, major=0, minor=7
         - VerifyOpcodeF3@inst.zir:96
           cycle=20810, step=3860, pc=0x00204D84, major=0, minor=7
       Global: memory permutation violated (30 addrs: 30 code)
         + 30 code addresses diverged (instruction fetch cascade)
  [148] ✓ INSTR_TYPE_MOD @ step 1894: 5 failures, 3055ms, outcome: REJECTED, exit: 101 [proof:GENERATED] G=memory|cycle
       r=0.041  T_new=0.00 F_new=0.95 F_rare=1.00 U=0 Q=0.08 Q_l=0.19 Q_g=0.43 dl=5 dg=5
       Value: 0x00060002 -> 0x00040007
       Original: Sw [major=6, minor=2]
       Mutated:  RemU [major=4, minor=7]
       zkVM errors (3 lines):
         • [prover_impl.rs:280] verify segment (internal proof verification failed)
         • [ffi.cpp:113] address mismatch at cycle 18543: preflight=0x00080020, actual=0x3fffc060
         • [kernels/cxx/ffi.cpp:208] SKIP THROW: memory peek not in preflight
       Local constraints hit (5 unique):
         - MemoryWrite@mem.zir:100
           cycle=18543, step=1894, pc=0x002096D4, major=4, minor=7
         - MemoryWrite@mem.zir:99
           cycle=18543, step=1894, pc=0x002096D4, major=4, minor=7
         - VerifyOpcodeF3F7@inst.zir:102
           cycle=18543, step=1894, pc=0x002096D4, major=4, minor=7
         - VerifyOpcodeF3F7@inst.zir:103
           cycle=18543, step=1894, pc=0x002096D4, major=4, minor=7
         - VerifyOpcodeF3F7@inst.zir:104
           cycle=18543, step=1894, pc=0x002096D4, major=4, minor=7
       Global: memory permutation violated
         0x00200080 (data): unexpected write 0x00000000 (cycle 37044)
         0xFFFF0180 (data): expected write missing, needed 0x00000000 (cycle 37044)
       Global: cycle lookup violated (3 indices broken)
         index 0: 2254 provides, 1 uses (imbalanced)
         index 41: 27 provides, 1 uses (imbalanced)
         index 42: 24 provides, 1 uses (imbalanced)
  [149] ✓ INSTR_TYPE_MOD @ step 2089: 2 failures, 2894ms, outcome: REJECTED, exit: 101 [proof:GENERATED] [+1 new] [+34 touch]
       r=0.302  T_new=0.62 F_new=0.63 F_rare=1.00 U=0 Q=0.51 Q_l=0.51 Q_g=1.00 dl=2 dg=0
       Value: 0x00050002 -> 0x00050007
       Original: Lw [major=5, minor=2]
       Mutated:  Unknown(5,7) [major=5, minor=7] ⚠INVALID
       zkVM errors (1 lines):
         • [prover_impl.rs:280] verify segment (internal proof verification failed)
       Local constraints hit (2 unique):
         - IllegalLoadOp@inst_mem.zir:40
           cycle=18743, step=2089, pc=0x0020B0F0, major=5, minor=7
         - MemoryWrite@mem.zir:99
           cycle=18743, step=2089, pc=0x0020B0F0, major=5, minor=7
       Global: no permutation/lookup violations (local-only)
  [150] ✓ INSTR_TYPE_MOD @ step 3928: 4 failures, 2988ms, outcome: REJECTED, exit: 101 [proof:GENERATED] [+2 touch] G=memory|cycle
       r=0.036  T_new=0.06 F_new=0.39 F_rare=0.85 U=0 Q=0.11 Q_l=0.26 Q_g=0.43 dl=4 dg=5
       Value: 0x00000007 -> 0x00060000
       Original: AddI [major=0, minor=7]
       Mutated:  Sb [major=6, minor=0]
       zkVM errors (3 lines):
         • [prover_impl.rs:280] verify segment (internal proof verification failed)
         • [ffi.cpp:113] address mismatch at cycle 20878: preflight=0x3fffc011, actual=0x00000004
         • [kernels/cxx/ffi.cpp:208] SKIP THROW: memory peek not in preflight
       Local constraints hit (4 unique):
         - AddrDecomposeBits@u32.zir:87
           cycle=20878, step=3928, pc=0xC00000F8, major=6, minor=0
         - IsRead@mem.zir:79
           cycle=20878, step=3928, pc=0xC00000F8, major=6, minor=0
         - MemoryWrite@mem.zir:99
           cycle=20878, step=3928, pc=0xC00000F8, major=6, minor=0
         - VerifyOpcodeF3@inst.zir:96
           cycle=20878, step=3928, pc=0xC00000F8, major=6, minor=0
       Global: memory permutation violated
         0x00000010 (data): expected write missing, needed 0x00000073 (cycle 30062)
         0xFFFF0044 (data): unexpected write 0x00000004 (cycle 41362)
       Global: cycle lookup violated (3 indices broken)
         index 393: 2 provides, 1 uses (imbalanced)
         index 394: 1 provides, 1 uses (imbalanced)
         index 11694: 1 provides, 1 uses (imbalanced)
  [151] ✓ INSTR_TYPE_MOD @ step 2999: 7 failures, 2986ms, outcome: REJECTED, exit: 101 [proof:GENERATED] G=memory
       r=0.009  T_new=0.00 F_new=0.98 F_rare=1.00 U=0 Q=0.02 Q_l=0.10 Q_g=0.19 dl=7 dg=10
       Value: 0x00010005 -> 0x00020003
       Original: Beq [major=1, minor=5]
       Mutated:  Jal [major=2, minor=3]
       zkVM errors (3 lines):
         • [prover_impl.rs:280] verify segment (internal proof verification failed)
         • [ffi.cpp:113] address mismatch at cycle 19727: preflight=0x3fffc060, actual=0x3fffc030
         • [kernels/cxx/ffi.cpp:208] SKIP THROW: memory peek not in preflight
       Local constraints hit (3 unique):
         - MemoryWrite@mem.zir:100 (x3)
           cycle=19727, step=2999, pc=0x002056C4, major=2, minor=3
         - MemoryWrite@mem.zir:99 (x3)
           cycle=19727, step=2999, pc=0x002056C4, major=2, minor=3
         - VerifyOpcode@inst.zir:91
           cycle=19727, step=2999, pc=0x002056C4, major=2, minor=3
       Global: memory permutation violated (20 addrs: 1 register, 18 code, 1 data)
         x16/a6: expected write missing, needed 0x00205e40 (cycle 39453)
         0xFFFF0180 (data): unexpected write 0x00205e40 (cycle 39453)
         + 18 code addresses diverged (instruction fetch cascade)
  [152] ✓ INSTR_TYPE_MOD @ step 1567: 7 failures, 2992ms, outcome: REJECTED, exit: 101 [proof:GENERATED] [+36 touch] G=memory|cycle
       r=0.008  T_new=0.64 F_new=1.00 F_rare=1.00 U=0 Q=0.01 Q_l=0.10 Q_g=0.11 dl=7 dg=13
       Value: 0x00020004 -> 0x00060004
       Original: JalR [major=2, minor=4]
       Mutated:  Unknown(6,4) [major=6, minor=4] ⚠INVALID
       zkVM errors (3 lines):
         • [prover_impl.rs:280] verify segment (internal proof verification failed)
         • [ffi.cpp:113] address mismatch at cycle 18211: preflight=0x3fffc060, actual=0x00080b01
         • [kernels/cxx/ffi.cpp:208] SKIP THROW: memory peek not in preflight
       Local constraints hit (5 unique):
         - IllegalStoreOp@inst_mem.zir:45
           cycle=18211, step=1567, pc=0x00202C04, major=6, minor=4
         - IsRead@mem.zir:79
           cycle=18211, step=1567, pc=0x00202C04, major=6, minor=4
         - IsRead@mem.zir:80
           cycle=18211, step=1567, pc=0x00202C04, major=6, minor=4
         - MemoryWrite@mem.zir:100 (x2)
           cycle=18211, step=1567, pc=0x00202C04, major=6, minor=4
         - MemoryWrite@mem.zir:99 (x2)
           cycle=18211, step=1567, pc=0x00202C04, major=6, minor=4
       Global: memory permutation violated (25 addrs: 24 code, 1 data)
         0xFFFF0180 (data): unexpected write 0x00000000 (cycle 36419)
         + 24 code addresses diverged (instruction fetch cascade)
       Global: cycle lookup violated (3 indices broken)
         index 2: 863 provides, 1 uses (imbalanced)
         index 3: 696 provides, 1 uses (imbalanced)
         index 27108: 1 provides, 1 uses (imbalanced)
  [153] ✓ INSTR_TYPE_MOD @ step 207: 1 failures, 2961ms, outcome: REJECTED, exit: 101 [proof:GENERATED]
       r=0.123  T_new=0.00 F_new=0.00 F_rare=0.71 U=0 Q=0.72 Q_l=0.72 Q_g=1.00 dl=1 dg=0
       Value: 0x00000007 -> 0x00010004
       Original: AddI [major=0, minor=7]
       Mutated:  SltIU [major=1, minor=4]
       zkVM errors (1 lines):
         • [prover_impl.rs:280] verify segment (internal proof verification failed)
       Local constraints hit (1 unique):
         - VerifyOpcodeF3@inst.zir:97
           cycle=16786, step=207, pc=0x0020B8D4, major=1, minor=4
       Global: no permutation/lookup violations (local-only)
  [154] ✓ INSTR_TYPE_MOD @ step 1309: 8 failures, 2936ms, outcome: REJECTED, exit: 101 [proof:GENERATED] [+33 touch] G=memory
       r=0.012  T_new=0.61 F_new=1.00 F_rare=1.00 U=0 Q=0.02 Q_l=0.10 Q_g=0.19 dl=7 dg=10
       Value: 0x00010002 -> 0x0001000C
       Original: AndI [major=1, minor=2]
       Mutated:  JalR [major=1, minor=12] ⚠INVALID
       zkVM errors (3 lines):
         • [prover_impl.rs:280] verify segment (internal proof verification failed)
         • [ffi.cpp:113] address mismatch at cycle 17953: preflight=0x3fffc02b, actual=0x3fffc060
         • [kernels/cxx/ffi.cpp:208] SKIP THROW: memory peek not in preflight
       Local constraints hit (5 unique):
         - AddrDecompose@u32.zir:67 (x4)
           cycle=17954, step=1310, pc=0x002035D8, major=1, minor=6
         - MemoryWrite@mem.zir:100
           cycle=17957, step=1313, pc=0x00201264, major=2, minor=4
         - MemoryWrite@mem.zir:99
           cycle=17957, step=1313, pc=0x00201264, major=2, minor=4
         - OneHot@one_hot.zir:11
           cycle=17953, step=1309, pc=0x002035D4, major=1, minor=12
         - OneHot@one_hot.zir:9
           cycle=17953, step=1309, pc=0x002035D4, major=1, minor=12
       Global: memory permutation violated (10 addrs: 1 register, 4 code, 5 data)
         0x00000000 (data): expected write missing, needed 0x00059863 (cycle 10882)
         0x00000004 (data): expected write missing, needed 0x00167593 (cycle 10882)
         0x00000008 (data): expected write missing, needed 0x02059663 (cycle 10882)
         + 4 code addresses diverged (instruction fetch cascade)
         + 3 more addresses
  [155] ✓ INSTR_TYPE_MOD @ step 3636: 2 failures, 2954ms, outcome: REJECTED, exit: 101 [proof:GENERATED] [+49 touch]
       r=0.318  T_new=0.75 F_new=0.63 F_rare=1.00 U=0 Q=0.51 Q_l=0.51 Q_g=1.00 dl=2 dg=0
       Value: 0x00000007 -> 0x00040000
       Original: AddI [major=0, minor=7]
       Mutated:  Srl [major=4, minor=0]
       zkVM errors (1 lines):
         • [prover_impl.rs:280] verify segment (internal proof verification failed)
       Local constraints hit (2 unique):
         - VerifyOpcodeF3F7@inst.zir:102
           cycle=20512, step=3636, pc=0x0020574C, major=4, minor=0
         - VerifyOpcodeF3F7@inst.zir:103
           cycle=20512, step=3636, pc=0x0020574C, major=4, minor=0
       Global: no permutation/lookup violations (local-only)
  [156] ✓ INSTR_TYPE_MOD @ step 0: 5 failures, 3026ms, outcome: REJECTED, exit: 101 [proof:GENERATED] [+3 touch] G=memory|cycle
       r=0.047  T_new=0.08 F_new=0.63 F_rare=1.00 U=0 Q=0.11 Q_l=0.19 Q_g=0.61 dl=5 dg=3
       Value: 0x00020006 -> 0x00010000
       Original: Auipc [major=2, minor=6]
       Mutated:  XorI [major=1, minor=0]
       zkVM errors (3 lines):
         • [prover_impl.rs:280] verify segment (internal proof verification failed)
         • [ffi.cpp:113] address mismatch at cycle 0: preflight=0x44000000, actual=0x00000000
         • [kernels/cxx/ffi.cpp:208] SKIP THROW: memory peek not in preflight
       Local constraints hit (5 unique):
         - AddrDecompose@u32.zir:67
           cycle=0, step=0, pc=0x00000000, major=1, minor=0
         - ControlLoadRootAndNonce@inst_control.zir:23
           cycle=1, step=0, pc=0x00000000, major=7, minor=0
         - MiscInput@inst_misc.zir:7
           cycle=0, step=0, pc=0x00000000, major=1, minor=0
         - VerifyOpcodeF3@inst.zir:96
           cycle=0, step=0, pc=0x00000000, major=1, minor=0
         - VerifyOpcodeF3@inst.zir:97
           cycle=0, step=0, pc=0x00000000, major=1, minor=0
       Global: memory permutation violated
         0xFFFF0100 (data): expected write missing, needed 0x00000000 (cycle 0)
       Global: cycle lookup violated (2 indices broken)
         index 0: 2256 provides, 1 uses (imbalanced)
         index 2013265920: orphan provide (2 entries, no matching use)
  [157] ✓ INSTR_TYPE_MOD @ step 899: 1 failures, 2904ms, outcome: REJECTED, exit: 101 [proof:GENERATED]
       r=0.123  T_new=0.00 F_new=0.00 F_rare=0.71 U=0 Q=0.72 Q_l=0.72 Q_g=1.00 dl=1 dg=0
       Value: 0x00000007 -> 0x00010001
       Original: AddI [major=0, minor=7]
       Mutated:  OrI [major=1, minor=1]
       zkVM errors (1 lines):
         • [prover_impl.rs:280] verify segment (internal proof verification failed)
       Local constraints hit (1 unique):
         - VerifyOpcodeF3@inst.zir:97
           cycle=17526, step=899, pc=0x00206168, major=1, minor=1
       Global: no permutation/lookup violations (local-only)
  [158] ✓ INSTR_TYPE_MOD @ step 2361: 5 failures, 2988ms, outcome: REJECTED, exit: 101 [proof:GENERATED] G=memory|cycle
       r=0.036  T_new=0.00 F_new=0.86 F_rare=1.00 U=0 Q=0.08 Q_l=0.19 Q_g=0.43 dl=5 dg=5
       Value: 0x00060002 -> 0x00000002
       Original: Sw [major=6, minor=2]
       Mutated:  Xor [major=0, minor=2]
       zkVM errors (3 lines):
         • [prover_impl.rs:280] verify segment (internal proof verification failed)
         • [ffi.cpp:113] address mismatch at cycle 19015: preflight=0x000800cf, actual=0x3fffc034
         • [kernels/cxx/ffi.cpp:208] SKIP THROW: memory peek not in preflight
       Local constraints hit (5 unique):
         - MemoryWrite@mem.zir:100
           cycle=19015, step=2361, pc=0x0020327C, major=0, minor=2
         - MemoryWrite@mem.zir:99
           cycle=19015, step=2361, pc=0x0020327C, major=0, minor=2
         - VerifyOpcodeF3F7@inst.zir:102
           cycle=19015, step=2361, pc=0x0020327C, major=0, minor=2
         - VerifyOpcodeF3F7@inst.zir:103
           cycle=19015, step=2361, pc=0x0020327C, major=0, minor=2
         - VerifyOpcodeF3F7@inst.zir:104
           cycle=19015, step=2361, pc=0x0020327C, major=0, minor=2
       Global: memory permutation violated
         0x0020033C (data): unexpected write 0x00000000 (cycle 37867)
         x20/s4: expected write missing, needed 0x00000000 (cycle 37867)
       Global: cycle lookup violated (3 indices broken)
         index 0: 2254 provides, 1 uses (imbalanced)
         index 162: 5 provides, 1 uses (imbalanced)
         index 163: 8 provides, 1 uses (imbalanced)
  [159] ✓ LOAD_VAL_MOD @ step 3861: 2 failures, 2940ms, outcome: REJECTED, exit: 101 [proof:GENERATED] G=memory
       r=0.116  T_new=0.00 F_new=0.39 F_rare=0.72 U=0 Q=0.43 Q_l=0.51 Q_g=0.85 dl=2 dg=1
       Value: 0x00203BE8 -> 0x0B882E4B
       Load destination: rd = x1 (ra)
       zkVM errors (1 lines):
         • [prover_impl.rs:280] verify segment (internal proof verification failed)
       Local constraints hit (2 unique):
         - MemoryWrite@mem.zir:100
           cycle=20811, step=3861, pc=0x00204D88, major=5, minor=2
         - MemoryWrite@mem.zir:99
           cycle=20811, step=3861, pc=0x00204D88, major=5, minor=2
       Global: memory permutation violated
         x1/ra: wrote 0x0b882e4b, expected 0x00203be8 (cycle 41623)
  [160] ✓ INSTR_TYPE_MOD @ step 3928: 3 failures, 2926ms, outcome: REJECTED, exit: 101 [proof:GENERATED] [+2 touch] G=memory
       r=0.091  T_new=0.06 F_new=0.95 F_rare=1.00 U=0 Q=0.19 Q_l=0.37 Q_g=0.51 dl=3 dg=4
       Value: 0x00000007 -> 0x00020000
       Original: AddI [major=0, minor=7]
       Mutated:  Bge [major=2, minor=0]
       zkVM errors (3 lines):
         • [prover_impl.rs:280] verify segment (internal proof verification failed)
         • [ffi.cpp:113] address mismatch at cycle 20878: preflight=0x3fffc011, actual=0x3fffc040
         • [kernels/cxx/ffi.cpp:208] SKIP THROW: memory peek not in preflight
       Local constraints hit (3 unique):
         - MemoryWrite@mem.zir:99
           cycle=20881, step=3929, pc=0x00000000, major=7, minor=4
         - VerifyOpcodeF3@inst.zir:96
           cycle=20878, step=3928, pc=0xC00000F8, major=2, minor=0
         - VerifyOpcodeF3@inst.zir:97
           cycle=20878, step=3928, pc=0xC00000F8, major=2, minor=0
       Global: memory permutation violated
         0xC00000F8 (data): unexpected write 0x00000073 (cycle 30062)
         0xC0000904 (data): expected write missing, needed 0x00000073 (cycle 30062)
         0xFFFF0044 (data): unexpected write 0x00000004 (cycle 41362)
         0xFFFF0100 (data): expected write missing, needed 0x00000004 (cycle 41362)
  [161] ✓ INSTR_TYPE_MOD @ step 3928: 2 failures, 2918ms, outcome: REJECTED, exit: 101 [proof:GENERATED] [+2 touch]
       r=0.081  T_new=0.06 F_new=0.00 F_rare=0.58 U=0 Q=0.51 Q_l=0.51 Q_g=1.00 dl=2 dg=0
       Value: 0x00000007 -> 0x00000002
       Original: AddI [major=0, minor=7]
       Mutated:  Xor [major=0, minor=2]
       zkVM errors (1 lines):
         • [prover_impl.rs:280] verify segment (internal proof verification failed)
       Local constraints hit (2 unique):
         - VerifyOpcodeF3F7@inst.zir:102
           cycle=20878, step=3928, pc=0xC00000F8, major=0, minor=2
         - VerifyOpcodeF3F7@inst.zir:103
           cycle=20878, step=3928, pc=0xC00000F8, major=0, minor=2
       Global: no permutation/lookup violations (local-only)
  [162] ✓ PRE_EXEC_REG_MOD @ step 1411: 2 failures, 2912ms, outcome: REJECTED, exit: 101 [proof:GENERATED] G=memory
       r=0.119  T_new=0.00 F_new=0.39 F_rare=0.75 U=0 Q=0.43 Q_l=0.51 Q_g=0.85 dl=2 dg=1
       Value: 0x00000016 -> 0x2BEDE9B6
       Register: x12 (a2), READ, strategy=next_read
       zkVM errors (1 lines):
         • [prover_impl.rs:280] verify segment (internal proof verification failed)
       Local constraints hit (2 unique):
         - IsRead@mem.zir:79
           cycle=18055, step=1411, pc=0x002184BC, major=1, minor=6
         - IsRead@mem.zir:80
           cycle=18055, step=1411, pc=0x002184BC, major=1, minor=6
       Global: memory permutation violated
         x12/a2: wrote 0x2bede9b6, expected 0x00000016 (cycle 36110)
  [163] ✓ INSTR_TYPE_MOD @ step 933: 5 failures, 2987ms, outcome: REJECTED, exit: 101 [proof:GENERATED] G=memory|cycle
       r=0.036  T_new=0.00 F_new=0.86 F_rare=1.00 U=0 Q=0.08 Q_l=0.19 Q_g=0.43 dl=5 dg=5
       Value: 0x00060002 -> 0x00030002
       Original: Sw [major=6, minor=2]
       Mutated:  Mul [major=3, minor=2]
       zkVM errors (3 lines):
         • [prover_impl.rs:280] verify segment (internal proof verification failed)
         • [ffi.cpp:113] address mismatch at cycle 17566: preflight=0x000800dc, actual=0x3fffc060
         • [kernels/cxx/ffi.cpp:208] SKIP THROW: memory peek not in preflight
       Local constraints hit (5 unique):
         - MemoryWrite@mem.zir:100
           cycle=17566, step=933, pc=0x002031E8, major=3, minor=2
         - MemoryWrite@mem.zir:99
           cycle=17566, step=933, pc=0x002031E8, major=3, minor=2
         - VerifyOpcodeF3F7@inst.zir:102
           cycle=17566, step=933, pc=0x002031E8, major=3, minor=2
         - VerifyOpcodeF3F7@inst.zir:103
           cycle=17566, step=933, pc=0x002031E8, major=3, minor=2
         - VerifyOpcodeF3F7@inst.zir:104
           cycle=17566, step=933, pc=0x002031E8, major=3, minor=2
       Global: memory permutation violated
         0x00200370 (data): unexpected write 0x80000007 (cycle 34976)
         0xFFFF0180 (data): expected write missing, needed 0x80000007 (cycle 34976)
       Global: cycle lookup violated (3 indices broken)
         index 0: 2254 provides, 1 uses (imbalanced)
         index 155: 17 provides, 1 uses (imbalanced)
         index 156: 4 provides, 1 uses (imbalanced)
  [164] ✓ INSTR_TYPE_MOD @ step 753: 3 failures, 2932ms, outcome: REJECTED, exit: 101 [proof:GENERATED] G=memory
       r=0.102  T_new=0.00 F_new=0.63 F_rare=1.00 U=0 Q=0.26 Q_l=0.37 Q_g=0.72 dl=3 dg=2
       Value: 0x00000007 -> 0x00010007
       Original: AddI [major=0, minor=7]
       Mutated:  Blt [major=1, minor=7]
       zkVM errors (3 lines):
         • [prover_impl.rs:280] verify segment (internal proof verification failed)
         • [ffi.cpp:113] address mismatch at cycle 17368: preflight=0x3fffc011, actual=0x3fffc040
         • [kernels/cxx/ffi.cpp:208] SKIP THROW: memory peek not in preflight
       Local constraints hit (3 unique):
         - MemoryWrite@mem.zir:99
           cycle=17368, step=753, pc=0xC0000138, major=1, minor=7
         - VerifyOpcodeF3@inst.zir:96
           cycle=17368, step=753, pc=0xC0000138, major=1, minor=7
         - VerifyOpcodeF3@inst.zir:97
           cycle=17368, step=753, pc=0xC0000138, major=1, minor=7
       Global: memory permutation violated
         0xFFFF0044 (data): unexpected write 0x00000001 (cycle 34594)
         0xFFFF0100 (data): expected write missing, needed 0x00000001 (cycle 34594)
  [165] ✓ INSTR_TYPE_MOD @ step 2993: 3 failures, 2926ms, outcome: REJECTED, exit: 101 [proof:GENERATED]
       r=0.063  T_new=0.00 F_new=0.00 F_rare=0.71 U=0 Q=0.37 Q_l=0.37 Q_g=1.00 dl=3 dg=0
       Value: 0x00000007 -> 0x00000000
       Original: AddI [major=0, minor=7]
       Mutated:  Add [major=0, minor=0]
       zkVM errors (1 lines):
         • [prover_impl.rs:280] verify segment (internal proof verification failed)
       Local constraints hit (3 unique):
         - MemoryWrite@mem.zir:100
           cycle=19721, step=2993, pc=0x00205E2C, major=0, minor=0
         - MemoryWrite@mem.zir:99
           cycle=19721, step=2993, pc=0x00205E2C, major=0, minor=0
         - VerifyOpcodeF3F7@inst.zir:102
           cycle=19721, step=2993, pc=0x00205E2C, major=0, minor=0
       Global: no permutation/lookup violations (local-only)
  [166] ✓ INSTR_TYPE_MOD @ step 3364: 3 failures, 2916ms, outcome: REJECTED, exit: 101 [proof:GENERATED]
       r=0.143  T_new=0.00 F_new=0.63 F_rare=1.00 U=0 Q=0.37 Q_l=0.37 Q_g=1.00 dl=3 dg=0
       Value: 0x00000000 -> 0x00010001
       Original: Add [major=0, minor=0]
       Mutated:  OrI [major=1, minor=1]
       zkVM errors (1 lines):
         • [prover_impl.rs:280] verify segment (internal proof verification failed)
       Local constraints hit (3 unique):
         - MemoryWrite@mem.zir:99
           cycle=20166, step=3364, pc=0x00204C6C, major=1, minor=1
         - VerifyOpcodeF3@inst.zir:96
           cycle=20166, step=3364, pc=0x00204C6C, major=1, minor=1
         - VerifyOpcodeF3@inst.zir:97
           cycle=20166, step=3364, pc=0x00204C6C, major=1, minor=1
       Global: no permutation/lookup violations (local-only)
  [167] ✓ INSTR_TYPE_MOD @ step 945: 14 failures, 3022ms, outcome: REJECTED, exit: 101 [proof:GENERATED] [+32 touch] G=memory
       r=0.005  T_new=0.60 F_new=1.00 F_rare=1.00 U=0 Q=0.01 Q_l=0.04 Q_g=0.19 dl=10 dg=10
       Value: 0x00010005 -> 0x0001000A
       Original: Beq [major=1, minor=5]
       Mutated:  BgeU [major=1, minor=10] ⚠INVALID
       zkVM errors (3 lines):
         • [prover_impl.rs:280] verify segment (internal proof verification failed)
         • [ffi.cpp:113] address mismatch at cycle 17579: preflight=0x00080292, actual=0x00000000
         • [kernels/cxx/buffers.h:43] SKIP THROW: Inconsistent set
       Local constraints hit (5 unique):
         - AddrDecompose@u32.zir:67 (x8)
           cycle=17579, step=946, pc=0x00200A4C, major=6, minor=2
         - MemoryWrite@mem.zir:100 (x2)
           cycle=17585, step=952, pc=0x00200A64, major=2, minor=6
         - MemoryWrite@mem.zir:99 (x2)
           cycle=17585, step=952, pc=0x00200A64, major=2, minor=6
         - OneHot@one_hot.zir:11
           cycle=17578, step=945, pc=0x00200A48, major=1, minor=10
         - OneHot@one_hot.zir:9
           cycle=17578, step=945, pc=0x00200A48, major=1, minor=10
       Global: memory permutation violated (16 addrs: 8 code, 8 data)
         0x00000000 (data): expected write missing, needed 0x00012423 (cycle 5166)
         0x00000004 (data): expected write missing, needed 0x00012623 (cycle 5166)
         0x00000008 (data): expected write missing, needed 0x01010513 (cycle 5166)
         + 8 code addresses diverged (instruction fetch cascade)
         + 5 more addresses
  [168] ✓ INSTR_TYPE_MOD @ step 2526: 1 failures, 2918ms, outcome: REJECTED, exit: 101 [proof:GENERATED]
       r=0.238  T_new=0.00 F_new=0.39 F_rare=1.00 U=0 Q=0.72 Q_l=0.72 Q_g=1.00 dl=1 dg=0
       Value: 0x00050003 -> 0x00050000
       Original: LbU [major=5, minor=3]
       Mutated:  Lb [major=5, minor=0]
       zkVM errors (1 lines):
         • [prover_impl.rs:280] verify segment (internal proof verification failed)
       Local constraints hit (1 unique):
         - VerifyOpcodeF3@inst.zir:97
           cycle=19254, step=2526, pc=0x00201464, major=5, minor=0
       Global: no permutation/lookup violations (local-only)
  [169] ✓ INSTR_TYPE_MOD @ step 1492: 4 failures, 2964ms, outcome: REJECTED, exit: 101 [proof:GENERATED] G=memory
       r=0.073  T_new=0.00 F_new=0.63 F_rare=1.00 U=0 Q=0.19 Q_l=0.26 Q_g=0.72 dl=4 dg=2
       Value: 0x00000007 -> 0x00010007
       Original: AddI [major=0, minor=7]
       Mutated:  Blt [major=1, minor=7]
       zkVM errors (3 lines):
         • [prover_impl.rs:280] verify segment (internal proof verification failed)
         • [ffi.cpp:113] address mismatch at cycle 18136: preflight=0x3fffc02b, actual=0x3fffc060
         • [kernels/cxx/ffi.cpp:208] SKIP THROW: memory peek not in preflight
       Local constraints hit (4 unique):
         - MemoryWrite@mem.zir:100
           cycle=18136, step=1492, pc=0x002184CC, major=1, minor=7
         - MemoryWrite@mem.zir:99
           cycle=18136, step=1492, pc=0x002184CC, major=1, minor=7
         - VerifyOpcodeF3@inst.zir:96
           cycle=18136, step=1492, pc=0x002184CC, major=1, minor=7
         - VerifyOpcodeF3@inst.zir:97
           cycle=18136, step=1492, pc=0x002184CC, major=1, minor=7
       Global: memory permutation violated
         x11/a1: unexpected write 0x00219e89 (cycle 36272)
         0xFFFF0180 (data): expected write missing, needed 0x00219e89 (cycle 36272)
  [170] ✓ INSTR_TYPE_MOD @ step 2451: 1 failures, 2911ms, outcome: REJECTED, exit: 101 [proof:GENERATED]
       r=0.088  T_new=0.00 F_new=0.00 F_rare=0.50 U=0 Q=0.72 Q_l=0.72 Q_g=1.00 dl=1 dg=0
       Value: 0x00020001 -> 0x00010006
       Original: BltU [major=2, minor=1]
       Mutated:  Bne [major=1, minor=6]
       zkVM errors (1 lines):
         • [prover_impl.rs:280] verify segment (internal proof verification failed)
       Local constraints hit (1 unique):
         - VerifyOpcodeF3@inst.zir:97
           cycle=19105, step=2451, pc=0x00205DFC, major=1, minor=6
       Global: no permutation/lookup violations (local-only)
  [171] ✓ MEM_VAL_MOD @ step 3929: 0 failures, 2951ms, outcome: REJECTED, exit: 101 [proof:GENERATED] G=memory[GO]
       r=0.281  T_new=0.00 F_new=0.39 F_rare=1.00 U=0 Q=0.85 Q_l=1.00 Q_g=0.85 dl=0 dg=1
       Value: 0x00000000 -> 0x20000000
       Transaction: other_mem_read (READ) at address 0x002215ac
       zkVM errors (2 lines):
         • [prover_impl.rs:280] verify segment (internal proof verification failed)
         • [kernels/cxx/buffers.h:43] SKIP THROW: Inconsistent set
       Global: memory permutation violated [GLOBAL-ONLY]
         0x002215AC (code): wrote 0x20000000, expected 0x00000000 (cycle 43318)
  [172] ✓ INSTR_TYPE_MOD @ step 3265: 2 failures, 2946ms, outcome: REJECTED, exit: 101 [proof:GENERATED] G=memory
       r=0.157  T_new=0.00 F_new=0.63 F_rare=1.00 U=0 Q=0.37 Q_l=0.51 Q_g=0.72 dl=2 dg=2
       Value: 0x00020001 -> 0x00030004
       Original: BltU [major=2, minor=1]
       Mutated:  MulHSU [major=3, minor=4]
       zkVM errors (3 lines):
         • [prover_impl.rs:280] verify segment (internal proof verification failed)
         • [ffi.cpp:113] address mismatch at cycle 20067: preflight=0x3fffc060, actual=0x3fffc038
         • [kernels/cxx/ffi.cpp:208] SKIP THROW: memory peek not in preflight
       Local constraints hit (2 unique):
         - VerifyOpcodeF3F7@inst.zir:102
           cycle=20067, step=3265, pc=0x00203414, major=3, minor=4
         - VerifyOpcodeF3F7@inst.zir:103
           cycle=20067, step=3265, pc=0x00203414, major=3, minor=4
       Global: memory permutation violated
         x24/s8: expected write missing, needed 0x00000000 (cycle 40131)
         0xFFFF0180 (data): unexpected write 0x00000000 (cycle 40131)
  [173] ✓ INSTR_TYPE_MOD @ step 606: 3 failures, 2918ms, outcome: REJECTED, exit: 101 [proof:GENERATED]
       r=0.057  T_new=0.00 F_new=0.00 F_rare=0.64 U=0 Q=0.37 Q_l=0.37 Q_g=1.00 dl=3 dg=0
       Value: 0x00000007 -> 0x00000001
       Original: AddI [major=0, minor=7]
       Mutated:  Sub [major=0, minor=1]
       zkVM errors (1 lines):
         • [prover_impl.rs:280] verify segment (internal proof verification failed)
       Local constraints hit (3 unique):
         - MemoryWrite@mem.zir:99
           cycle=17212, step=606, pc=0xC000015C, major=0, minor=1
         - VerifyOpcodeF3F7@inst.zir:102
           cycle=17212, step=606, pc=0xC000015C, major=0, minor=1
         - VerifyOpcodeF3F7@inst.zir:104
           cycle=17212, step=606, pc=0xC000015C, major=0, minor=1
       Global: no permutation/lookup violations (local-only)
  [174] ✓ INSTR_WORD_MOD_FULL @ step 2381: 0 failures, 2956ms, outcome: REJECTED, exit: 101 [proof:GENERATED] G=memory[GO]
       r=0.236  T_new=0.00 F_new=0.63 F_rare=1.00 U=0 Q=0.61 Q_l=1.00 Q_g=0.61 dl=0 dg=3
       Value: 0x00B6A223 -> 0x00F6A223
       Original: SW x11, 4(x13)
       Mutated:  SW x15, 4(x13)
       zkVM errors (3 lines):
         • [prover_impl.rs:280] verify segment (internal proof verification failed)
         • [ffi.cpp:113] address mismatch at cycle 19035: preflight=0x3fffc02b, actual=0x3fffc02f
         • [kernels/cxx/ffi.cpp:208] SKIP THROW: memory peek not in preflight
       Global: memory permutation violated [GLOBAL-ONLY]
         x11/a1: unexpected write 0x00000000 (cycle 38068)
         x15/a5: expected write missing, needed 0x00000000 (cycle 38068)
         0x002032C8 (code): wrote 0x00b6a223, expected 0x00f6a223 (cycle 33348)
  [175] ✓ INSTR_TYPE_MOD @ step 2469: 13 failures, 2936ms, outcome: REJECTED, exit: 101 [proof:GENERATED] [+32 touch] G=memory
       r=0.003  T_new=0.60 F_new=1.00 F_rare=1.00 U=0 Q=0.00 Q_l=0.03 Q_g=0.19 dl=11 dg=10
       Value: 0x00000007 -> 0x0000000F
       Original: AddI [major=0, minor=7]
       Mutated:  Blt [major=0, minor=15] ⚠INVALID
       zkVM errors (3 lines):
         • [prover_impl.rs:280] verify segment (internal proof verification failed)
         • [ffi.cpp:113] address mismatch at cycle 19123: preflight=0x3fffc033, actual=0x3fffc060
         • [kernels/cxx/ffi.cpp:208] SKIP THROW: memory peek not in preflight
       Local constraints hit (5 unique):
         - AddrDecompose@u32.zir:67 (x5)
           cycle=19124, step=2470, pc=0x002055B0, major=0, minor=7
         - MemoryWrite@mem.zir:100 (x3)
           cycle=19123, step=2469, pc=0x002055AC, major=0, minor=15
         - MemoryWrite@mem.zir:99 (x3)
           cycle=19123, step=2469, pc=0x002055AC, major=0, minor=15
         - OneHot@one_hot.zir:11
           cycle=19123, step=2469, pc=0x002055AC, major=0, minor=15
         - OneHot@one_hot.zir:9
           cycle=19123, step=2469, pc=0x002055AC, major=0, minor=15
       Global: memory permutation violated (12 addrs: 1 register, 5 code, 6 data)
         0x00000000 (data): expected write missing, needed 0x00090593 (cycle 16014)
         0x00000004 (data): expected write missing, needed 0x00048613 (cycle 16014)
         0x00000008 (data): expected write missing, needed 0x00040693 (cycle 16014)
         + 5 code addresses diverged (instruction fetch cascade)
         + 4 more addresses
  [176] ✓ INSTR_TYPE_MOD @ step 815: 5 failures, 2904ms, outcome: REJECTED, exit: 101 [proof:GENERATED] [+48 touch]
       r=0.130  T_new=0.75 F_new=0.92 F_rare=1.00 U=0 Q=0.19 Q_l=0.19 Q_g=1.00 dl=5 dg=0
       Value: 0x00000007 -> 0x00040006
       Original: AddI [major=0, minor=7]
       Mutated:  Rem [major=4, minor=6]
       zkVM errors (1 lines):
         • [prover_impl.rs:280] verify segment (internal proof verification failed)
       Local constraints hit (5 unique):
         - MemoryWrite@mem.zir:100
           cycle=17436, step=815, pc=0x00206150, major=4, minor=6
         - MemoryWrite@mem.zir:99
           cycle=17436, step=815, pc=0x00206150, major=4, minor=6
         - VerifyOpcodeF3F7@inst.zir:102
           cycle=17436, step=815, pc=0x00206150, major=4, minor=6
         - VerifyOpcodeF3F7@inst.zir:103
           cycle=17436, step=815, pc=0x00206150, major=4, minor=6
         - VerifyOpcodeF3F7@inst.zir:104
           cycle=17436, step=815, pc=0x00206150, major=4, minor=6
       Global: no permutation/lookup violations (local-only)
  [177] ✓ INSTR_TYPE_MOD @ step 2183: 1 failures, 2891ms, outcome: REJECTED, exit: 101 [proof:GENERATED]
       r=0.122  T_new=0.00 F_new=0.00 F_rare=0.71 U=0 Q=0.72 Q_l=0.72 Q_g=1.00 dl=1 dg=0
       Value: 0x00050002 -> 0x00050000
       Original: Lw [major=5, minor=2]
       Mutated:  Lb [major=5, minor=0]
       zkVM errors (1 lines):
         • [prover_impl.rs:280] verify segment (internal proof verification failed)
       Local constraints hit (1 unique):
         - VerifyOpcodeF3@inst.zir:97
           cycle=18837, step=2183, pc=0x00204194, major=5, minor=0
       Global: no permutation/lookup violations (local-only)
  [178] ✓ INSTR_TYPE_MOD @ step 3651: 2 failures, 2934ms, outcome: REJECTED, exit: 101 [proof:GENERATED]
       r=0.067  T_new=0.00 F_new=0.00 F_rare=0.54 U=0 Q=0.51 Q_l=0.51 Q_g=1.00 dl=2 dg=0
       Value: 0x00000007 -> 0x00030001
       Original: AddI [major=0, minor=7]
       Mutated:  SllI [major=3, minor=1]
       zkVM errors (1 lines):
         • [prover_impl.rs:280] verify segment (internal proof verification failed)
       Local constraints hit (2 unique):
         - MemoryWrite@mem.zir:99
           cycle=20527, step=3651, pc=0x00203418, major=3, minor=1
         - VerifyOpcodeF3F7@inst.zir:103
           cycle=20527, step=3651, pc=0x00203418, major=3, minor=1
       Global: no permutation/lookup violations (local-only)
  [179] ✓ INSTR_TYPE_MOD @ step 732: 2 failures, 2889ms, outcome: REJECTED, exit: 101 [proof:GENERATED]
       r=0.059  T_new=0.00 F_new=0.00 F_rare=0.47 U=0 Q=0.51 Q_l=0.51 Q_g=1.00 dl=2 dg=0
       Value: 0x00000007 -> 0x00000003
       Original: AddI [major=0, minor=7]
       Mutated:  Or [major=0, minor=3]
       zkVM errors (1 lines):
         • [prover_impl.rs:280] verify segment (internal proof verification failed)
       Local constraints hit (2 unique):
         - VerifyOpcodeF3F7@inst.zir:102
           cycle=17347, step=732, pc=0x0020613C, major=0, minor=3
         - VerifyOpcodeF3F7@inst.zir:103
           cycle=17347, step=732, pc=0x0020613C, major=0, minor=3
       Global: no permutation/lookup violations (local-only)
  [180] ✓ INSTR_TYPE_MOD @ step 2368: 1 failures, 2897ms, outcome: REJECTED, exit: 101 [proof:GENERATED]
       r=0.094  T_new=0.00 F_new=0.00 F_rare=0.45 U=0 Q=0.72 Q_l=0.72 Q_g=1.00 dl=1 dg=0
       Value: 0x00060002 -> 0x00060001
       Original: Sw [major=6, minor=2]
       Mutated:  Sh [major=6, minor=1]
       zkVM errors (1 lines):
         • [prover_impl.rs:280] verify segment (internal proof verification failed)
       Local constraints hit (1 unique):
         - VerifyOpcodeF3@inst.zir:97
           cycle=19022, step=2368, pc=0x00203298, major=6, minor=1
       Global: no permutation/lookup violations (local-only)
  [181] ✓ PRE_EXEC_REG_MOD @ step 3526: 4 failures, 2935ms, outcome: REJECTED, exit: 101 [proof:GENERATED] G=memory
       r=0.061  T_new=0.00 F_new=0.39 F_rare=0.75 U=0 Q=0.22 Q_l=0.26 Q_g=0.85 dl=4 dg=1
       Value: 0x00000000 -> 0x9B8F97A8
       Register: x0 (zero), READ, strategy=next_read
       zkVM errors (1 lines):
         • [prover_impl.rs:280] verify segment (internal proof verification failed)
       Local constraints hit (4 unique):
         - IsRead@mem.zir:79
           cycle=20328, step=3526, pc=0x002061D8, major=0, minor=7
         - IsRead@mem.zir:80
           cycle=20328, step=3526, pc=0x002061D8, major=0, minor=7
         - MemoryWrite@mem.zir:100
           cycle=20328, step=3526, pc=0x002061D8, major=0, minor=7
         - MemoryWrite@mem.zir:99
           cycle=20328, step=3526, pc=0x002061D8, major=0, minor=7
       Global: memory permutation violated
         x0/zero: wrote 0x9b8f97a8, expected 0x00000000 (cycle 40656)
  [182] ✓ INSTR_TYPE_MOD @ step 1291: 6 failures, 2997ms, outcome: REJECTED, exit: 101 [proof:GENERATED] [+1 new] G=memory|cycle
       r=0.027  T_new=0.00 F_new=0.86 F_rare=1.00 U=0 Q=0.06 Q_l=0.14 Q_g=0.43 dl=6 dg=5
       Value: 0x00000007 -> 0x00060001
       Original: AddI [major=0, minor=7]
       Mutated:  Sh [major=6, minor=1]
       zkVM errors (3 lines):
         • [prover_impl.rs:280] verify segment (internal proof verification failed)
         • [ffi.cpp:113] address mismatch at cycle 17935: preflight=0x3fffc02d, actual=0x000800c8
         • [kernels/cxx/ffi.cpp:208] SKIP THROW: memory peek not in preflight
       Local constraints hit (6 unique):
         - IsRead@mem.zir:79
           cycle=17935, step=1291, pc=0x00203444, major=6, minor=1
         - MemoryWrite@mem.zir:100
           cycle=17935, step=1291, pc=0x00203444, major=6, minor=1
         - MemoryWrite@mem.zir:99
           cycle=17935, step=1291, pc=0x00203444, major=6, minor=1
         - OpSH@inst_mem.zir:148
           cycle=17935, step=1291, pc=0x00203444, major=6, minor=1
         - VerifyOpcodeF3@inst.zir:96
           cycle=17935, step=1291, pc=0x00203444, major=6, minor=1
         - VerifyOpcodeF3@inst.zir:97
           cycle=17935, step=1291, pc=0x00203444, major=6, minor=1
       Global: memory permutation violated
         0x00200320 (data): expected write missing, needed 0xfcc5eae3 (cycle 35848)
         x13/a3: unexpected write 0x00200314 (cycle 35870)
       Global: cycle lookup violated (3 indices broken)
         index 0: 2254 provides, 1 uses (imbalanced)
         index 22: 86 provides, 1 uses (imbalanced)
         index 2013265920: orphan provide (1 entries, no matching use)
  [183] ✓ INSTR_TYPE_MOD @ step 2133: 4 failures, 2953ms, outcome: REJECTED, exit: 101 [proof:GENERATED]
       r=0.039  T_new=0.00 F_new=0.00 F_rare=0.50 U=0 Q=0.26 Q_l=0.26 Q_g=1.00 dl=4 dg=0
       Value: 0x00020001 -> 0x00040003
       Original: BltU [major=2, minor=1]
       Mutated:  SraI [major=4, minor=3]
       zkVM errors (1 lines):
         • [prover_impl.rs:280] verify segment (internal proof verification failed)
       Local constraints hit (4 unique):
         - MemoryWrite@mem.zir:99
           cycle=18787, step=2133, pc=0x00205E24, major=4, minor=3
         - VerifyOpcodeF3F7@inst.zir:102
           cycle=18787, step=2133, pc=0x00205E24, major=4, minor=3
         - VerifyOpcodeF3F7@inst.zir:103
           cycle=18787, step=2133, pc=0x00205E24, major=4, minor=3
         - VerifyOpcodeF3F7@inst.zir:104
           cycle=18787, step=2133, pc=0x00205E24, major=4, minor=3
       Global: no permutation/lookup violations (local-only)
  [184] ✓ COMP_OUT_MOD @ step 3717: 2 failures, 2926ms, outcome: REJECTED, exit: 101 [proof:GENERATED] G=memory
       r=0.129  T_new=0.00 F_new=0.39 F_rare=0.85 U=0 Q=0.43 Q_l=0.51 Q_g=0.85 dl=2 dg=1
       Value: 0xFFDDE9CD -> 0x3A4A7F0E
       Destination: rd = x13 (a3)
       zkVM errors (1 lines):
         • [prover_impl.rs:280] verify segment (internal proof verification failed)
       Local constraints hit (2 unique):
         - MemoryWrite@mem.zir:100
           cycle=20593, step=3717, pc=0x00203240, major=0, minor=1
         - MemoryWrite@mem.zir:99
           cycle=20593, step=3717, pc=0x00203240, major=0, minor=1
       Global: memory permutation violated
         x13/a3: wrote 0x3a4a7f0e, expected 0xffdde9cd (cycle 41187)
  [185] ✓ INSTR_TYPE_MOD @ step 407: 4 failures, 3026ms, outcome: REJECTED, exit: 101 [proof:GENERATED] G=memory|cycle
       r=0.044  T_new=0.00 F_new=0.63 F_rare=1.00 U=0 Q=0.11 Q_l=0.26 Q_g=0.43 dl=4 dg=5
       Value: 0x00060002 -> 0x00010000
       Original: Sw [major=6, minor=2]
       Mutated:  XorI [major=1, minor=0]
       zkVM errors (3 lines):
         • [prover_impl.rs:280] verify segment (internal proof verification failed)
         • [ffi.cpp:113] address mismatch at cycle 16998: preflight=0x000800d6, actual=0x3fffc028
         • [kernels/cxx/ffi.cpp:208] SKIP THROW: memory peek not in preflight
       Local constraints hit (4 unique):
         - MemoryWrite@mem.zir:100
           cycle=16998, step=407, pc=0x00203194, major=1, minor=0
         - MemoryWrite@mem.zir:99
           cycle=16998, step=407, pc=0x00203194, major=1, minor=0
         - VerifyOpcodeF3@inst.zir:96
           cycle=16998, step=407, pc=0x00203194, major=1, minor=0
         - VerifyOpcodeF3@inst.zir:97
           cycle=16998, step=407, pc=0x00203194, major=1, minor=0
       Global: memory permutation violated
         0x00200358 (data): unexpected write 0x00000001 (cycle 33958)
         x8/s0: expected write missing, needed 0x00000001 (cycle 33958)
       Global: cycle lookup violated (3 indices broken)
         index 0: 2254 provides, 1 uses (imbalanced)
         index 37: 38 provides, 1 uses (imbalanced)
         index 38: 16 provides, 1 uses (imbalanced)
  [186] ✓ MEM_VAL_MOD @ step 3409: 2 failures, 2933ms, outcome: REJECTED, exit: 101 [proof:GENERATED] G=memory
       r=0.123  T_new=0.00 F_new=0.39 F_rare=0.79 U=0 Q=0.43 Q_l=0.51 Q_g=0.85 dl=2 dg=1
       Value: 0x00000000 -> 0x01000000
       Transaction: load_mem_read (READ) at address 0x002002b0
       zkVM errors (1 lines):
         • [prover_impl.rs:280] verify segment (internal proof verification failed)
       Local constraints hit (2 unique):
         - IsRead@mem.zir:80
           cycle=20211, step=3409, pc=0x00203420, major=5, minor=2
         - MemoryWrite@mem.zir:100
           cycle=20211, step=3409, pc=0x00203420, major=5, minor=2
       Global: memory permutation violated
         0x002002B0 (data): wrote 0x01000000, expected 0x00000000 (cycle 40422)
  [187] ✓ INSTR_TYPE_MOD @ step 1429: 3 failures, 2929ms, outcome: REJECTED, exit: 101 [proof:GENERATED]
       r=0.052  T_new=0.00 F_new=0.00 F_rare=0.58 U=0 Q=0.37 Q_l=0.37 Q_g=1.00 dl=3 dg=0
       Value: 0x00000007 -> 0x00020005
       Original: AddI [major=0, minor=7]
       Mutated:  Lui [major=2, minor=5]
       zkVM errors (1 lines):
         • [prover_impl.rs:280] verify segment (internal proof verification failed)
       Local constraints hit (3 unique):
         - MemoryWrite@mem.zir:100
           cycle=18073, step=1429, pc=0x002184CC, major=2, minor=5
         - MemoryWrite@mem.zir:99
           cycle=18073, step=1429, pc=0x002184CC, major=2, minor=5
         - VerifyOpcode@inst.zir:91
           cycle=18073, step=1429, pc=0x002184CC, major=2, minor=5
       Global: no permutation/lookup violations (local-only)
  [188] ✓ INSTR_TYPE_MOD @ step 3175: 4 failures, 2943ms, outcome: REJECTED, exit: 101 [proof:GENERATED] [+2 touch] G=memory
       r=0.091  T_new=0.06 F_new=0.95 F_rare=1.00 U=0 Q=0.19 Q_l=0.26 Q_g=0.72 dl=4 dg=2
       Value: 0x00020006 -> 0x00020001
       Original: Auipc [major=2, minor=6]
       Mutated:  BltU [major=2, minor=1]
       zkVM errors (3 lines):
         • [prover_impl.rs:280] verify segment (internal proof verification failed)
         • [ffi.cpp:113] address mismatch at cycle 19977: preflight=0x3fffc026, actual=0x3fffc060
         • [kernels/cxx/ffi.cpp:208] SKIP THROW: memory peek not in preflight
       Local constraints hit (4 unique):
         - MemoryWrite@mem.zir:100
           cycle=19977, step=3175, pc=0x0020584C, major=2, minor=1
         - MemoryWrite@mem.zir:99
           cycle=19977, step=3175, pc=0x0020584C, major=2, minor=1
         - VerifyOpcodeF3@inst.zir:96
           cycle=19977, step=3175, pc=0x0020584C, major=2, minor=1
         - VerifyOpcodeF3@inst.zir:97
           cycle=19977, step=3175, pc=0x0020584C, major=2, minor=1
       Global: memory permutation violated
         x6/t1: unexpected write 0x17e32f5a (cycle 38946)
         0xFFFF0180 (data): expected write missing, needed 0x17e32f5a (cycle 38946)
  [189] ✓ INSTR_TYPE_MOD @ step 2010: 3 failures, 2915ms, outcome: REJECTED, exit: 101 [proof:GENERATED]
       r=0.104  T_new=0.00 F_new=0.39 F_rare=0.79 U=0 Q=0.37 Q_l=0.37 Q_g=1.00 dl=3 dg=0
       Value: 0x00000007 -> 0x00000000
       Original: AddI [major=0, minor=7]
       Mutated:  Add [major=0, minor=0]
       zkVM errors (1 lines):
         • [prover_impl.rs:280] verify segment (internal proof verification failed)
       Local constraints hit (3 unique):
         - MemoryWrite@mem.zir:99
           cycle=18659, step=2010, pc=0x002184D0, major=0, minor=0
         - VerifyOpcodeF3F7@inst.zir:102
           cycle=18659, step=2010, pc=0x002184D0, major=0, minor=0
         - VerifyOpcodeF3F7@inst.zir:104
           cycle=18659, step=2010, pc=0x002184D0, major=0, minor=0
       Global: no permutation/lookup violations (local-only)
  [190] ✓ INSTR_TYPE_MOD @ step 1389: 4 failures, 2930ms, outcome: REJECTED, exit: 101 [proof:GENERATED]
       r=0.037  T_new=0.00 F_new=0.00 F_rare=0.58 U=0 Q=0.26 Q_l=0.26 Q_g=1.00 dl=4 dg=0
       Value: 0x00000007 -> 0x00000002
       Original: AddI [major=0, minor=7]
       Mutated:  Xor [major=0, minor=2]
       zkVM errors (1 lines):
         • [prover_impl.rs:280] verify segment (internal proof verification failed)
       Local constraints hit (4 unique):
         - MemoryWrite@mem.zir:100
           cycle=18033, step=1389, pc=0x002184D4, major=0, minor=2
         - MemoryWrite@mem.zir:99
           cycle=18033, step=1389, pc=0x002184D4, major=0, minor=2
         - VerifyOpcodeF3F7@inst.zir:102
           cycle=18033, step=1389, pc=0x002184D4, major=0, minor=2
         - VerifyOpcodeF3F7@inst.zir:103
           cycle=18033, step=1389, pc=0x002184D4, major=0, minor=2
       Global: no permutation/lookup violations (local-only)
  [191] ✓ INSTR_TYPE_MOD @ step 1230: 3 failures, 2923ms, outcome: REJECTED, exit: 101 [proof:GENERATED] G=memory
       r=0.120  T_new=0.00 F_new=0.92 F_rare=1.00 U=0 Q=0.26 Q_l=0.37 Q_g=0.72 dl=3 dg=2
       Value: 0x00000007 -> 0x00050000
       Original: AddI [major=0, minor=7]
       Mutated:  Lb [major=5, minor=0]
       zkVM errors (3 lines):
         • [prover_impl.rs:280] verify segment (internal proof verification failed)
         • [ffi.cpp:113] address mismatch at cycle 17874: preflight=0x3fffc021, actual=0x00000000
         • [kernels/cxx/ffi.cpp:208] SKIP THROW: memory peek not in preflight
       Local constraints hit (3 unique):
         - AddrDecomposeBits@u32.zir:87
           cycle=17874, step=1230, pc=0x00203F88, major=5, minor=0
         - MemoryWrite@mem.zir:99
           cycle=17874, step=1230, pc=0x00203F88, major=5, minor=0
         - VerifyOpcodeF3@inst.zir:96
           cycle=17874, step=1230, pc=0x00203F88, major=5, minor=0
       Global: memory permutation violated
         0x00000000 (data): expected write missing, needed 0x00203f84 (cycle 35746)
         x1/ra: unexpected write 0x00203f84 (cycle 35746)
  [192] ✓ INSTR_TYPE_MOD @ step 2140: 6 failures, 2973ms, outcome: REJECTED, exit: 101 [proof:GENERATED] G=memory
       r=0.013  T_new=0.00 F_new=1.00 F_rare=1.00 U=0 Q=0.03 Q_l=0.14 Q_g=0.19 dl=6 dg=10
       Value: 0x00020004 -> 0x00030004
       Original: JalR [major=2, minor=4]
       Mutated:  MulHSU [major=3, minor=4]
       zkVM errors (3 lines):
         • [prover_impl.rs:280] verify segment (internal proof verification failed)
         • [ffi.cpp:113] address mismatch at cycle 18795: preflight=0x0008094d, actual=0x00081790
         • [kernels/cxx/buffers.h:43] SKIP THROW: Inconsistent set
       Local constraints hit (5 unique):
         - MemoryWrite@mem.zir:100
           cycle=18794, step=2140, pc=0x00202534, major=3, minor=4
         - MemoryWrite@mem.zir:99 (x2)
           cycle=18794, step=2140, pc=0x00202534, major=3, minor=4
         - VerifyOpcodeF3F7@inst.zir:102
           cycle=18794, step=2140, pc=0x00202534, major=3, minor=4
         - VerifyOpcodeF3F7@inst.zir:103
           cycle=18794, step=2140, pc=0x00202534, major=3, minor=4
         - VerifyOpcodeF3F7@inst.zir:104
           cycle=18794, step=2140, pc=0x00202534, major=3, minor=4
       Global: memory permutation violated (48 addrs: 48 code)
         + 48 code addresses diverged (instruction fetch cascade)
  [193] ✓ INSTR_TYPE_MOD @ step 2587: 5 failures, 2990ms, outcome: REJECTED, exit: 101 [proof:GENERATED] G=memory|cycle
       r=0.035  T_new=0.00 F_new=0.78 F_rare=1.00 U=0 Q=0.08 Q_l=0.19 Q_g=0.43 dl=5 dg=5
       Value: 0x00000003 -> 0x00060000
       Original: Or [major=0, minor=3]
       Mutated:  Sb [major=6, minor=0]
       zkVM errors (3 lines):
         • [prover_impl.rs:280] verify segment (internal proof verification failed)
         • [ffi.cpp:113] address mismatch at cycle 19315: preflight=0x3fffc02c, actual=0x2f000003
         • [kernels/cxx/ffi.cpp:208] SKIP THROW: memory peek not in preflight
       Local constraints hit (5 unique):
         - IsRead@mem.zir:80
           cycle=19315, step=2587, pc=0x00201558, major=6, minor=0
         - MemoryWrite@mem.zir:100
           cycle=19315, step=2587, pc=0x00201558, major=6, minor=0
         - MemoryWrite@mem.zir:99
           cycle=19315, step=2587, pc=0x00201558, major=6, minor=0
         - VerifyOpcodeF3@inst.zir:96
           cycle=19315, step=2587, pc=0x00201558, major=6, minor=0
         - VerifyOpcodeF3@inst.zir:97
           cycle=19315, step=2587, pc=0x00201558, major=6, minor=0
       Global: memory permutation violated
         0xBC00000C (data): expected write missing, needed 0x00b665b3 (cycle 6938)
         x12/a2: unexpected write 0x00e10000 (cycle 38630)
       Global: cycle lookup violated (3 indices broken)
         index 0: 2254 provides, 1 uses (imbalanced)
         index 31692: 1 provides, 1 uses (imbalanced)
         index 2013265920: orphan provide (1 entries, no matching use)
  [194] ✓ INSTR_TYPE_MOD @ step 3539: 3 failures, 2936ms, outcome: REJECTED, exit: 101 [proof:GENERATED] G=memory
       r=0.112  T_new=0.00 F_new=0.63 F_rare=1.00 U=0 Q=0.26 Q_l=0.37 Q_g=0.72 dl=3 dg=2
       Value: 0x00050002 -> 0x00030005
       Original: Lw [major=5, minor=2]
       Mutated:  MulHU [major=3, minor=5]
       zkVM errors (3 lines):
         • [prover_impl.rs:280] verify segment (internal proof verification failed)
         • [ffi.cpp:113] address mismatch at cycle 20341: preflight=0x3fffc02b, actual=0x3fffc00c
         • [kernels/cxx/ffi.cpp:208] SKIP THROW: memory peek not in preflight
       Local constraints hit (3 unique):
         - MemoryWrite@mem.zir:99
           cycle=20341, step=3539, pc=0xC0000178, major=3, minor=5
         - VerifyOpcodeF3F7@inst.zir:102
           cycle=20341, step=3539, pc=0xC0000178, major=3, minor=5
         - VerifyOpcodeF3F7@inst.zir:103
           cycle=20341, step=3539, pc=0xC0000178, major=3, minor=5
       Global: memory permutation violated
         0xFFFF0030 (data): expected write missing, needed 0x00219e74 (cycle 40635)
         x11/a1: unexpected write 0x00219e74 (cycle 40635)
  [195] ✓ INSTR_TYPE_MOD @ step 3261: 2 failures, 2918ms, outcome: REJECTED, exit: 101 [proof:GENERATED]
       r=0.054  T_new=0.00 F_new=0.00 F_rare=0.43 U=0 Q=0.51 Q_l=0.51 Q_g=1.00 dl=2 dg=0
       Value: 0x00000007 -> 0x00000003
       Original: AddI [major=0, minor=7]
       Mutated:  Or [major=0, minor=3]
       zkVM errors (1 lines):
         • [prover_impl.rs:280] verify segment (internal proof verification failed)
       Local constraints hit (2 unique):
         - VerifyOpcodeF3F7@inst.zir:102
           cycle=20063, step=3261, pc=0x00203404, major=0, minor=3
         - VerifyOpcodeF3F7@inst.zir:103
           cycle=20063, step=3261, pc=0x00203404, major=0, minor=3
       Global: no permutation/lookup violations (local-only)
  [196] ✓ INSTR_TYPE_MOD @ step 399: 3 failures, 2905ms, outcome: REJECTED, exit: 101 [proof:GENERATED]
       r=0.044  T_new=0.00 F_new=0.00 F_rare=0.49 U=0 Q=0.37 Q_l=0.37 Q_g=1.00 dl=3 dg=0
       Value: 0x00000007 -> 0x00000003
       Original: AddI [major=0, minor=7]
       Mutated:  Or [major=0, minor=3]
       zkVM errors (1 lines):
         • [prover_impl.rs:280] verify segment (internal proof verification failed)
       Local constraints hit (3 unique):
         - MemoryWrite@mem.zir:99
           cycle=16990, step=399, pc=0x002008B0, major=0, minor=3
         - VerifyOpcodeF3F7@inst.zir:102
           cycle=16990, step=399, pc=0x002008B0, major=0, minor=3
         - VerifyOpcodeF3F7@inst.zir:103
           cycle=16990, step=399, pc=0x002008B0, major=0, minor=3
       Global: no permutation/lookup violations (local-only)
  [197] ✓ STORE_OUT_MOD @ step 1330: 2 failures, 2985ms, outcome: REJECTED, exit: 101 [proof:GENERATED] G=memory
       r=0.109  T_new=0.00 F_new=0.39 F_rare=0.66 U=0 Q=0.43 Q_l=0.51 Q_g=0.85 dl=2 dg=1
       Value: 0x0022133C -> 0xCBAD0737
       Store address: 0x002001b4
       zkVM errors (1 lines):
         • [prover_impl.rs:280] verify segment (internal proof verification failed)
       Local constraints hit (2 unique):
         - MemoryWrite@mem.zir:100
           cycle=17974, step=1330, pc=0x00202BDC, major=6, minor=2
         - MemoryWrite@mem.zir:99
           cycle=17974, step=1330, pc=0x00202BDC, major=6, minor=2
       Global: memory permutation violated
         0x002001B4 (data): wrote 0xcbad0737, expected 0x0022133c (cycle 35949)
  [198] 💥 INSTR_TYPE_MOD @ step 2271: 0 failures, 517ms, outcome: CRASH, exit: -11 [proof:NOT_GENERATED]
       r=0.000  T_new=0.00 F_new=0.00 F_rare=0.00 U=0 Q=0.00 Q_l=0.00 Q_g=1.00 dl=0 dg=0
       Value: 0x00020001 -> 0x00060000
       Original: BltU [major=2, minor=1]
       Mutated:  Sb [major=6, minor=0]
       No constraint failures (mutation may have been ineffective)
  [199] ✓ LOAD_VAL_MOD @ step 2305: 2 failures, 2935ms, outcome: REJECTED, exit: 101 [proof:GENERATED] G=memory
       r=0.113  T_new=0.00 F_new=0.39 F_rare=0.69 U=0 Q=0.43 Q_l=0.51 Q_g=0.85 dl=2 dg=1
       Value: 0x00000000 -> 0x3524BCB8
       Load destination: rd = x10 (a0)
       zkVM errors (1 lines):
         • [prover_impl.rs:280] verify segment (internal proof verification failed)
       Local constraints hit (2 unique):
         - MemoryWrite@mem.zir:100
           cycle=18959, step=2305, pc=0x002012A4, major=5, minor=2
         - MemoryWrite@mem.zir:99
           cycle=18959, step=2305, pc=0x002012A4, major=5, minor=2
       Global: memory permutation violated
         x10/a0: wrote 0x3524bcb8, expected 0x00000000 (cycle 37919)
  [200] ✓ PRE_EXEC_REG_MOD @ step 90: 2 failures, 2928ms, outcome: REJECTED, exit: 101 [proof:GENERATED] G=memory
       r=0.110  T_new=0.00 F_new=0.39 F_rare=0.67 U=0 Q=0.43 Q_l=0.51 Q_g=0.85 dl=2 dg=1
       Value: 0x00000000 -> 0x000000FF
       Register: x11 (a1), READ, strategy=next_read
       zkVM errors (1 lines):
         • [prover_impl.rs:280] verify segment (internal proof verification failed)
       Local constraints hit (2 unique):
         - IsRead@mem.zir:79
           cycle=16663, step=90, pc=0x002032A0, major=6, minor=2
         - MemoryWrite@mem.zir:99
           cycle=16663, step=90, pc=0x002032A0, major=6, minor=2
       Global: memory permutation violated
         x11/a1: wrote 0x000000ff, expected 0x00000000 (cycle 33326)
  [201] ✓ INSTR_TYPE_MOD @ step 3928: 2 failures, 2909ms, outcome: REJECTED, exit: 101 [proof:GENERATED]
       r=0.048  T_new=0.00 F_new=0.00 F_rare=0.37 U=0 Q=0.51 Q_l=0.51 Q_g=1.00 dl=2 dg=0
       Value: 0x00000007 -> 0x00000003
       Original: AddI [major=0, minor=7]
       Mutated:  Or [major=0, minor=3]
       zkVM errors (1 lines):
         • [prover_impl.rs:280] verify segment (internal proof verification failed)
       Local constraints hit (2 unique):
         - VerifyOpcodeF3F7@inst.zir:102
           cycle=20878, step=3928, pc=0xC00000F8, major=0, minor=3
         - VerifyOpcodeF3F7@inst.zir:103
           cycle=20878, step=3928, pc=0xC00000F8, major=0, minor=3
       Global: no permutation/lookup violations (local-only)
  [202] ✓ MEM_VAL_MOD @ step 1888: 2 failures, 2941ms, outcome: REJECTED, exit: 101 [proof:GENERATED] G=memory
       r=0.110  T_new=0.00 F_new=0.39 F_rare=0.67 U=0 Q=0.43 Q_l=0.51 Q_g=0.85 dl=2 dg=1
       Value: 0x002000F0 -> 0x4823DD0A
       Transaction: store_rmw_read (READ) at address 0x00200098
       zkVM errors (1 lines):
         • [prover_impl.rs:280] verify segment (internal proof verification failed)
       Local constraints hit (2 unique):
         - IsRead@mem.zir:79
           cycle=18537, step=1888, pc=0x002096BC, major=6, minor=2
         - IsRead@mem.zir:80
           cycle=18537, step=1888, pc=0x002096BC, major=6, minor=2
       Global: memory permutation violated
         0x00200098 (data): wrote 0x4823dd0a, expected 0x002000f0 (cycle 37074)
  [203] ✓ INSTR_TYPE_MOD @ step 372: 2 failures, 2899ms, outcome: REJECTED, exit: 101 [proof:GENERATED]
       r=0.067  T_new=0.00 F_new=0.00 F_rare=0.54 U=0 Q=0.51 Q_l=0.51 Q_g=1.00 dl=2 dg=0
       Value: 0x00000000 -> 0x00000004
       Original: Add [major=0, minor=0]
       Mutated:  And [major=0, minor=4]
       zkVM errors (1 lines):
         • [prover_impl.rs:280] verify segment (internal proof verification failed)
       Local constraints hit (2 unique):
         - MemoryWrite@mem.zir:99
           cycle=16963, step=372, pc=0x00206178, major=0, minor=4
         - VerifyOpcodeF3F7@inst.zir:103
           cycle=16963, step=372, pc=0x00206178, major=0, minor=4
       Global: no permutation/lookup violations (local-only)
  [204] ✓ INSTR_TYPE_MOD @ step 908: 5 failures, 2928ms, outcome: REJECTED, exit: 101 [proof:GENERATED] G=memory
       r=0.018  T_new=0.00 F_new=0.99 F_rare=1.00 U=0 Q=0.04 Q_l=0.19 Q_g=0.19 dl=5 dg=10
       Value: 0x00020003 -> 0x00040003
       Original: Jal [major=2, minor=3]
       Mutated:  SraI [major=4, minor=3]
       zkVM errors (3 lines):
         • [prover_impl.rs:280] verify segment (internal proof verification failed)
         • [ffi.cpp:113] address mismatch at cycle 17536: preflight=0x3000004d, actual=0x30000017
         • [kernels/cxx/buffers.h:43] SKIP THROW: Inconsistent set
       Local constraints hit (5 unique):
         - MemoryWrite@mem.zir:100
           cycle=17535, step=908, pc=0xC0000134, major=4, minor=3
         - MemoryWrite@mem.zir:99
           cycle=17535, step=908, pc=0xC0000134, major=4, minor=3
         - VerifyOpcodeF3F7@inst.zir:102
           cycle=17535, step=908, pc=0xC0000134, major=4, minor=3
         - VerifyOpcodeF3F7@inst.zir:103
           cycle=17535, step=908, pc=0xC0000134, major=4, minor=3
         - VerifyOpcodeF3F7@inst.zir:104
           cycle=17535, step=908, pc=0xC0000134, major=4, minor=3
       Global: memory permutation violated (24 addrs: 24 data)
         0xC000005C (data): expected write missing, needed 0x00100893 (cycle 34904)
         0xC0000060 (data): expected write missing, needed 0x03022503 (cycle 34906)
         0xC0000064 (data): expected write missing, needed 0x02822583 (cycle 34908)
         + 21 more addresses
  [205] ✓ INSTR_WORD_MOD_SUR @ step 1665: 0 failures, 2977ms, outcome: REJECTED, exit: 101 [proof:GENERATED] G=memory[GO]
       r=0.256  T_new=0.00 F_new=0.78 F_rare=1.00 U=0 Q=0.61 Q_l=1.00 Q_g=0.61 dl=0 dg=3
       Value: 0x00812C23 -> 0x0082AC23
       Surgical: rs1 = 2 -> 5
       Original: SW x8, 24(x2)
       Mutated:  SW x8, 24(x5)
       zkVM errors (3 lines):
         • [prover_impl.rs:280] verify segment (internal proof verification failed)
         • [ffi.cpp:113] address mismatch at cycle 18309: preflight=0x3fffc022, actual=0x3fffc025
         • [kernels/cxx/ffi.cpp:208] SKIP THROW: memory peek not in preflight
       Global: memory permutation violated [GLOBAL-ONLY]
         x2/sp: unexpected write 0x00200080 (cycle 36616)
         x5/t0: expected write missing, needed 0x00200080 (cycle 36616)
         0x002096B8 (code): wrote 0x00812c23, expected 0x0082ac23 (cycle 20682)
  [206] ✓ INSTR_TYPE_MOD @ step 459: 3 failures, 2921ms, outcome: REJECTED, exit: 101 [proof:GENERATED] G=memory
       r=0.033  T_new=0.00 F_new=0.99 F_rare=1.00 U=0 Q=0.07 Q_l=0.37 Q_g=0.19 dl=3 dg=10
       Value: 0x00020004 -> 0x00000000
       Original: JalR [major=2, minor=4]
       Mutated:  Add [major=0, minor=0]
       zkVM errors (3 lines):
         • [prover_impl.rs:280] verify segment (internal proof verification failed)
         • [ffi.cpp:113] address mismatch at cycle 17057: preflight=0x00080c6e, actual=0x00081871
         • [kernels/cxx/buffers.h:43] SKIP THROW: Inconsistent set
       Local constraints hit (2 unique):
         - MemoryWrite@mem.zir:99 (x2)
           cycle=17056, step=459, pc=0x002031B8, major=0, minor=0
         - VerifyOpcodeF3F7@inst.zir:102
           cycle=17056, step=459, pc=0x002031B8, major=0, minor=0
       Global: memory permutation violated (20 addrs: 20 code)
         + 20 code addresses diverged (instruction fetch cascade)
  [207] ✓ INSTR_TYPE_MOD @ step 1767: 4 failures, 2937ms, outcome: REJECTED, exit: 101 [proof:GENERATED] G=memory
       r=0.073  T_new=0.00 F_new=0.63 F_rare=1.00 U=0 Q=0.19 Q_l=0.26 Q_g=0.72 dl=4 dg=2
       Value: 0x00000007 -> 0x00020001
       Original: AddI [major=0, minor=7]
       Mutated:  BltU [major=2, minor=1]
       zkVM errors (3 lines):
         • [prover_impl.rs:280] verify segment (internal proof verification failed)
         • [ffi.cpp:113] address mismatch at cycle 18411: preflight=0x3fffc02b, actual=0x3fffc060
         • [kernels/cxx/ffi.cpp:208] SKIP THROW: memory peek not in preflight
       Local constraints hit (4 unique):
         - MemoryWrite@mem.zir:100
           cycle=18411, step=1767, pc=0x002184CC, major=2, minor=1
         - MemoryWrite@mem.zir:99
           cycle=18411, step=1767, pc=0x002184CC, major=2, minor=1
         - VerifyOpcodeF3@inst.zir:96
           cycle=18411, step=1767, pc=0x002184CC, major=2, minor=1
         - VerifyOpcodeF3@inst.zir:97
           cycle=18411, step=1767, pc=0x002184CC, major=2, minor=1
       Global: memory permutation violated
         x11/a1: unexpected write 0x0021ba81 (cycle 36822)
         0xFFFF0180 (data): expected write missing, needed 0x0021ba81 (cycle 36822)
  [208] ✓ INSTR_TYPE_MOD @ step 1448: 5 failures, 2924ms, outcome: REJECTED, exit: 101 [proof:GENERATED] G=memory
       r=0.056  T_new=0.00 F_new=0.63 F_rare=1.00 U=0 Q=0.14 Q_l=0.19 Q_g=0.72 dl=5 dg=2
       Value: 0x00050003 -> 0x00030004
       Original: LbU [major=5, minor=3]
       Mutated:  MulHSU [major=3, minor=4]
       zkVM errors (3 lines):
         • [prover_impl.rs:280] verify segment (internal proof verification failed)
         • [ffi.cpp:113] address mismatch at cycle 18092: preflight=0x000867a0, actual=0x3fffc020
         • [kernels/cxx/ffi.cpp:208] SKIP THROW: memory peek not in preflight
       Local constraints hit (5 unique):
         - MemoryWrite@mem.zir:100
           cycle=18092, step=1448, pc=0x002184C4, major=3, minor=4
         - MemoryWrite@mem.zir:99
           cycle=18092, step=1448, pc=0x002184C4, major=3, minor=4
         - VerifyOpcodeF3F7@inst.zir:102
           cycle=18092, step=1448, pc=0x002184C4, major=3, minor=4
         - VerifyOpcodeF3F7@inst.zir:103
           cycle=18092, step=1448, pc=0x002184C4, major=3, minor=4
         - VerifyOpcodeF3F7@inst.zir:104
           cycle=18092, step=1448, pc=0x002184C4, major=3, minor=4
       Global: memory permutation violated
         x0/zero: expected write missing, needed 0x3af54fa5 (cycle 36170)
         0x00219E80 (code): unexpected write 0x3af54fa5 (cycle 36170)
  [209] ✓ INSTR_TYPE_MOD @ step 967: 3 failures, 2934ms, outcome: REJECTED, exit: 101 [proof:GENERATED] G=memory
       r=0.084  T_new=0.00 F_new=0.86 F_rare=1.00 U=0 Q=0.19 Q_l=0.37 Q_g=0.51 dl=3 dg=4
       Value: 0x00010005 -> 0x00050003
       Original: Beq [major=1, minor=5]
       Mutated:  LbU [major=5, minor=3]
       zkVM errors (3 lines):
         • [prover_impl.rs:280] verify segment (internal proof verification failed)
         • [ffi.cpp:113] address mismatch at cycle 17600: preflight=0x3fffc020, actual=0x00000021
         • [kernels/cxx/ffi.cpp:208] SKIP THROW: memory peek not in preflight
       Local constraints hit (3 unique):
         - AddrDecomposeBits@u32.zir:87
           cycle=17600, step=967, pc=0x00206138, major=5, minor=3
         - VerifyOpcodeF3@inst.zir:96
           cycle=17600, step=967, pc=0x00206138, major=5, minor=3
         - VerifyOpcodeF3@inst.zir:97
           cycle=17600, step=967, pc=0x00206138, major=5, minor=3
       Global: memory permutation violated
         0x00000084 (data): expected write missing, needed 0x00000000 (cycle 35196)
         x0/zero: unexpected write 0x00000000 (cycle 35196)
         x16/a6: expected write missing, needed 0x00000000 (cycle 35157)
         0xFFFF0180 (data): unexpected write 0x00000000 (cycle 35157)
  [210] ✓ MEM_VAL_MOD @ step 110: 2 failures, 2930ms, outcome: REJECTED, exit: 101 [proof:GENERATED] G=memory
       r=0.123  T_new=0.00 F_new=0.39 F_rare=0.79 U=0 Q=0.43 Q_l=0.51 Q_g=0.85 dl=2 dg=1
       Value: 0x00000000 -> 0xF7BFB777
       Transaction: other_mem_write (WRITE) at address 0xffff0180
       zkVM errors (1 lines):
         • [prover_impl.rs:280] verify segment (internal proof verification failed)
       Local constraints hit (2 unique):
         - MemoryWrite@mem.zir:100
           cycle=16683, step=110, pc=0x002032F0, major=2, minor=1
         - MemoryWrite@mem.zir:99
           cycle=16683, step=110, pc=0x002032F0, major=2, minor=1
       Global: memory permutation violated
         0xFFFF0180 (data): wrote 0xf7bfb777, expected 0x00000000 (cycle 33367)
  [211] ✓ INSTR_TYPE_MOD @ step 20: 5 failures, 2875ms, outcome: REJECTED, exit: 101 [proof:GENERATED]
       r=0.053  T_new=0.00 F_new=0.39 F_rare=0.79 U=0 Q=0.19 Q_l=0.19 Q_g=1.00 dl=5 dg=0
       Value: 0x00020006 -> 0x00030001
       Original: Auipc [major=2, minor=6]
       Mutated:  SllI [major=3, minor=1]
       zkVM errors (1 lines):
         • [prover_impl.rs:280] verify segment (internal proof verification failed)
       Local constraints hit (5 unique):
         - MemoryWrite@mem.zir:100
           cycle=16593, step=20, pc=0x00203704, major=3, minor=1
         - MemoryWrite@mem.zir:99
           cycle=16593, step=20, pc=0x00203704, major=3, minor=1
         - VerifyOpcodeF3F7@inst.zir:102
           cycle=16593, step=20, pc=0x00203704, major=3, minor=1
         - VerifyOpcodeF3F7@inst.zir:103
           cycle=16593, step=20, pc=0x00203704, major=3, minor=1
         - VerifyOpcodeF3F7@inst.zir:104
           cycle=16593, step=20, pc=0x00203704, major=3, minor=1
       Global: no permutation/lookup violations (local-only)
  [212] ✓ INSTR_TYPE_MOD @ step 2043: 5 failures, 2949ms, outcome: REJECTED, exit: 101 [proof:GENERATED] G=memory
       r=0.018  T_new=0.00 F_new=0.99 F_rare=1.00 U=0 Q=0.04 Q_l=0.19 Q_g=0.19 dl=5 dg=10
       Value: 0x00020003 -> 0x00040007
       Original: Jal [major=2, minor=3]
       Mutated:  RemU [major=4, minor=7]
       zkVM errors (3 lines):
         • [prover_impl.rs:280] verify segment (internal proof verification failed)
         • [ffi.cpp:113] address mismatch at cycle 18693: preflight=0x3000004d, actual=0x30000017
         • [kernels/cxx/buffers.h:43] SKIP THROW: Inconsistent set
       Local constraints hit (5 unique):
         - MemoryWrite@mem.zir:100
           cycle=18692, step=2043, pc=0xC0000134, major=4, minor=7
         - MemoryWrite@mem.zir:99
           cycle=18692, step=2043, pc=0xC0000134, major=4, minor=7
         - VerifyOpcodeF3F7@inst.zir:102
           cycle=18692, step=2043, pc=0xC0000134, major=4, minor=7
         - VerifyOpcodeF3F7@inst.zir:103
           cycle=18692, step=2043, pc=0xC0000134, major=4, minor=7
         - VerifyOpcodeF3F7@inst.zir:104
           cycle=18692, step=2043, pc=0xC0000134, major=4, minor=7
       Global: memory permutation violated (24 addrs: 24 data)
         0xC000005C (data): expected write missing, needed 0x00100893 (cycle 36976)
         0xC0000060 (data): expected write missing, needed 0x03022503 (cycle 36978)
         0xC0000064 (data): expected write missing, needed 0x02822583 (cycle 36980)
         + 21 more addresses
  [213] ✓ INSTR_WORD_MOD_FULL @ step 3013: 2 failures, 2939ms, outcome: REJECTED, exit: 101 [proof:GENERATED] G=memory
       r=0.046  T_new=0.00 F_new=0.99 F_rare=1.00 U=0 Q=0.10 Q_l=0.51 Q_g=0.19 dl=2 dg=10
       Value: 0x0E069C63 -> 0x4E069C63
       Original: BNE x13, x0, 248
       Mutated:  BNE x13, x0, 1272
       zkVM errors (3 lines):
         • [prover_impl.rs:280] verify segment (internal proof verification failed)
         • [ffi.cpp:113] address mismatch at cycle 19742: preflight=0x00080cff, actual=0x00080dff
         • [kernels/cxx/buffers.h:43] SKIP THROW: Inconsistent set
       Local constraints hit (1 unique):
         - MemoryWrite@mem.zir:99 (x2)
           cycle=19762, step=3034, pc=0x002035D0, major=2, minor=3
       Global: memory permutation violated (53 addrs: 53 code)
         + 53 code addresses diverged (instruction fetch cascade)
  [214] ✓ COMP_OUT_MOD @ step 1090: 2 failures, 2934ms, outcome: REJECTED, exit: 101 [proof:GENERATED] G=memory
       r=0.123  T_new=0.00 F_new=0.39 F_rare=0.79 U=0 Q=0.43 Q_l=0.51 Q_g=0.85 dl=2 dg=1
       Value: 0x00200374 -> 0x3EEBFBC6
       Destination: rd = x14 (a4)
       zkVM errors (1 lines):
         • [prover_impl.rs:280] verify segment (internal proof verification failed)
       Local constraints hit (2 unique):
         - MemoryWrite@mem.zir:100
           cycle=17734, step=1090, pc=0x0020634C, major=0, minor=0
         - MemoryWrite@mem.zir:99
           cycle=17734, step=1090, pc=0x0020634C, major=0, minor=0
       Global: memory permutation violated
         x14/a4: wrote 0x3eebfbc6, expected 0x00200374 (cycle 35469)
  [215] ✓ INSTR_TYPE_MOD @ step 211: 2 failures, 2936ms, outcome: REJECTED, exit: 101 [proof:GENERATED] G=memory
       r=0.117  T_new=0.00 F_new=0.86 F_rare=1.00 U=0 Q=0.26 Q_l=0.51 Q_g=0.51 dl=2 dg=4
       Value: 0x00010005 -> 0x00050000
       Original: Beq [major=1, minor=5]
       Mutated:  Lb [major=5, minor=0]
       zkVM errors (3 lines):
         • [prover_impl.rs:280] verify segment (internal proof verification failed)
         • [ffi.cpp:113] address mismatch at cycle 16790: preflight=0x3fffc020, actual=0x00000020
         • [kernels/cxx/ffi.cpp:208] SKIP THROW: memory peek not in preflight
       Local constraints hit (2 unique):
         - AddrDecomposeBits@u32.zir:87
           cycle=16790, step=211, pc=0x0020B8E4, major=5, minor=0
         - VerifyOpcodeF3@inst.zir:96
           cycle=16790, step=211, pc=0x0020B8E4, major=5, minor=0
       Global: memory permutation violated
         0x00000080 (data): expected write missing, needed 0x00000000 (cycle 33564)
         x0/zero: unexpected write 0x00000000 (cycle 33564)
         x28/t3: expected write missing, needed 0x00000000 (cycle 33565)
         0xFFFF0180 (data): unexpected write 0x00000000 (cycle 33565)
  [216] ✓ PRE_EXEC_REG_MOD @ step 2634: 2 failures, 2929ms, outcome: REJECTED, exit: 101 [proof:GENERATED] G=memory
       r=0.183  T_new=0.00 F_new=0.78 F_rare=1.00 U=0 Q=0.43 Q_l=0.51 Q_g=0.85 dl=2 dg=1
       Value: 0x00010800 -> 0x97265810
       Register: x3 (gp), READ, strategy=next_read
       zkVM errors (1 lines):
         • [prover_impl.rs:280] verify segment (internal proof verification failed)
       Local constraints hit (2 unique):
         - IsRead@mem.zir:79
           cycle=19362, step=2634, pc=0x00203408, major=1, minor=2
         - IsRead@mem.zir:80
           cycle=19362, step=2634, pc=0x00203408, major=1, minor=2
       Global: memory permutation violated
         x3/gp: wrote 0x97265810, expected 0x00010800 (cycle 38724)
  [217] ✓ PRE_EXEC_REG_MOD @ step 391: 2 failures, 2942ms, outcome: REJECTED, exit: 101 [proof:GENERATED] G=memory
       r=0.129  T_new=0.00 F_new=0.39 F_rare=0.85 U=0 Q=0.43 Q_l=0.51 Q_g=0.85 dl=2 dg=1
       Value: 0x00000000 -> 0x01012088
       Register: x0 (zero), READ, strategy=next_read
       zkVM errors (1 lines):
         • [prover_impl.rs:280] verify segment (internal proof verification failed)
       Local constraints hit (2 unique):
         - IsRead@mem.zir:79
           cycle=16982, step=391, pc=0x00200890, major=2, minor=4
         - IsRead@mem.zir:80
           cycle=16982, step=391, pc=0x00200890, major=2, minor=4
       Global: memory permutation violated
         x0/zero: wrote 0x01012088, expected 0x00000000 (cycle 33964)
  [218] ✓ INSTR_TYPE_MOD @ step 2646: 3 failures, 2916ms, outcome: REJECTED, exit: 101 [proof:GENERATED]
       r=0.046  T_new=0.00 F_new=0.00 F_rare=0.51 U=0 Q=0.37 Q_l=0.37 Q_g=1.00 dl=3 dg=0
       Value: 0x00060002 -> 0x00060000
       Original: Sw [major=6, minor=2]
       Mutated:  Sb [major=6, minor=0]
       zkVM errors (1 lines):
         • [prover_impl.rs:280] verify segment (internal proof verification failed)
       Local constraints hit (3 unique):
         - MemoryWrite@mem.zir:100
           cycle=19374, step=2646, pc=0x00203438, major=6, minor=0
         - MemoryWrite@mem.zir:99
           cycle=19374, step=2646, pc=0x00203438, major=6, minor=0
         - VerifyOpcodeF3@inst.zir:97
           cycle=19374, step=2646, pc=0x00203438, major=6, minor=0
       Global: no permutation/lookup violations (local-only)
  [219] ✓ PRE_EXEC_REG_MOD @ step 705: 3 failures, 2924ms, outcome: REJECTED, exit: 101 [proof:GENERATED] G=memory
       r=0.033  T_new=0.00 F_new=0.99 F_rare=1.00 U=0 Q=0.07 Q_l=0.37 Q_g=0.19 dl=3 dg=10
       Value: 0x00200978 -> 0x00200A78
       Register: x1 (ra), READ, strategy=next_read
       zkVM errors (3 lines):
         • [prover_impl.rs:280] verify segment (internal proof verification failed)
         • [ffi.cpp:113] address mismatch at cycle 17321: preflight=0x0008025e, actual=0x0008029e
         • [kernels/cxx/buffers.h:43] SKIP THROW: Inconsistent set
       Local constraints hit (2 unique):
         - IsRead@mem.zir:79
           cycle=17320, step=705, pc=0x00200978, major=2, minor=4
         - MemoryWrite@mem.zir:99 (x2)
           cycle=17331, step=716, pc=0x002009B0, major=2, minor=6
       Global: memory permutation violated (25 addrs: 1 register, 24 code)
         x1/ra: wrote 0x00200a78, expected 0x00200978 (cycle 34640)
         + 24 code addresses diverged (instruction fetch cascade)
  [220] ✓ INSTR_TYPE_MOD @ step 3112: 3 failures, 3010ms, outcome: REJECTED, exit: 101 [proof:GENERATED] G=memory|cycle
       r=0.071  T_new=0.00 F_new=0.86 F_rare=1.00 U=0 Q=0.16 Q_l=0.37 Q_g=0.43 dl=3 dg=5
       Value: 0x00060002 -> 0x00020005
       Original: Sw [major=6, minor=2]
       Mutated:  Lui [major=2, minor=5]
       zkVM errors (3 lines):
         • [prover_impl.rs:280] verify segment (internal proof verification failed)
         • [ffi.cpp:113] address mismatch at cycle 19840: preflight=0x0008855a, actual=0x3fffc03c
         • [kernels/cxx/ffi.cpp:208] SKIP THROW: memory peek not in preflight
       Local constraints hit (3 unique):
         - MemoryWrite@mem.zir:100
           cycle=19840, step=3112, pc=0x002057B8, major=2, minor=5
         - MemoryWrite@mem.zir:99
           cycle=19840, step=3112, pc=0x002057B8, major=2, minor=5
         - VerifyOpcode@inst.zir:91
           cycle=19840, step=3112, pc=0x002057B8, major=2, minor=5
       Global: memory permutation violated
         x28/t3: expected write missing, needed 0x00000000 (cycle 39654)
         0x00221568 (code): unexpected write 0x00000000 (cycle 39654)
       Global: cycle lookup violated (3 indices broken)
         index 0: 2254 provides, 1 uses (imbalanced)
         index 25: 65 provides, 1 uses (imbalanced)
         index 26: 29 provides, 1 uses (imbalanced)
  [221] ✓ INSTR_TYPE_MOD @ step 803: 3 failures, 2983ms, outcome: REJECTED, exit: 101 [proof:GENERATED] G=memory
       r=0.102  T_new=0.00 F_new=0.63 F_rare=1.00 U=0 Q=0.26 Q_l=0.37 Q_g=0.72 dl=3 dg=2
       Value: 0x00000007 -> 0x00050003
       Original: AddI [major=0, minor=7]
       Mutated:  LbU [major=5, minor=3]
       zkVM errors (3 lines):
         • [prover_impl.rs:280] verify segment (internal proof verification failed)
         • [ffi.cpp:113] address mismatch at cycle 17424: preflight=0x3fffc020, actual=0x00000000
         • [kernels/cxx/ffi.cpp:208] SKIP THROW: memory peek not in preflight
       Local constraints hit (3 unique):
         - AddrDecomposeBits@u32.zir:87
           cycle=17424, step=803, pc=0x002031A8, major=5, minor=3
         - VerifyOpcodeF3@inst.zir:96
           cycle=17424, step=803, pc=0x002031A8, major=5, minor=3
         - VerifyOpcodeF3@inst.zir:97
           cycle=17424, step=803, pc=0x002031A8, major=5, minor=3
       Global: memory permutation violated
         0x00000000 (data): expected write missing, needed 0x00000000 (cycle 34846)
         x0/zero: unexpected write 0x00000000 (cycle 34846)
  [222] ✓ INSTR_TYPE_MOD @ step 3022: 4 failures, 2927ms, outcome: REJECTED, exit: 101 [proof:GENERATED] G=memory
       r=0.073  T_new=0.00 F_new=0.63 F_rare=1.00 U=0 Q=0.19 Q_l=0.26 Q_g=0.72 dl=4 dg=2
       Value: 0x00050002 -> 0x00000002
       Original: Lw [major=5, minor=2]
       Mutated:  Xor [major=0, minor=2]
       zkVM errors (3 lines):
         • [prover_impl.rs:280] verify segment (internal proof verification failed)
         • [ffi.cpp:113] address mismatch at cycle 19750: preflight=0x00086b4b, actual=0x3fffc020
         • [kernels/cxx/ffi.cpp:208] SKIP THROW: memory peek not in preflight
       Local constraints hit (4 unique):
         - MemoryWrite@mem.zir:100
           cycle=19750, step=3022, pc=0x00203454, major=0, minor=2
         - MemoryWrite@mem.zir:99
           cycle=19750, step=3022, pc=0x00203454, major=0, minor=2
         - VerifyOpcodeF3F7@inst.zir:102
           cycle=19750, step=3022, pc=0x00203454, major=0, minor=2
         - VerifyOpcodeF3F7@inst.zir:103
           cycle=19750, step=3022, pc=0x00203454, major=0, minor=2
       Global: memory permutation violated
         x0/zero: expected write missing, needed 0x63736972 (cycle 26882)
         0x0021AD2C (code): unexpected write 0x63736972 (cycle 26882)
  [223] ✓ INSTR_TYPE_MOD @ step 1180: 1 failures, 2981ms, outcome: REJECTED, exit: 101 [proof:GENERATED]
       r=0.072  T_new=0.00 F_new=0.00 F_rare=0.41 U=0 Q=0.72 Q_l=0.72 Q_g=1.00 dl=1 dg=0
       Value: 0x00000007 -> 0x00010000
       Original: AddI [major=0, minor=7]
       Mutated:  XorI [major=1, minor=0]
       zkVM errors (1 lines):
         • [prover_impl.rs:280] verify segment (internal proof verification failed)
       Local constraints hit (1 unique):
         - VerifyOpcodeF3@inst.zir:97
           cycle=17824, step=1180, pc=0x00208CD0, major=1, minor=0
       Global: no permutation/lookup violations (local-only)
  [224] ✓ MEM_VAL_MOD @ step 2334: 2 failures, 2941ms, outcome: REJECTED, exit: 101 [proof:GENERATED] G=memory
       r=0.119  T_new=0.00 F_new=0.39 F_rare=0.75 U=0 Q=0.43 Q_l=0.51 Q_g=0.85 dl=2 dg=1
       Value: 0x00000000 -> 0xFFFF0000
       Transaction: store_rmw_read (READ) at address 0x00200344
       zkVM errors (1 lines):
         • [prover_impl.rs:280] verify segment (internal proof verification failed)
       Local constraints hit (2 unique):
         - IsRead@mem.zir:80
           cycle=18988, step=2334, pc=0x00203210, major=6, minor=0
         - MemoryWrite@mem.zir:100
           cycle=18988, step=2334, pc=0x00203210, major=6, minor=0
       Global: memory permutation violated
         0x00200344 (data): wrote 0xffff0000, expected 0x00000000 (cycle 37976)
  [225] ✓ INSTR_TYPE_MOD @ step 2677: 1 failures, 2963ms, outcome: REJECTED, exit: 101 [proof:GENERATED]
       r=0.100  T_new=0.00 F_new=0.00 F_rare=0.58 U=0 Q=0.72 Q_l=0.72 Q_g=1.00 dl=1 dg=0
       Value: 0x00050002 -> 0x00050000
       Original: Lw [major=5, minor=2]
       Mutated:  Lb [major=5, minor=0]
       zkVM errors (1 lines):
         • [prover_impl.rs:280] verify segment (internal proof verification failed)
       Local constraints hit (1 unique):
         - VerifyOpcodeF3@inst.zir:97
           cycle=19405, step=2677, pc=0x002015D0, major=5, minor=0
       Global: no permutation/lookup violations (local-only)
  [226] ✓ INSTR_TYPE_MOD @ step 548: 4 failures, 2915ms, outcome: REJECTED, exit: 101 [proof:GENERATED] G=memory
       r=0.080  T_new=0.00 F_new=0.78 F_rare=1.00 U=0 Q=0.19 Q_l=0.26 Q_g=0.72 dl=4 dg=2
       Value: 0x00050002 -> 0x00000007
       Original: Lw [major=5, minor=2]
       Mutated:  AddI [major=0, minor=7]
       zkVM errors (3 lines):
         • [prover_impl.rs:280] verify segment (internal proof verification failed)
         • [ffi.cpp:113] address mismatch at cycle 17151: preflight=0x000800dc, actual=0x3fffc030
         • [kernels/cxx/ffi.cpp:208] SKIP THROW: memory peek not in preflight
       Local constraints hit (4 unique):
         - MemoryWrite@mem.zir:100
           cycle=17151, step=548, pc=0x00200904, major=0, minor=7
         - MemoryWrite@mem.zir:99
           cycle=17151, step=548, pc=0x00200904, major=0, minor=7
         - VerifyOpcodeF3@inst.zir:96
           cycle=17151, step=548, pc=0x00200904, major=0, minor=7
         - VerifyOpcodeF3@inst.zir:97
           cycle=17151, step=548, pc=0x00200904, major=0, minor=7
       Global: memory permutation violated
         0x00200370 (data): unexpected write 0x80000007 (cycle 34291)
         x16/a6: expected write missing, needed 0x80000007 (cycle 34291)
  [227] ✓ INSTR_TYPE_MOD @ step 1187: 4 failures, 2911ms, outcome: REJECTED, exit: 101 [proof:GENERATED]
       r=0.038  T_new=0.00 F_new=0.00 F_rare=0.60 U=0 Q=0.26 Q_l=0.26 Q_g=1.00 dl=4 dg=0
       Value: 0x00000007 -> 0x00000003
       Original: AddI [major=0, minor=7]
       Mutated:  Or [major=0, minor=3]
       zkVM errors (1 lines):
         • [prover_impl.rs:280] verify segment (internal proof verification failed)
       Local constraints hit (4 unique):
         - MemoryWrite@mem.zir:100
           cycle=17831, step=1187, pc=0x00209C3C, major=0, minor=3
         - MemoryWrite@mem.zir:99
           cycle=17831, step=1187, pc=0x00209C3C, major=0, minor=3
         - VerifyOpcodeF3F7@inst.zir:102
           cycle=17831, step=1187, pc=0x00209C3C, major=0, minor=3
         - VerifyOpcodeF3F7@inst.zir:103
           cycle=17831, step=1187, pc=0x00209C3C, major=0, minor=3
       Global: no permutation/lookup violations (local-only)
  [228] ✓ INSTR_TYPE_MOD @ step 1296: 2 failures, 2943ms, outcome: REJECTED, exit: 101 [proof:GENERATED] G=memory
       r=0.117  T_new=0.00 F_new=0.86 F_rare=1.00 U=0 Q=0.26 Q_l=0.51 Q_g=0.51 dl=2 dg=4
       Value: 0x00050002 -> 0x00010007
       Original: Lw [major=5, minor=2]
       Mutated:  Blt [major=1, minor=7]
       zkVM errors (3 lines):
         • [prover_impl.rs:280] verify segment (internal proof verification failed)
         • [ffi.cpp:113] address mismatch at cycle 17940: preflight=0x000884e4, actual=0x3fffc02c
         • [kernels/cxx/ffi.cpp:208] SKIP THROW: memory peek not in preflight
       Local constraints hit (2 unique):
         - VerifyOpcodeF3@inst.zir:96
           cycle=17940, step=1296, pc=0x00203428, major=1, minor=7
         - VerifyOpcodeF3@inst.zir:97
           cycle=17940, step=1296, pc=0x00203428, major=1, minor=7
       Global: memory permutation violated
         x5/t0: unexpected write 0x7f520e51 (cycle 35864)
         x12/a2: expected write missing, needed 0x00000000 (cycle 33445)
         0xFFFF0180 (data): expected write missing, needed 0x7f520e51 (cycle 35864)
         0x00221390 (code): unexpected write 0x00000000 (cycle 33445)
  [229] ✓ INSTR_TYPE_MOD @ step 2342: 3 failures, 2996ms, outcome: REJECTED, exit: 101 [proof:GENERATED] G=memory|cycle
       r=0.071  T_new=0.00 F_new=0.86 F_rare=1.00 U=0 Q=0.16 Q_l=0.37 Q_g=0.43 dl=3 dg=5
       Value: 0x00060000 -> 0x00000000
       Original: Sb [major=6, minor=0]
       Mutated:  Add [major=0, minor=0]
       zkVM errors (3 lines):
         • [prover_impl.rs:280] verify segment (internal proof verification failed)
         • [ffi.cpp:113] address mismatch at cycle 18996: preflight=0x000800c4, actual=0x3fffc023
         • [kernels/cxx/ffi.cpp:208] SKIP THROW: memory peek not in preflight
       Local constraints hit (3 unique):
         - MemoryWrite@mem.zir:100
           cycle=18996, step=2342, pc=0x00203230, major=0, minor=0
         - MemoryWrite@mem.zir:99
           cycle=18996, step=2342, pc=0x00203230, major=0, minor=0
         - VerifyOpcodeF3F7@inst.zir:102
           cycle=18996, step=2342, pc=0x00203230, major=0, minor=0
       Global: memory permutation violated
         0x00200310 (data): unexpected write 0x00000000 (cycle 37813)
         x3/gp: expected write missing, needed 0x00000000 (cycle 37813)
       Global: cycle lookup violated (3 indices broken)
         index 0: 2254 provides, 1 uses (imbalanced)
         index 178: 1 provides, 1 uses (imbalanced)
         index 179: 3 provides, 1 uses (imbalanced)
  [230] ✓ LOAD_VAL_MOD @ step 702: 2 failures, 2918ms, outcome: REJECTED, exit: 101 [proof:GENERATED] G=memory
       r=0.111  T_new=0.00 F_new=0.39 F_rare=0.68 U=0 Q=0.43 Q_l=0.51 Q_g=0.85 dl=2 dg=1
       Value: 0x00000001 -> 0xDC00C35D
       Load destination: rd = x8 (s0/fp)
       zkVM errors (1 lines):
         • [prover_impl.rs:280] verify segment (internal proof verification failed)
       Local constraints hit (2 unique):
         - MemoryWrite@mem.zir:100
           cycle=17317, step=702, pc=0x002031F0, major=5, minor=2
         - MemoryWrite@mem.zir:99
           cycle=17317, step=702, pc=0x002031F0, major=5, minor=2
       Global: memory permutation violated
         x8/s0: wrote 0xdc00c35d, expected 0x00000001 (cycle 34635)
  [231] ✓ PRE_EXEC_REG_MOD @ step 47: 4 failures, 2933ms, outcome: REJECTED, exit: 101 [proof:GENERATED] G=memory
       r=0.060  T_new=0.00 F_new=0.39 F_rare=0.72 U=0 Q=0.22 Q_l=0.26 Q_g=0.85 dl=4 dg=1
       Value: 0x00000000 -> 0x9F47F9FB
       Register: x0 (zero), READ, strategy=next_read
       zkVM errors (1 lines):
         • [prover_impl.rs:280] verify segment (internal proof verification failed)
       Local constraints hit (4 unique):
         - IsRead@mem.zir:79
           cycle=16620, step=47, pc=0x00201074, major=0, minor=7
         - IsRead@mem.zir:80
           cycle=16620, step=47, pc=0x00201074, major=0, minor=7
         - MemoryWrite@mem.zir:100
           cycle=16620, step=47, pc=0x00201074, major=0, minor=7
         - MemoryWrite@mem.zir:99
           cycle=16620, step=47, pc=0x00201074, major=0, minor=7
       Global: memory permutation violated
         x0/zero: wrote 0x9f47f9fb, expected 0x00000000 (cycle 33240)
  [232] ✓ COMP_OUT_MOD @ step 3855: 2 failures, 2956ms, outcome: REJECTED, exit: 101 [proof:GENERATED] G=memory
       r=0.108  T_new=0.00 F_new=0.39 F_rare=0.64 U=0 Q=0.43 Q_l=0.51 Q_g=0.85 dl=2 dg=1
       Value: 0x00000001 -> 0x20000000
       Destination: rd = x12 (a2)
       zkVM errors (1 lines):
         • [prover_impl.rs:280] verify segment (internal proof verification failed)
       Local constraints hit (2 unique):
         - MemoryWrite@mem.zir:100
           cycle=20805, step=3855, pc=0x00204D74, major=0, minor=7
         - MemoryWrite@mem.zir:99
           cycle=20805, step=3855, pc=0x00204D74, major=0, minor=7
       Global: memory permutation violated
         x12/a2: wrote 0x20000000, expected 0x00000001 (cycle 41611)
  [233] ✓ INSTR_TYPE_MOD @ step 3129: 7 failures, 2942ms, outcome: REJECTED, exit: 101 [proof:GENERATED] [+33 touch] G=memory
       r=0.024  T_new=0.61 F_new=0.99 F_rare=1.00 U=0 Q=0.04 Q_l=0.10 Q_g=0.37 dl=7 dg=6
       Value: 0x00020000 -> 0x0002000E
       Original: Bge [major=2, minor=0]
       Mutated:  Unknown(2,14) [major=2, minor=14] ⚠INVALID
       zkVM errors (3 lines):
         • [prover_impl.rs:280] verify segment (internal proof verification failed)
         • [ffi.cpp:113] address mismatch at cycle 19858: preflight=0x3000001e, actual=0x00000000
         • [kernels/cxx/buffers.h:43] SKIP THROW: Inconsistent set
       Local constraints hit (5 unique):
         - AddrDecompose@u32.zir:67 (x3)
           cycle=19858, step=3130, pc=0xC000007C, major=3, minor=1
         - MemoryWrite@mem.zir:100
           cycle=19860, step=3132, pc=0xC000005C, major=2, minor=4
         - MemoryWrite@mem.zir:99
           cycle=19860, step=3132, pc=0xC000005C, major=2, minor=4
         - OneHot@one_hot.zir:11
           cycle=19857, step=3129, pc=0xC0000078, major=2, minor=14
         - OneHot@one_hot.zir:9
           cycle=19857, step=3129, pc=0xC0000078, major=2, minor=14
       Global: memory permutation violated
         0x00000000 (data): expected write missing, needed 0x00251513 (cycle 38268)
         0x00000004 (data): expected write missing, needed 0x00a485b3 (cycle 38270)
         0x00000008 (data): expected write missing, needed 0x00058067 (cycle 38272)
         0xC0000078 (data): unexpected write 0x00251513 (cycle 38268)
         0xC000007C (data): unexpected write 0x00a485b3 (cycle 38270)
         0xC0000080 (data): unexpected write 0x00058067 (cycle 38272)
  [234] ✓ INSTR_TYPE_MOD @ step 674: 5 failures, 2931ms, outcome: REJECTED, exit: 101 [proof:GENERATED] G=memory
       r=0.017  T_new=0.00 F_new=1.00 F_rare=1.00 U=0 Q=0.04 Q_l=0.19 Q_g=0.19 dl=5 dg=10
       Value: 0x00020004 -> 0x00020000
       Original: JalR [major=2, minor=4]
       Mutated:  Bge [major=2, minor=0]
       zkVM errors (3 lines):
         • [prover_impl.rs:280] verify segment (internal proof verification failed)
         • [ffi.cpp:113] address mismatch at cycle 17284: preflight=0x30000016, actual=0x30000021
         • [kernels/cxx/buffers.h:43] SKIP THROW: Inconsistent set
       Local constraints hit (4 unique):
         - MemoryWrite@mem.zir:100
           cycle=17283, step=674, pc=0xC0000058, major=2, minor=0
         - MemoryWrite@mem.zir:99 (x2)
           cycle=17283, step=674, pc=0xC0000058, major=2, minor=0
         - VerifyOpcodeF3@inst.zir:96
           cycle=17283, step=674, pc=0xC0000058, major=2, minor=0
         - VerifyOpcodeF3@inst.zir:97
           cycle=17283, step=674, pc=0xC0000058, major=2, minor=0
       Global: memory permutation violated (25 addrs: 25 data)
         0xC0000058 (data): unexpected write 0x0dc0006f (cycle 34400)
         0xC0000084 (data): expected write missing, needed 0x0dc0006f (cycle 34400)
         0xC0000134 (data): unexpected write 0x00100893 (cycle 34402)
         + 22 more addresses
  [235] ✓ INSTR_TYPE_MOD @ step 1814: 3 failures, 2941ms, outcome: REJECTED, exit: 101 [proof:GENERATED] G=memory
       r=0.084  T_new=0.00 F_new=0.86 F_rare=1.00 U=0 Q=0.19 Q_l=0.37 Q_g=0.51 dl=3 dg=4
       Value: 0x00050003 -> 0x00020002
       Original: LbU [major=5, minor=3]
       Mutated:  BgeU [major=2, minor=2]
       zkVM errors (3 lines):
         • [prover_impl.rs:280] verify segment (internal proof verification failed)
         • [ffi.cpp:113] address mismatch at cycle 18458: preflight=0x00086ea2, actual=0x3fffc020
         • [kernels/cxx/ffi.cpp:208] SKIP THROW: memory peek not in preflight
       Local constraints hit (3 unique):
         - MemoryWrite@mem.zir:99
           cycle=18458, step=1814, pc=0x002184C4, major=2, minor=2
         - VerifyOpcodeF3@inst.zir:96
           cycle=18458, step=1814, pc=0x002184C4, major=2, minor=2
         - VerifyOpcodeF3@inst.zir:97
           cycle=18458, step=1814, pc=0x002184C4, major=2, minor=2
       Global: memory permutation violated
         x0/zero: expected write missing, needed 0x55524543 (cycle 28390)
         x14/a4: unexpected write 0x00000041 (cycle 36904)
         0xFFFF0180 (data): expected write missing, needed 0x00000041 (cycle 36904)
         0x0021BA88 (code): unexpected write 0x55524543 (cycle 28390)
  [236] ✓ INSTR_TYPE_MOD @ step 3135: 4 failures, 2938ms, outcome: REJECTED, exit: 101 [proof:GENERATED] G=memory
       r=0.060  T_new=0.00 F_new=0.86 F_rare=1.00 U=0 Q=0.14 Q_l=0.26 Q_g=0.51 dl=4 dg=4
       Value: 0x00050002 -> 0x00020000
       Original: Lw [major=5, minor=2]
       Mutated:  Bge [major=2, minor=0]
       zkVM errors (3 lines):
         • [prover_impl.rs:280] verify segment (internal proof verification failed)
         • [ffi.cpp:113] address mismatch at cycle 19863: preflight=0x3fffc02b, actual=0x3fffc00c
         • [kernels/cxx/ffi.cpp:208] SKIP THROW: memory peek not in preflight
       Local constraints hit (4 unique):
         - MemoryWrite@mem.zir:100
           cycle=19863, step=3135, pc=0xC0000178, major=2, minor=0
         - MemoryWrite@mem.zir:99
           cycle=19863, step=3135, pc=0xC0000178, major=2, minor=0
         - VerifyOpcodeF3@inst.zir:96
           cycle=19863, step=3135, pc=0xC0000178, major=2, minor=0
         - VerifyOpcodeF3@inst.zir:97
           cycle=19863, step=3135, pc=0xC0000178, major=2, minor=0
       Global: memory permutation violated
         0xFFFF002C (data): unexpected write 0xc000005c (cycle 39720)
         0xFFFF0030 (data): expected write missing, needed 0x00219e74 (cycle 39689)
         x11/a1: unexpected write 0x00219e74 (cycle 39689)
         0xFFFF0100 (data): expected write missing, needed 0xc000005c (cycle 39720)
  [237] ✓ INSTR_TYPE_MOD @ step 3928: 1 failures, 2905ms, outcome: REJECTED, exit: 101 [proof:GENERATED] [+2 touch]
       r=0.151  T_new=0.06 F_new=0.00 F_rare=0.71 U=0 Q=0.72 Q_l=0.72 Q_g=1.00 dl=1 dg=0
       Value: 0x00000007 -> 0x00010003
       Original: AddI [major=0, minor=7]
       Mutated:  SltI [major=1, minor=3]
       zkVM errors (1 lines):
         • [prover_impl.rs:280] verify segment (internal proof verification failed)
       Local constraints hit (1 unique):
         - VerifyOpcodeF3@inst.zir:97
           cycle=20878, step=3928, pc=0xC00000F8, major=1, minor=3
       Global: no permutation/lookup violations (local-only)
  [238] ✓ STORE_OUT_MOD @ step 145: 2 failures, 2939ms, outcome: REJECTED, exit: 101 [proof:GENERATED] G=memory
       r=0.108  T_new=0.00 F_new=0.39 F_rare=0.65 U=0 Q=0.43 Q_l=0.51 Q_g=0.85 dl=2 dg=1
       Value: 0x00000000 -> 0x8041D300
       Store address: 0x00221360
       zkVM errors (1 lines):
         • [prover_impl.rs:280] verify segment (internal proof verification failed)
       Local constraints hit (2 unique):
         - MemoryWrite@mem.zir:100
           cycle=16718, step=145, pc=0x00201104, major=6, minor=2
         - MemoryWrite@mem.zir:99
           cycle=16718, step=145, pc=0x00201104, major=6, minor=2
       Global: memory permutation violated
         0x00221360 (code): wrote 0x8041d300, expected 0x00000000 (cycle 33437)
  [239] ✓ INSTR_TYPE_MOD @ step 3165: 4 failures, 2985ms, outcome: REJECTED, exit: 101 [proof:GENERATED] G=memory|cycle
       r=0.037  T_new=0.00 F_new=0.92 F_rare=1.00 U=0 Q=0.08 Q_l=0.26 Q_g=0.31 dl=4 dg=7
       Value: 0x00050002 -> 0x00060002
       Original: Lw [major=5, minor=2]
       Mutated:  Sw [major=6, minor=2]
       zkVM errors (3 lines):
         • [prover_impl.rs:280] verify segment (internal proof verification failed)
         • [ffi.cpp:113] address mismatch at cycle 19967: preflight=0x00080066, actual=0x3fffc038
         • [kernels/cxx/ffi.cpp:208] SKIP THROW: memory peek not in preflight
       Local constraints hit (4 unique):
         - IsRead@mem.zir:79
           cycle=19967, step=3165, pc=0x00205824, major=6, minor=2
         - MemoryWrite@mem.zir:100
           cycle=19967, step=3165, pc=0x00205824, major=6, minor=2
         - MemoryWrite@mem.zir:99
           cycle=19967, step=3165, pc=0x00205824, major=6, minor=2
         - VerifyOpcodeF3@inst.zir:96
           cycle=19967, step=3165, pc=0x00205824, major=6, minor=2
       Global: memory permutation violated
         0x00200188 (data): expected write missing, needed 0x03412483 (cycle 16418)
         0x00200198 (data): unexpected write 0x002214ec (cycle 39343)
         x8/s0: unexpected write 0x0022152c (cycle 39930)
         x24/s8: expected write missing, needed 0x002214ec (cycle 39343)
       Global: cycle lookup violated (3 indices broken)
         index 3: 698 provides, 1 uses (imbalanced)
         index 4: 251 provides, 1 uses (imbalanced)
         index 23516: 1 provides, 1 uses (imbalanced)
  [240] ✓ INSTR_TYPE_MOD @ step 2290: 21 failures, 2923ms, outcome: REJECTED, exit: 101 [proof:GENERATED] G=memory
       r=0.000  T_new=0.00 F_new=1.00 F_rare=1.00 U=0 Q=0.00 Q_l=0.00 Q_g=0.19 dl=16 dg=10
       Value: 0x00000007 -> 0x0000000F
       Original: AddI [major=0, minor=7]
       Mutated:  Blt [major=0, minor=15] ⚠INVALID
       zkVM errors (3 lines):
         • [prover_impl.rs:280] verify segment (internal proof verification failed)
         • [ffi.cpp:113] address mismatch at cycle 18944: preflight=0x3fffc02d, actual=0x3fffc060
         • [kernels/cxx/ffi.cpp:208] SKIP THROW: memory peek not in preflight
       Local constraints hit (5 unique):
         - AddrDecompose@u32.zir:67 (x13)
           cycle=18945, step=2291, pc=0x00203468, major=0, minor=7
         - MemoryWrite@mem.zir:100 (x3)
           cycle=18944, step=2290, pc=0x00203464, major=0, minor=15
         - MemoryWrite@mem.zir:99 (x3)
           cycle=18944, step=2290, pc=0x00203464, major=0, minor=15
         - OneHot@one_hot.zir:11
           cycle=18944, step=2290, pc=0x00203464, major=0, minor=15
         - OneHot@one_hot.zir:9
           cycle=18944, step=2290, pc=0x00203464, major=0, minor=15
       Global: memory permutation violated (28 addrs: 1 register, 13 code, 14 data)
         0x00000000 (data): expected write missing, needed 0x00870713 (cycle 10662)
         0x00000004 (data): expected write missing, needed 0x00467593 (cycle 35902)
         0x00000008 (data): expected write missing, needed 0x16058263 (cycle 35904)
         + 13 code addresses diverged (instruction fetch cascade)
         + 12 more addresses
  [241] ✓ INSTR_TYPE_MOD @ step 3928: 2 failures, 2916ms, outcome: REJECTED, exit: 101 [proof:GENERATED]
       r=0.087  T_new=0.00 F_new=0.00 F_rare=0.58 U=0 Q=0.51 Q_l=0.51 Q_g=1.00 dl=2 dg=0
       Value: 0x00000007 -> 0x00000005
       Original: AddI [major=0, minor=7]
       Mutated:  Slt [major=0, minor=5]
       zkVM errors (1 lines):
         • [prover_impl.rs:280] verify segment (internal proof verification failed)
       Local constraints hit (2 unique):
         - VerifyOpcodeF3F7@inst.zir:102
           cycle=20878, step=3928, pc=0xC00000F8, major=0, minor=5
         - VerifyOpcodeF3F7@inst.zir:103
           cycle=20878, step=3928, pc=0xC00000F8, major=0, minor=5
       Global: no permutation/lookup violations (local-only)
  [242] ✓ INSTR_TYPE_MOD @ step 1517: 3 failures, 2921ms, outcome: REJECTED, exit: 101 [proof:GENERATED]
       r=0.109  T_new=0.00 F_new=0.39 F_rare=0.85 U=0 Q=0.37 Q_l=0.37 Q_g=1.00 dl=3 dg=0
       Value: 0x00050003 -> 0x00050000
       Original: LbU [major=5, minor=3]
       Mutated:  Lb [major=5, minor=0]
       zkVM errors (1 lines):
         • [prover_impl.rs:280] verify segment (internal proof verification failed)
       Local constraints hit (3 unique):
         - MemoryWrite@mem.zir:100
           cycle=18161, step=1517, pc=0x002184C0, major=5, minor=0
         - MemoryWrite@mem.zir:99
           cycle=18161, step=1517, pc=0x002184C0, major=5, minor=0
         - VerifyOpcodeF3@inst.zir:97
           cycle=18161, step=1517, pc=0x002184C0, major=5, minor=0
       Global: no permutation/lookup violations (local-only)
  [243] ✓ INSTR_TYPE_MOD @ step 1915: 2 failures, 2910ms, outcome: REJECTED, exit: 101 [proof:GENERATED]
       r=0.051  T_new=0.00 F_new=0.00 F_rare=0.41 U=0 Q=0.51 Q_l=0.51 Q_g=1.00 dl=2 dg=0
       Value: 0x00000007 -> 0x00000002
       Original: AddI [major=0, minor=7]
       Mutated:  Xor [major=0, minor=2]
       zkVM errors (1 lines):
         • [prover_impl.rs:280] verify segment (internal proof verification failed)
       Local constraints hit (2 unique):
         - VerifyOpcodeF3F7@inst.zir:102
           cycle=18564, step=1915, pc=0x00205F84, major=0, minor=2
         - VerifyOpcodeF3F7@inst.zir:103
           cycle=18564, step=1915, pc=0x00205F84, major=0, minor=2
       Global: no permutation/lookup violations (local-only)
  [244] ✓ MEM_VAL_MOD @ step 0: 9 failures, 2949ms, outcome: REJECTED, exit: 101 [proof:GENERATED] G=memory
       r=0.129  T_new=0.00 F_new=0.39 F_rare=0.85 U=0 Q=0.43 Q_l=0.51 Q_g=0.85 dl=2 dg=1
       Value: 0x00000000 -> 0x00000004
       Transaction: other_mem_read (READ) at address 0x000103b4
       zkVM errors (2 lines):
         • [prover_impl.rs:280] verify segment (internal proof verification failed)
         • [kernels/cxx/buffers.h:43] SKIP THROW: Inconsistent set
       Local constraints hit (2 unique):
         - IsRead@mem.zir:79
           cycle=2049, step=0, pc=0x00000000, major=9, minor=2
         - PoseidonCheckOut@inst_p2.zir:265 (x8)
           cycle=2079, step=0, pc=0x00000000, major=9, minor=5
       Global: memory permutation violated
         0x000103B4 (data): wrote 0x00000004, expected 0x00000000 (cycle 4098)
  [245] ✓ INSTR_TYPE_MOD @ step 761: 3 failures, 2939ms, outcome: REJECTED, exit: 101 [proof:GENERATED] G=memory
       r=0.102  T_new=0.00 F_new=0.63 F_rare=1.00 U=0 Q=0.26 Q_l=0.37 Q_g=0.72 dl=3 dg=2
       Value: 0x00000007 -> 0x00010006
       Original: AddI [major=0, minor=7]
       Mutated:  Bne [major=1, minor=6]
       zkVM errors (3 lines):
         • [prover_impl.rs:280] verify segment (internal proof verification failed)
         • [ffi.cpp:113] address mismatch at cycle 17379: preflight=0x3fffc00c, actual=0x3fffc040
         • [kernels/cxx/ffi.cpp:208] SKIP THROW: memory peek not in preflight
       Local constraints hit (3 unique):
         - MemoryWrite@mem.zir:99
           cycle=17379, step=761, pc=0xC000015C, major=1, minor=6
         - VerifyOpcodeF3@inst.zir:96
           cycle=17379, step=761, pc=0xC000015C, major=1, minor=6
         - VerifyOpcodeF3@inst.zir:97
           cycle=17379, step=761, pc=0xC000015C, major=1, minor=6
       Global: memory permutation violated
         0xFFFF0030 (data): unexpected write 0x00000004 (cycle 34750)
         0xFFFF0100 (data): expected write missing, needed 0x00000004 (cycle 34750)
  [246] ✓ INSTR_TYPE_MOD @ step 1772: 2 failures, 2902ms, outcome: REJECTED, exit: 101 [proof:GENERATED]
       r=0.160  T_new=0.00 F_new=0.39 F_rare=0.79 U=0 Q=0.51 Q_l=0.51 Q_g=1.00 dl=2 dg=0
       Value: 0x00050003 -> 0x00050004
       Original: LbU [major=5, minor=3]
       Mutated:  LhU [major=5, minor=4]
       zkVM errors (1 lines):
         • [prover_impl.rs:280] verify segment (internal proof verification failed)
       Local constraints hit (2 unique):
         - MemoryWrite@mem.zir:99
           cycle=18416, step=1772, pc=0x002184C4, major=5, minor=4
         - VerifyOpcodeF3@inst.zir:97
           cycle=18416, step=1772, pc=0x002184C4, major=5, minor=4
       Global: no permutation/lookup violations (local-only)
  [247] ✓ INSTR_TYPE_MOD @ step 1197: 2 failures, 2987ms, outcome: REJECTED, exit: 101 [proof:GENERATED] G=memory|cycle
       r=0.074  T_new=0.00 F_new=0.95 F_rare=1.00 U=0 Q=0.16 Q_l=0.51 Q_g=0.31 dl=2 dg=7
       Value: 0x00060002 -> 0x00050000
       Original: Sw [major=6, minor=2]
       Mutated:  Lb [major=5, minor=0]
       zkVM errors (3 lines):
         • [prover_impl.rs:280] verify segment (internal proof verification failed)
         • [ffi.cpp:113] address mismatch at cycle 17841: preflight=0x3fffc020, actual=0x00088500
         • [kernels/cxx/ffi.cpp:208] SKIP THROW: memory peek not in preflight
       Local constraints hit (2 unique):
         - VerifyOpcodeF3@inst.zir:96
           cycle=17841, step=1197, pc=0x00209C64, major=5, minor=0
         - VerifyOpcodeF3@inst.zir:97
           cycle=17841, step=1197, pc=0x00209C64, major=5, minor=0
       Global: memory permutation violated
         x0/zero: unexpected write 0x00000000 (cycle 35680)
         x20/s4: expected write missing, needed 0x00000000 (cycle 29278)
         0x00221400 (code): expected write missing, needed 0x00000000 (cycle 35680)
         0x00221414 (code): unexpected write 0x00000000 (cycle 29278)
       Global: cycle lookup violated (3 indices broken)
         index 0: 2254 provides, 1 uses (imbalanced)
         index 6403: orphan use (1 entries, no matching provide)
         index 6404: 1 provides, 1 uses (imbalanced)
  [248] ✓ INSTR_WORD_MOD_SUR @ step 3565: 0 failures, 2938ms, outcome: REJECTED, exit: 101 [proof:GENERATED] G=memory[GO]
       r=0.256  T_new=0.00 F_new=0.78 F_rare=1.00 U=0 Q=0.61 Q_l=1.00 Q_g=0.61 dl=0 dg=3
       Value: 0x00090693 -> 0x000D8693
       Surgical: rs1 = 18 -> 27
       Original: ADDI x13, x18, 0
       Mutated:  ADDI x13, x27, 0
       zkVM errors (3 lines):
         • [prover_impl.rs:280] verify segment (internal proof verification failed)
         • [ffi.cpp:113] address mismatch at cycle 20441: preflight=0x3fffc032, actual=0x3fffc03b
         • [kernels/cxx/ffi.cpp:208] SKIP THROW: memory peek not in preflight
       Global: memory permutation violated [GLOBAL-ONLY]
         x18/s2: unexpected write 0x00000022 (cycle 40643)
         x27/s11: expected write missing, needed 0x00000022 (cycle 40643)
         0x00205444 (code): wrote 0x00090693, expected 0x000d8693 (cycle 15794)
  [249] ✓ INSTR_TYPE_MOD @ step 1142: 6 failures, 3020ms, outcome: REJECTED, exit: 101 [proof:GENERATED] G=memory|cycle
       r=0.028  T_new=0.00 F_new=0.95 F_rare=1.00 U=0 Q=0.06 Q_l=0.14 Q_g=0.43 dl=6 dg=5
       Value: 0x00000007 -> 0x00060001
       Original: AddI [major=0, minor=7]
       Mutated:  Sh [major=6, minor=1]
       zkVM errors (3 lines):
         • [prover_impl.rs:280] verify segment (internal proof verification failed)
         • [ffi.cpp:113] address mismatch at cycle 17786: preflight=0x3fffc029, actual=0x00000002
         • [kernels/cxx/ffi.cpp:208] SKIP THROW: memory peek not in preflight
       Local constraints hit (6 unique):
         - AddrDecomposeBits@u32.zir:87
           cycle=17786, step=1142, pc=0x0020B954, major=6, minor=1
         - MemoryWrite@mem.zir:100
           cycle=17786, step=1142, pc=0x0020B954, major=6, minor=1
         - MemoryWrite@mem.zir:99
           cycle=17786, step=1142, pc=0x0020B954, major=6, minor=1
         - OpSH@inst_mem.zir:148
           cycle=17786, step=1142, pc=0x0020B954, major=6, minor=1
         - VerifyOpcodeF3@inst.zir:96
           cycle=17786, step=1142, pc=0x0020B954, major=6, minor=1
         - VerifyOpcodeF3@inst.zir:97
           cycle=17786, step=1142, pc=0x0020B954, major=6, minor=1
       Global: memory permutation violated
         0x00000008 (data): expected write missing, needed 0x00058513 (cycle 23682)
         x9/s1: unexpected write 0x00000000 (cycle 35515)
       Global: cycle lookup violated (3 indices broken)
         index 56: 117 provides, 1 uses (imbalanced)
         index 57: 12 provides, 1 uses (imbalanced)
         index 11890: 1 provides, 1 uses (imbalanced)
  [250] ✓ INSTR_TYPE_MOD @ step 0: 5 failures, 2984ms, outcome: REJECTED, exit: 101 [proof:GENERATED] G=memory|cycle
       r=0.018  T_new=0.00 F_new=0.00 F_rare=0.64 U=0 Q=0.11 Q_l=0.19 Q_g=0.61 dl=5 dg=3
       Value: 0x00020006 -> 0x00020003
       Original: Auipc [major=2, minor=6]
       Mutated:  Jal [major=2, minor=3]
       zkVM errors (3 lines):
         • [prover_impl.rs:280] verify segment (internal proof verification failed)
         • [ffi.cpp:113] address mismatch at cycle 0: preflight=0x44000000, actual=0x00000000
         • [kernels/cxx/ffi.cpp:208] SKIP THROW: memory peek not in preflight
       Local constraints hit (5 unique):
         - AddrDecompose@u32.zir:67
           cycle=0, step=0, pc=0x00000000, major=2, minor=3
         - ControlLoadRootAndNonce@inst_control.zir:23
           cycle=1, step=0, pc=0x00000000, major=7, minor=0
         - MemoryWrite@mem.zir:99
           cycle=0, step=0, pc=0x00000000, major=2, minor=3
         - MiscInput@inst_misc.zir:7
           cycle=0, step=0, pc=0x00000000, major=2, minor=3
         - VerifyOpcode@inst.zir:91
           cycle=0, step=0, pc=0x00000000, major=2, minor=3
       Global: memory permutation violated
         0xFFFF0100 (data): expected write missing, needed 0x00000000 (cycle 0)
       Global: cycle lookup violated (2 indices broken)
         index 0: 2256 provides, 1 uses (imbalanced)
         index 2013265920: orphan provide (2 entries, no matching use)
  [251] ✓ INSTR_TYPE_MOD @ step 32: 5 failures, 2993ms, outcome: REJECTED, exit: 101 [proof:GENERATED] G=memory|cycle
       r=0.037  T_new=0.00 F_new=0.92 F_rare=1.00 U=0 Q=0.08 Q_l=0.19 Q_g=0.43 dl=5 dg=5
       Value: 0x00060002 -> 0x00000001
       Original: Sw [major=6, minor=2]
       Mutated:  Sub [major=0, minor=1]
       zkVM errors (3 lines):
         • [prover_impl.rs:280] verify segment (internal proof verification failed)
         • [ffi.cpp:113] address mismatch at cycle 16605: preflight=0x000884fe, actual=0x3fffc038
         • [kernels/cxx/ffi.cpp:208] SKIP THROW: memory peek not in preflight
       Local constraints hit (5 unique):
         - MemoryWrite@mem.zir:100
           cycle=16605, step=32, pc=0x00203F6C, major=0, minor=1
         - MemoryWrite@mem.zir:99
           cycle=16605, step=32, pc=0x00203F6C, major=0, minor=1
         - VerifyOpcodeF3F7@inst.zir:102
           cycle=16605, step=32, pc=0x00203F6C, major=0, minor=1
         - VerifyOpcodeF3F7@inst.zir:103
           cycle=16605, step=32, pc=0x00203F6C, major=0, minor=1
         - VerifyOpcodeF3F7@inst.zir:104
           cycle=16605, step=32, pc=0x00203F6C, major=0, minor=1
       Global: memory permutation violated
         x24/s8: expected write missing, needed 0x00000000 (cycle 29254)
         0x002213F8 (code): unexpected write 0x00000000 (cycle 29254)
       Global: cycle lookup violated (3 indices broken)
         index 0: 2254 provides, 1 uses (imbalanced)
         index 3955: orphan use (1 entries, no matching provide)
         index 3956: 1 provides, 1 uses (imbalanced)
  [252] ✓ INSTR_TYPE_MOD @ step 2124: 3 failures, 2902ms, outcome: REJECTED, exit: 101 [proof:GENERATED]
       r=0.042  T_new=0.00 F_new=0.00 F_rare=0.47 U=0 Q=0.37 Q_l=0.37 Q_g=1.00 dl=3 dg=0
       Value: 0x00000007 -> 0x00000001
       Original: AddI [major=0, minor=7]
       Mutated:  Sub [major=0, minor=1]
       zkVM errors (1 lines):
         • [prover_impl.rs:280] verify segment (internal proof verification failed)
       Local constraints hit (3 unique):
         - MemoryWrite@mem.zir:99
           cycle=18778, step=2124, pc=0x00205E00, major=0, minor=1
         - VerifyOpcodeF3F7@inst.zir:102
           cycle=18778, step=2124, pc=0x00205E00, major=0, minor=1
         - VerifyOpcodeF3F7@inst.zir:104
           cycle=18778, step=2124, pc=0x00205E00, major=0, minor=1
       Global: no permutation/lookup violations (local-only)
  [253] ✓ INSTR_TYPE_MOD @ step 2714: 8 failures, 2973ms, outcome: REJECTED, exit: 101 [proof:GENERATED] G=memory|cycle
       r=0.004  T_new=0.00 F_new=1.00 F_rare=1.00 U=0 Q=0.01 Q_l=0.07 Q_g=0.11 dl=8 dg=13
       Value: 0x00020003 -> 0x00060000
       Original: Jal [major=2, minor=3]
       Mutated:  Sb [major=6, minor=0]
       zkVM errors (3 lines):
         • [prover_impl.rs:280] verify segment (internal proof verification failed)
         • [ffi.cpp:113] address mismatch at cycle 19442: preflight=0x3fffc060, actual=0x00000000
         • [kernels/cxx/ffi.cpp:208] SKIP THROW: memory peek not in preflight
       Local constraints hit (6 unique):
         - AddrDecomposeBits@u32.zir:87
           cycle=19442, step=2714, pc=0x00201674, major=6, minor=0
         - IsRead@mem.zir:79
           cycle=19442, step=2714, pc=0x00201674, major=6, minor=0
         - IsRead@mem.zir:80
           cycle=19442, step=2714, pc=0x00201674, major=6, minor=0
         - MemoryWrite@mem.zir:100
           cycle=19442, step=2714, pc=0x00201674, major=6, minor=0
         - MemoryWrite@mem.zir:99 (x3)
           cycle=19442, step=2714, pc=0x00201674, major=6, minor=0
         - VerifyOpcodeF3@inst.zir:96
           cycle=19442, step=2714, pc=0x00201674, major=6, minor=0
       Global: memory permutation violated (45 addrs: 43 code, 2 data)
         0x00000000 (data): expected write missing, needed 0x09c12503 (cycle 7118)
         0xFFFF0180 (data): unexpected write 0x00000000 (cycle 38851)
         + 43 code addresses diverged (instruction fetch cascade)
       Global: cycle lookup violated (3 indices broken)
         index 32: 32 provides, 1 uses (imbalanced)
         index 33: 36 provides, 1 uses (imbalanced)
         index 31766: 1 provides, 1 uses (imbalanced)
  [254] ✓ INSTR_TYPE_MOD @ step 0: 5 failures, 3025ms, outcome: REJECTED, exit: 101 [proof:GENERATED] [+34 touch] G=memory|cycle
       r=0.074  T_new=0.62 F_new=0.86 F_rare=1.00 U=0 Q=0.11 Q_l=0.19 Q_g=0.61 dl=5 dg=3
       Value: 0x00020006 -> 0x00030009
       Original: Auipc [major=2, minor=6]
       Mutated:  Sra [major=3, minor=9] ⚠INVALID
       zkVM errors (3 lines):
         • [prover_impl.rs:280] verify segment (internal proof verification failed)
         • [ffi.cpp:113] address mismatch at cycle 0: preflight=0x44000000, actual=0x00000000
         • [kernels/cxx/ffi.cpp:208] SKIP THROW: memory peek not in preflight
       Local constraints hit (5 unique):
         - AddrDecompose@u32.zir:67
           cycle=0, step=0, pc=0x00000000, major=3, minor=9
         - ControlLoadRootAndNonce@inst_control.zir:23
           cycle=1, step=0, pc=0x00000000, major=7, minor=0
         - MulInput@inst_mul.zir:8
           cycle=0, step=0, pc=0x00000000, major=3, minor=9
         - OneHot@one_hot.zir:11
           cycle=0, step=0, pc=0x00000000, major=3, minor=9
         - OneHot@one_hot.zir:9
           cycle=0, step=0, pc=0x00000000, major=3, minor=9
       Global: memory permutation violated
         0xFFFF0100 (data): expected write missing, needed 0x00000000 (cycle 0)
       Global: cycle lookup violated (2 indices broken)
         index 0: 2256 provides, 1 uses (imbalanced)
         index 2013265920: orphan provide (2 entries, no matching use)
  [255] ✓ INSTR_TYPE_MOD @ step 3105: 2 failures, 2910ms, outcome: REJECTED, exit: 101 [proof:GENERATED] [+30 touch]
       r=0.297  T_new=0.58 F_new=0.63 F_rare=1.00 U=0 Q=0.51 Q_l=0.51 Q_g=1.00 dl=2 dg=0
       Value: 0x00000004 -> 0x0003000D
       Original: And [major=0, minor=4]
       Mutated:  DivU [major=3, minor=13] ⚠INVALID
       zkVM errors (1 lines):
         • [prover_impl.rs:280] verify segment (internal proof verification failed)
       Local constraints hit (2 unique):
         - OneHot@one_hot.zir:11
           cycle=19833, step=3105, pc=0x0020579C, major=3, minor=13
         - OneHot@one_hot.zir:9
           cycle=19833, step=3105, pc=0x0020579C, major=3, minor=13
       Global: no permutation/lookup violations (local-only)
  [256] ✓ INSTR_TYPE_MOD @ step 1632: 3 failures, 2967ms, outcome: REJECTED, exit: 101 [proof:GENERATED] G=memory|cycle
       r=0.071  T_new=0.00 F_new=0.86 F_rare=1.00 U=0 Q=0.16 Q_l=0.37 Q_g=0.43 dl=3 dg=5
       Value: 0x00060002 -> 0x00050002
       Original: Sw [major=6, minor=2]
       Mutated:  Lw [major=5, minor=2]
       zkVM errors (3 lines):
         • [prover_impl.rs:280] verify segment (internal proof verification failed)
         • [ffi.cpp:113] address mismatch at cycle 18276: preflight=0x3fffc028, actual=0x00080046
         • [kernels/cxx/ffi.cpp:208] SKIP THROW: memory peek not in preflight
       Local constraints hit (3 unique):
         - MemoryWrite@mem.zir:100
           cycle=18276, step=1632, pc=0x002024BC, major=5, minor=2
         - MemoryWrite@mem.zir:99
           cycle=18276, step=1632, pc=0x002024BC, major=5, minor=2
         - VerifyOpcodeF3@inst.zir:96
           cycle=18276, step=1632, pc=0x002024BC, major=5, minor=2
       Global: memory permutation violated
         0x00200118 (data): unexpected write 0x00000000 (cycle 4322)
         x8/s0: expected write missing, needed 0x00000000 (cycle 4322)
       Global: cycle lookup violated (3 indices broken)
         index 0: 2254 provides, 1 uses (imbalanced)
         index 32229: orphan use (1 entries, no matching provide)
         index 32230: 1 provides, 1 uses (imbalanced)
  [257] ✓ INSTR_TYPE_MOD @ step 3744: 1 failures, 2907ms, outcome: REJECTED, exit: 101 [proof:GENERATED]
       r=0.122  T_new=0.00 F_new=0.00 F_rare=0.71 U=0 Q=0.72 Q_l=0.72 Q_g=1.00 dl=1 dg=0
       Value: 0x00010001 -> 0x00000007
       Original: OrI [major=1, minor=1]
       Mutated:  AddI [major=0, minor=7]
       zkVM errors (1 lines):
         • [prover_impl.rs:280] verify segment (internal proof verification failed)
       Local constraints hit (1 unique):
         - VerifyOpcodeF3@inst.zir:97
           cycle=20620, step=3744, pc=0x002032AC, major=0, minor=7
       Global: no permutation/lookup violations (local-only)
  [258] ✓ INSTR_TYPE_MOD @ step 970: 3 failures, 2932ms, outcome: REJECTED, exit: 101 [proof:GENERATED] G=memory
       r=0.102  T_new=0.00 F_new=0.63 F_rare=1.00 U=0 Q=0.26 Q_l=0.37 Q_g=0.72 dl=3 dg=2
       Value: 0x00000007 -> 0x00050002
       Original: AddI [major=0, minor=7]
       Mutated:  Lw [major=5, minor=2]
       zkVM errors (3 lines):
         • [prover_impl.rs:280] verify segment (internal proof verification failed)
         • [ffi.cpp:113] address mismatch at cycle 17603: preflight=0x3fffc020, actual=0x00000000
         • [kernels/cxx/ffi.cpp:208] SKIP THROW: memory peek not in preflight
       Local constraints hit (3 unique):
         - AddrDecomposeBits@u32.zir:87
           cycle=17603, step=970, pc=0x00206144, major=5, minor=2
         - VerifyOpcodeF3@inst.zir:96
           cycle=17603, step=970, pc=0x00206144, major=5, minor=2
         - VerifyOpcodeF3@inst.zir:97
           cycle=17603, step=970, pc=0x00206144, major=5, minor=2
       Global: memory permutation violated
         0x00000000 (data): expected write missing, needed 0x00000000 (cycle 35204)
         x0/zero: unexpected write 0x00000000 (cycle 35204)
  [259] ✓ INSTR_WORD_MOD_FULL @ step 1689: 1 failures, 2904ms, outcome: REJECTED, exit: 101 [proof:GENERATED] G=memory
       r=0.171  T_new=0.00 F_new=0.39 F_rare=0.79 U=0 Q=0.61 Q_l=0.72 Q_g=0.85 dl=1 dg=1
       Value: 0x00060493 -> 0x00061493
       Original: ADDI x9, x12, 0
       Mutated:  SLLI x9, x12, 0
       zkVM errors (1 lines):
         • [prover_impl.rs:280] verify segment (internal proof verification failed)
       Local constraints hit (1 unique):
         - VerifyOpcodeF3@inst.zir:97
           cycle=18333, step=1689, pc=0x00205F78, major=0, minor=7
       Global: memory permutation violated
         0x00205F74 (code): wrote 0x00060493, expected 0x00061493 (cycle 17582)
  [260] ✓ PRE_EXEC_REG_MOD @ step 1236: 4 failures, 2941ms, outcome: REJECTED, exit: 101 [proof:GENERATED] G=memory
       r=0.056  T_new=0.00 F_new=0.39 F_rare=0.66 U=0 Q=0.22 Q_l=0.26 Q_g=0.85 dl=4 dg=1
       Value: 0x00000000 -> 0xE49E55C7
       Register: x8 (s0), READ, strategy=next_read
       zkVM errors (1 lines):
         • [prover_impl.rs:280] verify segment (internal proof verification failed)
       Local constraints hit (4 unique):
         - IsRead@mem.zir:79
           cycle=17880, step=1236, pc=0x00201214, major=6, minor=2
         - IsRead@mem.zir:80
           cycle=17880, step=1236, pc=0x00201214, major=6, minor=2
         - MemoryWrite@mem.zir:100
           cycle=17880, step=1236, pc=0x00201214, major=6, minor=2
         - MemoryWrite@mem.zir:99
           cycle=17880, step=1236, pc=0x00201214, major=6, minor=2
       Global: memory permutation violated
         x8/s0: wrote 0xe49e55c7, expected 0x00000000 (cycle 35760)
  [261] ✓ INSTR_TYPE_MOD @ step 0: 4 failures, 2988ms, outcome: REJECTED, exit: 101 [proof:GENERATED] [+1 touch] G=memory|cycle
       r=0.046  T_new=0.03 F_new=0.39 F_rare=0.79 U=0 Q=0.16 Q_l=0.26 Q_g=0.61 dl=4 dg=3
       Value: 0x00020006 -> 0x00000007
       Original: Auipc [major=2, minor=6]
       Mutated:  AddI [major=0, minor=7]
       zkVM errors (3 lines):
         • [prover_impl.rs:280] verify segment (internal proof verification failed)
         • [ffi.cpp:113] address mismatch at cycle 0: preflight=0x44000000, actual=0x00000000
         • [kernels/cxx/ffi.cpp:208] SKIP THROW: memory peek not in preflight
       Local constraints hit (4 unique):
         - AddrDecompose@u32.zir:67
           cycle=0, step=0, pc=0x00000000, major=0, minor=7
         - ControlLoadRootAndNonce@inst_control.zir:23
           cycle=1, step=0, pc=0x00000000, major=7, minor=0
         - MiscInput@inst_misc.zir:7
           cycle=0, step=0, pc=0x00000000, major=0, minor=7
         - VerifyOpcodeF3@inst.zir:96
           cycle=0, step=0, pc=0x00000000, major=0, minor=7
       Global: memory permutation violated
         0xFFFF0100 (data): expected write missing, needed 0x00000000 (cycle 0)
       Global: cycle lookup violated (2 indices broken)
         index 0: 2256 provides, 1 uses (imbalanced)
         index 2013265920: orphan provide (2 entries, no matching use)
  [262] ✓ INSTR_TYPE_MOD @ step 499: 1 failures, 2927ms, outcome: REJECTED, exit: 101 [proof:GENERATED]
       r=0.100  T_new=0.00 F_new=0.00 F_rare=0.58 U=0 Q=0.72 Q_l=0.72 Q_g=1.00 dl=1 dg=0
       Value: 0x00000007 -> 0x00010004
       Original: AddI [major=0, minor=7]
       Mutated:  SltIU [major=1, minor=4]
       zkVM errors (1 lines):
         • [prover_impl.rs:280] verify segment (internal proof verification failed)
       Local constraints hit (1 unique):
         - VerifyOpcodeF3@inst.zir:97
           cycle=17096, step=499, pc=0x00206144, major=1, minor=4
       Global: no permutation/lookup violations (local-only)
  [263] ✓ MEM_VAL_MOD @ step 1384: 3 failures, 2987ms, outcome: REJECTED, exit: 101 [proof:GENERATED] G=memory
       r=0.088  T_new=0.00 F_new=0.39 F_rare=0.79 U=0 Q=0.31 Q_l=0.37 Q_g=0.85 dl=3 dg=1
       Value: 0x85AE67BB -> 0x785198C4
       Transaction: load_mem_read (READ) at address 0x00200314
       zkVM errors (1 lines):
         • [prover_impl.rs:280] verify segment (internal proof verification failed)
       Local constraints hit (3 unique):
         - IsRead@mem.zir:79
           cycle=18028, step=1384, pc=0x002184C0, major=5, minor=3
         - IsRead@mem.zir:80
           cycle=18028, step=1384, pc=0x002184C0, major=5, minor=3
         - MemoryWrite@mem.zir:99
           cycle=18028, step=1384, pc=0x002184C0, major=5, minor=3
       Global: memory permutation violated
         0x00200314 (data): wrote 0x785198c4, expected 0x85ae67bb (cycle 36056)
  [264] ✓ INSTR_TYPE_MOD @ step 0: 6 failures, 2985ms, outcome: REJECTED, exit: 101 [proof:GENERATED] [+1 new] [+38 touch] G=memory|cycle
       r=0.055  T_new=0.66 F_new=0.95 F_rare=1.00 U=0 Q=0.08 Q_l=0.14 Q_g=0.61 dl=6 dg=3
       Value: 0x00020006 -> 0x0006000D
       Original: Auipc [major=2, minor=6]
       Mutated:  Unknown(6,13) [major=6, minor=13] ⚠INVALID
       zkVM errors (3 lines):
         • [prover_impl.rs:280] verify segment (internal proof verification failed)
         • [ffi.cpp:113] address mismatch at cycle 0: preflight=0x44000000, actual=0x00000000
         • [kernels/cxx/ffi.cpp:208] SKIP THROW: memory peek not in preflight
       Local constraints hit (6 unique):
         - AddrDecompose@u32.zir:67
           cycle=0, step=0, pc=0x00000000, major=6, minor=13
         - AddrDecomposeBits@u32.zir:87
           cycle=0, step=0, pc=0x00000000, major=6, minor=13
         - ControlLoadRootAndNonce@inst_control.zir:23
           cycle=1, step=0, pc=0x00000000, major=7, minor=0
         - MemStoreInput@inst_mem.zir:18
           cycle=0, step=0, pc=0x00000000, major=6, minor=13
         - OneHot@one_hot.zir:11
           cycle=0, step=0, pc=0x00000000, major=6, minor=13
         - OneHot@one_hot.zir:9
           cycle=0, step=0, pc=0x00000000, major=6, minor=13
       Global: memory permutation violated
         0x00000000 (data): unexpected write 0x00000000 (cycle 1)
       Global: cycle lookup violated (2 indices broken)
         index 0: 2256 provides, 1 uses (imbalanced)
         index 2013265920: orphan provide (3 entries, no matching use)
  [265] ✓ INSTR_TYPE_MOD @ step 3249: 3 failures, 2938ms, outcome: REJECTED, exit: 101 [proof:GENERATED] G=memory
       r=0.033  T_new=0.00 F_new=0.99 F_rare=1.00 U=0 Q=0.07 Q_l=0.37 Q_g=0.19 dl=3 dg=10
       Value: 0x00020001 -> 0x00020002
       Original: BltU [major=2, minor=1]
       Mutated:  BgeU [major=2, minor=2]
       zkVM errors (3 lines):
         • [prover_impl.rs:280] verify segment (internal proof verification failed)
         • [ffi.cpp:113] address mismatch at cycle 20052: preflight=0x000812f9, actual=0x00081370
         • [kernels/cxx/buffers.h:43] SKIP THROW: Inconsistent set
       Local constraints hit (2 unique):
         - MemoryWrite@mem.zir:99 (x2)
           cycle=20055, step=3253, pc=0x00204BF4, major=2, minor=6
         - VerifyOpcodeF3@inst.zir:97
           cycle=20051, step=3249, pc=0x00204BE4, major=2, minor=2
       Global: memory permutation violated (10 addrs: 10 code)
         + 10 code addresses diverged (instruction fetch cascade)
  [266] ✓ INSTR_TYPE_MOD @ step 2144: 1 failures, 2911ms, outcome: REJECTED, exit: 101 [proof:GENERATED]
       r=0.071  T_new=0.00 F_new=0.00 F_rare=0.41 U=0 Q=0.72 Q_l=0.72 Q_g=1.00 dl=1 dg=0
       Value: 0x00050002 -> 0x00050000
       Original: Lw [major=5, minor=2]
       Mutated:  Lb [major=5, minor=0]
       zkVM errors (1 lines):
         • [prover_impl.rs:280] verify segment (internal proof verification failed)
       Local constraints hit (1 unique):
         - VerifyOpcodeF3@inst.zir:97
           cycle=18798, step=2144, pc=0x00202544, major=5, minor=0
       Global: no permutation/lookup violations (local-only)
  [267] ✓ INSTR_TYPE_MOD @ step 1542: 4 failures, 2933ms, outcome: REJECTED, exit: 101 [proof:GENERATED]
       r=0.088  T_new=0.00 F_new=0.39 F_rare=0.85 U=0 Q=0.26 Q_l=0.26 Q_g=1.00 dl=4 dg=0
       Value: 0x00000007 -> 0x00030000
       Original: AddI [major=0, minor=7]
       Mutated:  Sll [major=3, minor=0]
       zkVM errors (1 lines):
         • [prover_impl.rs:280] verify segment (internal proof verification failed)
       Local constraints hit (4 unique):
         - MemoryWrite@mem.zir:99
           cycle=18186, step=1542, pc=0x002184D0, major=3, minor=0
         - VerifyOpcodeF3F7@inst.zir:102
           cycle=18186, step=1542, pc=0x002184D0, major=3, minor=0
         - VerifyOpcodeF3F7@inst.zir:103
           cycle=18186, step=1542, pc=0x002184D0, major=3, minor=0
         - VerifyOpcodeF3F7@inst.zir:104
           cycle=18186, step=1542, pc=0x002184D0, major=3, minor=0
       Global: no permutation/lookup violations (local-only)
  [268] ✓ INSTR_TYPE_MOD @ step 835: 2 failures, 2926ms, outcome: REJECTED, exit: 101 [proof:GENERATED]
       r=0.087  T_new=0.00 F_new=0.00 F_rare=0.58 U=0 Q=0.51 Q_l=0.51 Q_g=1.00 dl=2 dg=0
       Value: 0x00030001 -> 0x00030000
       Original: SllI [major=3, minor=1]
       Mutated:  Sll [major=3, minor=0]
       zkVM errors (1 lines):
         • [prover_impl.rs:280] verify segment (internal proof verification failed)
       Local constraints hit (2 unique):
         - MemoryWrite@mem.zir:99
           cycle=17456, step=835, pc=0xC0000148, major=3, minor=0
         - VerifyOpcodeF3F7@inst.zir:102
           cycle=17456, step=835, pc=0xC0000148, major=3, minor=0
       Global: no permutation/lookup violations (local-only)
  [269] ✓ INSTR_TYPE_MOD @ step 493: 3 failures, 2907ms, outcome: REJECTED, exit: 101 [proof:GENERATED] [+1 new] [+34 touch]
       r=0.229  T_new=0.62 F_new=0.78 F_rare=1.00 U=0 Q=0.37 Q_l=0.37 Q_g=1.00 dl=3 dg=0
       Value: 0x00020006 -> 0x00030006
       Original: Auipc [major=2, minor=6]
       Mutated:  Unknown(3,6) [major=3, minor=6] ⚠INVALID
       zkVM errors (1 lines):
         • [prover_impl.rs:280] verify segment (internal proof verification failed)
       Local constraints hit (3 unique):
         - IllegalMulOp@inst_mul.zir:18
           cycle=17090, step=493, pc=0x002031B4, major=3, minor=6
         - MemoryWrite@mem.zir:100
           cycle=17090, step=493, pc=0x002031B4, major=3, minor=6
         - MemoryWrite@mem.zir:99
           cycle=17090, step=493, pc=0x002031B4, major=3, minor=6
       Global: no permutation/lookup violations (local-only)
  [270] ✓ INSTR_TYPE_MOD @ step 934: 6 failures, 2964ms, outcome: REJECTED, exit: 101 [proof:GENERATED] G=memory|cycle
       r=0.020  T_new=0.00 F_new=0.95 F_rare=1.00 U=0 Q=0.04 Q_l=0.14 Q_g=0.31 dl=6 dg=7
       Value: 0x00050002 -> 0x00060001
       Original: Lw [major=5, minor=2]
       Mutated:  Sh [major=6, minor=1]
       zkVM errors (3 lines):
         • [prover_impl.rs:280] verify segment (internal proof verification failed)
         • [ffi.cpp:113] address mismatch at cycle 17567: preflight=0x000800d7, actual=0x3fffc02c
         • [kernels/cxx/ffi.cpp:208] SKIP THROW: memory peek not in preflight
       Local constraints hit (6 unique):
         - IsRead@mem.zir:79
           cycle=17567, step=934, pc=0x002031EC, major=6, minor=1
         - MemoryWrite@mem.zir:100
           cycle=17567, step=934, pc=0x002031EC, major=6, minor=1
         - MemoryWrite@mem.zir:99
           cycle=17567, step=934, pc=0x002031EC, major=6, minor=1
         - OpSH@inst_mem.zir:148
           cycle=17567, step=934, pc=0x002031EC, major=6, minor=1
         - VerifyOpcodeF3@inst.zir:96
           cycle=17567, step=934, pc=0x002031EC, major=6, minor=1
         - VerifyOpcodeF3@inst.zir:97
           cycle=17567, step=934, pc=0x002031EC, major=6, minor=1
       Global: memory permutation violated
         0x00200350 (data): expected write missing, needed 0x00812403 (cycle 34968)
         0x0020035C (data): unexpected write 0x00200a24 (cycle 35005)
         x1/ra: unexpected write 0x002031b8 (cycle 35122)
         x12/a2: expected write missing, needed 0x00200a24 (cycle 35005)
       Global: cycle lookup violated (3 indices broken)
         index 11: 211 provides, 1 uses (imbalanced)
         index 12: 188 provides, 1 uses (imbalanced)
         index 166: 4 provides, 1 uses (imbalanced)
  [271] ✓ INSTR_TYPE_MOD @ step 577: 6 failures, 2985ms, outcome: REJECTED, exit: 101 [proof:GENERATED] G=memory|cycle
       r=0.027  T_new=0.00 F_new=0.92 F_rare=1.00 U=0 Q=0.06 Q_l=0.14 Q_g=0.43 dl=6 dg=5
       Value: 0x00000007 -> 0x00060002
       Original: AddI [major=0, minor=7]
       Mutated:  Sw [major=6, minor=2]
       zkVM errors (3 lines):
         • [prover_impl.rs:280] verify segment (internal proof verification failed)
         • [ffi.cpp:113] address mismatch at cycle 17180: preflight=0x3fffc02f, actual=0x00000004
         • [kernels/cxx/ffi.cpp:208] SKIP THROW: memory peek not in preflight
       Local constraints hit (6 unique):
         - AddrDecomposeBits@u32.zir:87
           cycle=17180, step=577, pc=0x0020613C, major=6, minor=2
         - IsRead@mem.zir:79
           cycle=17180, step=577, pc=0x0020613C, major=6, minor=2
         - MemoryWrite@mem.zir:100
           cycle=17180, step=577, pc=0x0020613C, major=6, minor=2
         - MemoryWrite@mem.zir:99
           cycle=17180, step=577, pc=0x0020613C, major=6, minor=2
         - VerifyOpcodeF3@inst.zir:96
           cycle=17180, step=577, pc=0x0020613C, major=6, minor=2
         - VerifyOpcodeF3@inst.zir:97
           cycle=17180, step=577, pc=0x0020613C, major=6, minor=2
       Global: memory permutation violated
         0x00000010 (data): expected write missing, needed 0x00058893 (cycle 34190)
         x15/a5: unexpected write 0x00000000 (cycle 34275)
       Global: cycle lookup violated (3 indices broken)
         index 84: 4 provides, 1 uses (imbalanced)
         index 85: 15 provides, 1 uses (imbalanced)
         index 170: 3 provides, 1 uses (imbalanced)
  [272] ✓ INSTR_TYPE_MOD @ step 2589: 4 failures, 2950ms, outcome: REJECTED, exit: 101 [proof:GENERATED] G=memory|cycle
       r=0.052  T_new=0.00 F_new=0.92 F_rare=1.00 U=0 Q=0.11 Q_l=0.26 Q_g=0.43 dl=4 dg=5
       Value: 0x00060002 -> 0x00010001
       Original: Sw [major=6, minor=2]
       Mutated:  OrI [major=1, minor=1]
       zkVM errors (3 lines):
         • [prover_impl.rs:280] verify segment (internal proof verification failed)
         • [ffi.cpp:113] address mismatch at cycle 19317: preflight=0x000800e5, actual=0x3fffc034
         • [kernels/cxx/ffi.cpp:208] SKIP THROW: memory peek not in preflight
       Local constraints hit (4 unique):
         - MemoryWrite@mem.zir:100
           cycle=19317, step=2589, pc=0x00201560, major=1, minor=1
         - MemoryWrite@mem.zir:99
           cycle=19317, step=2589, pc=0x00201560, major=1, minor=1
         - VerifyOpcodeF3@inst.zir:96
           cycle=19317, step=2589, pc=0x00201560, major=1, minor=1
         - VerifyOpcodeF3@inst.zir:97
           cycle=19317, step=2589, pc=0x00201560, major=1, minor=1
       Global: memory permutation violated
         0x00200394 (data): unexpected write 0x00000000 (cycle 35514)
         x20/s4: expected write missing, needed 0x00000000 (cycle 35514)
       Global: cycle lookup violated (3 indices broken)
         index 0: 2254 provides, 1 uses (imbalanced)
         index 3119: orphan use (1 entries, no matching provide)
         index 3120: 1 provides, 1 uses (imbalanced)
  [273] ✓ INSTR_TYPE_MOD @ step 3626: 4 failures, 2956ms, outcome: REJECTED, exit: 101 [proof:GENERATED] G=memory
       r=0.073  T_new=0.00 F_new=0.63 F_rare=1.00 U=0 Q=0.19 Q_l=0.26 Q_g=0.72 dl=4 dg=2
       Value: 0x00020005 -> 0x00020002
       Original: Lui [major=2, minor=5]
       Mutated:  BgeU [major=2, minor=2]
       zkVM errors (3 lines):
         • [prover_impl.rs:280] verify segment (internal proof verification failed)
         • [ffi.cpp:113] address mismatch at cycle 20502: preflight=0x3fffc02c, actual=0x3fffc060
         • [kernels/cxx/ffi.cpp:208] SKIP THROW: memory peek not in preflight
       Local constraints hit (4 unique):
         - MemoryWrite@mem.zir:100
           cycle=20502, step=3626, pc=0x00205E34, major=2, minor=2
         - MemoryWrite@mem.zir:99
           cycle=20502, step=3626, pc=0x00205E34, major=2, minor=2
         - VerifyOpcodeF3@inst.zir:96
           cycle=20502, step=3626, pc=0x00205E34, major=2, minor=2
         - VerifyOpcodeF3@inst.zir:97
           cycle=20502, step=3626, pc=0x00205E34, major=2, minor=2
       Global: memory permutation violated
         x12/a2: unexpected write 0xc0000001 (cycle 41002)
         0xFFFF0180 (data): expected write missing, needed 0xc0000001 (cycle 41002)
  [274] ✓ INSTR_TYPE_MOD @ step 3376: 2 failures, 2976ms, outcome: REJECTED, exit: 101 [proof:GENERATED]
       r=0.041  T_new=0.00 F_new=0.00 F_rare=0.32 U=0 Q=0.51 Q_l=0.51 Q_g=1.00 dl=2 dg=0
       Value: 0x00000007 -> 0x00000003
       Original: AddI [major=0, minor=7]
       Mutated:  Or [major=0, minor=3]
       zkVM errors (1 lines):
         • [prover_impl.rs:280] verify segment (internal proof verification failed)
       Local constraints hit (2 unique):
         - VerifyOpcodeF3F7@inst.zir:102
           cycle=20178, step=3376, pc=0x00204C4C, major=0, minor=3
         - VerifyOpcodeF3F7@inst.zir:103
           cycle=20178, step=3376, pc=0x00204C4C, major=0, minor=3
       Global: no permutation/lookup violations (local-only)
  [275] ✓ INSTR_TYPE_MOD @ step 3226: 4 failures, 2989ms, outcome: REJECTED, exit: 101 [proof:GENERATED] G=memory
       r=0.073  T_new=0.00 F_new=0.63 F_rare=1.00 U=0 Q=0.19 Q_l=0.26 Q_g=0.72 dl=4 dg=2
       Value: 0x00000000 -> 0x00020000
       Original: Add [major=0, minor=0]
       Mutated:  Bge [major=2, minor=0]
       zkVM errors (3 lines):
         • [prover_impl.rs:280] verify segment (internal proof verification failed)
         • [ffi.cpp:113] address mismatch at cycle 20028: preflight=0x3fffc02b, actual=0x3fffc060
         • [kernels/cxx/ffi.cpp:208] SKIP THROW: memory peek not in preflight
       Local constraints hit (4 unique):
         - MemoryWrite@mem.zir:100
           cycle=20028, step=3226, pc=0x00205E1C, major=2, minor=0
         - MemoryWrite@mem.zir:99
           cycle=20028, step=3226, pc=0x00205E1C, major=2, minor=0
         - VerifyOpcodeF3@inst.zir:96
           cycle=20028, step=3226, pc=0x00205E1C, major=2, minor=0
         - VerifyOpcodeF3@inst.zir:97
           cycle=20028, step=3226, pc=0x00205E1C, major=2, minor=0
       Global: memory permutation violated
         x11/a1: unexpected write 0x00000000 (cycle 40056)
         0xFFFF0180 (data): expected write missing, needed 0x00000000 (cycle 40056)
  [276] ✓ INSTR_TYPE_MOD @ step 0: 4 failures, 2990ms, outcome: REJECTED, exit: 101 [proof:GENERATED] [+1 touch] G=memory|cycle
       r=0.046  T_new=0.03 F_new=0.39 F_rare=0.79 U=0 Q=0.16 Q_l=0.26 Q_g=0.61 dl=4 dg=3
       Value: 0x00020006 -> 0x00020005
       Original: Auipc [major=2, minor=6]
       Mutated:  Lui [major=2, minor=5]
       zkVM errors (3 lines):
         • [prover_impl.rs:280] verify segment (internal proof verification failed)
         • [ffi.cpp:113] address mismatch at cycle 0: preflight=0x44000000, actual=0x00000000
         • [kernels/cxx/ffi.cpp:208] SKIP THROW: memory peek not in preflight
       Local constraints hit (4 unique):
         - AddrDecompose@u32.zir:67
           cycle=0, step=0, pc=0x00000000, major=2, minor=5
         - ControlLoadRootAndNonce@inst_control.zir:23
           cycle=1, step=0, pc=0x00000000, major=7, minor=0
         - MiscInput@inst_misc.zir:7
           cycle=0, step=0, pc=0x00000000, major=2, minor=5
         - VerifyOpcode@inst.zir:91
           cycle=0, step=0, pc=0x00000000, major=2, minor=5
       Global: memory permutation violated
         0xFFFF0100 (data): expected write missing, needed 0x00000000 (cycle 0)
       Global: cycle lookup violated (2 indices broken)
         index 0: 2256 provides, 1 uses (imbalanced)
         index 2013265920: orphan provide (2 entries, no matching use)
  [277] ✓ INSTR_TYPE_MOD @ step 961: 8 failures, 2928ms, outcome: REJECTED, exit: 101 [proof:GENERATED] G=memory
       r=0.014  T_new=0.00 F_new=0.98 F_rare=1.00 U=0 Q=0.03 Q_l=0.10 Q_g=0.31 dl=7 dg=7
       Value: 0x00000007 -> 0x00020000
       Original: AddI [major=0, minor=7]
       Mutated:  Bge [major=2, minor=0]
       zkVM errors (3 lines):
         • [prover_impl.rs:280] verify segment (internal proof verification failed)
         • [ffi.cpp:113] address mismatch at cycle 17594: preflight=0x3fffc02a, actual=0x3fffc060
         • [kernels/cxx/ffi.cpp:208] SKIP THROW: memory peek not in preflight
       Local constraints hit (4 unique):
         - DecodeInst@inst.zir:29 (x4)
           cycle=17595, step=962, pc=0x002031AC, major=0, minor=7
         - MemoryWrite@mem.zir:99 (x2)
           cycle=17597, step=964, pc=0x002031B4, major=2, minor=6
         - VerifyOpcodeF3@inst.zir:96
           cycle=17594, step=961, pc=0x002031A8, major=2, minor=0
         - VerifyOpcodeF3@inst.zir:97
           cycle=17594, step=961, pc=0x002031A8, major=2, minor=0
       Global: memory permutation violated
         x10/a0: unexpected write 0x00200370 (cycle 35186)
         0xFFFF0180 (data): expected write missing, needed 0x00200370 (cycle 35186)
         0x002031A8 (code): unexpected write 0x00060593 (cycle 35018)
         0x002031AC (code): expected write missing, needed 0x00060593 (cycle 35018)
         0x002031B0 (code): expected write missing, needed 0x00068613 (cycle 35020)
         0x002031B4 (code): expected write missing, needed 0x00003097 (cycle 35022)
         0x002031B8 (code): expected write missing, needed 0xf80080e7 (cycle 35024)
  [278] ✓ INSTR_TYPE_MOD @ step 1354: 5 failures, 2895ms, outcome: REJECTED, exit: 101 [proof:GENERATED] [+2 touch]
       r=0.035  T_new=0.06 F_new=0.00 F_rare=0.58 U=0 Q=0.19 Q_l=0.19 Q_g=1.00 dl=5 dg=0
       Value: 0x00000007 -> 0x00040005
       Original: AddI [major=0, minor=7]
       Mutated:  DivU [major=4, minor=5]
       zkVM errors (1 lines):
         • [prover_impl.rs:280] verify segment (internal proof verification failed)
       Local constraints hit (5 unique):
         - MemoryWrite@mem.zir:100
           cycle=17998, step=1354, pc=0x002184D4, major=4, minor=5
         - MemoryWrite@mem.zir:99
           cycle=17998, step=1354, pc=0x002184D4, major=4, minor=5
         - VerifyOpcodeF3F7@inst.zir:102
           cycle=17998, step=1354, pc=0x002184D4, major=4, minor=5
         - VerifyOpcodeF3F7@inst.zir:103
           cycle=17998, step=1354, pc=0x002184D4, major=4, minor=5
         - VerifyOpcodeF3F7@inst.zir:104
           cycle=17998, step=1354, pc=0x002184D4, major=4, minor=5
       Global: no permutation/lookup violations (local-only)
  [279] ✓ INSTR_TYPE_MOD @ step 2578: 3 failures, 2978ms, outcome: REJECTED, exit: 101 [proof:GENERATED] G=memory|cycle
       r=0.073  T_new=0.00 F_new=0.92 F_rare=1.00 U=0 Q=0.16 Q_l=0.37 Q_g=0.43 dl=3 dg=5
       Value: 0x00060002 -> 0x00020006
       Original: Sw [major=6, minor=2]
       Mutated:  Auipc [major=2, minor=6]
       zkVM errors (3 lines):
         • [prover_impl.rs:280] verify segment (internal proof verification failed)
         • [ffi.cpp:113] address mismatch at cycle 19306: preflight=0x000800e6, actual=0x3fffc038
         • [kernels/cxx/ffi.cpp:208] SKIP THROW: memory peek not in preflight
       Local constraints hit (3 unique):
         - MemoryWrite@mem.zir:100
           cycle=19306, step=2578, pc=0x00201534, major=2, minor=6
         - MemoryWrite@mem.zir:99
           cycle=19306, step=2578, pc=0x00201534, major=2, minor=6
         - VerifyOpcode@inst.zir:91
           cycle=19306, step=2578, pc=0x00201534, major=2, minor=6
       Global: memory permutation violated
         0x00200398 (data): unexpected write 0x002003e0 (cycle 35512)
         x24/s8: expected write missing, needed 0x002003e0 (cycle 35512)
       Global: cycle lookup violated (3 indices broken)
         index 0: 2254 provides, 1 uses (imbalanced)
         index 3099: orphan use (1 entries, no matching provide)
         index 3100: 1 provides, 1 uses (imbalanced)
  [280] ✓ INSTR_TYPE_MOD @ step 2338: 2 failures, 3019ms, outcome: REJECTED, exit: 101 [proof:GENERATED] G=memory|cycle
       r=0.099  T_new=0.00 F_new=0.78 F_rare=1.00 U=0 Q=0.22 Q_l=0.51 Q_g=0.43 dl=2 dg=5
       Value: 0x00060000 -> 0x00010003
       Original: Sb [major=6, minor=0]
       Mutated:  SltI [major=1, minor=3]
       zkVM errors (3 lines):
         • [prover_impl.rs:280] verify segment (internal proof verification failed)
         • [ffi.cpp:113] address mismatch at cycle 18992: preflight=0x000800d1, actual=0x3fffc03e
         • [kernels/cxx/ffi.cpp:208] SKIP THROW: memory peek not in preflight
       Local constraints hit (2 unique):
         - VerifyOpcodeF3@inst.zir:96
           cycle=18992, step=2338, pc=0x00203220, major=1, minor=3
         - VerifyOpcodeF3@inst.zir:97
           cycle=18992, step=2338, pc=0x00203220, major=1, minor=3
       Global: memory permutation violated
         0x00200344 (data): unexpected write 0x00000000 (cycle 37977)
         x30/t5: expected write missing, needed 0x00000000 (cycle 37977)
       Global: cycle lookup violated (3 indices broken)
         index 0: 2254 provides, 1 uses (imbalanced)
         index 6: 413 provides, 1 uses (imbalanced)
         index 7: 280 provides, 1 uses (imbalanced)
  [281] ✓ INSTR_TYPE_MOD @ step 55: 3 failures, 2909ms, outcome: REJECTED, exit: 101 [proof:GENERATED]
       r=0.038  T_new=0.00 F_new=0.00 F_rare=0.43 U=0 Q=0.37 Q_l=0.37 Q_g=1.00 dl=3 dg=0
       Value: 0x00020001 -> 0x00020005
       Original: BltU [major=2, minor=1]
       Mutated:  Lui [major=2, minor=5]
       zkVM errors (1 lines):
         • [prover_impl.rs:280] verify segment (internal proof verification failed)
       Local constraints hit (3 unique):
         - MemoryWrite@mem.zir:100
           cycle=16628, step=55, pc=0x00203214, major=2, minor=5
         - MemoryWrite@mem.zir:99
           cycle=16628, step=55, pc=0x00203214, major=2, minor=5
         - VerifyOpcode@inst.zir:91
           cycle=16628, step=55, pc=0x00203214, major=2, minor=5
       Global: no permutation/lookup violations (local-only)
  [282] ✓ COMP_OUT_MOD @ step 3395: 2 failures, 2963ms, outcome: REJECTED, exit: 101 [proof:GENERATED] G=memory
       r=0.107  T_new=0.00 F_new=0.39 F_rare=0.64 U=0 Q=0.43 Q_l=0.51 Q_g=0.85 dl=2 dg=1
       Value: 0x0000000F -> 0x4024100F
       Destination: rd = x11 (a1)
       zkVM errors (1 lines):
         • [prover_impl.rs:280] verify segment (internal proof verification failed)
       Local constraints hit (2 unique):
         - MemoryWrite@mem.zir:100
           cycle=20197, step=3395, pc=0x00203418, major=0, minor=7
         - MemoryWrite@mem.zir:99
           cycle=20197, step=3395, pc=0x00203418, major=0, minor=7
       Global: memory permutation violated
         x11/a1: wrote 0x4024100f, expected 0x0000000f (cycle 40395)
  [283] ✓ INSTR_TYPE_MOD @ step 949: 12 failures, 3010ms, outcome: REJECTED, exit: 101 [proof:GENERATED] G=memory
       r=0.002  T_new=0.00 F_new=0.99 F_rare=1.00 U=0 Q=0.00 Q_l=0.03 Q_g=0.19 dl=11 dg=10
       Value: 0x00000007 -> 0x00000008
       Original: AddI [major=0, minor=7]
       Mutated:  XorI [major=0, minor=8] ⚠INVALID
       zkVM errors (3 lines):
         • [prover_impl.rs:280] verify segment (internal proof verification failed)
         • [ffi.cpp:113] address mismatch at cycle 17582: preflight=0x3fffc02b, actual=0x3fffc060
         • [kernels/cxx/ffi.cpp:208] SKIP THROW: memory peek not in preflight
       Local constraints hit (5 unique):
         - AddrDecompose@u32.zir:67 (x4)
           cycle=17583, step=950, pc=0x00200A5C, major=0, minor=7
         - MemoryWrite@mem.zir:100 (x3)
           cycle=17582, step=949, pc=0x00200A58, major=0, minor=8
         - MemoryWrite@mem.zir:99 (x3)
           cycle=17582, step=949, pc=0x00200A58, major=0, minor=8
         - OneHot@one_hot.zir:11
           cycle=17582, step=949, pc=0x00200A58, major=0, minor=8
         - OneHot@one_hot.zir:9
           cycle=17582, step=949, pc=0x00200A58, major=0, minor=8
       Global: memory permutation violated (10 addrs: 1 register, 4 code, 5 data)
         0x00000000 (data): expected write missing, needed 0x00c10613 (cycle 5166)
         0x00000004 (data): expected write missing, needed 0x00100693 (cycle 5166)
         0x00000008 (data): expected write missing, needed 0x00002097 (cycle 5186)
         + 4 code addresses diverged (instruction fetch cascade)
         + 3 more addresses
  [284] ✓ MEM_VAL_MOD @ step 1052: 2 failures, 2952ms, outcome: REJECTED, exit: 101 [proof:GENERATED] G=memory
       r=0.108  T_new=0.00 F_new=0.39 F_rare=0.65 U=0 Q=0.43 Q_l=0.51 Q_g=0.85 dl=2 dg=1
       Value: 0x80000007 -> 0x00000001
       Transaction: store_rmw_read (READ) at address 0x00200370
       zkVM errors (1 lines):
         • [prover_impl.rs:280] verify segment (internal proof verification failed)
       Local constraints hit (2 unique):
         - IsRead@mem.zir:79
           cycle=17691, step=1052, pc=0x00200BC8, major=6, minor=2
         - IsRead@mem.zir:80
           cycle=17691, step=1052, pc=0x00200BC8, major=6, minor=2
       Global: memory permutation violated
         0x00200370 (data): wrote 0x00000001, expected 0x80000007 (cycle 35382)
  [285] ✓ INSTR_TYPE_MOD @ step 3616: 1 failures, 2977ms, outcome: REJECTED, exit: 101 [proof:GENERATED]
       r=0.066  T_new=0.00 F_new=0.00 F_rare=0.38 U=0 Q=0.72 Q_l=0.72 Q_g=1.00 dl=1 dg=0
       Value: 0x00010004 -> 0x00010000
       Original: SltIU [major=1, minor=4]
       Mutated:  XorI [major=1, minor=0]
       zkVM errors (1 lines):
         • [prover_impl.rs:280] verify segment (internal proof verification failed)
       Local constraints hit (1 unique):
         - VerifyOpcodeF3@inst.zir:97
           cycle=20492, step=3616, pc=0x00205E0C, major=1, minor=0
       Global: no permutation/lookup violations (local-only)
  [286] ✓ PRE_EXEC_REG_MOD @ step 132: 4 failures, 2944ms, outcome: REJECTED, exit: 101 [proof:GENERATED] G=memory
       r=0.067  T_new=0.00 F_new=0.78 F_rare=1.00 U=0 Q=0.16 Q_l=0.26 Q_g=0.61 dl=4 dg=3
       Value: 0x0022133C -> 0x095C7FB7
       Register: x12 (a2), READ, strategy=next_read
       zkVM errors (3 lines):
         • [prover_impl.rs:280] verify segment (internal proof verification failed)
         • [ffi.cpp:113] address mismatch at cycle 16705: preflight=0x000884de, actual=0x02571ffc
         • [kernels/cxx/ffi.cpp:208] SKIP THROW: memory peek not in preflight
       Local constraints hit (4 unique):
         - IsRead@mem.zir:79
           cycle=16705, step=132, pc=0x002010D0, major=6, minor=2
         - IsRead@mem.zir:80
           cycle=16705, step=132, pc=0x002010D0, major=6, minor=2
         - OpSW@inst_mem.zir:160
           cycle=16705, step=132, pc=0x002010D0, major=6, minor=2
         - OpSW@inst_mem.zir:161
           cycle=16705, step=132, pc=0x002010D0, major=6, minor=2
       Global: memory permutation violated
         0x095C7FF0 (data): expected write missing, needed 0x00000000 (cycle 29174)
         x12/a2: wrote 0x095c7fb7, expected 0x0022133c (cycle 33410)
         0x00221378 (code): unexpected write 0x00000000 (cycle 29174)
  [287] ✓ INSTR_TYPE_MOD @ step 169: 3 failures, 3069ms, outcome: REJECTED, exit: 101 [proof:GENERATED] G=memory
       r=0.033  T_new=0.00 F_new=0.99 F_rare=1.00 U=0 Q=0.07 Q_l=0.37 Q_g=0.19 dl=3 dg=10
       Value: 0x00020001 -> 0x00020003
       Original: BltU [major=2, minor=1]
       Mutated:  Jal [major=2, minor=3]
       zkVM errors (3 lines):
         • [prover_impl.rs:280] verify segment (internal proof verification failed)
         • [ffi.cpp:113] address mismatch at cycle 16742: preflight=0x3fffc040, actual=0x3fffc01c
         • [kernels/cxx/ffi.cpp:208] SKIP THROW: memory peek not in preflight
       Local constraints hit (3 unique):
         - MemoryWrite@mem.zir:100
           cycle=16742, step=169, pc=0xC000014C, major=2, minor=3
         - MemoryWrite@mem.zir:99
           cycle=16742, step=169, pc=0xC000014C, major=2, minor=3
         - VerifyOpcode@inst.zir:91
           cycle=16742, step=169, pc=0xC000014C, major=2, minor=3
       Global: memory permutation violated (14 addrs: 14 data)
         0xC000014C (data): unexpected write 0x00000073 (cycle 30122)
         0xC0000150 (data): unexpected write 0x00000513 (cycle 30122)
         0xC0000154 (data): unexpected write 0x02820593 (cycle 30122)
         + 11 more addresses
  [288] ✓ LOAD_VAL_MOD @ step 1015: 2 failures, 2921ms, outcome: REJECTED, exit: 101 [proof:GENERATED] G=memory
       r=0.109  T_new=0.00 F_new=0.39 F_rare=0.66 U=0 Q=0.43 Q_l=0.51 Q_g=0.85 dl=2 dg=1
       Value: 0x00000001 -> 0x00010000
       Load destination: rd = x8 (s0/fp)
       zkVM errors (1 lines):
         • [prover_impl.rs:280] verify segment (internal proof verification failed)
       Local constraints hit (2 unique):
         - MemoryWrite@mem.zir:100
           cycle=17654, step=1015, pc=0x002031F0, major=5, minor=2
         - MemoryWrite@mem.zir:99
           cycle=17654, step=1015, pc=0x002031F0, major=5, minor=2
       Global: memory permutation violated
         x8/s0: wrote 0x00010000, expected 0x00000001 (cycle 35309)
  [289] ✓ INSTR_TYPE_MOD @ step 953: 7 failures, 2972ms, outcome: REJECTED, exit: 101 [proof:GENERATED] G=memory
       r=0.009  T_new=0.00 F_new=1.00 F_rare=1.00 U=0 Q=0.02 Q_l=0.10 Q_g=0.19 dl=7 dg=10
       Value: 0x00020004 -> 0x00000004
       Original: JalR [major=2, minor=4]
       Mutated:  And [major=0, minor=4]
       zkVM errors (3 lines):
         • [prover_impl.rs:280] verify segment (internal proof verification failed)
         • [ffi.cpp:113] address mismatch at cycle 17587: preflight=0x00080c62, actual=0x0008029a
         • [kernels/cxx/buffers.h:43] SKIP THROW: Inconsistent set
       Local constraints hit (5 unique):
         - MemoryWrite@mem.zir:100
           cycle=17586, step=953, pc=0x00203188, major=0, minor=4
         - MemoryWrite@mem.zir:99 (x3)
           cycle=17586, step=953, pc=0x00203188, major=0, minor=4
         - VerifyOpcodeF3F7@inst.zir:102
           cycle=17586, step=953, pc=0x00203188, major=0, minor=4
         - VerifyOpcodeF3F7@inst.zir:103
           cycle=17586, step=953, pc=0x00203188, major=0, minor=4
         - VerifyOpcodeF3F7@inst.zir:104
           cycle=17586, step=953, pc=0x00203188, major=0, minor=4
       Global: memory permutation violated (24 addrs: 24 code)
         + 24 code addresses diverged (instruction fetch cascade)
  [290] ✓ INSTR_TYPE_MOD @ step 740: 2 failures, 2952ms, outcome: REJECTED, exit: 101 [proof:GENERATED]
       r=0.062  T_new=0.00 F_new=0.00 F_rare=0.41 U=0 Q=0.51 Q_l=0.51 Q_g=1.00 dl=2 dg=0
       Value: 0x00000007 -> 0x00040003
       Original: AddI [major=0, minor=7]
       Mutated:  SraI [major=4, minor=3]
       zkVM errors (1 lines):
         • [prover_impl.rs:280] verify segment (internal proof verification failed)
       Local constraints hit (2 unique):
         - VerifyOpcodeF3F7@inst.zir:103
           cycle=17355, step=740, pc=0x0020615C, major=4, minor=3
         - VerifyOpcodeF3F7@inst.zir:104
           cycle=17355, step=740, pc=0x0020615C, major=4, minor=3
       Global: no permutation/lookup violations (local-only)
  [291] 💥 INSTR_TYPE_MOD @ step 1051: 0 failures, 487ms, outcome: CRASH, exit: -11 [proof:NOT_GENERATED]
       r=0.000  T_new=0.00 F_new=0.00 F_rare=0.00 U=0 Q=0.00 Q_l=0.00 Q_g=1.00 dl=0 dg=0
       Value: 0x00000007 -> 0x00060002
       Original: AddI [major=0, minor=7]
       Mutated:  Sw [major=6, minor=2]
       No constraint failures (mutation may have been ineffective)
  [292] ✓ INSTR_TYPE_MOD @ step 1372: 5 failures, 2940ms, outcome: REJECTED, exit: 101 [proof:GENERATED] [+1 new] G=memory
       r=0.048  T_new=0.00 F_new=0.97 F_rare=1.00 U=0 Q=0.10 Q_l=0.19 Q_g=0.51 dl=5 dg=4
       Value: 0x00010006 -> 0x00050004
       Original: Bne [major=1, minor=6]
       Mutated:  LhU [major=5, minor=4]
       zkVM errors (3 lines):
         • [prover_impl.rs:280] verify segment (internal proof verification failed)
         • [ffi.cpp:113] address mismatch at cycle 18016: preflight=0x3fffc02e, actual=0x00000032
         • [kernels/cxx/ffi.cpp:208] SKIP THROW: memory peek not in preflight
       Local constraints hit (5 unique):
         - AddrDecomposeBits@u32.zir:87
           cycle=18016, step=1372, pc=0x002184C8, major=5, minor=4
         - MemoryWrite@mem.zir:99
           cycle=18016, step=1372, pc=0x002184C8, major=5, minor=4
         - OpLHU@inst_mem.zir:123
           cycle=18016, step=1372, pc=0x002184C8, major=5, minor=4
         - VerifyOpcodeF3@inst.zir:96
           cycle=18016, step=1372, pc=0x002184C8, major=5, minor=4
         - VerifyOpcodeF3@inst.zir:97
           cycle=18016, step=1372, pc=0x002184C8, major=5, minor=4
       Global: memory permutation violated
         0x000000C8 (data): expected write missing, needed 0x000000bb (cycle 36031)
         x14/a4: unexpected write 0x000000bb (cycle 36031)
         x28/t3: expected write missing, needed 0x00000000 (cycle 36027)
         0xFFFF0180 (data): unexpected write 0x00000000 (cycle 36027)
  [293] ✓ INSTR_TYPE_MOD @ step 2402: 4 failures, 2910ms, outcome: REJECTED, exit: 101 [proof:GENERATED] [+2 touch]
       r=0.045  T_new=0.06 F_new=0.00 F_rare=0.64 U=0 Q=0.26 Q_l=0.26 Q_g=1.00 dl=4 dg=0
       Value: 0x00020006 -> 0x00010001
       Original: Auipc [major=2, minor=6]
       Mutated:  OrI [major=1, minor=1]
       zkVM errors (1 lines):
         • [prover_impl.rs:280] verify segment (internal proof verification failed)
       Local constraints hit (4 unique):
         - MemoryWrite@mem.zir:100
           cycle=19056, step=2402, pc=0x002013EC, major=1, minor=1
         - MemoryWrite@mem.zir:99
           cycle=19056, step=2402, pc=0x002013EC, major=1, minor=1
         - VerifyOpcodeF3@inst.zir:96
           cycle=19056, step=2402, pc=0x002013EC, major=1, minor=1
         - VerifyOpcodeF3@inst.zir:97
           cycle=19056, step=2402, pc=0x002013EC, major=1, minor=1
       Global: no permutation/lookup violations (local-only)
  [294] ✓ INSTR_TYPE_MOD @ step 3444: 3 failures, 2893ms, outcome: REJECTED, exit: 101 [proof:GENERATED]
       r=0.048  T_new=0.00 F_new=0.00 F_rare=0.47 U=0 Q=0.37 Q_l=0.37 Q_g=1.00 dl=3 dg=0
       Value: 0x00060000 -> 0x00060001
       Original: Sb [major=6, minor=0]
       Mutated:  Sh [major=6, minor=1]
       zkVM errors (1 lines):
         • [prover_impl.rs:280] verify segment (internal proof verification failed)
       Local constraints hit (3 unique):
         - MemoryWrite@mem.zir:99
           cycle=20246, step=3444, pc=0x00204D1C, major=6, minor=1
         - OpSH@inst_mem.zir:148
           cycle=20246, step=3444, pc=0x00204D1C, major=6, minor=1
         - VerifyOpcodeF3@inst.zir:97
           cycle=20246, step=3444, pc=0x00204D1C, major=6, minor=1
       Global: no permutation/lookup violations (local-only)
  [295] ✓ STORE_OUT_MOD @ step 464: 1 failures, 2957ms, outcome: REJECTED, exit: 101 [proof:GENERATED] G=memory
       r=0.147  T_new=0.00 F_new=0.39 F_rare=0.62 U=0 Q=0.61 Q_l=0.72 Q_g=0.85 dl=1 dg=1
       Value: 0x80000007 -> 0x80000009
       Store address: 0x00200370
       zkVM errors (1 lines):
         • [prover_impl.rs:280] verify segment (internal proof verification failed)
       Local constraints hit (1 unique):
         - MemoryWrite@mem.zir:99
           cycle=17061, step=464, pc=0x002031E8, major=6, minor=2
       Global: memory permutation violated
         0x00200370 (data): wrote 0x80000009, expected 0x80000007 (cycle 34123)
  [296] ✓ INSTR_TYPE_MOD @ step 2595: 1 failures, 2925ms, outcome: REJECTED, exit: 101 [proof:GENERATED]
       r=0.122  T_new=0.00 F_new=0.00 F_rare=0.71 U=0 Q=0.72 Q_l=0.72 Q_g=1.00 dl=1 dg=0
       Value: 0x00000003 -> 0x00000000
       Original: Or [major=0, minor=3]
       Mutated:  Add [major=0, minor=0]
       zkVM errors (1 lines):
         • [prover_impl.rs:280] verify segment (internal proof verification failed)
       Local constraints hit (1 unique):
         - VerifyOpcodeF3F7@inst.zir:103
           cycle=19323, step=2595, pc=0x00201578, major=0, minor=0
       Global: no permutation/lookup violations (local-only)
  [297] ✓ INSTR_TYPE_MOD @ step 3835: 2 failures, 2930ms, outcome: REJECTED, exit: 101 [proof:GENERATED]
       r=0.083  T_new=0.00 F_new=0.00 F_rare=0.58 U=0 Q=0.51 Q_l=0.51 Q_g=1.00 dl=2 dg=0
       Value: 0x00050002 -> 0x00050004
       Original: Lw [major=5, minor=2]
       Mutated:  LhU [major=5, minor=4]
       zkVM errors (1 lines):
         • [prover_impl.rs:280] verify segment (internal proof verification failed)
       Local constraints hit (2 unique):
         - MemoryWrite@mem.zir:100
           cycle=20785, step=3835, pc=0x00205478, major=5, minor=4
         - VerifyOpcodeF3@inst.zir:97
           cycle=20785, step=3835, pc=0x00205478, major=5, minor=4
       Global: no permutation/lookup violations (local-only)
  [298] ✓ INSTR_TYPE_MOD @ step 3013: 5 failures, 2987ms, outcome: REJECTED, exit: 101 [proof:GENERATED] G=memory
       r=0.018  T_new=0.00 F_new=0.99 F_rare=1.00 U=0 Q=0.04 Q_l=0.19 Q_g=0.19 dl=5 dg=10
       Value: 0x00010006 -> 0x00030000
       Original: Bne [major=1, minor=6]
       Mutated:  Sll [major=3, minor=0]
       zkVM errors (3 lines):
         • [prover_impl.rs:280] verify segment (internal proof verification failed)
         • [ffi.cpp:113] address mismatch at cycle 19741: preflight=0x3fffc060, actual=0x3fffc038
         • [kernels/cxx/ffi.cpp:208] SKIP THROW: memory peek not in preflight
       Local constraints hit (3 unique):
         - MemoryWrite@mem.zir:99 (x3)
           cycle=19741, step=3013, pc=0x002033FC, major=3, minor=0
         - VerifyOpcodeF3F7@inst.zir:102
           cycle=19741, step=3013, pc=0x002033FC, major=3, minor=0
         - VerifyOpcodeF3F7@inst.zir:104
           cycle=19741, step=3013, pc=0x002033FC, major=3, minor=0
       Global: memory permutation violated (54 addrs: 1 register, 52 code, 1 data)
         x24/s8: expected write missing, needed 0x00000000 (cycle 39463)
         0xFFFF0180 (data): unexpected write 0x00000000 (cycle 39463)
         + 52 code addresses diverged (instruction fetch cascade)
  [299] ✓ PRE_EXEC_REG_MOD @ step 2932: 4 failures, 2945ms, outcome: REJECTED, exit: 101 [proof:GENERATED] G=memory
       r=0.094  T_new=0.00 F_new=0.78 F_rare=1.00 U=0 Q=0.22 Q_l=0.26 Q_g=0.85 dl=4 dg=1
       Value: 0x00000000 -> 0x860FD81E
       Register: x12 (a2), READ, strategy=next_read
       zkVM errors (1 lines):
         • [prover_impl.rs:280] verify segment (internal proof verification failed)
       Local constraints hit (4 unique):
         - IsRead@mem.zir:79
           cycle=19660, step=2932, pc=0x002053EC, major=0, minor=0
         - IsRead@mem.zir:80
           cycle=19660, step=2932, pc=0x002053EC, major=0, minor=0
         - MemoryWrite@mem.zir:100
           cycle=19660, step=2932, pc=0x002053EC, major=0, minor=0
         - MemoryWrite@mem.zir:99
           cycle=19660, step=2932, pc=0x002053EC, major=0, minor=0
       Global: memory permutation violated
         x12/a2: wrote 0x860fd81e, expected 0x00000000 (cycle 39320)
  [300] ✓ PRE_EXEC_REG_MOD @ step 743: 4 failures, 2998ms, outcome: REJECTED, exit: 101 [proof:GENERATED] G=memory
       r=0.058  T_new=0.00 F_new=0.39 F_rare=0.70 U=0 Q=0.22 Q_l=0.26 Q_g=0.85 dl=4 dg=1
       Value: 0x00000001 -> 0x6BD487FE
       Register: x15 (a5), READ, strategy=next_read
       zkVM errors (1 lines):
         • [prover_impl.rs:280] verify segment (internal proof verification failed)
       Local constraints hit (4 unique):
         - IsRead@mem.zir:79
           cycle=17358, step=743, pc=0x00206168, major=0, minor=7
         - IsRead@mem.zir:80
           cycle=17358, step=743, pc=0x00206168, major=0, minor=7
         - MemoryWrite@mem.zir:100
           cycle=17358, step=743, pc=0x00206168, major=0, minor=7
         - MemoryWrite@mem.zir:99
           cycle=17358, step=743, pc=0x00206168, major=0, minor=7
       Global: memory permutation violated
         x15/a5: wrote 0x6bd487fe, expected 0x00000001 (cycle 34716)
  [301] ✓ PRE_EXEC_REG_MOD @ step 1784: 1 failures, 2955ms, outcome: REJECTED, exit: 101 [proof:GENERATED] G=memory
       r=0.161  T_new=0.00 F_new=0.39 F_rare=0.72 U=0 Q=0.61 Q_l=0.72 Q_g=0.85 dl=1 dg=1
       Value: 0x00000006 -> 0x00000010
       Register: x12 (a2), READ, strategy=next_read
       zkVM errors (1 lines):
         • [prover_impl.rs:280] verify segment (internal proof verification failed)
       Local constraints hit (1 unique):
         - IsRead@mem.zir:79
           cycle=18428, step=1784, pc=0x002184BC, major=1, minor=6
       Global: memory permutation violated
         x12/a2: wrote 0x00000010, expected 0x00000006 (cycle 36856)
  [302] ✓ MEM_VAL_MOD @ step 1931: 2 failures, 2940ms, outcome: REJECTED, exit: 101 [proof:GENERATED] G=memory
       r=0.129  T_new=0.00 F_new=0.39 F_rare=0.85 U=0 Q=0.43 Q_l=0.51 Q_g=0.85 dl=2 dg=1
       Value: 0x00000000 -> 0xFFFFFFFF
       Transaction: other_mem_write (WRITE) at address 0xffff0180
       zkVM errors (1 lines):
         • [prover_impl.rs:280] verify segment (internal proof verification failed)
       Local constraints hit (2 unique):
         - MemoryWrite@mem.zir:100
           cycle=18580, step=1931, pc=0x002184C8, major=1, minor=6
         - MemoryWrite@mem.zir:99
           cycle=18580, step=1931, pc=0x002184C8, major=1, minor=6
       Global: memory permutation violated
         0xFFFF0180 (data): wrote 0xffffffff, expected 0x00000000 (cycle 37161)
  [303] ✓ INSTR_TYPE_MOD @ step 0: 5 failures, 2974ms, outcome: REJECTED, exit: 101 [proof:GENERATED] [+3 touch] G=memory|cycle
       r=0.033  T_new=0.08 F_new=0.39 F_rare=0.72 U=0 Q=0.11 Q_l=0.19 Q_g=0.61 dl=5 dg=3
       Value: 0x00020006 -> 0x00010006
       Original: Auipc [major=2, minor=6]
       Mutated:  Bne [major=1, minor=6]
       zkVM errors (3 lines):
         • [prover_impl.rs:280] verify segment (internal proof verification failed)
         • [ffi.cpp:113] address mismatch at cycle 0: preflight=0x44000000, actual=0x00000000
         • [kernels/cxx/ffi.cpp:208] SKIP THROW: memory peek not in preflight
       Local constraints hit (5 unique):
         - AddrDecompose@u32.zir:67
           cycle=0, step=0, pc=0x00000000, major=1, minor=6
         - ControlLoadRootAndNonce@inst_control.zir:23
           cycle=1, step=0, pc=0x00000000, major=7, minor=0
         - MiscInput@inst_misc.zir:7
           cycle=0, step=0, pc=0x00000000, major=1, minor=6
         - VerifyOpcodeF3@inst.zir:96
           cycle=0, step=0, pc=0x00000000, major=1, minor=6
         - VerifyOpcodeF3@inst.zir:97
           cycle=0, step=0, pc=0x00000000, major=1, minor=6
       Global: memory permutation violated
         0xFFFF0100 (data): expected write missing, needed 0x00000000 (cycle 0)
       Global: cycle lookup violated (2 indices broken)
         index 0: 2256 provides, 1 uses (imbalanced)
         index 2013265920: orphan provide (2 entries, no matching use)
  [304] ✓ INSTR_TYPE_MOD @ step 2335: 3 failures, 2912ms, outcome: REJECTED, exit: 101 [proof:GENERATED]
       r=0.042  T_new=0.00 F_new=0.00 F_rare=0.47 U=0 Q=0.37 Q_l=0.37 Q_g=1.00 dl=3 dg=0
       Value: 0x00020001 -> 0x00010000
       Original: BltU [major=2, minor=1]
       Mutated:  XorI [major=1, minor=0]
       zkVM errors (1 lines):
         • [prover_impl.rs:280] verify segment (internal proof verification failed)
       Local constraints hit (3 unique):
         - MemoryWrite@mem.zir:99
           cycle=18989, step=2335, pc=0x00203214, major=1, minor=0
         - VerifyOpcodeF3@inst.zir:96
           cycle=18989, step=2335, pc=0x00203214, major=1, minor=0
         - VerifyOpcodeF3@inst.zir:97
           cycle=18989, step=2335, pc=0x00203214, major=1, minor=0
       Global: no permutation/lookup violations (local-only)
  [305] ✓ INSTR_TYPE_MOD @ step 0: 4 failures, 2970ms, outcome: REJECTED, exit: 101 [proof:GENERATED] [+3 touch] G=memory|cycle
       r=0.051  T_new=0.08 F_new=0.39 F_rare=0.85 U=0 Q=0.16 Q_l=0.26 Q_g=0.61 dl=4 dg=3
       Value: 0x00020006 -> 0x00010005
       Original: Auipc [major=2, minor=6]
       Mutated:  Beq [major=1, minor=5]
       zkVM errors (3 lines):
         • [prover_impl.rs:280] verify segment (internal proof verification failed)
         • [ffi.cpp:113] address mismatch at cycle 0: preflight=0x44000000, actual=0x00000000
         • [kernels/cxx/ffi.cpp:208] SKIP THROW: memory peek not in preflight
       Local constraints hit (4 unique):
         - AddrDecompose@u32.zir:67
           cycle=0, step=0, pc=0x00000000, major=1, minor=5
         - ControlLoadRootAndNonce@inst_control.zir:23
           cycle=1, step=0, pc=0x00000000, major=7, minor=0
         - MiscInput@inst_misc.zir:7
           cycle=0, step=0, pc=0x00000000, major=1, minor=5
         - VerifyOpcodeF3@inst.zir:96
           cycle=0, step=0, pc=0x00000000, major=1, minor=5
       Global: memory permutation violated
         0xFFFF0100 (data): expected write missing, needed 0x00000000 (cycle 0)
       Global: cycle lookup violated (2 indices broken)
         index 0: 2256 provides, 1 uses (imbalanced)
         index 2013265920: orphan provide (2 entries, no matching use)
  [306] ✓ INSTR_TYPE_MOD @ step 3005: 2 failures, 2909ms, outcome: REJECTED, exit: 101 [proof:GENERATED]
       r=0.053  T_new=0.00 F_new=0.00 F_rare=0.43 U=0 Q=0.51 Q_l=0.51 Q_g=1.00 dl=2 dg=0
       Value: 0x00000007 -> 0x00000001
       Original: AddI [major=0, minor=7]
       Mutated:  Sub [major=0, minor=1]
       zkVM errors (1 lines):
         • [prover_impl.rs:280] verify segment (internal proof verification failed)
       Local constraints hit (2 unique):
         - VerifyOpcodeF3F7@inst.zir:102
           cycle=19733, step=3005, pc=0x0020574C, major=0, minor=1
         - VerifyOpcodeF3F7@inst.zir:104
           cycle=19733, step=3005, pc=0x0020574C, major=0, minor=1
       Global: no permutation/lookup violations (local-only)
  [307] ✓ INSTR_TYPE_MOD @ step 3059: 2 failures, 2930ms, outcome: REJECTED, exit: 101 [proof:GENERATED]
       r=0.059  T_new=0.00 F_new=0.00 F_rare=0.48 U=0 Q=0.51 Q_l=0.51 Q_g=1.00 dl=2 dg=0
       Value: 0x00060000 -> 0x00060002
       Original: Sb [major=6, minor=0]
       Mutated:  Sw [major=6, minor=2]
       zkVM errors (1 lines):
         • [prover_impl.rs:280] verify segment (internal proof verification failed)
       Local constraints hit (2 unique):
         - OpSW@inst_mem.zir:160
           cycle=19787, step=3059, pc=0x00203228, major=6, minor=2
         - VerifyOpcodeF3@inst.zir:97
           cycle=19787, step=3059, pc=0x00203228, major=6, minor=2
       Global: no permutation/lookup violations (local-only)
  [308] ✓ INSTR_TYPE_MOD @ step 3790: 5 failures, 2990ms, outcome: REJECTED, exit: 101 [proof:GENERATED] G=memory|cycle
       r=0.027  T_new=0.00 F_new=0.97 F_rare=1.00 U=0 Q=0.06 Q_l=0.19 Q_g=0.31 dl=5 dg=7
       Value: 0x00050002 -> 0x00060002
       Original: Lw [major=5, minor=2]
       Mutated:  Sw [major=6, minor=2]
       zkVM errors (3 lines):
         • [prover_impl.rs:280] verify segment (internal proof verification failed)
         • [ffi.cpp:113] address mismatch at cycle 20666: preflight=0x3fffc02e, actual=0x3fffc018
         • [kernels/cxx/ffi.cpp:208] SKIP THROW: memory peek not in preflight
       Local constraints hit (5 unique):
         - IsRead@mem.zir:79
           cycle=20666, step=3790, pc=0xC0000184, major=6, minor=2
         - IsRead@mem.zir:80
           cycle=20666, step=3790, pc=0xC0000184, major=6, minor=2
         - MemoryWrite@mem.zir:99
           cycle=20666, step=3790, pc=0xC0000184, major=6, minor=2
         - OpSW@inst_mem.zir:161
           cycle=20666, step=3790, pc=0xC0000184, major=6, minor=2
         - VerifyOpcodeF3@inst.zir:96
           cycle=20666, step=3790, pc=0xC0000184, major=6, minor=2
       Global: memory permutation violated
         0xFFFF0038 (data): unexpected write 0xc0001834 (cycle 40720)
         0xFFFF0060 (data): expected write missing, needed 0x00000001 (cycle 41303)
         x11/a1: expected write missing, needed 0x00000097 (cycle 40690)
         x14/a4: unexpected write 0x00000001 (cycle 41303)
       Global: cycle lookup violated (3 indices broken)
         index 611: 1 provides, 1 uses (imbalanced)
         index 612: orphan use (1 entries, no matching provide)
         index 642: 1 provides, 1 uses (imbalanced)
  [309] ✓ INSTR_TYPE_MOD @ step 1189: 3 failures, 2942ms, outcome: REJECTED, exit: 101 [proof:GENERATED]
       r=0.054  T_new=0.00 F_new=0.00 F_rare=0.51 U=0 Q=0.37 Q_l=0.37 Q_g=1.00 dl=3 dg=0
       Value: 0x00000007 -> 0x00030000
       Original: AddI [major=0, minor=7]
       Mutated:  Sll [major=3, minor=0]
       zkVM errors (1 lines):
         • [prover_impl.rs:280] verify segment (internal proof verification failed)
       Local constraints hit (3 unique):
         - MemoryWrite@mem.zir:99
           cycle=17833, step=1189, pc=0x00209C44, major=3, minor=0
         - VerifyOpcodeF3F7@inst.zir:102
           cycle=17833, step=1189, pc=0x00209C44, major=3, minor=0
         - VerifyOpcodeF3F7@inst.zir:103
           cycle=17833, step=1189, pc=0x00209C44, major=3, minor=0
       Global: no permutation/lookup violations (local-only)
  [310] ✓ INSTR_WORD_MOD_SUR @ step 1501: 1 failures, 2966ms, outcome: REJECTED, exit: 101 [proof:GENERATED] G=memory
       r=0.165  T_new=0.00 F_new=0.39 F_rare=0.75 U=0 Q=0.61 Q_l=0.72 Q_g=0.85 dl=1 dg=1
       Value: 0x00150513 -> 0x00150534
       Surgical: opcode = 19 -> 52
       Original: ADDI x10, x10, 1
       Mutated:  UNKNOWN 0x00150534
       zkVM errors (1 lines):
         • [prover_impl.rs:280] verify segment (internal proof verification failed)
       Local constraints hit (1 unique):
         - VerifyOpcodeF3@inst.zir:96
           cycle=18145, step=1501, pc=0x002184D4, major=0, minor=7
       Global: memory permutation violated
         0x002184D0 (code): wrote 0x00150513, expected 0x00150534 (cycle 36276)
  [311] ✓ INSTR_TYPE_MOD @ step 1060: 3 failures, 2910ms, outcome: REJECTED, exit: 101 [proof:GENERATED]
       r=0.063  T_new=0.00 F_new=0.00 F_rare=0.60 U=0 Q=0.37 Q_l=0.37 Q_g=1.00 dl=3 dg=0
       Value: 0x00000007 -> 0x00000005
       Original: AddI [major=0, minor=7]
       Mutated:  Slt [major=0, minor=5]
       zkVM errors (1 lines):
         • [prover_impl.rs:280] verify segment (internal proof verification failed)
       Local constraints hit (3 unique):
         - MemoryWrite@mem.zir:99
           cycle=17699, step=1060, pc=0x00206320, major=0, minor=5
         - VerifyOpcodeF3F7@inst.zir:102
           cycle=17699, step=1060, pc=0x00206320, major=0, minor=5
         - VerifyOpcodeF3F7@inst.zir:103
           cycle=17699, step=1060, pc=0x00206320, major=0, minor=5
       Global: no permutation/lookup violations (local-only)
  [312] ✓ INSTR_WORD_MOD_FULL @ step 531: 0 failures, 2952ms, outcome: REJECTED, exit: 101 [proof:GENERATED] G=memory[GO]
       r=0.256  T_new=0.00 F_new=0.78 F_rare=1.00 U=0 Q=0.61 Q_l=1.00 Q_g=0.61 dl=0 dg=3
       Value: 0xFFC57713 -> 0xFFCD7713
       Original: ANDI x14, x10, -4
       Mutated:  ANDI x14, x26, -4
       zkVM errors (3 lines):
         • [prover_impl.rs:280] verify segment (internal proof verification failed)
         • [ffi.cpp:113] address mismatch at cycle 17134: preflight=0x3fffc02a, actual=0x3fffc03a
         • [kernels/cxx/ffi.cpp:208] SKIP THROW: memory peek not in preflight
       Global: memory permutation violated [GLOBAL-ONLY]
         x10/a0: unexpected write 0x00000004 (cycle 34266)
         x26/s10: expected write missing, needed 0x00000004 (cycle 34266)
         0x002061A8 (code): wrote 0xffc57713, expected 0xffcd7713 (cycle 34100)
  [313] ✓ INSTR_TYPE_MOD @ step 938: 6 failures, 2903ms, outcome: REJECTED, exit: 101 [proof:GENERATED] G=memory
       r=0.012  T_new=0.00 F_new=0.98 F_rare=1.00 U=0 Q=0.03 Q_l=0.14 Q_g=0.19 dl=6 dg=10
       Value: 0x00020004 -> 0x00020000
       Original: JalR [major=2, minor=4]
       Mutated:  Bge [major=2, minor=0]
       zkVM errors (3 lines):
         • [prover_impl.rs:280] verify segment (internal proof verification failed)
         • [ffi.cpp:113] address mismatch at cycle 17572: preflight=0x00080289, actual=0x00080c7e
         • [kernels/cxx/buffers.h:43] SKIP THROW: Inconsistent set
       Local constraints hit (4 unique):
         - MemoryWrite@mem.zir:100
           cycle=17571, step=938, pc=0x00200A24, major=2, minor=0
         - MemoryWrite@mem.zir:99 (x3)
           cycle=17571, step=938, pc=0x00200A24, major=2, minor=0
         - VerifyOpcodeF3@inst.zir:96
           cycle=17571, step=938, pc=0x00200A24, major=2, minor=0
         - VerifyOpcodeF3@inst.zir:97
           cycle=17571, step=938, pc=0x00200A24, major=2, minor=0
       Global: memory permutation violated (30 addrs: 30 code)
         + 30 code addresses diverged (instruction fetch cascade)
  [314] ✓ COMP_OUT_MOD @ step 3251: 2 failures, 2933ms, outcome: REJECTED, exit: 101 [proof:GENERATED] G=memory
       r=0.106  T_new=0.00 F_new=0.39 F_rare=0.63 U=0 Q=0.43 Q_l=0.51 Q_g=0.85 dl=2 dg=1
       Value: 0x002001CC -> 0x01000000
       Destination: rd = x11 (a1)
       zkVM errors (1 lines):
         • [prover_impl.rs:280] verify segment (internal proof verification failed)
       Local constraints hit (2 unique):
         - MemoryWrite@mem.zir:100
           cycle=20053, step=3251, pc=0x00204BEC, major=0, minor=7
         - MemoryWrite@mem.zir:99
           cycle=20053, step=3251, pc=0x00204BEC, major=0, minor=7
       Global: memory permutation violated
         x11/a1: wrote 0x01000000, expected 0x002001cc (cycle 40107)
  [315] ✓ PRE_EXEC_REG_MOD @ step 3499: 4 failures, 2950ms, outcome: REJECTED, exit: 101 [proof:GENERATED] G=memory
       r=0.058  T_new=0.00 F_new=0.39 F_rare=0.69 U=0 Q=0.22 Q_l=0.26 Q_g=0.85 dl=4 dg=1
       Value: 0x002215D0 -> 0xC50E9482
       Register: x10 (a0), READ, strategy=next_read
       zkVM errors (1 lines):
         • [prover_impl.rs:280] verify segment (internal proof verification failed)
       Local constraints hit (4 unique):
         - IsRead@mem.zir:79
           cycle=20301, step=3499, pc=0x002053A4, major=0, minor=7
         - IsRead@mem.zir:80
           cycle=20301, step=3499, pc=0x002053A4, major=0, minor=7
         - MemoryWrite@mem.zir:100
           cycle=20301, step=3499, pc=0x002053A4, major=0, minor=7
         - MemoryWrite@mem.zir:99
           cycle=20301, step=3499, pc=0x002053A4, major=0, minor=7
       Global: memory permutation violated
         x10/a0: wrote 0xc50e9482, expected 0x002215d0 (cycle 40602)
  [316] ✓ INSTR_TYPE_MOD @ step 3749: 8 failures, 2920ms, outcome: REJECTED, exit: 101 [proof:GENERATED] G=memory
       r=0.007  T_new=0.00 F_new=1.00 F_rare=1.00 U=0 Q=0.01 Q_l=0.07 Q_g=0.19 dl=8 dg=10
       Value: 0x00020004 -> 0x00030005
       Original: JalR [major=2, minor=4]
       Mutated:  MulHU [major=3, minor=5]
       zkVM errors (3 lines):
         • [prover_impl.rs:280] verify segment (internal proof verification failed)
         • [ffi.cpp:113] address mismatch at cycle 20626: preflight=0x000815df, actual=0x00080cbd
         • [kernels/cxx/buffers.h:43] SKIP THROW: Inconsistent set
       Local constraints hit (5 unique):
         - MemoryWrite@mem.zir:100
           cycle=20625, step=3749, pc=0x0020577C, major=3, minor=5
         - MemoryWrite@mem.zir:99 (x4)
           cycle=20625, step=3749, pc=0x0020577C, major=3, minor=5
         - VerifyOpcodeF3F7@inst.zir:102
           cycle=20625, step=3749, pc=0x0020577C, major=3, minor=5
         - VerifyOpcodeF3F7@inst.zir:103
           cycle=20625, step=3749, pc=0x0020577C, major=3, minor=5
         - VerifyOpcodeF3F7@inst.zir:104
           cycle=20625, step=3749, pc=0x0020577C, major=3, minor=5
       Global: memory permutation violated (44 addrs: 44 code)
         + 44 code addresses diverged (instruction fetch cascade)
  [317] ✓ INSTR_TYPE_MOD @ step 2319: 17 failures, 3174ms, outcome: REJECTED, exit: 101 [proof:GENERATED] G=memory
       r=0.000  T_new=0.00 F_new=1.00 F_rare=1.00 U=0 Q=0.00 Q_l=0.00 Q_g=0.19 dl=16 dg=10
       Value: 0x00000003 -> 0x00020003
       Original: Or [major=0, minor=3]
       Mutated:  Jal [major=2, minor=3]
       zkVM errors (3 lines):
         • [prover_impl.rs:280] verify segment (internal proof verification failed)
         • [ffi.cpp:113] address mismatch at cycle 18974: preflight=0x000804b7, actual=0x00099cb8
         • [kernels/cxx/buffers.h:43] SKIP THROW: Inconsistent set
       Local constraints hit (4 unique):
         - DecodeInst@inst.zir:29 (x10)
           cycle=18974, step=2320, pc=0x002012E0, major=0, minor=0
         - MemoryWrite@mem.zir:100 (x3)
           cycle=18973, step=2319, pc=0x002012DC, major=2, minor=3
         - MemoryWrite@mem.zir:99 (x3)
           cycle=18973, step=2319, pc=0x002012DC, major=2, minor=3
         - VerifyOpcode@inst.zir:91
           cycle=18973, step=2319, pc=0x002012DC, major=2, minor=3
       Global: memory permutation violated (20 addrs: 20 code)
         + 20 code addresses diverged (instruction fetch cascade)
  [318] ✓ INSTR_TYPE_MOD @ step 1166: 3 failures, 2976ms, outcome: REJECTED, exit: 101 [proof:GENERATED] G=memory|cycle
       r=0.071  T_new=0.00 F_new=0.86 F_rare=1.00 U=0 Q=0.16 Q_l=0.37 Q_g=0.43 dl=3 dg=5
       Value: 0x00060002 -> 0x00010002
       Original: Sw [major=6, minor=2]
       Mutated:  AndI [major=1, minor=2]
       zkVM errors (3 lines):
         • [prover_impl.rs:280] verify segment (internal proof verification failed)
         • [ffi.cpp:113] address mismatch at cycle 17810: preflight=0x000800e3, actual=0x3fffc02c
         • [kernels/cxx/ffi.cpp:208] SKIP THROW: memory peek not in preflight
       Local constraints hit (3 unique):
         - MemoryWrite@mem.zir:99
           cycle=17810, step=1166, pc=0x00208ABC, major=1, minor=2
         - VerifyOpcodeF3@inst.zir:96
           cycle=17810, step=1166, pc=0x00208ABC, major=1, minor=2
         - VerifyOpcodeF3@inst.zir:97
           cycle=17810, step=1166, pc=0x00208ABC, major=1, minor=2
       Global: memory permutation violated
         0x0020038C (data): unexpected write 0x00000000 (cycle 35518)
         x12/a2: expected write missing, needed 0x00000000 (cycle 35518)
       Global: cycle lookup violated (3 indices broken)
         index 0: 2254 provides, 1 uses (imbalanced)
         index 101: 11 provides, 1 uses (imbalanced)
         index 102: 8 provides, 1 uses (imbalanced)
  [319] ✓ INSTR_TYPE_MOD @ step 3158: 4 failures, 2955ms, outcome: REJECTED, exit: 101 [proof:GENERATED] G=memory
       r=0.060  T_new=0.00 F_new=0.86 F_rare=1.00 U=0 Q=0.14 Q_l=0.26 Q_g=0.51 dl=4 dg=4
       Value: 0x00010005 -> 0x00020005
       Original: Beq [major=1, minor=5]
       Mutated:  Lui [major=2, minor=5]
       zkVM errors (3 lines):
         • [prover_impl.rs:280] verify segment (internal proof verification failed)
         • [ffi.cpp:113] address mismatch at cycle 19960: preflight=0x3fffc060, actual=0x3fffc024
         • [kernels/cxx/ffi.cpp:208] SKIP THROW: memory peek not in preflight
       Local constraints hit (3 unique):
         - MemoryWrite@mem.zir:100
           cycle=19960, step=3158, pc=0x00206238, major=2, minor=5
         - MemoryWrite@mem.zir:99 (x2)
           cycle=19960, step=3158, pc=0x00206238, major=2, minor=5
         - VerifyOpcode@inst.zir:91
           cycle=19960, step=3158, pc=0x00206238, major=2, minor=5
       Global: memory permutation violated
         x4/tp: expected write missing, needed 0x00000000 (cycle 39705)
         0xFFFF0180 (data): unexpected write 0x00000000 (cycle 39705)
         0x002061F8 (code): expected write missing, needed 0x00008067 (cycle 18026)
         0x00206238 (code): unexpected write 0x00008067 (cycle 18026)
  [320] ✓ INSTR_TYPE_MOD @ step 3388: 4 failures, 3001ms, outcome: REJECTED, exit: 101 [proof:GENERATED] G=memory
       r=0.025  T_new=0.00 F_new=0.99 F_rare=1.00 U=0 Q=0.05 Q_l=0.26 Q_g=0.19 dl=4 dg=10
       Value: 0x00010006 -> 0x00010003
       Original: Bne [major=1, minor=6]
       Mutated:  SltI [major=1, minor=3]
       zkVM errors (3 lines):
         • [prover_impl.rs:280] verify segment (internal proof verification failed)
         • [ffi.cpp:113] address mismatch at cycle 20190: preflight=0x3fffc060, actual=0x3fffc038
         • [kernels/cxx/ffi.cpp:208] SKIP THROW: memory peek not in preflight
       Local constraints hit (3 unique):
         - MemoryWrite@mem.zir:99 (x2)
           cycle=20190, step=3388, pc=0x002033FC, major=1, minor=3
         - VerifyOpcodeF3@inst.zir:96
           cycle=20190, step=3388, pc=0x002033FC, major=1, minor=3
         - VerifyOpcodeF3@inst.zir:97
           cycle=20190, step=3388, pc=0x002033FC, major=1, minor=3
       Global: memory permutation violated (58 addrs: 1 register, 56 code, 1 data)
         x24/s8: expected write missing, needed 0x00000000 (cycle 40359)
         0xFFFF0180 (data): unexpected write 0x00000000 (cycle 40359)
         + 56 code addresses diverged (instruction fetch cascade)
  [321] ✓ MEM_VAL_MOD @ step 1186: 21 failures, 2949ms, outcome: REJECTED, exit: 101 [proof:GENERATED] G=memory
       r=0.003  T_new=0.00 F_new=1.00 F_rare=1.00 U=0 Q=0.01 Q_l=0.04 Q_g=0.19 dl=10 dg=10
       Value: 0x00D61463 -> 0x917EC95D
       Transaction: other_mem_read (READ) at address 0x00209c30
       zkVM errors (3 lines):
         • [prover_impl.rs:280] verify segment (internal proof verification failed)
         • [ffi.cpp:113] address mismatch at cycle 17830: preflight=0x3fffc02c, actual=0x3fffc03d
         • [kernels/cxx/ffi.cpp:208] SKIP THROW: memory peek not in preflight
       Local constraints hit (6 unique):
         - DecodeInst@inst.zir:29 (x16)
           cycle=17831, step=1187, pc=0x00209C3C, major=0, minor=7
         - IsRead@mem.zir:79
           cycle=17830, step=1186, pc=0x00209C38, major=1, minor=6
         - IsRead@mem.zir:80
           cycle=17830, step=1186, pc=0x00209C38, major=1, minor=6
         - MemoryWrite@mem.zir:99
           cycle=17846, step=1202, pc=0x00208CDC, major=2, minor=4
         - VerifyOpcodeF3@inst.zir:96
           cycle=17830, step=1186, pc=0x00209C38, major=1, minor=6
         - VerifyOpcodeF3@inst.zir:97
           cycle=17830, step=1186, pc=0x00209C38, major=1, minor=6
       Global: memory permutation violated (37 addrs: 4 register, 33 code)
         x12/a2: unexpected write 0x00000000 (cycle 35657)
         x13/a3: unexpected write 0x00000003 (cycle 35659)
         x23/s7: expected write missing, needed 0x00000003 (cycle 35659)
         + 33 code addresses diverged (instruction fetch cascade)
         + 1 more addresses
  [322] ✓ MEM_VAL_MOD @ step 3929: 0 failures, 2950ms, outcome: REJECTED, exit: 101 [proof:GENERATED] G=memory[GO]
       r=0.280  T_new=0.00 F_new=0.39 F_rare=1.00 U=0 Q=0.85 Q_l=1.00 Q_g=0.85 dl=0 dg=1
       Value: 0x619B7996 -> 0x619B7994
       Transaction: other_mem_read (READ) at address 0x10fffc014
       zkVM errors (2 lines):
         • [prover_impl.rs:280] verify segment (internal proof verification failed)
         • [kernels/cxx/buffers.h:43] SKIP THROW: Inconsistent set
       Global: memory permutation violated [GLOBAL-ONLY]
         0x10FFFC014 (data): wrote 0x619b7994, expected 0x619b7996 (cycle 45928)
  [323] ✓ MEM_VAL_MOD @ step 3031: 2 failures, 3019ms, outcome: REJECTED, exit: 101 [proof:GENERATED] G=memory
       r=0.106  T_new=0.00 F_new=0.39 F_rare=0.63 U=0 Q=0.43 Q_l=0.51 Q_g=0.85 dl=2 dg=1
       Value: 0x00000000 -> 0x0EADB5FE
       Transaction: store_rmw_read (READ) at address 0x00221534
       zkVM errors (1 lines):
         • [prover_impl.rs:280] verify segment (internal proof verification failed)
       Local constraints hit (2 unique):
         - IsRead@mem.zir:79
           cycle=19759, step=3031, pc=0x00203478, major=6, minor=2
         - IsRead@mem.zir:80
           cycle=19759, step=3031, pc=0x00203478, major=6, minor=2
       Global: memory permutation violated
         0x00221534 (code): wrote 0x0eadb5fe, expected 0x00000000 (cycle 39518)
  [324] ✓ INSTR_TYPE_MOD @ step 3658: 4 failures, 3103ms, outcome: REJECTED, exit: 101 [proof:GENERATED] G=memory|cycle
       r=0.051  T_new=0.00 F_new=0.86 F_rare=1.00 U=0 Q=0.11 Q_l=0.26 Q_g=0.43 dl=4 dg=5
       Value: 0x00060002 -> 0x00010000
       Original: Sw [major=6, minor=2]
       Mutated:  XorI [major=1, minor=0]
       zkVM errors (3 lines):
         • [prover_impl.rs:280] verify segment (internal proof verification failed)
         • [ffi.cpp:113] address mismatch at cycle 20534: preflight=0x00088586, actual=0x3fffc028
         • [kernels/cxx/ffi.cpp:208] SKIP THROW: memory peek not in preflight
       Local constraints hit (4 unique):
         - MemoryWrite@mem.zir:100
           cycle=20534, step=3658, pc=0x00203434, major=1, minor=0
         - MemoryWrite@mem.zir:99
           cycle=20534, step=3658, pc=0x00203434, major=1, minor=0
         - VerifyOpcodeF3@inst.zir:96
           cycle=20534, step=3658, pc=0x00203434, major=1, minor=0
         - VerifyOpcodeF3@inst.zir:97
           cycle=20534, step=3658, pc=0x00203434, major=1, minor=0
       Global: memory permutation violated
         x8/s0: expected write missing, needed 0x00000000 (cycle 29598)
         0x00221618 (code): unexpected write 0x00000000 (cycle 29598)
       Global: cycle lookup violated (3 indices broken)
         index 0: 2254 provides, 1 uses (imbalanced)
         index 11469: 1 provides, 1 uses (imbalanced)
         index 11470: 1 provides, 1 uses (imbalanced)
  [325] ✓ INSTR_TYPE_MOD @ step 3928: 5 failures, 2986ms, outcome: REJECTED, exit: 101 [proof:GENERATED] G=memory|cycle
       r=0.032  T_new=0.00 F_new=0.63 F_rare=1.00 U=0 Q=0.08 Q_l=0.19 Q_g=0.43 dl=5 dg=5
       Value: 0x00000007 -> 0x00050003
       Original: AddI [major=0, minor=7]
       Mutated:  LbU [major=5, minor=3]
       zkVM errors (3 lines):
         • [prover_impl.rs:280] verify segment (internal proof verification failed)
         • [ffi.cpp:113] address mismatch at cycle 20878: preflight=0x3fffc011, actual=0x00000000
         • [kernels/cxx/ffi.cpp:208] SKIP THROW: memory peek not in preflight
       Local constraints hit (5 unique):
         - AddrDecomposeBits@u32.zir:87
           cycle=20878, step=3928, pc=0xC00000F8, major=5, minor=3
         - IsRead@mem.zir:79
           cycle=20878, step=3928, pc=0xC00000F8, major=5, minor=3
         - MemoryWrite@mem.zir:99
           cycle=20878, step=3928, pc=0xC00000F8, major=5, minor=3
         - VerifyOpcodeF3@inst.zir:96
           cycle=20878, step=3928, pc=0xC00000F8, major=5, minor=3
         - VerifyOpcodeF3@inst.zir:97
           cycle=20878, step=3928, pc=0xC00000F8, major=5, minor=3
       Global: memory permutation violated
         0x00000000 (data): expected write missing, needed 0x00000004 (cycle 41362)
         0xFFFF0044 (data): expected write missing, needed 0x00000073 (cycle 30062)
       Global: cycle lookup violated (3 indices broken)
         index 393: 2 provides, 1 uses (imbalanced)
         index 394: 1 provides, 1 uses (imbalanced)
         index 11694: 1 provides, 1 uses (imbalanced)
  [326] ✓ INSTR_TYPE_MOD @ step 768: 10 failures, 2933ms, outcome: REJECTED, exit: 101 [proof:GENERATED] [+32 touch] G=memory
       r=0.005  T_new=0.60 F_new=1.00 F_rare=1.00 U=0 Q=0.01 Q_l=0.04 Q_g=0.19 dl=10 dg=10
       Value: 0x00000000 -> 0x0000000C
       Original: Add [major=0, minor=0]
       Mutated:  SltIU [major=0, minor=12] ⚠INVALID
       zkVM errors (3 lines):
         • [prover_impl.rs:280] verify segment (internal proof verification failed)
         • [ffi.cpp:113] address mismatch at cycle 17389: preflight=0x3fffc031, actual=0x3fffc060
         • [kernels/cxx/ffi.cpp:208] SKIP THROW: memory peek not in preflight
       Local constraints hit (5 unique):
         - AddrDecompose@u32.zir:67 (x4)
           cycle=17390, step=769, pc=0x002061B8, major=0, minor=1
         - MemoryWrite@mem.zir:100 (x2)
           cycle=17389, step=768, pc=0x002061B4, major=0, minor=12
         - MemoryWrite@mem.zir:99 (x2)
           cycle=17389, step=768, pc=0x002061B4, major=0, minor=12
         - OneHot@one_hot.zir:11
           cycle=17389, step=768, pc=0x002061B4, major=0, minor=12
         - OneHot@one_hot.zir:9
           cycle=17389, step=768, pc=0x002061B4, major=0, minor=12
       Global: memory permutation violated (10 addrs: 1 register, 4 code, 5 data)
         0x00000000 (data): expected write missing, needed 0x40b787b3 (cycle 34614)
         0x00000004 (data): expected write missing, needed 0xf8031ee3 (cycle 34616)
         0x00000008 (data): expected write missing, needed 0x00080513 (cycle 34618)
         + 4 code addresses diverged (instruction fetch cascade)
         + 3 more addresses
  [327] ✓ INSTR_TYPE_MOD @ step 2981: 3 failures, 2960ms, outcome: REJECTED, exit: 101 [proof:GENERATED] G=memory
       r=0.102  T_new=0.00 F_new=0.63 F_rare=1.00 U=0 Q=0.26 Q_l=0.37 Q_g=0.72 dl=3 dg=2
       Value: 0x00020001 -> 0x00020005
       Original: BltU [major=2, minor=1]
       Mutated:  Lui [major=2, minor=5]
       zkVM errors (3 lines):
         • [prover_impl.rs:280] verify segment (internal proof verification failed)
         • [ffi.cpp:113] address mismatch at cycle 19709: preflight=0x3fffc060, actual=0x3fffc028
         • [kernels/cxx/ffi.cpp:208] SKIP THROW: memory peek not in preflight
       Local constraints hit (3 unique):
         - MemoryWrite@mem.zir:100
           cycle=19709, step=2981, pc=0x00205DFC, major=2, minor=5
         - MemoryWrite@mem.zir:99
           cycle=19709, step=2981, pc=0x00205DFC, major=2, minor=5
         - VerifyOpcode@inst.zir:91
           cycle=19709, step=2981, pc=0x00205DFC, major=2, minor=5
       Global: memory permutation violated
         x8/s0: expected write missing, needed 0x00200ef8 (cycle 39403)
         0xFFFF0180 (data): unexpected write 0x00200ef8 (cycle 39403)
  [328] ✓ INSTR_TYPE_MOD @ step 1886: 3 failures, 3010ms, outcome: REJECTED, exit: 101 [proof:GENERATED] G=memory
       r=0.102  T_new=0.00 F_new=0.63 F_rare=1.00 U=0 Q=0.26 Q_l=0.37 Q_g=0.72 dl=3 dg=2
       Value: 0x00000007 -> 0x00010005
       Original: AddI [major=0, minor=7]
       Mutated:  Beq [major=1, minor=5]
       zkVM errors (3 lines):
         • [prover_impl.rs:280] verify segment (internal proof verification failed)
         • [ffi.cpp:113] address mismatch at cycle 18535: preflight=0x3fffc022, actual=0x3fffc060
         • [kernels/cxx/ffi.cpp:208] SKIP THROW: memory peek not in preflight
       Local constraints hit (3 unique):
         - MemoryWrite@mem.zir:100
           cycle=18535, step=1886, pc=0x002096B4, major=1, minor=5
         - MemoryWrite@mem.zir:99
           cycle=18535, step=1886, pc=0x002096B4, major=1, minor=5
         - VerifyOpcodeF3@inst.zir:96
           cycle=18535, step=1886, pc=0x002096B4, major=1, minor=5
       Global: memory permutation violated
         x2/sp: unexpected write 0x002000a0 (cycle 37070)
         0xFFFF0180 (data): expected write missing, needed 0x002000a0 (cycle 37070)
  [329] ✓ INSTR_TYPE_MOD @ step 687: 5 failures, 2938ms, outcome: REJECTED, exit: 101 [proof:GENERATED] G=memory
       r=0.017  T_new=0.00 F_new=0.99 F_rare=1.00 U=0 Q=0.04 Q_l=0.19 Q_g=0.19 dl=5 dg=10
       Value: 0x00020002 -> 0x00000003
       Original: BgeU [major=2, minor=2]
       Mutated:  Or [major=0, minor=3]
       zkVM errors (3 lines):
         • [prover_impl.rs:280] verify segment (internal proof verification failed)
         • [ffi.cpp:113] address mismatch at cycle 17302: preflight=0x3fffc060, actual=0x3fffc02c
         • [kernels/cxx/ffi.cpp:208] SKIP THROW: memory peek not in preflight
       Local constraints hit (4 unique):
         - MemoryWrite@mem.zir:99 (x2)
           cycle=17302, step=687, pc=0x002061A4, major=0, minor=3
         - VerifyOpcodeF3F7@inst.zir:102
           cycle=17302, step=687, pc=0x002061A4, major=0, minor=3
         - VerifyOpcodeF3F7@inst.zir:103
           cycle=17302, step=687, pc=0x002061A4, major=0, minor=3
         - VerifyOpcodeF3F7@inst.zir:104
           cycle=17302, step=687, pc=0x002061A4, major=0, minor=3
       Global: memory permutation violated (18 addrs: 1 register, 16 code, 1 data)
         x12/a2: expected write missing, needed 0x00000000 (cycle 34553)
         0xFFFF0180 (data): unexpected write 0x00000000 (cycle 34553)
         + 16 code addresses diverged (instruction fetch cascade)
  [330] ✓ INSTR_TYPE_MOD @ step 3181: 5 failures, 2980ms, outcome: REJECTED, exit: 101 [proof:GENERATED] G=memory
       r=0.052  T_new=0.00 F_new=0.63 F_rare=1.00 U=0 Q=0.14 Q_l=0.19 Q_g=0.72 dl=5 dg=2
       Value: 0x00050002 -> 0x00030002
       Original: Lw [major=5, minor=2]
       Mutated:  Mul [major=3, minor=2]
       zkVM errors (3 lines):
         • [prover_impl.rs:280] verify segment (internal proof verification failed)
         • [ffi.cpp:113] address mismatch at cycle 19983: preflight=0x0008006d, actual=0x3fffc034
         • [kernels/cxx/ffi.cpp:208] SKIP THROW: memory peek not in preflight
       Local constraints hit (5 unique):
         - MemoryWrite@mem.zir:100
           cycle=19983, step=3181, pc=0x00205470, major=3, minor=2
         - MemoryWrite@mem.zir:99
           cycle=19983, step=3181, pc=0x00205470, major=3, minor=2
         - VerifyOpcodeF3F7@inst.zir:102
           cycle=19983, step=3181, pc=0x00205470, major=3, minor=2
         - VerifyOpcodeF3F7@inst.zir:103
           cycle=19983, step=3181, pc=0x00205470, major=3, minor=2
         - VerifyOpcodeF3F7@inst.zir:104
           cycle=19983, step=3181, pc=0x00205470, major=3, minor=2
       Global: memory permutation violated
         0x002001B4 (data): unexpected write 0x00000002 (cycle 39203)
         x20/s4: expected write missing, needed 0x00000002 (cycle 39203)
  [331] ✓ INSTR_TYPE_MOD @ step 908: 4 failures, 3176ms, outcome: REJECTED, exit: 101 [proof:GENERATED] G=memory
       r=0.008  T_new=0.00 F_new=0.00 F_rare=0.71 U=0 Q=0.05 Q_l=0.26 Q_g=0.19 dl=4 dg=10
       Value: 0x00020003 -> 0x00000001
       Original: Jal [major=2, minor=3]
       Mutated:  Sub [major=0, minor=1]
       zkVM errors (3 lines):
         • [prover_impl.rs:280] verify segment (internal proof verification failed)
         • [ffi.cpp:113] address mismatch at cycle 17536: preflight=0x3000004d, actual=0x30000017
         • [kernels/cxx/buffers.h:43] SKIP THROW: Inconsistent set
       Local constraints hit (4 unique):
         - MemoryWrite@mem.zir:100
           cycle=17535, step=908, pc=0xC0000134, major=0, minor=1
         - MemoryWrite@mem.zir:99
           cycle=17535, step=908, pc=0xC0000134, major=0, minor=1
         - VerifyOpcodeF3F7@inst.zir:102
           cycle=17535, step=908, pc=0xC0000134, major=0, minor=1
         - VerifyOpcodeF3F7@inst.zir:104
           cycle=17535, step=908, pc=0xC0000134, major=0, minor=1
       Global: memory permutation violated (24 addrs: 24 data)
         0xC000005C (data): expected write missing, needed 0x00100893 (cycle 34904)
         0xC0000060 (data): expected write missing, needed 0x03022503 (cycle 34906)
         0xC0000064 (data): expected write missing, needed 0x02822583 (cycle 34908)
         + 21 more addresses
  [332] ✓ LOAD_VAL_MOD @ step 1398: 2 failures, 3069ms, outcome: REJECTED, exit: 101 [proof:GENERATED] G=memory
       r=0.122  T_new=0.00 F_new=0.39 F_rare=0.79 U=0 Q=0.43 Q_l=0.51 Q_g=0.85 dl=2 dg=1
       Value: 0x0000003C -> 0x11C0A2F3
       Load destination: rd = x13 (a3)
       zkVM errors (1 lines):
         • [prover_impl.rs:280] verify segment (internal proof verification failed)
       Local constraints hit (2 unique):
         - MemoryWrite@mem.zir:100
           cycle=18042, step=1398, pc=0x002184C0, major=5, minor=3
         - MemoryWrite@mem.zir:99
           cycle=18042, step=1398, pc=0x002184C0, major=5, minor=3
       Global: memory permutation violated
         x13/a3: wrote 0x11c0a2f3, expected 0x0000003c (cycle 36085)
  [333] 💥 MEM_VAL_MOD @ step 2053: 0 failures, 513ms, outcome: CRASH, exit: -11 [proof:NOT_GENERATED]
       r=0.000  T_new=0.00 F_new=0.00 F_rare=0.00 U=0 Q=0.00 Q_l=0.00 Q_g=1.00 dl=0 dg=0
       Value: 0x00000008 -> 0xC50E1A48
       Transaction: other_mem_write (WRITE) at address 0xffff0028
       No constraint failures (mutation may have been ineffective)
  [334] ✓ INSTR_TYPE_MOD @ step 3928: 7 failures, 2965ms, outcome: REJECTED, exit: 101 [proof:GENERATED] G=memory
       r=0.031  T_new=0.00 F_new=0.86 F_rare=1.00 U=0 Q=0.07 Q_l=0.10 Q_g=0.72 dl=7 dg=2
       Value: 0x00000007 -> 0x00020004
       Original: AddI [major=0, minor=7]
       Mutated:  JalR [major=2, minor=4]
       zkVM errors (3 lines):
         • [prover_impl.rs:280] verify segment (internal proof verification failed)
         • [ffi.cpp:113] address mismatch at cycle 20879: preflight=0x3000003e, actual=0x00000000
         • [kernels/cxx/buffers.h:43] SKIP THROW: Inconsistent set
       Local constraints hit (4 unique):
         - AddrDecomposeBits@u32.zir:87 (x2)
           cycle=20879, step=3929, pc=0xC00000F8, major=8, minor=0
         - MemoryWrite@mem.zir:100 (x2)
           cycle=20878, step=3928, pc=0xC00000F8, major=2, minor=4
         - MemoryWrite@mem.zir:99 (x2)
           cycle=20878, step=3928, pc=0xC00000F8, major=2, minor=4
         - VerifyOpcodeF3@inst.zir:96
           cycle=20878, step=3928, pc=0xC00000F8, major=2, minor=4
       Global: memory permutation violated
         0x00000000 (data): expected write missing, needed 0x00000073 (cycle 30062)
         0xC00000F8 (data): unexpected write 0x00000073 (cycle 30062)
  [335] ✓ INSTR_TYPE_MOD @ step 1711: 3 failures, 2928ms, outcome: REJECTED, exit: 101 [proof:GENERATED] G=memory
       r=0.121  T_new=0.00 F_new=0.78 F_rare=1.00 U=0 Q=0.26 Q_l=0.37 Q_g=0.72 dl=3 dg=2
       Value: 0x00000007 -> 0x00050007
       Original: AddI [major=0, minor=7]
       Mutated:  Unknown(5,7) [major=5, minor=7] ⚠INVALID
       zkVM errors (3 lines):
         • [prover_impl.rs:280] verify segment (internal proof verification failed)
         • [ffi.cpp:113] address mismatch at cycle 18355: preflight=0x3fffc021, actual=0x00086e9e
         • [kernels/cxx/ffi.cpp:208] SKIP THROW: memory peek not in preflight
       Local constraints hit (3 unique):
         - IllegalLoadOp@inst_mem.zir:40
           cycle=18355, step=1711, pc=0x002184CC, major=5, minor=7
         - MemoryWrite@mem.zir:100
           cycle=18355, step=1711, pc=0x002184CC, major=5, minor=7
         - MemoryWrite@mem.zir:99
           cycle=18355, step=1711, pc=0x002184CC, major=5, minor=7
       Global: memory permutation violated
         x1/ra: unexpected write 0x00205fd0 (cycle 36700)
         0x0021BA78 (code): expected write missing, needed 0x00205fd0 (cycle 36700)
  [336] ✓ INSTR_TYPE_MOD @ step 3884: 5 failures, 2930ms, outcome: REJECTED, exit: 101 [proof:GENERATED] G=memory
       r=0.052  T_new=0.00 F_new=0.63 F_rare=1.00 U=0 Q=0.14 Q_l=0.19 Q_g=0.72 dl=5 dg=2
       Value: 0x00050002 -> 0x00000001
       Original: Lw [major=5, minor=2]
       Mutated:  Sub [major=0, minor=1]
       zkVM errors (3 lines):
         • [prover_impl.rs:280] verify segment (internal proof verification failed)
         • [ffi.cpp:113] address mismatch at cycle 20834: preflight=0x000800b7, actual=0x3fffc02c
         • [kernels/cxx/ffi.cpp:208] SKIP THROW: memory peek not in preflight
       Local constraints hit (5 unique):
         - MemoryWrite@mem.zir:100
           cycle=20834, step=3884, pc=0x00203C0C, major=0, minor=1
         - MemoryWrite@mem.zir:99
           cycle=20834, step=3884, pc=0x00203C0C, major=0, minor=1
         - VerifyOpcodeF3F7@inst.zir:102
           cycle=20834, step=3884, pc=0x00203C0C, major=0, minor=1
         - VerifyOpcodeF3F7@inst.zir:103
           cycle=20834, step=3884, pc=0x00203C0C, major=0, minor=1
         - VerifyOpcodeF3F7@inst.zir:104
           cycle=20834, step=3884, pc=0x00203C0C, major=0, minor=1
       Global: memory permutation violated
         0x002002DC (data): unexpected write 0x00000000 (cycle 38983)
         x12/a2: expected write missing, needed 0x00000000 (cycle 38983)
  [337] ✓ INSTR_TYPE_MOD @ step 2694: 4 failures, 2985ms, outcome: REJECTED, exit: 101 [proof:GENERATED] G=memory|cycle
       r=0.051  T_new=0.00 F_new=0.86 F_rare=1.00 U=0 Q=0.11 Q_l=0.26 Q_g=0.43 dl=4 dg=5
       Value: 0x00060002 -> 0x00010000
       Original: Sw [major=6, minor=2]
       Mutated:  XorI [major=1, minor=0]
       zkVM errors (3 lines):
         • [prover_impl.rs:280] verify segment (internal proof verification failed)
         • [ffi.cpp:113] address mismatch at cycle 19422: preflight=0x000800d4, actual=0x3fffc030
         • [kernels/cxx/ffi.cpp:208] SKIP THROW: memory peek not in preflight
       Local constraints hit (4 unique):
         - MemoryWrite@mem.zir:100
           cycle=19422, step=2694, pc=0x00201614, major=1, minor=0
         - MemoryWrite@mem.zir:99
           cycle=19422, step=2694, pc=0x00201614, major=1, minor=0
         - VerifyOpcodeF3@inst.zir:96
           cycle=19422, step=2694, pc=0x00201614, major=1, minor=0
         - VerifyOpcodeF3@inst.zir:97
           cycle=19422, step=2694, pc=0x00201614, major=1, minor=0
       Global: memory permutation violated
         0x00200350 (data): unexpected write 0x00000000 (cycle 4682)
         x16/a6: expected write missing, needed 0x00000000 (cycle 4682)
       Global: cycle lookup violated (3 indices broken)
         index 0: 2254 provides, 1 uses (imbalanced)
         index 34161: orphan use (1 entries, no matching provide)
         index 34162: 1 provides, 1 uses (imbalanced)
  [338] ✓ INSTR_TYPE_MOD @ step 3682: 5 failures, 2993ms, outcome: REJECTED, exit: 101 [proof:GENERATED] G=memory|cycle
       r=0.028  T_new=0.00 F_new=0.92 F_rare=1.00 U=0 Q=0.06 Q_l=0.19 Q_g=0.31 dl=5 dg=7
       Value: 0x00050000 -> 0x00060001
       Original: Lb [major=5, minor=0]
       Mutated:  Sh [major=6, minor=1]
       zkVM errors (3 lines):
         • [prover_impl.rs:280] verify segment (internal proof verification failed)
         • [ffi.cpp:113] address mismatch at cycle 20558: preflight=0x00088573, actual=0x3fffc020
         • [kernels/cxx/ffi.cpp:208] SKIP THROW: memory peek not in preflight
       Local constraints hit (5 unique):
         - MemoryWrite@mem.zir:100
           cycle=20558, step=3682, pc=0x002035E8, major=6, minor=1
         - MemoryWrite@mem.zir:99
           cycle=20558, step=3682, pc=0x002035E8, major=6, minor=1
         - OpSH@inst_mem.zir:148
           cycle=20558, step=3682, pc=0x002035E8, major=6, minor=1
         - VerifyOpcodeF3@inst.zir:96
           cycle=20558, step=3682, pc=0x002035E8, major=6, minor=1
         - VerifyOpcodeF3@inst.zir:97
           cycle=20558, step=3682, pc=0x002035E8, major=6, minor=1
       Global: memory permutation violated
         x0/zero: expected write missing, needed 0x00000002 (cycle 40493)
         x11/a1: unexpected write 0x00000002 (cycle 41114)
         0x002215CC (code): unexpected write 0x00000002 (cycle 40493)
         0x002215D4 (code): expected write missing, needed 0x00170783 (cycle 10902)
       Global: cycle lookup violated (3 indices broken)
         index 1: 1798 provides, 1 uses (imbalanced)
         index 2: 861 provides, 1 uses (imbalanced)
         index 30214: 1 provides, 1 uses (imbalanced)
  [339] ✓ PRE_EXEC_REG_MOD @ step 310: 2 failures, 2971ms, outcome: REJECTED, exit: 101 [proof:GENERATED] G=memory
       r=0.131  T_new=0.00 F_new=0.78 F_rare=1.00 U=0 Q=0.31 Q_l=0.51 Q_g=0.61 dl=2 dg=3
       Value: 0x00200350 -> 0x006009F0
       Register: x2 (sp), READ, strategy=next_read
       zkVM errors (3 lines):
         • [prover_impl.rs:280] verify segment (internal proof verification failed)
         • [ffi.cpp:113] address mismatch at cycle 16895: preflight=0x000800d5, actual=0x0018027d
         • [kernels/cxx/ffi.cpp:208] SKIP THROW: memory peek not in preflight
       Local constraints hit (2 unique):
         - IsRead@mem.zir:79
           cycle=16895, step=310, pc=0x002031F4, major=5, minor=2
         - IsRead@mem.zir:80
           cycle=16895, step=310, pc=0x002031F4, major=5, minor=2
       Global: memory permutation violated
         0x00200354 (data): unexpected write 0x00000000 (cycle 33661)
         0x006009F4 (data): expected write missing, needed 0x00000000 (cycle 33661)
         x2/sp: wrote 0x006009f0, expected 0x00200350 (cycle 33790)
  [340] ✓ INSTR_TYPE_MOD @ step 973: 5 failures, 2910ms, outcome: REJECTED, exit: 101 [proof:GENERATED]
       r=0.078  T_new=0.00 F_new=0.63 F_rare=1.00 U=0 Q=0.19 Q_l=0.19 Q_g=1.00 dl=5 dg=0
       Value: 0x00000007 -> 0x00000005
       Original: AddI [major=0, minor=7]
       Mutated:  Slt [major=0, minor=5]
       zkVM errors (1 lines):
         • [prover_impl.rs:280] verify segment (internal proof verification failed)
       Local constraints hit (5 unique):
         - MemoryWrite@mem.zir:100
           cycle=17606, step=973, pc=0x00206150, major=0, minor=5
         - MemoryWrite@mem.zir:99
           cycle=17606, step=973, pc=0x00206150, major=0, minor=5
         - VerifyOpcodeF3F7@inst.zir:102
           cycle=17606, step=973, pc=0x00206150, major=0, minor=5
         - VerifyOpcodeF3F7@inst.zir:103
           cycle=17606, step=973, pc=0x00206150, major=0, minor=5
         - VerifyOpcodeF3F7@inst.zir:104
           cycle=17606, step=973, pc=0x00206150, major=0, minor=5
       Global: no permutation/lookup violations (local-only)
  [341] ✓ INSTR_TYPE_MOD @ step 3928: 1 failures, 2940ms, outcome: REJECTED, exit: 101 [proof:GENERATED] [+1 touch]
       r=0.078  T_new=0.03 F_new=0.00 F_rare=0.41 U=0 Q=0.72 Q_l=0.72 Q_g=1.00 dl=1 dg=0
       Value: 0x00000007 -> 0x00000000
       Original: AddI [major=0, minor=7]
       Mutated:  Add [major=0, minor=0]
       zkVM errors (1 lines):
         • [prover_impl.rs:280] verify segment (internal proof verification failed)
       Local constraints hit (1 unique):
         - VerifyOpcodeF3F7@inst.zir:102
           cycle=20878, step=3928, pc=0xC00000F8, major=0, minor=0
       Global: no permutation/lookup violations (local-only)
  [342] ✓ INSTR_TYPE_MOD @ step 2227: 3 failures, 2897ms, outcome: REJECTED, exit: 101 [proof:GENERATED]
       r=0.042  T_new=0.00 F_new=0.00 F_rare=0.47 U=0 Q=0.37 Q_l=0.37 Q_g=1.00 dl=3 dg=0
       Value: 0x00000003 -> 0x00000007
       Original: Or [major=0, minor=3]
       Mutated:  AddI [major=0, minor=7]
       zkVM errors (1 lines):
         • [prover_impl.rs:280] verify segment (internal proof verification failed)
       Local constraints hit (3 unique):
         - MemoryWrite@mem.zir:99
           cycle=18881, step=2227, pc=0x00203304, major=0, minor=7
         - VerifyOpcodeF3@inst.zir:96
           cycle=18881, step=2227, pc=0x00203304, major=0, minor=7
         - VerifyOpcodeF3@inst.zir:97
           cycle=18881, step=2227, pc=0x00203304, major=0, minor=7
       Global: no permutation/lookup violations (local-only)
  [343] ✓ INSTR_TYPE_MOD @ step 1663: 5 failures, 2901ms, outcome: REJECTED, exit: 101 [proof:GENERATED]
       r=0.036  T_new=0.00 F_new=0.00 F_rare=0.71 U=0 Q=0.19 Q_l=0.19 Q_g=1.00 dl=5 dg=0
       Value: 0x00000007 -> 0x00000005
       Original: AddI [major=0, minor=7]
       Mutated:  Slt [major=0, minor=5]
       zkVM errors (1 lines):
         • [prover_impl.rs:280] verify segment (internal proof verification failed)
       Local constraints hit (5 unique):
         - MemoryWrite@mem.zir:100
           cycle=18307, step=1663, pc=0x002096B4, major=0, minor=5
         - MemoryWrite@mem.zir:99
           cycle=18307, step=1663, pc=0x002096B4, major=0, minor=5
         - VerifyOpcodeF3F7@inst.zir:102
           cycle=18307, step=1663, pc=0x002096B4, major=0, minor=5
         - VerifyOpcodeF3F7@inst.zir:103
           cycle=18307, step=1663, pc=0x002096B4, major=0, minor=5
         - VerifyOpcodeF3F7@inst.zir:104
           cycle=18307, step=1663, pc=0x002096B4, major=0, minor=5
       Global: no permutation/lookup violations (local-only)
  [344] ✓ INSTR_TYPE_MOD @ step 3160: 3 failures, 2936ms, outcome: REJECTED, exit: 101 [proof:GENERATED] G=memory
       r=0.033  T_new=0.00 F_new=0.99 F_rare=1.00 U=0 Q=0.07 Q_l=0.37 Q_g=0.19 dl=3 dg=10
       Value: 0x00010005 -> 0x00010006
       Original: Beq [major=1, minor=5]
       Mutated:  Bne [major=1, minor=6]
       zkVM errors (3 lines):
         • [prover_impl.rs:280] verify segment (internal proof verification failed)
         • [ffi.cpp:113] address mismatch at cycle 19963: preflight=0x00081604, actual=0x00081614
         • [kernels/cxx/buffers.h:43] SKIP THROW: Inconsistent set
       Local constraints hit (2 unique):
         - MemoryWrite@mem.zir:99 (x2)
           cycle=19977, step=3175, pc=0x0020584C, major=2, minor=6
         - VerifyOpcodeF3@inst.zir:97
           cycle=19962, step=3160, pc=0x00205810, major=1, minor=6
       Global: memory permutation violated (32 addrs: 32 code)
         + 32 code addresses diverged (instruction fetch cascade)
  [345] ✓ INSTR_TYPE_MOD @ step 3203: 8 failures, 2978ms, outcome: REJECTED, exit: 101 [proof:GENERATED] G=memory|cycle
       r=0.014  T_new=0.00 F_new=0.92 F_rare=1.00 U=0 Q=0.03 Q_l=0.07 Q_g=0.43 dl=8 dg=5
       Value: 0x00000000 -> 0x00060001
       Original: Add [major=0, minor=0]
       Mutated:  Sh [major=6, minor=1]
       zkVM errors (3 lines):
         • [prover_impl.rs:280] verify segment (internal proof verification failed)
         • [ffi.cpp:113] address mismatch at cycle 20005: preflight=0x3fffc02b, actual=0x00000012
         • [kernels/cxx/ffi.cpp:208] SKIP THROW: memory peek not in preflight
       Local constraints hit (8 unique):
         - AddrDecomposeBits@u32.zir:87
           cycle=20005, step=3203, pc=0x00204B70, major=6, minor=1
         - IsRead@mem.zir:79
           cycle=20005, step=3203, pc=0x00204B70, major=6, minor=1
         - IsRead@mem.zir:80
           cycle=20005, step=3203, pc=0x00204B70, major=6, minor=1
         - MemoryWrite@mem.zir:100
           cycle=20005, step=3203, pc=0x00204B70, major=6, minor=1
         - MemoryWrite@mem.zir:99
           cycle=20005, step=3203, pc=0x00204B70, major=6, minor=1
         - OpSH@inst_mem.zir:148
           cycle=20005, step=3203, pc=0x00204B70, major=6, minor=1
         - VerifyOpcodeF3@inst.zir:96
           cycle=20005, step=3203, pc=0x00204B70, major=6, minor=1
         - VerifyOpcodeF3@inst.zir:97
           cycle=20005, step=3203, pc=0x00204B70, major=6, minor=1
       Global: memory permutation violated
         0x00000048 (data): expected write missing, needed 0x02258a93 (cycle 14362)
         x11/a1: unexpected write 0xa33de65b (cycle 40002)
       Global: cycle lookup violated (3 indices broken)
         index 7: 280 provides, 1 uses (imbalanced)
         index 8: 324 provides, 1 uses (imbalanced)
         index 25648: 1 provides, 1 uses (imbalanced)
  [346] ✓ INSTR_TYPE_MOD @ step 1463: 2 failures, 2927ms, outcome: REJECTED, exit: 101 [proof:GENERATED] [+33 touch] G=memory
       r=0.236  T_new=0.61 F_new=0.86 F_rare=1.00 U=0 Q=0.37 Q_l=0.51 Q_g=0.72 dl=2 dg=2
       Value: 0x00010006 -> 0x0003000B
       Original: Bne [major=1, minor=6]
       Mutated:  SraI [major=3, minor=11] ⚠INVALID
       zkVM errors (3 lines):
         • [prover_impl.rs:280] verify segment (internal proof verification failed)
         • [ffi.cpp:113] address mismatch at cycle 18107: preflight=0x3fffc060, actual=0x3fffc03c
         • [kernels/cxx/ffi.cpp:208] SKIP THROW: memory peek not in preflight
       Local constraints hit (2 unique):
         - OneHot@one_hot.zir:11
           cycle=18107, step=1463, pc=0x002184C8, major=3, minor=11
         - OneHot@one_hot.zir:9
           cycle=18107, step=1463, pc=0x002184C8, major=3, minor=11
       Global: memory permutation violated
         x28/t3: expected write missing, needed 0x00000000 (cycle 36209)
         0xFFFF0180 (data): unexpected write 0x00000000 (cycle 36209)
  [347] ✓ INSTR_TYPE_MOD @ step 1041: 24 failures, 2982ms, outcome: REJECTED, exit: 101 [proof:GENERATED] G=memory
       r=0.001  T_new=0.00 F_new=1.00 F_rare=1.00 U=0 Q=0.00 Q_l=0.01 Q_g=0.19 dl=15 dg=10
       Value: 0x00000003 -> 0x00000008
       Original: Or [major=0, minor=3]
       Mutated:  XorI [major=0, minor=8] ⚠INVALID
       zkVM errors (3 lines):
         • [prover_impl.rs:280] verify segment (internal proof verification failed)
         • [ffi.cpp:113] address mismatch at cycle 17680: preflight=0x3fffc028, actual=0x3fffc060
         • [kernels/cxx/ffi.cpp:208] SKIP THROW: memory peek not in preflight
       Local constraints hit (5 unique):
         - AddrDecompose@u32.zir:67 (x17)
           cycle=17681, step=1042, pc=0x00200B3C, major=2, minor=5
         - MemoryWrite@mem.zir:100 (x2)
           cycle=17696, step=1057, pc=0x00200BDC, major=2, minor=6
         - MemoryWrite@mem.zir:99 (x3)
           cycle=17680, step=1041, pc=0x00200B38, major=0, minor=8
         - OneHot@one_hot.zir:11
           cycle=17680, step=1041, pc=0x00200B38, major=0, minor=8
         - OneHot@one_hot.zir:9
           cycle=17680, step=1041, pc=0x00200B38, major=0, minor=8
       Global: memory permutation violated (36 addrs: 1 register, 17 code, 18 data)
         0x00000000 (data): expected write missing, needed 0x1d332537 (cycle 5306)
         0x00000004 (data): expected write missing, needed 0x88550513 (cycle 5306)
         0x00000008 (data): expected write missing, needed 0x0136e733 (cycle 5326)
         + 17 code addresses diverged (instruction fetch cascade)
         + 16 more addresses
  [348] ✓ INSTR_TYPE_MOD @ step 3496: 5 failures, 2979ms, outcome: REJECTED, exit: 101 [proof:GENERATED] G=memory|cycle
       r=0.033  T_new=0.00 F_new=0.63 F_rare=1.00 U=0 Q=0.08 Q_l=0.19 Q_g=0.43 dl=5 dg=5
       Value: 0x00060002 -> 0x00040003
       Original: Sw [major=6, minor=2]
       Mutated:  SraI [major=4, minor=3]
       zkVM errors (3 lines):
         • [prover_impl.rs:280] verify segment (internal proof verification failed)
         • [ffi.cpp:113] address mismatch at cycle 20298: preflight=0x000884ff, actual=0x3fffc03c
         • [kernels/cxx/ffi.cpp:208] SKIP THROW: memory peek not in preflight
       Local constraints hit (5 unique):
         - MemoryWrite@mem.zir:100
           cycle=20298, step=3496, pc=0x00205E38, major=4, minor=3
         - MemoryWrite@mem.zir:99
           cycle=20298, step=3496, pc=0x00205E38, major=4, minor=3
         - VerifyOpcodeF3F7@inst.zir:102
           cycle=20298, step=3496, pc=0x00205E38, major=4, minor=3
         - VerifyOpcodeF3F7@inst.zir:103
           cycle=20298, step=3496, pc=0x00205E38, major=4, minor=3
         - VerifyOpcodeF3F7@inst.zir:104
           cycle=20298, step=3496, pc=0x00205E38, major=4, minor=3
       Global: memory permutation violated
         x28/t3: expected write missing, needed 0x002215ce (cycle 40562)
         0x002213FC (code): unexpected write 0x002215ce (cycle 40562)
       Global: cycle lookup violated (3 indices broken)
         index 0: 2254 provides, 1 uses (imbalanced)
         index 33: 36 provides, 1 uses (imbalanced)
         index 34: 25 provides, 1 uses (imbalanced)
  [349] ✓ INSTR_TYPE_MOD @ step 3719: 5 failures, 3004ms, outcome: REJECTED, exit: 101 [proof:GENERATED] G=memory|cycle
       r=0.035  T_new=0.00 F_new=0.78 F_rare=1.00 U=0 Q=0.08 Q_l=0.19 Q_g=0.43 dl=5 dg=5
       Value: 0x00000000 -> 0x00060000
       Original: Add [major=0, minor=0]
       Mutated:  Sb [major=6, minor=0]
       zkVM errors (3 lines):
         • [prover_impl.rs:280] verify segment (internal proof verification failed)
         • [ffi.cpp:113] address mismatch at cycle 20595: preflight=0x3fffc02d, actual=0x00088590
         • [kernels/cxx/ffi.cpp:208] SKIP THROW: memory peek not in preflight
       Local constraints hit (5 unique):
         - IsRead@mem.zir:79
           cycle=20595, step=3719, pc=0x00203248, major=6, minor=0
         - IsRead@mem.zir:80
           cycle=20595, step=3719, pc=0x00203248, major=6, minor=0
         - MemoryWrite@mem.zir:100
           cycle=20595, step=3719, pc=0x00203248, major=6, minor=0
         - MemoryWrite@mem.zir:99
           cycle=20595, step=3719, pc=0x00203248, major=6, minor=0
         - VerifyOpcodeF3@inst.zir:96
           cycle=20595, step=3719, pc=0x00203248, major=6, minor=0
       Global: memory permutation violated
         x13/a3: unexpected write 0xffdde9cd (cycle 41188)
         0x00221640 (code): expected write missing, needed 0x40e60633 (cycle 39592)
       Global: cycle lookup violated (3 indices broken)
         index 1: 1798 provides, 1 uses (imbalanced)
         index 2: 861 provides, 1 uses (imbalanced)
         index 1598: 1 provides, 1 uses (imbalanced)
  [350] ✓ INSTR_TYPE_MOD @ step 1509: 5 failures, 2943ms, outcome: REJECTED, exit: 101 [proof:GENERATED] G=memory
       r=0.017  T_new=0.00 F_new=0.99 F_rare=1.00 U=0 Q=0.04 Q_l=0.19 Q_g=0.19 dl=5 dg=10
       Value: 0x00010006 -> 0x00010001
       Original: Bne [major=1, minor=6]
       Mutated:  OrI [major=1, minor=1]
       zkVM errors (3 lines):
         • [prover_impl.rs:280] verify segment (internal proof verification failed)
         • [ffi.cpp:113] address mismatch at cycle 18153: preflight=0x3fffc060, actual=0x3fffc029
         • [kernels/cxx/ffi.cpp:208] SKIP THROW: memory peek not in preflight
       Local constraints hit (4 unique):
         - MemoryWrite@mem.zir:100
           cycle=18153, step=1509, pc=0x002184BC, major=1, minor=1
         - MemoryWrite@mem.zir:99 (x2)
           cycle=18153, step=1509, pc=0x002184BC, major=1, minor=1
         - VerifyOpcodeF3@inst.zir:96
           cycle=18153, step=1509, pc=0x002184BC, major=1, minor=1
         - VerifyOpcodeF3@inst.zir:97
           cycle=18153, step=1509, pc=0x002184BC, major=1, minor=1
       Global: memory permutation violated (18 addrs: 1 register, 16 code, 1 data)
         x9/s1: expected write missing, needed 0x00000000 (cycle 36299)
         0xFFFF0180 (data): unexpected write 0x00000000 (cycle 36299)
         + 16 code addresses diverged (instruction fetch cascade)
  [351] ✓ INSTR_TYPE_MOD @ step 3085: 4 failures, 2998ms, outcome: REJECTED, exit: 101 [proof:GENERATED] G=memory|cycle
       r=0.051  T_new=0.00 F_new=0.86 F_rare=1.00 U=0 Q=0.11 Q_l=0.26 Q_g=0.43 dl=4 dg=5
       Value: 0x00060002 -> 0x00000002
       Original: Sw [major=6, minor=2]
       Mutated:  Xor [major=0, minor=2]
       zkVM errors (3 lines):
         • [prover_impl.rs:280] verify segment (internal proof verification failed)
         • [ffi.cpp:113] address mismatch at cycle 19813: preflight=0x00088553, actual=0x3fffc030
         • [kernels/cxx/ffi.cpp:208] SKIP THROW: memory peek not in preflight
       Local constraints hit (4 unique):
         - MemoryWrite@mem.zir:100
           cycle=19813, step=3085, pc=0x00203290, major=0, minor=2
         - MemoryWrite@mem.zir:99
           cycle=19813, step=3085, pc=0x00203290, major=0, minor=2
         - VerifyOpcodeF3F7@inst.zir:102
           cycle=19813, step=3085, pc=0x00203290, major=0, minor=2
         - VerifyOpcodeF3F7@inst.zir:103
           cycle=19813, step=3085, pc=0x00203290, major=0, minor=2
       Global: memory permutation violated
         x16/a6: expected write missing, needed 0x00000000 (cycle 29478)
         0x0022154C (code): unexpected write 0x00000000 (cycle 29478)
       Global: cycle lookup violated (3 indices broken)
         index 0: 2254 provides, 1 uses (imbalanced)
         index 10147: orphan use (1 entries, no matching provide)
         index 10148: 1 provides, 1 uses (imbalanced)
  [352] ✓ STORE_OUT_MOD @ step 408: 2 failures, 2936ms, outcome: REJECTED, exit: 101 [proof:GENERATED] G=memory
       r=0.106  T_new=0.00 F_new=0.39 F_rare=0.63 U=0 Q=0.43 Q_l=0.51 Q_g=0.85 dl=2 dg=1
       Value: 0x80000007 -> 0x138D4F0E
       Store address: 0x00200354
       zkVM errors (1 lines):
         • [prover_impl.rs:280] verify segment (internal proof verification failed)
       Local constraints hit (2 unique):
         - MemoryWrite@mem.zir:100
           cycle=16999, step=408, pc=0x00203198, major=6, minor=2
         - MemoryWrite@mem.zir:99
           cycle=16999, step=408, pc=0x00203198, major=6, minor=2
       Global: memory permutation violated
         0x00200354 (data): wrote 0x138d4f0e, expected 0x80000007 (cycle 33999)
  [353] ✓ INSTR_TYPE_MOD @ step 865: 5 failures, 2948ms, outcome: REJECTED, exit: 101 [proof:GENERATED] G=memory
       r=0.017  T_new=0.00 F_new=0.99 F_rare=1.00 U=0 Q=0.04 Q_l=0.19 Q_g=0.19 dl=5 dg=10
       Value: 0x00010005 -> 0x00040003
       Original: Beq [major=1, minor=5]
       Mutated:  SraI [major=4, minor=3]
       zkVM errors (3 lines):
         • [prover_impl.rs:280] verify segment (internal proof verification failed)
         • [ffi.cpp:113] address mismatch at cycle 17492: preflight=0x3fffc060, actual=0x3fffc02c
         • [kernels/cxx/ffi.cpp:208] SKIP THROW: memory peek not in preflight
       Local constraints hit (4 unique):
         - MemoryWrite@mem.zir:99 (x2)
           cycle=17499, step=872, pc=0x00200A20, major=2, minor=6
         - VerifyOpcodeF3F7@inst.zir:102
           cycle=17492, step=865, pc=0x00200A04, major=4, minor=3
         - VerifyOpcodeF3F7@inst.zir:103
           cycle=17492, step=865, pc=0x00200A04, major=4, minor=3
         - VerifyOpcodeF3F7@inst.zir:104
           cycle=17492, step=865, pc=0x00200A04, major=4, minor=3
       Global: memory permutation violated (12 addrs: 1 register, 10 code, 1 data)
         x12/a2: expected write missing, needed 0x00000000 (cycle 34979)
         0xFFFF0180 (data): unexpected write 0x00000000 (cycle 34979)
         + 10 code addresses diverged (instruction fetch cascade)
  [354] ✓ INSTR_TYPE_MOD @ step 2077: 4 failures, 2930ms, outcome: REJECTED, exit: 101 [proof:GENERATED]
       r=0.088  T_new=0.00 F_new=0.39 F_rare=0.85 U=0 Q=0.26 Q_l=0.26 Q_g=1.00 dl=4 dg=0
       Value: 0x00020005 -> 0x00030003
       Original: Lui [major=2, minor=5]
       Mutated:  MulH [major=3, minor=3]
       zkVM errors (1 lines):
         • [prover_impl.rs:280] verify segment (internal proof verification failed)
       Local constraints hit (4 unique):
         - MemoryWrite@mem.zir:100
           cycle=18731, step=2077, pc=0x0020AF90, major=3, minor=3
         - VerifyOpcodeF3F7@inst.zir:102
           cycle=18731, step=2077, pc=0x0020AF90, major=3, minor=3
         - VerifyOpcodeF3F7@inst.zir:103
           cycle=18731, step=2077, pc=0x0020AF90, major=3, minor=3
         - VerifyOpcodeF3F7@inst.zir:104
           cycle=18731, step=2077, pc=0x0020AF90, major=3, minor=3
       Global: no permutation/lookup violations (local-only)
  [355] ✓ INSTR_TYPE_MOD @ step 470: 4 failures, 2923ms, outcome: REJECTED, exit: 101 [proof:GENERATED] G=memory
       r=0.073  T_new=0.00 F_new=0.63 F_rare=1.00 U=0 Q=0.19 Q_l=0.26 Q_g=0.72 dl=4 dg=2
       Value: 0x00050002 -> 0x00010002
       Original: Lw [major=5, minor=2]
       Mutated:  AndI [major=1, minor=2]
       zkVM errors (3 lines):
         • [prover_impl.rs:280] verify segment (internal proof verification failed)
         • [ffi.cpp:113] address mismatch at cycle 17067: preflight=0x000800dc, actual=0x3fffc030
         • [kernels/cxx/ffi.cpp:208] SKIP THROW: memory peek not in preflight
       Local constraints hit (4 unique):
         - MemoryWrite@mem.zir:100
           cycle=17067, step=470, pc=0x002008C8, major=1, minor=2
         - MemoryWrite@mem.zir:99
           cycle=17067, step=470, pc=0x002008C8, major=1, minor=2
         - VerifyOpcodeF3@inst.zir:96
           cycle=17067, step=470, pc=0x002008C8, major=1, minor=2
         - VerifyOpcodeF3@inst.zir:97
           cycle=17067, step=470, pc=0x002008C8, major=1, minor=2
       Global: memory permutation violated
         0x00200370 (data): unexpected write 0x80000007 (cycle 34123)
         x16/a6: expected write missing, needed 0x80000007 (cycle 34123)
  [356] ✓ PRE_EXEC_REG_MOD @ step 2202: 2 failures, 2953ms, outcome: REJECTED, exit: 101 [proof:GENERATED] G=memory
       r=0.111  T_new=0.00 F_new=0.39 F_rare=0.68 U=0 Q=0.43 Q_l=0.51 Q_g=0.85 dl=2 dg=1
       Value: 0x00000000 -> 0xA24B3E9C
       Register: x4 (tp), READ, strategy=next_read
       zkVM errors (1 lines):
         • [prover_impl.rs:280] verify segment (internal proof verification failed)
       Local constraints hit (2 unique):
         - IsRead@mem.zir:79
           cycle=18856, step=2202, pc=0x00201ECC, major=0, minor=7
         - IsRead@mem.zir:80
           cycle=18856, step=2202, pc=0x00201ECC, major=0, minor=7
       Global: memory permutation violated
         x4/tp: wrote 0xa24b3e9c, expected 0x00000000 (cycle 37712)
  [357] ✓ INSTR_TYPE_MOD @ step 3016: 2 failures, 2931ms, outcome: REJECTED, exit: 101 [proof:GENERATED] G=memory
       r=0.142  T_new=0.00 F_new=0.63 F_rare=1.00 U=0 Q=0.37 Q_l=0.51 Q_g=0.72 dl=2 dg=2
       Value: 0x00010002 -> 0x00010005
       Original: AndI [major=1, minor=2]
       Mutated:  Beq [major=1, minor=5]
       zkVM errors (3 lines):
         • [prover_impl.rs:280] verify segment (internal proof verification failed)
         • [ffi.cpp:113] address mismatch at cycle 19744: preflight=0x3fffc02b, actual=0x3fffc060
         • [kernels/cxx/ffi.cpp:208] SKIP THROW: memory peek not in preflight
       Local constraints hit (2 unique):
         - VerifyOpcodeF3@inst.zir:96
           cycle=19744, step=3016, pc=0x00203408, major=1, minor=5
         - VerifyOpcodeF3@inst.zir:97
           cycle=19744, step=3016, pc=0x00203408, major=1, minor=5
       Global: memory permutation violated
         x11/a1: unexpected write 0x0021ad2c (cycle 39486)
         0xFFFF0180 (data): expected write missing, needed 0x0021ad2c (cycle 39486)
  [358] ✓ INSTR_TYPE_MOD @ step 2923: 3 failures, 2963ms, outcome: REJECTED, exit: 101 [proof:GENERATED]
       r=0.054  T_new=0.00 F_new=0.00 F_rare=0.50 U=0 Q=0.37 Q_l=0.37 Q_g=1.00 dl=3 dg=0
       Value: 0x00000001 -> 0x00040005
       Original: Sub [major=0, minor=1]
       Mutated:  DivU [major=4, minor=5]
       zkVM errors (1 lines):
         • [prover_impl.rs:280] verify segment (internal proof verification failed)
       Local constraints hit (3 unique):
         - MemoryWrite@mem.zir:99
           cycle=19651, step=2923, pc=0x002053B0, major=4, minor=5
         - VerifyOpcodeF3F7@inst.zir:103
           cycle=19651, step=2923, pc=0x002053B0, major=4, minor=5
         - VerifyOpcodeF3F7@inst.zir:104
           cycle=19651, step=2923, pc=0x002053B0, major=4, minor=5
       Global: no permutation/lookup violations (local-only)
  [359] ✓ COMP_OUT_MOD @ step 94: 2 failures, 2956ms, outcome: REJECTED, exit: 101 [proof:GENERATED] G=memory
       r=0.114  T_new=0.00 F_new=0.39 F_rare=0.70 U=0 Q=0.43 Q_l=0.51 Q_g=0.85 dl=2 dg=1
       Value: 0x0000002C -> 0xEBFDE304
       Destination: rd = x12 (a2)
       zkVM errors (1 lines):
         • [prover_impl.rs:280] verify segment (internal proof verification failed)
       Local constraints hit (2 unique):
         - MemoryWrite@mem.zir:100
           cycle=16667, step=94, pc=0x002032B0, major=0, minor=1
         - MemoryWrite@mem.zir:99
           cycle=16667, step=94, pc=0x002032B0, major=0, minor=1
       Global: memory permutation violated
         x12/a2: wrote 0xebfde304, expected 0x0000002c (cycle 33335)
  [360] ✓ INSTR_TYPE_MOD @ step 3789: 7 failures, 2984ms, outcome: REJECTED, exit: 101 [proof:GENERATED] G=memory|cycle
       r=0.014  T_new=0.00 F_new=0.95 F_rare=1.00 U=0 Q=0.03 Q_l=0.10 Q_g=0.31 dl=7 dg=7
       Value: 0x00050002 -> 0x00060001
       Original: Lw [major=5, minor=2]
       Mutated:  Sh [major=6, minor=1]
       zkVM errors (3 lines):
         • [prover_impl.rs:280] verify segment (internal proof verification failed)
         • [ffi.cpp:113] address mismatch at cycle 20665: preflight=0x3fffc02d, actual=0x3fffc014
         • [kernels/cxx/ffi.cpp:208] SKIP THROW: memory peek not in preflight
       Local constraints hit (7 unique):
         - IsRead@mem.zir:79
           cycle=20665, step=3789, pc=0xC0000180, major=6, minor=1
         - IsRead@mem.zir:80
           cycle=20665, step=3789, pc=0xC0000180, major=6, minor=1
         - MemoryWrite@mem.zir:100
           cycle=20665, step=3789, pc=0xC0000180, major=6, minor=1
         - MemoryWrite@mem.zir:99
           cycle=20665, step=3789, pc=0xC0000180, major=6, minor=1
         - OpSH@inst_mem.zir:148
           cycle=20665, step=3789, pc=0xC0000180, major=6, minor=1
         - VerifyOpcodeF3@inst.zir:96
           cycle=20665, step=3789, pc=0xC0000180, major=6, minor=1
         - VerifyOpcodeF3@inst.zir:97
           cycle=20665, step=3789, pc=0xC0000180, major=6, minor=1
       Global: memory permutation violated
         0xFFFF0034 (data): unexpected write 0x00000001 (cycle 40866)
         0xFFFF0050 (data): expected write missing, needed 0x00221630 (cycle 41307)
         x11/a1: expected write missing, needed 0x03822703 (cycle 40688)
         x13/a3: unexpected write 0x00221630 (cycle 41307)
       Global: cycle lookup violated (3 indices broken)
         index 463: 9 provides, 1 uses (imbalanced)
         index 464: 3 provides, 1 uses (imbalanced)
         index 642: 1 provides, 1 uses (imbalanced)
  [361] ✓ INSTR_TYPE_MOD @ step 1840: 2 failures, 2965ms, outcome: REJECTED, exit: 101 [proof:GENERATED]
       r=0.053  T_new=0.00 F_new=0.00 F_rare=0.43 U=0 Q=0.51 Q_l=0.51 Q_g=1.00 dl=2 dg=0
       Value: 0x00030001 -> 0x00010002
       Original: SllI [major=3, minor=1]
       Mutated:  AndI [major=1, minor=2]
       zkVM errors (1 lines):
         • [prover_impl.rs:280] verify segment (internal proof verification failed)
       Local constraints hit (2 unique):
         - MemoryWrite@mem.zir:99
           cycle=18484, step=1840, pc=0xC000007C, major=1, minor=2
         - VerifyOpcodeF3@inst.zir:97
           cycle=18484, step=1840, pc=0xC000007C, major=1, minor=2
       Global: no permutation/lookup violations (local-only)
  [362] ✓ INSTR_TYPE_MOD @ step 1439: 4 failures, 2937ms, outcome: REJECTED, exit: 101 [proof:GENERATED] G=memory
       r=0.024  T_new=0.00 F_new=1.00 F_rare=1.00 U=0 Q=0.05 Q_l=0.26 Q_g=0.19 dl=4 dg=10
       Value: 0x00010006 -> 0x00010004
       Original: Bne [major=1, minor=6]
       Mutated:  SltIU [major=1, minor=4]
       zkVM errors (3 lines):
         • [prover_impl.rs:280] verify segment (internal proof verification failed)
         • [ffi.cpp:113] address mismatch at cycle 18083: preflight=0x3fffc060, actual=0x3fffc029
         • [kernels/cxx/ffi.cpp:208] SKIP THROW: memory peek not in preflight
       Local constraints hit (3 unique):
         - MemoryWrite@mem.zir:99 (x2)
           cycle=18083, step=1439, pc=0x002184BC, major=1, minor=4
         - VerifyOpcodeF3@inst.zir:96
           cycle=18083, step=1439, pc=0x002184BC, major=1, minor=4
         - VerifyOpcodeF3@inst.zir:97
           cycle=18083, step=1439, pc=0x002184BC, major=1, minor=4
       Global: memory permutation violated (18 addrs: 1 register, 16 code, 1 data)
         x9/s1: expected write missing, needed 0x00000000 (cycle 36159)
         0xFFFF0180 (data): unexpected write 0x00000000 (cycle 36159)
         + 16 code addresses diverged (instruction fetch cascade)
  [363] ✓ INSTR_TYPE_MOD @ step 1322: 6 failures, 2927ms, outcome: REJECTED, exit: 101 [proof:GENERATED] [+31 touch] G=memory
       r=0.017  T_new=0.59 F_new=1.00 F_rare=1.00 U=0 Q=0.03 Q_l=0.14 Q_g=0.19 dl=6 dg=10
       Value: 0x00020004 -> 0x0005000F
       Original: JalR [major=2, minor=4]
       Mutated:  Unknown(5,15) [major=5, minor=15] ⚠INVALID
       zkVM errors (3 lines):
         • [prover_impl.rs:280] verify segment (internal proof verification failed)
         • [ffi.cpp:113] address mismatch at cycle 17966: preflight=0x3fffc030, actual=0x00080aef
         • [kernels/cxx/ffi.cpp:208] SKIP THROW: memory peek not in preflight
       Local constraints hit (4 unique):
         - MemoryWrite@mem.zir:100
           cycle=17966, step=1322, pc=0x00202BBC, major=5, minor=15
         - MemoryWrite@mem.zir:99 (x3)
           cycle=17966, step=1322, pc=0x00202BBC, major=5, minor=15
         - OneHot@one_hot.zir:11
           cycle=17966, step=1322, pc=0x00202BBC, major=5, minor=15
         - OneHot@one_hot.zir:9
           cycle=17966, step=1322, pc=0x00202BBC, major=5, minor=15
       Global: memory permutation violated (37 addrs: 1 register, 36 code)
         x16/a6: unexpected write 0xabd9831f (cycle 35922)
         + 36 code addresses diverged (instruction fetch cascade)
  [364] ✓ INSTR_TYPE_MOD @ step 0: 6 failures, 2986ms, outcome: REJECTED, exit: 101 [proof:GENERATED] [+1 touch] G=memory|cycle
       r=0.025  T_new=0.03 F_new=0.39 F_rare=0.85 U=0 Q=0.08 Q_l=0.14 Q_g=0.61 dl=6 dg=3
       Value: 0x00020006 -> 0x00050002
       Original: Auipc [major=2, minor=6]
       Mutated:  Lw [major=5, minor=2]
       zkVM errors (3 lines):
         • [prover_impl.rs:280] verify segment (internal proof verification failed)
         • [ffi.cpp:113] address mismatch at cycle 0: preflight=0x44000000, actual=0x00000000
         • [kernels/cxx/ffi.cpp:208] SKIP THROW: memory peek not in preflight
       Local constraints hit (6 unique):
         - AddrDecompose@u32.zir:67
           cycle=0, step=0, pc=0x00000000, major=5, minor=2
         - AddrDecomposeBits@u32.zir:87
           cycle=0, step=0, pc=0x00000000, major=5, minor=2
         - ControlLoadRootAndNonce@inst_control.zir:23
           cycle=1, step=0, pc=0x00000000, major=7, minor=0
         - MemLoadInput@inst_mem.zir:8
           cycle=0, step=0, pc=0x00000000, major=5, minor=2
         - VerifyOpcodeF3@inst.zir:96
           cycle=0, step=0, pc=0x00000000, major=5, minor=2
         - VerifyOpcodeF3@inst.zir:97
           cycle=0, step=0, pc=0x00000000, major=5, minor=2
       Global: memory permutation violated
         0xFFFF0100 (data): expected write missing, needed 0x00000000 (cycle 0)
       Global: cycle lookup violated (2 indices broken)
         index 0: 2256 provides, 1 uses (imbalanced)
         index 2013265920: orphan provide (3 entries, no matching use)
  [365] ✓ INSTR_TYPE_MOD @ step 3540: 4 failures, 2948ms, outcome: REJECTED, exit: 101 [proof:GENERATED] G=memory
       r=0.080  T_new=0.00 F_new=0.63 F_rare=1.00 U=0 Q=0.19 Q_l=0.26 Q_g=0.72 dl=4 dg=2
       Value: 0x00050002 -> 0x0003000B
       Original: Lw [major=5, minor=2]
       Mutated:  SraI [major=3, minor=11] ⚠INVALID
       zkVM errors (3 lines):
         • [prover_impl.rs:280] verify segment (internal proof verification failed)
         • [ffi.cpp:113] address mismatch at cycle 20342: preflight=0x3fffc02c, actual=0x3fffc010
         • [kernels/cxx/ffi.cpp:208] SKIP THROW: memory peek not in preflight
       Local constraints hit (4 unique):
         - MemoryWrite@mem.zir:100
           cycle=20342, step=3540, pc=0xC000017C, major=3, minor=11
         - MemoryWrite@mem.zir:99
           cycle=20342, step=3540, pc=0xC000017C, major=3, minor=11
         - OneHot@one_hot.zir:11
           cycle=20342, step=3540, pc=0xC000017C, major=3, minor=11
         - OneHot@one_hot.zir:9
           cycle=20342, step=3540, pc=0xC000017C, major=3, minor=11
       Global: memory permutation violated
         0xFFFF0040 (data): expected write missing, needed 0x0022156c (cycle 40662)
         x12/a2: unexpected write 0x0022156c (cycle 40662)
  [366] ✓ INSTR_TYPE_MOD @ step 0: 6 failures, 3100ms, outcome: REJECTED, exit: 101 [proof:GENERATED] [+1 touch] G=memory|cycle
       r=0.025  T_new=0.03 F_new=0.39 F_rare=0.85 U=0 Q=0.08 Q_l=0.14 Q_g=0.61 dl=6 dg=3
       Value: 0x00020006 -> 0x00060002
       Original: Auipc [major=2, minor=6]
       Mutated:  Sw [major=6, minor=2]
       zkVM errors (3 lines):
         • [prover_impl.rs:280] verify segment (internal proof verification failed)
         • [ffi.cpp:113] address mismatch at cycle 0: preflight=0x44000000, actual=0x00000000
         • [kernels/cxx/ffi.cpp:208] SKIP THROW: memory peek not in preflight
       Local constraints hit (6 unique):
         - AddrDecompose@u32.zir:67
           cycle=0, step=0, pc=0x00000000, major=6, minor=2
         - AddrDecomposeBits@u32.zir:87
           cycle=0, step=0, pc=0x00000000, major=6, minor=2
         - ControlLoadRootAndNonce@inst_control.zir:23
           cycle=1, step=0, pc=0x00000000, major=7, minor=0
         - MemStoreInput@inst_mem.zir:18
           cycle=0, step=0, pc=0x00000000, major=6, minor=2
         - VerifyOpcodeF3@inst.zir:96
           cycle=0, step=0, pc=0x00000000, major=6, minor=2
         - VerifyOpcodeF3@inst.zir:97
           cycle=0, step=0, pc=0x00000000, major=6, minor=2
       Global: memory permutation violated
         0x00000000 (data): unexpected write 0x00000000 (cycle 1)
       Global: cycle lookup violated (2 indices broken)
         index 0: 2256 provides, 1 uses (imbalanced)
         index 2013265920: orphan provide (3 entries, no matching use)
  [367] ✓ INSTR_TYPE_MOD @ step 1021: 6 failures, 2981ms, outcome: REJECTED, exit: 101 [proof:GENERATED] G=memory|cycle
       r=0.026  T_new=0.00 F_new=0.78 F_rare=1.00 U=0 Q=0.06 Q_l=0.14 Q_g=0.43 dl=6 dg=5
       Value: 0x00000007 -> 0x00060001
       Original: AddI [major=0, minor=7]
       Mutated:  Sh [major=6, minor=1]
       zkVM errors (3 lines):
         • [prover_impl.rs:280] verify segment (internal proof verification failed)
         • [ffi.cpp:113] address mismatch at cycle 17660: preflight=0x3fffc02b, actual=0x20000002
         • [kernels/cxx/ffi.cpp:208] SKIP THROW: memory peek not in preflight
       Local constraints hit (6 unique):
         - IsRead@mem.zir:79
           cycle=17660, step=1021, pc=0x00200A74, major=6, minor=1
         - MemoryWrite@mem.zir:100
           cycle=17660, step=1021, pc=0x00200A74, major=6, minor=1
         - MemoryWrite@mem.zir:99
           cycle=17660, step=1021, pc=0x00200A74, major=6, minor=1
         - OpSH@inst_mem.zir:148
           cycle=17660, step=1021, pc=0x00200A74, major=6, minor=1
         - VerifyOpcodeF3@inst.zir:96
           cycle=17660, step=1021, pc=0x00200A74, major=6, minor=1
         - VerifyOpcodeF3@inst.zir:97
           cycle=17660, step=1021, pc=0x00200A74, major=6, minor=1
       Global: memory permutation violated
         0x80000008 (data): expected write missing, needed 0x24b51263 (cycle 5186)
         x11/a1: unexpected write 0x80000000 (cycle 35320)
       Global: cycle lookup violated (3 indices broken)
         index 0: 2254 provides, 1 uses (imbalanced)
         index 30134: 1 provides, 1 uses (imbalanced)
         index 2013265920: orphan provide (1 entries, no matching use)
  [368] ✓ INSTR_TYPE_MOD @ step 674: 23 failures, 2984ms, outcome: REJECTED, exit: 101 [proof:GENERATED] G=memory
       r=0.001  T_new=0.00 F_new=1.00 F_rare=1.00 U=0 Q=0.00 Q_l=0.01 Q_g=0.19 dl=15 dg=10
       Value: 0x00020004 -> 0x0000000F
       Original: JalR [major=2, minor=4]
       Mutated:  Blt [major=0, minor=15] ⚠INVALID
       zkVM errors (3 lines):
         • [prover_impl.rs:280] verify segment (internal proof verification failed)
         • [ffi.cpp:113] address mismatch at cycle 17284: preflight=0x30000016, actual=0x00000000
         • [kernels/cxx/buffers.h:43] SKIP THROW: Inconsistent set
       Local constraints hit (6 unique):
         - AddrDecompose@u32.zir:67 (x10)
           cycle=17284, step=675, pc=0xC0000134, major=2, minor=3
         - AddrDecomposeBits@u32.zir:87 (x7)
           cycle=17291, step=682, pc=0xC000014C, major=8, minor=0
         - MemoryWrite@mem.zir:100 (x2)
           cycle=17283, step=674, pc=0xC0000058, major=0, minor=15
         - MemoryWrite@mem.zir:99 (x2)
           cycle=17283, step=674, pc=0xC0000058, major=0, minor=15
         - OneHot@one_hot.zir:11
           cycle=17283, step=674, pc=0xC0000058, major=0, minor=15
         - OneHot@one_hot.zir:9
           cycle=17283, step=674, pc=0xC0000058, major=0, minor=15
       Global: memory permutation violated (26 addrs: 26 data)
         0x00000000 (data): expected write missing, needed 0x0dc0006f (cycle 34400)
         0x000000DC (data): expected write missing, needed 0x00100893 (cycle 34402)
         0x000000E0 (data): expected write missing, needed 0x03022503 (cycle 34404)
         + 23 more addresses
  [369] ✓ INSTR_TYPE_MOD @ step 517: 4 failures, 3002ms, outcome: REJECTED, exit: 101 [proof:GENERATED] G=memory
       r=0.024  T_new=0.00 F_new=0.99 F_rare=1.00 U=0 Q=0.05 Q_l=0.26 Q_g=0.19 dl=4 dg=10
       Value: 0x00020003 -> 0x00010007
       Original: Jal [major=2, minor=3]
       Mutated:  Blt [major=1, minor=7]
       zkVM errors (3 lines):
         • [prover_impl.rs:280] verify segment (internal proof verification failed)
         • [ffi.cpp:113] address mismatch at cycle 17115: preflight=0x3000004d, actual=0x30000017
         • [kernels/cxx/buffers.h:43] SKIP THROW: Inconsistent set
       Local constraints hit (4 unique):
         - MemoryWrite@mem.zir:100
           cycle=17114, step=517, pc=0xC0000134, major=1, minor=7
         - MemoryWrite@mem.zir:99
           cycle=17114, step=517, pc=0xC0000134, major=1, minor=7
         - VerifyOpcodeF3@inst.zir:96
           cycle=17114, step=517, pc=0xC0000134, major=1, minor=7
         - VerifyOpcodeF3@inst.zir:97
           cycle=17114, step=517, pc=0xC0000134, major=1, minor=7
       Global: memory permutation violated (24 addrs: 24 data)
         0xC000005C (data): expected write missing, needed 0x00100893 (cycle 34062)
         0xC0000060 (data): expected write missing, needed 0x03022503 (cycle 34064)
         0xC0000064 (data): expected write missing, needed 0x02822583 (cycle 34066)
         + 21 more addresses
  [370] ✓ INSTR_TYPE_MOD @ step 3829: 5 failures, 2926ms, outcome: REJECTED, exit: 101 [proof:GENERATED] [+31 touch] G=memory
       r=0.024  T_new=0.59 F_new=1.00 F_rare=1.00 U=0 Q=0.04 Q_l=0.19 Q_g=0.19 dl=5 dg=10
       Value: 0x00020004 -> 0x00050009
       Original: JalR [major=2, minor=4]
       Mutated:  Sh [major=5, minor=9] ⚠INVALID
       zkVM errors (3 lines):
         • [prover_impl.rs:280] verify segment (internal proof verification failed)
         • [ffi.cpp:113] address mismatch at cycle 20779: preflight=0x3fffc020, actual=0x00081518
         • [kernels/cxx/ffi.cpp:208] SKIP THROW: memory peek not in preflight
       Local constraints hit (4 unique):
         - MemoryWrite@mem.zir:100
           cycle=20779, step=3829, pc=0x00205460, major=5, minor=9
         - MemoryWrite@mem.zir:99 (x2)
           cycle=20779, step=3829, pc=0x00205460, major=5, minor=9
         - OneHot@one_hot.zir:11
           cycle=20779, step=3829, pc=0x00205460, major=5, minor=9
         - OneHot@one_hot.zir:9
           cycle=20779, step=3829, pc=0x00205460, major=5, minor=9
       Global: memory permutation violated (17 addrs: 1 register, 16 code)
         x0/zero: unexpected write 0x00000000 (cycle 41554)
         + 16 code addresses diverged (instruction fetch cascade)
  [371] ✓ INSTR_TYPE_MOD @ step 1971: 4 failures, 2924ms, outcome: REJECTED, exit: 101 [proof:GENERATED] G=memory
       r=0.073  T_new=0.00 F_new=0.63 F_rare=1.00 U=0 Q=0.19 Q_l=0.26 Q_g=0.72 dl=4 dg=2
       Value: 0x00050003 -> 0x00010001
       Original: LbU [major=5, minor=3]
       Mutated:  OrI [major=1, minor=1]
       zkVM errors (3 lines):
         • [prover_impl.rs:280] verify segment (internal proof verification failed)
         • [ffi.cpp:113] address mismatch at cycle 18620: preflight=0x00086c57, actual=0x3fffc020
         • [kernels/cxx/ffi.cpp:208] SKIP THROW: memory peek not in preflight
       Local constraints hit (4 unique):
         - MemoryWrite@mem.zir:100
           cycle=18620, step=1971, pc=0x002184C0, major=1, minor=1
         - MemoryWrite@mem.zir:99
           cycle=18620, step=1971, pc=0x002184C0, major=1, minor=1
         - VerifyOpcodeF3@inst.zir:96
           cycle=18620, step=1971, pc=0x002184C0, major=1, minor=1
         - VerifyOpcodeF3@inst.zir:97
           cycle=18620, step=1971, pc=0x002184C0, major=1, minor=1
       Global: memory permutation violated
         x0/zero: expected write missing, needed 0x544b4341 (cycle 27546)
         0x0021B15C (code): unexpected write 0x544b4341 (cycle 27546)
  [372] ✓ INSTR_TYPE_MOD @ step 2800: 2 failures, 3034ms, outcome: REJECTED, exit: 101 [proof:GENERATED] [+35 touch]
       r=0.304  T_new=0.63 F_new=0.63 F_rare=1.00 U=0 Q=0.51 Q_l=0.51 Q_g=1.00 dl=2 dg=0
       Value: 0x00060002 -> 0x0006000F
       Original: Sw [major=6, minor=2]
       Mutated:  Unknown(6,15) [major=6, minor=15] ⚠INVALID
       zkVM errors (1 lines):
         • [prover_impl.rs:280] verify segment (internal proof verification failed)
       Local constraints hit (2 unique):
         - OneHot@one_hot.zir:11
           cycle=19528, step=2800, pc=0x00203878, major=6, minor=15
         - OneHot@one_hot.zir:9
           cycle=19528, step=2800, pc=0x00203878, major=6, minor=15
       Global: no permutation/lookup violations (local-only)
  [373] ✓ INSTR_TYPE_MOD @ step 3425: 3 failures, 2983ms, outcome: REJECTED, exit: 101 [proof:GENERATED] [+6 touch] G=memory
       r=0.123  T_new=0.16 F_new=0.63 F_rare=1.00 U=0 Q=0.26 Q_l=0.37 Q_g=0.72 dl=3 dg=2
       Value: 0x00010006 -> 0x00040006
       Original: Bne [major=1, minor=6]
       Mutated:  Rem [major=4, minor=6]
       zkVM errors (3 lines):
         • [prover_impl.rs:280] verify segment (internal proof verification failed)
         • [ffi.cpp:113] address mismatch at cycle 20227: preflight=0x3fffc060, actual=0x3fffc030
         • [kernels/cxx/ffi.cpp:208] SKIP THROW: memory peek not in preflight
       Local constraints hit (3 unique):
         - VerifyOpcodeF3F7@inst.zir:102
           cycle=20227, step=3425, pc=0x002035D8, major=4, minor=6
         - VerifyOpcodeF3F7@inst.zir:103
           cycle=20227, step=3425, pc=0x002035D8, major=4, minor=6
         - VerifyOpcodeF3F7@inst.zir:104
           cycle=20227, step=3425, pc=0x002035D8, major=4, minor=6
       Global: memory permutation violated
         x16/a6: expected write missing, needed 0x00000000 (cycle 40451)
         0xFFFF0180 (data): unexpected write 0x00000000 (cycle 40451)
  [374] ✓ INSTR_TYPE_MOD @ step 2518: 5 failures, 2991ms, outcome: REJECTED, exit: 101 [proof:GENERATED] G=memory|cycle
       r=0.040  T_new=0.00 F_new=0.92 F_rare=1.00 U=0 Q=0.08 Q_l=0.19 Q_g=0.43 dl=5 dg=5
       Value: 0x00020006 -> 0x00050007
       Original: Auipc [major=2, minor=6]
       Mutated:  Unknown(5,7) [major=5, minor=7] ⚠INVALID
       zkVM errors (3 lines):
         • [prover_impl.rs:280] verify segment (internal proof verification failed)
         • [ffi.cpp:113] address mismatch at cycle 19246: preflight=0x3fffc021, actual=0x00000000
         • [kernels/cxx/ffi.cpp:208] SKIP THROW: memory peek not in preflight
       Local constraints hit (5 unique):
         - AddrDecomposeBits@u32.zir:87
           cycle=19246, step=2518, pc=0x0020144C, major=5, minor=7
         - IllegalLoadOp@inst_mem.zir:40
           cycle=19246, step=2518, pc=0x0020144C, major=5, minor=7
         - IsRead@mem.zir:79
           cycle=19246, step=2518, pc=0x0020144C, major=5, minor=7
         - MemoryWrite@mem.zir:100
           cycle=19246, step=2518, pc=0x0020144C, major=5, minor=7
         - MemoryWrite@mem.zir:99
           cycle=19246, step=2518, pc=0x0020144C, major=5, minor=7
       Global: memory permutation violated
         0x00000000 (data): expected write missing, needed 0x00201440 (cycle 38486)
         x1/ra: expected write missing, needed 0xe94080e7 (cycle 6778)
       Global: cycle lookup violated (3 indices broken)
         index 5: 350 provides, 1 uses (imbalanced)
         index 6: 413 provides, 1 uses (imbalanced)
         index 31714: 1 provides, 1 uses (imbalanced)
  [375] ✓ INSTR_TYPE_MOD @ step 390: 3 failures, 2887ms, outcome: REJECTED, exit: 101 [proof:GENERATED]
       r=0.077  T_new=0.00 F_new=0.00 F_rare=0.71 U=0 Q=0.37 Q_l=0.37 Q_g=1.00 dl=3 dg=0
       Value: 0x00000007 -> 0x00030006
       Original: AddI [major=0, minor=7]
       Mutated:  Unknown(3,6) [major=3, minor=6] ⚠INVALID
       zkVM errors (1 lines):
         • [prover_impl.rs:280] verify segment (internal proof verification failed)
       Local constraints hit (3 unique):
         - IllegalMulOp@inst_mul.zir:18
           cycle=16981, step=390, pc=0x002031F8, major=3, minor=6
         - MemoryWrite@mem.zir:100
           cycle=16981, step=390, pc=0x002031F8, major=3, minor=6
         - MemoryWrite@mem.zir:99
           cycle=16981, step=390, pc=0x002031F8, major=3, minor=6
       Global: no permutation/lookup violations (local-only)
  [376] ✓ INSTR_TYPE_MOD @ step 1141: 5 failures, 2996ms, outcome: REJECTED, exit: 101 [proof:GENERATED] [+33 touch] G=memory|cycle
       r=0.055  T_new=0.61 F_new=0.99 F_rare=1.00 U=0 Q=0.08 Q_l=0.19 Q_g=0.43 dl=5 dg=5
       Value: 0x00000007 -> 0x00060007
       Original: AddI [major=0, minor=7]
       Mutated:  Unknown(6,7) [major=6, minor=7] ⚠INVALID
       zkVM errors (3 lines):
         • [prover_impl.rs:280] verify segment (internal proof verification failed)
         • [ffi.cpp:113] address mismatch at cycle 17785: preflight=0x3fffc02c, actual=0x000800f3
         • [kernels/cxx/ffi.cpp:208] SKIP THROW: memory peek not in preflight
       Local constraints hit (5 unique):
         - IllegalStoreOp@inst_mem.zir:45
           cycle=17785, step=1141, pc=0x0020B950, major=6, minor=7
         - IsRead@mem.zir:79
           cycle=17785, step=1141, pc=0x0020B950, major=6, minor=7
         - IsRead@mem.zir:80
           cycle=17785, step=1141, pc=0x0020B950, major=6, minor=7
         - MemoryWrite@mem.zir:100
           cycle=17785, step=1141, pc=0x0020B950, major=6, minor=7
         - MemoryWrite@mem.zir:99
           cycle=17785, step=1141, pc=0x0020B950, major=6, minor=7
       Global: memory permutation violated
         0x002003CC (data): expected write missing, needed 0x00050493 (cycle 23682)
         x12/a2: unexpected write 0x00000003 (cycle 35552)
       Global: cycle lookup violated (3 indices broken)
         index 17: 102 provides, 1 uses (imbalanced)
         index 18: 84 provides, 1 uses (imbalanced)
         index 11888: 1 provides, 1 uses (imbalanced)
  [377] ✓ INSTR_TYPE_MOD @ step 575: 3 failures, 2915ms, outcome: REJECTED, exit: 101 [proof:GENERATED]
       r=0.031  T_new=0.00 F_new=0.00 F_rare=0.34 U=0 Q=0.37 Q_l=0.37 Q_g=1.00 dl=3 dg=0
       Value: 0x00030001 -> 0x00020005
       Original: SllI [major=3, minor=1]
       Mutated:  Lui [major=2, minor=5]
       zkVM errors (1 lines):
         • [prover_impl.rs:280] verify segment (internal proof verification failed)
       Local constraints hit (3 unique):
         - MemoryWrite@mem.zir:100
           cycle=17178, step=575, pc=0x00206134, major=2, minor=5
         - MemoryWrite@mem.zir:99
           cycle=17178, step=575, pc=0x00206134, major=2, minor=5
         - VerifyOpcode@inst.zir:91
           cycle=17178, step=575, pc=0x00206134, major=2, minor=5
       Global: no permutation/lookup violations (local-only)
  [378] ✓ INSTR_TYPE_MOD @ step 3181: 1 failures, 2923ms, outcome: REJECTED, exit: 101 [proof:GENERATED]
       r=0.086  T_new=0.00 F_new=0.00 F_rare=0.41 U=0 Q=0.72 Q_l=0.72 Q_g=1.00 dl=1 dg=0
       Value: 0x00050002 -> 0x00050004
       Original: Lw [major=5, minor=2]
       Mutated:  LhU [major=5, minor=4]
       zkVM errors (1 lines):
         • [prover_impl.rs:280] verify segment (internal proof verification failed)
       Local constraints hit (1 unique):
         - VerifyOpcodeF3@inst.zir:97
           cycle=19983, step=3181, pc=0x00205470, major=5, minor=4
       Global: no permutation/lookup violations (local-only)
  [379] ✓ INSTR_TYPE_MOD @ step 920: 5 failures, 2937ms, outcome: REJECTED, exit: 101 [proof:GENERATED] G=memory
       r=0.017  T_new=0.00 F_new=0.99 F_rare=1.00 U=0 Q=0.04 Q_l=0.19 Q_g=0.19 dl=5 dg=10
       Value: 0x00020002 -> 0x00000003
       Original: BgeU [major=2, minor=2]
       Mutated:  Or [major=0, minor=3]
       zkVM errors (3 lines):
         • [prover_impl.rs:280] verify segment (internal proof verification failed)
         • [ffi.cpp:113] address mismatch at cycle 17553: preflight=0x3fffc060, actual=0x3fffc02c
         • [kernels/cxx/ffi.cpp:208] SKIP THROW: memory peek not in preflight
       Local constraints hit (4 unique):
         - MemoryWrite@mem.zir:99 (x2)
           cycle=17553, step=920, pc=0x002061A4, major=0, minor=3
         - VerifyOpcodeF3F7@inst.zir:102
           cycle=17553, step=920, pc=0x002061A4, major=0, minor=3
         - VerifyOpcodeF3F7@inst.zir:103
           cycle=17553, step=920, pc=0x002061A4, major=0, minor=3
         - VerifyOpcodeF3F7@inst.zir:104
           cycle=17553, step=920, pc=0x002061A4, major=0, minor=3
       Global: memory permutation violated (18 addrs: 1 register, 16 code, 1 data)
         x12/a2: expected write missing, needed 0x00000000 (cycle 35055)
         0xFFFF0180 (data): unexpected write 0x00000000 (cycle 35055)
         + 16 code addresses diverged (instruction fetch cascade)
  [380] ✓ INSTR_TYPE_MOD @ step 2062: 6 failures, 2931ms, outcome: REJECTED, exit: 101 [proof:GENERATED] G=memory
       r=0.012  T_new=0.00 F_new=0.99 F_rare=1.00 U=0 Q=0.03 Q_l=0.14 Q_g=0.19 dl=6 dg=10
       Value: 0x00010005 -> 0x00010000
       Original: Beq [major=1, minor=5]
       Mutated:  XorI [major=1, minor=0]
       zkVM errors (3 lines):
         • [prover_impl.rs:280] verify segment (internal proof verification failed)
         • [ffi.cpp:113] address mismatch at cycle 18716: preflight=0x3fffc060, actual=0x3fffc034
         • [kernels/cxx/ffi.cpp:208] SKIP THROW: memory peek not in preflight
       Local constraints hit (4 unique):
         - MemoryWrite@mem.zir:100
           cycle=18716, step=2062, pc=0x00209754, major=1, minor=0
         - MemoryWrite@mem.zir:99 (x3)
           cycle=18716, step=2062, pc=0x00209754, major=1, minor=0
         - VerifyOpcodeF3@inst.zir:96
           cycle=18716, step=2062, pc=0x00209754, major=1, minor=0
         - VerifyOpcodeF3@inst.zir:97
           cycle=18716, step=2062, pc=0x00209754, major=1, minor=0
       Global: memory permutation violated (28 addrs: 1 register, 26 code, 1 data)
         x20/s4: expected write missing, needed 0x00206010 (cycle 37429)
         0xFFFF0180 (data): unexpected write 0x00206010 (cycle 37429)
         + 26 code addresses diverged (instruction fetch cascade)
  [381] ✓ INSTR_TYPE_MOD @ step 2351: 4 failures, 2995ms, outcome: REJECTED, exit: 101 [proof:GENERATED] G=memory
       r=0.077  T_new=0.00 F_new=0.63 F_rare=1.00 U=0 Q=0.19 Q_l=0.26 Q_g=0.72 dl=4 dg=2
       Value: 0x00010002 -> 0x00050004
       Original: AndI [major=1, minor=2]
       Mutated:  LhU [major=5, minor=4]
       zkVM errors (3 lines):
         • [prover_impl.rs:280] verify segment (internal proof verification failed)
         • [ffi.cpp:113] address mismatch at cycle 19005: preflight=0x3fffc03f, actual=0x0000003f
         • [kernels/cxx/ffi.cpp:208] SKIP THROW: memory peek not in preflight
       Local constraints hit (4 unique):
         - AddrDecomposeBits@u32.zir:87
           cycle=19005, step=2351, pc=0x00203254, major=5, minor=4
         - OpLHU@inst_mem.zir:123
           cycle=19005, step=2351, pc=0x00203254, major=5, minor=4
         - VerifyOpcodeF3@inst.zir:96
           cycle=19005, step=2351, pc=0x00203254, major=5, minor=4
         - VerifyOpcodeF3@inst.zir:97
           cycle=19005, step=2351, pc=0x00203254, major=5, minor=4
       Global: memory permutation violated
         0x000000FC (data): expected write missing, needed 0x00000000 (cycle 37954)
         x31/t6: unexpected write 0x00000000 (cycle 37954)
  [382] ✓ INSTR_TYPE_MOD @ step 3604: 6 failures, 2954ms, outcome: REJECTED, exit: 101 [proof:GENERATED] G=memory
       r=0.017  T_new=0.00 F_new=0.98 F_rare=1.00 U=0 Q=0.04 Q_l=0.14 Q_g=0.26 dl=6 dg=8
       Value: 0x00020004 -> 0x00030002
       Original: JalR [major=2, minor=4]
       Mutated:  Mul [major=3, minor=2]
       zkVM errors (3 lines):
         • [prover_impl.rs:280] verify segment (internal proof verification failed)
         • [ffi.cpp:113] address mismatch at cycle 20481: preflight=0x000815ac, actual=0x000803be
         • [kernels/cxx/buffers.h:43] SKIP THROW: Inconsistent set
       Local constraints hit (4 unique):
         - MemoryWrite@mem.zir:100
           cycle=20480, step=3604, pc=0x002056B0, major=3, minor=2
         - MemoryWrite@mem.zir:99 (x3)
           cycle=20480, step=3604, pc=0x002056B0, major=3, minor=2
         - VerifyOpcodeF3F7@inst.zir:102
           cycle=20480, step=3604, pc=0x002056B0, major=3, minor=2
         - VerifyOpcodeF3F7@inst.zir:104
           cycle=20480, step=3604, pc=0x002056B0, major=3, minor=2
       Global: memory permutation violated
         0x00200EF8 (code): expected write missing, needed 0x00400593 (cycle 39404)
         0x00200EFC (code): expected write missing, needed 0x000a8513 (cycle 39406)
         0x00200F00 (code): expected write missing, needed 0x00000097 (cycle 39408)
         0x00200F04 (code): expected write missing, needed 0x734080e7 (cycle 39410)
         0x002056B0 (code): unexpected write 0x00400593 (cycle 39404)
         0x002056B4 (code): unexpected write 0x000a8513 (cycle 39406)
         0x002056B8 (code): unexpected write 0x00000097 (cycle 39408)
         0x002056BC (code): unexpected write 0x734080e7 (cycle 39410)
  [383] ✓ INSTR_TYPE_MOD @ step 869: 3 failures, 2901ms, outcome: REJECTED, exit: 101 [proof:GENERATED]
       r=0.030  T_new=0.00 F_new=0.00 F_rare=0.33 U=0 Q=0.37 Q_l=0.37 Q_g=1.00 dl=3 dg=0
       Value: 0x00000007 -> 0x00000003
       Original: AddI [major=0, minor=7]
       Mutated:  Or [major=0, minor=3]
       zkVM errors (1 lines):
         • [prover_impl.rs:280] verify segment (internal proof verification failed)
       Local constraints hit (3 unique):
         - MemoryWrite@mem.zir:99
           cycle=17496, step=869, pc=0x00200A14, major=0, minor=3
         - VerifyOpcodeF3F7@inst.zir:102
           cycle=17496, step=869, pc=0x00200A14, major=0, minor=3
         - VerifyOpcodeF3F7@inst.zir:103
           cycle=17496, step=869, pc=0x00200A14, major=0, minor=3
       Global: no permutation/lookup violations (local-only)
  [384] ✓ INSTR_TYPE_MOD @ step 3241: 4 failures, 2955ms, outcome: REJECTED, exit: 101 [proof:GENERATED]
       r=0.038  T_new=0.00 F_new=0.00 F_rare=0.51 U=0 Q=0.26 Q_l=0.26 Q_g=1.00 dl=4 dg=0
       Value: 0x00000007 -> 0x00000005
       Original: AddI [major=0, minor=7]
       Mutated:  Slt [major=0, minor=5]
       zkVM errors (1 lines):
         • [prover_impl.rs:280] verify segment (internal proof verification failed)
       Local constraints hit (4 unique):
         - MemoryWrite@mem.zir:100
           cycle=20043, step=3241, pc=0x00204BCC, major=0, minor=5
         - MemoryWrite@mem.zir:99
           cycle=20043, step=3241, pc=0x00204BCC, major=0, minor=5
         - VerifyOpcodeF3F7@inst.zir:102
           cycle=20043, step=3241, pc=0x00204BCC, major=0, minor=5
         - VerifyOpcodeF3F7@inst.zir:103
           cycle=20043, step=3241, pc=0x00204BCC, major=0, minor=5
       Global: no permutation/lookup violations (local-only)
  [385] ✓ INSTR_TYPE_MOD @ step 3314: 10 failures, 2944ms, outcome: REJECTED, exit: 101 [proof:GENERATED] G=memory
       r=0.007  T_new=0.00 F_new=0.97 F_rare=1.00 U=0 Q=0.02 Q_l=0.05 Q_g=0.31 dl=9 dg=7
       Value: 0x00000000 -> 0x00010006
       Original: Add [major=0, minor=0]
       Mutated:  Bne [major=1, minor=6]
       zkVM errors (3 lines):
         • [prover_impl.rs:280] verify segment (internal proof verification failed)
         • [ffi.cpp:113] address mismatch at cycle 20116: preflight=0x3fffc02a, actual=0x3fffc060
         • [kernels/cxx/ffi.cpp:208] SKIP THROW: memory peek not in preflight
       Local constraints hit (5 unique):
         - DecodeInst@inst.zir:29 (x4)
           cycle=20117, step=3315, pc=0x00204C5C, major=0, minor=7
         - MemoryWrite@mem.zir:100
           cycle=20116, step=3314, pc=0x00204C58, major=1, minor=6
         - MemoryWrite@mem.zir:99 (x3)
           cycle=20116, step=3314, pc=0x00204C58, major=1, minor=6
         - VerifyOpcodeF3@inst.zir:96
           cycle=20116, step=3314, pc=0x00204C58, major=1, minor=6
         - VerifyOpcodeF3@inst.zir:97
           cycle=20116, step=3314, pc=0x00204C58, major=1, minor=6
       Global: memory permutation violated
         x10/a0: unexpected write 0x00000042 (cycle 40228)
         0xFFFF0180 (data): expected write missing, needed 0x00000042 (cycle 40228)
         0x00204C58 (code): unexpected write 0x000b8593 (cycle 14506)
         0x00204C5C (code): wrote 0x000c0613, expected 0x000b8593 (cycle 14506)
         0x00204C60 (code): expected write missing, needed 0x000c0613 (cycle 14506)
         0x00204C64 (code): wrote 0x694080e7, expected 0xffffe097 (cycle 14526)
         0x00204C68 (code): unexpected write 0x694080e7 (cycle 40240)
  [386] ✓ INSTR_TYPE_MOD @ step 2708: 4 failures, 2934ms, outcome: REJECTED, exit: 101 [proof:GENERATED] G=memory
       r=0.073  T_new=0.00 F_new=0.63 F_rare=1.00 U=0 Q=0.19 Q_l=0.26 Q_g=0.72 dl=4 dg=2
       Value: 0x00050002 -> 0x00000002
       Original: Lw [major=5, minor=2]
       Mutated:  Xor [major=0, minor=2]
       zkVM errors (3 lines):
         • [prover_impl.rs:280] verify segment (internal proof verification failed)
         • [ffi.cpp:113] address mismatch at cycle 19436: preflight=0x000884d2, actual=0x3fffc02c
         • [kernels/cxx/ffi.cpp:208] SKIP THROW: memory peek not in preflight
       Local constraints hit (4 unique):
         - MemoryWrite@mem.zir:100
           cycle=19436, step=2708, pc=0x0020164C, major=0, minor=2
         - MemoryWrite@mem.zir:99
           cycle=19436, step=2708, pc=0x0020164C, major=0, minor=2
         - VerifyOpcodeF3F7@inst.zir:102
           cycle=19436, step=2708, pc=0x0020164C, major=0, minor=2
         - VerifyOpcodeF3F7@inst.zir:103
           cycle=19436, step=2708, pc=0x0020164C, major=0, minor=2
       Global: memory permutation violated
         x12/a2: expected write missing, needed 0x00000000 (cycle 29154)
         0x00221348 (code): unexpected write 0x00000000 (cycle 29154)
  [387] ✓ INSTR_WORD_MOD_FULL @ step 3025: 0 failures, 2934ms, outcome: REJECTED, exit: 101 [proof:GENERATED] G=memory[GO]
       r=0.145  T_new=0.00 F_new=0.97 F_rare=1.00 U=0 Q=0.31 Q_l=1.00 Q_g=0.31 dl=0 dg=7
       Value: 0x00F6A223 -> 0x426EA023
       Original: SW x15, 4(x13)
       Mutated:  SW x6, 1056(x29)
       zkVM errors (3 lines):
         • [prover_impl.rs:280] verify segment (internal proof verification failed)
         • [ffi.cpp:113] address mismatch at cycle 19753: preflight=0x3fffc02d, actual=0x3fffc03d
         • [kernels/cxx/ffi.cpp:208] SKIP THROW: memory peek not in preflight
       Global: memory permutation violated [GLOBAL-ONLY]
         x6/t1: expected write missing, needed 0x754f2e30 (cycle 39503)
         x13/a3: unexpected write 0x0022152c (cycle 39504)
         x15/a5: unexpected write 0x754f2e30 (cycle 39503)
         x29/t4: expected write missing, needed 0x0022152c (cycle 39504)
         0x0020345C (code): wrote 0x00f6a223, expected 0x426ea023 (cycle 37886)
         0x00221530 (code): unexpected write 0x00000000 (cycle 29458)
         0x0022194C (code): expected write missing, needed 0x00000000 (cycle 29458)
  [388] ✓ INSTR_TYPE_MOD @ step 550: 18 failures, 2955ms, outcome: REJECTED, exit: 101 [proof:GENERATED] G=memory
       r=0.001  T_new=0.00 F_new=1.00 F_rare=1.00 U=0 Q=0.00 Q_l=0.01 Q_g=0.19 dl=13 dg=10
       Value: 0x00000007 -> 0x00020002
       Original: AddI [major=0, minor=7]
       Mutated:  BgeU [major=2, minor=2]
       zkVM errors (3 lines):
         • [prover_impl.rs:280] verify segment (internal proof verification failed)
         • [ffi.cpp:113] address mismatch at cycle 17153: preflight=0x3fffc02b, actual=0x3fffc060
         • [kernels/cxx/ffi.cpp:208] SKIP THROW: memory peek not in preflight
       Local constraints hit (5 unique):
         - DecodeInst@inst.zir:29 (x12)
           cycle=17154, step=551, pc=0x00200910, major=1, minor=6
         - MemoryWrite@mem.zir:100
           cycle=17153, step=550, pc=0x0020090C, major=2, minor=2
         - MemoryWrite@mem.zir:99 (x3)
           cycle=17153, step=550, pc=0x0020090C, major=2, minor=2
         - VerifyOpcodeF3@inst.zir:96
           cycle=17153, step=550, pc=0x0020090C, major=2, minor=2
         - VerifyOpcodeF3@inst.zir:97
           cycle=17153, step=550, pc=0x0020090C, major=2, minor=2
       Global: memory permutation violated (26 addrs: 1 register, 24 code, 1 data)
         x11/a1: unexpected write 0x80000000 (cycle 34306)
         0xFFFF0180 (data): expected write missing, needed 0x80000000 (cycle 34306)
         + 24 code addresses diverged (instruction fetch cascade)
  [389] ✓ INSTR_TYPE_MOD @ step 1115: 5 failures, 2993ms, outcome: REJECTED, exit: 101 [proof:GENERATED] G=memory
       r=0.052  T_new=0.00 F_new=0.63 F_rare=1.00 U=0 Q=0.14 Q_l=0.19 Q_g=0.72 dl=5 dg=2
       Value: 0x00050002 -> 0x00000003
       Original: Lw [major=5, minor=2]
       Mutated:  Or [major=0, minor=3]
       zkVM errors (3 lines):
         • [prover_impl.rs:280] verify segment (internal proof verification failed)
         • [ffi.cpp:113] address mismatch at cycle 17759: preflight=0x000800e3, actual=0x3fffc02c
         • [kernels/cxx/ffi.cpp:208] SKIP THROW: memory peek not in preflight
       Local constraints hit (5 unique):
         - MemoryWrite@mem.zir:100
           cycle=17759, step=1115, pc=0x00200CA0, major=0, minor=3
         - MemoryWrite@mem.zir:99
           cycle=17759, step=1115, pc=0x00200CA0, major=0, minor=3
         - VerifyOpcodeF3F7@inst.zir:102
           cycle=17759, step=1115, pc=0x00200CA0, major=0, minor=3
         - VerifyOpcodeF3F7@inst.zir:103
           cycle=17759, step=1115, pc=0x00200CA0, major=0, minor=3
         - VerifyOpcodeF3F7@inst.zir:104
           cycle=17759, step=1115, pc=0x00200CA0, major=0, minor=3
       Global: memory permutation violated
         0x0020038C (data): unexpected write 0x00000000 (cycle 33627)
         x12/a2: expected write missing, needed 0x00000000 (cycle 33627)
  [390] ✓ INSTR_TYPE_MOD @ step 3411: 3 failures, 2958ms, outcome: REJECTED, exit: 101 [proof:GENERATED] G=memory
       r=0.102  T_new=0.00 F_new=0.63 F_rare=1.00 U=0 Q=0.26 Q_l=0.37 Q_g=0.72 dl=3 dg=2
       Value: 0x00050002 -> 0x00040002
       Original: Lw [major=5, minor=2]
       Mutated:  SrlI [major=4, minor=2]
       zkVM errors (3 lines):
         • [prover_impl.rs:280] verify segment (internal proof verification failed)
         • [ffi.cpp:113] address mismatch at cycle 20213: preflight=0x000800ae, actual=0x3fffc02c
         • [kernels/cxx/ffi.cpp:208] SKIP THROW: memory peek not in preflight
       Local constraints hit (3 unique):
         - MemoryWrite@mem.zir:99
           cycle=20213, step=3411, pc=0x00203428, major=4, minor=2
         - VerifyOpcodeF3F7@inst.zir:102
           cycle=20213, step=3411, pc=0x00203428, major=4, minor=2
         - VerifyOpcodeF3F7@inst.zir:103
           cycle=20213, step=3411, pc=0x00203428, major=4, minor=2
       Global: memory permutation violated
         0x002002B8 (data): unexpected write 0x00000000 (cycle 39129)
         x12/a2: expected write missing, needed 0x00000000 (cycle 39129)
  [391] ✓ PRE_EXEC_REG_MOD @ step 2861: 1 failures, 2925ms, outcome: REJECTED, exit: 101 [proof:GENERATED] G=memory
       r=0.153  T_new=0.00 F_new=0.39 F_rare=0.67 U=0 Q=0.61 Q_l=0.72 Q_g=0.85 dl=1 dg=1
       Value: 0x00000000 -> 0x00000010
       Register: x0 (zero), READ, strategy=next_read
       zkVM errors (1 lines):
         • [prover_impl.rs:280] verify segment (internal proof verification failed)
       Local constraints hit (1 unique):
         - IsRead@mem.zir:79
           cycle=19589, step=2861, pc=0x00204B08, major=0, minor=7
       Global: memory permutation violated
         x0/zero: wrote 0x00000010, expected 0x00000000 (cycle 39178)
  [392] ✓ INSTR_WORD_MOD_SUR @ step 74: 0 failures, 2937ms, outcome: REJECTED, exit: 101 [proof:GENERATED] G=memory[GO]
       r=0.255  T_new=0.00 F_new=0.78 F_rare=1.00 U=0 Q=0.61 Q_l=1.00 Q_g=0.61 dl=0 dg=3
       Value: 0x02E585B3 -> 0x02E58BB3
       Surgical: rd = 11 -> 23
       Original: ADD x11, x11, x14
       Mutated:  ADD x23, x11, x14
       zkVM errors (3 lines):
         • [prover_impl.rs:280] verify segment (internal proof verification failed)
         • [ffi.cpp:113] address mismatch at cycle 16647: preflight=0x3fffc02b, actual=0x3fffc037
         • [kernels/cxx/ffi.cpp:208] SKIP THROW: memory peek not in preflight
       Global: memory permutation violated [GLOBAL-ONLY]
         x11/a1: unexpected write 0x00000000 (cycle 33294)
         x23/s7: expected write missing, needed 0x00000000 (cycle 33294)
         0x0020325C (code): wrote 0x02e585b3, expected 0x02e58bb3 (cycle 10318)
  [393] ✓ MEM_VAL_MOD @ step 3712: 2 failures, 2934ms, outcome: REJECTED, exit: 101 [proof:GENERATED] G=memory
       r=0.118  T_new=0.00 F_new=0.39 F_rare=0.75 U=0 Q=0.43 Q_l=0.51 Q_g=0.85 dl=2 dg=1
       Value: 0x00000000 -> 0xFFFFFFFE
       Transaction: other_mem_write (WRITE) at address 0xffff0180
       zkVM errors (1 lines):
         • [prover_impl.rs:280] verify segment (internal proof verification failed)
       Local constraints hit (2 unique):
         - MemoryWrite@mem.zir:100
           cycle=20588, step=3712, pc=0x0020322C, major=2, minor=1
         - MemoryWrite@mem.zir:99
           cycle=20588, step=3712, pc=0x0020322C, major=2, minor=1
       Global: memory permutation violated
         0xFFFF0180 (data): wrote 0xfffffffe, expected 0x00000000 (cycle 41177)
  [394] ✓ INSTR_TYPE_MOD @ step 513: 1 failures, 2962ms, outcome: REJECTED, exit: 101 [proof:GENERATED]
       r=0.066  T_new=0.00 F_new=0.00 F_rare=0.38 U=0 Q=0.72 Q_l=0.72 Q_g=1.00 dl=1 dg=0
       Value: 0x00020000 -> 0x00020002
       Original: Bge [major=2, minor=0]
       Mutated:  BgeU [major=2, minor=2]
       zkVM errors (1 lines):
         • [prover_impl.rs:280] verify segment (internal proof verification failed)
       Local constraints hit (1 unique):
         - VerifyOpcodeF3@inst.zir:97
           cycle=17110, step=513, pc=0xC0000078, major=2, minor=2
       Global: no permutation/lookup violations (local-only)
  [395] 💥 INSTR_TYPE_MOD @ step 1903: 3 failures, 506ms, outcome: CRASH, exit: -11 [proof:NOT_GENERATED]
       r=0.000  T_new=0.00 F_new=0.00 F_rare=0.00 U=0 Q=0.00 Q_l=0.00 Q_g=1.00 dl=0 dg=0
       Value: 0x00020006 -> 0x00020004
       Original: Auipc [major=2, minor=6]
       Mutated:  JalR [major=2, minor=4]
       Local constraints hit (3 unique):
         - MemoryWrite@mem.zir:99
           cycle=18552, step=1903, pc=0x002096F8, major=2, minor=4
         - VerifyOpcodeF3@inst.zir:96
           cycle=18552, step=1903, pc=0x002096F8, major=2, minor=4
         - VerifyOpcodeF3@inst.zir:97
           cycle=18552, step=1903, pc=0x002096F8, major=2, minor=4
       Global: no permutation/lookup violations (local-only)
  [396] ✓ INSTR_TYPE_MOD @ step 33: 3 failures, 2888ms, outcome: REJECTED, exit: 101 [proof:GENERATED]
       r=0.044  T_new=0.00 F_new=0.00 F_rare=0.50 U=0 Q=0.37 Q_l=0.37 Q_g=1.00 dl=3 dg=0
       Value: 0x00020005 -> 0x00030001
       Original: Lui [major=2, minor=5]
       Mutated:  SllI [major=3, minor=1]
       zkVM errors (1 lines):
         • [prover_impl.rs:280] verify segment (internal proof verification failed)
       Local constraints hit (3 unique):
         - MemoryWrite@mem.zir:100
           cycle=16606, step=33, pc=0x00203F70, major=3, minor=1
         - MemoryWrite@mem.zir:99
           cycle=16606, step=33, pc=0x00203F70, major=3, minor=1
         - VerifyOpcodeF3F7@inst.zir:102
           cycle=16606, step=33, pc=0x00203F70, major=3, minor=1
       Global: no permutation/lookup violations (local-only)
  [397] ✓ INSTR_TYPE_MOD @ step 611: 2 failures, 2912ms, outcome: REJECTED, exit: 101 [proof:GENERATED]
       r=0.065  T_new=0.00 F_new=0.00 F_rare=0.45 U=0 Q=0.51 Q_l=0.51 Q_g=1.00 dl=2 dg=0
       Value: 0x00010002 -> 0x00010003
       Original: AndI [major=1, minor=2]
       Mutated:  SltI [major=1, minor=3]
       zkVM errors (1 lines):
         • [prover_impl.rs:280] verify segment (internal proof verification failed)
       Local constraints hit (2 unique):
         - MemoryWrite@mem.zir:99
           cycle=17220, step=611, pc=0x002061AC, major=1, minor=3
         - VerifyOpcodeF3@inst.zir:97
           cycle=17220, step=611, pc=0x002061AC, major=1, minor=3
       Global: no permutation/lookup violations (local-only)
  [398] ✓ LOAD_VAL_MOD @ step 1130: 2 failures, 2957ms, outcome: REJECTED, exit: 101 [proof:GENERATED] G=memory
       r=0.118  T_new=0.00 F_new=0.39 F_rare=0.75 U=0 Q=0.43 Q_l=0.51 Q_g=0.85 dl=2 dg=1
       Value: 0x00000000 -> 0x0B87F71C
       Load destination: rd = x11 (a1)
       zkVM errors (1 lines):
         • [prover_impl.rs:280] verify segment (internal proof verification failed)
       Local constraints hit (2 unique):
         - MemoryWrite@mem.zir:100
           cycle=17774, step=1130, pc=0x0020B910, major=5, minor=3
         - MemoryWrite@mem.zir:99
           cycle=17774, step=1130, pc=0x0020B910, major=5, minor=3
       Global: memory permutation violated
         x11/a1: wrote 0x0b87f71c, expected 0x00000000 (cycle 35549)
  [399] ✓ INSTR_TYPE_MOD @ step 0: 5 failures, 3011ms, outcome: REJECTED, exit: 101 [proof:GENERATED] [+1 touch] G=memory|cycle
       r=0.047  T_new=0.03 F_new=0.63 F_rare=1.00 U=0 Q=0.11 Q_l=0.19 Q_g=0.61 dl=5 dg=3
       Value: 0x00020006 -> 0x00010003
       Original: Auipc [major=2, minor=6]
       Mutated:  SltI [major=1, minor=3]
       zkVM errors (3 lines):
         • [prover_impl.rs:280] verify segment (internal proof verification failed)
         • [ffi.cpp:113] address mismatch at cycle 0: preflight=0x44000000, actual=0x00000000
         • [kernels/cxx/ffi.cpp:208] SKIP THROW: memory peek not in preflight
       Local constraints hit (5 unique):
         - AddrDecompose@u32.zir:67
           cycle=0, step=0, pc=0x00000000, major=1, minor=3
         - ControlLoadRootAndNonce@inst_control.zir:23
           cycle=1, step=0, pc=0x00000000, major=7, minor=0
         - MiscInput@inst_misc.zir:7
           cycle=0, step=0, pc=0x00000000, major=1, minor=3
         - VerifyOpcodeF3@inst.zir:96
           cycle=0, step=0, pc=0x00000000, major=1, minor=3
         - VerifyOpcodeF3@inst.zir:97
           cycle=0, step=0, pc=0x00000000, major=1, minor=3
       Global: memory permutation violated
         0xFFFF0100 (data): expected write missing, needed 0x00000000 (cycle 0)
       Global: cycle lookup violated (2 indices broken)
         index 0: 2256 provides, 1 uses (imbalanced)
         index 2013265920: orphan provide (2 entries, no matching use)
  [400] ✓ INSTR_TYPE_MOD @ step 3821: 5 failures, 2990ms, outcome: REJECTED, exit: 101 [proof:GENERATED] G=memory|cycle
       r=0.027  T_new=0.00 F_new=0.95 F_rare=1.00 U=0 Q=0.06 Q_l=0.19 Q_g=0.31 dl=5 dg=7
       Value: 0x00050002 -> 0x00060002
       Original: Lw [major=5, minor=2]
       Mutated:  Sw [major=6, minor=2]
       zkVM errors (3 lines):
         • [prover_impl.rs:280] verify segment (internal proof verification failed)
         • [ffi.cpp:113] address mismatch at cycle 20771: preflight=0x00080062, actual=0x3fffc028
         • [kernels/cxx/ffi.cpp:208] SKIP THROW: memory peek not in preflight
       Local constraints hit (5 unique):
         - IsRead@mem.zir:79
           cycle=20771, step=3821, pc=0x00205834, major=6, minor=2
         - IsRead@mem.zir:80
           cycle=20771, step=3821, pc=0x00205834, major=6, minor=2
         - MemoryWrite@mem.zir:100
           cycle=20771, step=3821, pc=0x00205834, major=6, minor=2
         - MemoryWrite@mem.zir:99
           cycle=20771, step=3821, pc=0x00205834, major=6, minor=2
         - VerifyOpcodeF3@inst.zir:96
           cycle=20771, step=3821, pc=0x00205834, major=6, minor=2
       Global: memory permutation violated
         0x00200188 (data): unexpected write 0x002002bc (cycle 40909)
         0x00200194 (data): expected write missing, needed 0x02412a83 (cycle 39944)
         x8/s0: expected write missing, needed 0x002002bc (cycle 40909)
         x20/s4: unexpected write 0x10000000 (cycle 41276)
       Global: cycle lookup violated (3 indices broken)
         index 265: 5 provides, 1 uses (imbalanced)
         index 266: 2 provides, 1 uses (imbalanced)
         index 1598: 1 provides, 1 uses (imbalanced)
  [401] ✓ INSTR_TYPE_MOD @ step 1623: 12 failures, 2941ms, outcome: REJECTED, exit: 101 [proof:GENERATED] [+31 touch] G=memory
       r=0.004  T_new=0.59 F_new=1.00 F_rare=1.00 U=0 Q=0.01 Q_l=0.04 Q_g=0.19 dl=10 dg=10
       Value: 0x00010005 -> 0x00010008
       Original: Beq [major=1, minor=5]
       Mutated:  Bge [major=1, minor=8] ⚠INVALID
       zkVM errors (3 lines):
         • [prover_impl.rs:280] verify segment (internal proof verification failed)
         • [ffi.cpp:113] address mismatch at cycle 18268: preflight=0x000811ee, actual=0x00000000
         • [kernels/cxx/buffers.h:43] SKIP THROW: Inconsistent set
       Local constraints hit (5 unique):
         - AddrDecompose@u32.zir:67 (x6)
           cycle=18268, step=1624, pc=0x002047BC, major=1, minor=6
         - MemoryWrite@mem.zir:100 (x2)
           cycle=18272, step=1628, pc=0x002047CC, major=2, minor=6
         - MemoryWrite@mem.zir:99 (x2)
           cycle=18272, step=1628, pc=0x002047CC, major=2, minor=6
         - OneHot@one_hot.zir:11
           cycle=18267, step=1623, pc=0x002047B8, major=1, minor=8
         - OneHot@one_hot.zir:9
           cycle=18267, step=1623, pc=0x002047B8, major=1, minor=8
       Global: memory permutation violated (12 addrs: 6 code, 6 data)
         0x00000000 (data): expected write missing, needed 0x00059c63 (cycle 13758)
         0x00000004 (data): expected write missing, needed 0x00052583 (cycle 13758)
         0x00000008 (data): expected write missing, needed 0x0005a503 (cycle 13778)
         + 6 code addresses diverged (instruction fetch cascade)
         + 3 more addresses
  [402] ✓ INSTR_TYPE_MOD @ step 288: 3 failures, 2943ms, outcome: REJECTED, exit: 101 [proof:GENERATED] G=memory
       r=0.109  T_new=0.00 F_new=0.63 F_rare=1.00 U=0 Q=0.26 Q_l=0.37 Q_g=0.72 dl=3 dg=2
       Value: 0x00020001 -> 0x00030005
       Original: BltU [major=2, minor=1]
       Mutated:  MulHU [major=3, minor=5]
       zkVM errors (3 lines):
         • [prover_impl.rs:280] verify segment (internal proof verification failed)
         • [ffi.cpp:113] address mismatch at cycle 16867: preflight=0x3fffc040, actual=0x3fffc01c
         • [kernels/cxx/ffi.cpp:208] SKIP THROW: memory peek not in preflight
       Local constraints hit (3 unique):
         - VerifyOpcodeF3F7@inst.zir:102
           cycle=16867, step=288, pc=0xC000014C, major=3, minor=5
         - VerifyOpcodeF3F7@inst.zir:103
           cycle=16867, step=288, pc=0xC000014C, major=3, minor=5
         - VerifyOpcodeF3F7@inst.zir:104
           cycle=16867, step=288, pc=0xC000014C, major=3, minor=5
       Global: memory permutation violated
         0xFFFF0070 (data): expected write missing, needed 0xc000005c (cycle 33723)
         0xFFFF0100 (data): unexpected write 0xc000005c (cycle 33723)
  [403] ✓ INSTR_TYPE_MOD @ step 3543: 4 failures, 2913ms, outcome: REJECTED, exit: 101 [proof:GENERATED]
       r=0.034  T_new=0.00 F_new=0.00 F_rare=0.45 U=0 Q=0.26 Q_l=0.26 Q_g=1.00 dl=4 dg=0
       Value: 0x00020006 -> 0x00000005
       Original: Auipc [major=2, minor=6]
       Mutated:  Slt [major=0, minor=5]
       zkVM errors (1 lines):
         • [prover_impl.rs:280] verify segment (internal proof verification failed)
       Local constraints hit (4 unique):
         - MemoryWrite@mem.zir:100
           cycle=20345, step=3543, pc=0xC0000188, major=0, minor=5
         - MemoryWrite@mem.zir:99
           cycle=20345, step=3543, pc=0xC0000188, major=0, minor=5
         - VerifyOpcodeF3F7@inst.zir:102
           cycle=20345, step=3543, pc=0xC0000188, major=0, minor=5
         - VerifyOpcodeF3F7@inst.zir:103
           cycle=20345, step=3543, pc=0xC0000188, major=0, minor=5
       Global: no permutation/lookup violations (local-only)
  [404] ✓ INSTR_TYPE_MOD @ step 1096: 3 failures, 2915ms, outcome: REJECTED, exit: 101 [proof:GENERATED] [+31 touch]
       r=0.226  T_new=0.59 F_new=0.78 F_rare=1.00 U=0 Q=0.37 Q_l=0.37 Q_g=1.00 dl=3 dg=0
       Value: 0x00000007 -> 0x0004000D
       Original: AddI [major=0, minor=7]
       Mutated:  Unknown(4,13) [major=4, minor=13] ⚠INVALID
       zkVM errors (1 lines):
         • [prover_impl.rs:280] verify segment (internal proof verification failed)
       Local constraints hit (3 unique):
         - MemoryWrite@mem.zir:99
           cycle=17740, step=1096, pc=0x00200BF0, major=4, minor=13
         - OneHot@one_hot.zir:11
           cycle=17740, step=1096, pc=0x00200BF0, major=4, minor=13
         - OneHot@one_hot.zir:9
           cycle=17740, step=1096, pc=0x00200BF0, major=4, minor=13
       Global: no permutation/lookup violations (local-only)
  [405] ✓ INSTR_TYPE_MOD @ step 3195: 2 failures, 2910ms, outcome: REJECTED, exit: 101 [proof:GENERATED]
       r=0.043  T_new=0.00 F_new=0.00 F_rare=0.29 U=0 Q=0.51 Q_l=0.51 Q_g=1.00 dl=2 dg=0
       Value: 0x00060002 -> 0x00060001
       Original: Sw [major=6, minor=2]
       Mutated:  Sh [major=6, minor=1]
       zkVM errors (1 lines):
         • [prover_impl.rs:280] verify segment (internal proof verification failed)
       Local constraints hit (2 unique):
         - MemoryWrite@mem.zir:100
           cycle=19997, step=3195, pc=0x00204B50, major=6, minor=1
         - VerifyOpcodeF3@inst.zir:97
           cycle=19997, step=3195, pc=0x00204B50, major=6, minor=1
       Global: no permutation/lookup violations (local-only)
  [406] ✓ INSTR_TYPE_MOD @ step 2360: 4 failures, 2986ms, outcome: REJECTED, exit: 101 [proof:GENERATED] G=memory|cycle
       r=0.051  T_new=0.00 F_new=0.86 F_rare=1.00 U=0 Q=0.11 Q_l=0.26 Q_g=0.43 dl=4 dg=5
       Value: 0x00060002 -> 0x00030001
       Original: Sw [major=6, minor=2]
       Mutated:  SllI [major=3, minor=1]
       zkVM errors (3 lines):
         • [prover_impl.rs:280] verify segment (internal proof verification failed)
         • [ffi.cpp:113] address mismatch at cycle 19014: preflight=0x000800c6, actual=0x3fffc028
         • [kernels/cxx/ffi.cpp:208] SKIP THROW: memory peek not in preflight
       Local constraints hit (4 unique):
         - MemoryWrite@mem.zir:100
           cycle=19014, step=2360, pc=0x00203278, major=3, minor=1
         - MemoryWrite@mem.zir:99
           cycle=19014, step=2360, pc=0x00203278, major=3, minor=1
         - VerifyOpcodeF3F7@inst.zir:102
           cycle=19014, step=2360, pc=0x00203278, major=3, minor=1
         - VerifyOpcodeF3F7@inst.zir:103
           cycle=19014, step=2360, pc=0x00203278, major=3, minor=1
       Global: memory permutation violated
         0x00200318 (data): unexpected write 0x00000000 (cycle 37817)
         x8/s0: expected write missing, needed 0x00000000 (cycle 37817)
       Global: cycle lookup violated (3 indices broken)
         index 0: 2254 provides, 1 uses (imbalanced)
         index 210: 2 provides, 1 uses (imbalanced)
         index 211: 6 provides, 1 uses (imbalanced)
  [407] ✓ INSTR_TYPE_MOD @ step 3928: 2 failures, 2922ms, outcome: REJECTED, exit: 101 [proof:GENERATED]
       r=0.043  T_new=0.00 F_new=0.00 F_rare=0.33 U=0 Q=0.51 Q_l=0.51 Q_g=1.00 dl=2 dg=0
       Value: 0x00000007 -> 0x00000002
       Original: AddI [major=0, minor=7]
       Mutated:  Xor [major=0, minor=2]
       zkVM errors (1 lines):
         • [prover_impl.rs:280] verify segment (internal proof verification failed)
       Local constraints hit (2 unique):
         - VerifyOpcodeF3F7@inst.zir:102
           cycle=20878, step=3928, pc=0xC00000F8, major=0, minor=2
         - VerifyOpcodeF3F7@inst.zir:103
           cycle=20878, step=3928, pc=0xC00000F8, major=0, minor=2
       Global: no permutation/lookup violations (local-only)
  [408] ✓ INSTR_TYPE_MOD @ step 2484: 4 failures, 2915ms, outcome: REJECTED, exit: 101 [proof:GENERATED]
       r=0.112  T_new=0.00 F_new=0.63 F_rare=1.00 U=0 Q=0.26 Q_l=0.26 Q_g=1.00 dl=4 dg=0
       Value: 0x00050002 -> 0x00050008
       Original: Lw [major=5, minor=2]
       Mutated:  Sb [major=5, minor=8] ⚠INVALID
       zkVM errors (1 lines):
         • [prover_impl.rs:280] verify segment (internal proof verification failed)
       Local constraints hit (4 unique):
         - MemoryWrite@mem.zir:100
           cycle=19138, step=2484, pc=0xC0000174, major=5, minor=8
         - MemoryWrite@mem.zir:99
           cycle=19138, step=2484, pc=0xC0000174, major=5, minor=8
         - OneHot@one_hot.zir:11
           cycle=19138, step=2484, pc=0xC0000174, major=5, minor=8
         - OneHot@one_hot.zir:9
           cycle=19138, step=2484, pc=0xC0000174, major=5, minor=8
       Global: no permutation/lookup violations (local-only)
  [409] ✓ INSTR_TYPE_MOD @ step 1734: 5 failures, 2950ms, outcome: REJECTED, exit: 101 [proof:GENERATED]
       r=0.028  T_new=0.00 F_new=0.00 F_rare=0.50 U=0 Q=0.19 Q_l=0.19 Q_g=1.00 dl=5 dg=0
       Value: 0x00000007 -> 0x00040004
       Original: AddI [major=0, minor=7]
       Mutated:  Div [major=4, minor=4]
       zkVM errors (1 lines):
         • [prover_impl.rs:280] verify segment (internal proof verification failed)
       Local constraints hit (5 unique):
         - MemoryWrite@mem.zir:100
           cycle=18378, step=1734, pc=0x002184D4, major=4, minor=4
         - MemoryWrite@mem.zir:99
           cycle=18378, step=1734, pc=0x002184D4, major=4, minor=4
         - VerifyOpcodeF3F7@inst.zir:102
           cycle=18378, step=1734, pc=0x002184D4, major=4, minor=4
         - VerifyOpcodeF3F7@inst.zir:103
           cycle=18378, step=1734, pc=0x002184D4, major=4, minor=4
         - VerifyOpcodeF3F7@inst.zir:104
           cycle=18378, step=1734, pc=0x002184D4, major=4, minor=4
       Global: no permutation/lookup violations (local-only)
  [410] ✓ INSTR_TYPE_MOD @ step 874: 4 failures, 2905ms, outcome: REJECTED, exit: 101 [proof:GENERATED]
       r=0.024  T_new=0.00 F_new=0.00 F_rare=0.37 U=0 Q=0.26 Q_l=0.26 Q_g=1.00 dl=4 dg=0
       Value: 0x00000007 -> 0x00000003
       Original: AddI [major=0, minor=7]
       Mutated:  Or [major=0, minor=3]
       zkVM errors (1 lines):
         • [prover_impl.rs:280] verify segment (internal proof verification failed)
       Local constraints hit (4 unique):
         - MemoryWrite@mem.zir:99
           cycle=17501, step=874, pc=0x0020318C, major=0, minor=3
         - VerifyOpcodeF3F7@inst.zir:102
           cycle=17501, step=874, pc=0x0020318C, major=0, minor=3
         - VerifyOpcodeF3F7@inst.zir:103
           cycle=17501, step=874, pc=0x0020318C, major=0, minor=3
         - VerifyOpcodeF3F7@inst.zir:104
           cycle=17501, step=874, pc=0x0020318C, major=0, minor=3
       Global: no permutation/lookup violations (local-only)
  [411] ✓ INSTR_TYPE_MOD @ step 0: 5 failures, 2988ms, outcome: REJECTED, exit: 101 [proof:GENERATED] [+34 touch] G=memory|cycle
       r=0.074  T_new=0.62 F_new=0.86 F_rare=1.00 U=0 Q=0.11 Q_l=0.19 Q_g=0.61 dl=5 dg=3
       Value: 0x00020006 -> 0x00050006
       Original: Auipc [major=2, minor=6]
       Mutated:  Unknown(5,6) [major=5, minor=6] ⚠INVALID
       zkVM errors (3 lines):
         • [prover_impl.rs:280] verify segment (internal proof verification failed)
         • [ffi.cpp:113] address mismatch at cycle 0: preflight=0x44000000, actual=0x00000000
         • [kernels/cxx/ffi.cpp:208] SKIP THROW: memory peek not in preflight
       Local constraints hit (5 unique):
         - AddrDecompose@u32.zir:67
           cycle=0, step=0, pc=0x00000000, major=5, minor=6
         - AddrDecomposeBits@u32.zir:87
           cycle=0, step=0, pc=0x00000000, major=5, minor=6
         - ControlLoadRootAndNonce@inst_control.zir:23
           cycle=1, step=0, pc=0x00000000, major=7, minor=0
         - IllegalLoadOp@inst_mem.zir:40
           cycle=0, step=0, pc=0x00000000, major=5, minor=6
         - MemLoadInput@inst_mem.zir:8
           cycle=0, step=0, pc=0x00000000, major=5, minor=6
       Global: memory permutation violated
         0xFFFF0100 (data): expected write missing, needed 0x00000000 (cycle 0)
       Global: cycle lookup violated (2 indices broken)
         index 0: 2256 provides, 1 uses (imbalanced)
         index 2013265920: orphan provide (3 entries, no matching use)
  [412] ✓ INSTR_TYPE_MOD @ step 3928: 5 failures, 2981ms, outcome: REJECTED, exit: 101 [proof:GENERATED] G=memory|cycle
       r=0.027  T_new=0.00 F_new=0.39 F_rare=0.85 U=0 Q=0.08 Q_l=0.19 Q_g=0.43 dl=5 dg=5
       Value: 0x00000007 -> 0x0005000C
       Original: AddI [major=0, minor=7]
       Mutated:  Unknown(5,12) [major=5, minor=12] ⚠INVALID
       zkVM errors (3 lines):
         • [prover_impl.rs:280] verify segment (internal proof verification failed)
         • [ffi.cpp:113] address mismatch at cycle 20878: preflight=0x3fffc011, actual=0x00000000
         • [kernels/cxx/ffi.cpp:208] SKIP THROW: memory peek not in preflight
       Local constraints hit (5 unique):
         - AddrDecomposeBits@u32.zir:87
           cycle=20878, step=3928, pc=0xC00000F8, major=5, minor=12
         - IsRead@mem.zir:79
           cycle=20878, step=3928, pc=0xC00000F8, major=5, minor=12
         - MemoryWrite@mem.zir:99
           cycle=20878, step=3928, pc=0xC00000F8, major=5, minor=12
         - OneHot@one_hot.zir:11
           cycle=20878, step=3928, pc=0xC00000F8, major=5, minor=12
         - OneHot@one_hot.zir:9
           cycle=20878, step=3928, pc=0xC00000F8, major=5, minor=12
       Global: memory permutation violated
         0x00000000 (data): expected write missing, needed 0x00000004 (cycle 41362)
         0xFFFF0044 (data): expected write missing, needed 0x00000073 (cycle 30062)
       Global: cycle lookup violated (3 indices broken)
         index 393: 2 provides, 1 uses (imbalanced)
         index 394: 1 provides, 1 uses (imbalanced)
         index 11694: 1 provides, 1 uses (imbalanced)
  [413] ✓ INSTR_TYPE_MOD @ step 1482: 2 failures, 2902ms, outcome: REJECTED, exit: 101 [proof:GENERATED]
       r=0.076  T_new=0.00 F_new=0.00 F_rare=0.50 U=0 Q=0.51 Q_l=0.51 Q_g=1.00 dl=2 dg=0
       Value: 0x00050003 -> 0x00050007
       Original: LbU [major=5, minor=3]
       Mutated:  Unknown(5,7) [major=5, minor=7] ⚠INVALID
       zkVM errors (1 lines):
         • [prover_impl.rs:280] verify segment (internal proof verification failed)
       Local constraints hit (2 unique):
         - IllegalLoadOp@inst_mem.zir:40
           cycle=18126, step=1482, pc=0x002184C0, major=5, minor=7
         - MemoryWrite@mem.zir:99
           cycle=18126, step=1482, pc=0x002184C0, major=5, minor=7
       Global: no permutation/lookup violations (local-only)
  [414] ✓ INSTR_TYPE_MOD @ step 833: 4 failures, 2932ms, outcome: REJECTED, exit: 101 [proof:GENERATED] G=memory
       r=0.060  T_new=0.00 F_new=0.86 F_rare=1.00 U=0 Q=0.14 Q_l=0.26 Q_g=0.51 dl=4 dg=4
       Value: 0x00050002 -> 0x00020000
       Original: Lw [major=5, minor=2]
       Mutated:  Bge [major=2, minor=0]
       zkVM errors (3 lines):
         • [prover_impl.rs:280] verify segment (internal proof verification failed)
         • [ffi.cpp:113] address mismatch at cycle 17454: preflight=0x3fffc02a, actual=0x3fffc008
         • [kernels/cxx/ffi.cpp:208] SKIP THROW: memory peek not in preflight
       Local constraints hit (4 unique):
         - MemoryWrite@mem.zir:100
           cycle=17454, step=833, pc=0xC0000140, major=2, minor=0
         - MemoryWrite@mem.zir:99
           cycle=17454, step=833, pc=0xC0000140, major=2, minor=0
         - VerifyOpcodeF3@inst.zir:96
           cycle=17454, step=833, pc=0xC0000140, major=2, minor=0
         - VerifyOpcodeF3@inst.zir:97
           cycle=17454, step=833, pc=0xC0000140, major=2, minor=0
       Global: memory permutation violated
         0xFFFF0020 (data): expected write missing, needed 0x0020036c (cycle 34889)
         0xFFFF002C (data): unexpected write 0xc0000058 (cycle 34900)
         x10/a0: unexpected write 0x0020036c (cycle 34889)
         0xFFFF0100 (data): expected write missing, needed 0xc0000058 (cycle 34900)
  [415] ✓ INSTR_TYPE_MOD @ step 280: 4 failures, 2896ms, outcome: REJECTED, exit: 101 [proof:GENERATED]
       r=0.036  T_new=0.00 F_new=0.00 F_rare=0.49 U=0 Q=0.26 Q_l=0.26 Q_g=1.00 dl=4 dg=0
       Value: 0x00000000 -> 0x00010003
       Original: Add [major=0, minor=0]
       Mutated:  SltI [major=1, minor=3]
       zkVM errors (1 lines):
         • [prover_impl.rs:280] verify segment (internal proof verification failed)
       Local constraints hit (4 unique):
         - MemoryWrite@mem.zir:100
           cycle=16859, step=280, pc=0xC0000080, major=1, minor=3
         - MemoryWrite@mem.zir:99
           cycle=16859, step=280, pc=0xC0000080, major=1, minor=3
         - VerifyOpcodeF3@inst.zir:96
           cycle=16859, step=280, pc=0xC0000080, major=1, minor=3
         - VerifyOpcodeF3@inst.zir:97
           cycle=16859, step=280, pc=0xC0000080, major=1, minor=3
       Global: no permutation/lookup violations (local-only)
  [416] ✓ INSTR_TYPE_MOD @ step 3283: 4 failures, 2961ms, outcome: REJECTED, exit: 101 [proof:GENERATED] G=memory|cycle
       r=0.051  T_new=0.00 F_new=0.86 F_rare=1.00 U=0 Q=0.11 Q_l=0.26 Q_g=0.43 dl=4 dg=5
       Value: 0x00060002 -> 0x00010000
       Original: Sw [major=6, minor=2]
       Mutated:  XorI [major=1, minor=0]
       zkVM errors (3 lines):
         • [prover_impl.rs:280] verify segment (internal proof verification failed)
         • [ffi.cpp:113] address mismatch at cycle 20085: preflight=0x0008855f, actual=0x3fffc060
         • [kernels/cxx/ffi.cpp:208] SKIP THROW: memory peek not in preflight
       Local constraints hit (4 unique):
         - MemoryWrite@mem.zir:100
           cycle=20085, step=3283, pc=0x0020342C, major=1, minor=0
         - MemoryWrite@mem.zir:99
           cycle=20085, step=3283, pc=0x0020342C, major=1, minor=0
         - VerifyOpcodeF3@inst.zir:96
           cycle=20085, step=3283, pc=0x0020342C, major=1, minor=0
         - VerifyOpcodeF3@inst.zir:97
           cycle=20085, step=3283, pc=0x0020342C, major=1, minor=0
       Global: memory permutation violated
         0xFFFF0180 (data): expected write missing, needed 0x00000000 (cycle 29498)
         0x0022157C (code): unexpected write 0x00000000 (cycle 29498)
       Global: cycle lookup violated (3 indices broken)
         index 0: 2254 provides, 1 uses (imbalanced)
         index 10671: orphan use (1 entries, no matching provide)
         index 10672: 1 provides, 1 uses (imbalanced)
  [417] ✓ INSTR_TYPE_MOD @ step 3928: 1 failures, 2908ms, outcome: REJECTED, exit: 101 [proof:GENERATED]
       r=0.067  T_new=0.00 F_new=0.00 F_rare=0.38 U=0 Q=0.72 Q_l=0.72 Q_g=1.00 dl=1 dg=0
       Value: 0x00000007 -> 0x00000000
       Original: AddI [major=0, minor=7]
       Mutated:  Add [major=0, minor=0]
       zkVM errors (1 lines):
         • [prover_impl.rs:280] verify segment (internal proof verification failed)
       Local constraints hit (1 unique):
         - VerifyOpcodeF3F7@inst.zir:102
           cycle=20878, step=3928, pc=0xC00000F8, major=0, minor=0
       Global: no permutation/lookup violations (local-only)
  [418] ✓ MEM_VAL_MOD @ step 369: 2 failures, 2935ms, outcome: REJECTED, exit: 101 [proof:GENERATED] G=memory
       r=0.105  T_new=0.00 F_new=0.39 F_rare=0.62 U=0 Q=0.43 Q_l=0.51 Q_g=0.85 dl=2 dg=1
       Value: 0xFFFF00A8 -> 0xA232C2A4
       Transaction: other_mem_write (WRITE) at address 0xffff002c
       zkVM errors (1 lines):
         • [prover_impl.rs:280] verify segment (internal proof verification failed)
       Local constraints hit (2 unique):
         - MemoryWrite@mem.zir:100
           cycle=16957, step=369, pc=0xC0000158, major=0, minor=7
         - MemoryWrite@mem.zir:99
           cycle=16957, step=369, pc=0xC0000158, major=0, minor=7
       Global: memory permutation violated
         0xFFFF002C (data): wrote 0xa232c2a4, expected 0xffff00a8 (cycle 33915)
  [419] ✓ PRE_EXEC_REG_MOD @ step 3262: 2 failures, 2930ms, outcome: REJECTED, exit: 101 [proof:GENERATED] G=memory
       r=0.129  T_new=0.00 F_new=0.39 F_rare=0.85 U=0 Q=0.43 Q_l=0.51 Q_g=0.85 dl=2 dg=1
       Value: 0x00010800 -> 0xDAFA57DF
       Register: x3 (gp), READ, strategy=next_read
       zkVM errors (1 lines):
         • [prover_impl.rs:280] verify segment (internal proof verification failed)
       Local constraints hit (2 unique):
         - IsRead@mem.zir:79
           cycle=20064, step=3262, pc=0x00203408, major=1, minor=2
         - IsRead@mem.zir:80
           cycle=20064, step=3262, pc=0x00203408, major=1, minor=2
       Global: memory permutation violated
         x3/gp: wrote 0xdafa57df, expected 0x00010800 (cycle 40128)
  [420] ✓ INSTR_TYPE_MOD @ step 1559: 5 failures, 2957ms, outcome: REJECTED, exit: 101 [proof:GENERATED] G=memory
       r=0.052  T_new=0.00 F_new=0.63 F_rare=1.00 U=0 Q=0.14 Q_l=0.19 Q_g=0.72 dl=5 dg=2
       Value: 0x00050003 -> 0x00030002
       Original: LbU [major=5, minor=3]
       Mutated:  Mul [major=3, minor=2]
       zkVM errors (3 lines):
         • [prover_impl.rs:280] verify segment (internal proof verification failed)
         • [ffi.cpp:113] address mismatch at cycle 18203: preflight=0x000800cb, actual=0x3fffc020
         • [kernels/cxx/ffi.cpp:208] SKIP THROW: memory peek not in preflight
       Local constraints hit (5 unique):
         - MemoryWrite@mem.zir:100
           cycle=18203, step=1559, pc=0x002184C0, major=3, minor=2
         - MemoryWrite@mem.zir:99
           cycle=18203, step=1559, pc=0x002184C0, major=3, minor=2
         - VerifyOpcodeF3F7@inst.zir:102
           cycle=18203, step=1559, pc=0x002184C0, major=3, minor=2
         - VerifyOpcodeF3F7@inst.zir:103
           cycle=18203, step=1559, pc=0x002184C0, major=3, minor=2
         - VerifyOpcodeF3F7@inst.zir:104
           cycle=18203, step=1559, pc=0x002184C0, major=3, minor=2
       Global: memory permutation violated
         0x0020032C (data): unexpected write 0x19cde05b (cycle 36392)
         x0/zero: expected write missing, needed 0x19cde05b (cycle 36392)
  [421] ✓ COMP_OUT_MOD @ step 2227: 2 failures, 2900ms, outcome: REJECTED, exit: 101 [proof:GENERATED] G=memory
       r=0.118  T_new=0.00 F_new=0.39 F_rare=0.75 U=0 Q=0.43 Q_l=0.51 Q_g=0.85 dl=2 dg=1
       Value: 0x00000001 -> 0xFFFFFFFE
       Destination: rd = x13 (a3)
       zkVM errors (1 lines):
         • [prover_impl.rs:280] verify segment (internal proof verification failed)
       Local constraints hit (2 unique):
         - MemoryWrite@mem.zir:100
           cycle=18881, step=2227, pc=0x00203304, major=0, minor=3
         - MemoryWrite@mem.zir:99
           cycle=18881, step=2227, pc=0x00203304, major=0, minor=3
       Global: memory permutation violated
         x13/a3: wrote 0xfffffffe, expected 0x00000001 (cycle 37763)
  [422] ✓ INSTR_TYPE_MOD @ step 283: 6 failures, 2987ms, outcome: REJECTED, exit: 101 [proof:GENERATED] G=memory|cycle
       r=0.027  T_new=0.00 F_new=0.92 F_rare=1.00 U=0 Q=0.06 Q_l=0.14 Q_g=0.43 dl=6 dg=5
       Value: 0x00000007 -> 0x00060002
       Original: AddI [major=0, minor=7]
       Mutated:  Sw [major=6, minor=2]
       zkVM errors (3 lines):
         • [prover_impl.rs:280] verify segment (internal proof verification failed)
         • [ffi.cpp:113] address mismatch at cycle 16862: preflight=0x3fffc011, actual=0x00000004
         • [kernels/cxx/ffi.cpp:208] SKIP THROW: memory peek not in preflight
       Local constraints hit (6 unique):
         - AddrDecomposeBits@u32.zir:87
           cycle=16862, step=283, pc=0xC0000138, major=6, minor=2
         - MemoryWrite@mem.zir:100
           cycle=16862, step=283, pc=0xC0000138, major=6, minor=2
         - MemoryWrite@mem.zir:99
           cycle=16862, step=283, pc=0xC0000138, major=6, minor=2
         - OpSW@inst_mem.zir:160
           cycle=16862, step=283, pc=0xC0000138, major=6, minor=2
         - VerifyOpcodeF3@inst.zir:96
           cycle=16862, step=283, pc=0xC0000138, major=6, minor=2
         - VerifyOpcodeF3@inst.zir:97
           cycle=16862, step=283, pc=0xC0000138, major=6, minor=2
       Global: memory permutation violated
         0x00000010 (data): expected write missing, needed 0x03022503 (cycle 33476)
         0xFFFF0044 (data): unexpected write 0x00000001 (cycle 33498)
       Global: cycle lookup violated (3 indices broken)
         index 225: 3 provides, 1 uses (imbalanced)
         index 226: 6 provides, 1 uses (imbalanced)
         index 248: 3 provides, 1 uses (imbalanced)
  [423] ✓ INSTR_TYPE_MOD @ step 1557: 4 failures, 2989ms, outcome: REJECTED, exit: 101 [proof:GENERATED] G=memory|cycle
       r=0.049  T_new=0.00 F_new=0.63 F_rare=1.00 U=0 Q=0.11 Q_l=0.26 Q_g=0.43 dl=4 dg=5
       Value: 0x00000007 -> 0x00060007
       Original: AddI [major=0, minor=7]
       Mutated:  Unknown(6,7) [major=6, minor=7] ⚠INVALID
       zkVM errors (3 lines):
         • [prover_impl.rs:280] verify segment (internal proof verification failed)
         • [ffi.cpp:113] address mismatch at cycle 18201: preflight=0x3fffc02a, actual=0x000800ce
         • [kernels/cxx/ffi.cpp:208] SKIP THROW: memory peek not in preflight
       Local constraints hit (4 unique):
         - IllegalStoreOp@inst_mem.zir:45
           cycle=18201, step=1557, pc=0x002184D4, major=6, minor=7
         - IsRead@mem.zir:79
           cycle=18201, step=1557, pc=0x002184D4, major=6, minor=7
         - MemoryWrite@mem.zir:100
           cycle=18201, step=1557, pc=0x002184D4, major=6, minor=7
         - MemoryWrite@mem.zir:99
           cycle=18201, step=1557, pc=0x002184D4, major=6, minor=7
       Global: memory permutation violated
         0x00200338 (data): expected write missing, needed 0xfe0614e3 (cycle 36390)
         x10/a0: unexpected write 0x0020032e (cycle 36402)
       Global: cycle lookup violated (3 indices broken)
         index 0: 2254 provides, 1 uses (imbalanced)
         index 12: 190 provides, 1 uses (imbalanced)
         index 2013265920: orphan provide (1 entries, no matching use)
  [424] ✓ INSTR_TYPE_MOD @ step 1562: 4 failures, 2906ms, outcome: REJECTED, exit: 101 [proof:GENERATED]
       r=0.037  T_new=0.00 F_new=0.00 F_rare=0.58 U=0 Q=0.26 Q_l=0.26 Q_g=1.00 dl=4 dg=0
       Value: 0x00000007 -> 0x00000004
       Original: AddI [major=0, minor=7]
       Mutated:  And [major=0, minor=4]
       zkVM errors (1 lines):
         • [prover_impl.rs:280] verify segment (internal proof verification failed)
       Local constraints hit (4 unique):
         - MemoryWrite@mem.zir:100
           cycle=18206, step=1562, pc=0x002184CC, major=0, minor=4
         - MemoryWrite@mem.zir:99
           cycle=18206, step=1562, pc=0x002184CC, major=0, minor=4
         - VerifyOpcodeF3F7@inst.zir:102
           cycle=18206, step=1562, pc=0x002184CC, major=0, minor=4
         - VerifyOpcodeF3F7@inst.zir:103
           cycle=18206, step=1562, pc=0x002184CC, major=0, minor=4
       Global: no permutation/lookup violations (local-only)
  [425] ✓ STORE_OUT_MOD @ step 2712: 2 failures, 2971ms, outcome: REJECTED, exit: 101 [proof:GENERATED] G=memory
       r=0.105  T_new=0.00 F_new=0.39 F_rare=0.62 U=0 Q=0.43 Q_l=0.51 Q_g=0.85 dl=2 dg=1
       Value: 0x00000000 -> 0xF7F749F3
       Store address: 0x00200394
       zkVM errors (1 lines):
         • [prover_impl.rs:280] verify segment (internal proof verification failed)
       Local constraints hit (2 unique):
         - MemoryWrite@mem.zir:100
           cycle=19440, step=2712, pc=0x0020165C, major=6, minor=2
         - MemoryWrite@mem.zir:99
           cycle=19440, step=2712, pc=0x0020165C, major=6, minor=2
       Global: memory permutation violated
         0x00200394 (data): wrote 0xf7f749f3, expected 0x00000000 (cycle 38881)
  [426] ✓ INSTR_TYPE_MOD @ step 3928: 3 failures, 2894ms, outcome: REJECTED, exit: 101 [proof:GENERATED] [+2 touch]
       r=0.068  T_new=0.06 F_new=0.00 F_rare=0.58 U=0 Q=0.37 Q_l=0.37 Q_g=1.00 dl=3 dg=0
       Value: 0x00000007 -> 0x00040006
       Original: AddI [major=0, minor=7]
       Mutated:  Rem [major=4, minor=6]
       zkVM errors (1 lines):
         • [prover_impl.rs:280] verify segment (internal proof verification failed)
       Local constraints hit (3 unique):
         - VerifyOpcodeF3F7@inst.zir:102
           cycle=20878, step=3928, pc=0xC00000F8, major=4, minor=6
         - VerifyOpcodeF3F7@inst.zir:103
           cycle=20878, step=3928, pc=0xC00000F8, major=4, minor=6
         - VerifyOpcodeF3F7@inst.zir:104
           cycle=20878, step=3928, pc=0xC00000F8, major=4, minor=6
       Global: no permutation/lookup violations (local-only)
  [427] ✓ INSTR_TYPE_MOD @ step 2718: 2 failures, 2947ms, outcome: REJECTED, exit: 101 [proof:GENERATED] G=memory
       r=0.116  T_new=0.00 F_new=0.86 F_rare=1.00 U=0 Q=0.26 Q_l=0.51 Q_g=0.51 dl=2 dg=4
       Value: 0x00050002 -> 0x00020001
       Original: Lw [major=5, minor=2]
       Mutated:  BltU [major=2, minor=1]
       zkVM errors (3 lines):
         • [prover_impl.rs:280] verify segment (internal proof verification failed)
         • [ffi.cpp:113] address mismatch at cycle 19446: preflight=0x000800ea, actual=0x3fffc028
         • [kernels/cxx/ffi.cpp:208] SKIP THROW: memory peek not in preflight
       Local constraints hit (2 unique):
         - VerifyOpcodeF3@inst.zir:96
           cycle=19446, step=2718, pc=0x00201684, major=2, minor=1
         - VerifyOpcodeF3@inst.zir:97
           cycle=19446, step=2718, pc=0x00201684, major=2, minor=1
       Global: memory permutation violated
         0x002003A8 (data): unexpected write 0x00000000 (cycle 38867)
         x8/s0: expected write missing, needed 0x00000000 (cycle 38867)
         x13/a3: unexpected write 0x00000000 (cycle 38882)
         0xFFFF0180 (data): expected write missing, needed 0x00000000 (cycle 38882)
  [428] ✓ INSTR_TYPE_MOD @ step 1381: 4 failures, 2904ms, outcome: REJECTED, exit: 101 [proof:GENERATED]
       r=0.038  T_new=0.00 F_new=0.00 F_rare=0.50 U=0 Q=0.26 Q_l=0.26 Q_g=1.00 dl=4 dg=0
       Value: 0x00000007 -> 0x00030005
       Original: AddI [major=0, minor=7]
       Mutated:  MulHU [major=3, minor=5]
       zkVM errors (1 lines):
         • [prover_impl.rs:280] verify segment (internal proof verification failed)
       Local constraints hit (4 unique):
         - MemoryWrite@mem.zir:99
           cycle=18025, step=1381, pc=0x002184D0, major=3, minor=5
         - VerifyOpcodeF3F7@inst.zir:102
           cycle=18025, step=1381, pc=0x002184D0, major=3, minor=5
         - VerifyOpcodeF3F7@inst.zir:103
           cycle=18025, step=1381, pc=0x002184D0, major=3, minor=5
         - VerifyOpcodeF3F7@inst.zir:104
           cycle=18025, step=1381, pc=0x002184D0, major=3, minor=5
       Global: no permutation/lookup violations (local-only)
  [429] ✓ INSTR_TYPE_MOD @ step 3860: 4 failures, 2942ms, outcome: REJECTED, exit: 101 [proof:GENERATED] G=memory
       r=0.017  T_new=0.00 F_new=0.39 F_rare=0.85 U=0 Q=0.05 Q_l=0.26 Q_g=0.19 dl=4 dg=10
       Value: 0x00020004 -> 0x00040000
       Original: JalR [major=2, minor=4]
       Mutated:  Srl [major=4, minor=0]
       zkVM errors (3 lines):
         • [prover_impl.rs:280] verify segment (internal proof verification failed)
         • [ffi.cpp:113] address mismatch at cycle 20811: preflight=0x00081361, actual=0x00081796
         • [kernels/cxx/buffers.h:43] SKIP THROW: Inconsistent set
       Local constraints hit (3 unique):
         - MemoryWrite@mem.zir:99 (x2)
           cycle=20810, step=3860, pc=0x00204D84, major=4, minor=0
         - VerifyOpcodeF3F7@inst.zir:102
           cycle=20810, step=3860, pc=0x00204D84, major=4, minor=0
         - VerifyOpcodeF3F7@inst.zir:103
           cycle=20810, step=3860, pc=0x00204D84, major=4, minor=0
       Global: memory permutation violated (30 addrs: 30 code)
         + 30 code addresses diverged (instruction fetch cascade)
  [430] ✓ INSTR_TYPE_MOD @ step 1292: 5 failures, 2958ms, outcome: REJECTED, exit: 101 [proof:GENERATED] [+2 touch] G=memory
       r=0.018  T_new=0.06 F_new=0.99 F_rare=1.00 U=0 Q=0.04 Q_l=0.19 Q_g=0.19 dl=5 dg=10
       Value: 0x00020001 -> 0x00040007
       Original: BltU [major=2, minor=1]
       Mutated:  RemU [major=4, minor=7]
       zkVM errors (3 lines):
         • [prover_impl.rs:280] verify segment (internal proof verification failed)
         • [ffi.cpp:113] address mismatch at cycle 17936: preflight=0x3fffc060, actual=0x3fffc035
         • [kernels/cxx/ffi.cpp:208] SKIP THROW: memory peek not in preflight
       Local constraints hit (4 unique):
         - MemoryWrite@mem.zir:99 (x2)
           cycle=17936, step=1292, pc=0x00203418, major=4, minor=7
         - VerifyOpcodeF3F7@inst.zir:102
           cycle=17936, step=1292, pc=0x00203418, major=4, minor=7
         - VerifyOpcodeF3F7@inst.zir:103
           cycle=17936, step=1292, pc=0x00203418, major=4, minor=7
         - VerifyOpcodeF3F7@inst.zir:104
           cycle=17936, step=1292, pc=0x00203418, major=4, minor=7
       Global: memory permutation violated (40 addrs: 1 register, 38 code, 1 data)
         x21/s5: expected write missing, needed 0x00000000 (cycle 35849)
         0xFFFF0180 (data): unexpected write 0x00000000 (cycle 35849)
         + 38 code addresses diverged (instruction fetch cascade)
  [431] ✓ INSTR_TYPE_MOD @ step 1491: 2 failures, 2935ms, outcome: REJECTED, exit: 101 [proof:GENERATED] G=memory
       r=0.046  T_new=0.00 F_new=0.99 F_rare=1.00 U=0 Q=0.10 Q_l=0.51 Q_g=0.19 dl=2 dg=10
       Value: 0x00010006 -> 0x00020002
       Original: Bne [major=1, minor=6]
       Mutated:  BgeU [major=2, minor=2]
       zkVM errors (3 lines):
         • [prover_impl.rs:280] verify segment (internal proof verification failed)
         • [ffi.cpp:113] address mismatch at cycle 18136: preflight=0x00086132, actual=0x00086138
         • [kernels/cxx/buffers.h:43] SKIP THROW: Inconsistent set
       Local constraints hit (2 unique):
         - MemoryWrite@mem.zir:99
           cycle=18211, step=1567, pc=0x00202C04, major=2, minor=4
         - VerifyOpcodeF3@inst.zir:97
           cycle=18135, step=1491, pc=0x002184C8, major=2, minor=2
       Global: memory permutation violated (15 addrs: 15 code)
         + 15 code addresses diverged (instruction fetch cascade)
  [432] ✓ MEM_VAL_MOD @ step 2642: 4 failures, 2944ms, outcome: REJECTED, exit: 101 [proof:GENERATED] G=memory
       r=0.059  T_new=0.00 F_new=0.39 F_rare=0.72 U=0 Q=0.22 Q_l=0.26 Q_g=0.85 dl=4 dg=1
       Value: 0x98EAEBAF -> 0xCAC0C30D
       Transaction: load_mem_read (READ) at address 0x00200398
       zkVM errors (1 lines):
         • [prover_impl.rs:280] verify segment (internal proof verification failed)
       Local constraints hit (4 unique):
         - IsRead@mem.zir:79
           cycle=19370, step=2642, pc=0x00203428, major=5, minor=2
         - IsRead@mem.zir:80
           cycle=19370, step=2642, pc=0x00203428, major=5, minor=2
         - MemoryWrite@mem.zir:100
           cycle=19370, step=2642, pc=0x00203428, major=5, minor=2
         - MemoryWrite@mem.zir:99
           cycle=19370, step=2642, pc=0x00203428, major=5, minor=2
       Global: memory permutation violated
         0x00200398 (data): wrote 0xcac0c30d, expected 0x98eaebaf (cycle 38740)
  [433] ✓ INSTR_TYPE_MOD @ step 3848: 4 failures, 2932ms, outcome: REJECTED, exit: 101 [proof:GENERATED]
       r=0.082  T_new=0.00 F_new=0.39 F_rare=0.79 U=0 Q=0.26 Q_l=0.26 Q_g=1.00 dl=4 dg=0
       Value: 0x00050002 -> 0x0005000C
       Original: Lw [major=5, minor=2]
       Mutated:  Unknown(5,12) [major=5, minor=12] ⚠INVALID
       zkVM errors (1 lines):
         • [prover_impl.rs:280] verify segment (internal proof verification failed)
       Local constraints hit (4 unique):
         - MemoryWrite@mem.zir:100
           cycle=20798, step=3848, pc=0x00204D58, major=5, minor=12
         - MemoryWrite@mem.zir:99
           cycle=20798, step=3848, pc=0x00204D58, major=5, minor=12
         - OneHot@one_hot.zir:11
           cycle=20798, step=3848, pc=0x00204D58, major=5, minor=12
         - OneHot@one_hot.zir:9
           cycle=20798, step=3848, pc=0x00204D58, major=5, minor=12
       Global: no permutation/lookup violations (local-only)
  [434] ✓ INSTR_TYPE_MOD @ step 1568: 1 failures, 2917ms, outcome: REJECTED, exit: 101 [proof:GENERATED]
       r=0.062  T_new=0.00 F_new=0.00 F_rare=0.35 U=0 Q=0.72 Q_l=0.72 Q_g=1.00 dl=1 dg=0
       Value: 0x00010005 -> 0x00020000
       Original: Beq [major=1, minor=5]
       Mutated:  Bge [major=2, minor=0]
       zkVM errors (1 lines):
         • [prover_impl.rs:280] verify segment (internal proof verification failed)
       Local constraints hit (1 unique):
         - VerifyOpcodeF3@inst.zir:97
           cycle=18212, step=1568, pc=0x00202EA4, major=2, minor=0
       Global: no permutation/lookup violations (local-only)
  [435] ✓ INSTR_TYPE_MOD @ step 3928: 2 failures, 2902ms, outcome: REJECTED, exit: 101 [proof:GENERATED] [+1 touch]
       r=0.067  T_new=0.03 F_new=0.00 F_rare=0.50 U=0 Q=0.51 Q_l=0.51 Q_g=1.00 dl=2 dg=0
       Value: 0x00000007 -> 0x00000006
       Original: AddI [major=0, minor=7]
       Mutated:  SltU [major=0, minor=6]
       zkVM errors (1 lines):
         • [prover_impl.rs:280] verify segment (internal proof verification failed)
       Local constraints hit (2 unique):
         - VerifyOpcodeF3F7@inst.zir:102
           cycle=20878, step=3928, pc=0xC00000F8, major=0, minor=6
         - VerifyOpcodeF3F7@inst.zir:103
           cycle=20878, step=3928, pc=0xC00000F8, major=0, minor=6
       Global: no permutation/lookup violations (local-only)
  [436] ✓ PRE_EXEC_REG_MOD @ step 1579: 1 failures, 2944ms, outcome: REJECTED, exit: 101 [proof:GENERATED] G=memory
       r=0.165  T_new=0.00 F_new=0.39 F_rare=0.75 U=0 Q=0.61 Q_l=0.72 Q_g=0.85 dl=1 dg=1
       Value: 0x00000000 -> 0x00000010
       Register: x0 (zero), READ, strategy=next_read
       zkVM errors (1 lines):
         • [prover_impl.rs:280] verify segment (internal proof verification failed)
       Local constraints hit (1 unique):
         - IsRead@mem.zir:79
           cycle=18223, step=1579, pc=0x00202F14, major=2, minor=4
       Global: memory permutation violated
         x0/zero: wrote 0x00000010, expected 0x00000000 (cycle 36446)
  [437] ✓ INSTR_TYPE_MOD @ step 3928: 1 failures, 2917ms, outcome: REJECTED, exit: 101 [proof:GENERATED]
       r=0.063  T_new=0.00 F_new=0.00 F_rare=0.35 U=0 Q=0.72 Q_l=0.72 Q_g=1.00 dl=1 dg=0
       Value: 0x00000007 -> 0x00010001
       Original: AddI [major=0, minor=7]
       Mutated:  OrI [major=1, minor=1]
       zkVM errors (1 lines):
         • [prover_impl.rs:280] verify segment (internal proof verification failed)
       Local constraints hit (1 unique):
         - VerifyOpcodeF3@inst.zir:97
           cycle=20878, step=3928, pc=0xC00000F8, major=1, minor=1
       Global: no permutation/lookup violations (local-only)
  [438] ✓ INSTR_TYPE_MOD @ step 1340: 6 failures, 2962ms, outcome: REJECTED, exit: 101 [proof:GENERATED] G=memory
       r=0.013  T_new=0.00 F_new=0.99 F_rare=1.00 U=0 Q=0.03 Q_l=0.14 Q_g=0.19 dl=6 dg=10
       Value: 0x00020004 -> 0x00050001
       Original: JalR [major=2, minor=4]
       Mutated:  Lh [major=5, minor=1]
       zkVM errors (3 lines):
         • [prover_impl.rs:280] verify segment (internal proof verification failed)
         • [ffi.cpp:113] address mismatch at cycle 17984: preflight=0x3fffc03c, actual=0x0008612e
         • [kernels/cxx/ffi.cpp:208] SKIP THROW: memory peek not in preflight
       Local constraints hit (4 unique):
         - MemoryWrite@mem.zir:100 (x2)
           cycle=17984, step=1340, pc=0x002184B8, major=5, minor=1
         - MemoryWrite@mem.zir:99 (x2)
           cycle=17984, step=1340, pc=0x002184B8, major=5, minor=1
         - VerifyOpcodeF3@inst.zir:96
           cycle=17984, step=1340, pc=0x002184B8, major=5, minor=1
         - VerifyOpcodeF3@inst.zir:97
           cycle=17984, step=1340, pc=0x002184B8, major=5, minor=1
       Global: memory permutation violated (21 addrs: 1 register, 20 code)
         x28/t3: unexpected write 0x00000000 (cycle 35780)
         + 20 code addresses diverged (instruction fetch cascade)
  [439] ✓ INSTR_TYPE_MOD @ step 764: 6 failures, 2950ms, outcome: REJECTED, exit: 101 [proof:GENERATED] G=memory
       r=0.012  T_new=0.00 F_new=0.99 F_rare=1.00 U=0 Q=0.03 Q_l=0.14 Q_g=0.19 dl=6 dg=10
       Value: 0x00020002 -> 0x00050002
       Original: BgeU [major=2, minor=2]
       Mutated:  Lw [major=5, minor=2]
       zkVM errors (3 lines):
         • [prover_impl.rs:280] verify segment (internal proof verification failed)
         • [ffi.cpp:113] address mismatch at cycle 17385: preflight=0x3fffc02e, actual=0x0000000c
         • [kernels/cxx/ffi.cpp:208] SKIP THROW: memory peek not in preflight
       Local constraints hit (5 unique):
         - AddrDecomposeBits@u32.zir:87
           cycle=17385, step=764, pc=0x002061A4, major=5, minor=2
         - MemoryWrite@mem.zir:99 (x2)
           cycle=17385, step=764, pc=0x002061A4, major=5, minor=2
         - OpLW@inst_mem.zir:109
           cycle=17385, step=764, pc=0x002061A4, major=5, minor=2
         - VerifyOpcodeF3@inst.zir:96
           cycle=17385, step=764, pc=0x002061A4, major=5, minor=2
         - VerifyOpcodeF3@inst.zir:97
           cycle=17385, step=764, pc=0x002061A4, major=5, minor=2
       Global: memory permutation violated (20 addrs: 2 register, 16 code, 2 data)
         0x00000030 (data): expected write missing, needed 0x00000004 (cycle 34711)
         x12/a2: expected write missing, needed 0x00000000 (cycle 34719)
         x14/a4: unexpected write 0x00000004 (cycle 34711)
         + 16 code addresses diverged (instruction fetch cascade)
         + 1 more addresses
  [440] ✓ INSTR_WORD_MOD_FULL @ step 3881: 0 failures, 2936ms, outcome: REJECTED, exit: 101 [proof:GENERATED] G=memory[GO]
       r=0.255  T_new=0.00 F_new=0.78 F_rare=1.00 U=0 Q=0.61 Q_l=1.00 Q_g=0.61 dl=0 dg=3
       Value: 0x0B812A03 -> 0x0B812A83
       Original: LW x20, 184(x2)
       Mutated:  LW x21, 184(x2)
       zkVM errors (3 lines):
         • [prover_impl.rs:280] verify segment (internal proof verification failed)
         • [ffi.cpp:113] address mismatch at cycle 20831: preflight=0x3fffc034, actual=0x3fffc035
         • [kernels/cxx/ffi.cpp:208] SKIP THROW: memory peek not in preflight
       Global: memory permutation violated [GLOBAL-ONLY]
         x20/s4: unexpected write 0x00200308 (cycle 41633)
         x21/s5: expected write missing, needed 0x00200308 (cycle 41633)
         0x00203BFC (code): wrote 0x0b812a03, expected 0x0b812a83 (cycle 11866)
  [441] ✓ INSTR_TYPE_MOD @ step 2438: 6 failures, 2933ms, outcome: REJECTED, exit: 101 [proof:GENERATED] [+31 touch] G=memory
       r=0.046  T_new=0.59 F_new=0.97 F_rare=1.00 U=0 Q=0.07 Q_l=0.14 Q_g=0.51 dl=6 dg=4
       Value: 0x00000004 -> 0x0001000F
       Original: And [major=0, minor=4]
       Mutated:  Unknown(1,15) [major=1, minor=15] ⚠INVALID
       zkVM errors (3 lines):
         • [prover_impl.rs:280] verify segment (internal proof verification failed)
         • [ffi.cpp:113] address mismatch at cycle 19092: preflight=0x3fffc02a, actual=0x3fffc060
         • [kernels/cxx/ffi.cpp:208] SKIP THROW: memory peek not in preflight
       Local constraints hit (5 unique):
         - AddrDecompose@u32.zir:67
           cycle=19093, step=2439, pc=0x0020558C, major=2, minor=4
         - MemoryWrite@mem.zir:100
           cycle=19093, step=2439, pc=0x0020558C, major=2, minor=4
         - MemoryWrite@mem.zir:99 (x2)
           cycle=19092, step=2438, pc=0x0021816C, major=1, minor=15
         - OneHot@one_hot.zir:11
           cycle=19092, step=2438, pc=0x0021816C, major=1, minor=15
         - OneHot@one_hot.zir:9
           cycle=19092, step=2438, pc=0x0021816C, major=1, minor=15
       Global: memory permutation violated
         0x00000000 (data): expected write missing, needed 0x00008067 (cycle 24346)
         x10/a0: unexpected write 0x00000001 (cycle 38184)
         0xFFFF0180 (data): expected write missing, needed 0x00000001 (cycle 38184)
         0x0021816C (code): unexpected write 0x00008067 (cycle 24346)
  [442] ✓ INSTR_TYPE_MOD @ step 345: 3 failures, 2935ms, outcome: REJECTED, exit: 101 [proof:GENERATED]
       r=0.044  T_new=0.00 F_new=0.00 F_rare=0.49 U=0 Q=0.37 Q_l=0.37 Q_g=1.00 dl=3 dg=0
       Value: 0x00020005 -> 0x00020006
       Original: Lui [major=2, minor=5]
       Mutated:  Auipc [major=2, minor=6]
       zkVM errors (1 lines):
         • [prover_impl.rs:280] verify segment (internal proof verification failed)
       Local constraints hit (3 unique):
         - MemoryWrite@mem.zir:100
           cycle=16930, step=345, pc=0x0020614C, major=2, minor=6
         - MemoryWrite@mem.zir:99
           cycle=16930, step=345, pc=0x0020614C, major=2, minor=6
         - VerifyOpcode@inst.zir:91
           cycle=16930, step=345, pc=0x0020614C, major=2, minor=6
       Global: no permutation/lookup violations (local-only)
  [443] ✓ INSTR_TYPE_MOD @ step 951: 4 failures, 2901ms, outcome: REJECTED, exit: 101 [proof:GENERATED] [+49 touch]
       r=0.178  T_new=0.75 F_new=0.86 F_rare=1.00 U=0 Q=0.26 Q_l=0.26 Q_g=1.00 dl=4 dg=0
       Value: 0x00000007 -> 0x00040001
       Original: AddI [major=0, minor=7]
       Mutated:  Sra [major=4, minor=1]
       zkVM errors (1 lines):
         • [prover_impl.rs:280] verify segment (internal proof verification failed)
       Local constraints hit (4 unique):
         - MemoryWrite@mem.zir:99
           cycle=17584, step=951, pc=0x00200A60, major=4, minor=1
         - VerifyOpcodeF3F7@inst.zir:102
           cycle=17584, step=951, pc=0x00200A60, major=4, minor=1
         - VerifyOpcodeF3F7@inst.zir:103
           cycle=17584, step=951, pc=0x00200A60, major=4, minor=1
         - VerifyOpcodeF3F7@inst.zir:104
           cycle=17584, step=951, pc=0x00200A60, major=4, minor=1
       Global: no permutation/lookup violations (local-only)
  [444] ✓ INSTR_TYPE_MOD @ step 180: 16 failures, 2929ms, outcome: REJECTED, exit: 101 [proof:GENERATED] [+32 touch] G=memory
       r=0.002  T_new=0.60 F_new=1.00 F_rare=1.00 U=0 Q=0.00 Q_l=0.02 Q_g=0.19 dl=12 dg=10
       Value: 0x00000007 -> 0x00000009
       Original: AddI [major=0, minor=7]
       Mutated:  OrI [major=0, minor=9] ⚠INVALID
       zkVM errors (3 lines):
         • [prover_impl.rs:280] verify segment (internal proof verification failed)
         • [ffi.cpp:113] address mismatch at cycle 16759: preflight=0x3fffc02c, actual=0x3fffc060
         • [kernels/cxx/ffi.cpp:208] SKIP THROW: memory peek not in preflight
       Local constraints hit (5 unique):
         - AddrDecompose@u32.zir:67 (x9)
           cycle=16760, step=181, pc=0x00200EB8, major=2, minor=5
         - MemoryWrite@mem.zir:100 (x2)
           cycle=16767, step=188, pc=0x00200ED4, major=2, minor=6
         - MemoryWrite@mem.zir:99 (x3)
           cycle=16759, step=180, pc=0x00200EB4, major=0, minor=9
         - OneHot@one_hot.zir:11
           cycle=16759, step=180, pc=0x00200EB4, major=0, minor=9
         - OneHot@one_hot.zir:9
           cycle=16759, step=180, pc=0x00200EB4, major=0, minor=9
       Global: memory permutation violated (20 addrs: 1 register, 9 code, 10 data)
         0x00000000 (data): expected write missing, needed 0x00201537 (cycle 5870)
         0x00000004 (data): expected write missing, needed 0x80050513 (cycle 5870)
         0x00000008 (data): expected write missing, needed 0x00a12423 (cycle 5870)
         + 9 code addresses diverged (instruction fetch cascade)
         + 8 more addresses
  [445] ✓ INSTR_TYPE_MOD @ step 892: 5 failures, 2919ms, outcome: REJECTED, exit: 101 [proof:GENERATED] G=memory
       r=0.017  T_new=0.00 F_new=0.99 F_rare=1.00 U=0 Q=0.04 Q_l=0.19 Q_g=0.19 dl=5 dg=10
       Value: 0x00020005 -> 0x00020001
       Original: Lui [major=2, minor=5]
       Mutated:  BltU [major=2, minor=1]
       zkVM errors (3 lines):
         • [prover_impl.rs:280] verify segment (internal proof verification failed)
         • [ffi.cpp:113] address mismatch at cycle 17519: preflight=0x3fffc02c, actual=0x3fffc060
         • [kernels/cxx/ffi.cpp:208] SKIP THROW: memory peek not in preflight
       Local constraints hit (4 unique):
         - MemoryWrite@mem.zir:100
           cycle=17519, step=892, pc=0x0020614C, major=2, minor=1
         - MemoryWrite@mem.zir:99 (x2)
           cycle=17519, step=892, pc=0x0020614C, major=2, minor=1
         - VerifyOpcodeF3@inst.zir:96
           cycle=17519, step=892, pc=0x0020614C, major=2, minor=1
         - VerifyOpcodeF3@inst.zir:97
           cycle=17519, step=892, pc=0x0020614C, major=2, minor=1
       Global: memory permutation violated (14 addrs: 1 register, 12 code, 1 data)
         x12/a2: unexpected write 0x00000001 (cycle 35030)
         0xFFFF0180 (data): expected write missing, needed 0x00000001 (cycle 35030)
         + 12 code addresses diverged (instruction fetch cascade)
  [446] ✓ INSTR_TYPE_MOD @ step 836: 2 failures, 2936ms, outcome: REJECTED, exit: 101 [proof:GENERATED] G=memory
       r=0.148  T_new=0.00 F_new=0.63 F_rare=1.00 U=0 Q=0.37 Q_l=0.51 Q_g=0.72 dl=2 dg=2
       Value: 0x00020001 -> 0x00010003
       Original: BltU [major=2, minor=1]
       Mutated:  SltI [major=1, minor=3]
       zkVM errors (3 lines):
         • [prover_impl.rs:280] verify segment (internal proof verification failed)
         • [ffi.cpp:113] address mismatch at cycle 17457: preflight=0x3fffc040, actual=0x3fffc01c
         • [kernels/cxx/ffi.cpp:208] SKIP THROW: memory peek not in preflight
       Local constraints hit (2 unique):
         - VerifyOpcodeF3@inst.zir:96
           cycle=17457, step=836, pc=0xC000014C, major=1, minor=3
         - VerifyOpcodeF3@inst.zir:97
           cycle=17457, step=836, pc=0xC000014C, major=1, minor=3
       Global: memory permutation violated
         0xFFFF0070 (data): expected write missing, needed 0xc000005c (cycle 34903)
         0xFFFF0100 (data): unexpected write 0xc000005c (cycle 34903)
  [447] ✓ INSTR_TYPE_MOD @ step 1672: 3 failures, 2939ms, outcome: REJECTED, exit: 101 [proof:GENERATED]
       r=0.031  T_new=0.00 F_new=0.00 F_rare=0.34 U=0 Q=0.37 Q_l=0.37 Q_g=1.00 dl=3 dg=0
       Value: 0x00000007 -> 0x00000001
       Original: AddI [major=0, minor=7]
       Mutated:  Sub [major=0, minor=1]
       zkVM errors (1 lines):
         • [prover_impl.rs:280] verify segment (internal proof verification failed)
       Local constraints hit (3 unique):
         - MemoryWrite@mem.zir:99
           cycle=18316, step=1672, pc=0x002096D8, major=0, minor=1
         - VerifyOpcodeF3F7@inst.zir:102
           cycle=18316, step=1672, pc=0x002096D8, major=0, minor=1
         - VerifyOpcodeF3F7@inst.zir:104
           cycle=18316, step=1672, pc=0x002096D8, major=0, minor=1
       Global: no permutation/lookup violations (local-only)
  [448] ✓ INSTR_TYPE_MOD @ step 911: 3 failures, 2948ms, outcome: REJECTED, exit: 101 [proof:GENERATED] G=memory
       r=0.102  T_new=0.00 F_new=0.63 F_rare=1.00 U=0 Q=0.26 Q_l=0.37 Q_g=0.72 dl=3 dg=2
       Value: 0x00050002 -> 0x00020006
       Original: Lw [major=5, minor=2]
       Mutated:  Auipc [major=2, minor=6]
       zkVM errors (3 lines):
         • [prover_impl.rs:280] verify segment (internal proof verification failed)
         • [ffi.cpp:113] address mismatch at cycle 17538: preflight=0x3fffc02a, actual=0x3fffc008
         • [kernels/cxx/ffi.cpp:208] SKIP THROW: memory peek not in preflight
       Local constraints hit (3 unique):
         - MemoryWrite@mem.zir:100
           cycle=17538, step=911, pc=0xC0000140, major=2, minor=6
         - MemoryWrite@mem.zir:99
           cycle=17538, step=911, pc=0xC0000140, major=2, minor=6
         - VerifyOpcode@inst.zir:91
           cycle=17538, step=911, pc=0xC0000140, major=2, minor=6
       Global: memory permutation violated
         0xFFFF0020 (data): expected write missing, needed 0x0020036c (cycle 35057)
         x10/a0: unexpected write 0x0020036c (cycle 35057)
  [449] ✓ INSTR_TYPE_MOD @ step 3729: 25 failures, 2994ms, outcome: REJECTED, exit: 101 [proof:GENERATED] G=memory
       r=0.001  T_new=0.00 F_new=1.00 F_rare=1.00 U=0 Q=0.00 Q_l=0.02 Q_g=0.19 dl=12 dg=10
       Value: 0x00020001 -> 0x00020003
       Original: BltU [major=2, minor=1]
       Mutated:  Jal [major=2, minor=3]
       zkVM errors (3 lines):
         • [prover_impl.rs:280] verify segment (internal proof verification failed)
         • [ffi.cpp:113] address mismatch at cycle 20605: preflight=0x3fffc060, actual=0x3fffc024
         • [kernels/cxx/ffi.cpp:208] SKIP THROW: memory peek not in preflight
       Local constraints hit (4 unique):
         - DecodeInst@inst.zir:29 (x20)
           cycle=20606, step=3730, pc=0x00203274, major=6, minor=2
         - MemoryWrite@mem.zir:100 (x2)
           cycle=20605, step=3729, pc=0x00203270, major=2, minor=3
         - MemoryWrite@mem.zir:99 (x2)
           cycle=20605, step=3729, pc=0x00203270, major=2, minor=3
         - VerifyOpcode@inst.zir:91
           cycle=20605, step=3729, pc=0x00203270, major=2, minor=3
       Global: memory permutation violated (42 addrs: 1 register, 40 code, 1 data)
         x4/tp: expected write missing, needed 0x00000000 (cycle 41185)
         0xFFFF0180 (data): unexpected write 0x00000000 (cycle 41185)
         + 40 code addresses diverged (instruction fetch cascade)
  [450] ✓ INSTR_TYPE_MOD @ step 1114: 6 failures, 2997ms, outcome: REJECTED, exit: 101 [proof:GENERATED] G=memory|cycle
       r=0.022  T_new=0.00 F_new=0.86 F_rare=1.00 U=0 Q=0.05 Q_l=0.14 Q_g=0.37 dl=6 dg=6
       Value: 0x00050002 -> 0x00060002
       Original: Lw [major=5, minor=2]
       Mutated:  Sw [major=6, minor=2]
       zkVM errors (3 lines):
         • [prover_impl.rs:280] verify segment (internal proof verification failed)
         • [ffi.cpp:113] address mismatch at cycle 17758: preflight=0x000800e4, actual=0x3fffc030
         • [kernels/cxx/ffi.cpp:208] SKIP THROW: memory peek not in preflight
       Local constraints hit (6 unique):
         - IsRead@mem.zir:79
           cycle=17758, step=1114, pc=0x00200C9C, major=6, minor=2
         - IsRead@mem.zir:80
           cycle=17758, step=1114, pc=0x00200C9C, major=6, minor=2
         - MemoryWrite@mem.zir:100
           cycle=17758, step=1114, pc=0x00200C9C, major=6, minor=2
         - MemoryWrite@mem.zir:99
           cycle=17758, step=1114, pc=0x00200C9C, major=6, minor=2
         - OpSW@inst_mem.zir:161
           cycle=17758, step=1114, pc=0x00200C9C, major=6, minor=2
         - VerifyOpcodeF3@inst.zir:96
           cycle=17758, step=1114, pc=0x00200C9C, major=6, minor=2
       Global: memory permutation violated
         0x00200390 (data): expected write missing, needed 0x02c12983 (cycle 5530)
         x16/a6: expected write missing, needed 0x00000000 (cycle 33625)
         x18/s2: unexpected write 0x002213a8 (cycle 35508)
       Global: cycle lookup violated (3 indices broken)
         index 7: 280 provides, 1 uses (imbalanced)
         index 8: 324 provides, 1 uses (imbalanced)
         index 29986: 1 provides, 1 uses (imbalanced)
  [451] ✓ INSTR_TYPE_MOD @ step 1087: 3 failures, 2940ms, outcome: REJECTED, exit: 101 [proof:GENERATED] G=memory
       r=0.102  T_new=0.00 F_new=0.63 F_rare=1.00 U=0 Q=0.26 Q_l=0.37 Q_g=0.72 dl=3 dg=2
       Value: 0x00000007 -> 0x00010006
       Original: AddI [major=0, minor=7]
       Mutated:  Bne [major=1, minor=6]
       zkVM errors (3 lines):
         • [prover_impl.rs:280] verify segment (internal proof verification failed)
         • [ffi.cpp:113] address mismatch at cycle 17728: preflight=0x3fffc00c, actual=0x3fffc040
         • [kernels/cxx/ffi.cpp:208] SKIP THROW: memory peek not in preflight
       Local constraints hit (3 unique):
         - MemoryWrite@mem.zir:99
           cycle=17728, step=1087, pc=0xC000015C, major=1, minor=6
         - VerifyOpcodeF3@inst.zir:96
           cycle=17728, step=1087, pc=0xC000015C, major=1, minor=6
         - VerifyOpcodeF3@inst.zir:97
           cycle=17728, step=1087, pc=0xC000015C, major=1, minor=6
       Global: memory permutation violated
         0xFFFF0030 (data): unexpected write 0x00000000 (cycle 35450)
         0xFFFF0100 (data): expected write missing, needed 0x00000000 (cycle 35450)
  [452] ✓ INSTR_TYPE_MOD @ step 1785: 4 failures, 2967ms, outcome: REJECTED, exit: 101 [proof:GENERATED] G=memory
       r=0.073  T_new=0.00 F_new=0.63 F_rare=1.00 U=0 Q=0.19 Q_l=0.26 Q_g=0.72 dl=4 dg=2
       Value: 0x00050003 -> 0x00010001
       Original: LbU [major=5, minor=3]
       Mutated:  OrI [major=1, minor=1]
       zkVM errors (3 lines):
         • [prover_impl.rs:280] verify segment (internal proof verification failed)
         • [ffi.cpp:113] address mismatch at cycle 18429: preflight=0x00086c5c, actual=0x3fffc020
         • [kernels/cxx/ffi.cpp:208] SKIP THROW: memory peek not in preflight
       Local constraints hit (4 unique):
         - MemoryWrite@mem.zir:100
           cycle=18429, step=1785, pc=0x002184C0, major=1, minor=1
         - MemoryWrite@mem.zir:99
           cycle=18429, step=1785, pc=0x002184C0, major=1, minor=1
         - VerifyOpcodeF3@inst.zir:96
           cycle=18429, step=1785, pc=0x002184C0, major=1, minor=1
         - VerifyOpcodeF3@inst.zir:97
           cycle=18429, step=1785, pc=0x002184C0, major=1, minor=1
       Global: memory permutation violated
         x0/zero: expected write missing, needed 0x4152544b (cycle 27566)
         0x0021B170 (code): unexpected write 0x4152544b (cycle 27566)
  [453] ✓ INSTR_TYPE_MOD @ step 1845: 3 failures, 2960ms, outcome: REJECTED, exit: 101 [proof:GENERATED] G=memory
       r=0.108  T_new=0.00 F_new=0.63 F_rare=1.00 U=0 Q=0.26 Q_l=0.37 Q_g=0.72 dl=3 dg=2
       Value: 0x00050002 -> 0x00030005
       Original: Lw [major=5, minor=2]
       Mutated:  MulHU [major=3, minor=5]
       zkVM errors (3 lines):
         • [prover_impl.rs:280] verify segment (internal proof verification failed)
         • [ffi.cpp:113] address mismatch at cycle 18489: preflight=0x3fffc02c, actual=0x3fffc010
         • [kernels/cxx/ffi.cpp:208] SKIP THROW: memory peek not in preflight
       Local constraints hit (3 unique):
         - MemoryWrite@mem.zir:99
           cycle=18489, step=1845, pc=0xC000013C, major=3, minor=5
         - VerifyOpcodeF3F7@inst.zir:102
           cycle=18489, step=1845, pc=0xC000013C, major=3, minor=5
         - VerifyOpcodeF3F7@inst.zir:103
           cycle=18489, step=1845, pc=0xC000013C, major=3, minor=5
       Global: memory permutation violated
         0xFFFF0040 (data): expected write missing, needed 0x0021a0f3 (cycle 36951)
         x12/a2: unexpected write 0x0021a0f3 (cycle 36951)
  [454] ✓ INSTR_TYPE_MOD @ step 1938: 5 failures, 3026ms, outcome: REJECTED, exit: 101 [proof:GENERATED] G=memory|cycle
       r=0.032  T_new=0.00 F_new=0.63 F_rare=1.00 U=0 Q=0.08 Q_l=0.19 Q_g=0.43 dl=5 dg=5
       Value: 0x00010006 -> 0x00060000
       Original: Bne [major=1, minor=6]
       Mutated:  Sb [major=6, minor=0]
       zkVM errors (3 lines):
         • [prover_impl.rs:280] verify segment (internal proof verification failed)
         • [ffi.cpp:113] address mismatch at cycle 18587: preflight=0x3fffc060, actual=0x0000001c
         • [kernels/cxx/ffi.cpp:208] SKIP THROW: memory peek not in preflight
       Local constraints hit (5 unique):
         - AddrDecomposeBits@u32.zir:87
           cycle=18587, step=1938, pc=0x002184C8, major=6, minor=0
         - MemoryWrite@mem.zir:100
           cycle=18587, step=1938, pc=0x002184C8, major=6, minor=0
         - MemoryWrite@mem.zir:99
           cycle=18587, step=1938, pc=0x002184C8, major=6, minor=0
         - VerifyOpcodeF3@inst.zir:96
           cycle=18587, step=1938, pc=0x002184C8, major=6, minor=0
         - VerifyOpcodeF3@inst.zir:97
           cycle=18587, step=1938, pc=0x002184C8, major=6, minor=0
       Global: memory permutation violated
         0x00000070 (data): expected write missing, needed 0x00158593 (cycle 37162)
         0xFFFF0180 (data): unexpected write 0x00000000 (cycle 37169)
       Global: cycle lookup violated (3 indices broken)
         index 4: 253 provides, 1 uses (imbalanced)
         index 5: 348 provides, 1 uses (imbalanced)
         index 12: 190 provides, 1 uses (imbalanced)
  [455] ✓ LOAD_VAL_MOD @ step 1117: 2 failures, 2925ms, outcome: REJECTED, exit: 101 [proof:GENERATED] G=memory
       r=0.107  T_new=0.00 F_new=0.39 F_rare=0.64 U=0 Q=0.43 Q_l=0.51 Q_g=0.85 dl=2 dg=1
       Value: 0x00000000 -> 0xEC520389
       Load destination: rd = x21 (s5)
       zkVM errors (1 lines):
         • [prover_impl.rs:280] verify segment (internal proof verification failed)
       Local constraints hit (2 unique):
         - MemoryWrite@mem.zir:100
           cycle=17761, step=1117, pc=0x00200CA8, major=5, minor=2
         - MemoryWrite@mem.zir:99
           cycle=17761, step=1117, pc=0x00200CA8, major=5, minor=2
       Global: memory permutation violated
         x21/s5: wrote 0xec520389, expected 0x00000000 (cycle 35523)
  [456] ✓ INSTR_TYPE_MOD @ step 2607: 26 failures, 2946ms, outcome: REJECTED, exit: 101 [proof:GENERATED] G=memory
       r=0.000  T_new=0.00 F_new=1.00 F_rare=1.00 U=0 Q=0.00 Q_l=0.00 Q_g=0.19 dl=16 dg=10
       Value: 0x00030001 -> 0x00020004
       Original: SllI [major=3, minor=1]
       Mutated:  JalR [major=2, minor=4]
       zkVM errors (3 lines):
         • [prover_impl.rs:280] verify segment (internal proof verification failed)
         • [ffi.cpp:113] address mismatch at cycle 19336: preflight=0x0008056a, actual=0x00000036
         • [kernels/cxx/buffers.h:43] SKIP THROW: Inconsistent set
       Local constraints hit (6 unique):
         - AddrDecompose@u32.zir:67 (x9)
           cycle=19336, step=2608, pc=0x002015AC, major=0, minor=3
         - DecodeInst@inst.zir:29 (x9)
           cycle=19336, step=2608, pc=0x002015AC, major=0, minor=3
         - MemoryWrite@mem.zir:100 (x3)
           cycle=19335, step=2607, pc=0x002015A8, major=2, minor=4
         - MemoryWrite@mem.zir:99 (x3)
           cycle=19335, step=2607, pc=0x002015A8, major=2, minor=4
         - VerifyOpcodeF3@inst.zir:96
           cycle=19335, step=2607, pc=0x002015A8, major=2, minor=4
         - VerifyOpcodeF3@inst.zir:97
           cycle=19335, step=2607, pc=0x002015A8, major=2, minor=4
       Global: memory permutation violated (18 addrs: 9 code, 9 data)
         0x000000D8 (data): expected write missing, needed 0x00a5e533 (cycle 6998)
         0x000000DC (data): expected write missing, needed 0x00c6e633 (cycle 6998)
         0x000000E0 (data): expected write missing, needed 0x00a66533 (cycle 6998)
         + 9 code addresses diverged (instruction fetch cascade)
         + 6 more addresses
  [457] ✓ INSTR_TYPE_MOD @ step 3219: 5 failures, 2995ms, outcome: REJECTED, exit: 101 [proof:GENERATED] G=memory|cycle
       r=0.035  T_new=0.00 F_new=0.78 F_rare=1.00 U=0 Q=0.08 Q_l=0.19 Q_g=0.43 dl=5 dg=5
       Value: 0x00000007 -> 0x00060000
       Original: AddI [major=0, minor=7]
       Mutated:  Sb [major=6, minor=0]
       zkVM errors (3 lines):
         • [prover_impl.rs:280] verify segment (internal proof verification failed)
         • [ffi.cpp:113] address mismatch at cycle 20021: preflight=0x3fffc02b, actual=0x00000002
         • [kernels/cxx/ffi.cpp:208] SKIP THROW: memory peek not in preflight
       Local constraints hit (5 unique):
         - AddrDecomposeBits@u32.zir:87
           cycle=20021, step=3219, pc=0x00205E00, major=6, minor=0
         - IsRead@mem.zir:79
           cycle=20021, step=3219, pc=0x00205E00, major=6, minor=0
         - MemoryWrite@mem.zir:100
           cycle=20021, step=3219, pc=0x00205E00, major=6, minor=0
         - MemoryWrite@mem.zir:99
           cycle=20021, step=3219, pc=0x00205E00, major=6, minor=0
         - VerifyOpcodeF3@inst.zir:96
           cycle=20021, step=3219, pc=0x00205E00, major=6, minor=0
       Global: memory permutation violated
         0x00000008 (data): expected write missing, needed 0xfff58693 (cycle 39422)
         x11/a1: unexpected write 0x00000001 (cycle 40040)
       Global: cycle lookup violated (3 indices broken)
         index 1: 1798 provides, 1 uses (imbalanced)
         index 2: 861 provides, 1 uses (imbalanced)
         index 620: 3 provides, 1 uses (imbalanced)
  [458] ✓ MEM_VAL_MOD @ step 2580: 3 failures, 2994ms, outcome: REJECTED, exit: 101 [proof:GENERATED] G=memory
       r=0.085  T_new=0.00 F_new=0.39 F_rare=0.75 U=0 Q=0.31 Q_l=0.37 Q_g=0.85 dl=3 dg=1
       Value: 0xBCE109F9 -> 0xA7DF26F1
       Transaction: load_mem_read (READ) at address 0x002214b4
       zkVM errors (1 lines):
         • [prover_impl.rs:280] verify segment (internal proof verification failed)
       Local constraints hit (3 unique):
         - IsRead@mem.zir:79
           cycle=19308, step=2580, pc=0x0020153C, major=5, minor=3
         - IsRead@mem.zir:80
           cycle=19308, step=2580, pc=0x0020153C, major=5, minor=3
         - MemoryWrite@mem.zir:99
           cycle=19308, step=2580, pc=0x0020153C, major=5, minor=3
       Global: memory permutation violated
         0x002214B4 (code): wrote 0xa7df26f1, expected 0xbce109f9 (cycle 38616)
  [459] ✓ INSTR_WORD_MOD_SUR @ step 1618: 1 failures, 2942ms, outcome: REJECTED, exit: 101 [proof:GENERATED] G=memory
       r=0.165  T_new=0.00 F_new=0.39 F_rare=0.75 U=0 Q=0.61 Q_l=0.72 Q_g=0.85 dl=1 dg=1
       Value: 0x00000097 -> 0x000000B3
       Surgical: opcode = 23 -> 51
       Original: AUIPC x1, 0x0
       Mutated:  ADD x1, x0, x0
       zkVM errors (1 lines):
         • [prover_impl.rs:280] verify segment (internal proof verification failed)
       Local constraints hit (1 unique):
         - VerifyOpcode@inst.zir:91
           cycle=18262, step=1618, pc=0x002041C8, major=2, minor=6
       Global: memory permutation violated
         0x002041C4 (code): wrote 0x00000097, expected 0x000000b3 (cycle 12814)
  [460] ✓ INSTR_TYPE_MOD @ step 2323: 4 failures, 2887ms, outcome: REJECTED, exit: 101 [proof:GENERATED]
       r=0.040  T_new=0.00 F_new=0.00 F_rare=0.54 U=0 Q=0.26 Q_l=0.26 Q_g=1.00 dl=4 dg=0
       Value: 0x00010000 -> 0x00030000
       Original: XorI [major=1, minor=0]
       Mutated:  Sll [major=3, minor=0]
       zkVM errors (1 lines):
         • [prover_impl.rs:280] verify segment (internal proof verification failed)
       Local constraints hit (4 unique):
         - MemoryWrite@mem.zir:99
           cycle=18977, step=2323, pc=0x002012EC, major=3, minor=0
         - VerifyOpcodeF3F7@inst.zir:102
           cycle=18977, step=2323, pc=0x002012EC, major=3, minor=0
         - VerifyOpcodeF3F7@inst.zir:103
           cycle=18977, step=2323, pc=0x002012EC, major=3, minor=0
         - VerifyOpcodeF3F7@inst.zir:104
           cycle=18977, step=2323, pc=0x002012EC, major=3, minor=0
       Global: no permutation/lookup violations (local-only)
  [461] ✓ PRE_EXEC_REG_MOD @ step 174: 8 failures, 2951ms, outcome: REJECTED, exit: 101 [proof:GENERATED] G=memory
       r=0.014  T_new=0.00 F_new=0.92 F_rare=1.00 U=0 Q=0.03 Q_l=0.07 Q_g=0.43 dl=8 dg=5
       Value: 0x00203F7C -> 0x434DEF42
       Register: x1 (ra), READ, strategy=next_read
       zkVM errors (3 lines):
         • [prover_impl.rs:280] verify segment (internal proof verification failed)
         • [ffi.cpp:113] address mismatch at cycle 16754: preflight=0x00080fdf, actual=0x10d37bd0
         • [kernels/cxx/buffers.h:43] SKIP THROW: Inconsistent set
       Local constraints hit (5 unique):
         - DecodeInst@inst.zir:29 (x2)
           cycle=16754, step=175, pc=0x00203F80, major=2, minor=6
         - IsRead@mem.zir:79
           cycle=16753, step=174, pc=0x00203F7C, major=2, minor=4
         - IsRead@mem.zir:80
           cycle=16753, step=174, pc=0x00203F7C, major=2, minor=4
         - MemoryWrite@mem.zir:100 (x2)
           cycle=16754, step=175, pc=0x00203F80, major=2, minor=6
         - MemoryWrite@mem.zir:99 (x2)
           cycle=16754, step=175, pc=0x00203F80, major=2, minor=6
       Global: memory permutation violated
         0x434DEF40 (data): expected write missing, needed 0xffffd097 (cycle 12430)
         0x434DEF44 (data): expected write missing, needed 0xf28080e7 (cycle 12450)
         x1/ra: wrote 0x434def42, expected 0x00203f7c (cycle 33506)
         0x00203F7C (code): unexpected write 0xffffd097 (cycle 12430)
         0x00203F80 (code): unexpected write 0xf28080e7 (cycle 12450)
  [462] ✓ COMP_OUT_MOD @ step 2473: 2 failures, 2975ms, outcome: REJECTED, exit: 101 [proof:GENERATED] G=memory
       r=0.105  T_new=0.00 F_new=0.39 F_rare=0.62 U=0 Q=0.43 Q_l=0.51 Q_g=0.85 dl=2 dg=1
       Value: 0x002065B8 -> 0xFFDF9A48
       Destination: rd = x1 (ra)
       zkVM errors (1 lines):
         • [prover_impl.rs:280] verify segment (internal proof verification failed)
       Local constraints hit (2 unique):
         - MemoryWrite@mem.zir:100
           cycle=19127, step=2473, pc=0x002055BC, major=2, minor=6
         - MemoryWrite@mem.zir:99
           cycle=19127, step=2473, pc=0x002055BC, major=2, minor=6
       Global: memory permutation violated
         x1/ra: wrote 0xffdf9a48, expected 0x002065b8 (cycle 38255)
  [463] ✓ INSTR_TYPE_MOD @ step 500: 3 failures, 2932ms, outcome: REJECTED, exit: 101 [proof:GENERATED] G=memory
       r=0.033  T_new=0.00 F_new=0.99 F_rare=1.00 U=0 Q=0.07 Q_l=0.37 Q_g=0.19 dl=3 dg=10
       Value: 0x00000007 -> 0x00020002
       Original: AddI [major=0, minor=7]
       Mutated:  BgeU [major=2, minor=2]
       zkVM errors (3 lines):
         • [prover_impl.rs:280] verify segment (internal proof verification failed)
         • [ffi.cpp:113] address mismatch at cycle 17097: preflight=0x3fffc030, actual=0x3fffc060
         • [kernels/cxx/ffi.cpp:208] SKIP THROW: memory peek not in preflight
       Local constraints hit (3 unique):
         - MemoryWrite@mem.zir:99
           cycle=17108, step=511, pc=0xC0000070, major=7, minor=2
         - VerifyOpcodeF3@inst.zir:96
           cycle=17097, step=500, pc=0x00206148, major=2, minor=2
         - VerifyOpcodeF3@inst.zir:97
           cycle=17097, step=500, pc=0x00206148, major=2, minor=2
       Global: memory permutation violated (16 addrs: 1 register, 14 code, 1 data)
         x16/a6: unexpected write 0x00000004 (cycle 34160)
         0xFFFF0180 (data): expected write missing, needed 0x00000004 (cycle 34160)
         + 14 code addresses diverged (instruction fetch cascade)
  [464] ✓ INSTR_TYPE_MOD @ step 3928: 1 failures, 2900ms, outcome: REJECTED, exit: 101 [proof:GENERATED]
       r=0.067  T_new=0.00 F_new=0.00 F_rare=0.38 U=0 Q=0.72 Q_l=0.72 Q_g=1.00 dl=1 dg=0
       Value: 0x00000007 -> 0x00030001
       Original: AddI [major=0, minor=7]
       Mutated:  SllI [major=3, minor=1]
       zkVM errors (1 lines):
         • [prover_impl.rs:280] verify segment (internal proof verification failed)
       Local constraints hit (1 unique):
         - VerifyOpcodeF3F7@inst.zir:103
           cycle=20878, step=3928, pc=0xC00000F8, major=3, minor=1
       Global: no permutation/lookup violations (local-only)
  [465] ✓ INSTR_TYPE_MOD @ step 525: 8 failures, 3038ms, outcome: REJECTED, exit: 101 [proof:GENERATED] G=memory|cycle
       r=0.012  T_new=0.00 F_new=0.63 F_rare=1.00 U=0 Q=0.03 Q_l=0.07 Q_g=0.43 dl=8 dg=5
       Value: 0x00000007 -> 0x00060002
       Original: AddI [major=0, minor=7]
       Mutated:  Sw [major=6, minor=2]
       zkVM errors (3 lines):
         • [prover_impl.rs:280] verify segment (internal proof verification failed)
         • [ffi.cpp:113] address mismatch at cycle 17125: preflight=0x3fffc00b, actual=0x3fffc02a
         • [kernels/cxx/ffi.cpp:208] SKIP THROW: memory peek not in preflight
       Local constraints hit (8 unique):
         - IsRead@mem.zir:79
           cycle=17125, step=525, pc=0xC0000158, major=6, minor=2
         - IsRead@mem.zir:80
           cycle=17125, step=525, pc=0xC0000158, major=6, minor=2
         - MemoryWrite@mem.zir:100
           cycle=17125, step=525, pc=0xC0000158, major=6, minor=2
         - MemoryWrite@mem.zir:99
           cycle=17125, step=525, pc=0xC0000158, major=6, minor=2
         - OpSW@inst_mem.zir:160
           cycle=17125, step=525, pc=0xC0000158, major=6, minor=2
         - OpSW@inst_mem.zir:161
           cycle=17125, step=525, pc=0xC0000158, major=6, minor=2
         - VerifyOpcodeF3@inst.zir:96
           cycle=17125, step=525, pc=0xC0000158, major=6, minor=2
         - VerifyOpcodeF3@inst.zir:97
           cycle=17125, step=525, pc=0xC0000158, major=6, minor=2
       Global: memory permutation violated
         0xFFFF002C (data): unexpected write 0x0020036c (cycle 34244)
         x10/a0: expected write missing, needed 0x00800613 (cycle 34084)
       Global: cycle lookup violated (3 indices broken)
         index 5: 350 provides, 1 uses (imbalanced)
         index 6: 413 provides, 1 uses (imbalanced)
         index 166: 4 provides, 1 uses (imbalanced)
  [466] ✓ INSTR_TYPE_MOD @ step 2408: 6 failures, 2921ms, outcome: REJECTED, exit: 101 [proof:GENERATED] G=memory
       r=0.053  T_new=0.00 F_new=0.63 F_rare=1.00 U=0 Q=0.14 Q_l=0.19 Q_g=0.72 dl=5 dg=2
       Value: 0x00020006 -> 0x00020004
       Original: Auipc [major=2, minor=6]
       Mutated:  JalR [major=2, minor=4]
       zkVM errors (3 lines):
         • [prover_impl.rs:280] verify segment (internal proof verification failed)
         • [ffi.cpp:113] address mismatch at cycle 19063: preflight=0x000804ff, actual=0x00000000
         • [kernels/cxx/buffers.h:43] SKIP THROW: Inconsistent set
       Local constraints hit (5 unique):
         - AddrDecompose@u32.zir:67
           cycle=19063, step=2409, pc=0x00205608, major=2, minor=4
         - MemoryWrite@mem.zir:100
           cycle=19063, step=2409, pc=0x00205608, major=2, minor=4
         - MemoryWrite@mem.zir:99 (x2)
           cycle=19062, step=2408, pc=0x002013FC, major=2, minor=4
         - VerifyOpcodeF3@inst.zir:96
           cycle=19062, step=2408, pc=0x002013FC, major=2, minor=4
         - VerifyOpcodeF3@inst.zir:97
           cycle=19062, step=2408, pc=0x002013FC, major=2, minor=4
       Global: memory permutation violated
         0x00000000 (data): expected write missing, needed 0x210080e7 (cycle 6714)
         0x002013FC (code): unexpected write 0x210080e7 (cycle 6714)
  [467] ✓ PRE_EXEC_REG_MOD @ step 3268: 4 failures, 2962ms, outcome: REJECTED, exit: 101 [proof:GENERATED] G=memory
       r=0.067  T_new=0.00 F_new=0.78 F_rare=1.00 U=0 Q=0.16 Q_l=0.26 Q_g=0.61 dl=4 dg=3
       Value: 0x002001CC -> 0x04413F6F
       Register: x14 (a4), READ, strategy=next_read
       zkVM errors (3 lines):
         • [prover_impl.rs:280] verify segment (internal proof verification failed)
         • [ffi.cpp:113] address mismatch at cycle 20070: preflight=0x00080074, actual=0x01104fdc
         • [kernels/cxx/ffi.cpp:208] SKIP THROW: memory peek not in preflight
       Local constraints hit (4 unique):
         - IsRead@mem.zir:79
           cycle=20070, step=3268, pc=0x00203420, major=5, minor=2
         - IsRead@mem.zir:80
           cycle=20070, step=3268, pc=0x00203420, major=5, minor=2
         - OpLW@inst_mem.zir:108
           cycle=20070, step=3268, pc=0x00203420, major=5, minor=2
         - OpLW@inst_mem.zir:109
           cycle=20070, step=3268, pc=0x00203420, major=5, minor=2
       Global: memory permutation violated
         0x002001D0 (data): unexpected write 0x478ba766 (cycle 39983)
         0x04413F70 (data): expected write missing, needed 0x478ba766 (cycle 39983)
         x14/a4: wrote 0x04413f6f, expected 0x002001cc (cycle 40140)
  [468] ✓ INSTR_TYPE_MOD @ step 368: 4 failures, 2986ms, outcome: REJECTED, exit: 101 [proof:GENERATED] G=memory|cycle
       r=0.023  T_new=0.00 F_new=0.99 F_rare=1.00 U=0 Q=0.05 Q_l=0.26 Q_g=0.19 dl=4 dg=10
       Value: 0x00000007 -> 0x00020006
       Original: AddI [major=0, minor=7]
       Mutated:  Auipc [major=2, minor=6]
       zkVM errors (3 lines):
         • [prover_impl.rs:280] verify segment (internal proof verification failed)
         • [ffi.cpp:113] address mismatch at cycle 16953: preflight=0x3fffc011, actual=0x3fffc000
         • [kernels/cxx/buffers.h:43] SKIP THROW: Inconsistent set
       Local constraints hit (4 unique):
         - ECallHostReadSetup@inst_ecall.zir:70
           cycle=16954, step=368, pc=0xC000014C, major=8, minor=2
         - MemoryWrite@mem.zir:100
           cycle=16953, step=368, pc=0xC000014C, major=2, minor=6
         - MemoryWrite@mem.zir:99
           cycle=16953, step=368, pc=0xC000014C, major=2, minor=6
         - VerifyOpcode@inst.zir:91
           cycle=16953, step=368, pc=0xC000014C, major=2, minor=6
       Global: memory permutation violated
         0xC0000150 (data): unexpected write 0x00000513 (cycle 33742)
         0xC0000154 (data): expected write missing, needed 0x00000513 (cycle 33742)
         0xC0000158 (data): expected write missing, needed 0x02820593 (cycle 33744)
         0xC000015C (data): expected write missing, needed 0x00800613 (cycle 33746)
         0xC0000160 (data): expected write missing, needed 0x00000073 (cycle 33748)
         0xC0000164 (data): expected write missing, needed 0x30200073 (cycle 33754)
         0xFFFF0000 (data): expected write missing, needed 0x00000001 (cycle 33895)
         0xFFFF0044 (data): unexpected write 0x00000001 (cycle 33895)
         0xFFFF0100 (data): expected write missing, needed 0x0021a0c8 (cycle 33897)
       Global: cycle lookup violated (1 indices broken)
         index 9: 344 provides, 1 uses (imbalanced)
  [469] ✓ INSTR_TYPE_MOD @ step 2167: 2 failures, 2898ms, outcome: REJECTED, exit: 101 [proof:GENERATED]
       r=0.067  T_new=0.00 F_new=0.00 F_rare=0.47 U=0 Q=0.51 Q_l=0.51 Q_g=1.00 dl=2 dg=0
       Value: 0x00050002 -> 0x00050004
       Original: Lw [major=5, minor=2]
       Mutated:  LhU [major=5, minor=4]
       zkVM errors (1 lines):
         • [prover_impl.rs:280] verify segment (internal proof verification failed)
       Local constraints hit (2 unique):
         - MemoryWrite@mem.zir:100
           cycle=18821, step=2167, pc=0x002024F4, major=5, minor=4
         - VerifyOpcodeF3@inst.zir:97
           cycle=18821, step=2167, pc=0x002024F4, major=5, minor=4
       Global: no permutation/lookup violations (local-only)
  [470] ✓ INSTR_TYPE_MOD @ step 0: 5 failures, 2984ms, outcome: REJECTED, exit: 101 [proof:GENERATED] [+3 touch] G=memory|cycle
       r=0.047  T_new=0.08 F_new=0.63 F_rare=1.00 U=0 Q=0.11 Q_l=0.19 Q_g=0.61 dl=5 dg=3
       Value: 0x00020006 -> 0x00010004
       Original: Auipc [major=2, minor=6]
       Mutated:  SltIU [major=1, minor=4]
       zkVM errors (3 lines):
         • [prover_impl.rs:280] verify segment (internal proof verification failed)
         • [ffi.cpp:113] address mismatch at cycle 0: preflight=0x44000000, actual=0x00000000
         • [kernels/cxx/ffi.cpp:208] SKIP THROW: memory peek not in preflight
       Local constraints hit (5 unique):
         - AddrDecompose@u32.zir:67
           cycle=0, step=0, pc=0x00000000, major=1, minor=4
         - ControlLoadRootAndNonce@inst_control.zir:23
           cycle=1, step=0, pc=0x00000000, major=7, minor=0
         - MiscInput@inst_misc.zir:7
           cycle=0, step=0, pc=0x00000000, major=1, minor=4
         - VerifyOpcodeF3@inst.zir:96
           cycle=0, step=0, pc=0x00000000, major=1, minor=4
         - VerifyOpcodeF3@inst.zir:97
           cycle=0, step=0, pc=0x00000000, major=1, minor=4
       Global: memory permutation violated
         0xFFFF0100 (data): expected write missing, needed 0x00000000 (cycle 0)
       Global: cycle lookup violated (2 indices broken)
         index 0: 2256 provides, 1 uses (imbalanced)
         index 2013265920: orphan provide (2 entries, no matching use)
  [471] ✓ INSTR_TYPE_MOD @ step 487: 1 failures, 2900ms, outcome: REJECTED, exit: 101 [proof:GENERATED]
       r=0.062  T_new=0.00 F_new=0.00 F_rare=0.35 U=0 Q=0.72 Q_l=0.72 Q_g=1.00 dl=1 dg=0
       Value: 0x00000007 -> 0x00000000
       Original: AddI [major=0, minor=7]
       Mutated:  Add [major=0, minor=0]
       zkVM errors (1 lines):
         • [prover_impl.rs:280] verify segment (internal proof verification failed)
       Local constraints hit (1 unique):
         - VerifyOpcodeF3F7@inst.zir:102
           cycle=17084, step=487, pc=0x0020319C, major=0, minor=0
       Global: no permutation/lookup violations (local-only)
  [472] ✓ INSTR_TYPE_MOD @ step 2675: 4 failures, 2926ms, outcome: REJECTED, exit: 101 [proof:GENERATED]
       r=0.026  T_new=0.00 F_new=0.00 F_rare=0.41 U=0 Q=0.26 Q_l=0.26 Q_g=1.00 dl=4 dg=0
       Value: 0x00000007 -> 0x00030002
       Original: AddI [major=0, minor=7]
       Mutated:  Mul [major=3, minor=2]
       zkVM errors (1 lines):
         • [prover_impl.rs:280] verify segment (internal proof verification failed)
       Local constraints hit (4 unique):
         - MemoryWrite@mem.zir:100
           cycle=19403, step=2675, pc=0x0020531C, major=3, minor=2
         - MemoryWrite@mem.zir:99
           cycle=19403, step=2675, pc=0x0020531C, major=3, minor=2
         - VerifyOpcodeF3F7@inst.zir:102
           cycle=19403, step=2675, pc=0x0020531C, major=3, minor=2
         - VerifyOpcodeF3F7@inst.zir:104
           cycle=19403, step=2675, pc=0x0020531C, major=3, minor=2
       Global: no permutation/lookup violations (local-only)
  [473] ✓ INSTR_TYPE_MOD @ step 1058: 6 failures, 2950ms, outcome: REJECTED, exit: 101 [proof:GENERATED] G=memory
       r=0.012  T_new=0.00 F_new=0.99 F_rare=1.00 U=0 Q=0.03 Q_l=0.14 Q_g=0.19 dl=6 dg=10
       Value: 0x00020004 -> 0x00010002
       Original: JalR [major=2, minor=4]
       Mutated:  AndI [major=1, minor=2]
       zkVM errors (3 lines):
         • [prover_impl.rs:280] verify segment (internal proof verification failed)
         • [ffi.cpp:113] address mismatch at cycle 17698: preflight=0x000818c6, actual=0x000802f8
         • [kernels/cxx/buffers.h:43] SKIP THROW: Inconsistent set
       Local constraints hit (4 unique):
         - MemoryWrite@mem.zir:100
           cycle=17697, step=1058, pc=0x00206318, major=1, minor=2
         - MemoryWrite@mem.zir:99 (x3)
           cycle=17697, step=1058, pc=0x00206318, major=1, minor=2
         - VerifyOpcodeF3@inst.zir:96
           cycle=17697, step=1058, pc=0x00206318, major=1, minor=2
         - VerifyOpcodeF3@inst.zir:97
           cycle=17697, step=1058, pc=0x00206318, major=1, minor=2
       Global: memory permutation violated (28 addrs: 28 code)
         + 28 code addresses diverged (instruction fetch cascade)
  [474] ✓ MEM_VAL_MOD @ step 3043: 4 failures, 2933ms, outcome: REJECTED, exit: 101 [proof:GENERATED] G=memory
       r=0.057  T_new=0.00 F_new=0.39 F_rare=0.69 U=0 Q=0.22 Q_l=0.26 Q_g=0.85 dl=4 dg=1
       Value: 0x00000000 -> 0x20200152
       Transaction: store_rmw_read (READ) at address 0x00221538
       zkVM errors (1 lines):
         • [prover_impl.rs:280] verify segment (internal proof verification failed)
       Local constraints hit (4 unique):
         - IsRead@mem.zir:79
           cycle=19771, step=3043, pc=0x00205768, major=6, minor=0
         - IsRead@mem.zir:80
           cycle=19771, step=3043, pc=0x00205768, major=6, minor=0
         - MemoryWrite@mem.zir:100
           cycle=19771, step=3043, pc=0x00205768, major=6, minor=0
         - MemoryWrite@mem.zir:99
           cycle=19771, step=3043, pc=0x00205768, major=6, minor=0
       Global: memory permutation violated
         0x00221538 (code): wrote 0x20200152, expected 0x00000000 (cycle 39542)
  [475] ✓ INSTR_TYPE_MOD @ step 932: 11 failures, 2942ms, outcome: REJECTED, exit: 101 [proof:GENERATED] G=memory
       r=0.005  T_new=0.00 F_new=0.99 F_rare=1.00 U=0 Q=0.01 Q_l=0.05 Q_g=0.22 dl=9 dg=9
       Value: 0x00000007 -> 0x00010007
       Original: AddI [major=0, minor=7]
       Mutated:  Blt [major=1, minor=7]
       zkVM errors (3 lines):
         • [prover_impl.rs:280] verify segment (internal proof verification failed)
         • [ffi.cpp:113] address mismatch at cycle 17565: preflight=0x3fffc02a, actual=0x3fffc060
         • [kernels/cxx/ffi.cpp:208] SKIP THROW: memory peek not in preflight
       Local constraints hit (5 unique):
         - DecodeInst@inst.zir:29 (x6)
           cycle=17566, step=933, pc=0x002031E8, major=6, minor=2
         - MemoryWrite@mem.zir:100
           cycle=17565, step=932, pc=0x002031E4, major=1, minor=7
         - MemoryWrite@mem.zir:99 (x2)
           cycle=17565, step=932, pc=0x002031E4, major=1, minor=7
         - VerifyOpcodeF3@inst.zir:96
           cycle=17565, step=932, pc=0x002031E4, major=1, minor=7
         - VerifyOpcodeF3@inst.zir:97
           cycle=17565, step=932, pc=0x002031E4, major=1, minor=7
       Global: memory permutation violated
         x10/a0: unexpected write 0x00000004 (cycle 35128)
         0xFFFF0180 (data): expected write missing, needed 0x00000004 (cycle 35128)
         0x002031E4 (code): unexpected write 0x00a42023 (cycle 34964)
         0x002031E8 (code): expected write missing, needed 0x00a42023 (cycle 34964)
         0x002031EC (code): expected write missing, needed 0x00c12083 (cycle 34966)
         0x002031F0 (code): expected write missing, needed 0x00812403 (cycle 34968)
         0x002031F4 (code): expected write missing, needed 0x00412483 (cycle 34970)
         0x002031F8 (code): expected write missing, needed 0x01010113 (cycle 34972)
         0x002031FC (code): expected write missing, needed 0x00008067 (cycle 34974)
  [476] ✓ INSTR_TYPE_MOD @ step 1982: 4 failures, 2937ms, outcome: REJECTED, exit: 101 [proof:GENERATED]
       r=0.030  T_new=0.00 F_new=0.00 F_rare=0.48 U=0 Q=0.26 Q_l=0.26 Q_g=1.00 dl=4 dg=0
       Value: 0x00000007 -> 0x00000002
       Original: AddI [major=0, minor=7]
       Mutated:  Xor [major=0, minor=2]
       zkVM errors (1 lines):
         • [prover_impl.rs:280] verify segment (internal proof verification failed)
       Local constraints hit (4 unique):
         - MemoryWrite@mem.zir:99
           cycle=18631, step=1982, pc=0x002184D0, major=0, minor=2
         - VerifyOpcodeF3F7@inst.zir:102
           cycle=18631, step=1982, pc=0x002184D0, major=0, minor=2
         - VerifyOpcodeF3F7@inst.zir:103
           cycle=18631, step=1982, pc=0x002184D0, major=0, minor=2
         - VerifyOpcodeF3F7@inst.zir:104
           cycle=18631, step=1982, pc=0x002184D0, major=0, minor=2
       Global: no permutation/lookup violations (local-only)
  [477] ✓ STORE_OUT_MOD @ step 2278: 2 failures, 2943ms, outcome: REJECTED, exit: 101 [proof:GENERATED] G=memory
       r=0.104  T_new=0.00 F_new=0.39 F_rare=0.61 U=0 Q=0.43 Q_l=0.51 Q_g=0.85 dl=2 dg=1
       Value: 0x00000000 -> 0x4A6DD7A6
       Store address: 0x00200338
       zkVM errors (1 lines):
         • [prover_impl.rs:280] verify segment (internal proof verification failed)
       Local constraints hit (2 unique):
         - MemoryWrite@mem.zir:100
           cycle=18932, step=2278, pc=0x00203434, major=6, minor=2
         - MemoryWrite@mem.zir:99
           cycle=18932, step=2278, pc=0x00203434, major=6, minor=2
       Global: memory permutation violated
         0x00200338 (data): wrote 0x4a6dd7a6, expected 0x00000000 (cycle 37865)
  [478] ✓ INSTR_TYPE_MOD @ step 2722: 5 failures, 2986ms, outcome: REJECTED, exit: 101 [proof:GENERATED] [+36 touch] G=memory|cycle
       r=0.040  T_new=0.64 F_new=1.00 F_rare=1.00 U=0 Q=0.06 Q_l=0.19 Q_g=0.31 dl=5 dg=7
       Value: 0x00050002 -> 0x00060005
       Original: Lw [major=5, minor=2]
       Mutated:  Unknown(6,5) [major=6, minor=5] ⚠INVALID
       zkVM errors (3 lines):
         • [prover_impl.rs:280] verify segment (internal proof verification failed)
         • [ffi.cpp:113] address mismatch at cycle 19450: preflight=0x000800e6, actual=0x3fffc038
         • [kernels/cxx/ffi.cpp:208] SKIP THROW: memory peek not in preflight
       Local constraints hit (5 unique):
         - IllegalStoreOp@inst_mem.zir:45
           cycle=19450, step=2722, pc=0x00201694, major=6, minor=5
         - IsRead@mem.zir:79
           cycle=19450, step=2722, pc=0x00201694, major=6, minor=5
         - IsRead@mem.zir:80
           cycle=19450, step=2722, pc=0x00201694, major=6, minor=5
         - MemoryWrite@mem.zir:100
           cycle=19450, step=2722, pc=0x00201694, major=6, minor=5
         - MemoryWrite@mem.zir:99
           cycle=19450, step=2722, pc=0x00201694, major=6, minor=5
       Global: memory permutation violated
         0x00200390 (data): expected write missing, needed 0x00100293 (cycle 7138)
         0x00200398 (data): unexpected write 0x00000000 (cycle 38883)
         x17/a7: unexpected write 0x98eaebaf (cycle 38848)
         x24/s8: expected write missing, needed 0x00000000 (cycle 38883)
       Global: cycle lookup violated (3 indices broken)
         index 51: 20 provides, 1 uses (imbalanced)
         index 52: 18 provides, 1 uses (imbalanced)
         index 31762: 1 provides, 1 uses (imbalanced)
  [479] ✓ INSTR_TYPE_MOD @ step 1526: 46 failures, 2954ms, outcome: REJECTED, exit: 101 [proof:GENERATED] G=memory
       r=0.002  T_new=0.00 F_new=0.99 F_rare=1.00 U=0 Q=0.00 Q_l=0.05 Q_g=0.19 dl=9 dg=10
       Value: 0x00010006 -> 0x00020003
       Original: Bne [major=1, minor=6]
       Mutated:  Jal [major=2, minor=3]
       zkVM errors (3 lines):
         • [prover_impl.rs:280] verify segment (internal proof verification failed)
         • [ffi.cpp:113] address mismatch at cycle 18170: preflight=0x3fffc060, actual=0x3fffc03c
         • [kernels/cxx/ffi.cpp:208] SKIP THROW: memory peek not in preflight
       Local constraints hit (4 unique):
         - DecodeInst@inst.zir:29 (x41)
           cycle=18171, step=1527, pc=0x002184CC, major=0, minor=7
         - MemoryWrite@mem.zir:100 (x2)
           cycle=18170, step=1526, pc=0x002184C8, major=2, minor=3
         - MemoryWrite@mem.zir:99 (x2)
           cycle=18170, step=1526, pc=0x002184C8, major=2, minor=3
         - VerifyOpcode@inst.zir:91
           cycle=18170, step=1526, pc=0x002184C8, major=2, minor=3
       Global: memory permutation violated (20 addrs: 1 register, 18 code, 1 data)
         x28/t3: expected write missing, needed 0x00000000 (cycle 36335)
         0xFFFF0180 (data): unexpected write 0x00000000 (cycle 36335)
         + 18 code addresses diverged (instruction fetch cascade)
  [480] ✓ INSTR_TYPE_MOD @ step 252: 4 failures, 2907ms, outcome: REJECTED, exit: 101 [proof:GENERATED]
       r=0.032  T_new=0.00 F_new=0.00 F_rare=0.43 U=0 Q=0.26 Q_l=0.26 Q_g=1.00 dl=4 dg=0
       Value: 0x00000007 -> 0x00030005
       Original: AddI [major=0, minor=7]
       Mutated:  MulHU [major=3, minor=5]
       zkVM errors (1 lines):
         • [prover_impl.rs:280] verify segment (internal proof verification failed)
       Local constraints hit (4 unique):
         - MemoryWrite@mem.zir:99
           cycle=16831, step=252, pc=0x0020319C, major=3, minor=5
         - VerifyOpcodeF3F7@inst.zir:102
           cycle=16831, step=252, pc=0x0020319C, major=3, minor=5
         - VerifyOpcodeF3F7@inst.zir:103
           cycle=16831, step=252, pc=0x0020319C, major=3, minor=5
         - VerifyOpcodeF3F7@inst.zir:104
           cycle=16831, step=252, pc=0x0020319C, major=3, minor=5
       Global: no permutation/lookup violations (local-only)
  [481] ✓ INSTR_TYPE_MOD @ step 3488: 5 failures, 2985ms, outcome: REJECTED, exit: 101 [proof:GENERATED] G=memory|cycle
       r=0.035  T_new=0.00 F_new=0.78 F_rare=1.00 U=0 Q=0.08 Q_l=0.19 Q_g=0.43 dl=5 dg=5
       Value: 0x00000004 -> 0x00060000
       Original: And [major=0, minor=4]
       Mutated:  Sb [major=6, minor=0]
       zkVM errors (3 lines):
         • [prover_impl.rs:280] verify segment (internal proof verification failed)
         • [ffi.cpp:113] address mismatch at cycle 20290: preflight=0x3fffc02b, actual=0x00000002
         • [kernels/cxx/ffi.cpp:208] SKIP THROW: memory peek not in preflight
       Local constraints hit (5 unique):
         - AddrDecomposeBits@u32.zir:87
           cycle=20290, step=3488, pc=0x00205E18, major=6, minor=0
         - MemoryWrite@mem.zir:100
           cycle=20290, step=3488, pc=0x00205E18, major=6, minor=0
         - MemoryWrite@mem.zir:99
           cycle=20290, step=3488, pc=0x00205E18, major=6, minor=0
         - VerifyOpcodeF3@inst.zir:96
           cycle=20290, step=3488, pc=0x00205E18, major=6, minor=0
         - VerifyOpcodeF3@inst.zir:97
           cycle=20290, step=3488, pc=0x00205E18, major=6, minor=0
       Global: memory permutation violated
         0x00000008 (data): expected write missing, needed 0x00c585b3 (cycle 40056)
         x11/a1: unexpected write 0x00000002 (cycle 40580)
       Global: cycle lookup violated (3 indices broken)
         index 0: 2254 provides, 1 uses (imbalanced)
         index 524: 1 provides, 1 uses (imbalanced)
         index 2013265920: orphan provide (1 entries, no matching use)
  [482] ✓ INSTR_TYPE_MOD @ step 1830: 5 failures, 2928ms, outcome: REJECTED, exit: 101 [proof:GENERATED]
       r=0.029  T_new=0.00 F_new=0.00 F_rare=0.56 U=0 Q=0.19 Q_l=0.19 Q_g=1.00 dl=5 dg=0
       Value: 0x00020005 -> 0x00030005
       Original: Lui [major=2, minor=5]
       Mutated:  MulHU [major=3, minor=5]
       zkVM errors (1 lines):
         • [prover_impl.rs:280] verify segment (internal proof verification failed)
       Local constraints hit (5 unique):
         - MemoryWrite@mem.zir:100
           cycle=18474, step=1830, pc=0x00205FD8, major=3, minor=5
         - MemoryWrite@mem.zir:99
           cycle=18474, step=1830, pc=0x00205FD8, major=3, minor=5
         - VerifyOpcodeF3F7@inst.zir:102
           cycle=18474, step=1830, pc=0x00205FD8, major=3, minor=5
         - VerifyOpcodeF3F7@inst.zir:103
           cycle=18474, step=1830, pc=0x00205FD8, major=3, minor=5
         - VerifyOpcodeF3F7@inst.zir:104
           cycle=18474, step=1830, pc=0x00205FD8, major=3, minor=5
       Global: no permutation/lookup violations (local-only)
  [483] ✓ INSTR_WORD_MOD_FULL @ step 2777: 0 failures, 2946ms, outcome: REJECTED, exit: 101 [proof:GENERATED] G=memory[GO]
       r=0.255  T_new=0.00 F_new=0.78 F_rare=1.00 U=0 Q=0.61 Q_l=1.00 Q_g=0.61 dl=0 dg=3
       Value: 0x00C52503 -> 0x10C52503
       Original: LW x10, 12(x10)
       Mutated:  LW x10, 268(x10)
       zkVM errors (3 lines):
         • [prover_impl.rs:280] verify segment (internal proof verification failed)
         • [ffi.cpp:113] address mismatch at cycle 19505: preflight=0x000800c4, actual=0x00080104
         • [kernels/cxx/ffi.cpp:208] SKIP THROW: memory peek not in preflight
       Global: memory permutation violated [GLOBAL-ONLY]
         0x00200310 (data): unexpected write 0x98eaebaf (cycle 38941)
         0x00200410 (data): expected write missing, needed 0x98eaebaf (cycle 38941)
         0x00203818 (code): wrote 0x00c52503, expected 0x10c52503 (cycle 11246)
  [484] ✓ PRE_EXEC_REG_MOD @ step 1182: 1 failures, 2928ms, outcome: REJECTED, exit: 101 [proof:GENERATED] G=memory
       r=0.235  T_new=0.00 F_new=0.63 F_rare=1.00 U=0 Q=0.61 Q_l=0.72 Q_g=0.85 dl=1 dg=1
       Value: 0x00000000 -> 0x00002000
       Register: x0 (zero), READ, strategy=next_read
       zkVM errors (1 lines):
         • [prover_impl.rs:280] verify segment (internal proof verification failed)
       Local constraints hit (1 unique):
         - IsRead@mem.zir:79
           cycle=17826, step=1182, pc=0x00208CD8, major=2, minor=6
       Global: memory permutation violated
         x0/zero: wrote 0x00002000, expected 0x00000000 (cycle 35652)
  [485] ✓ PRE_EXEC_REG_MOD @ step 441: 2 failures, 2969ms, outcome: REJECTED, exit: 101 [proof:GENERATED] G=memory
       r=0.112  T_new=0.00 F_new=0.39 F_rare=0.69 U=0 Q=0.43 Q_l=0.51 Q_g=0.85 dl=2 dg=1
       Value: 0x0021A0C8 -> 0x0021A4C8
       Register: x12 (a2), READ, strategy=next_read
       zkVM errors (1 lines):
         • [prover_impl.rs:280] verify segment (internal proof verification failed)
       Local constraints hit (2 unique):
         - IsRead@mem.zir:79
           cycle=17032, step=441, pc=0xC000013C, major=5, minor=2
         - MemoryWrite@mem.zir:99
           cycle=17032, step=441, pc=0xC000013C, major=5, minor=2
       Global: memory permutation violated
         x12/a2: wrote 0x0021a4c8, expected 0x0021a0c8 (cycle 34064)
  [486] ✓ PRE_EXEC_REG_MOD @ step 2562: 1 failures, 2924ms, outcome: REJECTED, exit: 101 [proof:GENERATED] G=memory
       r=0.235  T_new=0.00 F_new=0.63 F_rare=1.00 U=0 Q=0.61 Q_l=0.72 Q_g=0.85 dl=1 dg=1
       Value: 0x00000020 -> 0x00000004
       Register: x16 (a6), READ, strategy=next_read
       zkVM errors (1 lines):
         • [prover_impl.rs:280] verify segment (internal proof verification failed)
       Local constraints hit (1 unique):
         - IsRead@mem.zir:79
           cycle=19290, step=2562, pc=0x002014F4, major=3, minor=1
       Global: memory permutation violated
         x16/a6: wrote 0x00000004, expected 0x00000020 (cycle 38580)
  [487] ✓ PRE_EXEC_REG_MOD @ step 0: 10 failures, 2935ms, outcome: REJECTED, exit: 101 [proof:GENERATED] G=memory
       r=0.087  T_new=0.00 F_new=0.39 F_rare=0.79 U=0 Q=0.31 Q_l=0.37 Q_g=0.85 dl=3 dg=1
       Value: 0x00000000 -> 0x866BBA45
       Register: x25 (s9), READ, strategy=next_read
       zkVM errors (2 lines):
         • [prover_impl.rs:280] verify segment (internal proof verification failed)
         • [kernels/cxx/buffers.h:43] SKIP THROW: Inconsistent set
       Local constraints hit (3 unique):
         - IsRead@mem.zir:79
           cycle=15997, step=0, pc=0x00000000, major=9, minor=2
         - IsRead@mem.zir:80
           cycle=15997, step=0, pc=0x00000000, major=9, minor=2
         - PoseidonCheckOut@inst_p2.zir:265 (x8)
           cycle=16247, step=0, pc=0x00000000, major=9, minor=5
       Global: memory permutation violated
         x25/s9: wrote 0x866bba45, expected 0x00000000 (cycle 31994)
  [488] ✓ PRE_EXEC_REG_MOD @ step 3469: 2 failures, 2938ms, outcome: REJECTED, exit: 101 [proof:GENERATED] G=memory
       r=0.118  T_new=0.00 F_new=0.39 F_rare=0.75 U=0 Q=0.43 Q_l=0.51 Q_g=0.85 dl=2 dg=1
       Value: 0x00000000 -> 0xDFFF6CFF
       Register: x0 (zero), READ, strategy=next_read
       zkVM errors (1 lines):
         • [prover_impl.rs:280] verify segment (internal proof verification failed)
       Local constraints hit (2 unique):
         - IsRead@mem.zir:79
           cycle=20271, step=3469, pc=0x00205384, major=2, minor=4
         - IsRead@mem.zir:80
           cycle=20271, step=3469, pc=0x00205384, major=2, minor=4
       Global: memory permutation violated
         x0/zero: wrote 0xdfff6cff, expected 0x00000000 (cycle 40542)
  [489] ✓ INSTR_TYPE_MOD @ step 1141: 3 failures, 2942ms, outcome: REJECTED, exit: 101 [proof:GENERATED] G=memory
       r=0.102  T_new=0.00 F_new=0.63 F_rare=1.00 U=0 Q=0.26 Q_l=0.37 Q_g=0.72 dl=3 dg=2
       Value: 0x00000007 -> 0x00050000
       Original: AddI [major=0, minor=7]
       Mutated:  Lb [major=5, minor=0]
       zkVM errors (3 lines):
         • [prover_impl.rs:280] verify segment (internal proof verification failed)
         • [ffi.cpp:113] address mismatch at cycle 17785: preflight=0x3fffc030, actual=0x000800f4
         • [kernels/cxx/ffi.cpp:208] SKIP THROW: memory peek not in preflight
       Local constraints hit (3 unique):
         - MemoryWrite@mem.zir:100
           cycle=17785, step=1141, pc=0x0020B950, major=5, minor=0
         - MemoryWrite@mem.zir:99
           cycle=17785, step=1141, pc=0x0020B950, major=5, minor=0
         - VerifyOpcodeF3@inst.zir:96
           cycle=17785, step=1141, pc=0x0020B950, major=5, minor=0
       Global: memory permutation violated
         0x002003D0 (data): expected write missing, needed 0x00000000 (cycle 35542)
         x16/a6: unexpected write 0x00000000 (cycle 35542)
  [490] ✓ INSTR_TYPE_MOD @ step 1872: 3 failures, 2923ms, outcome: REJECTED, exit: 101 [proof:GENERATED] G=memory
       r=0.106  T_new=0.00 F_new=0.63 F_rare=1.00 U=0 Q=0.26 Q_l=0.37 Q_g=0.72 dl=3 dg=2
       Value: 0x00050002 -> 0x00000005
       Original: Lw [major=5, minor=2]
       Mutated:  Slt [major=0, minor=5]
       zkVM errors (3 lines):
         • [prover_impl.rs:280] verify segment (internal proof verification failed)
         • [ffi.cpp:113] address mismatch at cycle 18521: preflight=0x00080021, actual=0x3fffc024
         • [kernels/cxx/ffi.cpp:208] SKIP THROW: memory peek not in preflight
       Local constraints hit (3 unique):
         - MemoryWrite@mem.zir:100
           cycle=18521, step=1872, pc=0x002097CC, major=0, minor=5
         - MemoryWrite@mem.zir:99
           cycle=18521, step=1872, pc=0x002097CC, major=0, minor=5
         - VerifyOpcodeF3F7@inst.zir:102
           cycle=18521, step=1872, pc=0x002097CC, major=0, minor=5
       Global: memory permutation violated
         0x00200084 (data): unexpected write 0x0022133c (cycle 36629)
         x4/tp: expected write missing, needed 0x0022133c (cycle 36629)
  [491] ✓ INSTR_TYPE_MOD @ step 2629: 45 failures, 2935ms, outcome: REJECTED, exit: 101 [proof:GENERATED] G=memory
       r=0.001  T_new=0.00 F_new=0.99 F_rare=1.00 U=0 Q=0.00 Q_l=0.02 Q_g=0.19 dl=12 dg=10
       Value: 0x00010004 -> 0x00010006
       Original: SltIU [major=1, minor=4]
       Mutated:  Bne [major=1, minor=6]
       zkVM errors (3 lines):
         • [prover_impl.rs:280] verify segment (internal proof verification failed)
         • [ffi.cpp:113] address mismatch at cycle 19357: preflight=0x3fffc02e, actual=0x3fffc060
         • [kernels/cxx/ffi.cpp:208] SKIP THROW: memory peek not in preflight
       Local constraints hit (4 unique):
         - DecodeInst@inst.zir:29 (x42)
           cycle=19358, step=2630, pc=0x00203304, major=0, minor=3
         - MemoryWrite@mem.zir:99
           cycle=19399, step=2671, pc=0x0020530C, major=2, minor=4
         - VerifyOpcodeF3@inst.zir:96
           cycle=19357, step=2629, pc=0x00203300, major=1, minor=6
         - VerifyOpcodeF3@inst.zir:97
           cycle=19357, step=2629, pc=0x00203300, major=1, minor=6
       Global: memory permutation violated (40 addrs: 1 register, 38 code, 1 data)
         x14/a4: unexpected write 0x30000000 (cycle 38652)
         0xFFFF0180 (data): expected write missing, needed 0x30000000 (cycle 38652)
         + 38 code addresses diverged (instruction fetch cascade)
  [492] ✓ INSTR_TYPE_MOD @ step 912: 5 failures, 2935ms, outcome: REJECTED, exit: 101 [proof:GENERATED] G=memory
       r=0.052  T_new=0.00 F_new=0.63 F_rare=1.00 U=0 Q=0.14 Q_l=0.19 Q_g=0.72 dl=5 dg=2
       Value: 0x00050002 -> 0x00000002
       Original: Lw [major=5, minor=2]
       Mutated:  Xor [major=0, minor=2]
       zkVM errors (3 lines):
         • [prover_impl.rs:280] verify segment (internal proof verification failed)
         • [ffi.cpp:113] address mismatch at cycle 17539: preflight=0x3fffc02b, actual=0x3fffc00c
         • [kernels/cxx/ffi.cpp:208] SKIP THROW: memory peek not in preflight
       Local constraints hit (5 unique):
         - MemoryWrite@mem.zir:100
           cycle=17539, step=912, pc=0xC0000144, major=0, minor=2
         - MemoryWrite@mem.zir:99
           cycle=17539, step=912, pc=0xC0000144, major=0, minor=2
         - VerifyOpcodeF3F7@inst.zir:102
           cycle=17539, step=912, pc=0xC0000144, major=0, minor=2
         - VerifyOpcodeF3F7@inst.zir:103
           cycle=17539, step=912, pc=0xC0000144, major=0, minor=2
         - VerifyOpcodeF3F7@inst.zir:104
           cycle=17539, step=912, pc=0xC0000144, major=0, minor=2
       Global: memory permutation violated
         0xFFFF0030 (data): expected write missing, needed 0x00000001 (cycle 35053)
         x11/a1: unexpected write 0x00000001 (cycle 35053)
  [493] ✓ PRE_EXEC_REG_MOD @ step 3341: 4 failures, 2954ms, outcome: REJECTED, exit: 101 [proof:GENERATED] G=memory
       r=0.056  T_new=0.00 F_new=0.39 F_rare=0.67 U=0 Q=0.22 Q_l=0.26 Q_g=0.85 dl=4 dg=1
       Value: 0x0022158C -> 0x7D723374
       Register: x13 (a3), READ, strategy=next_read
       zkVM errors (1 lines):
         • [prover_impl.rs:280] verify segment (internal proof verification failed)
       Local constraints hit (4 unique):
         - IsRead@mem.zir:79
           cycle=20143, step=3341, pc=0x00203444, major=0, minor=7
         - IsRead@mem.zir:80
           cycle=20143, step=3341, pc=0x00203444, major=0, minor=7
         - MemoryWrite@mem.zir:100
           cycle=20143, step=3341, pc=0x00203444, major=0, minor=7
         - MemoryWrite@mem.zir:99
           cycle=20143, step=3341, pc=0x00203444, major=0, minor=7
       Global: memory permutation violated
         x13/a3: wrote 0x7d723374, expected 0x0022158c (cycle 40286)
  [494] ✓ INSTR_TYPE_MOD @ step 2704: 2 failures, 2909ms, outcome: REJECTED, exit: 101 [proof:GENERATED]
       r=0.107  T_new=0.00 F_new=0.00 F_rare=0.71 U=0 Q=0.51 Q_l=0.51 Q_g=1.00 dl=2 dg=0
       Value: 0x00060002 -> 0x0006000D
       Original: Sw [major=6, minor=2]
       Mutated:  Unknown(6,13) [major=6, minor=13] ⚠INVALID
       zkVM errors (1 lines):
         • [prover_impl.rs:280] verify segment (internal proof verification failed)
       Local constraints hit (2 unique):
         - OneHot@one_hot.zir:11
           cycle=19432, step=2704, pc=0x0020163C, major=6, minor=13
         - OneHot@one_hot.zir:9
           cycle=19432, step=2704, pc=0x0020163C, major=6, minor=13
       Global: no permutation/lookup violations (local-only)
  [495] ✓ MEM_VAL_MOD @ step 3029: 1 failures, 2960ms, outcome: REJECTED, exit: 101 [proof:GENERATED] G=memory
       r=0.170  T_new=0.00 F_new=0.39 F_rare=0.79 U=0 Q=0.61 Q_l=0.72 Q_g=0.85 dl=1 dg=1
       Value: 0x00000000 -> 0x10000000
       Transaction: other_mem_write (WRITE) at address 0xffff0180
       zkVM errors (1 lines):
         • [prover_impl.rs:280] verify segment (internal proof verification failed)
       Local constraints hit (1 unique):
         - MemoryWrite@mem.zir:100
           cycle=19757, step=3029, pc=0x00203470, major=1, minor=5
       Global: memory permutation violated
         0xFFFF0180 (data): wrote 0x10000000, expected 0x00000000 (cycle 39515)
  [496] ✓ INSTR_TYPE_MOD @ step 1858: 1 failures, 2948ms, outcome: REJECTED, exit: 101 [proof:GENERATED]
       r=0.066  T_new=0.00 F_new=0.00 F_rare=0.38 U=0 Q=0.72 Q_l=0.72 Q_g=1.00 dl=1 dg=0
       Value: 0x00050002 -> 0x00050003
       Original: Lw [major=5, minor=2]
       Mutated:  LbU [major=5, minor=3]
       zkVM errors (1 lines):
         • [prover_impl.rs:280] verify segment (internal proof verification failed)
       Local constraints hit (1 unique):
         - VerifyOpcodeF3@inst.zir:97
           cycle=18507, step=1858, pc=0x00206008, major=5, minor=3
       Global: no permutation/lookup violations (local-only)
  [497] ✓ INSTR_TYPE_MOD @ step 3928: 2 failures, 2935ms, outcome: REJECTED, exit: 101 [proof:GENERATED] G=memory
       r=0.054  T_new=0.00 F_new=0.00 F_rare=0.60 U=0 Q=0.37 Q_l=0.51 Q_g=0.72 dl=2 dg=2
       Value: 0x00000007 -> 0x00010006
       Original: AddI [major=0, minor=7]
       Mutated:  Bne [major=1, minor=6]
       zkVM errors (3 lines):
         • [prover_impl.rs:280] verify segment (internal proof verification failed)
         • [ffi.cpp:113] address mismatch at cycle 20878: preflight=0x3fffc011, actual=0x3fffc040
         • [kernels/cxx/ffi.cpp:208] SKIP THROW: memory peek not in preflight
       Local constraints hit (2 unique):
         - VerifyOpcodeF3@inst.zir:96
           cycle=20878, step=3928, pc=0xC00000F8, major=1, minor=6
         - VerifyOpcodeF3@inst.zir:97
           cycle=20878, step=3928, pc=0xC00000F8, major=1, minor=6
       Global: memory permutation violated
         0xFFFF0044 (data): unexpected write 0x00000004 (cycle 41362)
         0xFFFF0100 (data): expected write missing, needed 0x00000004 (cycle 41362)
  [498] ✓ COMP_OUT_MOD @ step 3570: 2 failures, 2950ms, outcome: REJECTED, exit: 101 [proof:GENERATED] G=memory
       r=0.104  T_new=0.00 F_new=0.39 F_rare=0.61 U=0 Q=0.43 Q_l=0.51 Q_g=0.85 dl=2 dg=1
       Value: 0x00205458 -> 0xFFDFABA8
       Destination: rd = x1 (ra)
       zkVM errors (1 lines):
         • [prover_impl.rs:280] verify segment (internal proof verification failed)
       Local constraints hit (2 unique):
         - MemoryWrite@mem.zir:100
           cycle=20446, step=3570, pc=0x0020545C, major=2, minor=6
         - MemoryWrite@mem.zir:99
           cycle=20446, step=3570, pc=0x0020545C, major=2, minor=6
       Global: memory permutation violated
         x1/ra: wrote 0xffdfaba8, expected 0x00205458 (cycle 40893)
  [499] ✓ INSTR_TYPE_MOD @ step 1456: 3 failures, 2957ms, outcome: REJECTED, exit: 101 [proof:GENERATED] G=memory
       r=0.102  T_new=0.00 F_new=0.63 F_rare=1.00 U=0 Q=0.26 Q_l=0.37 Q_g=0.72 dl=3 dg=2
       Value: 0x00010006 -> 0x00000004
       Original: Bne [major=1, minor=6]
       Mutated:  And [major=0, minor=4]
       zkVM errors (3 lines):
         • [prover_impl.rs:280] verify segment (internal proof verification failed)
         • [ffi.cpp:113] address mismatch at cycle 18100: preflight=0x3fffc060, actual=0x3fffc03c
         • [kernels/cxx/ffi.cpp:208] SKIP THROW: memory peek not in preflight
       Local constraints hit (3 unique):
         - MemoryWrite@mem.zir:99
           cycle=18100, step=1456, pc=0x002184C8, major=0, minor=4
         - VerifyOpcodeF3F7@inst.zir:102
           cycle=18100, step=1456, pc=0x002184C8, major=0, minor=4
         - VerifyOpcodeF3F7@inst.zir:103
           cycle=18100, step=1456, pc=0x002184C8, major=0, minor=4
       Global: memory permutation violated
         x28/t3: expected write missing, needed 0x00000000 (cycle 36195)
         0xFFFF0180 (data): unexpected write 0x00000000 (cycle 36195)
  [500] ✓ LOAD_VAL_MOD @ step 783: 2 failures, 2951ms, outcome: REJECTED, exit: 101 [proof:GENERATED] G=memory
       r=0.107  T_new=0.00 F_new=0.39 F_rare=0.64 U=0 Q=0.43 Q_l=0.51 Q_g=0.85 dl=2 dg=1
       Value: 0x80000007 -> 0x00002000
       Load destination: rd = x10 (a0)
       zkVM errors (1 lines):
         • [prover_impl.rs:280] verify segment (internal proof verification failed)
       Local constraints hit (2 unique):
         - MemoryWrite@mem.zir:100
           cycle=17404, step=783, pc=0x002009B8, major=5, minor=2
         - MemoryWrite@mem.zir:99
           cycle=17404, step=783, pc=0x002009B8, major=5, minor=2
       Global: memory permutation violated
         x10/a0: wrote 0x00002000, expected 0x80000007 (cycle 34809)

============================================================
Campaign Summary
============================================================
Total mutations:     500
Successful (caused failures): 496
Skipped (no valid target):    0
Total failures:      2275
Unique constraints:  34
New coverage:        34
New touch:           3360
Distinct touched:    3360

Global Constraint Summary:
  Mutations with global violations: 363
  Global-only (no local failures):  15
  Local-only (no global violations):134
Execution time:      1484229ms

Outcome breakdown:
  REJECTED (mutation detected): 496
  CRASH (segfault, etc.):       4
  NO_EFFECT:                    0
  ACCEPTED (BUG!):              0 
  SKIPPED:                      0

Mutations by kind:
  COMP_OUT_MOD: 16
  INSTR_TYPE_MOD: 367
  INSTR_WORD_MOD_FULL: 11
  INSTR_WORD_MOD_SUR: 9
  LOAD_VAL_MOD: 13
  MEM_VAL_MOD: 35
  PRE_EXEC_REG_MOD: 38
  STORE_OUT_MOD: 11
[run_campaign_pos] campaign rc=0
[run_campaign_pos] EXIT trap firing, rc=0
