variant,seed,mutation_id,kind,step,iter_seed,local_failures,global_failures
V6_uniform,1234,2,INSTR_WORD_MOD,70,1234000002,0,0
V6_uniform,1234,75,POST_EXEC_PC_MOD,3756,1234000075,0,0
V6_uniform,1234,107,INSTR_WORD_MOD,2507,1234000107,0,0
V6_uniform,1234,131,POST_EXEC_PC_MOD,3497,1234000131,0,0
V6_uniform,1234,156,POST_EXEC_PC_MOD,2341,1234000156,0,0
V6_uniform,1234,211,INSTR_WORD_MOD,1879,1234000211,0,0
V6_uniform,1234,270,POST_EXEC_PC_MOD,2342,1234000270,0,0
V6_uniform,1234,303,INSTR_WORD_MOD,3415,1234000303,0,0
V6_uniform,1234,322,POST_EXEC_PC_MOD,625,1234000322,0,0
V6_uniform,1234,346,POST_EXEC_PC_MOD,1282,1234000346,0,0
V6_uniform,1234,350,INSTR_WORD_MOD,3384,1234000350,0,0
V6_uniform,1234,391,POST_EXEC_PC_MOD,3494,1234000391,0,0
V6_uniform,1234,407,POST_EXEC_PC_MOD,1056,1234000407,0,0
V6_uniform,1234,461,POST_EXEC_PC_MOD,3371,1234000461,0,0
V6_uniform,1234,492,POST_EXEC_PC_MOD,2382,1234000492,0,0
V6_uniform,1234,588,INSTR_WORD_MOD,1002,1234000588,0,0
V6_uniform,1234,628,INSTR_WORD_MOD,2694,1234000628,0,0
V6_uniform,1234,648,INSTR_WORD_MOD,2920,1234000648,0,0
V6_uniform,1234,667,POST_EXEC_PC_MOD,74,1234000667,0,0
V6_uniform,1234,674,INSTR_WORD_MOD,1288,1234000674,0,0
V6_uniform,1234,701,INSTR_WORD_MOD,1112,1234000701,0,0
V6_uniform,1234,762,POST_EXEC_PC_MOD,3725,1234000762,0,0
V6_uniform,1234,771,INSTR_WORD_MOD,457,1234000771,0,0
V6_uniform,1234,922,POST_EXEC_PC_MOD,372,1234000922,0,0
V6_uniform,1234,942,POST_EXEC_PC_MOD,922,1234000942,0,0
V6_uniform,1234,1047,POST_EXEC_PC_MOD,210,1234001047,0,0
V6_uniform,1234,1098,POST_EXEC_PC_MOD,324,1234001098,0,0
V6_uniform,1234,1189,INSTR_WORD_MOD,1179,1234001189,0,0
V6_uniform,1234,1218,POST_EXEC_PC_MOD,1590,1234001218,0,0
V6_uniform,1234,1223,INSTR_WORD_MOD,3020,1234001223,0,0
V6_uniform,1234,1260,POST_EXEC_PC_MOD,3071,1234001260,0,0
V6_uniform,1234,1315,INSTR_WORD_MOD,946,1234001315,0,0
V6_uniform,1234,1338,POST_EXEC_PC_MOD,3496,1234001338,0,0
V6_uniform,1234,1340,INSTR_WORD_MOD,1811,1234001340,0,0
V6_uniform,1234,1377,POST_EXEC_PC_MOD,1874,1234001377,0,0
V6_uniform,1234,1387,INSTR_WORD_MOD,1179,1234001387,0,0
V6_uniform,1234,1466,POST_EXEC_PC_MOD,2401,1234001466,0,0
V6_uniform,1234,1471,INSTR_WORD_MOD,922,1234001471,0,0
V6_uniform,1234,1493,POST_EXEC_PC_MOD,248,1234001493,0,0
V6_uniform,1234,1512,INSTR_WORD_MOD,3449,1234001512,0,0
V6_uniform,1234,1532,POST_EXEC_PC_MOD,2074,1234001532,0,0
V6_uniform,1234,1546,POST_EXEC_PC_MOD,2656,1234001546,0,0
V6_uniform,1234,1572,POST_EXEC_PC_MOD,3122,1234001572,0,0
V6_uniform,1234,1590,INSTR_WORD_MOD,1179,1234001590,0,0
V6_uniform,1234,1600,POST_EXEC_PC_MOD,450,1234001600,0,0
V6_uniform,1234,1634,POST_EXEC_PC_MOD,2335,1234001634,0,0
V6_uniform,1234,1663,INSTR_WORD_MOD,731,1234001663,0,0
V6_uniform,1234,1705,POST_EXEC_PC_MOD,3714,1234001705,0,0
V6_uniform,1234,1737,INSTR_WORD_MOD,619,1234001737,0,0
V6_uniform,1234,1787,POST_EXEC_PC_MOD,1389,1234001787,0,0
V6_uniform,1234,1798,POST_EXEC_PC_MOD,1179,1234001798,0,0
V6_uniform,1234,1801,POST_EXEC_PC_MOD,318,1234001801,0,0
V6_uniform,1234,1831,INSTR_WORD_MOD,354,1234001831,0,0
V6_uniform,1234,1842,POST_EXEC_PC_MOD,721,1234001842,0,0
V6_uniform,1234,1888,POST_EXEC_PC_MOD,1739,1234001888,0,0
V6_uniform,1234,1904,POST_EXEC_PC_MOD,33,1234001904,0,0
V6_uniform,1234,1996,POST_EXEC_PC_MOD,2483,1234001996,0,0
V6_uniform,1234,2008,INSTR_WORD_MOD,2063,1234002008,0,0
V6_uniform,1234,2031,INSTR_WORD_MOD,439,1234002031,0,0
V6_uniform,1234,2048,INSTR_WORD_MOD,613,1234002048,0,0
V6_uniform,1234,2056,POST_EXEC_PC_MOD,30,1234002056,0,0
V6_uniform,1234,2123,INSTR_WORD_MOD,519,1234002123,0,0
V6_uniform,1234,2179,INSTR_WORD_MOD,866,1234002179,0,0
V6_uniform,1234,2183,POST_EXEC_PC_MOD,2301,1234002183,0,0
V6_uniform,1234,2198,POST_EXEC_PC_MOD,2463,1234002198,0,0
V6_uniform,1234,2250,POST_EXEC_PC_MOD,683,1234002250,0,0
V6_uniform,1234,2290,POST_EXEC_PC_MOD,218,1234002290,0,0
V6_uniform,1234,2293,POST_EXEC_PC_MOD,2916,1234002293,0,0
V6_uniform,1234,2330,POST_EXEC_PC_MOD,154,1234002330,0,0
V6_uniform,1234,2416,INSTR_WORD_MOD,3186,1234002416,0,0
V6_uniform,1234,2422,POST_EXEC_PC_MOD,3636,1234002422,0,0
V6_uniform,1234,2448,INSTR_WORD_MOD,2192,1234002448,0,0
V6_uniform,1234,2491,INSTR_WORD_MOD,537,1234002491,0,0
V6_uniform,1234,2512,POST_EXEC_PC_MOD,3538,1234002512,0,0
V6_uniform,1234,2515,POST_EXEC_PC_MOD,2160,1234002515,0,0
V6_uniform,1234,2536,POST_EXEC_PC_MOD,2055,1234002536,0,0
V6_uniform,1234,2577,POST_EXEC_PC_MOD,3846,1234002577,0,0
V6_uniform,1234,2606,POST_EXEC_PC_MOD,3256,1234002606,0,0
V6_uniform,1234,2624,POST_EXEC_PC_MOD,421,1234002624,0,0
V6_uniform,1234,2637,POST_EXEC_PC_MOD,2065,1234002637,0,0
V6_uniform,1234,2638,POST_EXEC_PC_MOD,1388,1234002638,0,0
V6_uniform,1234,2708,POST_EXEC_PC_MOD,2914,1234002708,0,0
V6_uniform,1234,2712,INSTR_WORD_MOD,596,1234002712,0,0
V6_uniform,1234,2793,POST_EXEC_PC_MOD,3121,1234002793,0,0
V6_uniform,1234,2804,INSTR_WORD_MOD,1179,1234002804,0,0
V6_uniform,1234,2810,POST_EXEC_PC_MOD,3414,1234002810,0,0
V6_uniform,1234,2839,POST_EXEC_PC_MOD,3656,1234002839,0,0
V6_uniform,1234,2850,INSTR_WORD_MOD,1944,1234002850,0,0
V6_uniform,1234,2996,POST_EXEC_PC_MOD,3640,1234002996,0,0
V6_uniform,1234,3042,POST_EXEC_PC_MOD,2338,1234003042,0,0
V6_uniform,1234,3064,INSTR_WORD_MOD,2081,1234003064,0,0
V6_uniform,1234,3088,POST_EXEC_PC_MOD,1596,1234003088,0,0
V6_uniform,1234,3148,POST_EXEC_PC_MOD,2921,1234003148,0,0
V6_uniform,1234,3162,INSTR_WORD_MOD,2253,1234003162,0,0
V6_uniform,1234,3169,POST_EXEC_PC_MOD,1550,1234003169,0,0
V6_uniform,1234,3204,INSTR_WORD_MOD,2353,1234003204,0,0
V6_uniform,1234,3232,POST_EXEC_PC_MOD,1179,1234003232,0,0
V6_uniform,1234,3266,INSTR_WORD_MOD,2796,1234003266,0,0
V6_uniform,1234,3287,POST_EXEC_PC_MOD,3132,1234003287,0,0
V6_uniform,1234,3324,POST_EXEC_PC_MOD,2914,1234003324,0,0
V6_uniform,1234,3341,POST_EXEC_PC_MOD,441,1234003341,0,0
V6_uniform,1234,3346,POST_EXEC_PC_MOD,3714,1234003346,0,0
V6_uniform,1234,3408,POST_EXEC_PC_MOD,2914,1234003408,0,0
V6_uniform,1234,3423,POST_EXEC_PC_MOD,842,1234003423,0,0
V6_uniform,1234,3432,INSTR_WORD_MOD,536,1234003432,0,0
V6_uniform,1234,3445,INSTR_WORD_MOD,1179,1234003445,0,0
V6_uniform,1234,3481,POST_EXEC_PC_MOD,3781,1234003481,0,0
V6_uniform,1234,3496,INSTR_WORD_MOD,3286,1234003496,0,0
V6_uniform,1234,3510,INSTR_WORD_MOD,3711,1234003510,0,0
V6_uniform,1234,3551,POST_EXEC_PC_MOD,3746,1234003551,0,0
V6_uniform,1234,3559,INSTR_WORD_MOD,1179,1234003559,0,0
V6_uniform,1234,3579,POST_EXEC_PC_MOD,862,1234003579,0,0
V6_uniform,1234,3613,INSTR_WORD_MOD,3902,1234003613,0,0
V6_uniform,1234,3650,POST_EXEC_PC_MOD,536,1234003650,0,0
V6_uniform,1234,3668,POST_EXEC_PC_MOD,3713,1234003668,0,0
V6_uniform,1234,3815,INSTR_WORD_MOD,19,1234003815,0,0
V6_uniform,1234,3868,INSTR_WORD_MOD,276,1234003868,0,0
V6_uniform,1234,3907,POST_EXEC_PC_MOD,1081,1234003907,0,0
V6_uniform,1234,3936,POST_EXEC_PC_MOD,2076,1234003936,0,0
V6_uniform,1234,3981,INSTR_WORD_MOD,1863,1234003981,0,0
V6_uniform,1234,3995,INSTR_WORD_MOD,3219,1234003995,0,0
V6_uniform,1234,4050,INSTR_WORD_MOD,933,1234004050,0,0
V6_uniform,1234,4083,POST_EXEC_PC_MOD,3725,1234004083,0,0
V6_uniform,1234,4106,POST_EXEC_PC_MOD,3788,1234004106,0,0
V6_uniform,1234,4114,INSTR_WORD_MOD,3359,1234004114,0,0
V6_uniform,1234,4123,INSTR_WORD_MOD,2081,1234004123,0,0
V6_uniform,1234,4154,INSTR_WORD_MOD,3810,1234004154,0,0
V6_uniform,1234,4183,POST_EXEC_PC_MOD,3261,1234004183,0,0
V6_uniform,1234,4185,POST_EXEC_PC_MOD,3494,1234004185,0,0
V6_uniform,1234,4211,POST_EXEC_PC_MOD,3714,1234004211,0,0
V6_uniform,1234,4247,POST_EXEC_PC_MOD,2592,1234004247,0,0
V6_uniform,1234,4249,INSTR_WORD_MOD,857,1234004249,0,0
V6_uniform,1234,4288,POST_EXEC_PC_MOD,2341,1234004288,0,0
V6_uniform,1234,4392,POST_EXEC_PC_MOD,3255,1234004392,0,0
V6_uniform,1234,4441,POST_EXEC_PC_MOD,93,1234004441,0,0
V6_uniform,1234,4596,INSTR_WORD_MOD,777,1234004596,0,0
V6_uniform,1234,4675,INSTR_WORD_MOD,439,1234004675,0,0
V6_uniform,1234,4679,POST_EXEC_PC_MOD,3467,1234004679,0,0
V6_uniform,1234,4702,INSTR_WORD_MOD,918,1234004702,0,0
V6_uniform,1234,4705,POST_EXEC_PC_MOD,2018,1234004705,0,0
V6_uniform,1234,4727,POST_EXEC_PC_MOD,1134,1234004727,0,0
V6_uniform,1234,4752,INSTR_WORD_MOD,170,1234004752,0,0
V6_uniform,1234,4819,POST_EXEC_PC_MOD,282,1234004819,0,0
V6_uniform,1234,4832,INSTR_WORD_MOD,3320,1234004832,0,0
V6_uniform,1234,4894,POST_EXEC_PC_MOD,2618,1234004894,0,0
V6_uniform,1234,4901,POST_EXEC_PC_MOD,3725,1234004901,0,0
V6_uniform,1234,4920,POST_EXEC_PC_MOD,2401,1234004920,0,0
V6_uniform,1234,4980,POST_EXEC_PC_MOD,861,1234004980,0,0
V6_uniform,1234,5051,POST_EXEC_PC_MOD,2914,1234005051,0,0
V6_uniform,1234,5100,POST_EXEC_PC_MOD,2382,1234005100,0,0
V6_uniform,1234,5171,INSTR_WORD_MOD,1112,1234005171,0,0
V6_uniform,1234,5188,INSTR_WORD_MOD,1179,1234005188,0,0
V6_uniform,1234,5200,POST_EXEC_PC_MOD,3390,1234005200,0,0
V6_uniform,1234,5202,POST_EXEC_PC_MOD,2696,1234005202,0,0
V6_uniform,1234,5206,POST_EXEC_PC_MOD,7,1234005206,0,0
V6_uniform,1234,5207,INSTR_WORD_MOD,777,1234005207,0,0
V6_uniform,1234,5211,POST_EXEC_PC_MOD,378,1234005211,0,0
V6_uniform,1234,5227,INSTR_WORD_MOD,1179,1234005227,0,0
V6_uniform,1234,5239,POST_EXEC_PC_MOD,2154,1234005239,0,0
V6_uniform,1234,5250,POST_EXEC_PC_MOD,2420,1234005250,0,0
V6_uniform,1234,5264,INSTR_WORD_MOD,2244,1234005264,0,0
V6_uniform,1234,5346,INSTR_WORD_MOD,858,1234005346,0,0
V6_uniform,1234,5351,INSTR_WORD_MOD,762,1234005351,0,0
V6_uniform,1234,5398,INSTR_WORD_MOD,905,1234005398,0,0
V6_uniform,1234,5412,INSTR_WORD_MOD,3186,1234005412,0,0
V6_uniform,1234,5413,INSTR_WORD_MOD,1179,1234005413,0,0
V6_uniform,1234,5495,INSTR_WORD_MOD,1179,1234005495,0,0
V6_uniform,1234,5510,POST_EXEC_PC_MOD,2507,1234005510,0,0
V6_uniform,1234,5598,POST_EXEC_PC_MOD,3759,1234005598,0,0
V6_uniform,1234,5622,POST_EXEC_PC_MOD,2486,1234005622,0,0
V6_uniform,1234,5724,POST_EXEC_PC_MOD,3013,1234005724,0,0
V6_uniform,1234,5806,POST_EXEC_PC_MOD,3495,1234005806,0,0
V6_uniform,1234,5846,INSTR_WORD_MOD,3621,1234005846,0,0
V6_uniform,1234,5893,POST_EXEC_PC_MOD,3646,1234005893,0,0
V6_uniform,1234,5944,POST_EXEC_PC_MOD,3794,1234005944,0,0
V6_uniform,1234,5946,POST_EXEC_PC_MOD,3121,1234005946,0,0
V6_uniform,1234,5951,INSTR_WORD_MOD,1610,1234005951,0,0
V6_uniform,1234,6080,POST_EXEC_PC_MOD,785,1234006080,0,0
V6_uniform,1234,6128,INSTR_WORD_MOD,858,1234006128,0,0
V6_uniform,1234,6151,INSTR_WORD_MOD,699,1234006151,0,0
V6_uniform,1234,6168,POST_EXEC_PC_MOD,3321,1234006168,0,0
V6_uniform,1234,6178,POST_EXEC_PC_MOD,2373,1234006178,0,0
V6_uniform,1234,6185,INSTR_WORD_MOD,3720,1234006185,0,0
V6_uniform,1234,6228,INSTR_WORD_MOD,377,1234006228,0,0
V6_uniform,1234,6259,INSTR_WORD_MOD,3574,1234006259,0,0
V6_uniform,1234,6287,POST_EXEC_PC_MOD,2271,1234006287,0,0
V6_uniform,1234,6319,INSTR_WORD_MOD,175,1234006319,0,0
V6_uniform,1234,6337,INSTR_WORD_MOD,157,1234006337,0,0
V6_uniform,1234,6340,POST_EXEC_PC_MOD,3638,1234006340,0,0
V6_uniform,1234,6345,INSTR_WORD_MOD,699,1234006345,0,0
V6_uniform,1234,6405,POST_EXEC_PC_MOD,3595,1234006405,0,0
V6_uniform,1234,6478,INSTR_WORD_MOD,1861,1234006478,0,0
V6_uniform,1234,6482,POST_EXEC_PC_MOD,3495,1234006482,0,0
V6_uniform,1234,6488,POST_EXEC_PC_MOD,3494,1234006488,0,0
V6_uniform,1234,6572,POST_EXEC_PC_MOD,624,1234006572,0,0
V6_uniform,1234,6689,INSTR_WORD_MOD,1879,1234006689,0,0
V6_uniform,1234,6695,INSTR_WORD_MOD,354,1234006695,0,0
V6_uniform,1234,6719,POST_EXEC_PC_MOD,2594,1234006719,0,0
V6_uniform,1234,6749,INSTR_WORD_MOD,174,1234006749,0,0
V6_uniform,1234,6806,POST_EXEC_PC_MOD,93,1234006806,0,0
V6_uniform,1234,6819,POST_EXEC_PC_MOD,2463,1234006819,0,0
V6_uniform,1234,6843,POST_EXEC_PC_MOD,295,1234006843,0,0
V6_uniform,1234,6908,INSTR_WORD_MOD,3840,1234006908,0,0
V6_uniform,1234,6998,INSTR_WORD_MOD,858,1234006998,0,0
V6_uniform,1234,6999,INSTR_WORD_MOD,1179,1234006999,0,0
V6_uniform,1234,7015,POST_EXEC_PC_MOD,3130,1234007015,0,0
V6_uniform,1234,7035,INSTR_WORD_MOD,1111,1234007035,0,0
V6_uniform,1234,7054,POST_EXEC_PC_MOD,3071,1234007054,0,0
V6_uniform,1234,7123,POST_EXEC_PC_MOD,3508,1234007123,0,0
V6_uniform,1234,7162,INSTR_WORD_MOD,1179,1234007162,0,0
V6_uniform,1234,7239,POST_EXEC_PC_MOD,2527,1234007239,0,0
V6_uniform,1234,7318,POST_EXEC_PC_MOD,2482,1234007318,0,0
V6_uniform,1234,7351,INSTR_WORD_MOD,2796,1234007351,0,0
V6_uniform,1234,7402,INSTR_WORD_MOD,938,1234007402,0,0
V6_uniform,1234,7452,POST_EXEC_PC_MOD,1957,1234007452,0,0
V6_uniform,1234,7495,POST_EXEC_PC_MOD,544,1234007495,0,0
V6_uniform,1234,7574,INSTR_WORD_MOD,1179,1234007574,0,0
V6_uniform,1234,7612,POST_EXEC_PC_MOD,3714,1234007612,0,0
V6_uniform,1234,7657,INSTR_WORD_MOD,1000,1234007657,0,0
V6_uniform,1234,7675,POST_EXEC_PC_MOD,3138,1234007675,0,0
V6_uniform,1234,7857,POST_EXEC_PC_MOD,1281,1234007857,0,0
V6_uniform,1234,7863,POST_EXEC_PC_MOD,2631,1234007863,0,0
V6_uniform,1234,7873,POST_EXEC_PC_MOD,3495,1234007873,0,0
V6_uniform,1234,7892,INSTR_WORD_MOD,377,1234007892,0,0
V6_uniform,1234,7934,POST_EXEC_PC_MOD,1179,1234007934,0,0
V6_uniform,1234,7975,POST_EXEC_PC_MOD,3713,1234007975,0,0
V6_uniform,1234,8008,POST_EXEC_PC_MOD,3102,1234008008,0,0
V6_uniform,1234,8048,INSTR_WORD_MOD,2081,1234008048,0,0
V6_uniform,1234,8066,POST_EXEC_PC_MOD,1486,1234008066,0,0
V6_uniform,1234,8067,POST_EXEC_PC_MOD,1294,1234008067,0,0
V6_uniform,1234,8069,POST_EXEC_PC_MOD,1220,1234008069,0,0
V6_uniform,1234,8085,POST_EXEC_PC_MOD,3494,1234008085,0,0
V6_uniform,1234,8109,INSTR_WORD_MOD,3169,1234008109,0,0
V6_uniform,1234,8133,INSTR_WORD_MOD,852,1234008133,0,0
V6_uniform,1234,8157,INSTR_WORD_MOD,1106,1234008157,0,0
V6_uniform,1234,8188,POST_EXEC_PC_MOD,3436,1234008188,0,0
V6_uniform,1234,8203,POST_EXEC_PC_MOD,2156,1234008203,0,0
V6_uniform,1234,8243,INSTR_WORD_MOD,50,1234008243,0,0
V6_uniform,1234,8258,INSTR_WORD_MOD,2691,1234008258,0,0
V6_uniform,1234,8278,POST_EXEC_PC_MOD,2312,1234008278,0,0
V6_uniform,1234,8288,POST_EXEC_PC_MOD,603,1234008288,0,0
V6_uniform,1234,8314,POST_EXEC_PC_MOD,2991,1234008314,0,0
V6_uniform,1234,8367,POST_EXEC_PC_MOD,2914,1234008367,0,0
V6_uniform,1234,8395,INSTR_WORD_MOD,599,1234008395,0,0
V6_uniform,1234,8398,INSTR_WORD_MOD,537,1234008398,0,0
V6_uniform,1234,8421,INSTR_WORD_MOD,1112,1234008421,0,0
V6_uniform,1234,8478,INSTR_WORD_MOD,381,1234008478,0,0
V6_uniform,1234,8486,POST_EXEC_PC_MOD,3459,1234008486,0,0
V6_uniform,1234,8534,POST_EXEC_PC_MOD,517,1234008534,0,0
V6_uniform,1234,8574,POST_EXEC_PC_MOD,514,1234008574,0,0
V6_uniform,1234,8705,POST_EXEC_PC_MOD,2401,1234008705,0,0
V6_uniform,1234,8741,INSTR_WORD_MOD,3126,1234008741,0,0
V6_uniform,1234,8832,POST_EXEC_PC_MOD,2345,1234008832,0,0
V6_uniform,1234,8852,POST_EXEC_PC_MOD,3711,1234008852,0,0
V6_uniform,1234,8865,INSTR_WORD_MOD,1179,1234008865,0,0
V6_uniform,1234,8881,POST_EXEC_PC_MOD,698,1234008881,0,0
V6_uniform,1234,8906,POST_EXEC_PC_MOD,3049,1234008906,0,0
V6_uniform,1234,8909,POST_EXEC_PC_MOD,2076,1234008909,0,0
V6_uniform,1234,8910,INSTR_WORD_MOD,320,1234008910,0,0
V6_uniform,1234,8918,POST_EXEC_PC_MOD,1201,1234008918,0,0
V6_uniform,1234,8928,INSTR_WORD_MOD,3158,1234008928,0,0
V6_uniform,1234,8949,INSTR_WORD_MOD,2065,1234008949,0,0
V6_uniform,1234,8952,INSTR_WORD_MOD,536,1234008952,0,0
V6_uniform,1234,8993,INSTR_WORD_MOD,613,1234008993,0,0
V6_uniform,1234,9037,POST_EXEC_PC_MOD,1019,1234009037,0,0
V6_uniform,1234,9089,POST_EXEC_PC_MOD,1179,1234009089,0,0
V6_uniform,1234,9103,POST_EXEC_PC_MOD,3714,1234009103,0,0
V6_uniform,1234,9249,INSTR_WORD_MOD,3714,1234009249,0,0
V6_uniform,1234,9328,POST_EXEC_PC_MOD,605,1234009328,0,0
V6_uniform,1234,9348,INSTR_WORD_MOD,1179,1234009348,0,0
V6_uniform,1234,9375,POST_EXEC_PC_MOD,3327,1234009375,0,0
V6_uniform,1234,9388,POST_EXEC_PC_MOD,299,1234009388,0,0
V6_uniform,1234,9449,INSTR_WORD_MOD,920,1234009449,0,0
V6_uniform,1234,9473,POST_EXEC_PC_MOD,1127,1234009473,0,0
V6_uniform,1234,9561,POST_EXEC_PC_MOD,2401,1234009561,0,0
V6_uniform,1234,9588,POST_EXEC_PC_MOD,2469,1234009588,0,0
V6_uniform,1234,9590,POST_EXEC_PC_MOD,762,1234009590,0,0
V6_uniform,1234,9644,INSTR_WORD_MOD,457,1234009644,0,0
V6_uniform,1234,9660,INSTR_WORD_MOD,1179,1234009660,0,0
V6_uniform,1234,9673,INSTR_WORD_MOD,2081,1234009673,0,0
V6_uniform,1234,9676,POST_EXEC_PC_MOD,1944,1234009676,0,0
V6_uniform,1234,9706,POST_EXEC_PC_MOD,2914,1234009706,0,0
V6_uniform,1234,9730,POST_EXEC_PC_MOD,3647,1234009730,0,0
V6_uniform,1234,9768,INSTR_WORD_MOD,1727,1234009768,0,0
V6_uniform,1234,9791,INSTR_WORD_MOD,377,1234009791,0,0
V6_uniform,1234,9798,POST_EXEC_PC_MOD,3464,1234009798,0,0
V6_uniform,1234,9809,INSTR_WORD_MOD,3067,1234009809,0,0
V6_uniform,1234,9860,INSTR_WORD_MOD,958,1234009860,0,0
V6_uniform,1234,9907,INSTR_WORD_MOD,1179,1234009907,0,0
V6_uniform,1234,9942,INSTR_WORD_MOD,853,1234009942,0,0
V6_uniform,1234,9964,INSTR_WORD_MOD,3521,1234009964,0,0
V6_uniform,1234,9968,POST_EXEC_PC_MOD,3956,1234009968,0,0
V6_uniform,1235,40,INSTR_WORD_MOD,296,1235000040,0,0
V6_uniform,1235,71,POST_EXEC_PC_MOD,1679,1235000071,0,0
V6_uniform,1235,112,INSTR_WORD_MOD,3326,1235000112,0,0
V6_uniform,1235,119,INSTR_WORD_MOD,2786,1235000119,0,0
V6_uniform,1235,131,POST_EXEC_PC_MOD,3563,1235000131,0,0
V6_uniform,1235,154,POST_EXEC_PC_MOD,20,1235000154,0,0
V6_uniform,1235,178,INSTR_WORD_MOD,2505,1235000178,0,0
V6_uniform,1235,234,POST_EXEC_PC_MOD,1445,1235000234,0,0
V6_uniform,1235,268,POST_EXEC_PC_MOD,190,1235000268,0,0
V6_uniform,1235,276,INSTR_WORD_MOD,997,1235000276,0,0
V6_uniform,1235,288,POST_EXEC_PC_MOD,3733,1235000288,0,0
V6_uniform,1235,311,INSTR_WORD_MOD,760,1235000311,0,0
V6_uniform,1235,329,POST_EXEC_PC_MOD,3102,1235000329,0,0
V6_uniform,1235,331,INSTR_WORD_MOD,835,1235000331,0,0
V6_uniform,1235,353,POST_EXEC_PC_MOD,540,1235000353,0,0
V6_uniform,1235,359,POST_EXEC_PC_MOD,1714,1235000359,0,0
V6_uniform,1235,432,INSTR_WORD_MOD,858,1235000432,0,0
V6_uniform,1235,466,POST_EXEC_PC_MOD,707,1235000466,0,0
V6_uniform,1235,545,POST_EXEC_PC_MOD,3135,1235000545,0,0
V6_uniform,1235,577,INSTR_WORD_MOD,2796,1235000577,0,0
V6_uniform,1235,580,POST_EXEC_PC_MOD,2851,1235000580,0,0
V6_uniform,1235,583,POST_EXEC_PC_MOD,2401,1235000583,0,0
V6_uniform,1235,633,POST_EXEC_PC_MOD,3045,1235000633,0,0
V6_uniform,1235,634,INSTR_WORD_MOD,1273,1235000634,0,0
V6_uniform,1235,642,INSTR_WORD_MOD,1879,1235000642,0,0
V6_uniform,1235,665,INSTR_WORD_MOD,3057,1235000665,0,0
V6_uniform,1235,681,POST_EXEC_PC_MOD,2462,1235000681,0,0
V6_uniform,1235,750,POST_EXEC_PC_MOD,521,1235000750,0,0
V6_uniform,1235,765,INSTR_WORD_MOD,1179,1235000765,0,0
V6_uniform,1235,802,POST_EXEC_PC_MOD,2482,1235000802,0,0
V6_uniform,1235,808,POST_EXEC_PC_MOD,2913,1235000808,0,0
V6_uniform,1235,849,POST_EXEC_PC_MOD,683,1235000849,0,0
V6_uniform,1235,864,POST_EXEC_PC_MOD,1301,1235000864,0,0
V6_uniform,1235,870,INSTR_WORD_MOD,3028,1235000870,0,0
V6_uniform,1235,894,POST_EXEC_PC_MOD,3340,1235000894,0,0
V6_uniform,1235,949,INSTR_WORD_MOD,3223,1235000949,0,0
V6_uniform,1235,970,POST_EXEC_PC_MOD,2465,1235000970,0,0
V6_uniform,1235,1024,POST_EXEC_PC_MOD,1284,1235001024,0,0
V6_uniform,1235,1054,POST_EXEC_PC_MOD,3116,1235001054,0,0
V6_uniform,1235,1090,INSTR_WORD_MOD,452,1235001090,0,0
V6_uniform,1235,1103,POST_EXEC_PC_MOD,1004,1235001103,0,0
V6_uniform,1235,1123,POST_EXEC_PC_MOD,3102,1235001123,0,0
V6_uniform,1235,1131,INSTR_WORD_MOD,2253,1235001131,0,0
V6_uniform,1235,1135,INSTR_WORD_MOD,2065,1235001135,0,0
V6_uniform,1235,1154,INSTR_WORD_MOD,3045,1235001154,0,0
V6_uniform,1235,1186,INSTR_WORD_MOD,3078,1235001186,0,0
V6_uniform,1235,1191,INSTR_WORD_MOD,1004,1235001191,0,0
V6_uniform,1235,1193,POST_EXEC_PC_MOD,704,1235001193,0,0
V6_uniform,1235,1209,INSTR_WORD_MOD,3591,1235001209,0,0
V6_uniform,1235,1249,POST_EXEC_PC_MOD,3339,1235001249,0,0
V6_uniform,1235,1481,POST_EXEC_PC_MOD,1445,1235001481,0,0
V6_uniform,1235,1529,POST_EXEC_PC_MOD,1179,1235001529,0,0
V6_uniform,1235,1705,INSTR_WORD_MOD,922,1235001705,0,0
V6_uniform,1235,1739,POST_EXEC_PC_MOD,2531,1235001739,0,0
V6_uniform,1235,1762,INSTR_WORD_MOD,1179,1235001762,0,0
V6_uniform,1235,1768,POST_EXEC_PC_MOD,3496,1235001768,0,0
V6_uniform,1235,1802,POST_EXEC_PC_MOD,3713,1235001802,0,0
V6_uniform,1235,1861,INSTR_WORD_MOD,457,1235001861,0,0
V6_uniform,1235,1873,INSTR_WORD_MOD,3252,1235001873,0,0
V6_uniform,1235,1932,INSTR_WORD_MOD,19,1235001932,0,0
V6_uniform,1235,1944,INSTR_WORD_MOD,782,1235001944,0,0
V6_uniform,1235,1972,POST_EXEC_PC_MOD,2605,1235001972,0,0
V6_uniform,1235,1975,INSTR_WORD_MOD,699,1235001975,0,0
V6_uniform,1235,1981,INSTR_WORD_MOD,2948,1235001981,0,0
V6_uniform,1235,2002,INSTR_WORD_MOD,3350,1235002002,0,0
V6_uniform,1235,2015,POST_EXEC_PC_MOD,451,1235002015,0,0
V6_uniform,1235,2040,POST_EXEC_PC_MOD,2455,1235002040,0,0
V6_uniform,1235,2076,POST_EXEC_PC_MOD,785,1235002076,0,0
V6_uniform,1235,2096,POST_EXEC_PC_MOD,2916,1235002096,0,0
V6_uniform,1235,2123,INSTR_WORD_MOD,1179,1235002123,0,0
V6_uniform,1235,2170,POST_EXEC_PC_MOD,74,1235002170,0,0
V6_uniform,1235,2328,POST_EXEC_PC_MOD,1906,1235002328,0,0
V6_uniform,1235,2330,INSTR_WORD_MOD,304,1235002330,0,0
V6_uniform,1235,2340,POST_EXEC_PC_MOD,2420,1235002340,0,0
V6_uniform,1235,2360,POST_EXEC_PC_MOD,3568,1235002360,0,0
V6_uniform,1235,2411,INSTR_WORD_MOD,1112,1235002411,0,0
V6_uniform,1235,2418,POST_EXEC_PC_MOD,3494,1235002418,0,0
V6_uniform,1235,2470,POST_EXEC_PC_MOD,2916,1235002470,0,0
V6_uniform,1235,2472,POST_EXEC_PC_MOD,2382,1235002472,0,0
V6_uniform,1235,2519,INSTR_WORD_MOD,619,1235002519,0,0
V6_uniform,1235,2530,POST_EXEC_PC_MOD,2935,1235002530,0,0
V6_uniform,1235,2534,INSTR_WORD_MOD,278,1235002534,0,0
V6_uniform,1235,2545,POST_EXEC_PC_MOD,84,1235002545,0,0
V6_uniform,1235,2587,POST_EXEC_PC_MOD,3646,1235002587,0,0
V6_uniform,1235,2599,POST_EXEC_PC_MOD,3714,1235002599,0,0
V6_uniform,1235,2600,INSTR_WORD_MOD,2552,1235002600,0,0
V6_uniform,1235,2602,POST_EXEC_PC_MOD,2033,1235002602,0,0
V6_uniform,1235,2627,POST_EXEC_PC_MOD,3623,1235002627,0,0
V6_uniform,1235,2665,POST_EXEC_PC_MOD,2654,1235002665,0,0
V6_uniform,1235,2686,INSTR_WORD_MOD,1179,1235002686,0,0
V6_uniform,1235,2690,INSTR_WORD_MOD,457,1235002690,0,0
V6_uniform,1235,2746,INSTR_WORD_MOD,858,1235002746,0,0
V6_uniform,1235,2767,POST_EXEC_PC_MOD,3496,1235002767,0,0
V6_uniform,1235,2799,POST_EXEC_PC_MOD,633,1235002799,0,0
V6_uniform,1235,2804,INSTR_WORD_MOD,71,1235002804,0,0
V6_uniform,1235,2828,INSTR_WORD_MOD,2321,1235002828,0,0
V6_uniform,1235,2860,INSTR_WORD_MOD,3190,1235002860,0,0
V6_uniform,1235,2904,INSTR_WORD_MOD,2505,1235002904,0,0
V6_uniform,1235,2917,POST_EXEC_PC_MOD,3756,1235002917,0,0
V6_uniform,1235,2936,INSTR_WORD_MOD,2861,1235002936,0,0
V6_uniform,1235,2959,INSTR_WORD_MOD,1410,1235002959,0,0
V6_uniform,1235,2988,INSTR_WORD_MOD,2113,1235002988,0,0
V6_uniform,1235,3049,POST_EXEC_PC_MOD,942,1235003049,0,0
V6_uniform,1235,3122,POST_EXEC_PC_MOD,2914,1235003122,0,0
V6_uniform,1235,3149,POST_EXEC_PC_MOD,1788,1235003149,0,0
V6_uniform,1235,3273,INSTR_WORD_MOD,938,1235003273,0,0
V6_uniform,1235,3335,INSTR_WORD_MOD,683,1235003335,0,0
V6_uniform,1235,3349,POST_EXEC_PC_MOD,456,1235003349,0,0
V6_uniform,1235,3373,INSTR_WORD_MOD,838,1235003373,0,0
V6_uniform,1235,3388,POST_EXEC_PC_MOD,3514,1235003388,0,0
V6_uniform,1235,3404,POST_EXEC_PC_MOD,2627,1235003404,0,0
V6_uniform,1235,3447,POST_EXEC_PC_MOD,3508,1235003447,0,0
V6_uniform,1235,3457,INSTR_WORD_MOD,3621,1235003457,0,0
V6_uniform,1235,3477,INSTR_WORD_MOD,1724,1235003477,0,0
V6_uniform,1235,3508,POST_EXEC_PC_MOD,1179,1235003508,0,0
V6_uniform,1235,3565,INSTR_WORD_MOD,1179,1235003565,0,0
V6_uniform,1235,3576,INSTR_WORD_MOD,1179,1235003576,0,0
V6_uniform,1235,3580,POST_EXEC_PC_MOD,2065,1235003580,0,0
V6_uniform,1235,3584,POST_EXEC_PC_MOD,3040,1235003584,0,0
V6_uniform,1235,3612,INSTR_WORD_MOD,1020,1235003612,0,0
V6_uniform,1235,3624,POST_EXEC_PC_MOD,2917,1235003624,0,0
V6_uniform,1235,3711,POST_EXEC_PC_MOD,1709,1235003711,0,0
V6_uniform,1235,3752,INSTR_WORD_MOD,2531,1235003752,0,0
V6_uniform,1235,3793,INSTR_WORD_MOD,840,1235003793,0,0
V6_uniform,1235,3799,POST_EXEC_PC_MOD,2944,1235003799,0,0
V6_uniform,1235,3843,POST_EXEC_PC_MOD,2368,1235003843,0,0
V6_uniform,1235,3874,POST_EXEC_PC_MOD,3474,1235003874,0,0
V6_uniform,1235,3945,INSTR_WORD_MOD,937,1235003945,0,0
V6_uniform,1235,3958,INSTR_WORD_MOD,3286,1235003958,0,0
V6_uniform,1235,3986,INSTR_WORD_MOD,437,1235003986,0,0
V6_uniform,1235,3992,POST_EXEC_PC_MOD,3243,1235003992,0,0
V6_uniform,1235,4004,POST_EXEC_PC_MOD,1046,1235004004,0,0
V6_uniform,1235,4009,INSTR_WORD_MOD,699,1235004009,0,0
V6_uniform,1235,4013,POST_EXEC_PC_MOD,2944,1235004013,0,0
V6_uniform,1235,4023,POST_EXEC_PC_MOD,3495,1235004023,0,0
V6_uniform,1235,4042,POST_EXEC_PC_MOD,2466,1235004042,0,0
V6_uniform,1235,4043,INSTR_WORD_MOD,3591,1235004043,0,0
V6_uniform,1235,4117,INSTR_WORD_MOD,3928,1235004117,0,0
V6_uniform,1235,4133,POST_EXEC_PC_MOD,949,1235004133,0,0
V6_uniform,1235,4327,POST_EXEC_PC_MOD,932,1235004327,0,0
V6_uniform,1235,4371,POST_EXEC_PC_MOD,579,1235004371,0,0
V6_uniform,1235,4388,INSTR_WORD_MOD,278,1235004388,0,0
V6_uniform,1235,4426,INSTR_WORD_MOD,2458,1235004426,0,0
V6_uniform,1235,4440,INSTR_WORD_MOD,3810,1235004440,0,0
V6_uniform,1235,4480,POST_EXEC_PC_MOD,2113,1235004480,0,0
V6_uniform,1235,4514,POST_EXEC_PC_MOD,2657,1235004514,0,0
V6_uniform,1235,4549,INSTR_WORD_MOD,619,1235004549,0,0
V6_uniform,1235,4567,POST_EXEC_PC_MOD,1507,1235004567,0,0
V6_uniform,1235,4574,INSTR_WORD_MOD,19,1235004574,0,0
V6_uniform,1235,4610,POST_EXEC_PC_MOD,213,1235004610,0,0
V6_uniform,1235,4615,POST_EXEC_PC_MOD,2462,1235004615,0,0
V6_uniform,1235,4648,POST_EXEC_PC_MOD,3050,1235004648,0,0
V6_uniform,1235,4685,INSTR_WORD_MOD,1019,1235004685,0,0
V6_uniform,1235,4754,INSTR_WORD_MOD,1879,1235004754,0,0
V6_uniform,1235,4756,INSTR_WORD_MOD,698,1235004756,0,0
V6_uniform,1235,4778,POST_EXEC_PC_MOD,2160,1235004778,0,0
V6_uniform,1235,4830,POST_EXEC_PC_MOD,2914,1235004830,0,0
V6_uniform,1235,4840,INSTR_WORD_MOD,3812,1235004840,0,0
V6_uniform,1235,4855,INSTR_WORD_MOD,3469,1235004855,0,0
V6_uniform,1235,4912,POST_EXEC_PC_MOD,1179,1235004912,0,0
V6_uniform,1235,4935,POST_EXEC_PC_MOD,3522,1235004935,0,0
V6_uniform,1235,4979,INSTR_WORD_MOD,858,1235004979,0,0
V6_uniform,1235,5048,INSTR_WORD_MOD,1839,1235005048,0,0
V6_uniform,1235,5156,POST_EXEC_PC_MOD,3793,1235005156,0,0
V6_uniform,1235,5189,POST_EXEC_PC_MOD,3541,1235005189,0,0
V6_uniform,1235,5198,POST_EXEC_PC_MOD,2483,1235005198,0,0
V6_uniform,1235,5251,INSTR_WORD_MOD,3625,1235005251,0,0
V6_uniform,1235,5262,INSTR_WORD_MOD,2535,1235005262,0,0
V6_uniform,1235,5307,POST_EXEC_PC_MOD,3763,1235005307,0,0
V6_uniform,1235,5387,INSTR_WORD_MOD,1179,1235005387,0,0
V6_uniform,1235,5443,INSTR_WORD_MOD,175,1235005443,0,0
V6_uniform,1235,5446,POST_EXEC_PC_MOD,2462,1235005446,0,0
V6_uniform,1235,5455,POST_EXEC_PC_MOD,289,1235005455,0,0
V6_uniform,1235,5465,POST_EXEC_PC_MOD,93,1235005465,0,0
V6_uniform,1235,5502,POST_EXEC_PC_MOD,3352,1235005502,0,0
V6_uniform,1235,5544,POST_EXEC_PC_MOD,3261,1235005544,0,0
V6_uniform,1235,5593,POST_EXEC_PC_MOD,1962,1235005593,0,0
V6_uniform,1235,5609,POST_EXEC_PC_MOD,2958,1235005609,0,0
V6_uniform,1235,5624,POST_EXEC_PC_MOD,3498,1235005624,0,0
V6_uniform,1235,5628,POST_EXEC_PC_MOD,3748,1235005628,0,0
V6_uniform,1235,5651,POST_EXEC_PC_MOD,3793,1235005651,0,0
V6_uniform,1235,5666,POST_EXEC_PC_MOD,1179,1235005666,0,0
V6_uniform,1235,5671,POST_EXEC_PC_MOD,2351,1235005671,0,0
V6_uniform,1235,5704,POST_EXEC_PC_MOD,842,1235005704,0,0
V6_uniform,1235,5706,INSTR_WORD_MOD,3186,1235005706,0,0
V6_uniform,1235,5766,POST_EXEC_PC_MOD,182,1235005766,0,0
V6_uniform,1235,5814,POST_EXEC_PC_MOD,1689,1235005814,0,0
V6_uniform,1235,5832,POST_EXEC_PC_MOD,2567,1235005832,0,0
V6_uniform,1235,5837,INSTR_WORD_MOD,699,1235005837,0,0
V6_uniform,1235,5862,INSTR_WORD_MOD,698,1235005862,0,0
V6_uniform,1235,5971,POST_EXEC_PC_MOD,2415,1235005971,0,0
V6_uniform,1235,5987,INSTR_WORD_MOD,1002,1235005987,0,0
V6_uniform,1235,6029,POST_EXEC_PC_MOD,3784,1235006029,0,0
V6_uniform,1235,6097,POST_EXEC_PC_MOD,253,1235006097,0,0
V6_uniform,1235,6103,INSTR_WORD_MOD,2944,1235006103,0,0
V6_uniform,1235,6107,INSTR_WORD_MOD,683,1235006107,0,0
V6_uniform,1235,6153,POST_EXEC_PC_MOD,1584,1235006153,0,0
V6_uniform,1235,6193,POST_EXEC_PC_MOD,1013,1235006193,0,0
V6_uniform,1235,6295,INSTR_WORD_MOD,858,1235006295,0,0
V6_uniform,1235,6339,POST_EXEC_PC_MOD,69,1235006339,0,0
V6_uniform,1235,6485,POST_EXEC_PC_MOD,93,1235006485,0,0
V6_uniform,1235,6542,INSTR_WORD_MOD,1179,1235006542,0,0
V6_uniform,1235,6550,POST_EXEC_PC_MOD,3749,1235006550,0,0
V6_uniform,1235,6564,POST_EXEC_PC_MOD,3794,1235006564,0,0
V6_uniform,1235,6708,POST_EXEC_PC_MOD,3533,1235006708,0,0
V6_uniform,1235,6709,POST_EXEC_PC_MOD,2401,1235006709,0,0
V6_uniform,1235,6716,INSTR_WORD_MOD,1179,1235006716,0,0
V6_uniform,1235,6733,POST_EXEC_PC_MOD,2938,1235006733,0,0
V6_uniform,1235,6868,INSTR_WORD_MOD,1179,1235006868,0,0
V6_uniform,1235,6906,INSTR_WORD_MOD,1942,1235006906,0,0
V6_uniform,1235,6909,POST_EXEC_PC_MOD,1179,1235006909,0,0
V6_uniform,1235,6920,INSTR_WORD_MOD,2483,1235006920,0,0
V6_uniform,1235,6938,INSTR_WORD_MOD,296,1235006938,0,0
V6_uniform,1235,6942,INSTR_WORD_MOD,3563,1235006942,0,0
V6_uniform,1235,6947,POST_EXEC_PC_MOD,1387,1235006947,0,0
V6_uniform,1235,6989,POST_EXEC_PC_MOD,2687,1235006989,0,0
V6_uniform,1235,7029,POST_EXEC_PC_MOD,1928,1235007029,0,0
V6_uniform,1235,7069,INSTR_WORD_MOD,1179,1235007069,0,0
V6_uniform,1235,7078,POST_EXEC_PC_MOD,393,1235007078,0,0
V6_uniform,1235,7109,POST_EXEC_PC_MOD,1037,1235007109,0,0
V6_uniform,1235,7161,POST_EXEC_PC_MOD,2465,1235007161,0,0
V6_uniform,1235,7203,POST_EXEC_PC_MOD,370,1235007203,0,0
V6_uniform,1235,7228,INSTR_WORD_MOD,778,1235007228,0,0
V6_uniform,1235,7272,POST_EXEC_PC_MOD,3255,1235007272,0,0
V6_uniform,1235,7341,POST_EXEC_PC_MOD,3270,1235007341,0,0
V6_uniform,1235,7346,INSTR_WORD_MOD,3524,1235007346,0,0
V6_uniform,1235,7443,POST_EXEC_PC_MOD,2608,1235007443,0,0
V6_uniform,1235,7468,POST_EXEC_PC_MOD,3929,1235007468,0,0
V6_uniform,1235,7505,INSTR_WORD_MOD,3656,1235007505,0,0
V6_uniform,1235,7754,INSTR_WORD_MOD,1179,1235007754,0,0
V6_uniform,1235,7796,POST_EXEC_PC_MOD,2951,1235007796,0,0
V6_uniform,1235,7800,POST_EXEC_PC_MOD,152,1235007800,0,0
V6_uniform,1235,7859,INSTR_WORD_MOD,1863,1235007859,0,0
V6_uniform,1235,7884,INSTR_WORD_MOD,3261,1235007884,0,0
V6_uniform,1235,7906,INSTR_WORD_MOD,3656,1235007906,0,0
V6_uniform,1235,7922,POST_EXEC_PC_MOD,1179,1235007922,0,0
V6_uniform,1235,7964,POST_EXEC_PC_MOD,2254,1235007964,0,0
V6_uniform,1235,8033,POST_EXEC_PC_MOD,933,1235008033,0,0
V6_uniform,1235,8121,POST_EXEC_PC_MOD,2584,1235008121,0,0
V6_uniform,1235,8158,INSTR_WORD_MOD,1152,1235008158,0,0
V6_uniform,1235,8189,POST_EXEC_PC_MOD,2628,1235008189,0,0
V6_uniform,1235,8194,POST_EXEC_PC_MOD,3046,1235008194,0,0
V6_uniform,1235,8212,INSTR_WORD_MOD,457,1235008212,0,0
V6_uniform,1235,8280,POST_EXEC_PC_MOD,159,1235008280,0,0
V6_uniform,1235,8318,INSTR_WORD_MOD,175,1235008318,0,0
V6_uniform,1235,8354,INSTR_WORD_MOD,1096,1235008354,0,0
V6_uniform,1235,8359,INSTR_WORD_MOD,3554,1235008359,0,0
V6_uniform,1235,8398,POST_EXEC_PC_MOD,2389,1235008398,0,0
V6_uniform,1235,8483,POST_EXEC_PC_MOD,1944,1235008483,0,0
V6_uniform,1235,8538,POST_EXEC_PC_MOD,2374,1235008538,0,0
V6_uniform,1235,8541,POST_EXEC_PC_MOD,1832,1235008541,0,0
V6_uniform,1235,8582,POST_EXEC_PC_MOD,1955,1235008582,0,0
V6_uniform,1235,8587,POST_EXEC_PC_MOD,2465,1235008587,0,0
V6_uniform,1235,8606,POST_EXEC_PC_MOD,3812,1235008606,0,0
V6_uniform,1235,8655,INSTR_WORD_MOD,2657,1235008655,0,0
V6_uniform,1235,8667,POST_EXEC_PC_MOD,3134,1235008667,0,0
V6_uniform,1235,8730,POST_EXEC_PC_MOD,3112,1235008730,0,0
V6_uniform,1235,8752,POST_EXEC_PC_MOD,2255,1235008752,0,0
V6_uniform,1235,8837,INSTR_WORD_MOD,1179,1235008837,0,0
V6_uniform,1235,8841,POST_EXEC_PC_MOD,2462,1235008841,0,0
V6_uniform,1235,8911,INSTR_WORD_MOD,175,1235008911,0,0
V6_uniform,1235,8970,POST_EXEC_PC_MOD,3622,1235008970,0,0
V6_uniform,1235,9003,INSTR_WORD_MOD,2164,1235009003,0,0
V6_uniform,1235,9005,POST_EXEC_PC_MOD,3497,1235009005,0,0
V6_uniform,1235,9043,INSTR_WORD_MOD,1112,1235009043,0,0
V6_uniform,1235,9079,POST_EXEC_PC_MOD,2462,1235009079,0,0
V6_uniform,1235,9082,POST_EXEC_PC_MOD,3714,1235009082,0,0
V6_uniform,1235,9190,INSTR_WORD_MOD,1985,1235009190,0,0
V6_uniform,1235,9197,POST_EXEC_PC_MOD,1111,1235009197,0,0
V6_uniform,1235,9264,INSTR_WORD_MOD,762,1235009264,0,0
V6_uniform,1235,9271,POST_EXEC_PC_MOD,3134,1235009271,0,0
V6_uniform,1235,9338,POST_EXEC_PC_MOD,2546,1235009338,0,0
V6_uniform,1235,9342,POST_EXEC_PC_MOD,273,1235009342,0,0
V6_uniform,1235,9356,INSTR_WORD_MOD,1251,1235009356,0,0
V6_uniform,1235,9460,INSTR_WORD_MOD,614,1235009460,0,0
V6_uniform,1235,9461,POST_EXEC_PC_MOD,2406,1235009461,0,0
V6_uniform,1235,9480,POST_EXEC_PC_MOD,2657,1235009480,0,0
V6_uniform,1235,9494,POST_EXEC_PC_MOD,1026,1235009494,0,0
V6_uniform,1235,9510,POST_EXEC_PC_MOD,905,1235009510,0,0
V6_uniform,1235,9544,POST_EXEC_PC_MOD,758,1235009544,0,0
V6_uniform,1235,9547,POST_EXEC_PC_MOD,2993,1235009547,0,0
V6_uniform,1235,9565,INSTR_WORD_MOD,2321,1235009565,0,0
V6_uniform,1235,9690,POST_EXEC_PC_MOD,1179,1235009690,0,0
V6_uniform,1235,9757,POST_EXEC_PC_MOD,3537,1235009757,0,0
V6_uniform,1235,9764,POST_EXEC_PC_MOD,663,1235009764,0,0
V6_uniform,1235,9770,INSTR_WORD_MOD,2796,1235009770,0,0
V6_uniform,1235,9813,INSTR_WORD_MOD,1879,1235009813,0,0
V6_uniform,1235,9817,INSTR_WORD_MOD,3158,1235009817,0,0
V6_uniform,1235,9824,POST_EXEC_PC_MOD,3786,1235009824,0,0
V6_uniform,1235,9835,INSTR_WORD_MOD,1964,1235009835,0,0
V6_uniform,1235,9907,POST_EXEC_PC_MOD,1179,1235009907,0,0
V6_uniform,1235,9953,INSTR_WORD_MOD,1179,1235009953,0,0
V6_uniform,1235,9956,INSTR_WORD_MOD,170,1235009956,0,0
V6_uniform,1236,24,INSTR_WORD_MOD,858,1236000024,0,0
V6_uniform,1236,86,POST_EXEC_PC_MOD,1818,1236000086,0,0
V6_uniform,1236,128,POST_EXEC_PC_MOD,2154,1236000128,0,0
V6_uniform,1236,137,INSTR_WORD_MOD,537,1236000137,0,0
V6_uniform,1236,140,POST_EXEC_PC_MOD,3713,1236000140,0,0
V6_uniform,1236,141,POST_EXEC_PC_MOD,2465,1236000141,0,0
V6_uniform,1236,268,POST_EXEC_PC_MOD,561,1236000268,0,0
V6_uniform,1236,301,POST_EXEC_PC_MOD,2914,1236000301,0,0
V6_uniform,1236,351,INSTR_WORD_MOD,1852,1236000351,0,0
V6_uniform,1236,416,INSTR_WORD_MOD,457,1236000416,0,0
V6_uniform,1236,418,POST_EXEC_PC_MOD,3520,1236000418,0,0
V6_uniform,1236,441,POST_EXEC_PC_MOD,2584,1236000441,0,0
V6_uniform,1236,455,POST_EXEC_PC_MOD,603,1236000455,0,0
V6_uniform,1236,512,POST_EXEC_PC_MOD,3656,1236000512,0,0
V6_uniform,1236,536,POST_EXEC_PC_MOD,2382,1236000536,0,0
V6_uniform,1236,575,POST_EXEC_PC_MOD,3134,1236000575,0,0
V6_uniform,1236,586,POST_EXEC_PC_MOD,3497,1236000586,0,0
V6_uniform,1236,618,INSTR_WORD_MOD,159,1236000618,0,0
V6_uniform,1236,626,INSTR_WORD_MOD,1179,1236000626,0,0
V6_uniform,1236,641,POST_EXEC_PC_MOD,3473,1236000641,0,0
V6_uniform,1236,649,INSTR_WORD_MOD,3840,1236000649,0,0
V6_uniform,1236,655,INSTR_WORD_MOD,922,1236000655,0,0
V6_uniform,1236,696,POST_EXEC_PC_MOD,2561,1236000696,0,0
V6_uniform,1236,727,POST_EXEC_PC_MOD,460,1236000727,0,0
V6_uniform,1236,737,INSTR_WORD_MOD,2185,1236000737,0,0
V6_uniform,1236,739,POST_EXEC_PC_MOD,93,1236000739,0,0
V6_uniform,1236,809,INSTR_WORD_MOD,2081,1236000809,0,0
V6_uniform,1236,826,POST_EXEC_PC_MOD,2859,1236000826,0,0
V6_uniform,1236,831,POST_EXEC_PC_MOD,755,1236000831,0,0
V6_uniform,1236,948,POST_EXEC_PC_MOD,2342,1236000948,0,0
V6_uniform,1236,976,INSTR_WORD_MOD,537,1236000976,0,0
V6_uniform,1236,1028,INSTR_WORD_MOD,3449,1236001028,0,0
V6_uniform,1236,1085,INSTR_WORD_MOD,1179,1236001085,0,0
V6_uniform,1236,1091,INSTR_WORD_MOD,1878,1236001091,0,0
V6_uniform,1236,1157,POST_EXEC_PC_MOD,2582,1236001157,0,0
V6_uniform,1236,1165,POST_EXEC_PC_MOD,1774,1236001165,0,0
V6_uniform,1236,1219,POST_EXEC_PC_MOD,3071,1236001219,0,0
V6_uniform,1236,1247,POST_EXEC_PC_MOD,3417,1236001247,0,0
V6_uniform,1236,1271,POST_EXEC_PC_MOD,2666,1236001271,0,0
V6_uniform,1236,1286,INSTR_WORD_MOD,858,1236001286,0,0
V6_uniform,1236,1361,INSTR_WORD_MOD,758,1236001361,0,0
V6_uniform,1236,1454,INSTR_WORD_MOD,1179,1236001454,0,0
V6_uniform,1236,1480,INSTR_WORD_MOD,175,1236001480,0,0
V6_uniform,1236,1506,POST_EXEC_PC_MOD,2080,1236001506,0,0
V6_uniform,1236,1516,POST_EXEC_PC_MOD,3674,1236001516,0,0
V6_uniform,1236,1592,INSTR_WORD_MOD,1112,1236001592,0,0
V6_uniform,1236,1698,POST_EXEC_PC_MOD,66,1236001698,0,0
V6_uniform,1236,1709,INSTR_WORD_MOD,1179,1236001709,0,0
V6_uniform,1236,1748,POST_EXEC_PC_MOD,2382,1236001748,0,0
V6_uniform,1236,1751,POST_EXEC_PC_MOD,3725,1236001751,0,0
V6_uniform,1236,1755,POST_EXEC_PC_MOD,1225,1236001755,0,0
V6_uniform,1236,1780,POST_EXEC_PC_MOD,1403,1236001780,0,0
V6_uniform,1236,1801,POST_EXEC_PC_MOD,2368,1236001801,0,0
V6_uniform,1236,1898,POST_EXEC_PC_MOD,1228,1236001898,0,0
V6_uniform,1236,1969,POST_EXEC_PC_MOD,3496,1236001969,0,0
V6_uniform,1236,1981,POST_EXEC_PC_MOD,1684,1236001981,0,0
V6_uniform,1236,2061,INSTR_WORD_MOD,3928,1236002061,0,0
V6_uniform,1236,2159,POST_EXEC_PC_MOD,3653,1236002159,0,0
V6_uniform,1236,2183,POST_EXEC_PC_MOD,2768,1236002183,0,0
V6_uniform,1236,2206,INSTR_WORD_MOD,987,1236002206,0,0
V6_uniform,1236,2219,POST_EXEC_PC_MOD,2486,1236002219,0,0
V6_uniform,1236,2222,POST_EXEC_PC_MOD,74,1236002222,0,0
V6_uniform,1236,2237,POST_EXEC_PC_MOD,2463,1236002237,0,0
V6_uniform,1236,2243,INSTR_WORD_MOD,2418,1236002243,0,0
V6_uniform,1236,2280,POST_EXEC_PC_MOD,3714,1236002280,0,0
V6_uniform,1236,2292,POST_EXEC_PC_MOD,3352,1236002292,0,0
V6_uniform,1236,2338,INSTR_WORD_MOD,296,1236002338,0,0
V6_uniform,1236,2373,POST_EXEC_PC_MOD,3713,1236002373,0,0
V6_uniform,1236,2458,INSTR_WORD_MOD,3415,1236002458,0,0
V6_uniform,1236,2472,POST_EXEC_PC_MOD,863,1236002472,0,0
V6_uniform,1236,2486,POST_EXEC_PC_MOD,3713,1236002486,0,0
V6_uniform,1236,2511,INSTR_WORD_MOD,1879,1236002511,0,0
V6_uniform,1236,2601,INSTR_WORD_MOD,1501,1236002601,0,0
V6_uniform,1236,2664,INSTR_WORD_MOD,2507,1236002664,0,0
V6_uniform,1236,2823,POST_EXEC_PC_MOD,3495,1236002823,0,0
V6_uniform,1236,2901,POST_EXEC_PC_MOD,3713,1236002901,0,0
V6_uniform,1236,2993,INSTR_WORD_MOD,437,1236002993,0,0
V6_uniform,1236,3020,POST_EXEC_PC_MOD,2866,1236003020,0,0
V6_uniform,1236,3138,POST_EXEC_PC_MOD,3494,1236003138,0,0
V6_uniform,1236,3168,INSTR_WORD_MOD,1846,1236003168,0,0
V6_uniform,1236,3178,POST_EXEC_PC_MOD,3543,1236003178,0,0
V6_uniform,1236,3184,INSTR_WORD_MOD,1112,1236003184,0,0
V6_uniform,1236,3189,POST_EXEC_PC_MOD,2720,1236003189,0,0
V6_uniform,1236,3215,POST_EXEC_PC_MOD,1179,1236003215,0,0
V6_uniform,1236,3218,INSTR_WORD_MOD,2885,1236003218,0,0
V6_uniform,1236,3291,POST_EXEC_PC_MOD,3158,1236003291,0,0
V6_uniform,1236,3315,POST_EXEC_PC_MOD,1691,1236003315,0,0
V6_uniform,1236,3334,INSTR_WORD_MOD,758,1236003334,0,0
V6_uniform,1236,3378,POST_EXEC_PC_MOD,3370,1236003378,0,0
V6_uniform,1236,3400,INSTR_WORD_MOD,773,1236003400,0,0
V6_uniform,1236,3465,POST_EXEC_PC_MOD,1177,1236003465,0,0
V6_uniform,1236,3500,INSTR_WORD_MOD,643,1236003500,0,0
V6_uniform,1236,3510,INSTR_WORD_MOD,1179,1236003510,0,0
V6_uniform,1236,3514,POST_EXEC_PC_MOD,3563,1236003514,0,0
V6_uniform,1236,3532,INSTR_WORD_MOD,1861,1236003532,0,0
V6_uniform,1236,3623,POST_EXEC_PC_MOD,1179,1236003623,0,0
V6_uniform,1236,3668,INSTR_WORD_MOD,1179,1236003668,0,0
V6_uniform,1236,3670,POST_EXEC_PC_MOD,3767,1236003670,0,0
V6_uniform,1236,3682,INSTR_WORD_MOD,2081,1236003682,0,0
V6_uniform,1236,3793,INSTR_WORD_MOD,3928,1236003793,0,0
V6_uniform,1236,3897,INSTR_WORD_MOD,1930,1236003897,0,0
V6_uniform,1236,3920,INSTR_WORD_MOD,681,1236003920,0,0
V6_uniform,1236,3929,INSTR_WORD_MOD,2246,1236003929,0,0
V6_uniform,1236,3981,POST_EXEC_PC_MOD,1256,1236003981,0,0
V6_uniform,1236,4028,INSTR_WORD_MOD,537,1236004028,0,0
V6_uniform,1236,4050,INSTR_WORD_MOD,3812,1236004050,0,0
V6_uniform,1236,4063,POST_EXEC_PC_MOD,3071,1236004063,0,0
V6_uniform,1236,4133,INSTR_WORD_MOD,1179,1236004133,0,0
V6_uniform,1236,4137,POST_EXEC_PC_MOD,3519,1236004137,0,0
V6_uniform,1236,4187,POST_EXEC_PC_MOD,2377,1236004187,0,0
V6_uniform,1236,4229,POST_EXEC_PC_MOD,2917,1236004229,0,0
V6_uniform,1236,4305,POST_EXEC_PC_MOD,2047,1236004305,0,0
V6_uniform,1236,4348,POST_EXEC_PC_MOD,1872,1236004348,0,0
V6_uniform,1236,4402,INSTR_WORD_MOD,3252,1236004402,0,0
V6_uniform,1236,4540,POST_EXEC_PC_MOD,781,1236004540,0,0
V6_uniform,1236,4565,POST_EXEC_PC_MOD,2080,1236004565,0,0
V6_uniform,1236,4569,INSTR_WORD_MOD,2834,1236004569,0,0
V6_uniform,1236,4628,POST_EXEC_PC_MOD,74,1236004628,0,0
V6_uniform,1236,4692,POST_EXEC_PC_MOD,2465,1236004692,0,0
V6_uniform,1236,4700,POST_EXEC_PC_MOD,2988,1236004700,0,0
V6_uniform,1236,4756,POST_EXEC_PC_MOD,2151,1236004756,0,0
V6_uniform,1236,4764,POST_EXEC_PC_MOD,2065,1236004764,0,0
V6_uniform,1236,4765,POST_EXEC_PC_MOD,3028,1236004765,0,0
V6_uniform,1236,4810,INSTR_WORD_MOD,853,1236004810,0,0
V6_uniform,1236,4882,POST_EXEC_PC_MOD,2377,1236004882,0,0
V6_uniform,1236,4883,POST_EXEC_PC_MOD,3525,1236004883,0,0
V6_uniform,1236,4905,INSTR_WORD_MOD,2065,1236004905,0,0
V6_uniform,1236,4925,POST_EXEC_PC_MOD,1179,1236004925,0,0
V6_uniform,1236,4929,INSTR_WORD_MOD,304,1236004929,0,0
V6_uniform,1236,5080,POST_EXEC_PC_MOD,3099,1236005080,0,0
V6_uniform,1236,5120,POST_EXEC_PC_MOD,1760,1236005120,0,0
V6_uniform,1236,5144,INSTR_WORD_MOD,514,1236005144,0,0
V6_uniform,1236,5153,INSTR_WORD_MOD,3961,1236005153,0,0
V6_uniform,1236,5179,INSTR_WORD_MOD,1179,1236005179,0,0
V6_uniform,1236,5183,INSTR_WORD_MOD,377,1236005183,0,0
V6_uniform,1236,5251,POST_EXEC_PC_MOD,3385,1236005251,0,0
V6_uniform,1236,5263,INSTR_WORD_MOD,1985,1236005263,0,0
V6_uniform,1236,5280,POST_EXEC_PC_MOD,2708,1236005280,0,0
V6_uniform,1236,5294,INSTR_WORD_MOD,1000,1236005294,0,0
V6_uniform,1236,5296,POST_EXEC_PC_MOD,871,1236005296,0,0
V6_uniform,1236,5322,POST_EXEC_PC_MOD,174,1236005322,0,0
V6_uniform,1236,5384,POST_EXEC_PC_MOD,530,1236005384,0,0
V6_uniform,1236,5435,POST_EXEC_PC_MOD,3118,1236005435,0,0
V6_uniform,1236,5450,POST_EXEC_PC_MOD,2917,1236005450,0,0
V6_uniform,1236,5454,INSTR_WORD_MOD,2161,1236005454,0,0
V6_uniform,1236,5478,POST_EXEC_PC_MOD,2914,1236005478,0,0
V6_uniform,1236,5544,POST_EXEC_PC_MOD,443,1236005544,0,0
V6_uniform,1236,5574,POST_EXEC_PC_MOD,2604,1236005574,0,0
V6_uniform,1236,5582,POST_EXEC_PC_MOD,2916,1236005582,0,0
V6_uniform,1236,5593,POST_EXEC_PC_MOD,2420,1236005593,0,0
V6_uniform,1236,5642,POST_EXEC_PC_MOD,3725,1236005642,0,0
V6_uniform,1236,5706,POST_EXEC_PC_MOD,594,1236005706,0,0
V6_uniform,1236,5714,POST_EXEC_PC_MOD,3714,1236005714,0,0
V6_uniform,1236,5790,POST_EXEC_PC_MOD,68,1236005790,0,0
V6_uniform,1236,5793,INSTR_WORD_MOD,2369,1236005793,0,0
V6_uniform,1236,5823,POST_EXEC_PC_MOD,441,1236005823,0,0
V6_uniform,1236,5854,POST_EXEC_PC_MOD,2250,1236005854,0,0
V6_uniform,1236,5862,POST_EXEC_PC_MOD,3102,1236005862,0,0
V6_uniform,1236,5879,INSTR_WORD_MOD,19,1236005879,0,0
V6_uniform,1236,5899,INSTR_WORD_MOD,918,1236005899,0,0
V6_uniform,1236,5904,POST_EXEC_PC_MOD,2160,1236005904,0,0
V6_uniform,1236,5929,INSTR_WORD_MOD,1179,1236005929,0,0
V6_uniform,1236,5956,INSTR_WORD_MOD,3286,1236005956,0,0
V6_uniform,1236,5968,INSTR_WORD_MOD,3384,1236005968,0,0
V6_uniform,1236,5977,INSTR_WORD_MOD,2804,1236005977,0,0
V6_uniform,1236,5982,POST_EXEC_PC_MOD,3168,1236005982,0,0
V6_uniform,1236,6003,POST_EXEC_PC_MOD,1179,1236006003,0,0
V6_uniform,1236,6032,POST_EXEC_PC_MOD,3269,1236006032,0,0
V6_uniform,1236,6044,POST_EXEC_PC_MOD,521,1236006044,0,0
V6_uniform,1236,6094,INSTR_WORD_MOD,798,1236006094,0,0
V6_uniform,1236,6111,POST_EXEC_PC_MOD,2638,1236006111,0,0
V6_uniform,1236,6163,POST_EXEC_PC_MOD,2254,1236006163,0,0
V6_uniform,1236,6190,INSTR_WORD_MOD,65,1236006190,0,0
V6_uniform,1236,6202,INSTR_WORD_MOD,3407,1236006202,0,0
V6_uniform,1236,6216,POST_EXEC_PC_MOD,2327,1236006216,0,0
V6_uniform,1236,6232,POST_EXEC_PC_MOD,3699,1236006232,0,0
V6_uniform,1236,6235,POST_EXEC_PC_MOD,2463,1236006235,0,0
V6_uniform,1236,6282,INSTR_WORD_MOD,842,1236006282,0,0
V6_uniform,1236,6299,POST_EXEC_PC_MOD,890,1236006299,0,0
V6_uniform,1236,6322,POST_EXEC_PC_MOD,2055,1236006322,0,0
V6_uniform,1236,6340,POST_EXEC_PC_MOD,2379,1236006340,0,0
V6_uniform,1236,6347,POST_EXEC_PC_MOD,124,1236006347,0,0
V6_uniform,1236,6384,POST_EXEC_PC_MOD,2746,1236006384,0,0
V6_uniform,1236,6385,POST_EXEC_PC_MOD,1179,1236006385,0,0
V6_uniform,1236,6429,POST_EXEC_PC_MOD,1058,1236006429,0,0
V6_uniform,1236,6436,INSTR_WORD_MOD,359,1236006436,0,0
V6_uniform,1236,6465,INSTR_WORD_MOD,3449,1236006465,0,0
V6_uniform,1236,6501,POST_EXEC_PC_MOD,3543,1236006501,0,0
V6_uniform,1236,6539,POST_EXEC_PC_MOD,1274,1236006539,0,0
V6_uniform,1236,6574,POST_EXEC_PC_MOD,2041,1236006574,0,0
V6_uniform,1236,6604,INSTR_WORD_MOD,3261,1236006604,0,0
V6_uniform,1236,6677,POST_EXEC_PC_MOD,2527,1236006677,0,0
V6_uniform,1236,6743,POST_EXEC_PC_MOD,3202,1236006743,0,0
V6_uniform,1236,6760,POST_EXEC_PC_MOD,2916,1236006760,0,0
V6_uniform,1236,6765,POST_EXEC_PC_MOD,3934,1236006765,0,0
V6_uniform,1236,6806,POST_EXEC_PC_MOD,3449,1236006806,0,0
V6_uniform,1236,6864,INSTR_WORD_MOD,2080,1236006864,0,0
V6_uniform,1236,6901,POST_EXEC_PC_MOD,3449,1236006901,0,0
V6_uniform,1236,6911,POST_EXEC_PC_MOD,3495,1236006911,0,0
V6_uniform,1236,6968,POST_EXEC_PC_MOD,2916,1236006968,0,0
V6_uniform,1236,6974,INSTR_WORD_MOD,938,1236006974,0,0
V6_uniform,1236,6977,POST_EXEC_PC_MOD,2382,1236006977,0,0
V6_uniform,1236,7006,POST_EXEC_PC_MOD,67,1236007006,0,0
V6_uniform,1236,7034,POST_EXEC_PC_MOD,1056,1236007034,0,0
V6_uniform,1236,7043,POST_EXEC_PC_MOD,3196,1236007043,0,0
V6_uniform,1236,7047,POST_EXEC_PC_MOD,3090,1236007047,0,0
V6_uniform,1236,7061,POST_EXEC_PC_MOD,984,1236007061,0,0
V6_uniform,1236,7079,POST_EXEC_PC_MOD,2914,1236007079,0,0
V6_uniform,1236,7115,INSTR_WORD_MOD,457,1236007115,0,0
V6_uniform,1236,7151,INSTR_WORD_MOD,3958,1236007151,0,0
V6_uniform,1236,7211,INSTR_WORD_MOD,2020,1236007211,0,0
V6_uniform,1236,7229,POST_EXEC_PC_MOD,1610,1236007229,0,0
V6_uniform,1236,7264,INSTR_WORD_MOD,296,1236007264,0,0
V6_uniform,1236,7270,POST_EXEC_PC_MOD,2401,1236007270,0,0
V6_uniform,1236,7314,POST_EXEC_PC_MOD,3750,1236007314,0,0
V6_uniform,1236,7319,INSTR_WORD_MOD,2535,1236007319,0,0
V6_uniform,1236,7362,INSTR_WORD_MOD,537,1236007362,0,0
V6_uniform,1236,7458,POST_EXEC_PC_MOD,755,1236007458,0,0
V6_uniform,1236,7486,INSTR_WORD_MOD,441,1236007486,0,0
V6_uniform,1236,7499,POST_EXEC_PC_MOD,1998,1236007499,0,0
V6_uniform,1236,7591,INSTR_WORD_MOD,920,1236007591,0,0
V6_uniform,1236,7613,INSTR_WORD_MOD,377,1236007613,0,0
V6_uniform,1236,7672,INSTR_WORD_MOD,699,1236007672,0,0
V6_uniform,1236,7704,POST_EXEC_PC_MOD,1841,1236007704,0,0
V6_uniform,1236,7755,POST_EXEC_PC_MOD,2151,1236007755,0,0
V6_uniform,1236,7787,POST_EXEC_PC_MOD,380,1236007787,0,0
V6_uniform,1236,7804,POST_EXEC_PC_MOD,618,1236007804,0,0
V6_uniform,1236,7812,INSTR_WORD_MOD,1020,1236007812,0,0
V6_uniform,1236,7820,POST_EXEC_PC_MOD,2303,1236007820,0,0
V6_uniform,1236,7892,INSTR_WORD_MOD,441,1236007892,0,0
V6_uniform,1236,7909,POST_EXEC_PC_MOD,3080,1236007909,0,0
V6_uniform,1236,7920,POST_EXEC_PC_MOD,2356,1236007920,0,0
V6_uniform,1236,7923,POST_EXEC_PC_MOD,585,1236007923,0,0
V6_uniform,1236,7931,POST_EXEC_PC_MOD,2164,1236007931,0,0
V6_uniform,1236,8077,POST_EXEC_PC_MOD,3266,1236008077,0,0
V6_uniform,1236,8121,INSTR_WORD_MOD,918,1236008121,0,0
V6_uniform,1236,8170,INSTR_WORD_MOD,3099,1236008170,0,0
V6_uniform,1236,8193,INSTR_WORD_MOD,838,1236008193,0,0
V6_uniform,1236,8232,POST_EXEC_PC_MOD,2562,1236008232,0,0
V6_uniform,1236,8233,POST_EXEC_PC_MOD,3088,1236008233,0,0
V6_uniform,1236,8262,INSTR_WORD_MOD,858,1236008262,0,0
V6_uniform,1236,8297,POST_EXEC_PC_MOD,3633,1236008297,0,0
V6_uniform,1236,8310,INSTR_WORD_MOD,3066,1236008310,0,0
V6_uniform,1236,8347,INSTR_WORD_MOD,1179,1236008347,0,0
V6_uniform,1236,8364,POST_EXEC_PC_MOD,321,1236008364,0,0
V6_uniform,1236,8436,POST_EXEC_PC_MOD,2463,1236008436,0,0
V6_uniform,1236,8449,POST_EXEC_PC_MOD,3143,1236008449,0,0
V6_uniform,1236,8455,INSTR_WORD_MOD,1096,1236008455,0,0
V6_uniform,1236,8589,POST_EXEC_PC_MOD,3748,1236008589,0,0
V6_uniform,1236,8604,POST_EXEC_PC_MOD,2362,1236008604,0,0
V6_uniform,1236,8668,POST_EXEC_PC_MOD,651,1236008668,0,0
V6_uniform,1236,8748,INSTR_WORD_MOD,1096,1236008748,0,0
V6_uniform,1236,8752,INSTR_WORD_MOD,357,1236008752,0,0
V6_uniform,1236,8777,POST_EXEC_PC_MOD,843,1236008777,0,0
V6_uniform,1236,8812,INSTR_WORD_MOD,858,1236008812,0,0
V6_uniform,1236,8864,POST_EXEC_PC_MOD,2463,1236008864,0,0
V6_uniform,1236,8883,POST_EXEC_PC_MOD,813,1236008883,0,0
V6_uniform,1236,8907,INSTR_WORD_MOD,3561,1236008907,0,0
V6_uniform,1236,9005,POST_EXEC_PC_MOD,3743,1236009005,0,0
V6_uniform,1236,9031,POST_EXEC_PC_MOD,1365,1236009031,0,0
V6_uniform,1236,9034,POST_EXEC_PC_MOD,3621,1236009034,0,0
V6_uniform,1236,9039,POST_EXEC_PC_MOD,1056,1236009039,0,0
V6_uniform,1236,9090,POST_EXEC_PC_MOD,3531,1236009090,0,0
V6_uniform,1236,9113,POST_EXEC_PC_MOD,3097,1236009113,0,0
V6_uniform,1236,9153,INSTR_WORD_MOD,1020,1236009153,0,0
V6_uniform,1236,9173,POST_EXEC_PC_MOD,1056,1236009173,0,0
V6_uniform,1236,9180,POST_EXEC_PC_MOD,1576,1236009180,0,0
V6_uniform,1236,9229,POST_EXEC_PC_MOD,2378,1236009229,0,0
V6_uniform,1236,9231,INSTR_WORD_MOD,521,1236009231,0,0
V6_uniform,1236,9243,INSTR_WORD_MOD,3186,1236009243,0,0
V6_uniform,1236,9319,INSTR_WORD_MOD,3186,1236009319,0,0
V6_uniform,1236,9333,INSTR_WORD_MOD,3014,1236009333,0,0
V6_uniform,1236,9368,POST_EXEC_PC_MOD,1129,1236009368,0,0
V6_uniform,1236,9490,POST_EXEC_PC_MOD,1135,1236009490,0,0
V6_uniform,1236,9529,INSTR_WORD_MOD,853,1236009529,0,0
V6_uniform,1236,9560,INSTR_WORD_MOD,614,1236009560,0,0
V6_uniform,1236,9567,INSTR_WORD_MOD,2761,1236009567,0,0
V6_uniform,1236,9581,INSTR_WORD_MOD,1179,1236009581,0,0
V6_uniform,1236,9586,POST_EXEC_PC_MOD,922,1236009586,0,0
V6_uniform,1236,9607,INSTR_WORD_MOD,852,1236009607,0,0
V6_uniform,1236,9629,POST_EXEC_PC_MOD,348,1236009629,0,0
V6_uniform,1236,9709,INSTR_WORD_MOD,693,1236009709,0,0
V6_uniform,1236,9721,INSTR_WORD_MOD,3067,1236009721,0,0
V6_uniform,1236,9727,POST_EXEC_PC_MOD,663,1236009727,0,0
V6_uniform,1236,9747,INSTR_WORD_MOD,3349,1236009747,0,0
V6_uniform,1236,9756,POST_EXEC_PC_MOD,2935,1236009756,0,0
V6_uniform,1236,9771,INSTR_WORD_MOD,1015,1236009771,0,0
V6_uniform,1236,9773,POST_EXEC_PC_MOD,2483,1236009773,0,0
V6_uniform,1236,9847,INSTR_WORD_MOD,1879,1236009847,0,0
V6_uniform,1236,9920,INSTR_WORD_MOD,3612,1236009920,0,0
V6_uniform,1236,9925,INSTR_WORD_MOD,1179,1236009925,0,0
V6_uniform,1236,9987,POST_EXEC_PC_MOD,2066,1236009987,0,0
V6_uniform,1236,9996,POST_EXEC_PC_MOD,1889,1236009996,0,0
V6_cTS,1234,33,INSTR_WORD_MOD,2726,1234000033,0,0
V6_cTS,1234,39,INSTR_WORD_MOD,1648,1234000039,0,0
V6_cTS,1234,46,INSTR_WORD_MOD,618,1234000046,0,0
V6_cTS,1234,51,INSTR_WORD_MOD,3961,1234000051,0,0
V6_cTS,1234,52,INSTR_WORD_MOD,3931,1234000052,0,0
V6_cTS,1234,54,INSTR_WORD_MOD,3939,1234000054,0,0
V6_cTS,1234,70,INSTR_WORD_MOD,174,1234000070,0,0
V6_cTS,1234,76,INSTR_WORD_MOD,524,1234000076,0,0
V6_cTS,1234,156,POST_EXEC_PC_MOD,2652,1234000156,0,0
V6_cTS,1234,164,POST_EXEC_PC_MOD,777,1234000164,0,0
V6_cTS,1234,170,POST_EXEC_PC_MOD,618,1234000170,0,0
V6_cTS,1234,172,POST_EXEC_PC_MOD,3202,1234000172,0,0
V6_cTS,1234,174,POST_EXEC_PC_MOD,3957,1234000174,0,0
V6_cTS,1234,185,POST_EXEC_PC_MOD,3924,1234000185,0,0
V6_cTS,1234,189,POST_EXEC_PC_MOD,1845,1234000189,0,0
V6_cTS,1234,190,POST_EXEC_PC_MOD,18,1234000190,0,0
V6_cTS,1234,467,INSTR_WORD_MOD,157,1234000467,0,0
V6_cTS,1234,470,INSTR_WORD_MOD,2651,1234000470,0,0
V6_cTS,1234,471,INSTR_WORD_MOD,2535,1234000471,0,0
V6_cTS,1234,476,INSTR_WORD_MOD,643,1234000476,0,0
V6_cTS,1234,493,INSTR_WORD_MOD,3766,1234000493,0,0
V6_cTS,1234,506,INSTR_WORD_MOD,842,1234000506,0,0
V6_cTS,1234,512,INSTR_WORD_MOD,170,1234000512,0,0
V6_cTS,1234,584,POST_EXEC_PC_MOD,3320,1234000584,0,0
V6_cTS,1234,587,POST_EXEC_PC_MOD,3310,1234000587,0,0
V6_cTS,1234,588,POST_EXEC_PC_MOD,656,1234000588,0,0
V6_cTS,1234,609,POST_EXEC_PC_MOD,3202,1234000609,0,0
V6_cTS,1234,614,POST_EXEC_PC_MOD,3938,1234000614,0,0
V6_cTS,1234,621,POST_EXEC_PC_MOD,3103,1234000621,0,0
V6_cTS,1234,623,POST_EXEC_PC_MOD,357,1234000623,0,0
V6_cTS,1234,626,POST_EXEC_PC_MOD,3910,1234000626,0,0
V6_cTS,1234,633,POST_EXEC_PC_MOD,529,1234000633,0,0
V6_cTS,1234,883,INSTR_WORD_MOD,157,1234000883,0,0
V6_cTS,1234,884,INSTR_WORD_MOD,1015,1234000884,0,0
V6_cTS,1234,888,INSTR_WORD_MOD,3956,1234000888,0,0
V6_cTS,1234,922,POST_EXEC_PC_MOD,3930,1234000922,0,0
V6_cTS,1234,928,POST_EXEC_PC_MOD,915,1234000928,0,0
V6_cTS,1234,929,POST_EXEC_PC_MOD,0,1234000929,0,0
V6_cTS,1234,1021,POST_EXEC_PC_MOD,1096,1234001021,0,0
V6_cTS,1234,1026,POST_EXEC_PC_MOD,3766,1234001026,0,0
V6_cTS,1234,1091,POST_EXEC_PC_MOD,1855,1234001091,0,0
V6_cTS,1234,1177,INSTR_WORD_MOD,933,1234001177,0,0
V6_cTS,1234,1184,POST_EXEC_PC_MOD,3103,1234001184,0,0
V6_cTS,1234,1186,POST_EXEC_PC_MOD,3910,1234001186,0,0
V6_cTS,1234,1228,INSTR_WORD_MOD,3905,1234001228,0,0
V6_cTS,1234,1253,POST_EXEC_PC_MOD,530,1234001253,0,0
V6_cTS,1234,1289,INSTR_WORD_MOD,1000,1234001289,0,0
V6_cTS,1234,1384,POST_EXEC_PC_MOD,0,1234001384,0,0
V6_cTS,1234,1440,INSTR_WORD_MOD,3810,1234001440,0,0
V6_cTS,1234,1487,INSTR_WORD_MOD,19,1234001487,0,0
V6_cTS,1234,1548,INSTR_WORD_MOD,777,1234001548,0,0
V6_cTS,1234,1570,INSTR_WORD_MOD,3961,1234001570,0,0
V6_cTS,1234,1599,POST_EXEC_PC_MOD,389,1234001599,0,0
V6_cTS,1234,1613,INSTR_WORD_MOD,1878,1234001613,0,0
V6_cTS,1234,1642,INSTR_WORD_MOD,2369,1234001642,0,0
V6_cTS,1234,1645,INSTR_WORD_MOD,777,1234001645,0,0
V6_cTS,1234,1672,INSTR_WORD_MOD,3766,1234001672,0,0
V6_cTS,1234,1719,INSTR_WORD_MOD,1550,1234001719,0,0
V6_cTS,1234,1733,INSTR_WORD_MOD,3182,1234001733,0,0
V6_cTS,1234,1778,INSTR_WORD_MOD,765,1234001778,0,0
V6_cTS,1234,1836,INSTR_WORD_MOD,1396,1234001836,0,0
V6_cTS,1234,1839,INSTR_WORD_MOD,1094,1234001839,0,0
V6_cTS,1234,1879,INSTR_WORD_MOD,2311,1234001879,0,0
V6_cTS,1234,1886,INSTR_WORD_MOD,3961,1234001886,0,0
V6_cTS,1234,1930,INSTR_WORD_MOD,2055,1234001930,0,0
V6_cTS,1234,1931,INSTR_WORD_MOD,619,1234001931,0,0
V6_cTS,1234,1943,INSTR_WORD_MOD,19,1234001943,0,0
V6_cTS,1234,1964,INSTR_WORD_MOD,933,1234001964,0,0
V6_cTS,1234,1970,INSTR_WORD_MOD,1103,1234001970,0,0
V6_cTS,1234,1977,INSTR_WORD_MOD,3760,1234001977,0,0
V6_cTS,1234,2031,INSTR_WORD_MOD,586,1234002031,0,0
V6_cTS,1234,2047,INSTR_WORD_MOD,1015,1234002047,0,0
V6_cTS,1234,2067,INSTR_WORD_MOD,2552,1234002067,0,0
V6_cTS,1234,2068,INSTR_WORD_MOD,773,1234002068,0,0
V6_cTS,1234,2078,INSTR_WORD_MOD,3961,1234002078,0,0
V6_cTS,1234,2091,INSTR_WORD_MOD,3591,1234002091,0,0
V6_cTS,1234,2164,INSTR_WORD_MOD,2796,1234002164,0,0
V6_cTS,1234,2178,INSTR_WORD_MOD,777,1234002178,0,0
V6_cTS,1234,2185,INSTR_WORD_MOD,618,1234002185,0,0
V6_cTS,1234,2192,INSTR_WORD_MOD,3961,1234002192,0,0
V6_cTS,1234,2243,INSTR_WORD_MOD,1946,1234002243,0,0
V6_cTS,1234,2259,INSTR_WORD_MOD,19,1234002259,0,0
V6_cTS,1234,2273,INSTR_WORD_MOD,2363,1234002273,0,0
V6_cTS,1234,2296,INSTR_WORD_MOD,3961,1234002296,0,0
V6_cTS,1234,2345,INSTR_WORD_MOD,2080,1234002345,0,0
V6_cTS,1234,2360,INSTR_WORD_MOD,3156,1234002360,0,0
V6_cTS,1234,2375,INSTR_WORD_MOD,213,1234002375,0,0
V6_cTS,1234,2383,INSTR_WORD_MOD,2552,1234002383,0,0
V6_cTS,1234,2385,INSTR_WORD_MOD,618,1234002385,0,0
V6_cTS,1234,2425,POST_EXEC_PC_MOD,370,1234002425,0,0
V6_cTS,1234,2482,INSTR_WORD_MOD,1328,1234002482,0,0
V6_cTS,1234,2492,INSTR_WORD_MOD,618,1234002492,0,0
V6_cTS,1234,2500,INSTR_WORD_MOD,3961,1234002500,0,0
V6_cTS,1234,2547,INSTR_WORD_MOD,3563,1234002547,0,0
V6_cTS,1234,2548,INSTR_WORD_MOD,457,1234002548,0,0
V6_cTS,1234,2593,INSTR_WORD_MOD,3892,1234002593,0,0
V6_cTS,1234,2602,INSTR_WORD_MOD,3961,1234002602,0,0
V6_cTS,1234,2605,INSTR_WORD_MOD,3933,1234002605,0,0
V6_cTS,1234,2657,INSTR_WORD_MOD,532,1234002657,0,0
V6_cTS,1234,2695,INSTR_WORD_MOD,2321,1234002695,0,0
V6_cTS,1234,2707,INSTR_WORD_MOD,3961,1234002707,0,0
V6_cTS,1234,2763,INSTR_WORD_MOD,532,1234002763,0,0
V6_cTS,1234,2772,INSTR_WORD_MOD,3156,1234002772,0,0
V6_cTS,1234,2777,INSTR_WORD_MOD,2535,1234002777,0,0
V6_cTS,1234,2786,INSTR_WORD_MOD,933,1234002786,0,0
V6_cTS,1234,2800,INSTR_WORD_MOD,3961,1234002800,0,0
V6_cTS,1234,2821,POST_EXEC_PC_MOD,3685,1234002821,0,0
V6_cTS,1234,2869,INSTR_WORD_MOD,532,1234002869,0,0
V6_cTS,1234,2879,INSTR_WORD_MOD,3156,1234002879,0,0
V6_cTS,1234,2886,INSTR_WORD_MOD,2535,1234002886,0,0
V6_cTS,1234,2897,INSTR_WORD_MOD,777,1234002897,0,0
V6_cTS,1234,2951,POST_EXEC_PC_MOD,3929,1234002951,0,0
V6_cTS,1234,2962,INSTR_WORD_MOD,3500,1234002962,0,0
V6_cTS,1234,2987,INSTR_WORD_MOD,3050,1234002987,0,0
V6_cTS,1234,2997,INSTR_WORD_MOD,2321,1234002997,0,0
V6_cTS,1234,2999,INSTR_WORD_MOD,618,1234002999,0,0
V6_cTS,1234,3019,INSTR_WORD_MOD,3766,1234003019,0,0
V6_cTS,1234,3067,INSTR_WORD_MOD,840,1234003067,0,0
V6_cTS,1234,3094,INSTR_WORD_MOD,19,1234003094,0,0
V6_cTS,1234,3113,INSTR_WORD_MOD,777,1234003113,0,0
V6_cTS,1234,3131,INSTR_WORD_MOD,3961,1234003131,0,0
V6_cTS,1234,3151,POST_EXEC_PC_MOD,3929,1234003151,0,0
V6_cTS,1234,3208,INSTR_WORD_MOD,3803,1234003208,0,0
V6_cTS,1234,3210,INSTR_WORD_MOD,858,1234003210,0,0
V6_cTS,1234,3239,INSTR_WORD_MOD,2607,1234003239,0,0
V6_cTS,1234,3307,INSTR_WORD_MOD,2076,1234003307,0,0
V6_cTS,1234,3344,INSTR_WORD_MOD,3961,1234003344,0,0
V6_cTS,1234,3397,INSTR_WORD_MOD,536,1234003397,0,0
V6_cTS,1234,3408,INSTR_WORD_MOD,276,1234003408,0,0
V6_cTS,1234,3419,INSTR_WORD_MOD,2805,1234003419,0,0
V6_cTS,1234,3436,INSTR_WORD_MOD,3761,1234003436,0,0
V6_cTS,1234,3449,INSTR_WORD_MOD,452,1234003449,0,0
V6_cTS,1234,3452,INSTR_WORD_MOD,2505,1234003452,0,0
V6_cTS,1234,3513,INSTR_WORD_MOD,937,1234003513,0,0
V6_cTS,1234,3515,INSTR_WORD_MOD,480,1234003515,0,0
V6_cTS,1234,3518,POST_EXEC_PC_MOD,2076,1234003518,0,0
V6_cTS,1234,3533,INSTR_WORD_MOD,3182,1234003533,0,0
V6_cTS,1234,3550,INSTR_WORD_MOD,2321,1234003550,0,0
V6_cTS,1234,3551,POST_EXEC_PC_MOD,3108,1234003551,0,0
V6_cTS,1234,3557,INSTR_WORD_MOD,3961,1234003557,0,0
V6_cTS,1234,3593,POST_EXEC_PC_MOD,3939,1234003593,0,0
V6_cTS,1234,3610,INSTR_WORD_MOD,3449,1234003610,0,0
V6_cTS,1234,3613,INSTR_WORD_MOD,1020,1234003613,0,0
V6_cTS,1234,3630,INSTR_WORD_MOD,19,1234003630,0,0
V6_cTS,1234,3634,INSTR_WORD_MOD,857,1234003634,0,0
V6_cTS,1234,3656,INSTR_WORD_MOD,3954,1234003656,0,0
V6_cTS,1234,3715,INSTR_WORD_MOD,2995,1234003715,0,0
V6_cTS,1234,3716,INSTR_WORD_MOD,698,1234003716,0,0
V6_cTS,1234,3717,POST_EXEC_PC_MOD,451,1234003717,0,0
V6_cTS,1234,3722,INSTR_WORD_MOD,1913,1234003722,0,0
V6_cTS,1234,3754,INSTR_WORD_MOD,618,1234003754,0,0
V6_cTS,1234,3761,INSTR_WORD_MOD,3961,1234003761,0,0
V6_cTS,1234,3771,INSTR_WORD_MOD,3766,1234003771,0,0
V6_cTS,1234,3774,INSTR_WORD_MOD,3591,1234003774,0,0
V6_cTS,1234,3857,INSTR_WORD_MOD,3732,1234003857,0,0
V6_cTS,1234,3858,INSTR_WORD_MOD,933,1234003858,0,0
V6_cTS,1234,3864,INSTR_WORD_MOD,2321,1234003864,0,0
V6_cTS,1234,3927,INSTR_WORD_MOD,745,1234003927,0,0
V6_cTS,1234,3929,POST_EXEC_PC_MOD,999,1234003929,0,0
V6_cTS,1234,3932,INSTR_WORD_MOD,1850,1234003932,0,0
V6_cTS,1234,3952,INSTR_WORD_MOD,3190,1234003952,0,0
V6_cTS,1234,3953,INSTR_WORD_MOD,1015,1234003953,0,0
V6_cTS,1234,3971,INSTR_WORD_MOD,773,1234003971,0,0
V6_cTS,1234,4054,INSTR_WORD_MOD,777,1234004054,0,0
V6_cTS,1234,4067,INSTR_WORD_MOD,2321,1234004067,0,0
V6_cTS,1234,4068,INSTR_WORD_MOD,618,1234004068,0,0
V6_cTS,1234,4086,INSTR_WORD_MOD,3938,1234004086,0,0
V6_cTS,1234,4107,POST_EXEC_PC_MOD,290,1234004107,0,0
V6_cTS,1234,4133,INSTR_WORD_MOD,372,1234004133,0,0
V6_cTS,1234,4145,INSTR_WORD_MOD,537,1234004145,0,0
V6_cTS,1234,4161,POST_EXEC_PC_MOD,3755,1234004161,0,0
V6_cTS,1234,4163,INSTR_WORD_MOD,778,1234004163,0,0
V6_cTS,1234,4171,INSTR_WORD_MOD,719,1234004171,0,0
V6_cTS,1234,4175,POST_EXEC_PC_MOD,824,1234004175,0,0
V6_cTS,1234,4181,INSTR_WORD_MOD,2321,1234004181,0,0
V6_cTS,1234,4183,INSTR_WORD_MOD,618,1234004183,0,0
V6_cTS,1234,4237,POST_EXEC_PC_MOD,2369,1234004237,0,0
V6_cTS,1234,4241,INSTR_WORD_MOD,699,1234004241,0,0
V6_cTS,1234,4297,INSTR_WORD_MOD,3766,1234004297,0,0
V6_cTS,1234,4309,POST_EXEC_PC_MOD,3959,1234004309,0,0
V6_cTS,1234,4345,INSTR_WORD_MOD,938,1234004345,0,0
V6_cTS,1234,4350,INSTR_WORD_MOD,2904,1234004350,0,0
V6_cTS,1234,4365,INSTR_WORD_MOD,778,1234004365,0,0
V6_cTS,1234,4382,INSTR_WORD_MOD,3157,1234004382,0,0
V6_cTS,1234,4407,INSTR_WORD_MOD,3766,1234004407,0,0
V6_cTS,1234,4465,INSTR_WORD_MOD,2651,1234004465,0,0
V6_cTS,1234,4468,INSTR_WORD_MOD,858,1234004468,0,0
V6_cTS,1234,4472,INSTR_WORD_MOD,2776,1234004472,0,0
V6_cTS,1234,4489,INSTR_WORD_MOD,3760,1234004489,0,0
V6_cTS,1234,4493,POST_EXEC_PC_MOD,754,1234004493,0,0
V6_cTS,1234,4495,INSTR_WORD_MOD,3954,1234004495,0,0
V6_cTS,1234,4512,INSTR_WORD_MOD,3766,1234004512,0,0
V6_cTS,1234,4571,INSTR_WORD_MOD,2006,1234004571,0,0
V6_cTS,1234,4572,INSTR_WORD_MOD,3186,1234004572,0,0
V6_cTS,1234,4579,INSTR_WORD_MOD,3089,1234004579,0,0
V6_cTS,1234,4591,INSTR_WORD_MOD,773,1234004591,0,0
V6_cTS,1234,4603,INSTR_WORD_MOD,3958,1234004603,0,0
V6_cTS,1234,4616,INSTR_WORD_MOD,3766,1234004616,0,0
V6_cTS,1234,4617,INSTR_WORD_MOD,3591,1234004617,0,0
V6_cTS,1234,4638,POST_EXEC_PC_MOD,276,1234004638,0,0
V6_cTS,1234,4653,INSTR_WORD_MOD,372,1234004653,0,0
V6_cTS,1234,4659,INSTR_WORD_MOD,2063,1234004659,0,0
V6_cTS,1234,4663,INSTR_WORD_MOD,208,1234004663,0,0
V6_cTS,1234,4669,INSTR_WORD_MOD,276,1234004669,0,0
V6_cTS,1234,4675,INSTR_WORD_MOD,1019,1234004675,0,0
V6_cTS,1234,4684,INSTR_WORD_MOD,320,1234004684,0,0
V6_cTS,1234,4685,INSTR_WORD_MOD,933,1234004685,0,0
V6_cTS,1234,4706,INSTR_WORD_MOD,3201,1234004706,0,0
V6_cTS,1234,4713,INSTR_WORD_MOD,3961,1234004713,0,0
V6_cTS,1234,4717,INSTR_WORD_MOD,3942,1234004717,0,0
V6_cTS,1234,4765,INSTR_WORD_MOD,2920,1234004765,0,0
V6_cTS,1234,4770,INSTR_WORD_MOD,652,1234004770,0,0
V6_cTS,1234,4781,INSTR_WORD_MOD,3156,1234004781,0,0
V6_cTS,1234,4787,INSTR_WORD_MOD,1019,1234004787,0,0
V6_cTS,1234,4800,INSTR_WORD_MOD,1288,1234004800,0,0
V6_cTS,1234,4805,INSTR_WORD_MOD,2534,1234004805,0,0
V6_cTS,1234,4813,INSTR_WORD_MOD,2550,1234004813,0,0
V6_cTS,1234,4821,INSTR_WORD_MOD,2507,1234004821,0,0
V6_cTS,1234,4878,INSTR_WORD_MOD,19,1234004878,0,0
V6_cTS,1234,4883,POST_EXEC_PC_MOD,3949,1234004883,0,0
V6_cTS,1234,4921,INSTR_WORD_MOD,3944,1234004921,0,0
V6_cTS,1234,4927,INSTR_WORD_MOD,3766,1234004927,0,0
V6_cTS,1234,4928,INSTR_WORD_MOD,452,1234004928,0,0
V6_cTS,1234,5003,POST_EXEC_PC_MOD,529,1234005003,0,0
V6_cTS,1234,5025,INSTR_WORD_MOD,3760,1234005025,0,0
V6_cTS,1234,5026,INSTR_WORD_MOD,618,1234005026,0,0
V6_cTS,1234,5032,INSTR_WORD_MOD,3956,1234005032,0,0
V6_cTS,1234,5073,INSTR_WORD_MOD,1396,1234005073,0,0
V6_cTS,1234,5101,INSTR_WORD_MOD,3112,1234005101,0,0
V6_cTS,1234,5103,INSTR_WORD_MOD,2419,1234005103,0,0
V6_cTS,1234,5129,INSTR_WORD_MOD,3946,1234005129,0,0
V6_cTS,1234,5199,INSTR_WORD_MOD,1879,1234005199,0,0
V6_cTS,1234,5202,POST_EXEC_PC_MOD,3894,1234005202,0,0
V6_cTS,1234,5214,INSTR_WORD_MOD,276,1234005214,0,0
V6_cTS,1234,5215,INSTR_WORD_MOD,157,1234005215,0,0
V6_cTS,1234,5218,INSTR_WORD_MOD,2506,1234005218,0,0
V6_cTS,1234,5222,INSTR_WORD_MOD,2260,1234005222,0,0
V6_cTS,1234,5232,POST_EXEC_PC_MOD,294,1234005232,0,0
V6_cTS,1234,5304,INSTR_WORD_MOD,536,1234005304,0,0
V6_cTS,1234,5311,INSTR_WORD_MOD,276,1234005311,0,0
V6_cTS,1234,5322,INSTR_WORD_MOD,857,1234005322,0,0
V6_cTS,1234,5333,INSTR_WORD_MOD,2386,1234005333,0,0
V6_cTS,1234,5340,INSTR_WORD_MOD,2366,1234005340,0,0
V6_cTS,1234,5351,INSTR_WORD_MOD,3961,1234005351,0,0
V6_cTS,1234,5360,INSTR_WORD_MOD,174,1234005360,0,0
V6_cTS,1234,5411,INSTR_WORD_MOD,1651,1234005411,0,0
V6_cTS,1234,5413,INSTR_WORD_MOD,3778,1234005413,0,0
V6_cTS,1234,5422,INSTR_WORD_MOD,19,1234005422,0,0
V6_cTS,1234,5425,INSTR_WORD_MOD,2796,1234005425,0,0
V6_cTS,1234,5426,POST_EXEC_PC_MOD,2889,1234005426,0,0
V6_cTS,1234,5428,INSTR_WORD_MOD,858,1234005428,0,0
V6_cTS,1234,5442,INSTR_WORD_MOD,933,1234005442,0,0
V6_cTS,1234,5449,INSTR_WORD_MOD,2552,1234005449,0,0
V6_cTS,1234,5510,INSTR_WORD_MOD,276,1234005510,0,0
V6_cTS,1234,5518,INSTR_WORD_MOD,2535,1234005518,0,0
V6_cTS,1234,5550,INSTR_WORD_MOD,3503,1234005550,0,0
V6_cTS,1234,5613,INSTR_WORD_MOD,2291,1234005613,0,0
V6_cTS,1234,5624,INSTR_WORD_MOD,465,1234005624,0,0
V6_cTS,1234,5625,INSTR_WORD_MOD,2535,1234005625,0,0
V6_cTS,1234,5638,INSTR_WORD_MOD,777,1234005638,0,0
V6_cTS,1234,5647,INSTR_WORD_MOD,773,1234005647,0,0
V6_cTS,1234,5737,INSTR_WORD_MOD,3535,1234005737,0,0
V6_cTS,1234,5738,INSTR_WORD_MOD,276,1234005738,0,0
V6_cTS,1234,5760,INSTR_WORD_MOD,721,1234005760,0,0
V6_cTS,1234,5761,INSTR_WORD_MOD,933,1234005761,0,0
V6_cTS,1234,5780,POST_EXEC_PC_MOD,3929,1234005780,0,0
V6_cTS,1234,5819,INSTR_WORD_MOD,1020,1234005819,0,0
V6_cTS,1234,5833,INSTR_WORD_MOD,19,1234005833,0,0
V6_cTS,1234,5841,INSTR_WORD_MOD,3186,1234005841,0,0
V6_cTS,1234,5874,INSTR_WORD_MOD,765,1234005874,0,0
V6_cTS,1234,5926,INSTR_WORD_MOD,296,1234005926,0,0
V6_cTS,1234,5948,INSTR_WORD_MOD,778,1234005948,0,0
V6_cTS,1234,5952,INSTR_WORD_MOD,2701,1234005952,0,0
V6_cTS,1234,5957,INSTR_WORD_MOD,933,1234005957,0,0
V6_cTS,1234,5969,INSTR_WORD_MOD,773,1234005969,0,0
V6_cTS,1234,5982,INSTR_WORD_MOD,3766,1234005982,0,0
V6_cTS,1234,6028,INSTR_WORD_MOD,354,1234006028,0,0
V6_cTS,1234,6054,POST_EXEC_PC_MOD,2506,1234006054,0,0
V6_cTS,1234,6086,INSTR_WORD_MOD,3961,1234006086,0,0
V6_cTS,1234,6128,INSTR_WORD_MOD,1002,1234006128,0,0
V6_cTS,1234,6165,INSTR_WORD_MOD,107,1234006165,0,0
V6_cTS,1234,6171,INSTR_WORD_MOD,618,1234006171,0,0
V6_cTS,1234,6178,INSTR_WORD_MOD,3956,1234006178,0,0
V6_cTS,1234,6179,INSTR_WORD_MOD,3961,1234006179,0,0
V6_cTS,1234,6216,POST_EXEC_PC_MOD,2706,1234006216,0,0
V6_cTS,1234,6234,INSTR_WORD_MOD,1874,1234006234,0,0
V6_cTS,1234,6264,INSTR_WORD_MOD,933,1234006264,0,0
V6_cTS,1234,6266,INSTR_WORD_MOD,788,1234006266,0,0
V6_cTS,1234,6284,INSTR_WORD_MOD,290,1234006284,0,0
V6_cTS,1234,6295,POST_EXEC_PC_MOD,2494,1234006295,0,0
V6_cTS,1234,6369,INSTR_WORD_MOD,1615,1234006369,0,0
V6_cTS,1234,6387,INSTR_WORD_MOD,3951,1234006387,0,0
V6_cTS,1234,6445,INSTR_WORD_MOD,561,1234006445,0,0
V6_cTS,1234,6446,INSTR_WORD_MOD,1002,1234006446,0,0
V6_cTS,1234,6448,INSTR_WORD_MOD,842,1234006448,0,0
V6_cTS,1234,6482,INSTR_WORD_MOD,933,1234006482,0,0
V6_cTS,1234,6503,INSTR_WORD_MOD,3961,1234006503,0,0
V6_cTS,1234,6550,INSTR_WORD_MOD,2081,1234006550,0,0
V6_cTS,1234,6569,INSTR_WORD_MOD,3823,1234006569,0,0
V6_cTS,1234,6571,INSTR_WORD_MOD,1216,1234006571,0,0
V6_cTS,1234,6572,INSTR_WORD_MOD,3057,1234006572,0,0
V6_cTS,1234,6576,INSTR_WORD_MOD,777,1234006576,0,0
V6_cTS,1234,6582,INSTR_WORD_MOD,773,1234006582,0,0
V6_cTS,1234,6591,INSTR_WORD_MOD,3961,1234006591,0,0
V6_cTS,1234,6602,POST_EXEC_PC_MOD,2541,1234006602,0,0
V6_cTS,1234,6639,INSTR_WORD_MOD,938,1234006639,0,0
V6_cTS,1234,6642,INSTR_WORD_MOD,915,1234006642,0,0
V6_cTS,1234,6655,INSTR_WORD_MOD,157,1234006655,0,0
V6_cTS,1234,6659,POST_EXEC_PC_MOD,336,1234006659,0,0
V6_cTS,1234,6664,INSTR_WORD_MOD,1112,1234006664,0,0
V6_cTS,1234,6674,INSTR_WORD_MOD,3737,1234006674,0,0
V6_cTS,1234,6682,INSTR_WORD_MOD,2086,1234006682,0,0
V6_cTS,1234,6695,INSTR_WORD_MOD,3956,1234006695,0,0
V6_cTS,1234,6703,INSTR_WORD_MOD,840,1234006703,0,0
V6_cTS,1234,6751,INSTR_WORD_MOD,1096,1234006751,0,0
V6_cTS,1234,6763,INSTR_WORD_MOD,276,1234006763,0,0
V6_cTS,1234,6771,POST_EXEC_PC_MOD,3336,1234006771,0,0
V6_cTS,1234,6773,INSTR_WORD_MOD,3840,1234006773,0,0
V6_cTS,1234,6785,INSTR_WORD_MOD,933,1234006785,0,0
V6_cTS,1234,6866,INSTR_WORD_MOD,276,1234006866,0,0
V6_cTS,1234,6868,INSTR_WORD_MOD,19,1234006868,0,0
V6_cTS,1234,6875,INSTR_WORD_MOD,2013,1234006875,0,0
V6_cTS,1234,6884,INSTR_WORD_MOD,933,1234006884,0,0
V6_cTS,1234,6896,INSTR_WORD_MOD,2550,1234006896,0,0
V6_cTS,1234,6915,INSTR_WORD_MOD,3591,1234006915,0,0
V6_cTS,1234,6965,INSTR_WORD_MOD,3266,1234006965,0,0
V6_cTS,1234,6966,INSTR_WORD_MOD,937,1234006966,0,0
V6_cTS,1234,6984,INSTR_WORD_MOD,157,1234006984,0,0
V6_cTS,1234,6995,INSTR_WORD_MOD,1111,1234006995,0,0
V6_cTS,1234,6996,POST_EXEC_PC_MOD,1086,1234006996,0,0
V6_cTS,1234,7004,INSTR_WORD_MOD,1648,1234007004,0,0
V6_cTS,1234,7008,INSTR_WORD_MOD,3852,1234007008,0,0
V6_cTS,1234,7017,INSTR_WORD_MOD,618,1234007017,0,0
V6_cTS,1234,7043,POST_EXEC_PC_MOD,3441,1234007043,0,0
V6_cTS,1234,7072,INSTR_WORD_MOD,3391,1234007072,0,0
V6_cTS,1234,7081,INSTR_WORD_MOD,276,1234007081,0,0
V6_cTS,1234,7083,INSTR_WORD_MOD,19,1234007083,0,0
V6_cTS,1234,7089,INSTR_WORD_MOD,3279,1234007089,0,0
V6_cTS,1234,7108,INSTR_WORD_MOD,1328,1234007108,0,0
V6_cTS,1234,7127,INSTR_WORD_MOD,773,1234007127,0,0
V6_cTS,1234,7151,POST_EXEC_PC_MOD,2350,1234007151,0,0
V6_cTS,1234,7181,INSTR_WORD_MOD,1020,1234007181,0,0
V6_cTS,1234,7194,INSTR_WORD_MOD,19,1234007194,0,0
V6_cTS,1234,7199,INSTR_WORD_MOD,3840,1234007199,0,0
V6_cTS,1234,7200,INSTR_WORD_MOD,2700,1234007200,0,0
V6_cTS,1234,7233,INSTR_WORD_MOD,3766,1234007233,0,0
V6_cTS,1234,7234,INSTR_WORD_MOD,452,1234007234,0,0
V6_cTS,1234,7263,INSTR_WORD_MOD,170,1234007263,0,0
V6_cTS,1234,7275,INSTR_WORD_MOD,1069,1234007275,0,0
V6_cTS,1234,7277,INSTR_WORD_MOD,3810,1234007277,0,0
V6_cTS,1234,7284,INSTR_WORD_MOD,1074,1234007284,0,0
V6_cTS,1234,7287,INSTR_WORD_MOD,276,1234007287,0,0
V6_cTS,1234,7292,INSTR_WORD_MOD,2262,1234007292,0,0
V6_cTS,1234,7318,INSTR_WORD_MOD,2311,1234007318,0,0
V6_cTS,1234,7319,INSTR_WORD_MOD,773,1234007319,0,0
V6_cTS,1234,7384,POST_EXEC_PC_MOD,2311,1234007384,0,0
V6_cTS,1234,7387,INSTR_WORD_MOD,1107,1234007387,0,0
V6_cTS,1234,7392,INSTR_WORD_MOD,3744,1234007392,0,0
V6_cTS,1234,7410,INSTR_WORD_MOD,2979,1234007410,0,0
V6_cTS,1234,7417,INSTR_WORD_MOD,777,1234007417,0,0
V6_cTS,1234,7427,INSTR_WORD_MOD,2552,1234007427,0,0
V6_cTS,1234,7428,INSTR_WORD_MOD,773,1234007428,0,0
V6_cTS,1234,7429,INSTR_WORD_MOD,3161,1234007429,0,0
V6_cTS,1234,7435,INSTR_WORD_MOD,3961,1234007435,0,0
V6_cTS,1234,7464,INSTR_WORD_MOD,175,1234007464,0,0
V6_cTS,1234,7474,INSTR_WORD_MOD,175,1234007474,0,0
V6_cTS,1234,7510,INSTR_WORD_MOD,276,1234007510,0,0
V6_cTS,1234,7518,INSTR_WORD_MOD,858,1234007518,0,0
V6_cTS,1234,7537,POST_EXEC_PC_MOD,2494,1234007537,0,0
V6_cTS,1234,7538,INSTR_WORD_MOD,3892,1234007538,0,0
V6_cTS,1234,7539,INSTR_WORD_MOD,2539,1234007539,0,0
V6_cTS,1234,7593,INSTR_WORD_MOD,385,1234007593,0,0
V6_cTS,1234,7611,INSTR_WORD_MOD,2535,1234007611,0,0
V6_cTS,1234,7646,INSTR_WORD_MOD,452,1234007646,0,0
V6_cTS,1234,7655,INSTR_WORD_MOD,3553,1234007655,0,0
V6_cTS,1234,7717,INSTR_WORD_MOD,3156,1234007717,0,0
V6_cTS,1234,7724,INSTR_WORD_MOD,2816,1234007724,0,0
V6_cTS,1234,7725,INSTR_WORD_MOD,1015,1234007725,0,0
V6_cTS,1234,7727,INSTR_WORD_MOD,2706,1234007727,0,0
V6_cTS,1234,7731,INSTR_WORD_MOD,933,1234007731,0,0
V6_cTS,1234,7734,INSTR_WORD_MOD,2850,1234007734,0,0
V6_cTS,1234,7742,INSTR_WORD_MOD,3760,1234007742,0,0
V6_cTS,1234,7823,INSTR_WORD_MOD,614,1234007823,0,0
V6_cTS,1234,7834,INSTR_WORD_MOD,2506,1234007834,0,0
V6_cTS,1234,7846,INSTR_WORD_MOD,933,1234007846,0,0
V6_cTS,1234,7856,POST_EXEC_PC_MOD,1242,1234007856,0,0
V6_cTS,1234,7861,INSTR_WORD_MOD,773,1234007861,0,0
V6_cTS,1234,7874,INSTR_WORD_MOD,3954,1234007874,0,0
V6_cTS,1234,7877,INSTR_WORD_MOD,3961,1234007877,0,0
V6_cTS,1234,7927,INSTR_WORD_MOD,276,1234007927,0,0
V6_cTS,1234,7944,INSTR_WORD_MOD,933,1234007944,0,0
V6_cTS,1234,8003,POST_EXEC_PC_MOD,2942,1234008003,0,0
V6_cTS,1234,8042,INSTR_WORD_MOD,1020,1234008042,0,0
V6_cTS,1234,8055,INSTR_WORD_MOD,157,1234008055,0,0
V6_cTS,1234,8072,INSTR_WORD_MOD,2369,1234008072,0,0
V6_cTS,1234,8084,INSTR_WORD_MOD,773,1234008084,0,0
V6_cTS,1234,8123,INSTR_WORD_MOD,2055,1234008123,0,0
V6_cTS,1234,8128,POST_EXEC_PC_MOD,3078,1234008128,0,0
V6_cTS,1234,8155,INSTR_WORD_MOD,858,1234008155,0,0
V6_cTS,1234,8159,POST_EXEC_PC_MOD,618,1234008159,0,0
V6_cTS,1234,8168,INSTR_WORD_MOD,933,1234008168,0,0
V6_cTS,1234,8177,INSTR_WORD_MOD,2552,1234008177,0,0
V6_cTS,1234,8179,INSTR_WORD_MOD,773,1234008179,0,0
V6_cTS,1234,8192,INSTR_WORD_MOD,295,1234008192,0,0
V6_cTS,1234,8223,POST_EXEC_PC_MOD,763,1234008223,0,0
V6_cTS,1234,8238,INSTR_WORD_MOD,1094,1234008238,0,0
V6_cTS,1234,8255,INSTR_WORD_MOD,1112,1234008255,0,0
V6_cTS,1234,8263,INSTR_WORD_MOD,777,1234008263,0,0
V6_cTS,1234,8267,INSTR_WORD_MOD,1194,1234008267,0,0
V6_cTS,1234,8274,INSTR_WORD_MOD,2311,1234008274,0,0
V6_cTS,1234,8283,INSTR_WORD_MOD,3961,1234008283,0,0
V6_cTS,1234,8292,INSTR_WORD_MOD,452,1234008292,0,0
V6_cTS,1234,8341,INSTR_WORD_MOD,840,1234008341,0,0
V6_cTS,1234,8355,INSTR_WORD_MOD,19,1234008355,0,0
V6_cTS,1234,8359,INSTR_WORD_MOD,1015,1234008359,0,0
V6_cTS,1234,8360,INSTR_WORD_MOD,1603,1234008360,0,0
V6_cTS,1234,8379,INSTR_WORD_MOD,618,1234008379,0,0
V6_cTS,1234,8391,INSTR_WORD_MOD,3961,1234008391,0,0
V6_cTS,1234,8398,INSTR_WORD_MOD,3766,1234008398,0,0
V6_cTS,1234,8457,INSTR_WORD_MOD,619,1234008457,0,0
V6_cTS,1234,8474,INSTR_WORD_MOD,205,1234008474,0,0
V6_cTS,1234,8475,INSTR_WORD_MOD,2076,1234008475,0,0
V6_cTS,1234,8493,INSTR_WORD_MOD,773,1234008493,0,0
V6_cTS,1234,8496,INSTR_WORD_MOD,3561,1234008496,0,0
V6_cTS,1234,8585,INSTR_WORD_MOD,918,1234008585,0,0
V6_cTS,1234,8595,INSTR_WORD_MOD,777,1234008595,0,0
V6_cTS,1234,8609,INSTR_WORD_MOD,3161,1234008609,0,0
V6_cTS,1234,8695,INSTR_WORD_MOD,3156,1234008695,0,0
V6_cTS,1234,8696,INSTR_WORD_MOD,2477,1234008696,0,0
V6_cTS,1234,8701,INSTR_WORD_MOD,858,1234008701,0,0
V6_cTS,1234,8714,INSTR_WORD_MOD,933,1234008714,0,0
V6_cTS,1234,8715,INSTR_WORD_MOD,788,1234008715,0,0
V6_cTS,1234,8716,INSTR_WORD_MOD,1251,1234008716,0,0
V6_cTS,1234,8731,INSTR_WORD_MOD,2607,1234008731,0,0
V6_cTS,1234,8799,INSTR_WORD_MOD,2506,1234008799,0,0
V6_cTS,1234,8809,POST_EXEC_PC_MOD,276,1234008809,0,0
V6_cTS,1234,8814,INSTR_WORD_MOD,933,1234008814,0,0
V6_cTS,1234,8825,INSTR_WORD_MOD,2321,1234008825,0,0
V6_cTS,1234,8837,INSTR_WORD_MOD,3954,1234008837,0,0
V6_cTS,1234,8838,INSTR_WORD_MOD,3961,1234008838,0,0
V6_cTS,1234,8938,INSTR_WORD_MOD,3182,1234008938,0,0
V6_cTS,1234,8968,POST_EXEC_PC_MOD,2047,1234008968,0,0
V6_cTS,1234,8996,INSTR_WORD_MOD,456,1234008996,0,0
V6_cTS,1234,9019,INSTR_WORD_MOD,3186,1234009019,0,0
V6_cTS,1234,9028,INSTR_WORD_MOD,777,1234009028,0,0
V6_cTS,1234,9034,INSTR_WORD_MOD,3760,1234009034,0,0
V6_cTS,1234,9035,INSTR_WORD_MOD,773,1234009035,0,0
V6_cTS,1234,9046,INSTR_WORD_MOD,3961,1234009046,0,0
V6_cTS,1234,9056,INSTR_WORD_MOD,765,1234009056,0,0
V6_cTS,1234,9126,INSTR_WORD_MOD,3156,1234009126,0,0
V6_cTS,1234,9133,INSTR_WORD_MOD,3182,1234009133,0,0
V6_cTS,1234,9140,INSTR_WORD_MOD,933,1234009140,0,0
V6_cTS,1234,9150,INSTR_WORD_MOD,773,1234009150,0,0
V6_cTS,1234,9162,POST_EXEC_PC_MOD,3766,1234009162,0,0
V6_cTS,1234,9165,INSTR_WORD_MOD,3591,1234009165,0,0
V6_cTS,1234,9214,INSTR_WORD_MOD,385,1234009214,0,0
V6_cTS,1234,9223,INSTR_WORD_MOD,276,1234009223,0,0
V6_cTS,1234,9225,INSTR_WORD_MOD,19,1234009225,0,0
V6_cTS,1234,9232,INSTR_WORD_MOD,3840,1234009232,0,0
V6_cTS,1234,9235,INSTR_WORD_MOD,387,1234009235,0,0
V6_cTS,1234,9242,INSTR_WORD_MOD,777,1234009242,0,0
V6_cTS,1234,9286,POST_EXEC_PC_MOD,3948,1234009286,0,0
V6_cTS,1234,9317,INSTR_WORD_MOD,2081,1234009317,0,0
V6_cTS,1234,9349,INSTR_WORD_MOD,2151,1234009349,0,0
V6_cTS,1234,9366,INSTR_WORD_MOD,2311,1234009366,0,0
V6_cTS,1234,9410,INSTR_WORD_MOD,1878,1234009410,0,0
V6_cTS,1234,9417,INSTR_WORD_MOD,157,1234009417,0,0
V6_cTS,1234,9418,INSTR_WORD_MOD,3894,1234009418,0,0
V6_cTS,1234,9420,INSTR_WORD_MOD,2006,1234009420,0,0
V6_cTS,1234,9429,INSTR_WORD_MOD,933,1234009429,0,0
V6_cTS,1234,9436,INSTR_WORD_MOD,3760,1234009436,0,0
V6_cTS,1234,9438,INSTR_WORD_MOD,618,1234009438,0,0
V6_cTS,1234,9448,INSTR_WORD_MOD,3961,1234009448,0,0
V6_cTS,1234,9449,POST_EXEC_PC_MOD,824,1234009449,0,0
V6_cTS,1234,9460,INSTR_WORD_MOD,3766,1234009460,0,0
V6_cTS,1234,9473,POST_EXEC_PC_MOD,451,1234009473,0,0
V6_cTS,1234,9527,INSTR_WORD_MOD,2411,1234009527,0,0
V6_cTS,1234,9554,INSTR_WORD_MOD,777,1234009554,0,0
V6_cTS,1234,9631,INSTR_WORD_MOD,457,1234009631,0,0
V6_cTS,1234,9647,INSTR_WORD_MOD,276,1234009647,0,0
V6_cTS,1234,9655,INSTR_WORD_MOD,3186,1234009655,0,0
V6_cTS,1234,9658,POST_EXEC_PC_MOD,2494,1234009658,0,0
V6_cTS,1234,9667,INSTR_WORD_MOD,777,1234009667,0,0
V6_cTS,1234,9670,INSTR_WORD_MOD,58,1234009670,0,0
V6_cTS,1234,9683,INSTR_WORD_MOD,3961,1234009683,0,0
V6_cTS,1234,9728,POST_EXEC_PC_MOD,2162,1234009728,0,0
V6_cTS,1234,9793,INSTR_WORD_MOD,618,1234009793,0,0
V6_cTS,1234,9798,INSTR_WORD_MOD,929,1234009798,0,0
V6_cTS,1234,9820,POST_EXEC_PC_MOD,3961,1234009820,0,0
V6_cTS,1234,9841,INSTR_WORD_MOD,938,1234009841,0,0
V6_cTS,1234,9862,INSTR_WORD_MOD,1015,1234009862,0,0
V6_cTS,1234,9890,INSTR_WORD_MOD,3958,1234009890,0,0
V6_cTS,1234,9891,INSTR_WORD_MOD,3961,1234009891,0,0
V6_cTS,1234,9898,INSTR_WORD_MOD,3766,1234009898,0,0
V6_cTS,1234,9899,INSTR_WORD_MOD,3591,1234009899,0,0
V6_cTS,1234,9977,INSTR_WORD_MOD,2182,1234009977,0,0
V6_cTS,1234,9980,INSTR_WORD_MOD,3747,1234009980,0,0
V6_cTS,1234,9996,INSTR_WORD_MOD,618,1234009996,0,0
V6_cTS,1234,10000,INSTR_WORD_MOD,2540,1234010000,0,0
V6_cTS,1235,29,INSTR_WORD_MOD,276,1235000029,0,0
V6_cTS,1235,30,INSTR_WORD_MOD,19,1235000030,0,0
V6_cTS,1235,34,INSTR_WORD_MOD,858,1235000034,0,0
V6_cTS,1235,40,INSTR_WORD_MOD,777,1235000040,0,0
V6_cTS,1235,51,INSTR_WORD_MOD,3961,1235000051,0,0
V6_cTS,1235,57,INSTR_WORD_MOD,452,1235000057,0,0
V6_cTS,1235,62,INSTR_WORD_MOD,361,1235000062,0,0
V6_cTS,1235,63,INSTR_WORD_MOD,760,1235000063,0,0
V6_cTS,1235,70,INSTR_WORD_MOD,372,1235000070,0,0
V6_cTS,1235,175,POST_EXEC_PC_MOD,3961,1235000175,0,0
V6_cTS,1235,201,POST_EXEC_PC_MOD,449,1235000201,0,0
V6_cTS,1235,460,INSTR_WORD_MOD,1564,1235000460,0,0
V6_cTS,1235,467,INSTR_WORD_MOD,3156,1235000467,0,0
V6_cTS,1235,499,INSTR_WORD_MOD,2489,1235000499,0,0
V6_cTS,1235,502,INSTR_WORD_MOD,367,1235000502,0,0
V6_cTS,1235,512,INSTR_WORD_MOD,840,1235000512,0,0
V6_cTS,1235,583,POST_EXEC_PC_MOD,1636,1235000583,0,0
V6_cTS,1235,607,POST_EXEC_PC_MOD,773,1235000607,0,0
V6_cTS,1235,611,POST_EXEC_PC_MOD,3958,1235000611,0,0
V6_cTS,1235,615,POST_EXEC_PC_MOD,3951,1235000615,0,0
V6_cTS,1235,617,POST_EXEC_PC_MOD,3766,1235000617,0,0
V6_cTS,1235,623,POST_EXEC_PC_MOD,3129,1235000623,0,0
V6_cTS,1235,629,POST_EXEC_PC_MOD,1854,1235000629,0,0
V6_cTS,1235,633,POST_EXEC_PC_MOD,841,1235000633,0,0
V6_cTS,1235,921,POST_EXEC_PC_MOD,3127,1235000921,0,0
V6_cTS,1235,923,POST_EXEC_PC_MOD,2715,1235000923,0,0
V6_cTS,1235,927,POST_EXEC_PC_MOD,966,1235000927,0,0
V6_cTS,1235,1011,INSTR_WORD_MOD,291,1235001011,0,0
V6_cTS,1235,1031,POST_EXEC_PC_MOD,3441,1235001031,0,0
V6_cTS,1235,1131,INSTR_WORD_MOD,175,1235001131,0,0
V6_cTS,1235,1238,POST_EXEC_PC_MOD,2540,1235001238,0,0
V6_cTS,1235,1271,INSTR_WORD_MOD,773,1235001271,0,0
V6_cTS,1235,1322,POST_EXEC_PC_MOD,3943,1235001322,0,0
V6_cTS,1235,1326,INSTR_WORD_MOD,3078,1235001326,0,0
V6_cTS,1235,1329,INSTR_WORD_MOD,1111,1235001329,0,0
V6_cTS,1235,1331,INSTR_WORD_MOD,3961,1235001331,0,0
V6_cTS,1235,1346,POST_EXEC_PC_MOD,2848,1235001346,0,0
V6_cTS,1235,1348,POST_EXEC_PC_MOD,452,1235001348,0,0
V6_cTS,1235,1358,POST_EXEC_PC_MOD,368,1235001358,0,0
V6_cTS,1235,1378,INSTR_WORD_MOD,176,1235001378,0,0
V6_cTS,1235,1473,INSTR_WORD_MOD,2081,1235001473,0,0
V6_cTS,1235,1540,INSTR_WORD_MOD,2081,1235001540,0,0
V6_cTS,1235,1561,INSTR_WORD_MOD,3182,1235001561,0,0
V6_cTS,1235,1581,INSTR_WORD_MOD,618,1235001581,0,0
V6_cTS,1235,1620,INSTR_WORD_MOD,3766,1235001620,0,0
V6_cTS,1235,1641,INSTR_WORD_MOD,19,1235001641,0,0
V6_cTS,1235,1649,INSTR_WORD_MOD,1985,1235001649,0,0
V6_cTS,1235,1651,INSTR_WORD_MOD,2535,1235001651,0,0
V6_cTS,1235,1657,INSTR_WORD_MOD,3078,1235001657,0,0
V6_cTS,1235,1666,INSTR_WORD_MOD,2321,1235001666,0,0
V6_cTS,1235,1679,INSTR_WORD_MOD,3961,1235001679,0,0
V6_cTS,1235,1688,INSTR_WORD_MOD,3591,1235001688,0,0
V6_cTS,1235,1705,INSTR_WORD_MOD,3766,1235001705,0,0
V6_cTS,1235,1747,INSTR_WORD_MOD,276,1235001747,0,0
V6_cTS,1235,1748,INSTR_WORD_MOD,3156,1235001748,0,0
V6_cTS,1235,1759,INSTR_WORD_MOD,3166,1235001759,0,0
V6_cTS,1235,1799,POST_EXEC_PC_MOD,590,1235001799,0,0
V6_cTS,1235,1860,INSTR_WORD_MOD,276,1235001860,0,0
V6_cTS,1235,1862,INSTR_WORD_MOD,19,1235001862,0,0
V6_cTS,1235,1871,INSTR_WORD_MOD,1015,1235001871,0,0
V6_cTS,1235,1947,INSTR_WORD_MOD,699,1235001947,0,0
V6_cTS,1235,1967,INSTR_WORD_MOD,1112,1235001967,0,0
V6_cTS,1235,1974,INSTR_WORD_MOD,933,1235001974,0,0
V6_cTS,1235,1982,INSTR_WORD_MOD,3337,1235001982,0,0
V6_cTS,1235,1997,INSTR_WORD_MOD,3958,1235001997,0,0
V6_cTS,1235,1998,INSTR_WORD_MOD,3961,1235001998,0,0
V6_cTS,1235,2065,INSTR_WORD_MOD,157,1235002065,0,0
V6_cTS,1235,2076,INSTR_WORD_MOD,1957,1235002076,0,0
V6_cTS,1235,2175,INSTR_WORD_MOD,3156,1235002175,0,0
V6_cTS,1235,2183,INSTR_WORD_MOD,1985,1235002183,0,0
V6_cTS,1235,2184,INSTR_WORD_MOD,1111,1235002184,0,0
V6_cTS,1235,2206,INSTR_WORD_MOD,2852,1235002206,0,0
V6_cTS,1235,2220,INSTR_WORD_MOD,3961,1235002220,0,0
V6_cTS,1235,2273,INSTR_WORD_MOD,614,1235002273,0,0
V6_cTS,1235,2286,INSTR_WORD_MOD,686,1235002286,0,0
V6_cTS,1235,2289,INSTR_WORD_MOD,3156,1235002289,0,0
V6_cTS,1235,2298,INSTR_WORD_MOD,2076,1235002298,0,0
V6_cTS,1235,2376,INSTR_WORD_MOD,3156,1235002376,0,0
V6_cTS,1235,2412,INSTR_WORD_MOD,2311,1235002412,0,0
V6_cTS,1235,2413,INSTR_WORD_MOD,773,1235002413,0,0
V6_cTS,1235,2474,INSTR_WORD_MOD,3528,1235002474,0,0
V6_cTS,1235,2484,INSTR_WORD_MOD,276,1235002484,0,0
V6_cTS,1235,2488,INSTR_WORD_MOD,157,1235002488,0,0
V6_cTS,1235,2492,INSTR_WORD_MOD,2699,1235002492,0,0
V6_cTS,1235,2493,INSTR_WORD_MOD,3840,1235002493,0,0
V6_cTS,1235,2514,INSTR_WORD_MOD,3892,1235002514,0,0
V6_cTS,1235,2516,INSTR_WORD_MOD,575,1235002516,0,0
V6_cTS,1235,2525,INSTR_WORD_MOD,3591,1235002525,0,0
V6_cTS,1235,2566,INSTR_WORD_MOD,3390,1235002566,0,0
V6_cTS,1235,2568,INSTR_WORD_MOD,376,1235002568,0,0
V6_cTS,1235,2603,POST_EXEC_PC_MOD,999,1235002603,0,0
V6_cTS,1235,2604,INSTR_WORD_MOD,2321,1235002604,0,0
V6_cTS,1235,2605,INSTR_WORD_MOD,773,1235002605,0,0
V6_cTS,1235,2621,INSTR_WORD_MOD,3961,1235002621,0,0
V6_cTS,1235,2628,INSTR_WORD_MOD,295,1235002628,0,0
V6_cTS,1235,2635,INSTR_WORD_MOD,760,1235002635,0,0
V6_cTS,1235,2686,INSTR_WORD_MOD,276,1235002686,0,0
V6_cTS,1235,2687,INSTR_WORD_MOD,157,1235002687,0,0
V6_cTS,1235,2737,INSTR_WORD_MOD,3961,1235002737,0,0
V6_cTS,1235,2767,POST_EXEC_PC_MOD,3955,1235002767,0,0
V6_cTS,1235,2799,INSTR_WORD_MOD,1020,1235002799,0,0
V6_cTS,1235,2802,INSTR_WORD_MOD,1340,1235002802,0,0
V6_cTS,1235,2816,INSTR_WORD_MOD,2076,1235002816,0,0
V6_cTS,1235,2826,INSTR_WORD_MOD,3112,1235002826,0,0
V6_cTS,1235,2834,INSTR_WORD_MOD,3760,1235002834,0,0
V6_cTS,1235,2921,INSTR_WORD_MOD,3840,1235002921,0,0
V6_cTS,1235,2936,INSTR_WORD_MOD,1240,1235002936,0,0
V6_cTS,1235,2940,INSTR_WORD_MOD,618,1235002940,0,0
V6_cTS,1235,2944,INSTR_WORD_MOD,3761,1235002944,0,0
V6_cTS,1235,2959,INSTR_WORD_MOD,452,1235002959,0,0
V6_cTS,1235,2985,INSTR_WORD_MOD,920,1235002985,0,0
V6_cTS,1235,3010,INSTR_WORD_MOD,457,1235003010,0,0
V6_cTS,1235,3023,INSTR_WORD_MOD,276,1235003023,0,0
V6_cTS,1235,3030,INSTR_WORD_MOD,858,1235003030,0,0
V6_cTS,1235,3033,INSTR_WORD_MOD,2782,1235003033,0,0
V6_cTS,1235,3039,INSTR_WORD_MOD,2805,1235003039,0,0
V6_cTS,1235,3042,INSTR_WORD_MOD,3454,1235003042,0,0
V6_cTS,1235,3047,INSTR_WORD_MOD,933,1235003047,0,0
V6_cTS,1235,3064,INSTR_WORD_MOD,773,1235003064,0,0
V6_cTS,1235,3107,INSTR_WORD_MOD,1452,1235003107,0,0
V6_cTS,1235,3109,INSTR_WORD_MOD,537,1235003109,0,0
V6_cTS,1235,3113,INSTR_WORD_MOD,1623,1235003113,0,0
V6_cTS,1235,3116,INSTR_WORD_MOD,19,1235003116,0,0
V6_cTS,1235,3122,INSTR_WORD_MOD,778,1235003122,0,0
V6_cTS,1235,3137,INSTR_WORD_MOD,933,1235003137,0,0
V6_cTS,1235,3145,INSTR_WORD_MOD,2311,1235003145,0,0
V6_cTS,1235,3148,INSTR_WORD_MOD,618,1235003148,0,0
V6_cTS,1235,3159,INSTR_WORD_MOD,3961,1235003159,0,0
V6_cTS,1235,3222,INSTR_WORD_MOD,2477,1235003222,0,0
V6_cTS,1235,3232,INSTR_WORD_MOD,2510,1235003232,0,0
V6_cTS,1235,3244,INSTR_WORD_MOD,933,1235003244,0,0
V6_cTS,1235,3280,INSTR_WORD_MOD,3766,1235003280,0,0
V6_cTS,1235,3323,INSTR_WORD_MOD,3128,1235003323,0,0
V6_cTS,1235,3336,INSTR_WORD_MOD,3156,1235003336,0,0
V6_cTS,1235,3367,INSTR_WORD_MOD,2552,1235003367,0,0
V6_cTS,1235,3370,INSTR_WORD_MOD,618,1235003370,0,0
V6_cTS,1235,3375,INSTR_WORD_MOD,3961,1235003375,0,0
V6_cTS,1235,3460,INSTR_WORD_MOD,2076,1235003460,0,0
V6_cTS,1235,3473,POST_EXEC_PC_MOD,294,1235003473,0,0
V6_cTS,1235,3533,INSTR_WORD_MOD,619,1235003533,0,0
V6_cTS,1235,3548,INSTR_WORD_MOD,545,1235003548,0,0
V6_cTS,1235,3558,INSTR_WORD_MOD,1648,1235003558,0,0
V6_cTS,1235,3565,INSTR_WORD_MOD,2552,1235003565,0,0
V6_cTS,1235,3572,INSTR_WORD_MOD,3961,1235003572,0,0
V6_cTS,1235,3586,INSTR_WORD_MOD,3591,1235003586,0,0
V6_cTS,1235,3595,POST_EXEC_PC_MOD,2552,1235003595,0,0
V6_cTS,1235,3624,POST_EXEC_PC_MOD,3929,1235003624,0,0
V6_cTS,1235,3638,INSTR_WORD_MOD,699,1235003638,0,0
V6_cTS,1235,3648,INSTR_WORD_MOD,19,1235003648,0,0
V6_cTS,1235,3654,INSTR_WORD_MOD,3186,1235003654,0,0
V6_cTS,1235,3674,INSTR_WORD_MOD,2550,1235003674,0,0
V6_cTS,1235,3735,INSTR_WORD_MOD,2081,1235003735,0,0
V6_cTS,1235,3742,INSTR_WORD_MOD,157,1235003742,0,0
V6_cTS,1235,3747,INSTR_WORD_MOD,2020,1235003747,0,0
V6_cTS,1235,3748,INSTR_WORD_MOD,3182,1235003748,0,0
V6_cTS,1235,3784,INSTR_WORD_MOD,3108,1235003784,0,0
V6_cTS,1235,3787,INSTR_WORD_MOD,3961,1235003787,0,0
V6_cTS,1235,3795,INSTR_WORD_MOD,3766,1235003795,0,0
V6_cTS,1235,3797,INSTR_WORD_MOD,3591,1235003797,0,0
V6_cTS,1235,3843,INSTR_WORD_MOD,880,1235003843,0,0
V6_cTS,1235,3844,INSTR_WORD_MOD,2531,1235003844,0,0
V6_cTS,1235,3863,INSTR_WORD_MOD,157,1235003863,0,0
V6_cTS,1235,3872,INSTR_WORD_MOD,1111,1235003872,0,0
V6_cTS,1235,3878,INSTR_WORD_MOD,3089,1235003878,0,0
V6_cTS,1235,3896,INSTR_WORD_MOD,773,1235003896,0,0
V6_cTS,1235,3906,INSTR_WORD_MOD,3961,1235003906,0,0
V6_cTS,1235,3975,INSTR_WORD_MOD,2076,1235003975,0,0
V6_cTS,1235,3983,INSTR_WORD_MOD,3737,1235003983,0,0
V6_cTS,1235,3992,INSTR_WORD_MOD,842,1235003992,0,0
V6_cTS,1235,4052,INSTR_WORD_MOD,1002,1235004052,0,0
V6_cTS,1235,4073,INSTR_WORD_MOD,3840,1235004073,0,0
V6_cTS,1235,4084,INSTR_WORD_MOD,1106,1235004084,0,0
V6_cTS,1235,4085,INSTR_WORD_MOD,777,1235004085,0,0
V6_cTS,1235,4095,INSTR_WORD_MOD,2552,1235004095,0,0
V6_cTS,1235,4097,INSTR_WORD_MOD,618,1235004097,0,0
V6_cTS,1235,4167,INSTR_WORD_MOD,1107,1235004167,0,0
V6_cTS,1235,4184,INSTR_WORD_MOD,2796,1235004184,0,0
V6_cTS,1235,4196,INSTR_WORD_MOD,2357,1235004196,0,0
V6_cTS,1235,4204,INSTR_WORD_MOD,773,1235004204,0,0
V6_cTS,1235,4215,POST_EXEC_PC_MOD,0,1235004215,0,0
V6_cTS,1235,4274,INSTR_WORD_MOD,1741,1235004274,0,0
V6_cTS,1235,4275,INSTR_WORD_MOD,456,1235004275,0,0
V6_cTS,1235,4308,INSTR_WORD_MOD,2687,1235004308,0,0
V6_cTS,1235,4315,INSTR_WORD_MOD,773,1235004315,0,0
V6_cTS,1235,4322,INSTR_WORD_MOD,3954,1235004322,0,0
V6_cTS,1235,4391,INSTR_WORD_MOD,2372,1235004391,0,0
V6_cTS,1235,4394,INSTR_WORD_MOD,276,1235004394,0,0
V6_cTS,1235,4396,INSTR_WORD_MOD,3156,1235004396,0,0
V6_cTS,1235,4407,INSTR_WORD_MOD,2535,1235004407,0,0
V6_cTS,1235,4443,INSTR_WORD_MOD,3939,1235004443,0,0
V6_cTS,1235,4468,POST_EXEC_PC_MOD,777,1235004468,0,0
V6_cTS,1235,4516,POST_EXEC_PC_MOD,3434,1235004516,0,0
V6_cTS,1235,4525,POST_EXEC_PC_MOD,763,1235004525,0,0
V6_cTS,1235,4538,POST_EXEC_PC_MOD,921,1235004538,0,0
V6_cTS,1235,4549,INSTR_WORD_MOD,295,1235004549,0,0
V6_cTS,1235,4589,INSTR_WORD_MOD,1020,1235004589,0,0
V6_cTS,1235,4601,INSTR_WORD_MOD,19,1235004601,0,0
V6_cTS,1235,4613,INSTR_WORD_MOD,3186,1235004613,0,0
V6_cTS,1235,4621,INSTR_WORD_MOD,2210,1235004621,0,0
V6_cTS,1235,4684,POST_EXEC_PC_MOD,762,1235004684,0,0
V6_cTS,1235,4692,INSTR_WORD_MOD,614,1235004692,0,0
V6_cTS,1235,4739,INSTR_WORD_MOD,618,1235004739,0,0
V6_cTS,1235,4749,INSTR_WORD_MOD,3961,1235004749,0,0
V6_cTS,1235,4755,INSTR_WORD_MOD,3766,1235004755,0,0
V6_cTS,1235,4759,INSTR_WORD_MOD,452,1235004759,0,0
V6_cTS,1235,4800,POST_EXEC_PC_MOD,2574,1235004800,0,0
V6_cTS,1235,4828,INSTR_WORD_MOD,19,1235004828,0,0
V6_cTS,1235,4834,INSTR_WORD_MOD,778,1235004834,0,0
V6_cTS,1235,4843,INSTR_WORD_MOD,2363,1235004843,0,0
V6_cTS,1235,4849,INSTR_WORD_MOD,2321,1235004849,0,0
V6_cTS,1235,4860,INSTR_WORD_MOD,3961,1235004860,0,0
V6_cTS,1235,4927,INSTR_WORD_MOD,2080,1235004927,0,0
V6_cTS,1235,4947,INSTR_WORD_MOD,778,1235004947,0,0
V6_cTS,1235,4965,INSTR_WORD_MOD,2552,1235004965,0,0
V6_cTS,1235,4967,INSTR_WORD_MOD,773,1235004967,0,0
V6_cTS,1235,4982,POST_EXEC_PC_MOD,170,1235004982,0,0
V6_cTS,1235,5052,INSTR_WORD_MOD,777,1235005052,0,0
V6_cTS,1235,5062,INSTR_WORD_MOD,2321,1235005062,0,0
V6_cTS,1235,5072,INSTR_WORD_MOD,3961,1235005072,0,0
V6_cTS,1235,5081,INSTR_WORD_MOD,3766,1235005081,0,0
V6_cTS,1235,5082,INSTR_WORD_MOD,452,1235005082,0,0
V6_cTS,1235,5111,POST_EXEC_PC_MOD,802,1235005111,0,0
V6_cTS,1235,5143,INSTR_WORD_MOD,276,1235005143,0,0
V6_cTS,1235,5145,INSTR_WORD_MOD,19,1235005145,0,0
V6_cTS,1235,5153,INSTR_WORD_MOD,175,1235005153,0,0
V6_cTS,1235,5160,INSTR_WORD_MOD,2645,1235005160,0,0
V6_cTS,1235,5169,INSTR_WORD_MOD,2311,1235005169,0,0
V6_cTS,1235,5185,INSTR_WORD_MOD,3961,1235005185,0,0
V6_cTS,1235,5195,POST_EXEC_PC_MOD,842,1235005195,0,0
V6_cTS,1235,5241,INSTR_WORD_MOD,3156,1235005241,0,0
V6_cTS,1235,5259,INSTR_WORD_MOD,3656,1235005259,0,0
V6_cTS,1235,5290,INSTR_WORD_MOD,3766,1235005290,0,0
V6_cTS,1235,5291,INSTR_WORD_MOD,3591,1235005291,0,0
V6_cTS,1235,5297,INSTR_WORD_MOD,1074,1235005297,0,0
V6_cTS,1235,5354,INSTR_WORD_MOD,1978,1235005354,0,0
V6_cTS,1235,5356,INSTR_WORD_MOD,1111,1235005356,0,0
V6_cTS,1235,5363,INSTR_WORD_MOD,1648,1235005363,0,0
V6_cTS,1235,5364,INSTR_WORD_MOD,777,1235005364,0,0
V6_cTS,1235,5375,INSTR_WORD_MOD,2552,1235005375,0,0
V6_cTS,1235,5420,INSTR_WORD_MOD,372,1235005420,0,0
V6_cTS,1235,5434,POST_EXEC_PC_MOD,3760,1235005434,0,0
V6_cTS,1235,5474,INSTR_WORD_MOD,777,1235005474,0,0
V6_cTS,1235,5482,INSTR_WORD_MOD,3760,1235005482,0,0
V6_cTS,1235,5483,INSTR_WORD_MOD,773,1235005483,0,0
V6_cTS,1235,5484,INSTR_WORD_MOD,3892,1235005484,0,0
V6_cTS,1235,5501,INSTR_WORD_MOD,3766,1235005501,0,0
V6_cTS,1235,5566,INSTR_WORD_MOD,2411,1235005566,0,0
V6_cTS,1235,5570,INSTR_WORD_MOD,276,1235005570,0,0
V6_cTS,1235,5588,INSTR_WORD_MOD,777,1235005588,0,0
V6_cTS,1235,5593,POST_EXEC_PC_MOD,18,1235005593,0,0
V6_cTS,1235,5601,INSTR_WORD_MOD,3503,1235005601,0,0
V6_cTS,1235,5602,INSTR_WORD_MOD,2539,1235005602,0,0
V6_cTS,1235,5619,INSTR_WORD_MOD,1850,1235005619,0,0
V6_cTS,1235,5624,POST_EXEC_PC_MOD,2507,1235005624,0,0
V6_cTS,1235,5666,POST_EXEC_PC_MOD,414,1235005666,0,0
V6_cTS,1235,5684,INSTR_WORD_MOD,778,1235005684,0,0
V6_cTS,1235,5691,INSTR_WORD_MOD,933,1235005691,0,0
V6_cTS,1235,5694,INSTR_WORD_MOD,3189,1235005694,0,0
V6_cTS,1235,5714,INSTR_WORD_MOD,3961,1235005714,0,0
V6_cTS,1235,5757,INSTR_WORD_MOD,19,1235005757,0,0
V6_cTS,1235,5811,INSTR_WORD_MOD,3961,1235005811,0,0
V6_cTS,1235,5822,INSTR_WORD_MOD,295,1235005822,0,0
V6_cTS,1235,5878,INSTR_WORD_MOD,614,1235005878,0,0
V6_cTS,1235,5899,INSTR_WORD_MOD,2161,1235005899,0,0
V6_cTS,1235,5917,INSTR_WORD_MOD,3760,1235005917,0,0
V6_cTS,1235,5920,INSTR_WORD_MOD,618,1235005920,0,0
V6_cTS,1235,5927,INSTR_WORD_MOD,3961,1235005927,0,0
V6_cTS,1235,5947,POST_EXEC_PC_MOD,3929,1235005947,0,0
V6_cTS,1235,5983,INSTR_WORD_MOD,377,1235005983,0,0
V6_cTS,1235,6007,INSTR_WORD_MOD,1019,1235006007,0,0
V6_cTS,1235,6012,POST_EXEC_PC_MOD,3953,1235006012,0,0
V6_cTS,1235,6019,INSTR_WORD_MOD,777,1235006019,0,0
V6_cTS,1235,6036,INSTR_WORD_MOD,3892,1235006036,0,0
V6_cTS,1235,6059,POST_EXEC_PC_MOD,841,1235006059,0,0
V6_cTS,1235,6091,INSTR_WORD_MOD,2842,1235006091,0,0
V6_cTS,1235,6128,INSTR_WORD_MOD,2311,1235006128,0,0
V6_cTS,1235,6132,INSTR_WORD_MOD,2585,1235006132,0,0
V6_cTS,1235,6177,INSTR_WORD_MOD,3587,1235006177,0,0
V6_cTS,1235,6189,INSTR_WORD_MOD,276,1235006189,0,0
V6_cTS,1235,6204,INSTR_WORD_MOD,3840,1235006204,0,0
V6_cTS,1235,6214,POST_EXEC_PC_MOD,618,1235006214,0,0
V6_cTS,1235,6229,POST_EXEC_PC_MOD,170,1235006229,0,0
V6_cTS,1235,6242,INSTR_WORD_MOD,3961,1235006242,0,0
V6_cTS,1235,6298,INSTR_WORD_MOD,1336,1235006298,0,0
V6_cTS,1235,6300,INSTR_WORD_MOD,853,1235006300,0,0
V6_cTS,1235,6308,INSTR_WORD_MOD,157,1235006308,0,0
V6_cTS,1235,6327,INSTR_WORD_MOD,777,1235006327,0,0
V6_cTS,1235,6340,INSTR_WORD_MOD,2552,1235006340,0,0
V6_cTS,1235,6343,INSTR_WORD_MOD,618,1235006343,0,0
V6_cTS,1235,6394,INSTR_WORD_MOD,1020,1235006394,0,0
V6_cTS,1235,6405,INSTR_WORD_MOD,19,1235006405,0,0
V6_cTS,1235,6410,INSTR_WORD_MOD,3182,1235006410,0,0
V6_cTS,1235,6420,INSTR_WORD_MOD,777,1235006420,0,0
V6_cTS,1235,6430,INSTR_WORD_MOD,773,1235006430,0,0
V6_cTS,1235,6447,INSTR_WORD_MOD,3591,1235006447,0,0
V6_cTS,1235,6516,INSTR_WORD_MOD,3279,1235006516,0,0
V6_cTS,1235,6528,INSTR_WORD_MOD,1235,1235006528,0,0
V6_cTS,1235,6606,INSTR_WORD_MOD,938,1235006606,0,0
V6_cTS,1235,6615,INSTR_WORD_MOD,19,1235006615,0,0
V6_cTS,1235,6625,INSTR_WORD_MOD,778,1235006625,0,0
V6_cTS,1235,6643,INSTR_WORD_MOD,933,1235006643,0,0
V6_cTS,1235,6650,INSTR_WORD_MOD,85,1235006650,0,0
V6_cTS,1235,6654,INSTR_WORD_MOD,618,1235006654,0,0
V6_cTS,1235,6665,INSTR_WORD_MOD,3961,1235006665,0,0
V6_cTS,1235,6704,INSTR_WORD_MOD,1396,1235006704,0,0
V6_cTS,1235,6706,INSTR_WORD_MOD,457,1235006706,0,0
V6_cTS,1235,6719,INSTR_WORD_MOD,157,1235006719,0,0
V6_cTS,1235,6720,INSTR_WORD_MOD,2477,1235006720,0,0
V6_cTS,1235,6723,INSTR_WORD_MOD,2262,1235006723,0,0
V6_cTS,1235,6725,INSTR_WORD_MOD,1111,1235006725,0,0
V6_cTS,1235,6744,INSTR_WORD_MOD,2311,1235006744,0,0
V6_cTS,1235,6759,INSTR_WORD_MOD,3933,1235006759,0,0
V6_cTS,1235,6765,INSTR_WORD_MOD,295,1235006765,0,0
V6_cTS,1235,6828,POST_EXEC_PC_MOD,3894,1235006828,0,0
V6_cTS,1235,6859,INSTR_WORD_MOD,2311,1235006859,0,0
V6_cTS,1235,6860,INSTR_WORD_MOD,773,1235006860,0,0
V6_cTS,1235,6868,INSTR_WORD_MOD,3961,1235006868,0,0
V6_cTS,1235,6917,INSTR_WORD_MOD,61,1235006917,0,0
V6_cTS,1235,6930,INSTR_WORD_MOD,3156,1235006930,0,0
V6_cTS,1235,6947,INSTR_WORD_MOD,933,1235006947,0,0
V6_cTS,1235,6955,INSTR_WORD_MOD,618,1235006955,0,0
V6_cTS,1235,6971,INSTR_WORD_MOD,3766,1235006971,0,0
V6_cTS,1235,6974,INSTR_WORD_MOD,295,1235006974,0,0
V6_cTS,1235,7029,INSTR_WORD_MOD,1874,1235007029,0,0
V6_cTS,1235,7036,INSTR_WORD_MOD,451,1235007036,0,0
V6_cTS,1235,7039,INSTR_WORD_MOD,276,1235007039,0,0
V6_cTS,1235,7049,INSTR_WORD_MOD,2161,1235007049,0,0
V6_cTS,1235,7062,POST_EXEC_PC_MOD,2102,1235007062,0,0
V6_cTS,1235,7066,INSTR_WORD_MOD,3747,1235007066,0,0
V6_cTS,1235,7077,INSTR_WORD_MOD,618,1235007077,0,0
V6_cTS,1235,7140,INSTR_WORD_MOD,276,1235007140,0,0
V6_cTS,1235,7142,INSTR_WORD_MOD,19,1235007142,0,0
V6_cTS,1235,7154,INSTR_WORD_MOD,2479,1235007154,0,0
V6_cTS,1235,7156,INSTR_WORD_MOD,879,1235007156,0,0
V6_cTS,1235,7188,INSTR_WORD_MOD,3961,1235007188,0,0
V6_cTS,1235,7202,POST_EXEC_PC_MOD,2539,1235007202,0,0
V6_cTS,1235,7249,POST_EXEC_PC_MOD,3766,1235007249,0,0
V6_cTS,1235,7265,INSTR_WORD_MOD,3156,1235007265,0,0
V6_cTS,1235,7364,POST_EXEC_PC_MOD,2314,1235007364,0,0
V6_cTS,1235,7371,INSTR_WORD_MOD,456,1235007371,0,0
V6_cTS,1235,7381,INSTR_WORD_MOD,157,1235007381,0,0
V6_cTS,1235,7386,INSTR_WORD_MOD,2262,1235007386,0,0
V6_cTS,1235,7388,INSTR_WORD_MOD,1112,1235007388,0,0
V6_cTS,1235,7401,INSTR_WORD_MOD,777,1235007401,0,0
V6_cTS,1235,7408,INSTR_WORD_MOD,3760,1235007408,0,0
V6_cTS,1235,7470,INSTR_WORD_MOD,699,1235007470,0,0
V6_cTS,1235,7480,INSTR_WORD_MOD,19,1235007480,0,0
V6_cTS,1235,7513,INSTR_WORD_MOD,773,1235007513,0,0
V6_cTS,1235,7524,POST_EXEC_PC_MOD,3948,1235007524,0,0
V6_cTS,1235,7618,INSTR_WORD_MOD,1274,1235007618,0,0
V6_cTS,1235,7620,INSTR_WORD_MOD,933,1235007620,0,0
V6_cTS,1235,7631,INSTR_WORD_MOD,1644,1235007631,0,0
V6_cTS,1235,7688,INSTR_WORD_MOD,2535,1235007688,0,0
V6_cTS,1235,7700,POST_EXEC_PC_MOD,3079,1235007700,0,0
V6_cTS,1235,7719,INSTR_WORD_MOD,3961,1235007719,0,0
V6_cTS,1235,7720,INSTR_WORD_MOD,3931,1235007720,0,0
V6_cTS,1235,7728,INSTR_WORD_MOD,295,1235007728,0,0
V6_cTS,1235,7737,INSTR_WORD_MOD,1846,1235007737,0,0
V6_cTS,1235,7739,INSTR_WORD_MOD,681,1235007739,0,0
V6_cTS,1235,7790,INSTR_WORD_MOD,699,1235007790,0,0
V6_cTS,1235,7792,INSTR_WORD_MOD,3001,1235007792,0,0
V6_cTS,1235,7817,INSTR_WORD_MOD,933,1235007817,0,0
V6_cTS,1235,7874,POST_EXEC_PC_MOD,755,1235007874,0,0
V6_cTS,1235,7890,INSTR_WORD_MOD,276,1235007890,0,0
V6_cTS,1235,7893,INSTR_WORD_MOD,19,1235007893,0,0
V6_cTS,1235,7931,INSTR_WORD_MOD,3954,1235007931,0,0
V6_cTS,1235,7941,INSTR_WORD_MOD,3591,1235007941,0,0
V6_cTS,1235,7998,INSTR_WORD_MOD,276,1235007998,0,0
V6_cTS,1235,8018,INSTR_WORD_MOD,2240,1235008018,0,0
V6_cTS,1235,8031,INSTR_WORD_MOD,618,1235008031,0,0
V6_cTS,1235,8046,INSTR_WORD_MOD,3961,1235008046,0,0
V6_cTS,1235,8081,INSTR_WORD_MOD,1080,1235008081,0,0
V6_cTS,1235,8111,INSTR_WORD_MOD,3894,1235008111,0,0
V6_cTS,1235,8122,INSTR_WORD_MOD,3450,1235008122,0,0
V6_cTS,1235,8136,INSTR_WORD_MOD,2311,1235008136,0,0
V6_cTS,1235,8137,INSTR_WORD_MOD,773,1235008137,0,0
V6_cTS,1235,8156,POST_EXEC_PC_MOD,1626,1235008156,0,0
V6_cTS,1235,8164,INSTR_WORD_MOD,1850,1235008164,0,0
V6_cTS,1235,8203,INSTR_WORD_MOD,3810,1235008203,0,0
V6_cTS,1235,8226,INSTR_WORD_MOD,3050,1235008226,0,0
V6_cTS,1235,8227,INSTR_WORD_MOD,933,1235008227,0,0
V6_cTS,1235,8236,INSTR_WORD_MOD,773,1235008236,0,0
V6_cTS,1235,8254,INSTR_WORD_MOD,3766,1235008254,0,0
V6_cTS,1235,8255,INSTR_WORD_MOD,452,1235008255,0,0
V6_cTS,1235,8330,INSTR_WORD_MOD,157,1235008330,0,0
V6_cTS,1235,8338,POST_EXEC_PC_MOD,3761,1235008338,0,0
V6_cTS,1235,8359,INSTR_WORD_MOD,2552,1235008359,0,0
V6_cTS,1235,8360,INSTR_WORD_MOD,618,1235008360,0,0
V6_cTS,1235,8379,POST_EXEC_PC_MOD,392,1235008379,0,0
V6_cTS,1235,8433,POST_EXEC_PC_MOD,1618,1235008433,0,0
V6_cTS,1235,8443,INSTR_WORD_MOD,933,1235008443,0,0
V6_cTS,1235,8447,INSTR_WORD_MOD,449,1235008447,0,0
V6_cTS,1235,8451,INSTR_WORD_MOD,2552,1235008451,0,0
V6_cTS,1235,8464,INSTR_WORD_MOD,3931,1235008464,0,0
V6_cTS,1235,8470,INSTR_WORD_MOD,452,1235008470,0,0
V6_cTS,1235,8473,POST_EXEC_PC_MOD,752,1235008473,0,0
V6_cTS,1235,8531,INSTR_WORD_MOD,276,1235008531,0,0
V6_cTS,1235,8533,INSTR_WORD_MOD,19,1235008533,0,0
V6_cTS,1235,8542,INSTR_WORD_MOD,1112,1235008542,0,0
V6_cTS,1235,8555,INSTR_WORD_MOD,933,1235008555,0,0
V6_cTS,1235,8562,INSTR_WORD_MOD,773,1235008562,0,0
V6_cTS,1235,8636,INSTR_WORD_MOD,456,1235008636,0,0
V6_cTS,1235,8648,INSTR_WORD_MOD,3279,1235008648,0,0
V6_cTS,1235,8650,POST_EXEC_PC_MOD,3766,1235008650,0,0
V6_cTS,1235,8673,INSTR_WORD_MOD,2311,1235008673,0,0
V6_cTS,1235,8752,INSTR_WORD_MOD,276,1235008752,0,0
V6_cTS,1235,8762,INSTR_WORD_MOD,3182,1235008762,0,0
V6_cTS,1235,8763,INSTR_WORD_MOD,2510,1235008763,0,0
V6_cTS,1235,8780,INSTR_WORD_MOD,618,1235008780,0,0
V6_cTS,1235,8791,INSTR_WORD_MOD,3961,1235008791,0,0
V6_cTS,1235,8841,INSTR_WORD_MOD,840,1235008841,0,0
V6_cTS,1235,8844,INSTR_WORD_MOD,619,1235008844,0,0
V6_cTS,1235,8874,INSTR_WORD_MOD,3057,1235008874,0,0
V6_cTS,1235,8896,POST_EXEC_PC_MOD,2381,1235008896,0,0
V6_cTS,1235,8935,POST_EXEC_PC_MOD,1446,1235008935,0,0
V6_cTS,1235,8940,INSTR_WORD_MOD,1874,1235008940,0,0
V6_cTS,1235,8946,INSTR_WORD_MOD,19,1235008946,0,0
V6_cTS,1235,8949,INSTR_WORD_MOD,3023,1235008949,0,0
V6_cTS,1235,8952,INSTR_WORD_MOD,3216,1235008952,0,0
V6_cTS,1235,8958,INSTR_WORD_MOD,2151,1235008958,0,0
V6_cTS,1235,8975,INSTR_WORD_MOD,3892,1235008975,0,0
V6_cTS,1235,8989,INSTR_WORD_MOD,3766,1235008989,0,0
V6_cTS,1235,8990,INSTR_WORD_MOD,452,1235008990,0,0
V6_cTS,1235,9002,INSTR_WORD_MOD,838,1235009002,0,0
V6_cTS,1235,9054,INSTR_WORD_MOD,537,1235009054,0,0
V6_cTS,1235,9056,POST_EXEC_PC_MOD,1089,1235009056,0,0
V6_cTS,1235,9066,INSTR_WORD_MOD,276,1235009066,0,0
V6_cTS,1235,9074,INSTR_WORD_MOD,1112,1235009074,0,0
V6_cTS,1235,9165,INSTR_WORD_MOD,2531,1235009165,0,0
V6_cTS,1235,9169,POST_EXEC_PC_MOD,3941,1235009169,0,0
V6_cTS,1235,9199,INSTR_WORD_MOD,777,1235009199,0,0
V6_cTS,1235,9203,INSTR_WORD_MOD,1235,1235009203,0,0
V6_cTS,1235,9208,INSTR_WORD_MOD,2311,1235009208,0,0
V6_cTS,1235,9210,INSTR_WORD_MOD,618,1235009210,0,0
V6_cTS,1235,9264,INSTR_WORD_MOD,377,1235009264,0,0
V6_cTS,1235,9275,INSTR_WORD_MOD,19,1235009275,0,0
V6_cTS,1235,9300,INSTR_WORD_MOD,777,1235009300,0,0
V6_cTS,1235,9303,INSTR_WORD_MOD,2849,1235009303,0,0
V6_cTS,1235,9317,INSTR_WORD_MOD,3961,1235009317,0,0
V6_cTS,1235,9328,INSTR_WORD_MOD,765,1235009328,0,0
V6_cTS,1235,9379,INSTR_WORD_MOD,938,1235009379,0,0
V6_cTS,1235,9387,INSTR_WORD_MOD,19,1235009387,0,0
V6_cTS,1235,9392,POST_EXEC_PC_MOD,3434,1235009392,0,0
V6_cTS,1235,9399,INSTR_WORD_MOD,3653,1235009399,0,0
V6_cTS,1235,9400,INSTR_WORD_MOD,3182,1235009400,0,0
V6_cTS,1235,9403,INSTR_WORD_MOD,2166,1235009403,0,0
V6_cTS,1235,9421,INSTR_WORD_MOD,2311,1235009421,0,0
V6_cTS,1235,9422,INSTR_WORD_MOD,773,1235009422,0,0
V6_cTS,1235,9478,INSTR_WORD_MOD,698,1235009478,0,0
V6_cTS,1235,9489,INSTR_WORD_MOD,157,1235009489,0,0
V6_cTS,1235,9497,INSTR_WORD_MOD,410,1235009497,0,0
V6_cTS,1235,9503,INSTR_WORD_MOD,933,1235009503,0,0
V6_cTS,1235,9519,INSTR_WORD_MOD,3961,1235009519,0,0
V6_cTS,1235,9538,INSTR_WORD_MOD,825,1235009538,0,0
V6_cTS,1235,9545,INSTR_WORD_MOD,3141,1235009545,0,0
V6_cTS,1235,9586,INSTR_WORD_MOD,1094,1235009586,0,0
V6_cTS,1235,9595,INSTR_WORD_MOD,276,1235009595,0,0
V6_cTS,1235,9602,INSTR_WORD_MOD,2013,1235009602,0,0
V6_cTS,1235,9619,INSTR_WORD_MOD,777,1235009619,0,0
V6_cTS,1235,9626,INSTR_WORD_MOD,2321,1235009626,0,0
V6_cTS,1235,9637,INSTR_WORD_MOD,3961,1235009637,0,0
V6_cTS,1235,9651,INSTR_WORD_MOD,3766,1235009651,0,0
V6_cTS,1235,9652,INSTR_WORD_MOD,3591,1235009652,0,0
V6_cTS,1235,9662,POST_EXEC_PC_MOD,451,1235009662,0,0
V6_cTS,1235,9670,POST_EXEC_PC_MOD,449,1235009670,0,0
V6_cTS,1235,9691,INSTR_WORD_MOD,1853,1235009691,0,0
V6_cTS,1235,9696,POST_EXEC_PC_MOD,799,1235009696,0,0
V6_cTS,1235,9719,INSTR_WORD_MOD,276,1235009719,0,0
V6_cTS,1235,9727,INSTR_WORD_MOD,2535,1235009727,0,0
V6_cTS,1235,9732,POST_EXEC_PC_MOD,3114,1235009732,0,0
V6_cTS,1235,9738,INSTR_WORD_MOD,777,1235009738,0,0
V6_cTS,1235,9748,INSTR_WORD_MOD,773,1235009748,0,0
V6_cTS,1235,9749,POST_EXEC_PC_MOD,2853,1235009749,0,0
V6_cTS,1235,9757,INSTR_WORD_MOD,3954,1235009757,0,0
V6_cTS,1235,9758,INSTR_WORD_MOD,3961,1235009758,0,0
V6_cTS,1235,9761,INSTR_WORD_MOD,3944,1235009761,0,0
V6_cTS,1235,9797,INSTR_WORD_MOD,938,1235009797,0,0
V6_cTS,1235,9805,INSTR_WORD_MOD,276,1235009805,0,0
V6_cTS,1235,9810,INSTR_WORD_MOD,2020,1235009810,0,0
V6_cTS,1235,9832,INSTR_WORD_MOD,618,1235009832,0,0
V6_cTS,1235,9847,INSTR_WORD_MOD,452,1235009847,0,0
V6_cTS,1235,9894,INSTR_WORD_MOD,449,1235009894,0,0
V6_cTS,1235,9919,INSTR_WORD_MOD,1832,1235009919,0,0
V6_cTS,1235,9920,INSTR_WORD_MOD,1094,1235009920,0,0
V6_cTS,1235,9931,INSTR_WORD_MOD,157,1235009931,0,0
V6_cTS,1235,9944,INSTR_WORD_MOD,933,1235009944,0,0
V6_cTS,1235,9963,INSTR_WORD_MOD,3961,1235009963,0,0
V6_cTS,1236,24,INSTR_WORD_MOD,457,1236000024,0,0
V6_cTS,1236,25,INSTR_WORD_MOD,3068,1236000025,0,0
V6_cTS,1236,29,INSTR_WORD_MOD,276,1236000029,0,0
V6_cTS,1236,30,INSTR_WORD_MOD,19,1236000030,0,0
V6_cTS,1236,33,INSTR_WORD_MOD,2006,1236000033,0,0
V6_cTS,1236,34,INSTR_WORD_MOD,1019,1236000034,0,0
V6_cTS,1236,37,INSTR_WORD_MOD,3876,1236000037,0,0
V6_cTS,1236,45,INSTR_WORD_MOD,3760,1236000045,0,0
V6_cTS,1236,51,INSTR_WORD_MOD,3961,1236000051,0,0
V6_cTS,1236,57,INSTR_WORD_MOD,452,1236000057,0,0
V6_cTS,1236,63,INSTR_WORD_MOD,519,1236000063,0,0
V6_cTS,1236,70,INSTR_WORD_MOD,920,1236000070,0,0
V6_cTS,1236,166,POST_EXEC_PC_MOD,2803,1236000166,0,0
V6_cTS,1236,173,POST_EXEC_PC_MOD,2563,1236000173,0,0
V6_cTS,1236,178,POST_EXEC_PC_MOD,3937,1236000178,0,0
V6_cTS,1236,191,POST_EXEC_PC_MOD,3929,1236000191,0,0
V6_cTS,1236,192,POST_EXEC_PC_MOD,763,1236000192,0,0
V6_cTS,1236,461,INSTR_WORD_MOD,853,1236000461,0,0
V6_cTS,1236,470,INSTR_WORD_MOD,3279,1236000470,0,0
V6_cTS,1236,490,INSTR_WORD_MOD,3933,1236000490,0,0
V6_cTS,1236,496,INSTR_WORD_MOD,2314,1236000496,0,0
V6_cTS,1236,499,INSTR_WORD_MOD,2489,1236000499,0,0
V6_cTS,1236,506,INSTR_WORD_MOD,842,1236000506,0,0
V6_cTS,1236,507,INSTR_WORD_MOD,3561,1236000507,0,0
V6_cTS,1236,512,INSTR_WORD_MOD,840,1236000512,0,0
V6_cTS,1236,587,POST_EXEC_PC_MOD,1880,1236000587,0,0
V6_cTS,1236,597,POST_EXEC_PC_MOD,2204,1236000597,0,0
V6_cTS,1236,627,POST_EXEC_PC_MOD,6,1236000627,0,0
V6_cTS,1236,894,INSTR_WORD_MOD,2054,1236000894,0,0
V6_cTS,1236,920,POST_EXEC_PC_MOD,2136,1236000920,0,0
V6_cTS,1236,924,POST_EXEC_PC_MOD,88,1236000924,0,0
V6_cTS,1236,1010,INSTR_WORD_MOD,2169,1236001010,0,0
V6_cTS,1236,1016,INSTR_WORD_MOD,295,1236001016,0,0
V6_cTS,1236,1018,INSTR_WORD_MOD,175,1236001018,0,0
V6_cTS,1236,1039,POST_EXEC_PC_MOD,3929,1236001039,0,0
V6_cTS,1236,1091,INSTR_WORD_MOD,524,1236001091,0,0
V6_cTS,1236,1136,INSTR_WORD_MOD,938,1236001136,0,0
V6_cTS,1236,1182,POST_EXEC_PC_MOD,759,1236001182,0,0
V6_cTS,1236,1205,POST_EXEC_PC_MOD,2186,1236001205,0,0
V6_cTS,1236,1240,INSTR_WORD_MOD,3766,1236001240,0,0
V6_cTS,1236,1282,POST_EXEC_PC_MOD,355,1236001282,0,0
V6_cTS,1236,1323,INSTR_WORD_MOD,2539,1236001323,0,0
V6_cTS,1236,1380,INSTR_WORD_MOD,276,1236001380,0,0
V6_cTS,1236,1395,POST_EXEC_PC_MOD,2321,1236001395,0,0
V6_cTS,1236,1405,INSTR_WORD_MOD,1853,1236001405,0,0
V6_cTS,1236,1416,POST_EXEC_PC_MOD,0,1236001416,0,0
V6_cTS,1236,1502,INSTR_WORD_MOD,3186,1236001502,0,0
V6_cTS,1236,1545,INSTR_WORD_MOD,296,1236001545,0,0
V6_cTS,1236,1571,INSTR_WORD_MOD,1112,1236001571,0,0
V6_cTS,1236,1588,INSTR_WORD_MOD,777,1236001588,0,0
V6_cTS,1236,1676,INSTR_WORD_MOD,276,1236001676,0,0
V6_cTS,1236,1679,POST_EXEC_PC_MOD,3930,1236001679,0,0
V6_cTS,1236,1682,INSTR_WORD_MOD,858,1236001682,0,0
V6_cTS,1236,1710,INSTR_WORD_MOD,2550,1236001710,0,0
V6_cTS,1236,1717,INSTR_WORD_MOD,3961,1236001717,0,0
V6_cTS,1236,1758,INSTR_WORD_MOD,3886,1236001758,0,0
V6_cTS,1236,1763,INSTR_WORD_MOD,1152,1236001763,0,0
V6_cTS,1236,1779,INSTR_WORD_MOD,3840,1236001779,0,0
V6_cTS,1236,1780,POST_EXEC_PC_MOD,3580,1236001780,0,0
V6_cTS,1236,1781,INSTR_WORD_MOD,2068,1236001781,0,0
V6_cTS,1236,1789,INSTR_WORD_MOD,777,1236001789,0,0
V6_cTS,1236,1821,INSTR_WORD_MOD,3766,1236001821,0,0
V6_cTS,1236,1886,INSTR_WORD_MOD,19,1236001886,0,0
V6_cTS,1236,1909,INSTR_WORD_MOD,773,1236001909,0,0
V6_cTS,1236,1919,INSTR_WORD_MOD,3961,1236001919,0,0
V6_cTS,1236,1981,INSTR_WORD_MOD,1878,1236001981,0,0
V6_cTS,1236,1991,INSTR_WORD_MOD,19,1236001991,0,0
V6_cTS,1236,1995,INSTR_WORD_MOD,2816,1236001995,0,0
V6_cTS,1236,1997,INSTR_WORD_MOD,778,1236001997,0,0
V6_cTS,1236,1998,INSTR_WORD_MOD,1930,1236001998,0,0
V6_cTS,1236,2012,INSTR_WORD_MOD,2386,1236002012,0,0
V6_cTS,1236,2081,INSTR_WORD_MOD,3812,1236002081,0,0
V6_cTS,1236,2083,INSTR_WORD_MOD,619,1236002083,0,0
V6_cTS,1236,2093,INSTR_WORD_MOD,276,1236002093,0,0
V6_cTS,1236,2124,INSTR_WORD_MOD,721,1236002124,0,0
V6_cTS,1236,2137,INSTR_WORD_MOD,2552,1236002137,0,0
V6_cTS,1236,2171,INSTR_WORD_MOD,1000,1236002171,0,0
V6_cTS,1236,2189,INSTR_WORD_MOD,1878,1236002189,0,0
V6_cTS,1236,2203,INSTR_WORD_MOD,465,1236002203,0,0
V6_cTS,1236,2210,INSTR_WORD_MOD,1869,1236002210,0,0
V6_cTS,1236,2219,POST_EXEC_PC_MOD,0,1236002219,0,0
V6_cTS,1236,2238,POST_EXEC_PC_MOD,933,1236002238,0,0
V6_cTS,1236,2253,INSTR_WORD_MOD,2563,1236002253,0,0
V6_cTS,1236,2302,INSTR_WORD_MOD,2531,1236002302,0,0
V6_cTS,1236,2324,POST_EXEC_PC_MOD,905,1236002324,0,0
V6_cTS,1236,2335,INSTR_WORD_MOD,1170,1236002335,0,0
V6_cTS,1236,2345,INSTR_WORD_MOD,2552,1236002345,0,0
V6_cTS,1236,2346,INSTR_WORD_MOD,618,1236002346,0,0
V6_cTS,1236,2352,INSTR_WORD_MOD,3961,1236002352,0,0
V6_cTS,1236,2415,INSTR_WORD_MOD,157,1236002415,0,0
V6_cTS,1236,2424,INSTR_WORD_MOD,2076,1236002424,0,0
V6_cTS,1236,2430,INSTR_WORD_MOD,3656,1236002430,0,0
V6_cTS,1236,2431,INSTR_WORD_MOD,933,1236002431,0,0
V6_cTS,1236,2435,INSTR_WORD_MOD,3025,1236002435,0,0
V6_cTS,1236,2438,INSTR_WORD_MOD,3760,1236002438,0,0
V6_cTS,1236,2448,INSTR_WORD_MOD,3961,1236002448,0,0
V6_cTS,1236,2512,INSTR_WORD_MOD,3706,1236002512,0,0
V6_cTS,1236,2528,INSTR_WORD_MOD,19,1236002528,0,0
V6_cTS,1236,2533,INSTR_WORD_MOD,2535,1236002533,0,0
V6_cTS,1236,2545,INSTR_WORD_MOD,1585,1236002545,0,0
V6_cTS,1236,2612,INSTR_WORD_MOD,2691,1236002612,0,0
V6_cTS,1236,2624,INSTR_WORD_MOD,2322,1236002624,0,0
V6_cTS,1236,2626,INSTR_WORD_MOD,3531,1236002626,0,0
V6_cTS,1236,2627,INSTR_WORD_MOD,276,1236002627,0,0
V6_cTS,1236,2641,POST_EXEC_PC_MOD,450,1236002641,0,0
V6_cTS,1236,2645,INSTR_WORD_MOD,2716,1236002645,0,0
V6_cTS,1236,2713,INSTR_WORD_MOD,276,1236002713,0,0
V6_cTS,1236,2716,INSTR_WORD_MOD,2477,1236002716,0,0
V6_cTS,1236,2725,INSTR_WORD_MOD,840,1236002725,0,0
V6_cTS,1236,2752,INSTR_WORD_MOD,3961,1236002752,0,0
V6_cTS,1236,2757,INSTR_WORD_MOD,3941,1236002757,0,0
V6_cTS,1236,2816,INSTR_WORD_MOD,456,1236002816,0,0
V6_cTS,1236,2833,INSTR_WORD_MOD,276,1236002833,0,0
V6_cTS,1236,2851,INSTR_WORD_MOD,1170,1236002851,0,0
V6_cTS,1236,2863,POST_EXEC_PC_MOD,244,1236002863,0,0
V6_cTS,1236,2866,INSTR_WORD_MOD,3961,1236002866,0,0
V6_cTS,1236,2875,INSTR_WORD_MOD,765,1236002875,0,0
V6_cTS,1236,2877,INSTR_WORD_MOD,2314,1236002877,0,0
V6_cTS,1236,2882,INSTR_WORD_MOD,2505,1236002882,0,0
V6_cTS,1236,2932,INSTR_WORD_MOD,19,1236002932,0,0
V6_cTS,1236,2953,INSTR_WORD_MOD,2321,1236002953,0,0
V6_cTS,1236,3050,INSTR_WORD_MOD,3156,1236003050,0,0
V6_cTS,1236,3065,INSTR_WORD_MOD,1019,1236003065,0,0
V6_cTS,1236,3068,INSTR_WORD_MOD,1247,1236003068,0,0
V6_cTS,1236,3074,POST_EXEC_PC_MOD,773,1236003074,0,0
V6_cTS,1236,3084,INSTR_WORD_MOD,2552,1236003084,0,0
V6_cTS,1236,3111,POST_EXEC_PC_MOD,307,1236003111,0,0
V6_cTS,1236,3140,INSTR_WORD_MOD,3065,1236003140,0,0
V6_cTS,1236,3154,INSTR_WORD_MOD,1019,1236003154,0,0
V6_cTS,1236,3192,INSTR_WORD_MOD,3961,1236003192,0,0
V6_cTS,1236,3201,INSTR_WORD_MOD,3766,1236003201,0,0
V6_cTS,1236,3250,INSTR_WORD_MOD,614,1236003250,0,0
V6_cTS,1236,3268,INSTR_WORD_MOD,170,1236003268,0,0
V6_cTS,1236,3274,INSTR_WORD_MOD,1944,1236003274,0,0
V6_cTS,1236,3279,INSTR_WORD_MOD,1930,1236003279,0,0
V6_cTS,1236,3281,INSTR_WORD_MOD,2092,1236003281,0,0
V6_cTS,1236,3288,INSTR_WORD_MOD,2363,1236003288,0,0
V6_cTS,1236,3291,INSTR_WORD_MOD,933,1236003291,0,0
V6_cTS,1236,3374,INSTR_WORD_MOD,19,1236003374,0,0
V6_cTS,1236,3414,INSTR_WORD_MOD,3591,1236003414,0,0
V6_cTS,1236,3451,INSTR_WORD_MOD,2063,1236003451,0,0
V6_cTS,1236,3456,INSTR_WORD_MOD,3480,1236003456,0,0
V6_cTS,1236,3457,POST_EXEC_PC_MOD,3760,1236003457,0,0
V6_cTS,1236,3461,INSTR_WORD_MOD,2506,1236003461,0,0
V6_cTS,1236,3466,INSTR_WORD_MOD,3840,1236003466,0,0
V6_cTS,1236,3469,INSTR_WORD_MOD,2832,1236003469,0,0
V6_cTS,1236,3473,INSTR_WORD_MOD,3050,1236003473,0,0
V6_cTS,1236,3483,INSTR_WORD_MOD,2311,1236003483,0,0
V6_cTS,1236,3485,INSTR_WORD_MOD,773,1236003485,0,0
V6_cTS,1236,3494,INSTR_WORD_MOD,3961,1236003494,0,0
V6_cTS,1236,3496,INSTR_WORD_MOD,3931,1236003496,0,0
V6_cTS,1236,3503,INSTR_WORD_MOD,295,1236003503,0,0
V6_cTS,1236,3509,INSTR_WORD_MOD,278,1236003509,0,0
V6_cTS,1236,3514,POST_EXEC_PC_MOD,3363,1236003514,0,0
V6_cTS,1236,3555,INSTR_WORD_MOD,619,1236003555,0,0
V6_cTS,1236,3576,INSTR_WORD_MOD,3186,1236003576,0,0
V6_cTS,1236,3588,POST_EXEC_PC_MOD,3141,1236003588,0,0
V6_cTS,1236,3603,INSTR_WORD_MOD,3961,1236003603,0,0
V6_cTS,1236,3700,INSTR_WORD_MOD,778,1236003700,0,0
V6_cTS,1236,3706,INSTR_WORD_MOD,3454,1236003706,0,0
V6_cTS,1236,3782,INSTR_WORD_MOD,536,1236003782,0,0
V6_cTS,1236,3798,INSTR_WORD_MOD,368,1236003798,0,0
V6_cTS,1236,3803,INSTR_WORD_MOD,2832,1236003803,0,0
V6_cTS,1236,3806,INSTR_WORD_MOD,777,1236003806,0,0
V6_cTS,1236,3826,INSTR_WORD_MOD,3931,1236003826,0,0
V6_cTS,1236,3832,INSTR_WORD_MOD,3766,1236003832,0,0
V6_cTS,1236,3885,INSTR_WORD_MOD,639,1236003885,0,0
V6_cTS,1236,3894,INSTR_WORD_MOD,157,1236003894,0,0
V6_cTS,1236,3904,INSTR_WORD_MOD,858,1236003904,0,0
V6_cTS,1236,3907,POST_EXEC_PC_MOD,3920,1236003907,0,0
V6_cTS,1236,3911,INSTR_WORD_MOD,1217,1236003911,0,0
V6_cTS,1236,3916,INSTR_WORD_MOD,1585,1236003916,0,0
V6_cTS,1236,3917,INSTR_WORD_MOD,777,1236003917,0,0
V6_cTS,1236,3929,INSTR_WORD_MOD,3760,1236003929,0,0
V6_cTS,1236,3931,INSTR_WORD_MOD,773,1236003931,0,0
V6_cTS,1236,3991,INSTR_WORD_MOD,938,1236003991,0,0
V6_cTS,1236,4006,INSTR_WORD_MOD,3182,1236004006,0,0
V6_cTS,1236,4021,INSTR_WORD_MOD,777,1236004021,0,0
V6_cTS,1236,4086,INSTR_WORD_MOD,1811,1236004086,0,0
V6_cTS,1236,4098,INSTR_WORD_MOD,276,1236004098,0,0
V6_cTS,1236,4110,INSTR_WORD_MOD,1112,1236004110,0,0
V6_cTS,1236,4116,POST_EXEC_PC_MOD,3950,1236004116,0,0
V6_cTS,1236,4120,INSTR_WORD_MOD,933,1236004120,0,0
V6_cTS,1236,4121,INSTR_WORD_MOD,3335,1236004121,0,0
V6_cTS,1236,4138,INSTR_WORD_MOD,3931,1236004138,0,0
V6_cTS,1236,4191,INSTR_WORD_MOD,532,1236004191,0,0
V6_cTS,1236,4203,INSTR_WORD_MOD,3156,1236004203,0,0
V6_cTS,1236,4207,INSTR_WORD_MOD,858,1236004207,0,0
V6_cTS,1236,4217,POST_EXEC_PC_MOD,2314,1236004217,0,0
V6_cTS,1236,4221,INSTR_WORD_MOD,777,1236004221,0,0
V6_cTS,1236,4223,INSTR_WORD_MOD,2738,1236004223,0,0
V6_cTS,1236,4229,INSTR_WORD_MOD,3760,1236004229,0,0
V6_cTS,1236,4234,INSTR_WORD_MOD,575,1236004234,0,0
V6_cTS,1236,4241,INSTR_WORD_MOD,3937,1236004241,0,0
V6_cTS,1236,4247,INSTR_WORD_MOD,452,1236004247,0,0
V6_cTS,1236,4313,INSTR_WORD_MOD,2076,1236004313,0,0
V6_cTS,1236,4348,INSTR_WORD_MOD,3753,1236004348,0,0
V6_cTS,1236,4383,POST_EXEC_PC_MOD,452,1236004383,0,0
V6_cTS,1236,4386,INSTR_WORD_MOD,2507,1236004386,0,0
V6_cTS,1236,4394,INSTR_WORD_MOD,170,1236004394,0,0
V6_cTS,1236,4408,INSTR_WORD_MOD,3631,1236004408,0,0
V6_cTS,1236,4433,POST_EXEC_PC_MOD,336,1236004433,0,0
V6_cTS,1236,4445,INSTR_WORD_MOD,2311,1236004445,0,0
V6_cTS,1236,4446,INSTR_WORD_MOD,618,1236004446,0,0
V6_cTS,1236,4496,INSTR_WORD_MOD,2531,1236004496,0,0
V6_cTS,1236,4508,INSTR_WORD_MOD,3099,1236004508,0,0
V6_cTS,1236,4554,INSTR_WORD_MOD,3766,1236004554,0,0
V6_cTS,1236,4605,INSTR_WORD_MOD,1783,1236004605,0,0
V6_cTS,1236,4621,INSTR_WORD_MOD,3156,1236004621,0,0
V6_cTS,1236,4636,INSTR_WORD_MOD,933,1236004636,0,0
V6_cTS,1236,4637,INSTR_WORD_MOD,3731,1236004637,0,0
V6_cTS,1236,4638,INSTR_WORD_MOD,956,1236004638,0,0
V6_cTS,1236,4643,INSTR_WORD_MOD,3760,1236004643,0,0
V6_cTS,1236,4654,INSTR_WORD_MOD,3961,1236004654,0,0
V6_cTS,1236,4662,INSTR_WORD_MOD,3766,1236004662,0,0
V6_cTS,1236,4674,POST_EXEC_PC_MOD,2850,1236004674,0,0
V6_cTS,1236,4743,INSTR_WORD_MOD,19,1236004743,0,0
V6_cTS,1236,4749,INSTR_WORD_MOD,1111,1236004749,0,0
V6_cTS,1236,4757,INSTR_WORD_MOD,3732,1236004757,0,0
V6_cTS,1236,4766,INSTR_WORD_MOD,2311,1236004766,0,0
V6_cTS,1236,4773,INSTR_WORD_MOD,3161,1236004773,0,0
V6_cTS,1236,4776,INSTR_WORD_MOD,3954,1236004776,0,0
V6_cTS,1236,4795,POST_EXEC_PC_MOD,236,1236004795,0,0
V6_cTS,1236,4846,INSTR_WORD_MOD,1874,1236004846,0,0
V6_cTS,1236,4865,INSTR_WORD_MOD,2979,1236004865,0,0
V6_cTS,1236,4869,INSTR_WORD_MOD,933,1236004869,0,0
V6_cTS,1236,4878,INSTR_WORD_MOD,773,1236004878,0,0
V6_cTS,1236,4891,POST_EXEC_PC_MOD,3943,1236004891,0,0
V6_cTS,1236,4940,INSTR_WORD_MOD,1861,1236004940,0,0
V6_cTS,1236,4953,INSTR_WORD_MOD,3156,1236004953,0,0
V6_cTS,1236,4961,INSTR_WORD_MOD,1992,1236004961,0,0
V6_cTS,1236,5031,POST_EXEC_PC_MOD,3535,1236005031,0,0
V6_cTS,1236,5044,INSTR_WORD_MOD,50,1236005044,0,0
V6_cTS,1236,5046,INSTR_WORD_MOD,1879,1236005046,0,0
V6_cTS,1236,5057,INSTR_WORD_MOD,19,1236005057,0,0
V6_cTS,1236,5079,INSTR_WORD_MOD,933,1236005079,0,0
V6_cTS,1236,5084,INSTR_WORD_MOD,2552,1236005084,0,0
V6_cTS,1236,5086,INSTR_WORD_MOD,618,1236005086,0,0
V6_cTS,1236,5153,INSTR_WORD_MOD,3093,1236005153,0,0
V6_cTS,1236,5165,INSTR_WORD_MOD,157,1236005165,0,0
V6_cTS,1236,5171,INSTR_WORD_MOD,1866,1236005171,0,0
V6_cTS,1236,5178,INSTR_WORD_MOD,1328,1236005178,0,0
V6_cTS,1236,5180,INSTR_WORD_MOD,933,1236005180,0,0
V6_cTS,1236,5186,INSTR_WORD_MOD,3760,1236005186,0,0
V6_cTS,1236,5205,INSTR_WORD_MOD,295,1236005205,0,0
V6_cTS,1236,5214,INSTR_WORD_MOD,681,1236005214,0,0
V6_cTS,1236,5308,INSTR_WORD_MOD,3961,1236005308,0,0
V6_cTS,1236,5318,INSTR_WORD_MOD,3766,1236005318,0,0
V6_cTS,1236,5319,INSTR_WORD_MOD,3591,1236005319,0,0
V6_cTS,1236,5345,INSTR_WORD_MOD,842,1236005345,0,0
V6_cTS,1236,5368,POST_EXEC_PC_MOD,3128,1236005368,0,0
V6_cTS,1236,5390,INSTR_WORD_MOD,3186,1236005390,0,0
V6_cTS,1236,5392,INSTR_WORD_MOD,2192,1236005392,0,0
V6_cTS,1236,5396,INSTR_WORD_MOD,2369,1236005396,0,0
V6_cTS,1236,5397,INSTR_WORD_MOD,933,1236005397,0,0
V6_cTS,1236,5475,INSTR_WORD_MOD,276,1236005475,0,0
V6_cTS,1236,5479,INSTR_WORD_MOD,3156,1236005479,0,0
V6_cTS,1236,5498,INSTR_WORD_MOD,933,1236005498,0,0
V6_cTS,1236,5530,INSTR_WORD_MOD,452,1236005530,0,0
V6_cTS,1236,5544,POST_EXEC_PC_MOD,538,1236005544,0,0
V6_cTS,1236,5567,POST_EXEC_PC_MOD,902,1236005567,0,0
V6_cTS,1236,5604,INSTR_WORD_MOD,933,1236005604,0,0
V6_cTS,1236,5612,INSTR_WORD_MOD,3760,1236005612,0,0
V6_cTS,1236,5613,INSTR_WORD_MOD,773,1236005613,0,0
V6_cTS,1236,5628,INSTR_WORD_MOD,918,1236005628,0,0
V6_cTS,1236,5698,INSTR_WORD_MOD,3156,1236005698,0,0
V6_cTS,1236,5704,INSTR_WORD_MOD,1112,1236005704,0,0
V6_cTS,1236,5717,INSTR_WORD_MOD,3089,1236005717,0,0
V6_cTS,1236,5718,INSTR_WORD_MOD,933,1236005718,0,0
V6_cTS,1236,5785,INSTR_WORD_MOD,19,1236005785,0,0
V6_cTS,1236,5796,POST_EXEC_PC_MOD,614,1236005796,0,0
V6_cTS,1236,5798,INSTR_WORD_MOD,2076,1236005798,0,0
V6_cTS,1236,5813,INSTR_WORD_MOD,1648,1236005813,0,0
V6_cTS,1236,5890,INSTR_WORD_MOD,19,1236005890,0,0
V6_cTS,1236,5893,INSTR_WORD_MOD,3023,1236005893,0,0
V6_cTS,1236,5894,INSTR_WORD_MOD,1112,1236005894,0,0
V6_cTS,1236,5902,INSTR_WORD_MOD,3089,1236005902,0,0
V6_cTS,1236,5926,INSTR_WORD_MOD,2596,1236005926,0,0
V6_cTS,1236,5929,POST_EXEC_PC_MOD,294,1236005929,0,0
V6_cTS,1236,5942,INSTR_WORD_MOD,295,1236005942,0,0
V6_cTS,1236,6010,INSTR_WORD_MOD,19,1236006010,0,0
V6_cTS,1236,6016,INSTR_WORD_MOD,778,1236006016,0,0
V6_cTS,1236,6028,INSTR_WORD_MOD,946,1236006028,0,0
V6_cTS,1236,6029,INSTR_WORD_MOD,777,1236006029,0,0
V6_cTS,1236,6088,INSTR_WORD_MOD,1818,1236006088,0,0
V6_cTS,1236,6089,INSTR_WORD_MOD,376,1236006089,0,0
V6_cTS,1236,6111,INSTR_WORD_MOD,2260,1236006111,0,0
V6_cTS,1236,6112,INSTR_WORD_MOD,3186,1236006112,0,0
V6_cTS,1236,6121,INSTR_WORD_MOD,3747,1236006121,0,0
V6_cTS,1236,6153,INSTR_WORD_MOD,295,1236006153,0,0
V6_cTS,1236,6197,INSTR_WORD_MOD,1466,1236006197,0,0
V6_cTS,1236,6200,INSTR_WORD_MOD,1020,1236006200,0,0
V6_cTS,1236,6212,INSTR_WORD_MOD,3209,1236006212,0,0
V6_cTS,1236,6216,POST_EXEC_PC_MOD,933,1236006216,0,0
V6_cTS,1236,6228,INSTR_WORD_MOD,2260,1236006228,0,0
V6_cTS,1236,6240,INSTR_WORD_MOD,1648,1236006240,0,0
V6_cTS,1236,6241,INSTR_WORD_MOD,777,1236006241,0,0
V6_cTS,1236,6244,INSTR_WORD_MOD,2383,1236006244,0,0
V6_cTS,1236,6249,INSTR_WORD_MOD,618,1236006249,0,0
V6_cTS,1236,6258,INSTR_WORD_MOD,3931,1236006258,0,0
V6_cTS,1236,6276,POST_EXEC_PC_MOD,2084,1236006276,0,0
V6_cTS,1236,6319,INSTR_WORD_MOD,2988,1236006319,0,0
V6_cTS,1236,6337,INSTR_WORD_MOD,3186,1236006337,0,0
V6_cTS,1236,6346,POST_EXEC_PC_MOD,2314,1236006346,0,0
V6_cTS,1236,6350,INSTR_WORD_MOD,3084,1236006350,0,0
V6_cTS,1236,6354,INSTR_WORD_MOD,2321,1236006354,0,0
V6_cTS,1236,6367,INSTR_WORD_MOD,3945,1236006367,0,0
V6_cTS,1236,6421,INSTR_WORD_MOD,853,1236006421,0,0
V6_cTS,1236,6436,POST_EXEC_PC_MOD,295,1236006436,0,0
V6_cTS,1236,6438,INSTR_WORD_MOD,3186,1236006438,0,0
V6_cTS,1236,6447,INSTR_WORD_MOD,933,1236006447,0,0
V6_cTS,1236,6456,INSTR_WORD_MOD,773,1236006456,0,0
V6_cTS,1236,6460,INSTR_WORD_MOD,170,1236006460,0,0
V6_cTS,1236,6478,INSTR_WORD_MOD,295,1236006478,0,0
V6_cTS,1236,6565,INSTR_WORD_MOD,3956,1236006565,0,0
V6_cTS,1236,6651,INSTR_WORD_MOD,276,1236006651,0,0
V6_cTS,1236,6677,INSTR_WORD_MOD,2321,1236006677,0,0
V6_cTS,1236,6688,POST_EXEC_PC_MOD,3943,1236006688,0,0
V6_cTS,1236,6753,INSTR_WORD_MOD,276,1236006753,0,0
V6_cTS,1236,6762,INSTR_WORD_MOD,2535,1236006762,0,0
V6_cTS,1236,6790,INSTR_WORD_MOD,773,1236006790,0,0
V6_cTS,1236,6801,INSTR_WORD_MOD,3766,1236006801,0,0
V6_cTS,1236,6845,INSTR_WORD_MOD,1879,1236006845,0,0
V6_cTS,1236,6853,INSTR_WORD_MOD,157,1236006853,0,0
V6_cTS,1236,6857,INSTR_WORD_MOD,1015,1236006857,0,0
V6_cTS,1236,6863,INSTR_WORD_MOD,933,1236006863,0,0
V6_cTS,1236,6889,INSTR_WORD_MOD,3961,1236006889,0,0
V6_cTS,1236,6891,INSTR_WORD_MOD,3931,1236006891,0,0
V6_cTS,1236,6894,POST_EXEC_PC_MOD,2771,1236006894,0,0
V6_cTS,1236,6906,POST_EXEC_PC_MOD,842,1236006906,0,0
V6_cTS,1236,6956,INSTR_WORD_MOD,276,1236006956,0,0
V6_cTS,1236,6958,INSTR_WORD_MOD,157,1236006958,0,0
V6_cTS,1236,6963,INSTR_WORD_MOD,2726,1236006963,0,0
V6_cTS,1236,6968,POST_EXEC_PC_MOD,2136,1236006968,0,0
V6_cTS,1236,6978,INSTR_WORD_MOD,3732,1236006978,0,0
V6_cTS,1236,6993,INSTR_WORD_MOD,2311,1236006993,0,0
V6_cTS,1236,7061,INSTR_WORD_MOD,376,1236007061,0,0
V6_cTS,1236,7076,INSTR_WORD_MOD,3840,1236007076,0,0
V6_cTS,1236,7084,INSTR_WORD_MOD,472,1236007084,0,0
V6_cTS,1236,7126,INSTR_WORD_MOD,918,1236007126,0,0
V6_cTS,1236,7220,INSTR_WORD_MOD,3402,1236007220,0,0
V6_cTS,1236,7224,INSTR_WORD_MOD,2264,1236007224,0,0
V6_cTS,1236,7229,INSTR_WORD_MOD,2311,1236007229,0,0
V6_cTS,1236,7233,INSTR_WORD_MOD,773,1236007233,0,0
V6_cTS,1236,7294,INSTR_WORD_MOD,296,1236007294,0,0
V6_cTS,1236,7324,INSTR_WORD_MOD,858,1236007324,0,0
V6_cTS,1236,7325,INSTR_WORD_MOD,3839,1236007325,0,0
V6_cTS,1236,7340,INSTR_WORD_MOD,618,1236007340,0,0
V6_cTS,1236,7359,POST_EXEC_PC_MOD,3924,1236007359,0,0
V6_cTS,1236,7426,INSTR_WORD_MOD,157,1236007426,0,0
V6_cTS,1236,7523,INSTR_WORD_MOD,276,1236007523,0,0
V6_cTS,1236,7527,INSTR_WORD_MOD,157,1236007527,0,0
V6_cTS,1236,7552,INSTR_WORD_MOD,773,1236007552,0,0
V6_cTS,1236,7562,POST_EXEC_PC_MOD,0,1236007562,0,0
V6_cTS,1236,7631,INSTR_WORD_MOD,276,1236007631,0,0
V6_cTS,1236,7632,INSTR_WORD_MOD,157,1236007632,0,0
V6_cTS,1236,7637,INSTR_WORD_MOD,1971,1236007637,0,0
V6_cTS,1236,7640,INSTR_WORD_MOD,3861,1236007640,0,0
V6_cTS,1236,7651,INSTR_WORD_MOD,3195,1236007651,0,0
V6_cTS,1236,7665,INSTR_WORD_MOD,773,1236007665,0,0
V6_cTS,1236,7713,POST_EXEC_PC_MOD,386,1236007713,0,0
V6_cTS,1236,7723,INSTR_WORD_MOD,1571,1236007723,0,0
V6_cTS,1236,7724,INSTR_WORD_MOD,857,1236007724,0,0
V6_cTS,1236,7734,INSTR_WORD_MOD,320,1236007734,0,0
V6_cTS,1236,7735,INSTR_WORD_MOD,777,1236007735,0,0
V6_cTS,1236,7737,POST_EXEC_PC_MOD,3201,1236007737,0,0
V6_cTS,1236,7749,INSTR_WORD_MOD,773,1236007749,0,0
V6_cTS,1236,7818,INSTR_WORD_MOD,3587,1236007818,0,0
V6_cTS,1236,7825,INSTR_WORD_MOD,527,1236007825,0,0
V6_cTS,1236,7830,INSTR_WORD_MOD,276,1236007830,0,0
V6_cTS,1236,7850,INSTR_WORD_MOD,2657,1236007850,0,0
V6_cTS,1236,7851,INSTR_WORD_MOD,721,1236007851,0,0
V6_cTS,1236,7874,INSTR_WORD_MOD,3961,1236007874,0,0
V6_cTS,1236,7882,INSTR_WORD_MOD,3591,1236007882,0,0
V6_cTS,1236,7944,INSTR_WORD_MOD,276,1236007944,0,0
V6_cTS,1236,7947,INSTR_WORD_MOD,3156,1236007947,0,0
V6_cTS,1236,8041,INSTR_WORD_MOD,2081,1236008041,0,0
V6_cTS,1236,8045,POST_EXEC_PC_MOD,276,1236008045,0,0
V6_cTS,1236,8074,INSTR_WORD_MOD,3840,1236008074,0,0
V6_cTS,1236,8085,INSTR_WORD_MOD,3450,1236008085,0,0
V6_cTS,1236,8139,POST_EXEC_PC_MOD,2055,1236008139,0,0
V6_cTS,1236,8159,INSTR_WORD_MOD,276,1236008159,0,0
V6_cTS,1236,8168,INSTR_WORD_MOD,858,1236008168,0,0
V6_cTS,1236,8178,INSTR_WORD_MOD,1106,1236008178,0,0
V6_cTS,1236,8239,INSTR_WORD_MOD,802,1236008239,0,0
V6_cTS,1236,8252,POST_EXEC_PC_MOD,3766,1236008252,0,0
V6_cTS,1236,8275,INSTR_WORD_MOD,618,1236008275,0,0
V6_cTS,1236,8276,INSTR_WORD_MOD,3503,1236008276,0,0
V6_cTS,1236,8290,INSTR_WORD_MOD,3766,1236008290,0,0
V6_cTS,1236,8296,INSTR_WORD_MOD,3591,1236008296,0,0
V6_cTS,1236,8353,INSTR_WORD_MOD,376,1236008353,0,0
V6_cTS,1236,8366,INSTR_WORD_MOD,2535,1236008366,0,0
V6_cTS,1236,8375,INSTR_WORD_MOD,933,1236008375,0,0
V6_cTS,1236,8376,INSTR_WORD_MOD,2948,1236008376,0,0
V6_cTS,1236,8386,INSTR_WORD_MOD,2321,1236008386,0,0
V6_cTS,1236,8400,POST_EXEC_PC_MOD,0,1236008400,0,0
V6_cTS,1236,8455,POST_EXEC_PC_MOD,2796,1236008455,0,0
V6_cTS,1236,8458,INSTR_WORD_MOD,937,1236008458,0,0
V6_cTS,1236,8474,INSTR_WORD_MOD,19,1236008474,0,0
V6_cTS,1236,8478,INSTR_WORD_MOD,1015,1236008478,0,0
V6_cTS,1236,8490,INSTR_WORD_MOD,777,1236008490,0,0
V6_cTS,1236,8536,POST_EXEC_PC_MOD,451,1236008536,0,0
V6_cTS,1236,8588,INSTR_WORD_MOD,857,1236008588,0,0
V6_cTS,1236,8600,INSTR_WORD_MOD,933,1236008600,0,0
V6_cTS,1236,8603,INSTR_WORD_MOD,3742,1236008603,0,0
V6_cTS,1236,8611,INSTR_WORD_MOD,3760,1236008611,0,0
V6_cTS,1236,8671,INSTR_WORD_MOD,1898,1236008671,0,0
V6_cTS,1236,8683,INSTR_WORD_MOD,19,1236008683,0,0
V6_cTS,1236,8698,INSTR_WORD_MOD,933,1236008698,0,0
V6_cTS,1236,8708,POST_EXEC_PC_MOD,3766,1236008708,0,0
V6_cTS,1236,8709,INSTR_WORD_MOD,2321,1236008709,0,0
V6_cTS,1236,8720,INSTR_WORD_MOD,3949,1236008720,0,0
V6_cTS,1236,8777,POST_EXEC_PC_MOD,608,1236008777,0,0
V6_cTS,1236,8786,INSTR_WORD_MOD,2063,1236008786,0,0
V6_cTS,1236,8798,INSTR_WORD_MOD,276,1236008798,0,0
V6_cTS,1236,8800,INSTR_WORD_MOD,157,1236008800,0,0
V6_cTS,1236,8808,INSTR_WORD_MOD,1019,1236008808,0,0
V6_cTS,1236,8827,INSTR_WORD_MOD,3760,1236008827,0,0
V6_cTS,1236,8891,INSTR_WORD_MOD,938,1236008891,0,0
V6_cTS,1236,8906,INSTR_WORD_MOD,3840,1236008906,0,0
V6_cTS,1236,8917,INSTR_WORD_MOD,1328,1236008917,0,0
V6_cTS,1236,8923,INSTR_WORD_MOD,2860,1236008923,0,0
V6_cTS,1236,8929,INSTR_WORD_MOD,2311,1236008929,0,0
V6_cTS,1236,8936,INSTR_WORD_MOD,3958,1236008936,0,0
V6_cTS,1236,8937,INSTR_WORD_MOD,3961,1236008937,0,0
V6_cTS,1236,9001,INSTR_WORD_MOD,536,1236009001,0,0
V6_cTS,1236,9016,INSTR_WORD_MOD,157,1236009016,0,0
V6_cTS,1236,9026,INSTR_WORD_MOD,857,1236009026,0,0
V6_cTS,1236,9034,INSTR_WORD_MOD,933,1236009034,0,0
V6_cTS,1236,9099,INSTR_WORD_MOD,537,1236009099,0,0
V6_cTS,1236,9108,INSTR_WORD_MOD,19,1236009108,0,0
V6_cTS,1236,9112,POST_EXEC_PC_MOD,2826,1236009112,0,0
V6_cTS,1236,9115,INSTR_WORD_MOD,2535,1236009115,0,0
V6_cTS,1236,9125,INSTR_WORD_MOD,777,1236009125,0,0
V6_cTS,1236,9145,POST_EXEC_PC_MOD,3915,1236009145,0,0
V6_cTS,1236,9152,INSTR_WORD_MOD,1000,1236009152,0,0
V6_cTS,1236,9154,INSTR_WORD_MOD,3961,1236009154,0,0
V6_cTS,1236,9210,INSTR_WORD_MOD,19,1236009210,0,0
V6_cTS,1236,9215,INSTR_WORD_MOD,858,1236009215,0,0
V6_cTS,1236,9226,INSTR_WORD_MOD,213,1236009226,0,0
V6_cTS,1236,9230,POST_EXEC_PC_MOD,3947,1236009230,0,0
V6_cTS,1236,9231,INSTR_WORD_MOD,2687,1236009231,0,0
V6_cTS,1236,9244,INSTR_WORD_MOD,3961,1236009244,0,0
V6_cTS,1236,9252,INSTR_WORD_MOD,3766,1236009252,0,0
V6_cTS,1236,9305,INSTR_WORD_MOD,3743,1236009305,0,0
V6_cTS,1236,9318,INSTR_WORD_MOD,3023,1236009318,0,0
V6_cTS,1236,9324,INSTR_WORD_MOD,1869,1236009324,0,0
V6_cTS,1236,9336,INSTR_WORD_MOD,3760,1236009336,0,0
V6_cTS,1236,9360,INSTR_WORD_MOD,765,1236009360,0,0
V6_cTS,1236,9375,POST_EXEC_PC_MOD,3114,1236009375,0,0
V6_cTS,1236,9404,POST_EXEC_PC_MOD,3795,1236009404,0,0
V6_cTS,1236,9427,INSTR_WORD_MOD,1832,1236009427,0,0
V6_cTS,1236,9443,INSTR_WORD_MOD,276,1236009443,0,0
V6_cTS,1236,9447,INSTR_WORD_MOD,2707,1236009447,0,0
V6_cTS,1236,9449,INSTR_WORD_MOD,2535,1236009449,0,0
V6_cTS,1236,9464,INSTR_WORD_MOD,222,1236009464,0,0
V6_cTS,1236,9518,INSTR_WORD_MOD,619,1236009518,0,0
V6_cTS,1236,9533,INSTR_WORD_MOD,2076,1236009533,0,0
V6_cTS,1236,9556,INSTR_WORD_MOD,2792,1236009556,0,0
V6_cTS,1236,9562,INSTR_WORD_MOD,3760,1236009562,0,0
V6_cTS,1236,9567,INSTR_WORD_MOD,618,1236009567,0,0
V6_cTS,1236,9622,INSTR_WORD_MOD,3706,1236009622,0,0
V6_cTS,1236,9623,INSTR_WORD_MOD,1002,1236009623,0,0
V6_cTS,1236,9631,INSTR_WORD_MOD,276,1236009631,0,0
V6_cTS,1236,9636,INSTR_WORD_MOD,3840,1236009636,0,0
V6_cTS,1236,9651,INSTR_WORD_MOD,2826,1236009651,0,0
V6_cTS,1236,9695,POST_EXEC_PC_MOD,2311,1236009695,0,0
V6_cTS,1236,9736,INSTR_WORD_MOD,276,1236009736,0,0
V6_cTS,1236,9741,INSTR_WORD_MOD,157,1236009741,0,0
V6_cTS,1236,9747,INSTR_WORD_MOD,1112,1236009747,0,0
V6_cTS,1236,9765,INSTR_WORD_MOD,193,1236009765,0,0
V6_cTS,1236,9772,INSTR_WORD_MOD,618,1236009772,0,0
V6_cTS,1236,9782,INSTR_WORD_MOD,3961,1236009782,0,0
V6_cTS,1236,9852,INSTR_WORD_MOD,2535,1236009852,0,0
V6_cTS,1236,9909,INSTR_WORD_MOD,915,1236009909,0,0
V6_cTS,1236,9936,INSTR_WORD_MOD,619,1236009936,0,0
V6_cTS,1236,9944,POST_EXEC_PC_MOD,3935,1236009944,0,0
V6_cTS,1236,9954,INSTR_WORD_MOD,157,1236009954,0,0
V6_cTS,1236,9962,INSTR_WORD_MOD,1019,1236009962,0,0
V6_cTS,1236,9964,INSTR_WORD_MOD,2700,1236009964,0,0
V6_cTS,1236,9982,INSTR_WORD_MOD,618,1236009982,0,0
V6_cTS,1236,9987,POST_EXEC_PC_MOD,1594,1236009987,0,0
Hybrid_cTS,1234,90,INSTR_WORD_MOD,694,1234000090,0,0
Hybrid_cTS,1234,106,INSTR_WORD_MOD,933,1234000106,0,0
Hybrid_cTS,1234,123,INSTR_WORD_MOD,3591,1234000123,0,0
Hybrid_cTS,1234,132,INSTR_WORD_MOD,6,1234000132,0,0
Hybrid_cTS,1234,136,INSTR_WORD_MOD,175,1234000136,0,0
Hybrid_cTS,1234,140,INSTR_WORD_MOD,762,1234000140,0,0
Hybrid_cTS,1234,141,INSTR_WORD_MOD,170,1234000141,0,0
Hybrid_cTS,1234,348,INSTR_WORD_MOD,698,1234000348,0,0
Hybrid_cTS,1234,353,INSTR_WORD_MOD,276,1234000353,0,0
Hybrid_cTS,1234,363,INSTR_WORD_MOD,2386,1234000363,0,0
Hybrid_cTS,1234,364,INSTR_WORD_MOD,933,1234000364,0,0
Hybrid_cTS,1234,375,INSTR_WORD_MOD,3961,1234000375,0,0
Hybrid_cTS,1234,379,INSTR_WORD_MOD,3753,1234000379,0,0
Hybrid_cTS,1234,380,INSTR_WORD_MOD,3766,1234000380,0,0
Hybrid_cTS,1234,387,INSTR_WORD_MOD,278,1234000387,0,0
Hybrid_cTS,1234,393,INSTR_WORD_MOD,2507,1234000393,0,0
Hybrid_cTS,1234,543,INSTR_WORD_MOD,2151,1234000543,0,0
Hybrid_cTS,1234,549,INSTR_WORD_MOD,519,1234000549,0,0
Hybrid_cTS,1234,605,INSTR_WORD_MOD,2813,1234000605,0,0
Hybrid_cTS,1234,699,INSTR_WORD_MOD,858,1234000699,0,0
Hybrid_cTS,1234,754,INSTR_WORD_MOD,773,1234000754,0,0
Hybrid_cTS,1234,780,INSTR_WORD_MOD,3766,1234000780,0,0
Hybrid_cTS,1234,786,INSTR_WORD_MOD,933,1234000786,0,0
Hybrid_cTS,1234,788,INSTR_WORD_MOD,1944,1234000788,0,0
Hybrid_cTS,1234,1637,INSTR_WORD_MOD,920,1234001637,0,0
Hybrid_cTS,1234,1638,INSTR_WORD_MOD,19,1234001638,0,0
Hybrid_cTS,1234,1714,INSTR_WORD_MOD,3943,1234001714,0,0
Hybrid_cTS,1234,1799,INSTR_WORD_MOD,2531,1234001799,0,0
Hybrid_cTS,1234,1877,INSTR_WORD_MOD,175,1234001877,0,0
Hybrid_cTS,1234,1954,INSTR_WORD_MOD,1019,1234001954,0,0
Hybrid_cTS,1234,2043,INSTR_WORD_MOD,157,1234002043,0,0
Hybrid_cTS,1234,2060,INSTR_WORD_MOD,682,1234002060,0,0
Hybrid_cTS,1234,2394,INSTR_WORD_MOD,175,1234002394,0,0
Hybrid_cTS,1234,2403,INSTR_WORD_MOD,840,1234002403,0,0
Hybrid_cTS,1234,2591,INSTR_WORD_MOD,249,1234002591,0,0
Hybrid_cTS,1234,2612,INSTR_WORD_MOD,276,1234002612,0,0
Hybrid_cTS,1234,2663,INSTR_WORD_MOD,3156,1234002663,0,0
Hybrid_cTS,1234,2747,INSTR_WORD_MOD,1853,1234002747,0,0
Hybrid_cTS,1234,2784,INSTR_WORD_MOD,3684,1234002784,0,0
Hybrid_cTS,1234,2885,INSTR_WORD_MOD,19,1234002885,0,0
Hybrid_cTS,1234,2916,INSTR_WORD_MOD,157,1234002916,0,0
Hybrid_cTS,1234,2919,INSTR_WORD_MOD,778,1234002919,0,0
Hybrid_cTS,1234,2987,INSTR_WORD_MOD,676,1234002987,0,0
Hybrid_cTS,1234,3002,INSTR_WORD_MOD,933,1234003002,0,0
Hybrid_cTS,1234,3064,INSTR_WORD_MOD,3961,1234003064,0,0
Hybrid_cTS,1234,3205,INSTR_WORD_MOD,2535,1234003205,0,0
Hybrid_cTS,1234,3273,INSTR_WORD_MOD,933,1234003273,0,0
Hybrid_cTS,1234,3288,INSTR_WORD_MOD,3933,1234003288,0,0
Hybrid_cTS,1234,3316,INSTR_WORD_MOD,3766,1234003316,0,0
Hybrid_cTS,1234,3323,INSTR_WORD_MOD,3840,1234003323,0,0
Hybrid_cTS,1234,3329,INSTR_WORD_MOD,174,1234003329,0,0
Hybrid_cTS,1234,3371,INSTR_WORD_MOD,857,1234003371,0,0
Hybrid_cTS,1234,3375,INSTR_WORD_MOD,175,1234003375,0,0
Hybrid_cTS,1234,3481,INSTR_WORD_MOD,3753,1234003481,0,0
Hybrid_cTS,1234,3512,INSTR_WORD_MOD,2279,1234003512,0,0
Hybrid_cTS,1234,3780,INSTR_WORD_MOD,3156,1234003780,0,0
Hybrid_cTS,1234,3841,INSTR_WORD_MOD,2413,1234003841,0,0
Hybrid_cTS,1234,3862,INSTR_WORD_MOD,3961,1234003862,0,0
Hybrid_cTS,1234,3863,INSTR_WORD_MOD,985,1234003863,0,0
Hybrid_cTS,1234,3967,INSTR_WORD_MOD,920,1234003967,0,0
Hybrid_cTS,1234,3984,INSTR_WORD_MOD,2363,1234003984,0,0
Hybrid_cTS,1234,4038,INSTR_WORD_MOD,19,1234004038,0,0
Hybrid_cTS,1234,4157,INSTR_WORD_MOD,452,1234004157,0,0
Hybrid_cTS,1234,4177,INSTR_WORD_MOD,3926,1234004177,0,0
Hybrid_cTS,1234,4296,INSTR_WORD_MOD,295,1234004296,0,0
Hybrid_cTS,1234,4371,INSTR_WORD_MOD,170,1234004371,0,0
Hybrid_cTS,1234,4453,INSTR_WORD_MOD,1000,1234004453,0,0
Hybrid_cTS,1234,4635,INSTR_WORD_MOD,920,1234004635,0,0
Hybrid_cTS,1234,4679,INSTR_WORD_MOD,3956,1234004679,0,0
Hybrid_cTS,1234,4775,INSTR_WORD_MOD,2321,1234004775,0,0
Hybrid_cTS,1234,4781,INSTR_WORD_MOD,170,1234004781,0,0
Hybrid_cTS,1234,4921,INSTR_WORD_MOD,3157,1234004921,0,0
Hybrid_cTS,1234,4955,INSTR_WORD_MOD,3766,1234004955,0,0
Hybrid_cTS,1234,5048,INSTR_WORD_MOD,721,1234005048,0,0
Hybrid_cTS,1234,5248,INSTR_WORD_MOD,3766,1234005248,0,0
Hybrid_cTS,1234,5328,INSTR_WORD_MOD,376,1234005328,0,0
Hybrid_cTS,1234,5330,INSTR_WORD_MOD,762,1234005330,0,0
Hybrid_cTS,1234,5364,INSTR_WORD_MOD,371,1234005364,0,0
Hybrid_cTS,1234,5451,INSTR_WORD_MOD,1879,1234005451,0,0
Hybrid_cTS,1234,5458,INSTR_WORD_MOD,777,1234005458,0,0
Hybrid_cTS,1234,5499,INSTR_WORD_MOD,777,1234005499,0,0
Hybrid_cTS,1234,5617,INSTR_WORD_MOD,777,1234005617,0,0
Hybrid_cTS,1234,5710,INSTR_WORD_MOD,1850,1234005710,0,0
Hybrid_cTS,1234,5799,INSTR_WORD_MOD,3641,1234005799,0,0
Hybrid_cTS,1234,5843,INSTR_WORD_MOD,840,1234005843,0,0
Hybrid_cTS,1234,5882,INSTR_WORD_MOD,3591,1234005882,0,0
Hybrid_cTS,1234,5903,INSTR_WORD_MOD,2151,1234005903,0,0
Hybrid_cTS,1234,5904,INSTR_WORD_MOD,1662,1234005904,0,0
Hybrid_cTS,1234,5945,INSTR_WORD_MOD,2492,1234005945,0,0
Hybrid_cTS,1234,6033,INSTR_WORD_MOD,778,1234006033,0,0
Hybrid_cTS,1234,6035,INSTR_WORD_MOD,933,1234006035,0,0
Hybrid_cTS,1234,6042,INSTR_WORD_MOD,2076,1234006042,0,0
Hybrid_cTS,1234,6117,INSTR_WORD_MOD,295,1234006117,0,0
Hybrid_cTS,1234,6128,INSTR_WORD_MOD,777,1234006128,0,0
Hybrid_cTS,1234,6259,INSTR_WORD_MOD,19,1234006259,0,0
Hybrid_cTS,1234,6529,INSTR_WORD_MOD,946,1234006529,0,0
Hybrid_cTS,1234,6542,INSTR_WORD_MOD,19,1234006542,0,0
Hybrid_cTS,1234,6555,INSTR_WORD_MOD,157,1234006555,0,0
Hybrid_cTS,1234,6563,INSTR_WORD_MOD,2535,1234006563,0,0
Hybrid_cTS,1234,6587,INSTR_WORD_MOD,19,1234006587,0,0
Hybrid_cTS,1234,6729,INSTR_WORD_MOD,175,1234006729,0,0
Hybrid_cTS,1234,6754,INSTR_WORD_MOD,614,1234006754,0,0
Hybrid_cTS,1234,6888,INSTR_WORD_MOD,773,1234006888,0,0
Hybrid_cTS,1234,7003,INSTR_WORD_MOD,2552,1234007003,0,0
Hybrid_cTS,1234,7084,INSTR_WORD_MOD,3961,1234007084,0,0
Hybrid_cTS,1234,7087,INSTR_WORD_MOD,918,1234007087,0,0
Hybrid_cTS,1234,7207,INSTR_WORD_MOD,2505,1234007207,0,0
Hybrid_cTS,1234,7209,INSTR_WORD_MOD,777,1234007209,0,0
Hybrid_cTS,1234,7274,INSTR_WORD_MOD,3926,1234007274,0,0
Hybrid_cTS,1234,7336,INSTR_WORD_MOD,174,1234007336,0,0
Hybrid_cTS,1234,7363,INSTR_WORD_MOD,609,1234007363,0,0
Hybrid_cTS,1234,7375,INSTR_WORD_MOD,1112,1234007375,0,0
Hybrid_cTS,1234,7382,INSTR_WORD_MOD,2311,1234007382,0,0
Hybrid_cTS,1234,7405,INSTR_WORD_MOD,857,1234007405,0,0
Hybrid_cTS,1234,7417,INSTR_WORD_MOD,840,1234007417,0,0
Hybrid_cTS,1234,7436,INSTR_WORD_MOD,609,1234007436,0,0
Hybrid_cTS,1234,7648,INSTR_WORD_MOD,840,1234007648,0,0
Hybrid_cTS,1234,7707,INSTR_WORD_MOD,3760,1234007707,0,0
Hybrid_cTS,1234,7861,INSTR_WORD_MOD,3961,1234007861,0,0
Hybrid_cTS,1234,7906,INSTR_WORD_MOD,3441,1234007906,0,0
Hybrid_cTS,1234,7940,INSTR_WORD_MOD,276,1234007940,0,0
Hybrid_cTS,1234,8035,INSTR_WORD_MOD,3591,1234008035,0,0
Hybrid_cTS,1234,8173,INSTR_WORD_MOD,618,1234008173,0,0
Hybrid_cTS,1234,8236,INSTR_WORD_MOD,2507,1234008236,0,0
Hybrid_cTS,1234,8307,INSTR_WORD_MOD,3926,1234008307,0,0
Hybrid_cTS,1234,8311,INSTR_WORD_MOD,537,1234008311,0,0
Hybrid_cTS,1234,8342,INSTR_WORD_MOD,2535,1234008342,0,0
Hybrid_cTS,1234,8415,INSTR_WORD_MOD,3732,1234008415,0,0
Hybrid_cTS,1234,8436,INSTR_WORD_MOD,682,1234008436,0,0
Hybrid_cTS,1234,8510,INSTR_WORD_MOD,170,1234008510,0,0
Hybrid_cTS,1234,8589,INSTR_WORD_MOD,519,1234008589,0,0
Hybrid_cTS,1234,8821,INSTR_WORD_MOD,170,1234008821,0,0
Hybrid_cTS,1234,8824,INSTR_WORD_MOD,840,1234008824,0,0
Hybrid_cTS,1234,8872,INSTR_WORD_MOD,601,1234008872,0,0
Hybrid_cTS,1234,8928,INSTR_WORD_MOD,773,1234008928,0,0
Hybrid_cTS,1234,9011,INSTR_WORD_MOD,276,1234009011,0,0
Hybrid_cTS,1234,9134,INSTR_WORD_MOD,840,1234009134,0,0
Hybrid_cTS,1234,9509,INSTR_WORD_MOD,3591,1234009509,0,0
Hybrid_cTS,1234,9586,INSTR_WORD_MOD,372,1234009586,0,0
Hybrid_cTS,1234,9628,INSTR_WORD_MOD,157,1234009628,0,0
Hybrid_cTS,1234,9644,INSTR_WORD_MOD,170,1234009644,0,0
Hybrid_cTS,1234,9708,INSTR_WORD_MOD,3161,1234009708,0,0
Hybrid_cTS,1234,9727,INSTR_WORD_MOD,291,1234009727,0,0
Hybrid_cTS,1234,9848,INSTR_WORD_MOD,451,1234009848,0,0
Hybrid_cTS,1234,9869,INSTR_WORD_MOD,610,1234009869,0,0
Hybrid_cTS,1234,9917,INSTR_WORD_MOD,915,1234009917,0,0
Hybrid_cTS,1234,9950,INSTR_WORD_MOD,3157,1234009950,0,0
Hybrid_cTS,1234,9960,INSTR_WORD_MOD,842,1234009960,0,0
Hybrid_cTS,1235,89,INSTR_WORD_MOD,97,1235000089,0,0
Hybrid_cTS,1235,99,INSTR_WORD_MOD,2161,1235000099,0,0
Hybrid_cTS,1235,100,INSTR_WORD_MOD,857,1235000100,0,0
Hybrid_cTS,1235,112,INSTR_WORD_MOD,618,1235000112,0,0
Hybrid_cTS,1235,128,INSTR_WORD_MOD,835,1235000128,0,0
Hybrid_cTS,1235,132,INSTR_WORD_MOD,6,1235000132,0,0
Hybrid_cTS,1235,140,INSTR_WORD_MOD,1850,1235000140,0,0
Hybrid_cTS,1235,363,INSTR_WORD_MOD,1328,1235000363,0,0
Hybrid_cTS,1235,370,INSTR_WORD_MOD,618,1235000370,0,0
Hybrid_cTS,1235,378,INSTR_WORD_MOD,3951,1235000378,0,0
Hybrid_cTS,1235,393,INSTR_WORD_MOD,1000,1235000393,0,0
Hybrid_cTS,1235,394,INSTR_WORD_MOD,175,1235000394,0,0
Hybrid_cTS,1235,398,INSTR_WORD_MOD,1850,1235000398,0,0
Hybrid_cTS,1235,539,INSTR_WORD_MOD,1536,1235000539,0,0
Hybrid_cTS,1235,548,INSTR_WORD_MOD,3766,1235000548,0,0
Hybrid_cTS,1235,642,INSTR_WORD_MOD,575,1235000642,0,0
Hybrid_cTS,1235,669,INSTR_WORD_MOD,2311,1235000669,0,0
Hybrid_cTS,1235,671,INSTR_WORD_MOD,841,1235000671,0,0
Hybrid_cTS,1235,672,INSTR_WORD_MOD,170,1235000672,0,0
Hybrid_cTS,1235,734,INSTR_WORD_MOD,3591,1235000734,0,0
Hybrid_cTS,1235,785,INSTR_WORD_MOD,3891,1235000785,0,0
Hybrid_cTS,1235,797,INSTR_WORD_MOD,997,1235000797,0,0
Hybrid_cTS,1235,1068,INSTR_WORD_MOD,157,1235001068,0,0
Hybrid_cTS,1235,1219,INSTR_WORD_MOD,840,1235001219,0,0
Hybrid_cTS,1235,1367,INSTR_WORD_MOD,295,1235001367,0,0
Hybrid_cTS,1235,1385,INSTR_WORD_MOD,157,1235001385,0,0
Hybrid_cTS,1235,1442,INSTR_WORD_MOD,19,1235001442,0,0
Hybrid_cTS,1235,1509,INSTR_WORD_MOD,858,1235001509,0,0
Hybrid_cTS,1235,1564,INSTR_WORD_MOD,19,1235001564,0,0
Hybrid_cTS,1235,1875,INSTR_WORD_MOD,452,1235001875,0,0
Hybrid_cTS,1235,1915,INSTR_WORD_MOD,3928,1235001915,0,0
Hybrid_cTS,1235,2009,INSTR_WORD_MOD,278,1235002009,0,0
Hybrid_cTS,1235,2087,INSTR_WORD_MOD,1818,1235002087,0,0
Hybrid_cTS,1235,2119,INSTR_WORD_MOD,3591,1235002119,0,0
Hybrid_cTS,1235,2159,INSTR_WORD_MOD,3156,1235002159,0,0
Hybrid_cTS,1235,2308,INSTR_WORD_MOD,1850,1235002308,0,0
Hybrid_cTS,1235,2330,INSTR_WORD_MOD,3783,1235002330,0,0
Hybrid_cTS,1235,2342,INSTR_WORD_MOD,170,1235002342,0,0
Hybrid_cTS,1235,2362,INSTR_WORD_MOD,3961,1235002362,0,0
Hybrid_cTS,1235,2393,INSTR_WORD_MOD,3535,1235002393,0,0
Hybrid_cTS,1235,2407,INSTR_WORD_MOD,175,1235002407,0,0
Hybrid_cTS,1235,2486,INSTR_WORD_MOD,3961,1235002486,0,0
Hybrid_cTS,1235,2505,INSTR_WORD_MOD,2507,1235002505,0,0
Hybrid_cTS,1235,2516,INSTR_WORD_MOD,3949,1235002516,0,0
Hybrid_cTS,1235,2645,INSTR_WORD_MOD,377,1235002645,0,0
Hybrid_cTS,1235,2846,INSTR_WORD_MOD,3156,1235002846,0,0
Hybrid_cTS,1235,2887,INSTR_WORD_MOD,2539,1235002887,0,0
Hybrid_cTS,1235,2905,INSTR_WORD_MOD,933,1235002905,0,0
Hybrid_cTS,1235,2944,INSTR_WORD_MOD,3941,1235002944,0,0
Hybrid_cTS,1235,2977,INSTR_WORD_MOD,618,1235002977,0,0
Hybrid_cTS,1235,3009,INSTR_WORD_MOD,361,1235003009,0,0
Hybrid_cTS,1235,3059,INSTR_WORD_MOD,1328,1235003059,0,0
Hybrid_cTS,1235,3116,INSTR_WORD_MOD,681,1235003116,0,0
Hybrid_cTS,1235,3124,INSTR_WORD_MOD,157,1235003124,0,0
Hybrid_cTS,1235,3140,INSTR_WORD_MOD,2552,1235003140,0,0
Hybrid_cTS,1235,3145,INSTR_WORD_MOD,703,1235003145,0,0
Hybrid_cTS,1235,3165,INSTR_WORD_MOD,514,1235003165,0,0
Hybrid_cTS,1235,3209,INSTR_WORD_MOD,3157,1235003209,0,0
Hybrid_cTS,1235,3262,INSTR_WORD_MOD,19,1235003262,0,0
Hybrid_cTS,1235,3276,INSTR_WORD_MOD,918,1235003276,0,0
Hybrid_cTS,1235,3310,INSTR_WORD_MOD,933,1235003310,0,0
Hybrid_cTS,1235,3364,INSTR_WORD_MOD,452,1235003364,0,0
Hybrid_cTS,1235,3383,INSTR_WORD_MOD,170,1235003383,0,0
Hybrid_cTS,1235,3514,INSTR_WORD_MOD,276,1235003514,0,0
Hybrid_cTS,1235,3646,INSTR_WORD_MOD,840,1235003646,0,0
Hybrid_cTS,1235,3716,INSTR_WORD_MOD,1850,1235003716,0,0
Hybrid_cTS,1235,3735,INSTR_WORD_MOD,457,1235003735,0,0
Hybrid_cTS,1235,3782,INSTR_WORD_MOD,778,1235003782,0,0
Hybrid_cTS,1235,3806,INSTR_WORD_MOD,2806,1235003806,0,0
Hybrid_cTS,1235,3959,INSTR_WORD_MOD,755,1235003959,0,0
Hybrid_cTS,1235,4019,INSTR_WORD_MOD,2552,1235004019,0,0
Hybrid_cTS,1235,4024,INSTR_WORD_MOD,6,1235004024,0,0
Hybrid_cTS,1235,4027,INSTR_WORD_MOD,19,1235004027,0,0
Hybrid_cTS,1235,4139,INSTR_WORD_MOD,175,1235004139,0,0
Hybrid_cTS,1235,4378,INSTR_WORD_MOD,1648,1235004378,0,0
Hybrid_cTS,1235,4514,INSTR_WORD_MOD,19,1235004514,0,0
Hybrid_cTS,1235,4755,INSTR_WORD_MOD,3753,1235004755,0,0
Hybrid_cTS,1235,4785,INSTR_WORD_MOD,295,1235004785,0,0
Hybrid_cTS,1235,4787,INSTR_WORD_MOD,3503,1235004787,0,0
Hybrid_cTS,1235,4835,INSTR_WORD_MOD,3766,1235004835,0,0
Hybrid_cTS,1235,4921,INSTR_WORD_MOD,368,1235004921,0,0
Hybrid_cTS,1235,4990,INSTR_WORD_MOD,3840,1235004990,0,0
Hybrid_cTS,1235,5156,INSTR_WORD_MOD,858,1235005156,0,0
Hybrid_cTS,1235,5250,INSTR_WORD_MOD,3936,1235005250,0,0
Hybrid_cTS,1235,5328,INSTR_WORD_MOD,1630,1235005328,0,0
Hybrid_cTS,1235,5333,INSTR_WORD_MOD,3023,1235005333,0,0
Hybrid_cTS,1235,5417,INSTR_WORD_MOD,3156,1235005417,0,0
Hybrid_cTS,1235,5625,INSTR_WORD_MOD,2505,1235005625,0,0
Hybrid_cTS,1235,5691,INSTR_WORD_MOD,679,1235005691,0,0
Hybrid_cTS,1235,5739,INSTR_WORD_MOD,840,1235005739,0,0
Hybrid_cTS,1235,5823,INSTR_WORD_MOD,170,1235005823,0,0
Hybrid_cTS,1235,5987,INSTR_WORD_MOD,2063,1235005987,0,0
Hybrid_cTS,1235,6082,INSTR_WORD_MOD,3840,1235006082,0,0
Hybrid_cTS,1235,6336,INSTR_WORD_MOD,1643,1235006336,0,0
Hybrid_cTS,1235,6342,INSTR_WORD_MOD,777,1235006342,0,0
Hybrid_cTS,1235,6399,INSTR_WORD_MOD,1853,1235006399,0,0
Hybrid_cTS,1235,6554,INSTR_WORD_MOD,2418,1235006554,0,0
Hybrid_cTS,1235,6575,INSTR_WORD_MOD,19,1235006575,0,0
Hybrid_cTS,1235,6607,INSTR_WORD_MOD,157,1235006607,0,0
Hybrid_cTS,1235,6662,INSTR_WORD_MOD,437,1235006662,0,0
Hybrid_cTS,1235,6699,INSTR_WORD_MOD,19,1235006699,0,0
Hybrid_cTS,1235,6711,INSTR_WORD_MOD,372,1235006711,0,0
Hybrid_cTS,1235,6740,INSTR_WORD_MOD,3766,1235006740,0,0
Hybrid_cTS,1235,6750,INSTR_WORD_MOD,1019,1235006750,0,0
Hybrid_cTS,1235,6755,INSTR_WORD_MOD,3926,1235006755,0,0
Hybrid_cTS,1235,6958,INSTR_WORD_MOD,19,1235006958,0,0
Hybrid_cTS,1235,7185,INSTR_WORD_MOD,19,1235007185,0,0
Hybrid_cTS,1235,7273,INSTR_WORD_MOD,929,1235007273,0,0
Hybrid_cTS,1235,7287,INSTR_WORD_MOD,838,1235007287,0,0
Hybrid_cTS,1235,7321,INSTR_WORD_MOD,773,1235007321,0,0
Hybrid_cTS,1235,7341,INSTR_WORD_MOD,1081,1235007341,0,0
Hybrid_cTS,1235,7416,INSTR_WORD_MOD,933,1235007416,0,0
Hybrid_cTS,1235,7466,INSTR_WORD_MOD,3182,1235007466,0,0
Hybrid_cTS,1235,7537,INSTR_WORD_MOD,699,1235007537,0,0
Hybrid_cTS,1235,7560,INSTR_WORD_MOD,19,1235007560,0,0
Hybrid_cTS,1235,7615,INSTR_WORD_MOD,175,1235007615,0,0
Hybrid_cTS,1235,7620,INSTR_WORD_MOD,773,1235007620,0,0
Hybrid_cTS,1235,7762,INSTR_WORD_MOD,276,1235007762,0,0
Hybrid_cTS,1235,7854,INSTR_WORD_MOD,760,1235007854,0,0
Hybrid_cTS,1235,7950,INSTR_WORD_MOD,858,1235007950,0,0
Hybrid_cTS,1235,8027,INSTR_WORD_MOD,170,1235008027,0,0
Hybrid_cTS,1235,8044,INSTR_WORD_MOD,359,1235008044,0,0
Hybrid_cTS,1235,8047,INSTR_WORD_MOD,3961,1235008047,0,0
Hybrid_cTS,1235,8125,INSTR_WORD_MOD,157,1235008125,0,0
Hybrid_cTS,1235,8137,INSTR_WORD_MOD,1839,1235008137,0,0
Hybrid_cTS,1235,8252,INSTR_WORD_MOD,3591,1235008252,0,0
Hybrid_cTS,1235,8287,INSTR_WORD_MOD,2552,1235008287,0,0
Hybrid_cTS,1235,8342,INSTR_WORD_MOD,1112,1235008342,0,0
Hybrid_cTS,1235,8506,INSTR_WORD_MOD,858,1235008506,0,0
Hybrid_cTS,1235,8583,INSTR_WORD_MOD,3766,1235008583,0,0
Hybrid_cTS,1235,8650,INSTR_WORD_MOD,2699,1235008650,0,0
Hybrid_cTS,1235,8687,INSTR_WORD_MOD,918,1235008687,0,0
Hybrid_cTS,1235,8752,INSTR_WORD_MOD,157,1235008752,0,0
Hybrid_cTS,1235,8910,INSTR_WORD_MOD,3591,1235008910,0,0
Hybrid_cTS,1235,8968,INSTR_WORD_MOD,3840,1235008968,0,0
Hybrid_cTS,1235,8972,INSTR_WORD_MOD,524,1235008972,0,0
Hybrid_cTS,1235,8988,INSTR_WORD_MOD,536,1235008988,0,0
Hybrid_cTS,1235,8994,INSTR_WORD_MOD,2080,1235008994,0,0
Hybrid_cTS,1235,9084,INSTR_WORD_MOD,276,1235009084,0,0
Hybrid_cTS,1235,9216,INSTR_WORD_MOD,170,1235009216,0,0
Hybrid_cTS,1235,9297,INSTR_WORD_MOD,1603,1235009297,0,0
Hybrid_cTS,1235,9348,INSTR_WORD_MOD,3761,1235009348,0,0
Hybrid_cTS,1235,9350,INSTR_WORD_MOD,3156,1235009350,0,0
Hybrid_cTS,1235,9422,INSTR_WORD_MOD,295,1235009422,0,0
Hybrid_cTS,1235,9434,INSTR_WORD_MOD,170,1235009434,0,0
Hybrid_cTS,1235,9587,INSTR_WORD_MOD,857,1235009587,0,0
Hybrid_cTS,1235,9709,INSTR_WORD_MOD,276,1235009709,0,0
Hybrid_cTS,1235,9730,INSTR_WORD_MOD,2507,1235009730,0,0
Hybrid_cTS,1235,9742,INSTR_WORD_MOD,1853,1235009742,0,0
Hybrid_cTS,1235,9805,INSTR_WORD_MOD,170,1235009805,0,0
Hybrid_cTS,1235,9820,INSTR_WORD_MOD,933,1235009820,0,0
Hybrid_cTS,1235,9872,INSTR_WORD_MOD,2321,1235009872,0,0
Hybrid_cTS,1235,9887,INSTR_WORD_MOD,858,1235009887,0,0
Hybrid_cTS,1235,9909,INSTR_WORD_MOD,175,1235009909,0,0
Hybrid_cTS,1235,9916,INSTR_WORD_MOD,1000,1235009916,0,0
Hybrid_cTS,1235,9946,INSTR_WORD_MOD,157,1235009946,0,0
Hybrid_cTS,1236,100,INSTR_WORD_MOD,858,1236000100,0,0
Hybrid_cTS,1236,106,INSTR_WORD_MOD,933,1236000106,0,0
Hybrid_cTS,1236,117,INSTR_WORD_MOD,3961,1236000117,0,0
Hybrid_cTS,1236,118,INSTR_WORD_MOD,3931,1236000118,0,0
Hybrid_cTS,1236,122,INSTR_WORD_MOD,3766,1236000122,0,0
Hybrid_cTS,1236,123,INSTR_WORD_MOD,3591,1236000123,0,0
Hybrid_cTS,1236,129,INSTR_WORD_MOD,359,1236000129,0,0
Hybrid_cTS,1236,136,INSTR_WORD_MOD,3561,1236000136,0,0
Hybrid_cTS,1236,347,INSTR_WORD_MOD,1811,1236000347,0,0
Hybrid_cTS,1236,348,INSTR_WORD_MOD,1094,1236000348,0,0
Hybrid_cTS,1236,354,INSTR_WORD_MOD,19,1236000354,0,0
Hybrid_cTS,1236,369,INSTR_WORD_MOD,2321,1236000369,0,0
Hybrid_cTS,1236,381,INSTR_WORD_MOD,3591,1236000381,0,0
Hybrid_cTS,1236,386,INSTR_WORD_MOD,679,1236000386,0,0
Hybrid_cTS,1236,387,INSTR_WORD_MOD,359,1236000387,0,0
Hybrid_cTS,1236,394,INSTR_WORD_MOD,372,1236000394,0,0
Hybrid_cTS,1236,544,INSTR_WORD_MOD,1275,1236000544,0,0
Hybrid_cTS,1236,545,INSTR_WORD_MOD,2550,1236000545,0,0
Hybrid_cTS,1236,552,INSTR_WORD_MOD,170,1236000552,0,0
Hybrid_cTS,1236,597,INSTR_WORD_MOD,2080,1236000597,0,0
Hybrid_cTS,1236,637,INSTR_WORD_MOD,3201,1236000637,0,0
Hybrid_cTS,1236,660,INSTR_WORD_MOD,933,1236000660,0,0
Hybrid_cTS,1236,736,INSTR_WORD_MOD,1000,1236000736,0,0
Hybrid_cTS,1236,754,INSTR_WORD_MOD,858,1236000754,0,0
Hybrid_cTS,1236,768,INSTR_WORD_MOD,276,1236000768,0,0
Hybrid_cTS,1236,784,INSTR_WORD_MOD,920,1236000784,0,0
Hybrid_cTS,1236,1208,INSTR_WORD_MOD,2978,1236001208,0,0
Hybrid_cTS,1236,1527,INSTR_WORD_MOD,19,1236001527,0,0
Hybrid_cTS,1236,1750,INSTR_WORD_MOD,276,1236001750,0,0
Hybrid_cTS,1236,1912,INSTR_WORD_MOD,3535,1236001912,0,0
Hybrid_cTS,1236,2075,INSTR_WORD_MOD,3656,1236002075,0,0
Hybrid_cTS,1236,2186,INSTR_WORD_MOD,918,1236002186,0,0
Hybrid_cTS,1236,2206,INSTR_WORD_MOD,174,1236002206,0,0
Hybrid_cTS,1236,2281,INSTR_WORD_MOD,599,1236002281,0,0
Hybrid_cTS,1236,2395,INSTR_WORD_MOD,857,1236002395,0,0
Hybrid_cTS,1236,2408,INSTR_WORD_MOD,777,1236002408,0,0
Hybrid_cTS,1236,2436,INSTR_WORD_MOD,377,1236002436,0,0
Hybrid_cTS,1236,2621,INSTR_WORD_MOD,2311,1236002621,0,0
Hybrid_cTS,1236,2672,INSTR_WORD_MOD,19,1236002672,0,0
Hybrid_cTS,1236,2739,INSTR_WORD_MOD,788,1236002739,0,0
Hybrid_cTS,1236,3086,INSTR_WORD_MOD,3129,1236003086,0,0
Hybrid_cTS,1236,3095,INSTR_WORD_MOD,3956,1236003095,0,0
Hybrid_cTS,1236,3147,INSTR_WORD_MOD,3766,1236003147,0,0
Hybrid_cTS,1236,3386,INSTR_WORD_MOD,3591,1236003386,0,0
Hybrid_cTS,1236,3402,INSTR_WORD_MOD,2477,1236003402,0,0
Hybrid_cTS,1236,3474,INSTR_WORD_MOD,3766,1236003474,0,0
Hybrid_cTS,1236,3486,INSTR_WORD_MOD,618,1236003486,0,0
Hybrid_cTS,1236,3494,INSTR_WORD_MOD,3961,1236003494,0,0
Hybrid_cTS,1236,3504,INSTR_WORD_MOD,681,1236003504,0,0
Hybrid_cTS,1236,3583,INSTR_WORD_MOD,175,1236003583,0,0
Hybrid_cTS,1236,3631,INSTR_WORD_MOD,1651,1236003631,0,0
Hybrid_cTS,1236,3661,INSTR_WORD_MOD,3753,1236003661,0,0
Hybrid_cTS,1236,3662,INSTR_WORD_MOD,3591,1236003662,0,0
Hybrid_cTS,1236,3673,INSTR_WORD_MOD,3943,1236003673,0,0
Hybrid_cTS,1236,3818,INSTR_WORD_MOD,3161,1236003818,0,0
Hybrid_cTS,1236,3830,INSTR_WORD_MOD,1263,1236003830,0,0
Hybrid_cTS,1236,3858,INSTR_WORD_MOD,3182,1236003858,0,0
Hybrid_cTS,1236,3911,INSTR_WORD_MOD,3766,1236003911,0,0
Hybrid_cTS,1236,3963,INSTR_WORD_MOD,3156,1236003963,0,0
Hybrid_cTS,1236,4059,INSTR_WORD_MOD,174,1236004059,0,0
Hybrid_cTS,1236,4120,INSTR_WORD_MOD,3182,1236004120,0,0
Hybrid_cTS,1236,4232,INSTR_WORD_MOD,773,1236004232,0,0
Hybrid_cTS,1236,4241,INSTR_WORD_MOD,2311,1236004241,0,0
Hybrid_cTS,1236,4290,INSTR_WORD_MOD,840,1236004290,0,0
Hybrid_cTS,1236,4486,INSTR_WORD_MOD,3561,1236004486,0,0
Hybrid_cTS,1236,4500,INSTR_WORD_MOD,2507,1236004500,0,0
Hybrid_cTS,1236,4568,INSTR_WORD_MOD,19,1236004568,0,0
Hybrid_cTS,1236,4757,INSTR_WORD_MOD,2550,1236004757,0,0
Hybrid_cTS,1236,4853,INSTR_WORD_MOD,840,1236004853,0,0
Hybrid_cTS,1236,4980,INSTR_WORD_MOD,937,1236004980,0,0
Hybrid_cTS,1236,5072,INSTR_WORD_MOD,933,1236005072,0,0
Hybrid_cTS,1236,5088,INSTR_WORD_MOD,3156,1236005088,0,0
Hybrid_cTS,1236,5189,INSTR_WORD_MOD,3958,1236005189,0,0
Hybrid_cTS,1236,5217,INSTR_WORD_MOD,295,1236005217,0,0
Hybrid_cTS,1236,5256,INSTR_WORD_MOD,3591,1236005256,0,0
Hybrid_cTS,1236,5343,INSTR_WORD_MOD,276,1236005343,0,0
Hybrid_cTS,1236,5399,INSTR_WORD_MOD,157,1236005399,0,0
Hybrid_cTS,1236,5478,INSTR_WORD_MOD,3591,1236005478,0,0
Hybrid_cTS,1236,5541,INSTR_WORD_MOD,1850,1236005541,0,0
Hybrid_cTS,1236,5584,INSTR_WORD_MOD,2552,1236005584,0,0
Hybrid_cTS,1236,5721,INSTR_WORD_MOD,921,1236005721,0,0
Hybrid_cTS,1236,5875,INSTR_WORD_MOD,3766,1236005875,0,0
Hybrid_cTS,1236,5894,INSTR_WORD_MOD,3939,1236005894,0,0
Hybrid_cTS,1236,5930,INSTR_WORD_MOD,3190,1236005930,0,0
Hybrid_cTS,1236,6179,INSTR_WORD_MOD,842,1236006179,0,0
Hybrid_cTS,1236,6304,INSTR_WORD_MOD,170,1236006304,0,0
Hybrid_cTS,1236,6333,INSTR_WORD_MOD,3182,1236006333,0,0
Hybrid_cTS,1236,6399,INSTR_WORD_MOD,157,1236006399,0,0
Hybrid_cTS,1236,6437,INSTR_WORD_MOD,3840,1236006437,0,0
Hybrid_cTS,1236,6534,INSTR_WORD_MOD,915,1236006534,0,0
Hybrid_cTS,1236,6753,INSTR_WORD_MOD,19,1236006753,0,0
Hybrid_cTS,1236,6787,INSTR_WORD_MOD,175,1236006787,0,0
Hybrid_cTS,1236,6836,INSTR_WORD_MOD,3190,1236006836,0,0
Hybrid_cTS,1236,6889,INSTR_WORD_MOD,699,1236006889,0,0
Hybrid_cTS,1236,6912,INSTR_WORD_MOD,205,1236006912,0,0
Hybrid_cTS,1236,6954,INSTR_WORD_MOD,276,1236006954,0,0
Hybrid_cTS,1236,6957,INSTR_WORD_MOD,618,1236006957,0,0
Hybrid_cTS,1236,7061,INSTR_WORD_MOD,2216,1236007061,0,0
Hybrid_cTS,1236,7095,INSTR_WORD_MOD,1762,1236007095,0,0
Hybrid_cTS,1236,7113,INSTR_WORD_MOD,3836,1236007113,0,0
Hybrid_cTS,1236,7169,INSTR_WORD_MOD,933,1236007169,0,0
Hybrid_cTS,1236,7436,INSTR_WORD_MOD,618,1236007436,0,0
Hybrid_cTS,1236,7441,INSTR_WORD_MOD,3747,1236007441,0,0
Hybrid_cTS,1236,7523,INSTR_WORD_MOD,371,1236007523,0,0
Hybrid_cTS,1236,7789,INSTR_WORD_MOD,2707,1236007789,0,0
Hybrid_cTS,1236,7805,INSTR_WORD_MOD,175,1236007805,0,0
Hybrid_cTS,1236,7927,INSTR_WORD_MOD,2479,1236007927,0,0
Hybrid_cTS,1236,7937,INSTR_WORD_MOD,777,1236007937,0,0
Hybrid_cTS,1236,7947,INSTR_WORD_MOD,840,1236007947,0,0
Hybrid_cTS,1236,8025,INSTR_WORD_MOD,3215,1236008025,0,0
Hybrid_cTS,1236,8206,INSTR_WORD_MOD,842,1236008206,0,0
Hybrid_cTS,1236,8319,INSTR_WORD_MOD,2699,1236008319,0,0
Hybrid_cTS,1236,8343,INSTR_WORD_MOD,3926,1236008343,0,0
Hybrid_cTS,1236,8364,INSTR_WORD_MOD,157,1236008364,0,0
Hybrid_cTS,1236,8366,INSTR_WORD_MOD,157,1236008366,0,0
Hybrid_cTS,1236,8415,INSTR_WORD_MOD,276,1236008415,0,0
Hybrid_cTS,1236,8436,INSTR_WORD_MOD,3656,1236008436,0,0
Hybrid_cTS,1236,8525,INSTR_WORD_MOD,3961,1236008525,0,0
Hybrid_cTS,1236,8536,INSTR_WORD_MOD,773,1236008536,0,0
Hybrid_cTS,1236,8537,INSTR_WORD_MOD,1074,1236008537,0,0
Hybrid_cTS,1236,8563,INSTR_WORD_MOD,81,1236008563,0,0
Hybrid_cTS,1236,8636,INSTR_WORD_MOD,3760,1236008636,0,0
Hybrid_cTS,1236,8786,INSTR_WORD_MOD,276,1236008786,0,0
Hybrid_cTS,1236,8864,INSTR_WORD_MOD,3958,1236008864,0,0
Hybrid_cTS,1236,8899,INSTR_WORD_MOD,19,1236008899,0,0
Hybrid_cTS,1236,8971,INSTR_WORD_MOD,19,1236008971,0,0
Hybrid_cTS,1236,9033,INSTR_WORD_MOD,3149,1236009033,0,0
Hybrid_cTS,1236,9042,INSTR_WORD_MOD,1111,1236009042,0,0
Hybrid_cTS,1236,9049,INSTR_WORD_MOD,291,1236009049,0,0
Hybrid_cTS,1236,9066,INSTR_WORD_MOD,3961,1236009066,0,0
Hybrid_cTS,1236,9094,INSTR_WORD_MOD,682,1236009094,0,0
Hybrid_cTS,1236,9487,INSTR_WORD_MOD,157,1236009487,0,0
Hybrid_cTS,1236,9594,INSTR_WORD_MOD,3766,1236009594,0,0
Hybrid_cTS,1236,9617,INSTR_WORD_MOD,920,1236009617,0,0
Hybrid_cTS,1236,9638,INSTR_WORD_MOD,773,1236009638,0,0
Hybrid_cTS,1236,9721,INSTR_WORD_MOD,19,1236009721,0,0
Hybrid_cTS,1236,9765,INSTR_WORD_MOD,295,1236009765,0,0
Hybrid_cTS,1236,9857,INSTR_WORD_MOD,291,1236009857,0,0
Hybrid_cTS,1236,9865,INSTR_WORD_MOD,157,1236009865,0,0
Hybrid_cTS,1236,9884,INSTR_WORD_MOD,921,1236009884,0,0
Hybrid_cTS,1236,9888,INSTR_WORD_MOD,618,1236009888,0,0
Hybrid_cTS,1236,9912,INSTR_WORD_MOD,3766,1236009912,0,0
Hybrid_cTS,1236,9915,INSTR_WORD_MOD,170,1236009915,0,0
Hybrid_cTS,1236,9926,INSTR_WORD_MOD,2477,1236009926,0,0
Hybrid_cTS,1236,9988,INSTR_WORD_MOD,3591,1236009988,0,0
