variant,seed,mutation_id,kind,step,iter_seed,class,evidence,trace_changed,post_inject_pc_changed,post_inject_trace_changed,inject_disasm_changed,unaligned_access,fault_word_change,global_residue,run_id
V6_cTS,1236,2324,POST_EXEC_PC_MOD,905,1236002324,accepted_noop,cf_inert,False,False,False,False,False,2122036=>2122040,False,triage_V6_cTS_s1236_POST_EXEC_PC_MOD_step905_is1236002324
V6_uniform,1234,4901,POST_EXEC_PC_MOD,3725,1234004901,accepted_noop,cf_inert,False,False,False,False,False,2119520=>2119524,False,triage_V6_uniform_s1234_POST_EXEC_PC_MOD_step3725_is1234004901
V6_uniform,1234,6572,POST_EXEC_PC_MOD,624,1234006572,accepted_noop,cf_inert,False,False,False,False,False,2122156=>2122160,False,triage_V6_uniform_s1234_POST_EXEC_PC_MOD_step624_is1234006572
V6_uniform,1234,9328,POST_EXEC_PC_MOD,605,1234009328,accepted_noop,cf_inert,False,False,False,False,False,3221225596=>3221225600,False,triage_V6_uniform_s1234_POST_EXEC_PC_MOD_step605_is1234009328
V6_uniform,1234,8288,POST_EXEC_PC_MOD,603,1234008288,accepted_noop,cf_inert,False,False,False,False,False,3221225588=>3221225592,False,triage_V6_uniform_s1234_POST_EXEC_PC_MOD_step603_is1234008288
V6_uniform,1234,7495,POST_EXEC_PC_MOD,544,1234007495,accepted_noop,cf_inert,False,False,False,False,False,2122164=>2122168,False,triage_V6_uniform_s1234_POST_EXEC_PC_MOD_step544_is1234007495
V6_uniform,1234,3650,POST_EXEC_PC_MOD,536,1234003650,accepted_noop,cf_inert,False,False,False,False,False,3221225820=>3221225824,False,triage_V6_uniform_s1234_POST_EXEC_PC_MOD_step536_is1234003650
V6_uniform,1234,8534,POST_EXEC_PC_MOD,517,1234008534,accepted_noop,cf_inert,False,False,False,False,False,2122088=>2122092,False,triage_V6_uniform_s1234_POST_EXEC_PC_MOD_step517_is1234008534
V6_uniform,1234,8574,POST_EXEC_PC_MOD,514,1234008574,accepted_noop,cf_inert,False,False,False,False,False,2122076=>2122080,False,triage_V6_uniform_s1234_POST_EXEC_PC_MOD_step514_is1234008574
V6_uniform,1234,1600,POST_EXEC_PC_MOD,450,1234001600,accepted_noop,cf_inert,False,False,False,False,False,3221225796=>3221225800,False,triage_V6_uniform_s1234_POST_EXEC_PC_MOD_step450_is1234001600
V6_uniform,1234,3341,POST_EXEC_PC_MOD,441,1234003341,accepted_noop,cf_inert,False,False,False,False,False,3221225588=>3221225592,False,triage_V6_uniform_s1234_POST_EXEC_PC_MOD_step441_is1234003341
V6_uniform,1234,2624,POST_EXEC_PC_MOD,421,1234002624,accepted_noop,cf_inert,False,False,False,False,False,2109872=>2109876,False,triage_V6_uniform_s1234_POST_EXEC_PC_MOD_step421_is1234002624
V6_uniform,1234,9968,POST_EXEC_PC_MOD,3956,1234009968,accepted_noop,cf_inert,False,False,False,False,False,3221225700=>3221225704,False,triage_V6_uniform_s1234_POST_EXEC_PC_MOD_step3956_is1234009968
V6_uniform,1234,2577,POST_EXEC_PC_MOD,3846,1234002577,accepted_noop,cf_inert,False,False,False,False,False,2119700=>2119704,False,triage_V6_uniform_s1234_POST_EXEC_PC_MOD_step3846_is1234002577
V6_uniform,1234,5944,POST_EXEC_PC_MOD,3794,1234005944,accepted_noop,cf_inert,False,False,False,False,False,2119600=>2119604,False,triage_V6_uniform_s1234_POST_EXEC_PC_MOD_step3794_is1234005944
V6_uniform,1234,5211,POST_EXEC_PC_MOD,378,1234005211,accepted_noop,cf_inert,False,False,False,False,False,2122100=>2122104,False,triage_V6_uniform_s1234_POST_EXEC_PC_MOD_step378_is1234005211
V6_uniform,1234,4106,POST_EXEC_PC_MOD,3788,1234004106,accepted_noop,cf_inert,False,False,False,False,False,2119576=>2119580,False,triage_V6_uniform_s1234_POST_EXEC_PC_MOD_step3788_is1234004106
V6_uniform,1234,3481,POST_EXEC_PC_MOD,3781,1234003481,accepted_noop,cf_inert,False,False,False,False,False,2119548=>2119552,False,triage_V6_uniform_s1234_POST_EXEC_PC_MOD_step3781_is1234003481
V6_uniform,1234,5598,POST_EXEC_PC_MOD,3759,1234005598,accepted_noop,cf_inert,False,False,False,False,False,2110056=>2110060,False,triage_V6_uniform_s1234_POST_EXEC_PC_MOD_step3759_is1234005598
V6_uniform,1234,75,POST_EXEC_PC_MOD,3756,1234000075,accepted_noop,cf_inert,False,False,False,False,False,2110044=>2110048,False,triage_V6_uniform_s1234_POST_EXEC_PC_MOD_step3756_is1234000075
V6_uniform,1234,3551,POST_EXEC_PC_MOD,3746,1234003551,accepted_noop,cf_inert,False,False,False,False,False,2110004=>2110008,False,triage_V6_uniform_s1234_POST_EXEC_PC_MOD_step3746_is1234003551
V6_uniform,1234,322,POST_EXEC_PC_MOD,625,1234000322,accepted_noop,cf_inert,False,False,False,False,False,2122160=>2122164,False,triage_V6_uniform_s1234_POST_EXEC_PC_MOD_step625_is1234000322
V6_uniform,1234,2250,POST_EXEC_PC_MOD,683,1234002250,accepted_noop,cf_inert,False,False,False,False,False,3221225588=>3221225592,False,triage_V6_uniform_s1234_POST_EXEC_PC_MOD_step683_is1234002250
V6_uniform,1234,8881,POST_EXEC_PC_MOD,698,1234008881,accepted_noop,cf_inert,False,False,False,False,False,3221225820=>3221225824,False,triage_V6_uniform_s1234_POST_EXEC_PC_MOD_step698_is1234008881
V6_uniform,1234,6806,POST_EXEC_PC_MOD,93,1234006806,accepted_noop,cf_inert,False,False,False,False,False,2110120=>2110124,False,triage_V6_uniform_s1234_POST_EXEC_PC_MOD_step93_is1234006806
V6_uniform,1235,2959,INSTR_WORD_MOD,1410,1235002959,accepted_noop,cosmetic,True,False,False,True,False,15113827=>15114083,False,triage_V6_uniform_s1235_INSTR_WORD_MOD_step1410_is1235002959
V6_uniform,1235,634,INSTR_WORD_MOD,1273,1235000634,accepted_noop,word_truncated,True,False,False,True,True,45785635=>45785763,False,triage_V6_uniform_s1235_INSTR_WORD_MOD_step1273_is1235000634
V6_uniform,1235,9356,INSTR_WORD_MOD,1251,1235009356,accepted_noop,word_truncated,True,False,False,True,True,12656771=>14753923,False,triage_V6_uniform_s1235_INSTR_WORD_MOD_step1251_is1235009356
V6_uniform,1235,8158,INSTR_WORD_MOD,1152,1235008158,accepted_noop,,False,False,False,False,False,32871=>36967,False,triage_V6_uniform_s1235_INSTR_WORD_MOD_step1152_is1235008158
V6_uniform,1235,8354,INSTR_WORD_MOD,1096,1235008354,accepted_noop,cosmetic,True,False,False,True,False,19224675=>287660131,False,triage_V6_uniform_s1235_INSTR_WORD_MOD_step1096_is1235008354
V6_uniform,1235,3612,INSTR_WORD_MOD,1020,1235003612,accepted_noop,,False,False,False,False,False,807403635=>807404659,False,triage_V6_uniform_s1235_INSTR_WORD_MOD_step1020_is1235003612
V6_uniform,1235,4685,INSTR_WORD_MOD,1019,1235004685,accepted_noop,,False,False,False,False,False,115=>131187,False,triage_V6_uniform_s1235_INSTR_WORD_MOD_step1019_is1235004685
V6_uniform,1235,1191,INSTR_WORD_MOD,1004,1235001191,accepted_noop,cosmetic,True,False,False,True,False,19224675=>1092966499,False,triage_V6_uniform_s1235_INSTR_WORD_MOD_step1004_is1235001191
V6_uniform,1234,4441,POST_EXEC_PC_MOD,93,1234004441,accepted_noop,cf_inert,False,False,False,False,False,2110120=>2110124,False,triage_V6_uniform_s1234_POST_EXEC_PC_MOD_step93_is1234004441
V6_uniform,1234,1842,POST_EXEC_PC_MOD,721,1234001842,accepted_noop,cf_inert,False,False,False,False,False,2099580=>2099584,False,triage_V6_uniform_s1234_POST_EXEC_PC_MOD_step721_is1234001842
V6_uniform,1234,942,POST_EXEC_PC_MOD,922,1234000942,accepted_noop,cf_inert,False,False,False,False,False,3221225588=>3221225592,False,triage_V6_uniform_s1234_POST_EXEC_PC_MOD_step922_is1234000942
V6_uniform,1234,3579,POST_EXEC_PC_MOD,862,1234003579,accepted_noop,cf_inert,False,False,False,False,False,2122152=>2122156,False,triage_V6_uniform_s1234_POST_EXEC_PC_MOD_step862_is1234003579
V6_uniform,1234,4980,POST_EXEC_PC_MOD,861,1234004980,accepted_noop,cf_inert,False,False,False,False,False,2122148=>2122152,False,triage_V6_uniform_s1234_POST_EXEC_PC_MOD_step861_is1234004980
V6_uniform,1234,3423,POST_EXEC_PC_MOD,842,1234003423,accepted_noop,cf_inert,False,False,False,False,False,3221225588=>3221225592,False,triage_V6_uniform_s1234_POST_EXEC_PC_MOD_step842_is1234003423
V6_uniform,1234,5206,POST_EXEC_PC_MOD,7,1234005206,accepted_noop,cf_inert,False,False,False,False,False,3221225500=>3221225504,False,triage_V6_uniform_s1234_POST_EXEC_PC_MOD_step7_is1234005206
V6_uniform,1234,6080,POST_EXEC_PC_MOD,785,1234006080,accepted_noop,cf_inert,False,False,False,False,False,2122164=>2122168,False,triage_V6_uniform_s1234_POST_EXEC_PC_MOD_step785_is1234006080
V6_uniform,1234,9590,POST_EXEC_PC_MOD,762,1234009590,accepted_noop,cf_inert,False,False,False,False,False,3221225588=>3221225592,False,triage_V6_uniform_s1234_POST_EXEC_PC_MOD_step762_is1234009590
V6_uniform,1234,667,POST_EXEC_PC_MOD,74,1234000667,accepted_noop,cf_inert,False,False,False,False,False,2110044=>2110048,False,triage_V6_uniform_s1234_POST_EXEC_PC_MOD_step74_is1234000667
V6_uniform,1234,922,POST_EXEC_PC_MOD,372,1234000922,accepted_noop,cf_inert,False,False,False,False,False,3221225804=>3221225808,False,triage_V6_uniform_s1234_POST_EXEC_PC_MOD_step372_is1234000922
V6_uniform,1234,4083,POST_EXEC_PC_MOD,3725,1234004083,accepted_noop,cf_inert,False,False,False,False,False,2119520=>2119524,False,triage_V6_uniform_s1234_POST_EXEC_PC_MOD_step3725_is1234004083
V6_cTS,1236,2238,POST_EXEC_PC_MOD,933,1236002238,accepted_noop,cf_inert,False,False,False,False,False,3221225804=>3221225808,False,triage_V6_cTS_s1236_POST_EXEC_PC_MOD_step933_is1236002238
V6_uniform,1234,762,POST_EXEC_PC_MOD,3725,1234000762,accepted_noop,cf_inert,False,False,False,False,False,2119520=>2119524,False,triage_V6_uniform_s1234_POST_EXEC_PC_MOD_step3725_is1234000762
V6_uniform,1234,8085,POST_EXEC_PC_MOD,3494,1234008085,accepted_noop,cf_inert,False,False,False,False,False,2195800=>2195804,False,triage_V6_uniform_s1234_POST_EXEC_PC_MOD_step3494_is1234008085
V6_uniform,1234,6488,POST_EXEC_PC_MOD,3494,1234006488,accepted_noop,cf_inert,False,False,False,False,False,2195800=>2195804,False,triage_V6_uniform_s1234_POST_EXEC_PC_MOD_step3494_is1234006488
V6_uniform,1234,4185,POST_EXEC_PC_MOD,3494,1234004185,accepted_noop,cf_inert,False,False,False,False,False,2195800=>2195804,False,triage_V6_uniform_s1234_POST_EXEC_PC_MOD_step3494_is1234004185
V6_uniform,1234,391,POST_EXEC_PC_MOD,3494,1234000391,accepted_noop,cf_inert,False,False,False,False,False,2195800=>2195804,False,triage_V6_uniform_s1234_POST_EXEC_PC_MOD_step3494_is1234000391
V6_uniform,1234,4679,POST_EXEC_PC_MOD,3467,1234004679,accepted_noop,cf_inert,False,False,False,False,False,2116860=>2116864,False,triage_V6_uniform_s1234_POST_EXEC_PC_MOD_step3467_is1234004679
V6_uniform,1234,9798,POST_EXEC_PC_MOD,3464,1234009798,accepted_noop,cf_inert,False,False,False,False,False,2116848=>2116852,False,triage_V6_uniform_s1234_POST_EXEC_PC_MOD_step3464_is1234009798
V6_uniform,1234,8486,POST_EXEC_PC_MOD,3459,1234008486,accepted_noop,cf_inert,False,False,False,False,False,2116712=>2116716,False,triage_V6_uniform_s1234_POST_EXEC_PC_MOD_step3459_is1234008486
V6_uniform,1234,8188,POST_EXEC_PC_MOD,3436,1234008188,accepted_noop,cf_inert,False,False,False,False,False,2110528=>2110532,False,triage_V6_uniform_s1234_POST_EXEC_PC_MOD_step3436_is1234008188
V6_uniform,1234,2810,POST_EXEC_PC_MOD,3414,1234002810,accepted_noop,cf_inert,False,False,False,False,False,2110196=>2110200,False,triage_V6_uniform_s1234_POST_EXEC_PC_MOD_step3414_is1234002810
V6_uniform,1234,1904,POST_EXEC_PC_MOD,33,1234001904,accepted_noop,cf_inert,False,False,False,False,False,2113388=>2113392,False,triage_V6_uniform_s1234_POST_EXEC_PC_MOD_step33_is1234001904
V6_uniform,1234,5200,POST_EXEC_PC_MOD,3390,1234005200,accepted_noop,cf_inert,False,False,False,False,False,2110932=>2110936,False,triage_V6_uniform_s1234_POST_EXEC_PC_MOD_step3390_is1234005200
V6_uniform,1234,461,POST_EXEC_PC_MOD,3371,1234000461,accepted_noop,cf_inert,False,False,False,False,False,2110528=>2110532,False,triage_V6_uniform_s1234_POST_EXEC_PC_MOD_step3371_is1234000461
V6_uniform,1234,9375,POST_EXEC_PC_MOD,3327,1234009375,accepted_noop,cf_inert,False,False,False,False,False,2110936=>2110940,False,triage_V6_uniform_s1234_POST_EXEC_PC_MOD_step3327_is1234009375
V6_uniform,1234,6168,POST_EXEC_PC_MOD,3321,1234006168,accepted_noop,cf_inert,False,False,False,False,False,2110536=>2110540,False,triage_V6_uniform_s1234_POST_EXEC_PC_MOD_step3321_is1234006168
V6_uniform,1234,4183,POST_EXEC_PC_MOD,3261,1234004183,accepted_noop,cf_inert,False,False,False,False,False,2121260=>2121264,False,triage_V6_uniform_s1234_POST_EXEC_PC_MOD_step3261_is1234004183
V6_uniform,1234,2606,POST_EXEC_PC_MOD,3256,1234002606,accepted_noop,cf_inert,False,False,False,False,False,2121240=>2121244,False,triage_V6_uniform_s1234_POST_EXEC_PC_MOD_step3256_is1234002606
V6_uniform,1234,4392,POST_EXEC_PC_MOD,3255,1234004392,accepted_noop,cf_inert,False,False,False,False,False,2121236=>2121240,False,triage_V6_uniform_s1234_POST_EXEC_PC_MOD_step3255_is1234004392
V6_uniform,1234,1098,POST_EXEC_PC_MOD,324,1234001098,accepted_noop,cf_inert,False,False,False,False,False,2099316=>2099320,False,triage_V6_uniform_s1234_POST_EXEC_PC_MOD_step324_is1234001098
V6_uniform,1234,1801,POST_EXEC_PC_MOD,318,1234001801,accepted_noop,cf_inert,False,False,False,False,False,2099280=>2099284,False,triage_V6_uniform_s1234_POST_EXEC_PC_MOD_step318_is1234001801
V6_uniform,1234,5806,POST_EXEC_PC_MOD,3495,1234005806,accepted_noop,cf_inert,False,False,False,False,False,2195804=>2195808,False,triage_V6_uniform_s1234_POST_EXEC_PC_MOD_step3495_is1234005806
V6_uniform,1234,6482,POST_EXEC_PC_MOD,3495,1234006482,accepted_noop,cf_inert,False,False,False,False,False,2195804=>2195808,False,triage_V6_uniform_s1234_POST_EXEC_PC_MOD_step3495_is1234006482
V6_uniform,1234,7873,POST_EXEC_PC_MOD,3495,1234007873,accepted_noop,cf_inert,False,False,False,False,False,2195804=>2195808,False,triage_V6_uniform_s1234_POST_EXEC_PC_MOD_step3495_is1234007873
V6_uniform,1234,2839,POST_EXEC_PC_MOD,3656,1234002839,accepted_noop,cf_inert,False,False,False,False,False,2121260=>2121264,False,triage_V6_uniform_s1234_POST_EXEC_PC_MOD_step3656_is1234002839
V6_uniform,1234,9103,POST_EXEC_PC_MOD,3714,1234009103,accepted_noop,cf_inert,False,False,False,False,True,2110952=>2110956,False,triage_V6_uniform_s1234_POST_EXEC_PC_MOD_step3714_is1234009103
V6_uniform,1234,7612,POST_EXEC_PC_MOD,3714,1234007612,accepted_noop,cf_inert,False,False,False,False,True,2110952=>2110956,False,triage_V6_uniform_s1234_POST_EXEC_PC_MOD_step3714_is1234007612
V6_uniform,1234,4211,POST_EXEC_PC_MOD,3714,1234004211,accepted_noop,cf_inert,False,False,False,False,True,2110952=>2110956,False,triage_V6_uniform_s1234_POST_EXEC_PC_MOD_step3714_is1234004211
V6_uniform,1234,3346,POST_EXEC_PC_MOD,3714,1234003346,accepted_noop,cf_inert,False,False,False,False,True,2110952=>2110956,False,triage_V6_uniform_s1234_POST_EXEC_PC_MOD_step3714_is1234003346
V6_uniform,1234,1705,POST_EXEC_PC_MOD,3714,1234001705,accepted_noop,cf_inert,False,False,False,False,True,2110952=>2110956,False,triage_V6_uniform_s1234_POST_EXEC_PC_MOD_step3714_is1234001705
V6_uniform,1234,7975,POST_EXEC_PC_MOD,3713,1234007975,accepted_noop,cf_inert,False,False,False,False,False,2110948=>2110952,False,triage_V6_uniform_s1234_POST_EXEC_PC_MOD_step3713_is1234007975
V6_uniform,1234,3668,POST_EXEC_PC_MOD,3713,1234003668,accepted_noop,cf_inert,False,False,False,False,False,2110948=>2110952,False,triage_V6_uniform_s1234_POST_EXEC_PC_MOD_step3713_is1234003668
V6_uniform,1234,8852,POST_EXEC_PC_MOD,3711,1234008852,accepted_noop,cf_inert,False,False,False,False,False,2110928=>2110932,False,triage_V6_uniform_s1234_POST_EXEC_PC_MOD_step3711_is1234008852
V6_uniform,1234,9730,POST_EXEC_PC_MOD,3647,1234009730,accepted_noop,cf_inert,False,False,False,False,False,2121224=>2121228,False,triage_V6_uniform_s1234_POST_EXEC_PC_MOD_step3647_is1234009730
V6_uniform,1234,1338,POST_EXEC_PC_MOD,3496,1234001338,accepted_noop,cf_inert,False,False,False,False,False,2195808=>2195812,False,triage_V6_uniform_s1234_POST_EXEC_PC_MOD_step3496_is1234001338
V6_uniform,1234,5893,POST_EXEC_PC_MOD,3646,1234005893,accepted_noop,cf_inert,False,False,False,False,False,2121220=>2121224,False,triage_V6_uniform_s1234_POST_EXEC_PC_MOD_step3646_is1234005893
V6_uniform,1234,2996,POST_EXEC_PC_MOD,3640,1234002996,accepted_noop,cf_inert,False,False,False,False,False,2121196=>2121200,False,triage_V6_uniform_s1234_POST_EXEC_PC_MOD_step3640_is1234002996
V6_uniform,1234,6340,POST_EXEC_PC_MOD,3638,1234006340,accepted_noop,cf_inert,False,False,False,False,False,2119352=>2119356,False,triage_V6_uniform_s1234_POST_EXEC_PC_MOD_step3638_is1234006340
V6_uniform,1234,2422,POST_EXEC_PC_MOD,3636,1234002422,accepted_noop,cf_inert,False,False,False,False,False,2119344=>2119348,False,triage_V6_uniform_s1234_POST_EXEC_PC_MOD_step3636_is1234002422
V6_uniform,1234,6405,POST_EXEC_PC_MOD,3595,1234006405,accepted_noop,cf_inert,False,False,False,False,False,2118720=>2118724,False,triage_V6_uniform_s1234_POST_EXEC_PC_MOD_step3595_is1234006405
V6_uniform,1234,2512,POST_EXEC_PC_MOD,3538,1234002512,accepted_noop,cf_inert,False,False,False,False,False,2118620=>2118624,False,triage_V6_uniform_s1234_POST_EXEC_PC_MOD_step3538_is1234002512
V6_uniform,1234,7123,POST_EXEC_PC_MOD,3508,1234007123,accepted_noop,cf_inert,False,False,False,False,False,2121196=>2121200,False,triage_V6_uniform_s1234_POST_EXEC_PC_MOD_step3508_is1234007123
V6_uniform,1234,131,POST_EXEC_PC_MOD,3497,1234000131,accepted_noop,cf_inert,False,False,False,False,False,2195812=>2195816,False,triage_V6_uniform_s1234_POST_EXEC_PC_MOD_step3497_is1234000131
V6_uniform,1235,3477,INSTR_WORD_MOD,1724,1235003477,accepted_noop,cosmetic,True,False,False,True,False,33947747=>393315,False,triage_V6_uniform_s1235_INSTR_WORD_MOD_step1724_is1235003477
V6_uniform,1235,5048,INSTR_WORD_MOD,1839,1235005048,accepted_noop,cosmetic,True,False,False,True,False,15113827=>149331555,False,triage_V6_uniform_s1235_INSTR_WORD_MOD_step1839_is1235005048
V6_uniform,1235,6906,INSTR_WORD_MOD,1942,1235006906,accepted_noop,cosmetic,True,False,False,True,False,45517411=>45516899,False,triage_V6_uniform_s1235_INSTR_WORD_MOD_step1942_is1235006906
V6_uniform,1235,9835,INSTR_WORD_MOD,1964,1235009835,accepted_noop,cosmetic,True,False,False,True,False,15113827=>48668259,False,triage_V6_uniform_s1235_INSTR_WORD_MOD_step1964_is1235009835
V6_uniform,1235,7922,POST_EXEC_PC_MOD,1179,1235007922,accepted_noop,cf_inert,False,False,False,False,False,2136632=>2136636,False,triage_V6_uniform_s1235_POST_EXEC_PC_MOD_step1179_is1235007922
V6_uniform,1235,6909,POST_EXEC_PC_MOD,1179,1235006909,accepted_noop,cf_inert,False,False,False,False,False,2136632=>2136636,False,triage_V6_uniform_s1235_POST_EXEC_PC_MOD_step1179_is1235006909
V6_uniform,1235,5666,POST_EXEC_PC_MOD,1179,1235005666,accepted_noop,cf_inert,False,False,False,False,False,2136632=>2136636,False,triage_V6_uniform_s1235_POST_EXEC_PC_MOD_step1179_is1235005666
V6_uniform,1235,4912,POST_EXEC_PC_MOD,1179,1235004912,accepted_noop,cf_inert,False,False,False,False,False,2136632=>2136636,False,triage_V6_uniform_s1235_POST_EXEC_PC_MOD_step1179_is1235004912
V6_uniform,1235,3508,POST_EXEC_PC_MOD,1179,1235003508,accepted_noop,cf_inert,False,False,False,False,False,2136632=>2136636,False,triage_V6_uniform_s1235_POST_EXEC_PC_MOD_step1179_is1235003508
V6_uniform,1235,1529,POST_EXEC_PC_MOD,1179,1235001529,accepted_noop,cf_inert,False,False,False,False,False,2136632=>2136636,False,triage_V6_uniform_s1235_POST_EXEC_PC_MOD_step1179_is1235001529
V6_uniform,1235,9197,POST_EXEC_PC_MOD,1111,1235009197,accepted_noop,cf_inert,False,False,False,False,False,3221225820=>3221225824,False,triage_V6_uniform_s1235_POST_EXEC_PC_MOD_step1111_is1235009197
V6_uniform,1235,4004,POST_EXEC_PC_MOD,1046,1235004004,accepted_noop,cf_inert,False,False,False,False,False,2099836=>2099840,False,triage_V6_uniform_s1235_POST_EXEC_PC_MOD_step1046_is1235004004
V6_uniform,1235,7109,POST_EXEC_PC_MOD,1037,1235007109,accepted_noop,cf_inert,False,False,False,False,False,2109932=>2109936,False,triage_V6_uniform_s1235_POST_EXEC_PC_MOD_step1037_is1235007109
V6_uniform,1235,9494,POST_EXEC_PC_MOD,1026,1235009494,accepted_noop,cf_inert,False,False,False,False,False,2122160=>2122164,False,triage_V6_uniform_s1235_POST_EXEC_PC_MOD_step1026_is1235009494
V6_uniform,1235,6193,POST_EXEC_PC_MOD,1013,1235006193,accepted_noop,cf_inert,False,False,False,False,False,3221225796=>3221225800,False,triage_V6_uniform_s1235_POST_EXEC_PC_MOD_step1013_is1235006193
V6_uniform,1235,1103,POST_EXEC_PC_MOD,1004,1235001103,accepted_noop,cf_inert,False,False,False,False,False,3221225588=>3221225592,False,triage_V6_uniform_s1235_POST_EXEC_PC_MOD_step1004_is1235001103
V6_uniform,1235,276,INSTR_WORD_MOD,997,1235000276,accepted_noop,cosmetic,True,False,False,True,False,44266083=>312701539,False,triage_V6_uniform_s1235_INSTR_WORD_MOD_step997_is1235000276
V6_uniform,1235,3945,INSTR_WORD_MOD,937,1235003945,accepted_noop,,False,False,False,False,False,115=>262259,False,triage_V6_uniform_s1235_INSTR_WORD_MOD_step937_is1235003945
V6_uniform,1235,3793,INSTR_WORD_MOD,840,1235003793,accepted_noop,,False,False,False,False,False,115=>2163,False,triage_V6_uniform_s1235_INSTR_WORD_MOD_step840_is1235003793
V6_uniform,1235,3373,INSTR_WORD_MOD,838,1235003373,accepted_noop,cosmetic,True,False,False,True,False,44561507=>1118303331,False,triage_V6_uniform_s1235_INSTR_WORD_MOD_step838_is1235003373
V6_uniform,1235,331,INSTR_WORD_MOD,835,1235000331,accepted_noop,cosmetic,True,False,False,True,False,44266083=>581136995,False,triage_V6_uniform_s1235_INSTR_WORD_MOD_step835_is1235000331
V6_uniform,1235,1944,INSTR_WORD_MOD,782,1235001944,accepted_propagated_candidate,weak,True,False,False,True,False,4291131155=>4257576723,False,triage_V6_uniform_s1235_INSTR_WORD_MOD_step782_is1235001944
V6_uniform,1235,7228,INSTR_WORD_MOD,778,1235007228,accepted_noop,,False,False,False,False,False,807403635=>805306483,False,triage_V6_uniform_s1235_INSTR_WORD_MOD_step778_is1235007228
V6_uniform,1235,9690,POST_EXEC_PC_MOD,1179,1235009690,accepted_noop,cf_inert,False,False,False,False,False,2136632=>2136636,False,triage_V6_uniform_s1235_POST_EXEC_PC_MOD_step1179_is1235009690
V6_uniform,1235,9907,POST_EXEC_PC_MOD,1179,1235009907,accepted_noop,cf_inert,False,False,False,False,False,2136632=>2136636,False,triage_V6_uniform_s1235_POST_EXEC_PC_MOD_step1179_is1235009907
V6_uniform,1235,1024,POST_EXEC_PC_MOD,1284,1235001024,accepted_noop,cf_inert,False,False,False,False,False,2110208=>2110212,False,triage_V6_uniform_s1235_POST_EXEC_PC_MOD_step1284_is1235001024
V6_uniform,1235,3711,POST_EXEC_PC_MOD,1709,1235003711,accepted_noop,cf_inert,False,False,False,False,False,2121572=>2121576,False,triage_V6_uniform_s1235_POST_EXEC_PC_MOD_step1709_is1235003711
V6_uniform,1235,8483,POST_EXEC_PC_MOD,1944,1235008483,accepted_noop,cf_inert,False,False,False,False,False,2121612=>2121616,False,triage_V6_uniform_s1235_POST_EXEC_PC_MOD_step1944_is1235008483
V6_uniform,1235,7029,POST_EXEC_PC_MOD,1928,1235007029,accepted_noop,cf_inert,False,False,False,False,False,2135792=>2135796,False,triage_V6_uniform_s1235_POST_EXEC_PC_MOD_step1928_is1235007029
V6_uniform,1235,268,POST_EXEC_PC_MOD,190,1235000268,accepted_noop,cf_inert,False,False,False,False,False,2100944=>2100948,False,triage_V6_uniform_s1235_POST_EXEC_PC_MOD_step190_is1235000268
V6_uniform,1235,2328,POST_EXEC_PC_MOD,1906,1235002328,accepted_noop,cf_inert,False,False,False,False,False,2142064=>2142068,False,triage_V6_uniform_s1235_POST_EXEC_PC_MOD_step1906_is1235002328
V6_uniform,1235,8541,POST_EXEC_PC_MOD,1832,1235008541,accepted_noop,cf_inert,False,False,False,False,False,2196676=>2196680,False,triage_V6_uniform_s1235_POST_EXEC_PC_MOD_step1832_is1235008541
V6_uniform,1235,5766,POST_EXEC_PC_MOD,182,1235005766,accepted_noop,cf_inert,False,False,False,False,False,2100912=>2100916,False,triage_V6_uniform_s1235_POST_EXEC_PC_MOD_step182_is1235005766
V6_uniform,1235,3149,POST_EXEC_PC_MOD,1788,1235003149,accepted_noop,cf_inert,False,False,False,False,False,2196668=>2196672,False,triage_V6_uniform_s1235_POST_EXEC_PC_MOD_step1788_is1235003149
V6_uniform,1235,359,POST_EXEC_PC_MOD,1714,1235000359,accepted_noop,cf_inert,False,False,False,False,False,2121592=>2121596,False,triage_V6_uniform_s1235_POST_EXEC_PC_MOD_step1714_is1235000359
V6_uniform,1235,5814,POST_EXEC_PC_MOD,1689,1235005814,accepted_noop,cf_inert,False,False,False,False,False,2135736=>2135740,False,triage_V6_uniform_s1235_POST_EXEC_PC_MOD_step1689_is1235005814
V6_uniform,1235,864,POST_EXEC_PC_MOD,1301,1235000864,accepted_noop,cf_inert,False,False,False,False,False,2110520=>2110524,False,triage_V6_uniform_s1235_POST_EXEC_PC_MOD_step1301_is1235000864
V6_uniform,1235,71,POST_EXEC_PC_MOD,1679,1235000071,accepted_noop,cf_inert,False,False,False,False,False,2141980=>2141984,False,triage_V6_uniform_s1235_POST_EXEC_PC_MOD_step1679_is1235000071
V6_uniform,1235,8280,POST_EXEC_PC_MOD,159,1235008280,accepted_noop,cf_inert,False,False,False,False,False,3221225588=>3221225592,False,triage_V6_uniform_s1235_POST_EXEC_PC_MOD_step159_is1235008280
V6_uniform,1235,6153,POST_EXEC_PC_MOD,1584,1235006153,accepted_noop,cf_inert,False,False,False,False,False,2196672=>2196676,False,triage_V6_uniform_s1235_POST_EXEC_PC_MOD_step1584_is1235006153
V6_uniform,1235,7800,POST_EXEC_PC_MOD,152,1235007800,accepted_noop,cf_inert,False,False,False,False,False,2101532=>2101536,False,triage_V6_uniform_s1235_POST_EXEC_PC_MOD_step152_is1235007800
V6_uniform,1235,4567,POST_EXEC_PC_MOD,1507,1235004567,accepted_noop,cf_inert,False,False,False,False,False,2196672=>2196676,False,triage_V6_uniform_s1235_POST_EXEC_PC_MOD_step1507_is1235004567
V6_uniform,1235,1481,POST_EXEC_PC_MOD,1445,1235001481,accepted_noop,cf_inert,False,False,False,False,False,2196676=>2196680,False,triage_V6_uniform_s1235_POST_EXEC_PC_MOD_step1445_is1235001481
V6_uniform,1235,234,POST_EXEC_PC_MOD,1445,1235000234,accepted_noop,cf_inert,False,False,False,False,False,2196676=>2196680,False,triage_V6_uniform_s1235_POST_EXEC_PC_MOD_step1445_is1235000234
V6_uniform,1235,6947,POST_EXEC_PC_MOD,1387,1235006947,accepted_noop,cf_inert,False,False,False,False,False,2196668=>2196672,False,triage_V6_uniform_s1235_POST_EXEC_PC_MOD_step1387_is1235006947
V6_uniform,1235,311,INSTR_WORD_MOD,760,1235000311,accepted_noop,,False,False,False,False,False,115=>524403,False,triage_V6_uniform_s1235_INSTR_WORD_MOD_step760_is1235000311
V6_uniform,1235,2804,INSTR_WORD_MOD,71,1235002804,accepted_propagated_candidate,weak,True,False,False,True,False,267777427=>1341519251,False,triage_V6_uniform_s1235_INSTR_WORD_MOD_step71_is1235002804
V6_uniform,1235,4756,INSTR_WORD_MOD,698,1235004756,accepted_noop,,False,False,False,False,False,115=>262259,False,triage_V6_uniform_s1235_INSTR_WORD_MOD_step698_is1235004756
V6_uniform,1235,2600,INSTR_WORD_MOD,2552,1235002600,accepted_noop,cosmetic,True,False,False,True,False,818256995=>2026216547,False,triage_V6_uniform_s1235_INSTR_WORD_MOD_step2552_is1235002600
V6_uniform,1235,870,INSTR_WORD_MOD,3028,1235000870,accepted_noop,cosmetic,True,False,False,True,False,604309603=>738527331,False,triage_V6_uniform_s1235_INSTR_WORD_MOD_step3028_is1235000870
V6_uniform,1235,40,INSTR_WORD_MOD,296,1235000040,accepted_noop,,False,False,False,False,False,807403635=>807436403,False,triage_V6_uniform_s1235_INSTR_WORD_MOD_step296_is1235000040
V6_uniform,1235,1981,INSTR_WORD_MOD,2948,1235001981,accepted_noop,,False,False,False,False,False,32871=>49255,False,triage_V6_uniform_s1235_INSTR_WORD_MOD_step2948_is1235001981
V6_uniform,1235,6103,INSTR_WORD_MOD,2944,1235006103,accepted_noop,cosmetic,True,False,False,True,False,12941923=>12939875,False,triage_V6_uniform_s1235_INSTR_WORD_MOD_step2944_is1235006103
V6_uniform,1235,2936,INSTR_WORD_MOD,2861,1235002936,accepted_noop,word_truncated,True,False,False,True,True,75572867=>77670019,False,triage_V6_uniform_s1235_INSTR_WORD_MOD_step2861_is1235002936
V6_uniform,1235,2534,INSTR_WORD_MOD,278,1235002534,accepted_noop,,False,False,False,False,False,115=>262259,False,triage_V6_uniform_s1235_INSTR_WORD_MOD_step278_is1235002534
V6_uniform,1235,119,INSTR_WORD_MOD,2786,1235000119,accepted_noop,word_truncated,True,False,False,True,True,210838051=>210838179,False,triage_V6_uniform_s1235_INSTR_WORD_MOD_step2786_is1235000119
V6_uniform,1235,8655,INSTR_WORD_MOD,2657,1235008655,accepted_propagated_candidate,weak,True,False,False,True,False,1488531=>269923987,False,triage_V6_uniform_s1235_INSTR_WORD_MOD_step2657_is1235008655
V6_uniform,1235,5262,INSTR_WORD_MOD,2535,1235005262,accepted_noop,,False,False,False,False,False,807403635=>807469171,False,triage_V6_uniform_s1235_INSTR_WORD_MOD_step2535_is1235005262
V6_uniform,1235,2330,INSTR_WORD_MOD,304,1235002330,accepted_noop,cosmetic,True,False,False,True,False,4160954083=>3624083171,False,triage_V6_uniform_s1235_INSTR_WORD_MOD_step304_is1235002330
V6_uniform,1235,3752,INSTR_WORD_MOD,2531,1235003752,accepted_noop,,False,False,False,False,False,115=>371,False,triage_V6_uniform_s1235_INSTR_WORD_MOD_step2531_is1235003752
V6_uniform,1235,178,INSTR_WORD_MOD,2505,1235000178,accepted_noop,,False,False,False,False,False,115=>524403,False,triage_V6_uniform_s1235_INSTR_WORD_MOD_step2505_is1235000178
V6_uniform,1235,6920,INSTR_WORD_MOD,2483,1235006920,accepted_propagated_candidate,weak,True,False,False,True,False,1488659=>35043091,False,triage_V6_uniform_s1235_INSTR_WORD_MOD_step2483_is1235006920
V6_uniform,1235,4426,INSTR_WORD_MOD,2458,1235004426,accepted_noop,,False,False,False,False,False,3162538215=>3162546407,False,triage_V6_uniform_s1235_INSTR_WORD_MOD_step2458_is1235004426
V6_uniform,1235,2828,INSTR_WORD_MOD,2321,1235002828,accepted_noop,cosmetic,True,False,False,True,False,369459811=>302350947,False,triage_V6_uniform_s1235_INSTR_WORD_MOD_step2321_is1235002828
V6_uniform,1235,9003,INSTR_WORD_MOD,2164,1235009003,accepted_noop,cosmetic,True,False,False,True,False,12941923=>147159651,False,triage_V6_uniform_s1235_INSTR_WORD_MOD_step2164_is1235009003
V6_uniform,1235,2988,INSTR_WORD_MOD,2113,1235002988,accepted_noop,cosmetic,True,False,False,True,False,168563811=>168562787,False,triage_V6_uniform_s1235_INSTR_WORD_MOD_step2113_is1235002988
V6_uniform,1235,9190,INSTR_WORD_MOD,1985,1235009190,accepted_noop,cosmetic,True,False,False,True,False,15113827=>283549283,False,triage_V6_uniform_s1235_INSTR_WORD_MOD_step1985_is1235009190
V6_uniform,1235,1154,INSTR_WORD_MOD,3045,1235001154,accepted_propagated_candidate,weak,True,False,False,True,False,3601811=>70710675,False,triage_V6_uniform_s1235_INSTR_WORD_MOD_step3045_is1235001154
V6_uniform,1235,665,INSTR_WORD_MOD,3057,1235000665,accepted_propagated_candidate,weak,True,False,False,True,False,4617619=>1078359443,False,triage_V6_uniform_s1235_INSTR_WORD_MOD_step3057_is1235000665
V6_uniform,1235,3335,INSTR_WORD_MOD,683,1235003335,accepted_noop,cosmetic,True,False,False,True,False,19224675=>2166708323,False,triage_V6_uniform_s1235_INSTR_WORD_MOD_step683_is1235003335
V6_uniform,1235,6942,INSTR_WORD_MOD,3563,1235006942,accepted_noop,cosmetic,True,False,False,True,False,19224675=>2166708323,False,triage_V6_uniform_s1235_INSTR_WORD_MOD_step3563_is1235006942
V6_uniform,1235,9460,INSTR_WORD_MOD,614,1235009460,accepted_noop,,False,False,False,False,False,115=>560755,False,triage_V6_uniform_s1235_INSTR_WORD_MOD_step614_is1235009460
V6_uniform,1235,1090,INSTR_WORD_MOD,452,1235001090,accepted_noop,,False,False,False,False,False,115=>371,False,triage_V6_uniform_s1235_INSTR_WORD_MOD_step452_is1235001090
V6_uniform,1235,3986,INSTR_WORD_MOD,437,1235003986,accepted_noop,cosmetic,True,False,False,True,False,44561507=>44563555,False,triage_V6_uniform_s1235_INSTR_WORD_MOD_step437_is1235003986
V6_uniform,1235,4117,INSTR_WORD_MOD,3928,1235004117,accepted_noop,cosmetic,True,False,False,True,False,19224675=>153442403,False,triage_V6_uniform_s1235_INSTR_WORD_MOD_step3928_is1235004117
V6_uniform,1235,4840,INSTR_WORD_MOD,3812,1235004840,accepted_noop,cosmetic,True,False,False,True,False,19224675=>19225699,False,triage_V6_uniform_s1235_INSTR_WORD_MOD_step3812_is1235004840
V6_uniform,1235,7505,INSTR_WORD_MOD,3656,1235007505,accepted_noop,cosmetic,True,False,False,True,False,12941923=>12942179,False,triage_V6_uniform_s1235_INSTR_WORD_MOD_step3656_is1235007505
V6_uniform,1235,5251,INSTR_WORD_MOD,3625,1235005251,accepted_propagated_candidate,weak,True,False,False,True,False,4278680339=>3741809427,False,triage_V6_uniform_s1235_INSTR_WORD_MOD_step3625_is1235005251
V6_uniform,1235,1209,INSTR_WORD_MOD,3591,1235001209,accepted_noop,,False,False,False,False,False,807403635=>807403763,False,triage_V6_uniform_s1235_INSTR_WORD_MOD_step3591_is1235001209
V6_uniform,1235,8359,INSTR_WORD_MOD,3554,1235008359,accepted_noop,cosmetic,True,False,False,True,False,101090915=>101090403,False,triage_V6_uniform_s1235_INSTR_WORD_MOD_step3554_is1235008359
V6_uniform,1235,1186,INSTR_WORD_MOD,3078,1235001186,accepted_noop,cosmetic,True,False,False,True,False,235276899=>235277923,False,triage_V6_uniform_s1235_INSTR_WORD_MOD_step3078_is1235001186
V6_uniform,1235,7346,INSTR_WORD_MOD,3524,1235007346,accepted_noop,cosmetic,True,False,False,True,False,12941923=>80050787,False,triage_V6_uniform_s1235_INSTR_WORD_MOD_step3524_is1235007346
V6_uniform,1235,4855,INSTR_WORD_MOD,3469,1235004855,accepted_noop,cosmetic,True,False,False,True,False,279311971=>279314019,False,triage_V6_uniform_s1235_INSTR_WORD_MOD_step3469_is1235004855
V6_uniform,1235,2002,INSTR_WORD_MOD,3350,1235002002,accepted_propagated_candidate,weak,True,False,False,True,False,1488531=>135706259,False,triage_V6_uniform_s1235_INSTR_WORD_MOD_step3350_is1235002002
V6_uniform,1235,112,INSTR_WORD_MOD,3326,1235000112,accepted_noop,cosmetic,True,False,False,True,False,366691=>367203,False,triage_V6_uniform_s1235_INSTR_WORD_MOD_step3326_is1235000112
V6_uniform,1235,7884,INSTR_WORD_MOD,3261,1235007884,accepted_noop,cosmetic,True,False,False,True,False,12941923=>12939875,False,triage_V6_uniform_s1235_INSTR_WORD_MOD_step3261_is1235007884
V6_uniform,1235,1873,INSTR_WORD_MOD,3252,1235001873,accepted_propagated_candidate,weak,True,False,False,True,False,1488659=>68597523,False,triage_V6_uniform_s1235_INSTR_WORD_MOD_step3252_is1235001873
V6_uniform,1235,949,INSTR_WORD_MOD,3223,1235000949,accepted_noop,word_truncated,True,False,False,True,True,11611171=>11611427,False,triage_V6_uniform_s1235_INSTR_WORD_MOD_step3223_is1235000949
V6_uniform,1235,2860,INSTR_WORD_MOD,3190,1235002860,accepted_noop,cosmetic,True,False,False,True,False,67863139=>67863267,False,triage_V6_uniform_s1235_INSTR_WORD_MOD_step3190_is1235002860
V6_uniform,1234,7675,POST_EXEC_PC_MOD,3138,1234007675,accepted_noop,cf_inert,False,False,False,False,False,2119592=>2119596,False,triage_V6_uniform_s1234_POST_EXEC_PC_MOD_step3138_is1234007675
V6_uniform,1234,3287,POST_EXEC_PC_MOD,3132,1234003287,accepted_noop,cf_inert,False,False,False,False,False,2119568=>2119572,False,triage_V6_uniform_s1234_POST_EXEC_PC_MOD_step3132_is1234003287
V6_uniform,1234,7015,POST_EXEC_PC_MOD,3130,1234007015,accepted_noop,cf_inert,False,False,False,False,False,2119560=>2119564,False,triage_V6_uniform_s1234_POST_EXEC_PC_MOD_step3130_is1234007015
V6_uniform,1234,9037,POST_EXEC_PC_MOD,1019,1234009037,accepted_noop,cf_inert,False,False,False,False,False,3221225820=>3221225824,False,triage_V6_uniform_s1234_POST_EXEC_PC_MOD_step1019_is1234009037
V6_uniform,1234,3432,INSTR_WORD_MOD,536,1234003432,accepted_noop,,False,False,False,False,False,115=>1139,False,triage_V6_uniform_s1234_INSTR_WORD_MOD_step536_is1234003432
V6_uniform,1234,2123,INSTR_WORD_MOD,519,1234002123,accepted_noop,,False,False,False,False,False,115=>243,False,triage_V6_uniform_s1234_INSTR_WORD_MOD_step519_is1234002123
V6_uniform,1234,8243,INSTR_WORD_MOD,50,1234008243,accepted_noop,cosmetic,True,False,False,True,False,235276899=>235277923,False,triage_V6_uniform_s1234_INSTR_WORD_MOD_step50_is1234008243
V6_uniform,1234,771,INSTR_WORD_MOD,457,1234000771,accepted_noop,,False,False,False,False,False,807403635=>807927923,False,triage_V6_uniform_s1234_INSTR_WORD_MOD_step457_is1234000771
V6_uniform,1234,2031,INSTR_WORD_MOD,439,1234002031,accepted_noop,,False,False,False,False,False,115=>243,False,triage_V6_uniform_s1234_INSTR_WORD_MOD_step439_is1234002031
V6_uniform,1234,3613,INSTR_WORD_MOD,3902,1234003613,accepted_noop,word_truncated,True,False,False,True,True,75574275=>76622851,False,triage_V6_uniform_s1234_INSTR_WORD_MOD_step3902_is1234003613
V6_uniform,1234,6908,INSTR_WORD_MOD,3840,1234006908,accepted_noop,,False,False,False,False,False,807403635=>807404147,False,triage_V6_uniform_s1234_INSTR_WORD_MOD_step3840_is1234006908
V6_uniform,1234,8478,INSTR_WORD_MOD,381,1234008478,accepted_propagated_candidate,weak,True,False,False,True,False,4291131155=>2143647507,False,triage_V6_uniform_s1234_INSTR_WORD_MOD_step381_is1234008478
V6_uniform,1234,4154,INSTR_WORD_MOD,3810,1234004154,accepted_noop,,False,False,False,False,False,115=>65651,False,triage_V6_uniform_s1234_INSTR_WORD_MOD_step3810_is1234004154
V6_uniform,1234,6228,INSTR_WORD_MOD,377,1234006228,accepted_noop,,False,False,False,False,False,807403635=>807469171,False,triage_V6_uniform_s1234_INSTR_WORD_MOD_step377_is1234006228
V6_uniform,1234,6185,INSTR_WORD_MOD,3720,1234006185,accepted_propagated_candidate,weak,True,False,False,True,False,1471891=>2148955539,False,triage_V6_uniform_s1234_INSTR_WORD_MOD_step3720_is1234006185
V6_uniform,1234,9249,INSTR_WORD_MOD,3714,1234009249,accepted_propagated_candidate,weak,True,False,False,True,True,1509251=>3606403,False,triage_V6_uniform_s1234_INSTR_WORD_MOD_step3714_is1234009249
V6_uniform,1234,3510,INSTR_WORD_MOD,3711,1234003510,accepted_propagated_candidate,weak,True,False,False,True,False,2520467=>136738195,False,triage_V6_uniform_s1234_INSTR_WORD_MOD_step3711_is1234003510
V6_uniform,1234,5846,INSTR_WORD_MOD,3621,1234005846,accepted_propagated_candidate,weak,True,False,False,True,False,182969443=>182971491,False,triage_V6_uniform_s1234_INSTR_WORD_MOD_step3621_is1234005846
V6_uniform,1234,6259,INSTR_WORD_MOD,3574,1234006259,accepted_noop,,False,False,False,False,False,817922279=>817938663,False,triage_V6_uniform_s1234_INSTR_WORD_MOD_step3574_is1234006259
V6_uniform,1234,1831,INSTR_WORD_MOD,354,1234001831,accepted_noop,cosmetic,True,False,False,True,False,44266083=>581136995,False,triage_V6_uniform_s1234_INSTR_WORD_MOD_step354_is1234001831
V6_uniform,1234,9964,INSTR_WORD_MOD,3521,1234009964,accepted_propagated_candidate,weak,True,False,False,True,False,45441123=>1119182947,False,triage_V6_uniform_s1234_INSTR_WORD_MOD_step3521_is1234009964
V6_uniform,1234,1512,INSTR_WORD_MOD,3449,1234001512,accepted_propagated_candidate,weak,True,False,False,True,False,4240829155=>4240830179,False,triage_V6_uniform_s1234_INSTR_WORD_MOD_step3449_is1234001512
V6_uniform,1234,303,INSTR_WORD_MOD,3415,1234000303,accepted_propagated_candidate,weak,True,False,False,True,False,1488531=>35042963,False,triage_V6_uniform_s1234_INSTR_WORD_MOD_step3415_is1234000303
V6_uniform,1234,2491,INSTR_WORD_MOD,537,1234002491,accepted_noop,,False,False,False,False,False,807403635=>824180851,False,triage_V6_uniform_s1234_INSTR_WORD_MOD_step537_is1234002491
V6_uniform,1234,2712,INSTR_WORD_MOD,596,1234002712,accepted_noop,cosmetic,True,False,False,True,False,44266083=>44268131,False,triage_V6_uniform_s1234_INSTR_WORD_MOD_step596_is1234002712
V6_uniform,1234,8395,INSTR_WORD_MOD,599,1234008395,accepted_noop,cosmetic,True,False,False,True,False,44561507=>2192045155,False,triage_V6_uniform_s1234_INSTR_WORD_MOD_step599_is1234008395
V6_uniform,1234,5346,INSTR_WORD_MOD,858,1234005346,accepted_noop,,False,False,False,False,False,807403635=>807404659,False,triage_V6_uniform_s1234_INSTR_WORD_MOD_step858_is1234005346
V6_uniform,1234,1315,INSTR_WORD_MOD,946,1234001315,accepted_noop,cosmetic,True,False,False,True,False,4160954083=>4228063203,False,triage_V6_uniform_s1234_INSTR_WORD_MOD_step946_is1234001315
V6_uniform,1234,7402,INSTR_WORD_MOD,938,1234007402,accepted_noop,,False,False,False,False,False,807403635=>807403763,False,triage_V6_uniform_s1234_INSTR_WORD_MOD_step938_is1234007402
V6_uniform,1234,4050,INSTR_WORD_MOD,933,1234004050,accepted_noop,,False,False,False,False,False,115=>627,False,triage_V6_uniform_s1234_INSTR_WORD_MOD_step933_is1234004050
V6_uniform,1234,1471,INSTR_WORD_MOD,922,1234001471,accepted_noop,cosmetic,True,False,False,True,False,19224675=>287660131,False,triage_V6_uniform_s1234_INSTR_WORD_MOD_step922_is1234001471
V6_uniform,1234,9449,INSTR_WORD_MOD,920,1234009449,accepted_noop,,False,False,False,False,False,115=>131187,False,triage_V6_uniform_s1234_INSTR_WORD_MOD_step920_is1234009449
V6_uniform,1234,4702,INSTR_WORD_MOD,918,1234004702,accepted_noop,cosmetic,True,False,False,True,False,44561507=>11007075,False,triage_V6_uniform_s1234_INSTR_WORD_MOD_step918_is1234004702
V6_uniform,1234,5398,INSTR_WORD_MOD,905,1234005398,accepted_noop,cosmetic,True,False,False,True,False,134416483=>134416739,False,triage_V6_uniform_s1234_INSTR_WORD_MOD_step905_is1234005398
V6_uniform,1234,2179,INSTR_WORD_MOD,866,1234002179,accepted_noop,cosmetic,True,False,False,True,False,4160954083=>4026736355,False,triage_V6_uniform_s1234_INSTR_WORD_MOD_step866_is1234002179
V6_uniform,1234,4249,INSTR_WORD_MOD,857,1234004249,accepted_noop,,False,False,False,False,False,115=>243,False,triage_V6_uniform_s1234_INSTR_WORD_MOD_step857_is1234004249
V6_uniform,1234,2048,INSTR_WORD_MOD,613,1234002048,accepted_propagated_candidate,weak,True,False,False,True,False,13233763=>281669219,False,triage_V6_uniform_s1234_INSTR_WORD_MOD_step613_is1234002048
V6_uniform,1234,9942,INSTR_WORD_MOD,853,1234009942,accepted_noop,,False,False,False,False,False,115=>371,False,triage_V6_uniform_s1234_INSTR_WORD_MOD_step853_is1234009942
V6_uniform,1234,8133,INSTR_WORD_MOD,852,1234008133,accepted_propagated_candidate,weak,True,False,False,True,False,13233763=>1086975587,False,triage_V6_uniform_s1234_INSTR_WORD_MOD_step852_is1234008133
V6_uniform,1234,4596,INSTR_WORD_MOD,777,1234004596,accepted_noop,,False,False,False,False,False,115=>524403,False,triage_V6_uniform_s1234_INSTR_WORD_MOD_step777_is1234004596
V6_uniform,1234,5351,INSTR_WORD_MOD,762,1234005351,accepted_noop,cosmetic,True,False,False,True,False,19224675=>19225187,False,triage_V6_uniform_s1234_INSTR_WORD_MOD_step762_is1234005351
V6_uniform,1234,1663,INSTR_WORD_MOD,731,1234001663,accepted_noop,,False,False,False,False,False,2109767911=>2109776103,False,triage_V6_uniform_s1234_INSTR_WORD_MOD_step731_is1234001663
V6_uniform,1234,2,INSTR_WORD_MOD,70,1234000002,accepted_propagated_candidate,weak,True,False,False,True,False,4291196435=>3217454611,False,triage_V6_uniform_s1234_INSTR_WORD_MOD_step70_is1234000002
V6_uniform,1234,6151,INSTR_WORD_MOD,699,1234006151,accepted_noop,,False,False,False,False,False,807403635=>807534707,False,triage_V6_uniform_s1234_INSTR_WORD_MOD_step699_is1234006151
V6_uniform,1234,1737,INSTR_WORD_MOD,619,1234001737,accepted_noop,,False,False,False,False,False,807403635=>807534707,False,triage_V6_uniform_s1234_INSTR_WORD_MOD_step619_is1234001737
V6_uniform,1234,350,INSTR_WORD_MOD,3384,1234000350,accepted_propagated_candidate,weak,True,False,False,True,False,4240829155=>4240827107,False,triage_V6_uniform_s1234_INSTR_WORD_MOD_step3384_is1234000350
V6_uniform,1234,4114,INSTR_WORD_MOD,3359,1234004114,accepted_propagated_candidate,weak,True,False,False,True,False,45509731=>45508707,False,triage_V6_uniform_s1234_INSTR_WORD_MOD_step3359_is1234004114
V6_uniform,1234,4832,INSTR_WORD_MOD,3320,1234004832,accepted_propagated_candidate,weak,True,False,False,True,False,4240829155=>2093345507,False,triage_V6_uniform_s1234_INSTR_WORD_MOD_step3320_is1234004832
V6_uniform,1234,4752,INSTR_WORD_MOD,170,1234004752,accepted_noop,,False,False,False,False,False,115=>131187,False,triage_V6_uniform_s1234_INSTR_WORD_MOD_step170_is1234004752
V6_uniform,1234,2850,INSTR_WORD_MOD,1944,1234002850,accepted_noop,cosmetic,True,False,False,True,False,10751587=>144969315,False,triage_V6_uniform_s1234_INSTR_WORD_MOD_step1944_is1234002850
V6_uniform,1234,211,INSTR_WORD_MOD,1879,1234000211,accepted_noop,,False,False,False,False,False,807403635=>807534707,False,triage_V6_uniform_s1234_INSTR_WORD_MOD_step1879_is1234000211
V6_uniform,1234,3981,INSTR_WORD_MOD,1863,1234003981,accepted_noop,cosmetic,True,False,False,True,False,19224675=>19225699,False,triage_V6_uniform_s1234_INSTR_WORD_MOD_step1863_is1234003981
V6_uniform,1234,6478,INSTR_WORD_MOD,1861,1234006478,accepted_noop,,False,False,False,False,False,115=>1139,False,triage_V6_uniform_s1234_INSTR_WORD_MOD_step1861_is1234006478
V6_uniform,1234,1340,INSTR_WORD_MOD,1811,1234001340,accepted_noop,cosmetic,True,False,False,True,False,15113827=>15113315,False,triage_V6_uniform_s1234_INSTR_WORD_MOD_step1811_is1234001340
V6_uniform,1234,6319,INSTR_WORD_MOD,175,1234006319,accepted_noop,,False,False,False,False,False,807403635=>815792243,False,triage_V6_uniform_s1234_INSTR_WORD_MOD_step175_is1234006319
V6_uniform,1234,6749,INSTR_WORD_MOD,174,1234006749,accepted_noop,,False,False,False,False,False,115=>371,False,triage_V6_uniform_s1234_INSTR_WORD_MOD_step174_is1234006749
V6_uniform,1234,9768,INSTR_WORD_MOD,1727,1234009768,accepted_noop,cosmetic,True,False,False,True,False,15113827=>15113315,False,triage_V6_uniform_s1234_INSTR_WORD_MOD_step1727_is1234009768
V6_uniform,1234,5951,INSTR_WORD_MOD,1610,1234005951,accepted_noop,word_truncated,True,False,False,True,True,180430371=>180430627,False,triage_V6_uniform_s1234_INSTR_WORD_MOD_step1610_is1234005951
V6_uniform,1234,2008,INSTR_WORD_MOD,2063,1234002008,accepted_noop,,False,False,False,False,False,115=>262259,False,triage_V6_uniform_s1234_INSTR_WORD_MOD_step2063_is1234002008
V6_uniform,1234,6337,INSTR_WORD_MOD,157,1234006337,accepted_noop,,False,False,False,False,False,115=>2163,False,triage_V6_uniform_s1234_INSTR_WORD_MOD_step157_is1234006337
V6_uniform,1234,674,INSTR_WORD_MOD,1288,1234000674,accepted_propagated_candidate,weak,True,False,False,True,False,3601811=>1077343635,False,triage_V6_uniform_s1234_INSTR_WORD_MOD_step1288_is1234000674
V6_uniform,1234,1189,INSTR_WORD_MOD,1179,1234001189,accepted_noop,cosmetic,True,False,False,True,False,78070883=>78072931,False,triage_V6_uniform_s1234_INSTR_WORD_MOD_step1179_is1234001189
V6_uniform,1234,701,INSTR_WORD_MOD,1112,1234000701,accepted_noop,,False,False,False,False,False,807403635=>811597939,False,triage_V6_uniform_s1234_INSTR_WORD_MOD_step1112_is1234000701
V6_uniform,1234,7035,INSTR_WORD_MOD,1111,1234007035,accepted_noop,,False,False,False,False,False,115=>131187,False,triage_V6_uniform_s1234_INSTR_WORD_MOD_step1111_is1234007035
V6_uniform,1234,8157,INSTR_WORD_MOD,1106,1234008157,accepted_propagated_candidate,weak,True,False,False,True,False,13233763=>46788195,False,triage_V6_uniform_s1234_INSTR_WORD_MOD_step1106_is1234008157
V6_uniform,1234,588,INSTR_WORD_MOD,1002,1234000588,accepted_noop,,False,False,False,False,False,115=>131187,False,triage_V6_uniform_s1234_INSTR_WORD_MOD_step1002_is1234000588
V6_uniform,1234,7657,INSTR_WORD_MOD,1000,1234007657,accepted_noop,cosmetic,True,False,False,True,False,44561507=>2192045155,False,triage_V6_uniform_s1234_INSTR_WORD_MOD_step1000_is1234007657
V6_uniform,1234,3815,INSTR_WORD_MOD,19,1234003815,accepted_noop,,False,False,False,False,False,807403635=>807404659,False,triage_V6_uniform_s1234_INSTR_WORD_MOD_step19_is1234003815
V6_uniform,1234,8949,INSTR_WORD_MOD,2065,1234008949,accepted_noop,cosmetic,True,False,False,True,False,19224675=>19222627,False,triage_V6_uniform_s1234_INSTR_WORD_MOD_step2065_is1234008949
V6_uniform,1234,3496,INSTR_WORD_MOD,3286,1234003496,accepted_propagated_candidate,weak,True,False,False,True,False,1488531=>68597395,False,triage_V6_uniform_s1234_INSTR_WORD_MOD_step3286_is1234003496
V6_uniform,1234,648,INSTR_WORD_MOD,2920,1234000648,accepted_noop,cosmetic,True,False,False,True,False,235212387=>235210339,False,triage_V6_uniform_s1234_INSTR_WORD_MOD_step2920_is1234000648
V6_uniform,1234,3995,INSTR_WORD_MOD,3219,1234003995,accepted_noop,word_truncated,True,False,False,True,True,11610147=>11610403,False,triage_V6_uniform_s1234_INSTR_WORD_MOD_step3219_is1234003995
V6_uniform,1234,8910,INSTR_WORD_MOD,320,1234008910,accepted_noop,cosmetic,True,False,False,True,False,1186271331=>1186271587,False,triage_V6_uniform_s1234_INSTR_WORD_MOD_step320_is1234008910
V6_uniform,1234,2416,INSTR_WORD_MOD,3186,1234002416,accepted_noop,,False,False,False,False,False,807403635=>807403891,False,triage_V6_uniform_s1234_INSTR_WORD_MOD_step3186_is1234002416
V6_uniform,1234,8109,INSTR_WORD_MOD,3169,1234008109,accepted_noop,,False,False,False,False,False,817922279=>817930471,False,triage_V6_uniform_s1234_INSTR_WORD_MOD_step3169_is1234008109
V6_uniform,1234,8928,INSTR_WORD_MOD,3158,1234008928,accepted_noop,cosmetic,True,False,False,True,False,19224675=>2166708323,False,triage_V6_uniform_s1234_INSTR_WORD_MOD_step3158_is1234008928
V6_uniform,1234,8741,INSTR_WORD_MOD,3126,1234008741,accepted_noop,,False,False,False,False,False,32871=>49255,False,triage_V6_uniform_s1234_INSTR_WORD_MOD_step3126_is1234008741
V6_uniform,1234,9809,INSTR_WORD_MOD,3067,1234009809,accepted_noop,cosmetic,True,False,False,True,False,33920611=>1107662435,False,triage_V6_uniform_s1234_INSTR_WORD_MOD_step3067_is1234009809
V6_uniform,1234,1223,INSTR_WORD_MOD,3020,1234001223,accepted_propagated_candidate,weak,True,False,False,True,False,45441123=>112549987,False,triage_V6_uniform_s1234_INSTR_WORD_MOD_step3020_is1234001223
V6_uniform,1234,3266,INSTR_WORD_MOD,2796,1234003266,accepted_noop,cosmetic,True,False,False,True,False,362083=>2147845731,False,triage_V6_uniform_s1234_INSTR_WORD_MOD_step2796_is1234003266
V6_uniform,1234,3064,INSTR_WORD_MOD,2081,1234003064,accepted_noop,,False,False,False,False,False,807403635=>807403763,False,triage_V6_uniform_s1234_INSTR_WORD_MOD_step2081_is1234003064
V6_uniform,1234,3868,INSTR_WORD_MOD,276,1234003868,accepted_noop,cosmetic,True,False,False,True,False,44561507=>44561763,False,triage_V6_uniform_s1234_INSTR_WORD_MOD_step276_is1234003868
V6_uniform,1234,628,INSTR_WORD_MOD,2694,1234000628,accepted_propagated_candidate,weak,True,False,False,True,False,4617619=>138835347,False,triage_V6_uniform_s1234_INSTR_WORD_MOD_step2694_is1234000628
V6_uniform,1234,8258,INSTR_WORD_MOD,2691,1234008258,accepted_propagated_candidate,weak,True,False,False,True,False,4240829155=>4240828643,False,triage_V6_uniform_s1234_INSTR_WORD_MOD_step2691_is1234008258
V6_uniform,1234,107,INSTR_WORD_MOD,2507,1234000107,accepted_noop,cosmetic,True,False,False,True,False,19224675=>19224931,False,triage_V6_uniform_s1234_INSTR_WORD_MOD_step2507_is1234000107
V6_uniform,1234,3204,INSTR_WORD_MOD,2353,1234003204,accepted_noop,cosmetic,True,False,False,True,False,33947747=>393315,False,triage_V6_uniform_s1234_INSTR_WORD_MOD_step2353_is1234003204
V6_uniform,1234,3162,INSTR_WORD_MOD,2253,1234003162,accepted_propagated_candidate,weak,True,False,False,True,False,1488531=>68597395,False,triage_V6_uniform_s1234_INSTR_WORD_MOD_step2253_is1234003162
V6_uniform,1234,5264,INSTR_WORD_MOD,2244,1234005264,accepted_propagated_candidate,weak,True,False,False,True,False,1406227=>1075148051,False,triage_V6_uniform_s1234_INSTR_WORD_MOD_step2244_is1234005264
V6_uniform,1234,2448,INSTR_WORD_MOD,2192,1234002448,accepted_noop,,False,False,False,False,False,32871=>36967,False,triage_V6_uniform_s1234_INSTR_WORD_MOD_step2192_is1234002448
V6_uniform,1234,9860,INSTR_WORD_MOD,958,1234009860,accepted_noop,,False,False,False,False,False,32871=>41063,False,triage_V6_uniform_s1234_INSTR_WORD_MOD_step958_is1234009860
V6_uniform,1234,407,POST_EXEC_PC_MOD,1056,1234000407,accepted_noop,cf_inert,False,False,False,False,False,2099924=>2099928,False,triage_V6_uniform_s1234_POST_EXEC_PC_MOD_step1056_is1234000407
V6_uniform,1234,1572,POST_EXEC_PC_MOD,3122,1234001572,accepted_noop,cf_inert,False,False,False,False,False,2110124=>2110128,False,triage_V6_uniform_s1234_POST_EXEC_PC_MOD_step3122_is1234001572
V6_uniform,1234,3907,POST_EXEC_PC_MOD,1081,1234003907,accepted_noop,cf_inert,False,False,False,False,False,2122520=>2122524,False,triage_V6_uniform_s1234_POST_EXEC_PC_MOD_step1081_is1234003907
V6_uniform,1234,7863,POST_EXEC_PC_MOD,2631,1234007863,accepted_noop,cf_inert,False,False,False,False,False,2102672=>2102676,False,triage_V6_uniform_s1234_POST_EXEC_PC_MOD_step2631_is1234007863
V6_uniform,1234,4894,POST_EXEC_PC_MOD,2618,1234004894,accepted_noop,cf_inert,False,False,False,False,False,2102620=>2102624,False,triage_V6_uniform_s1234_POST_EXEC_PC_MOD_step2618_is1234004894
V6_uniform,1234,6719,POST_EXEC_PC_MOD,2594,1234006719,accepted_noop,cf_inert,False,False,False,False,False,2102524=>2102528,False,triage_V6_uniform_s1234_POST_EXEC_PC_MOD_step2594_is1234006719
V6_uniform,1234,4247,POST_EXEC_PC_MOD,2592,1234004247,accepted_noop,cf_inert,False,False,False,False,False,2102516=>2102520,False,triage_V6_uniform_s1234_POST_EXEC_PC_MOD_step2592_is1234004247
V6_uniform,1234,7239,POST_EXEC_PC_MOD,2527,1234007239,accepted_noop,cf_inert,False,False,False,False,False,3221226816=>3221226820,False,triage_V6_uniform_s1234_POST_EXEC_PC_MOD_step2527_is1234007239
V6_uniform,1234,5510,POST_EXEC_PC_MOD,2507,1234005510,accepted_noop,cf_inert,False,False,False,False,False,3221225588=>3221225592,False,triage_V6_uniform_s1234_POST_EXEC_PC_MOD_step2507_is1234005510
V6_uniform,1234,1493,POST_EXEC_PC_MOD,248,1234001493,accepted_noop,cf_inert,False,False,False,False,False,2099268=>2099272,False,triage_V6_uniform_s1234_POST_EXEC_PC_MOD_step248_is1234001493
V6_uniform,1234,5622,POST_EXEC_PC_MOD,2486,1234005622,accepted_noop,cf_inert,False,False,False,False,False,2121236=>2121240,False,triage_V6_uniform_s1234_POST_EXEC_PC_MOD_step2486_is1234005622
V6_uniform,1234,1996,POST_EXEC_PC_MOD,2483,1234001996,accepted_noop,cf_inert,False,False,False,False,False,2121224=>2121228,False,triage_V6_uniform_s1234_POST_EXEC_PC_MOD_step2483_is1234001996
V6_uniform,1234,7318,POST_EXEC_PC_MOD,2482,1234007318,accepted_noop,cf_inert,False,False,False,False,False,2121220=>2121224,False,triage_V6_uniform_s1234_POST_EXEC_PC_MOD_step2482_is1234007318
V6_uniform,1234,9588,POST_EXEC_PC_MOD,2469,1234009588,accepted_noop,cf_inert,False,False,False,False,False,2119056=>2119060,False,triage_V6_uniform_s1234_POST_EXEC_PC_MOD_step2469_is1234009588
V6_uniform,1234,6819,POST_EXEC_PC_MOD,2463,1234006819,accepted_noop,cf_inert,False,False,False,False,False,2195804=>2195808,False,triage_V6_uniform_s1234_POST_EXEC_PC_MOD_step2463_is1234006819
V6_uniform,1234,2198,POST_EXEC_PC_MOD,2463,1234002198,accepted_noop,cf_inert,False,False,False,False,False,2195804=>2195808,False,triage_V6_uniform_s1234_POST_EXEC_PC_MOD_step2463_is1234002198
V6_uniform,1234,5250,POST_EXEC_PC_MOD,2420,1234005250,accepted_noop,cf_inert,False,False,False,False,False,2102020=>2102024,False,triage_V6_uniform_s1234_POST_EXEC_PC_MOD_step2420_is1234005250
V6_uniform,1234,9561,POST_EXEC_PC_MOD,2401,1234009561,accepted_noop,cf_inert,False,False,False,False,False,2110120=>2110124,False,triage_V6_uniform_s1234_POST_EXEC_PC_MOD_step2401_is1234009561
V6_uniform,1234,8705,POST_EXEC_PC_MOD,2401,1234008705,accepted_noop,cf_inert,False,False,False,False,False,2110120=>2110124,False,triage_V6_uniform_s1234_POST_EXEC_PC_MOD_step2401_is1234008705
V6_uniform,1234,4920,POST_EXEC_PC_MOD,2401,1234004920,accepted_noop,cf_inert,False,False,False,False,False,2110120=>2110124,False,triage_V6_uniform_s1234_POST_EXEC_PC_MOD_step2401_is1234004920
V6_uniform,1234,1466,POST_EXEC_PC_MOD,2401,1234001466,accepted_noop,cf_inert,False,False,False,False,False,2110120=>2110124,False,triage_V6_uniform_s1234_POST_EXEC_PC_MOD_step2401_is1234001466
V6_uniform,1234,5100,POST_EXEC_PC_MOD,2382,1234005100,accepted_noop,cf_inert,False,False,False,False,False,2110044=>2110048,False,triage_V6_uniform_s1234_POST_EXEC_PC_MOD_step2382_is1234005100
V6_uniform,1234,1546,POST_EXEC_PC_MOD,2656,1234001546,accepted_noop,cf_inert,False,False,False,False,False,2110196=>2110200,False,triage_V6_uniform_s1234_POST_EXEC_PC_MOD_step2656_is1234001546
V6_uniform,1234,5202,POST_EXEC_PC_MOD,2696,1234005202,accepted_noop,cf_inert,False,False,False,False,False,2110928=>2110932,False,triage_V6_uniform_s1234_POST_EXEC_PC_MOD_step2696_is1234005202
V6_uniform,1234,4819,POST_EXEC_PC_MOD,282,1234004819,accepted_noop,cf_inert,False,False,False,False,False,3221225596=>3221225600,False,triage_V6_uniform_s1234_POST_EXEC_PC_MOD_step282_is1234004819
V6_uniform,1234,9388,POST_EXEC_PC_MOD,299,1234009388,accepted_noop,cf_inert,False,False,False,False,False,2122148=>2122152,False,triage_V6_uniform_s1234_POST_EXEC_PC_MOD_step299_is1234009388
V6_uniform,1234,5946,POST_EXEC_PC_MOD,3121,1234005946,accepted_noop,cf_inert,False,False,False,False,False,2110120=>2110124,False,triage_V6_uniform_s1234_POST_EXEC_PC_MOD_step3121_is1234005946
V6_uniform,1234,2793,POST_EXEC_PC_MOD,3121,1234002793,accepted_noop,cf_inert,False,False,False,False,False,2110120=>2110124,False,triage_V6_uniform_s1234_POST_EXEC_PC_MOD_step3121_is1234002793
V6_uniform,1234,8008,POST_EXEC_PC_MOD,3102,1234008008,accepted_noop,cf_inert,False,False,False,False,False,2110044=>2110048,False,triage_V6_uniform_s1234_POST_EXEC_PC_MOD_step3102_is1234008008
V6_uniform,1234,2056,POST_EXEC_PC_MOD,30,1234002056,accepted_noop,cf_inert,False,False,False,False,False,2113376=>2113380,False,triage_V6_uniform_s1234_POST_EXEC_PC_MOD_step30_is1234002056
V6_uniform,1234,7054,POST_EXEC_PC_MOD,3071,1234007054,accepted_noop,cf_inert,False,False,False,False,False,2119520=>2119524,False,triage_V6_uniform_s1234_POST_EXEC_PC_MOD_step3071_is1234007054
V6_uniform,1234,1260,POST_EXEC_PC_MOD,3071,1234001260,accepted_noop,cf_inert,False,False,False,False,False,2119520=>2119524,False,triage_V6_uniform_s1234_POST_EXEC_PC_MOD_step3071_is1234001260
V6_uniform,1234,8906,POST_EXEC_PC_MOD,3049,1234008906,accepted_noop,cf_inert,False,False,False,False,False,2110536=>2110540,False,triage_V6_uniform_s1234_POST_EXEC_PC_MOD_step3049_is1234008906
V6_uniform,1234,5724,POST_EXEC_PC_MOD,3013,1234005724,accepted_noop,cf_inert,False,False,False,False,False,2121220=>2121224,False,triage_V6_uniform_s1234_POST_EXEC_PC_MOD_step3013_is1234005724
V6_uniform,1234,8314,POST_EXEC_PC_MOD,2991,1234008314,accepted_noop,cf_inert,False,False,False,False,False,2119300=>2119304,False,triage_V6_uniform_s1234_POST_EXEC_PC_MOD_step2991_is1234008314
V6_uniform,1234,2708,POST_EXEC_PC_MOD,2914,1234002708,accepted_noop,cf_inert,False,False,False,False,False,2195800=>2195804,False,triage_V6_uniform_s1234_POST_EXEC_PC_MOD_step2914_is1234002708
V6_uniform,1234,6843,POST_EXEC_PC_MOD,295,1234006843,accepted_noop,cf_inert,False,False,False,False,False,3221225820=>3221225824,False,triage_V6_uniform_s1234_POST_EXEC_PC_MOD_step295_is1234006843
V6_uniform,1234,3148,POST_EXEC_PC_MOD,2921,1234003148,accepted_noop,cf_inert,False,False,False,False,False,2118536=>2118540,False,triage_V6_uniform_s1234_POST_EXEC_PC_MOD_step2921_is1234003148
V6_uniform,1234,2293,POST_EXEC_PC_MOD,2916,1234002293,accepted_noop,cf_inert,False,False,False,False,False,2195808=>2195812,False,triage_V6_uniform_s1234_POST_EXEC_PC_MOD_step2916_is1234002293
V6_uniform,1234,9706,POST_EXEC_PC_MOD,2914,1234009706,accepted_noop,cf_inert,False,False,False,False,False,2195800=>2195804,False,triage_V6_uniform_s1234_POST_EXEC_PC_MOD_step2914_is1234009706
V6_uniform,1234,8367,POST_EXEC_PC_MOD,2914,1234008367,accepted_noop,cf_inert,False,False,False,False,False,2195800=>2195804,False,triage_V6_uniform_s1234_POST_EXEC_PC_MOD_step2914_is1234008367
V6_uniform,1234,5051,POST_EXEC_PC_MOD,2914,1234005051,accepted_noop,cf_inert,False,False,False,False,False,2195800=>2195804,False,triage_V6_uniform_s1234_POST_EXEC_PC_MOD_step2914_is1234005051
V6_uniform,1234,3408,POST_EXEC_PC_MOD,2914,1234003408,accepted_noop,cf_inert,False,False,False,False,False,2195800=>2195804,False,triage_V6_uniform_s1234_POST_EXEC_PC_MOD_step2914_is1234003408
V6_uniform,1234,3324,POST_EXEC_PC_MOD,2914,1234003324,accepted_noop,cf_inert,False,False,False,False,False,2195800=>2195804,False,triage_V6_uniform_s1234_POST_EXEC_PC_MOD_step2914_is1234003324
V6_uniform,1234,492,POST_EXEC_PC_MOD,2382,1234000492,accepted_noop,cf_inert,False,False,False,False,False,2110044=>2110048,False,triage_V6_uniform_s1234_POST_EXEC_PC_MOD_step2382_is1234000492
V6_uniform,1234,6178,POST_EXEC_PC_MOD,2373,1234006178,accepted_noop,cf_inert,False,False,False,False,False,2110008=>2110012,False,triage_V6_uniform_s1234_POST_EXEC_PC_MOD_step2373_is1234006178
V6_uniform,1234,8832,POST_EXEC_PC_MOD,2345,1234008832,accepted_noop,cf_inert,False,False,False,False,False,2101968=>2101972,False,triage_V6_uniform_s1234_POST_EXEC_PC_MOD_step2345_is1234008832
V6_uniform,1234,346,POST_EXEC_PC_MOD,1282,1234000346,accepted_noop,cf_inert,False,False,False,False,False,2110200=>2110204,False,triage_V6_uniform_s1234_POST_EXEC_PC_MOD_step1282_is1234000346
V6_uniform,1234,3088,POST_EXEC_PC_MOD,1596,1234003088,accepted_noop,cf_inert,False,False,False,False,False,2109104=>2109108,False,triage_V6_uniform_s1234_POST_EXEC_PC_MOD_step1596_is1234003088
V6_uniform,1234,1218,POST_EXEC_PC_MOD,1590,1234001218,accepted_noop,cf_inert,False,False,False,False,False,2196696=>2196700,False,triage_V6_uniform_s1234_POST_EXEC_PC_MOD_step1590_is1234001218
V6_uniform,1234,3169,POST_EXEC_PC_MOD,1550,1234003169,accepted_noop,cf_inert,False,False,False,False,False,2196676=>2196680,False,triage_V6_uniform_s1234_POST_EXEC_PC_MOD_step1550_is1234003169
V6_uniform,1234,2330,POST_EXEC_PC_MOD,154,1234002330,accepted_noop,cf_inert,False,False,False,False,False,2122012=>2122016,False,triage_V6_uniform_s1234_POST_EXEC_PC_MOD_step154_is1234002330
V6_uniform,1234,8066,POST_EXEC_PC_MOD,1486,1234008066,accepted_noop,cf_inert,False,False,False,False,False,2196672=>2196676,False,triage_V6_uniform_s1234_POST_EXEC_PC_MOD_step1486_is1234008066
V6_uniform,1234,1787,POST_EXEC_PC_MOD,1389,1234001787,accepted_noop,cf_inert,False,False,False,False,False,2196676=>2196680,False,triage_V6_uniform_s1234_POST_EXEC_PC_MOD_step1389_is1234001787
V6_uniform,1234,2638,POST_EXEC_PC_MOD,1388,1234002638,accepted_noop,cf_inert,False,False,False,False,False,2196672=>2196676,False,triage_V6_uniform_s1234_POST_EXEC_PC_MOD_step1388_is1234002638
V6_uniform,1234,8067,POST_EXEC_PC_MOD,1294,1234008067,accepted_noop,cf_inert,False,False,False,False,False,2110492=>2110496,False,triage_V6_uniform_s1234_POST_EXEC_PC_MOD_step1294_is1234008067
V6_uniform,1234,7857,POST_EXEC_PC_MOD,1281,1234007857,accepted_noop,cf_inert,False,False,False,False,False,2110196=>2110200,False,triage_V6_uniform_s1234_POST_EXEC_PC_MOD_step1281_is1234007857
V6_uniform,1234,1377,POST_EXEC_PC_MOD,1874,1234001377,accepted_noop,cf_inert,False,False,False,False,False,3221225804=>3221225808,False,triage_V6_uniform_s1234_POST_EXEC_PC_MOD_step1874_is1234001377
V6_uniform,1234,8069,POST_EXEC_PC_MOD,1220,1234008069,accepted_noop,cf_inert,False,False,False,False,False,2137180=>2137184,False,triage_V6_uniform_s1234_POST_EXEC_PC_MOD_step1220_is1234008069
V6_uniform,1234,8918,POST_EXEC_PC_MOD,1201,1234008918,accepted_noop,cf_inert,False,False,False,False,True,2132708=>2132712,False,triage_V6_uniform_s1234_POST_EXEC_PC_MOD_step1201_is1234008918
V6_uniform,1234,9089,POST_EXEC_PC_MOD,1179,1234009089,accepted_noop,cf_inert,False,False,False,False,False,2136632=>2136636,False,triage_V6_uniform_s1234_POST_EXEC_PC_MOD_step1179_is1234009089
V6_uniform,1234,7934,POST_EXEC_PC_MOD,1179,1234007934,accepted_noop,cf_inert,False,False,False,False,False,2136632=>2136636,False,triage_V6_uniform_s1234_POST_EXEC_PC_MOD_step1179_is1234007934
V6_uniform,1234,3232,POST_EXEC_PC_MOD,1179,1234003232,accepted_noop,cf_inert,False,False,False,False,False,2136632=>2136636,False,triage_V6_uniform_s1234_POST_EXEC_PC_MOD_step1179_is1234003232
V6_uniform,1234,1798,POST_EXEC_PC_MOD,1179,1234001798,accepted_noop,cf_inert,False,False,False,False,False,2136632=>2136636,False,triage_V6_uniform_s1234_POST_EXEC_PC_MOD_step1179_is1234001798
V6_uniform,1234,4727,POST_EXEC_PC_MOD,1134,1234004727,accepted_noop,cf_inert,False,False,False,False,False,2100360=>2100364,False,triage_V6_uniform_s1234_POST_EXEC_PC_MOD_step1134_is1234004727
V6_uniform,1234,9473,POST_EXEC_PC_MOD,1127,1234009473,accepted_noop,cf_inert,False,False,False,False,False,2100232=>2100236,False,triage_V6_uniform_s1234_POST_EXEC_PC_MOD_step1127_is1234009473
V6_uniform,1234,1888,POST_EXEC_PC_MOD,1739,1234001888,accepted_noop,cf_inert,False,False,False,False,False,2196668=>2196672,False,triage_V6_uniform_s1234_POST_EXEC_PC_MOD_step1739_is1234001888
V6_uniform,1234,9676,POST_EXEC_PC_MOD,1944,1234009676,accepted_noop,cf_inert,False,False,False,False,False,2121612=>2121616,False,triage_V6_uniform_s1234_POST_EXEC_PC_MOD_step1944_is1234009676
V6_uniform,1234,270,POST_EXEC_PC_MOD,2342,1234000270,accepted_noop,cf_inert,False,False,False,False,False,2101956=>2101960,False,triage_V6_uniform_s1234_POST_EXEC_PC_MOD_step2342_is1234000270
V6_uniform,1234,2515,POST_EXEC_PC_MOD,2160,1234002515,accepted_noop,cf_inert,False,False,False,False,False,2121244=>2121248,False,triage_V6_uniform_s1234_POST_EXEC_PC_MOD_step2160_is1234002515
V6_uniform,1234,4288,POST_EXEC_PC_MOD,2341,1234004288,accepted_noop,cf_inert,False,False,False,False,False,2101952=>2101956,False,triage_V6_uniform_s1234_POST_EXEC_PC_MOD_step2341_is1234004288
V6_uniform,1234,156,POST_EXEC_PC_MOD,2341,1234000156,accepted_noop,cf_inert,False,False,False,False,False,2101952=>2101956,False,triage_V6_uniform_s1234_POST_EXEC_PC_MOD_step2341_is1234000156
V6_uniform,1234,3042,POST_EXEC_PC_MOD,2338,1234003042,accepted_noop,cf_inert,False,False,False,False,False,2101940=>2101944,False,triage_V6_uniform_s1234_POST_EXEC_PC_MOD_step2338_is1234003042
V6_uniform,1234,1634,POST_EXEC_PC_MOD,2335,1234001634,accepted_noop,cf_inert,False,False,False,False,False,2101928=>2101932,False,triage_V6_uniform_s1234_POST_EXEC_PC_MOD_step2335_is1234001634
V6_uniform,1234,8278,POST_EXEC_PC_MOD,2312,1234008278,accepted_noop,cf_inert,False,False,False,False,False,2110536=>2110540,False,triage_V6_uniform_s1234_POST_EXEC_PC_MOD_step2312_is1234008278
V6_uniform,1234,2183,POST_EXEC_PC_MOD,2301,1234002183,accepted_noop,cf_inert,False,False,False,False,False,2110492=>2110496,False,triage_V6_uniform_s1234_POST_EXEC_PC_MOD_step2301_is1234002183
V6_uniform,1234,6287,POST_EXEC_PC_MOD,2271,1234006287,accepted_noop,cf_inert,False,False,False,False,False,2110516=>2110520,False,triage_V6_uniform_s1234_POST_EXEC_PC_MOD_step2271_is1234006287
V6_uniform,1234,2290,POST_EXEC_PC_MOD,218,1234002290,accepted_noop,cf_inert,False,False,False,False,False,2144500=>2144504,False,triage_V6_uniform_s1234_POST_EXEC_PC_MOD_step218_is1234002290
V6_uniform,1234,8203,POST_EXEC_PC_MOD,2156,1234008203,accepted_noop,cf_inert,False,False,False,False,False,2121228=>2121232,False,triage_V6_uniform_s1234_POST_EXEC_PC_MOD_step2156_is1234008203
V6_uniform,1234,7452,POST_EXEC_PC_MOD,1957,1234007452,accepted_noop,cf_inert,False,False,False,False,False,2196676=>2196680,False,triage_V6_uniform_s1234_POST_EXEC_PC_MOD_step1957_is1234007452
V6_uniform,1234,5239,POST_EXEC_PC_MOD,2154,1234005239,accepted_noop,cf_inert,False,False,False,False,False,2121220=>2121224,False,triage_V6_uniform_s1234_POST_EXEC_PC_MOD_step2154_is1234005239
V6_uniform,1234,1047,POST_EXEC_PC_MOD,210,1234001047,accepted_noop,cf_inert,False,False,False,False,False,2144468=>2144472,False,triage_V6_uniform_s1234_POST_EXEC_PC_MOD_step210_is1234001047
V6_uniform,1234,8909,POST_EXEC_PC_MOD,2076,1234008909,accepted_noop,cf_inert,False,False,False,False,False,3221225804=>3221225808,False,triage_V6_uniform_s1234_POST_EXEC_PC_MOD_step2076_is1234008909
V6_uniform,1234,3936,POST_EXEC_PC_MOD,2076,1234003936,accepted_noop,cf_inert,False,False,False,False,False,3221225804=>3221225808,False,triage_V6_uniform_s1234_POST_EXEC_PC_MOD_step2076_is1234003936
V6_uniform,1234,1532,POST_EXEC_PC_MOD,2074,1234001532,accepted_noop,cf_inert,False,False,False,False,False,3221225796=>3221225800,False,triage_V6_uniform_s1234_POST_EXEC_PC_MOD_step2074_is1234001532
V6_uniform,1234,2637,POST_EXEC_PC_MOD,2065,1234002637,accepted_noop,cf_inert,False,False,False,False,False,3221225588=>3221225592,False,triage_V6_uniform_s1234_POST_EXEC_PC_MOD_step2065_is1234002637
V6_uniform,1234,2536,POST_EXEC_PC_MOD,2055,1234002536,accepted_noop,cf_inert,False,False,False,False,False,2121680=>2121684,False,triage_V6_uniform_s1234_POST_EXEC_PC_MOD_step2055_is1234002536
V6_uniform,1234,4705,POST_EXEC_PC_MOD,2018,1234004705,accepted_noop,cf_inert,False,False,False,False,False,2196668=>2196672,False,triage_V6_uniform_s1234_POST_EXEC_PC_MOD_step2018_is1234004705
V6_uniform,1235,8582,POST_EXEC_PC_MOD,1955,1235008582,accepted_noop,cf_inert,False,False,False,False,False,2196668=>2196672,False,triage_V6_uniform_s1235_POST_EXEC_PC_MOD_step1955_is1235008582
V6_uniform,1235,5593,POST_EXEC_PC_MOD,1962,1235005593,accepted_noop,cf_inert,False,False,False,False,False,2196668=>2196672,False,triage_V6_uniform_s1235_POST_EXEC_PC_MOD_step1962_is1235005593
V6_uniform,1235,2602,POST_EXEC_PC_MOD,2033,1235002602,accepted_noop,cf_inert,False,False,False,False,False,2196672=>2196676,False,triage_V6_uniform_s1235_POST_EXEC_PC_MOD_step2033_is1235002602
V6_uniform,1236,9756,POST_EXEC_PC_MOD,2935,1236009756,accepted_noop,cf_inert,False,False,False,False,False,2121224=>2121228,False,triage_V6_uniform_s1236_POST_EXEC_PC_MOD_step2935_is1236009756
V6_uniform,1236,9773,POST_EXEC_PC_MOD,2483,1236009773,accepted_noop,cf_inert,False,False,False,False,False,2121224=>2121228,False,triage_V6_uniform_s1236_POST_EXEC_PC_MOD_step2483_is1236009773
V6_uniform,1236,4692,POST_EXEC_PC_MOD,2465,1236004692,accepted_noop,cf_inert,False,False,False,False,False,2195812=>2195816,False,triage_V6_uniform_s1236_POST_EXEC_PC_MOD_step2465_is1236004692
V6_uniform,1236,141,POST_EXEC_PC_MOD,2465,1236000141,accepted_noop,cf_inert,False,False,False,False,False,2195812=>2195816,False,triage_V6_uniform_s1236_POST_EXEC_PC_MOD_step2465_is1236000141
V6_uniform,1236,8864,POST_EXEC_PC_MOD,2463,1236008864,accepted_noop,cf_inert,False,False,False,False,False,2195804=>2195808,False,triage_V6_uniform_s1236_POST_EXEC_PC_MOD_step2463_is1236008864
V6_uniform,1236,8436,POST_EXEC_PC_MOD,2463,1236008436,accepted_noop,cf_inert,False,False,False,False,False,2195804=>2195808,False,triage_V6_uniform_s1236_POST_EXEC_PC_MOD_step2463_is1236008436
V6_uniform,1236,6235,POST_EXEC_PC_MOD,2463,1236006235,accepted_noop,cf_inert,False,False,False,False,False,2195804=>2195808,False,triage_V6_uniform_s1236_POST_EXEC_PC_MOD_step2463_is1236006235
V6_uniform,1236,2237,POST_EXEC_PC_MOD,2463,1236002237,accepted_noop,cf_inert,False,False,False,False,False,2195804=>2195808,False,triage_V6_uniform_s1236_POST_EXEC_PC_MOD_step2463_is1236002237
V6_uniform,1236,5593,POST_EXEC_PC_MOD,2420,1236005593,accepted_noop,cf_inert,False,False,False,False,False,2102020=>2102024,False,triage_V6_uniform_s1236_POST_EXEC_PC_MOD_step2420_is1236005593
V6_uniform,1236,7270,POST_EXEC_PC_MOD,2401,1236007270,accepted_noop,cf_inert,False,False,False,False,False,2110120=>2110124,False,triage_V6_uniform_s1236_POST_EXEC_PC_MOD_step2401_is1236007270
V6_uniform,1236,6977,POST_EXEC_PC_MOD,2382,1236006977,accepted_noop,cf_inert,False,False,False,False,False,2110044=>2110048,False,triage_V6_uniform_s1236_POST_EXEC_PC_MOD_step2382_is1236006977
V6_uniform,1236,1748,POST_EXEC_PC_MOD,2382,1236001748,accepted_noop,cf_inert,False,False,False,False,False,2110044=>2110048,False,triage_V6_uniform_s1236_POST_EXEC_PC_MOD_step2382_is1236001748
V6_uniform,1236,536,POST_EXEC_PC_MOD,2382,1236000536,accepted_noop,cf_inert,False,False,False,False,False,2110044=>2110048,False,triage_V6_uniform_s1236_POST_EXEC_PC_MOD_step2382_is1236000536
V6_uniform,1236,6340,POST_EXEC_PC_MOD,2379,1236006340,accepted_noop,cf_inert,False,False,False,False,False,2110032=>2110036,False,triage_V6_uniform_s1236_POST_EXEC_PC_MOD_step2379_is1236006340
V6_uniform,1236,9229,POST_EXEC_PC_MOD,2378,1236009229,accepted_noop,cf_inert,False,False,False,False,False,2110028=>2110032,False,triage_V6_uniform_s1236_POST_EXEC_PC_MOD_step2378_is1236009229
V6_uniform,1236,4882,POST_EXEC_PC_MOD,2377,1236004882,accepted_noop,cf_inert,False,False,False,False,False,2110024=>2110028,False,triage_V6_uniform_s1236_POST_EXEC_PC_MOD_step2377_is1236004882
V6_uniform,1236,4187,POST_EXEC_PC_MOD,2377,1236004187,accepted_noop,cf_inert,False,False,False,False,False,2110024=>2110028,False,triage_V6_uniform_s1236_POST_EXEC_PC_MOD_step2377_is1236004187
V6_uniform,1236,1801,POST_EXEC_PC_MOD,2368,1236001801,accepted_noop,cf_inert,False,False,False,False,True,2109988=>2109992,False,triage_V6_uniform_s1236_POST_EXEC_PC_MOD_step2368_is1236001801
V6_uniform,1236,8604,POST_EXEC_PC_MOD,2362,1236008604,accepted_noop,cf_inert,False,False,False,False,True,2109964=>2109968,False,triage_V6_uniform_s1236_POST_EXEC_PC_MOD_step2362_is1236008604
V6_uniform,1236,7920,POST_EXEC_PC_MOD,2356,1236007920,accepted_noop,cf_inert,False,False,False,False,False,2102012=>2102016,False,triage_V6_uniform_s1236_POST_EXEC_PC_MOD_step2356_is1236007920
V6_uniform,1236,2219,POST_EXEC_PC_MOD,2486,1236002219,accepted_noop,cf_inert,False,False,False,False,False,2121236=>2121240,False,triage_V6_uniform_s1236_POST_EXEC_PC_MOD_step2486_is1236002219
V6_uniform,1236,6677,POST_EXEC_PC_MOD,2527,1236006677,accepted_noop,cf_inert,False,False,False,False,False,3221226816=>3221226820,False,triage_V6_uniform_s1236_POST_EXEC_PC_MOD_step2527_is1236006677
V6_uniform,1236,696,POST_EXEC_PC_MOD,2561,1236000696,accepted_noop,cf_inert,False,False,False,False,False,2102392=>2102396,False,triage_V6_uniform_s1236_POST_EXEC_PC_MOD_step2561_is1236000696
V6_uniform,1236,826,POST_EXEC_PC_MOD,2859,1236000826,accepted_noop,cf_inert,False,False,False,False,False,2112420=>2112424,False,triage_V6_uniform_s1236_POST_EXEC_PC_MOD_step2859_is1236000826
V6_uniform,1236,4229,POST_EXEC_PC_MOD,2917,1236004229,accepted_noop,cf_inert,False,False,False,False,False,2195812=>2195816,False,triage_V6_uniform_s1236_POST_EXEC_PC_MOD_step2917_is1236004229
V6_uniform,1236,6968,POST_EXEC_PC_MOD,2916,1236006968,accepted_noop,cf_inert,False,False,False,False,False,2195808=>2195812,False,triage_V6_uniform_s1236_POST_EXEC_PC_MOD_step2916_is1236006968
V6_uniform,1236,6760,POST_EXEC_PC_MOD,2916,1236006760,accepted_noop,cf_inert,False,False,False,False,False,2195808=>2195812,False,triage_V6_uniform_s1236_POST_EXEC_PC_MOD_step2916_is1236006760
V6_uniform,1236,5582,POST_EXEC_PC_MOD,2916,1236005582,accepted_noop,cf_inert,False,False,False,False,False,2195808=>2195812,False,triage_V6_uniform_s1236_POST_EXEC_PC_MOD_step2916_is1236005582
V6_uniform,1236,7079,POST_EXEC_PC_MOD,2914,1236007079,accepted_noop,cf_inert,False,False,False,False,False,2195800=>2195804,False,triage_V6_uniform_s1236_POST_EXEC_PC_MOD_step2914_is1236007079
V6_uniform,1236,5478,POST_EXEC_PC_MOD,2914,1236005478,accepted_noop,cf_inert,False,False,False,False,False,2195800=>2195804,False,triage_V6_uniform_s1236_POST_EXEC_PC_MOD_step2914_is1236005478
V6_uniform,1236,301,POST_EXEC_PC_MOD,2914,1236000301,accepted_noop,cf_inert,False,False,False,False,False,2195800=>2195804,False,triage_V6_uniform_s1236_POST_EXEC_PC_MOD_step2914_is1236000301
V6_uniform,1236,3020,POST_EXEC_PC_MOD,2866,1236003020,accepted_noop,cf_inert,False,False,False,False,False,2112448=>2112452,False,triage_V6_uniform_s1236_POST_EXEC_PC_MOD_step2866_is1236003020
V6_uniform,1236,2183,POST_EXEC_PC_MOD,2768,1236002183,accepted_noop,cf_inert,False,False,False,False,False,2102996=>2103000,False,triage_V6_uniform_s1236_POST_EXEC_PC_MOD_step2768_is1236002183
V6_uniform,1236,8232,POST_EXEC_PC_MOD,2562,1236008232,accepted_noop,cf_inert,False,False,False,False,False,2102396=>2102400,False,triage_V6_uniform_s1236_POST_EXEC_PC_MOD_step2562_is1236008232
V6_uniform,1236,6384,POST_EXEC_PC_MOD,2746,1236006384,accepted_noop,cf_inert,False,False,False,False,False,2102908=>2102912,False,triage_V6_uniform_s1236_POST_EXEC_PC_MOD_step2746_is1236006384
V6_uniform,1236,3189,POST_EXEC_PC_MOD,2720,1236003189,accepted_noop,cf_inert,False,False,False,False,False,2102788=>2102792,False,triage_V6_uniform_s1236_POST_EXEC_PC_MOD_step2720_is1236003189
V6_uniform,1236,5280,POST_EXEC_PC_MOD,2708,1236005280,accepted_noop,cf_inert,False,False,False,False,False,2102740=>2102744,False,triage_V6_uniform_s1236_POST_EXEC_PC_MOD_step2708_is1236005280
V6_uniform,1236,1271,POST_EXEC_PC_MOD,2666,1236001271,accepted_noop,cf_inert,False,False,False,False,False,2110480=>2110484,False,triage_V6_uniform_s1236_POST_EXEC_PC_MOD_step2666_is1236001271
V6_uniform,1236,6111,POST_EXEC_PC_MOD,2638,1236006111,accepted_noop,cf_inert,False,False,False,False,False,2102700=>2102704,False,triage_V6_uniform_s1236_POST_EXEC_PC_MOD_step2638_is1236006111
V6_uniform,1236,5574,POST_EXEC_PC_MOD,2604,1236005574,accepted_noop,cf_inert,False,False,False,False,False,2102564=>2102568,False,triage_V6_uniform_s1236_POST_EXEC_PC_MOD_step2604_is1236005574
V6_uniform,1236,441,POST_EXEC_PC_MOD,2584,1236000441,accepted_noop,cf_inert,False,False,False,False,False,2102484=>2102488,False,triage_V6_uniform_s1236_POST_EXEC_PC_MOD_step2584_is1236000441
V6_uniform,1236,1157,POST_EXEC_PC_MOD,2582,1236001157,accepted_noop,cf_inert,False,False,False,False,False,2102476=>2102480,False,triage_V6_uniform_s1236_POST_EXEC_PC_MOD_step2582_is1236001157
V6_uniform,1236,948,POST_EXEC_PC_MOD,2342,1236000948,accepted_noop,cf_inert,False,False,False,False,False,2101956=>2101960,False,triage_V6_uniform_s1236_POST_EXEC_PC_MOD_step2342_is1236000948
V6_uniform,1236,6216,POST_EXEC_PC_MOD,2327,1236006216,accepted_noop,cf_inert,False,False,False,False,False,2110928=>2110932,False,triage_V6_uniform_s1236_POST_EXEC_PC_MOD_step2327_is1236006216
V6_uniform,1236,7820,POST_EXEC_PC_MOD,2303,1236007820,accepted_noop,cf_inert,False,False,False,False,False,2110500=>2110504,False,triage_V6_uniform_s1236_POST_EXEC_PC_MOD_step2303_is1236007820
V6_uniform,1236,1898,POST_EXEC_PC_MOD,1228,1236001898,accepted_noop,cf_inert,False,False,False,False,False,2133216=>2133220,False,triage_V6_uniform_s1236_POST_EXEC_PC_MOD_step1228_is1236001898
V6_uniform,1236,1981,POST_EXEC_PC_MOD,1684,1236001981,accepted_noop,cf_inert,False,False,False,False,False,2142000=>2142004,False,triage_V6_uniform_s1236_POST_EXEC_PC_MOD_step1684_is1236001981
V6_uniform,1236,7229,POST_EXEC_PC_MOD,1610,1236007229,accepted_noop,cf_inert,False,False,False,False,False,2109228=>2109232,False,triage_V6_uniform_s1236_POST_EXEC_PC_MOD_step1610_is1236007229
V6_uniform,1236,9180,POST_EXEC_PC_MOD,1576,1236009180,accepted_noop,cf_inert,False,False,False,False,False,2196668=>2196672,False,triage_V6_uniform_s1236_POST_EXEC_PC_MOD_step1576_is1236009180
V6_uniform,1236,1780,POST_EXEC_PC_MOD,1403,1236001780,accepted_noop,cf_inert,False,False,False,False,False,2196676=>2196680,False,triage_V6_uniform_s1236_POST_EXEC_PC_MOD_step1403_is1236001780
V6_uniform,1236,9031,POST_EXEC_PC_MOD,1365,1236009031,accepted_noop,cf_inert,False,False,False,False,False,2196664=>2196668,False,triage_V6_uniform_s1236_POST_EXEC_PC_MOD_step1365_is1236009031
V6_uniform,1236,6539,POST_EXEC_PC_MOD,1274,1236006539,accepted_noop,cf_inert,False,False,False,False,False,2101832=>2101836,False,triage_V6_uniform_s1236_POST_EXEC_PC_MOD_step1274_is1236006539
V6_uniform,1236,3981,POST_EXEC_PC_MOD,1256,1236003981,accepted_noop,cf_inert,False,False,False,False,False,2113420=>2113424,False,triage_V6_uniform_s1236_POST_EXEC_PC_MOD_step1256_is1236003981
V6_uniform,1236,6347,POST_EXEC_PC_MOD,124,1236006347,accepted_noop,cf_inert,False,False,False,False,False,2101420=>2101424,False,triage_V6_uniform_s1236_POST_EXEC_PC_MOD_step124_is1236006347
V6_uniform,1236,1755,POST_EXEC_PC_MOD,1225,1236001755,accepted_noop,cf_inert,False,False,False,False,False,2137200=>2137204,False,triage_V6_uniform_s1236_POST_EXEC_PC_MOD_step1225_is1236001755
V6_uniform,1236,5322,POST_EXEC_PC_MOD,174,1236005322,accepted_noop,cf_inert,False,False,False,False,False,3221225820=>3221225824,False,triage_V6_uniform_s1236_POST_EXEC_PC_MOD_step174_is1236005322
V6_uniform,1236,6385,POST_EXEC_PC_MOD,1179,1236006385,accepted_noop,cf_inert,False,False,False,False,False,2136632=>2136636,False,triage_V6_uniform_s1236_POST_EXEC_PC_MOD_step1179_is1236006385
V6_uniform,1236,6003,POST_EXEC_PC_MOD,1179,1236006003,accepted_noop,cf_inert,False,False,False,False,False,2136632=>2136636,False,triage_V6_uniform_s1236_POST_EXEC_PC_MOD_step1179_is1236006003
V6_uniform,1236,4925,POST_EXEC_PC_MOD,1179,1236004925,accepted_noop,cf_inert,False,False,False,False,False,2136632=>2136636,False,triage_V6_uniform_s1236_POST_EXEC_PC_MOD_step1179_is1236004925
V6_uniform,1236,3623,POST_EXEC_PC_MOD,1179,1236003623,accepted_noop,cf_inert,False,False,False,False,False,2136632=>2136636,False,triage_V6_uniform_s1236_POST_EXEC_PC_MOD_step1179_is1236003623
V6_uniform,1236,3215,POST_EXEC_PC_MOD,1179,1236003215,accepted_noop,cf_inert,False,False,False,False,False,2136632=>2136636,False,triage_V6_uniform_s1236_POST_EXEC_PC_MOD_step1179_is1236003215
V6_uniform,1236,3465,POST_EXEC_PC_MOD,1177,1236003465,accepted_noop,cf_inert,False,False,False,False,False,2136624=>2136628,False,triage_V6_uniform_s1236_POST_EXEC_PC_MOD_step1177_is1236003465
V6_uniform,1236,9490,POST_EXEC_PC_MOD,1135,1236009490,accepted_noop,cf_inert,False,False,False,False,False,2100364=>2100368,False,triage_V6_uniform_s1236_POST_EXEC_PC_MOD_step1135_is1236009490
V6_uniform,1236,9368,POST_EXEC_PC_MOD,1129,1236009368,accepted_noop,cf_inert,False,False,False,False,True,2100240=>2100244,False,triage_V6_uniform_s1236_POST_EXEC_PC_MOD_step1129_is1236009368
V6_uniform,1236,3315,POST_EXEC_PC_MOD,1691,1236003315,accepted_noop,cf_inert,False,False,False,False,False,2135744=>2135748,False,triage_V6_uniform_s1236_POST_EXEC_PC_MOD_step1691_is1236003315
V6_uniform,1236,5120,POST_EXEC_PC_MOD,1760,1236005120,accepted_noop,cf_inert,False,False,False,False,False,2196668=>2196672,False,triage_V6_uniform_s1236_POST_EXEC_PC_MOD_step1760_is1236005120
V6_uniform,1236,6163,POST_EXEC_PC_MOD,2254,1236006163,accepted_noop,cf_inert,False,False,False,False,False,2110204=>2110208,False,triage_V6_uniform_s1236_POST_EXEC_PC_MOD_step2254_is1236006163
V6_uniform,1236,9987,POST_EXEC_PC_MOD,2066,1236009987,accepted_noop,cf_inert,False,False,False,False,False,3221225592=>3221225596,False,triage_V6_uniform_s1236_POST_EXEC_PC_MOD_step2066_is1236009987
V6_uniform,1236,5854,POST_EXEC_PC_MOD,2250,1236005854,accepted_noop,cf_inert,False,False,False,False,False,2101908=>2101912,False,triage_V6_uniform_s1236_POST_EXEC_PC_MOD_step2250_is1236005854
V6_uniform,1236,7931,POST_EXEC_PC_MOD,2164,1236007931,accepted_noop,cf_inert,False,False,False,False,False,2121260=>2121264,False,triage_V6_uniform_s1236_POST_EXEC_PC_MOD_step2164_is1236007931
V6_uniform,1236,5904,POST_EXEC_PC_MOD,2160,1236005904,accepted_noop,cf_inert,False,False,False,False,False,2121244=>2121248,False,triage_V6_uniform_s1236_POST_EXEC_PC_MOD_step2160_is1236005904
V6_uniform,1236,128,POST_EXEC_PC_MOD,2154,1236000128,accepted_noop,cf_inert,False,False,False,False,False,2121220=>2121224,False,triage_V6_uniform_s1236_POST_EXEC_PC_MOD_step2154_is1236000128
V6_uniform,1236,7755,POST_EXEC_PC_MOD,2151,1236007755,accepted_noop,cf_inert,False,False,False,False,False,2121208=>2121212,False,triage_V6_uniform_s1236_POST_EXEC_PC_MOD_step2151_is1236007755
V6_uniform,1236,4756,POST_EXEC_PC_MOD,2151,1236004756,accepted_noop,cf_inert,False,False,False,False,False,2121208=>2121212,False,triage_V6_uniform_s1236_POST_EXEC_PC_MOD_step2151_is1236004756
V6_uniform,1236,4565,POST_EXEC_PC_MOD,2080,1236004565,accepted_noop,cf_inert,False,False,False,False,False,3221225820=>3221225824,False,triage_V6_uniform_s1236_POST_EXEC_PC_MOD_step2080_is1236004565
V6_uniform,1236,1506,POST_EXEC_PC_MOD,2080,1236001506,accepted_noop,cf_inert,False,False,False,False,False,3221225820=>3221225824,False,triage_V6_uniform_s1236_POST_EXEC_PC_MOD_step2080_is1236001506
V6_uniform,1236,4764,POST_EXEC_PC_MOD,2065,1236004764,accepted_noop,cf_inert,False,False,False,False,False,3221225588=>3221225592,False,triage_V6_uniform_s1236_POST_EXEC_PC_MOD_step2065_is1236004764
V6_uniform,1236,1165,POST_EXEC_PC_MOD,1774,1236001165,accepted_noop,cf_inert,False,False,False,False,False,2196668=>2196672,False,triage_V6_uniform_s1236_POST_EXEC_PC_MOD_step1774_is1236001165
V6_uniform,1236,6322,POST_EXEC_PC_MOD,2055,1236006322,accepted_noop,cf_inert,False,False,False,False,False,2121680=>2121684,False,triage_V6_uniform_s1236_POST_EXEC_PC_MOD_step2055_is1236006322
V6_uniform,1236,4305,POST_EXEC_PC_MOD,2047,1236004305,accepted_noop,cf_inert,False,False,False,False,False,2196672=>2196676,False,triage_V6_uniform_s1236_POST_EXEC_PC_MOD_step2047_is1236004305
V6_uniform,1236,6574,POST_EXEC_PC_MOD,2041,1236006574,accepted_noop,cf_inert,False,False,False,False,False,2196676=>2196680,False,triage_V6_uniform_s1236_POST_EXEC_PC_MOD_step2041_is1236006574
V6_uniform,1236,7499,POST_EXEC_PC_MOD,1998,1236007499,accepted_noop,cf_inert,False,False,False,False,False,2196672=>2196676,False,triage_V6_uniform_s1236_POST_EXEC_PC_MOD_step1998_is1236007499
V6_uniform,1236,9996,POST_EXEC_PC_MOD,1889,1236009996,accepted_noop,cf_inert,False,False,False,False,False,2135892=>2135896,False,triage_V6_uniform_s1236_POST_EXEC_PC_MOD_step1889_is1236009996
V6_uniform,1236,4348,POST_EXEC_PC_MOD,1872,1236004348,accepted_noop,cf_inert,False,False,False,False,False,3221225796=>3221225800,False,triage_V6_uniform_s1236_POST_EXEC_PC_MOD_step1872_is1236004348
V6_uniform,1236,7704,POST_EXEC_PC_MOD,1841,1236007704,accepted_noop,cf_inert,False,False,False,False,False,2196684=>2196688,False,triage_V6_uniform_s1236_POST_EXEC_PC_MOD_step1841_is1236007704
V6_uniform,1236,86,POST_EXEC_PC_MOD,1818,1236000086,accepted_noop,cf_inert,False,False,False,False,False,2196676=>2196680,False,triage_V6_uniform_s1236_POST_EXEC_PC_MOD_step1818_is1236000086
V6_uniform,1236,5450,POST_EXEC_PC_MOD,2917,1236005450,accepted_noop,cf_inert,False,False,False,False,False,2195812=>2195816,False,triage_V6_uniform_s1236_POST_EXEC_PC_MOD_step2917_is1236005450
V6_uniform,1236,4700,POST_EXEC_PC_MOD,2988,1236004700,accepted_noop,cf_inert,False,False,False,False,False,2119288=>2119292,False,triage_V6_uniform_s1236_POST_EXEC_PC_MOD_step2988_is1236004700
V6_uniform,1236,9173,POST_EXEC_PC_MOD,1056,1236009173,accepted_noop,cf_inert,False,False,False,False,False,2099924=>2099928,False,triage_V6_uniform_s1236_POST_EXEC_PC_MOD_step1056_is1236009173
V6_uniform,1236,4765,POST_EXEC_PC_MOD,3028,1236004765,accepted_noop,cf_inert,False,False,False,False,False,2119360=>2119364,False,triage_V6_uniform_s1236_POST_EXEC_PC_MOD_step3028_is1236004765
V6_uniform,1236,5384,POST_EXEC_PC_MOD,530,1236005384,accepted_noop,cf_inert,False,False,False,False,False,3221225796=>3221225800,False,triage_V6_uniform_s1236_POST_EXEC_PC_MOD_step530_is1236005384
V6_uniform,1236,6044,POST_EXEC_PC_MOD,521,1236006044,accepted_noop,cf_inert,False,False,False,False,False,3221225588=>3221225592,False,triage_V6_uniform_s1236_POST_EXEC_PC_MOD_step521_is1236006044
V6_uniform,1236,727,POST_EXEC_PC_MOD,460,1236000727,accepted_noop,cf_inert,False,False,False,False,False,2122148=>2122152,False,triage_V6_uniform_s1236_POST_EXEC_PC_MOD_step460_is1236000727
V6_uniform,1236,5544,POST_EXEC_PC_MOD,443,1236005544,accepted_noop,cf_inert,False,False,False,False,False,3221225596=>3221225600,False,triage_V6_uniform_s1236_POST_EXEC_PC_MOD_step443_is1236005544
V6_uniform,1236,5823,POST_EXEC_PC_MOD,441,1236005823,accepted_noop,cf_inert,False,False,False,False,False,3221225588=>3221225592,False,triage_V6_uniform_s1236_POST_EXEC_PC_MOD_step441_is1236005823
V6_uniform,1236,6765,POST_EXEC_PC_MOD,3934,1236006765,accepted_noop,cf_inert,False,False,False,False,False,3221225612=>3221225616,False,triage_V6_uniform_s1236_POST_EXEC_PC_MOD_step3934_is1236006765
V6_uniform,1236,7787,POST_EXEC_PC_MOD,380,1236007787,accepted_noop,cf_inert,False,False,False,False,False,2122148=>2122152,False,triage_V6_uniform_s1236_POST_EXEC_PC_MOD_step380_is1236007787
V6_uniform,1236,3670,POST_EXEC_PC_MOD,3767,1236003670,accepted_noop,cf_inert,False,False,False,False,False,2110088=>2110092,False,triage_V6_uniform_s1236_POST_EXEC_PC_MOD_step3767_is1236003670
V6_uniform,1236,7314,POST_EXEC_PC_MOD,3750,1236007314,accepted_noop,cf_inert,False,False,False,False,False,2110020=>2110024,False,triage_V6_uniform_s1236_POST_EXEC_PC_MOD_step3750_is1236007314
V6_uniform,1236,8589,POST_EXEC_PC_MOD,3748,1236008589,accepted_noop,cf_inert,False,False,False,False,False,2110012=>2110016,False,triage_V6_uniform_s1236_POST_EXEC_PC_MOD_step3748_is1236008589
V6_uniform,1236,9005,POST_EXEC_PC_MOD,3743,1236009005,accepted_noop,cf_inert,False,False,False,False,False,2109992=>2109996,False,triage_V6_uniform_s1236_POST_EXEC_PC_MOD_step3743_is1236009005
V6_uniform,1236,5642,POST_EXEC_PC_MOD,3725,1236005642,accepted_noop,cf_inert,False,False,False,False,False,2119520=>2119524,False,triage_V6_uniform_s1236_POST_EXEC_PC_MOD_step3725_is1236005642
V6_uniform,1236,1751,POST_EXEC_PC_MOD,3725,1236001751,accepted_noop,cf_inert,False,False,False,False,False,2119520=>2119524,False,triage_V6_uniform_s1236_POST_EXEC_PC_MOD_step3725_is1236001751
V6_uniform,1236,5714,POST_EXEC_PC_MOD,3714,1236005714,accepted_noop,cf_inert,False,False,False,False,True,2110952=>2110956,False,triage_V6_uniform_s1236_POST_EXEC_PC_MOD_step3714_is1236005714
V6_uniform,1236,2280,POST_EXEC_PC_MOD,3714,1236002280,accepted_noop,cf_inert,False,False,False,False,True,2110952=>2110956,False,triage_V6_uniform_s1236_POST_EXEC_PC_MOD_step3714_is1236002280
V6_uniform,1236,2901,POST_EXEC_PC_MOD,3713,1236002901,accepted_noop,cf_inert,False,False,False,False,False,2110948=>2110952,False,triage_V6_uniform_s1236_POST_EXEC_PC_MOD_step3713_is1236002901
V6_uniform,1236,2486,POST_EXEC_PC_MOD,3713,1236002486,accepted_noop,cf_inert,False,False,False,False,False,2110948=>2110952,False,triage_V6_uniform_s1236_POST_EXEC_PC_MOD_step3713_is1236002486
V6_uniform,1236,2373,POST_EXEC_PC_MOD,3713,1236002373,accepted_noop,cf_inert,False,False,False,False,False,2110948=>2110952,False,triage_V6_uniform_s1236_POST_EXEC_PC_MOD_step3713_is1236002373
V6_uniform,1236,140,POST_EXEC_PC_MOD,3713,1236000140,accepted_noop,cf_inert,False,False,False,False,False,2110948=>2110952,False,triage_V6_uniform_s1236_POST_EXEC_PC_MOD_step3713_is1236000140
V6_uniform,1236,268,POST_EXEC_PC_MOD,561,1236000268,accepted_noop,cf_inert,False,False,False,False,False,2099468=>2099472,False,triage_V6_uniform_s1236_POST_EXEC_PC_MOD_step561_is1236000268
V6_uniform,1236,7923,POST_EXEC_PC_MOD,585,1236007923,accepted_noop,cf_inert,False,False,False,False,False,2122032=>2122036,False,triage_V6_uniform_s1236_POST_EXEC_PC_MOD_step585_is1236007923
V6_uniform,1236,5706,POST_EXEC_PC_MOD,594,1236005706,accepted_noop,cf_inert,False,False,False,False,False,2122068=>2122072,False,triage_V6_uniform_s1236_POST_EXEC_PC_MOD_step594_is1236005706
V6_uniform,1236,7458,POST_EXEC_PC_MOD,755,1236007458,accepted_noop,cf_inert,False,False,False,False,False,2122076=>2122080,False,triage_V6_uniform_s1236_POST_EXEC_PC_MOD_step755_is1236007458
V6_uniform,1236,739,POST_EXEC_PC_MOD,93,1236000739,accepted_noop,cf_inert,False,False,False,False,False,2110120=>2110124,False,triage_V6_uniform_s1236_POST_EXEC_PC_MOD_step93_is1236000739
V6_uniform,1236,9586,POST_EXEC_PC_MOD,922,1236009586,accepted_noop,cf_inert,False,False,False,False,False,3221225588=>3221225592,False,triage_V6_uniform_s1236_POST_EXEC_PC_MOD_step922_is1236009586
V6_uniform,1236,6299,POST_EXEC_PC_MOD,890,1236006299,accepted_noop,cf_inert,False,False,False,False,False,2099740=>2099744,False,triage_V6_uniform_s1236_POST_EXEC_PC_MOD_step890_is1236006299
V6_uniform,1236,5296,POST_EXEC_PC_MOD,871,1236005296,accepted_noop,cf_inert,False,False,False,False,False,2109888=>2109920,False,triage_V6_uniform_s1236_POST_EXEC_PC_MOD_step871_is1236005296
V6_uniform,1236,2472,POST_EXEC_PC_MOD,863,1236002472,accepted_noop,cf_inert,False,False,False,False,False,2122156=>2122160,False,triage_V6_uniform_s1236_POST_EXEC_PC_MOD_step863_is1236002472
V6_uniform,1236,8777,POST_EXEC_PC_MOD,843,1236008777,accepted_noop,cf_inert,False,False,False,False,False,3221225592=>3221225596,False,triage_V6_uniform_s1236_POST_EXEC_PC_MOD_step843_is1236008777
V6_uniform,1236,8883,POST_EXEC_PC_MOD,813,1236008883,accepted_noop,cf_inert,False,False,False,False,False,2109836=>2109840,False,triage_V6_uniform_s1236_POST_EXEC_PC_MOD_step813_is1236008883
V6_uniform,1236,4540,POST_EXEC_PC_MOD,781,1236004540,accepted_noop,cf_inert,False,False,False,False,False,2122148=>2122152,False,triage_V6_uniform_s1236_POST_EXEC_PC_MOD_step781_is1236004540
V6_uniform,1236,831,POST_EXEC_PC_MOD,755,1236000831,accepted_noop,cf_inert,False,False,False,False,False,2122076=>2122080,False,triage_V6_uniform_s1236_POST_EXEC_PC_MOD_step755_is1236000831
V6_uniform,1236,455,POST_EXEC_PC_MOD,603,1236000455,accepted_noop,cf_inert,False,False,False,False,False,3221225588=>3221225592,False,triage_V6_uniform_s1236_POST_EXEC_PC_MOD_step603_is1236000455
V6_uniform,1236,4628,POST_EXEC_PC_MOD,74,1236004628,accepted_noop,cf_inert,False,False,False,False,False,2110044=>2110048,False,triage_V6_uniform_s1236_POST_EXEC_PC_MOD_step74_is1236004628
V6_uniform,1236,2222,POST_EXEC_PC_MOD,74,1236002222,accepted_noop,cf_inert,False,False,False,False,False,2110044=>2110048,False,triage_V6_uniform_s1236_POST_EXEC_PC_MOD_step74_is1236002222
V6_uniform,1236,5790,POST_EXEC_PC_MOD,68,1236005790,accepted_noop,cf_inert,False,False,False,False,False,2110020=>2110024,False,triage_V6_uniform_s1236_POST_EXEC_PC_MOD_step68_is1236005790
V6_uniform,1236,7006,POST_EXEC_PC_MOD,67,1236007006,accepted_noop,cf_inert,False,False,False,False,False,2110016=>2110020,False,triage_V6_uniform_s1236_POST_EXEC_PC_MOD_step67_is1236007006
V6_uniform,1236,1698,POST_EXEC_PC_MOD,66,1236001698,accepted_noop,cf_inert,False,False,False,False,False,2110012=>2110016,False,triage_V6_uniform_s1236_POST_EXEC_PC_MOD_step66_is1236001698
V6_uniform,1236,9727,POST_EXEC_PC_MOD,663,1236009727,accepted_noop,cf_inert,False,False,False,False,False,2109872=>2109876,False,triage_V6_uniform_s1236_POST_EXEC_PC_MOD_step663_is1236009727
V6_uniform,1236,8668,POST_EXEC_PC_MOD,651,1236008668,accepted_noop,cf_inert,False,False,False,False,False,2099568=>2099572,False,triage_V6_uniform_s1236_POST_EXEC_PC_MOD_step651_is1236008668
V6_uniform,1236,7804,POST_EXEC_PC_MOD,618,1236007804,accepted_noop,cf_inert,False,False,False,False,False,3221225820=>3221225824,False,triage_V6_uniform_s1236_POST_EXEC_PC_MOD_step618_is1236007804
V6_uniform,1236,6232,POST_EXEC_PC_MOD,3699,1236006232,accepted_noop,cf_inert,False,False,False,False,False,2110504=>2110508,False,triage_V6_uniform_s1236_POST_EXEC_PC_MOD_step3699_is1236006232
V6_uniform,1236,1516,POST_EXEC_PC_MOD,3674,1236001516,accepted_noop,cf_inert,False,False,False,False,False,2110208=>2110212,False,triage_V6_uniform_s1236_POST_EXEC_PC_MOD_step3674_is1236001516
V6_uniform,1236,512,POST_EXEC_PC_MOD,3656,1236000512,accepted_noop,cf_inert,False,False,False,False,False,2121260=>2121264,False,triage_V6_uniform_s1236_POST_EXEC_PC_MOD_step3656_is1236000512
V6_uniform,1236,575,POST_EXEC_PC_MOD,3134,1236000575,accepted_noop,cf_inert,False,False,False,False,False,2119576=>2119580,False,triage_V6_uniform_s1236_POST_EXEC_PC_MOD_step3134_is1236000575
V6_uniform,1236,6032,POST_EXEC_PC_MOD,3269,1236006032,accepted_noop,cf_inert,False,False,False,False,False,2116544=>2116548,False,triage_V6_uniform_s1236_POST_EXEC_PC_MOD_step3269_is1236006032
V6_uniform,1236,8077,POST_EXEC_PC_MOD,3266,1236008077,accepted_noop,cf_inert,False,False,False,False,False,2116532=>2116536,False,triage_V6_uniform_s1236_POST_EXEC_PC_MOD_step3266_is1236008077
V6_uniform,1236,8364,POST_EXEC_PC_MOD,321,1236008364,accepted_noop,cf_inert,False,False,False,False,False,2099292=>2099296,False,triage_V6_uniform_s1236_POST_EXEC_PC_MOD_step321_is1236008364
V6_uniform,1236,6743,POST_EXEC_PC_MOD,3202,1236006743,accepted_noop,cf_inert,False,False,False,False,False,2119740=>2119744,False,triage_V6_uniform_s1236_POST_EXEC_PC_MOD_step3202_is1236006743
V6_uniform,1236,7043,POST_EXEC_PC_MOD,3196,1236007043,accepted_noop,cf_inert,False,False,False,False,False,2119716=>2119720,False,triage_V6_uniform_s1236_POST_EXEC_PC_MOD_step3196_is1236007043
V6_uniform,1236,5982,POST_EXEC_PC_MOD,3168,1236005982,accepted_noop,cf_inert,False,False,False,False,False,3221225860=>3221225864,False,triage_V6_uniform_s1236_POST_EXEC_PC_MOD_step3168_is1236005982
V6_uniform,1236,3291,POST_EXEC_PC_MOD,3158,1236003291,accepted_noop,cf_inert,False,False,False,False,False,3221225588=>3221225592,False,triage_V6_uniform_s1236_POST_EXEC_PC_MOD_step3158_is1236003291
V6_uniform,1236,8449,POST_EXEC_PC_MOD,3143,1236008449,accepted_noop,cf_inert,False,False,False,False,False,2119668=>2119672,False,triage_V6_uniform_s1236_POST_EXEC_PC_MOD_step3143_is1236008449
V6_uniform,1236,5435,POST_EXEC_PC_MOD,3118,1236005435,accepted_noop,cf_inert,False,False,False,False,False,2110108=>2110112,False,triage_V6_uniform_s1236_POST_EXEC_PC_MOD_step3118_is1236005435
V6_uniform,1236,3378,POST_EXEC_PC_MOD,3370,1236003378,accepted_noop,cf_inert,False,False,False,False,False,2110524=>2110528,False,triage_V6_uniform_s1236_POST_EXEC_PC_MOD_step3370_is1236003378
V6_uniform,1236,5862,POST_EXEC_PC_MOD,3102,1236005862,accepted_noop,cf_inert,False,False,False,False,False,2110044=>2110048,False,triage_V6_uniform_s1236_POST_EXEC_PC_MOD_step3102_is1236005862
V6_uniform,1236,5080,POST_EXEC_PC_MOD,3099,1236005080,accepted_noop,cf_inert,False,False,False,False,False,2110032=>2110036,False,triage_V6_uniform_s1236_POST_EXEC_PC_MOD_step3099_is1236005080
V6_uniform,1236,9113,POST_EXEC_PC_MOD,3097,1236009113,accepted_noop,cf_inert,False,False,False,False,False,2110024=>2110028,False,triage_V6_uniform_s1236_POST_EXEC_PC_MOD_step3097_is1236009113
V6_uniform,1236,7047,POST_EXEC_PC_MOD,3090,1236007047,accepted_noop,cf_inert,False,False,False,False,True,2109996=>2110000,False,triage_V6_uniform_s1236_POST_EXEC_PC_MOD_step3090_is1236007047
V6_uniform,1236,8233,POST_EXEC_PC_MOD,3088,1236008233,accepted_noop,cf_inert,False,False,False,False,True,2109988=>2109992,False,triage_V6_uniform_s1236_POST_EXEC_PC_MOD_step3088_is1236008233
V6_uniform,1236,7909,POST_EXEC_PC_MOD,3080,1236007909,accepted_noop,cf_inert,False,False,False,False,False,2109956=>2109960,False,triage_V6_uniform_s1236_POST_EXEC_PC_MOD_step3080_is1236007909
V6_uniform,1236,4063,POST_EXEC_PC_MOD,3071,1236004063,accepted_noop,cf_inert,False,False,False,False,False,2119520=>2119524,False,triage_V6_uniform_s1236_POST_EXEC_PC_MOD_step3071_is1236004063
V6_uniform,1236,1219,POST_EXEC_PC_MOD,3071,1236001219,accepted_noop,cf_inert,False,False,False,False,False,2119520=>2119524,False,triage_V6_uniform_s1236_POST_EXEC_PC_MOD_step3071_is1236001219
V6_uniform,1236,2292,POST_EXEC_PC_MOD,3352,1236002292,accepted_noop,cf_inert,False,False,False,False,False,2110208=>2110212,False,triage_V6_uniform_s1236_POST_EXEC_PC_MOD_step3352_is1236002292
V6_uniform,1236,5251,POST_EXEC_PC_MOD,3385,1236005251,accepted_noop,cf_inert,False,False,False,False,False,2110536=>2110540,False,triage_V6_uniform_s1236_POST_EXEC_PC_MOD_step3385_is1236005251
V6_uniform,1236,2159,POST_EXEC_PC_MOD,3653,1236002159,accepted_noop,cf_inert,False,False,False,False,False,2121248=>2121252,False,triage_V6_uniform_s1236_POST_EXEC_PC_MOD_step3653_is1236002159
V6_uniform,1236,4137,POST_EXEC_PC_MOD,3519,1236004137,accepted_noop,cf_inert,False,False,False,False,False,2121240=>2121244,False,triage_V6_uniform_s1236_POST_EXEC_PC_MOD_step3519_is1236004137
V6_uniform,1236,8297,POST_EXEC_PC_MOD,3633,1236008297,accepted_noop,cf_inert,False,False,False,False,False,2119336=>2119340,False,triage_V6_uniform_s1236_POST_EXEC_PC_MOD_step3633_is1236008297
V6_uniform,1236,9034,POST_EXEC_PC_MOD,3621,1236009034,accepted_noop,cf_inert,False,False,False,False,False,2119288=>2119292,False,triage_V6_uniform_s1236_POST_EXEC_PC_MOD_step3621_is1236009034
V6_uniform,1236,3514,POST_EXEC_PC_MOD,3563,1236003514,accepted_noop,cf_inert,False,False,False,False,False,3221225588=>3221225592,False,triage_V6_uniform_s1236_POST_EXEC_PC_MOD_step3563_is1236003514
V6_uniform,1236,6501,POST_EXEC_PC_MOD,3543,1236006501,accepted_noop,cf_inert,False,False,False,False,False,2118676=>2118680,False,triage_V6_uniform_s1236_POST_EXEC_PC_MOD_step3543_is1236006501
V6_uniform,1236,3178,POST_EXEC_PC_MOD,3543,1236003178,accepted_noop,cf_inert,False,False,False,False,False,2118676=>2118680,False,triage_V6_uniform_s1236_POST_EXEC_PC_MOD_step3543_is1236003178
V6_uniform,1236,9090,POST_EXEC_PC_MOD,3531,1236009090,accepted_noop,cf_inert,False,False,False,False,False,2118568=>2118572,False,triage_V6_uniform_s1236_POST_EXEC_PC_MOD_step3531_is1236009090
V6_uniform,1236,4883,POST_EXEC_PC_MOD,3525,1236004883,accepted_noop,cf_inert,False,False,False,False,False,2121264=>2121268,False,triage_V6_uniform_s1236_POST_EXEC_PC_MOD_step3525_is1236004883
V6_uniform,1236,418,POST_EXEC_PC_MOD,3520,1236000418,accepted_noop,cf_inert,False,False,False,False,False,2121244=>2121248,False,triage_V6_uniform_s1236_POST_EXEC_PC_MOD_step3520_is1236000418
V6_uniform,1236,586,POST_EXEC_PC_MOD,3497,1236000586,accepted_noop,cf_inert,False,False,False,False,False,2195812=>2195816,False,triage_V6_uniform_s1236_POST_EXEC_PC_MOD_step3497_is1236000586
V6_uniform,1236,1247,POST_EXEC_PC_MOD,3417,1236001247,accepted_noop,cf_inert,False,False,False,False,False,2110208=>2110212,False,triage_V6_uniform_s1236_POST_EXEC_PC_MOD_step3417_is1236001247
V6_uniform,1236,1969,POST_EXEC_PC_MOD,3496,1236001969,accepted_noop,cf_inert,False,False,False,False,False,2195808=>2195812,False,triage_V6_uniform_s1236_POST_EXEC_PC_MOD_step3496_is1236001969
V6_uniform,1236,6911,POST_EXEC_PC_MOD,3495,1236006911,accepted_noop,cf_inert,False,False,False,False,False,2195804=>2195808,False,triage_V6_uniform_s1236_POST_EXEC_PC_MOD_step3495_is1236006911
V6_uniform,1236,2823,POST_EXEC_PC_MOD,3495,1236002823,accepted_noop,cf_inert,False,False,False,False,False,2195804=>2195808,False,triage_V6_uniform_s1236_POST_EXEC_PC_MOD_step3495_is1236002823
V6_uniform,1236,3138,POST_EXEC_PC_MOD,3494,1236003138,accepted_noop,cf_inert,False,False,False,False,False,2195800=>2195804,False,triage_V6_uniform_s1236_POST_EXEC_PC_MOD_step3494_is1236003138
V6_uniform,1236,9629,POST_EXEC_PC_MOD,348,1236009629,accepted_noop,cf_inert,False,False,False,False,False,2122052=>2122056,False,triage_V6_uniform_s1236_POST_EXEC_PC_MOD_step348_is1236009629
V6_uniform,1236,641,POST_EXEC_PC_MOD,3473,1236000641,accepted_noop,cf_inert,False,False,False,False,False,2116884=>2116888,False,triage_V6_uniform_s1236_POST_EXEC_PC_MOD_step3473_is1236000641
V6_uniform,1236,6901,POST_EXEC_PC_MOD,3449,1236006901,accepted_noop,cf_inert,False,False,False,False,False,2110532=>2110536,False,triage_V6_uniform_s1236_POST_EXEC_PC_MOD_step3449_is1236006901
V6_uniform,1236,6806,POST_EXEC_PC_MOD,3449,1236006806,accepted_noop,cf_inert,False,False,False,False,False,2110532=>2110536,False,triage_V6_uniform_s1236_POST_EXEC_PC_MOD_step3449_is1236006806
V6_uniform,1236,6429,POST_EXEC_PC_MOD,1058,1236006429,accepted_noop,cf_inert,False,False,False,False,False,2099992=>2099996,False,triage_V6_uniform_s1236_POST_EXEC_PC_MOD_step1058_is1236006429
V6_uniform,1236,9039,POST_EXEC_PC_MOD,1056,1236009039,accepted_noop,cf_inert,False,False,False,False,False,2099924=>2099928,False,triage_V6_uniform_s1236_POST_EXEC_PC_MOD_step1056_is1236009039
V6_uniform,1235,3580,POST_EXEC_PC_MOD,2065,1235003580,accepted_noop,cf_inert,False,False,False,False,False,3221225588=>3221225592,False,triage_V6_uniform_s1235_POST_EXEC_PC_MOD_step2065_is1235003580
V6_uniform,1235,9757,POST_EXEC_PC_MOD,3537,1235009757,accepted_noop,cf_inert,False,False,False,False,False,2118616=>2118620,False,triage_V6_uniform_s1235_POST_EXEC_PC_MOD_step3537_is1235009757
V6_uniform,1235,1123,POST_EXEC_PC_MOD,3102,1235001123,accepted_noop,cf_inert,False,False,False,False,False,2110044=>2110048,False,triage_V6_uniform_s1235_POST_EXEC_PC_MOD_step3102_is1235001123
V6_uniform,1235,329,POST_EXEC_PC_MOD,3102,1235000329,accepted_noop,cf_inert,False,False,False,False,False,2110044=>2110048,False,triage_V6_uniform_s1235_POST_EXEC_PC_MOD_step3102_is1235000329
V6_uniform,1235,4648,POST_EXEC_PC_MOD,3050,1235004648,accepted_noop,cf_inert,False,False,False,False,False,2110540=>2110544,False,triage_V6_uniform_s1235_POST_EXEC_PC_MOD_step3050_is1235004648
V6_uniform,1235,8194,POST_EXEC_PC_MOD,3046,1235008194,accepted_noop,cf_inert,False,False,False,False,False,2110472=>2110476,False,triage_V6_uniform_s1235_POST_EXEC_PC_MOD_step3046_is1235008194
V6_uniform,1235,633,POST_EXEC_PC_MOD,3045,1235000633,accepted_noop,cf_inert,False,False,False,False,False,2110468=>2110472,False,triage_V6_uniform_s1235_POST_EXEC_PC_MOD_step3045_is1235000633
V6_uniform,1235,3584,POST_EXEC_PC_MOD,3040,1235003584,accepted_noop,cf_inert,False,False,False,False,False,2110204=>2110208,False,triage_V6_uniform_s1235_POST_EXEC_PC_MOD_step3040_is1235003584
V6_uniform,1235,9547,POST_EXEC_PC_MOD,2993,1235009547,accepted_noop,cf_inert,False,False,False,False,False,2119308=>2119312,False,triage_V6_uniform_s1235_POST_EXEC_PC_MOD_step2993_is1235009547
V6_uniform,1235,5609,POST_EXEC_PC_MOD,2958,1235005609,accepted_noop,cf_inert,False,False,False,False,False,2118620=>2118624,False,triage_V6_uniform_s1235_POST_EXEC_PC_MOD_step2958_is1235005609
V6_uniform,1235,7796,POST_EXEC_PC_MOD,2951,1235007796,accepted_noop,cf_inert,False,False,False,False,False,2118568=>2118572,False,triage_V6_uniform_s1235_POST_EXEC_PC_MOD_step2951_is1235007796
V6_uniform,1235,4013,POST_EXEC_PC_MOD,2944,1235004013,accepted_noop,cf_inert,False,False,False,False,False,2121260=>2121264,False,triage_V6_uniform_s1235_POST_EXEC_PC_MOD_step2944_is1235004013
V6_uniform,1235,3799,POST_EXEC_PC_MOD,2944,1235003799,accepted_noop,cf_inert,False,False,False,False,False,2121260=>2121264,False,triage_V6_uniform_s1235_POST_EXEC_PC_MOD_step2944_is1235003799
V6_uniform,1235,6733,POST_EXEC_PC_MOD,2938,1235006733,accepted_noop,cf_inert,False,False,False,False,False,2121236=>2121240,False,triage_V6_uniform_s1235_POST_EXEC_PC_MOD_step2938_is1235006733
V6_uniform,1235,2530,POST_EXEC_PC_MOD,2935,1235002530,accepted_noop,cf_inert,False,False,False,False,False,2121224=>2121228,False,triage_V6_uniform_s1235_POST_EXEC_PC_MOD_step2935_is1235002530
V6_uniform,1235,3624,POST_EXEC_PC_MOD,2917,1235003624,accepted_noop,cf_inert,False,False,False,False,False,2195812=>2195816,False,triage_V6_uniform_s1235_POST_EXEC_PC_MOD_step2917_is1235003624
V6_uniform,1235,2470,POST_EXEC_PC_MOD,2916,1235002470,accepted_noop,cf_inert,False,False,False,False,False,2195808=>2195812,False,triage_V6_uniform_s1235_POST_EXEC_PC_MOD_step2916_is1235002470
V6_uniform,1235,2096,POST_EXEC_PC_MOD,2916,1235002096,accepted_noop,cf_inert,False,False,False,False,False,2195808=>2195812,False,triage_V6_uniform_s1235_POST_EXEC_PC_MOD_step2916_is1235002096
V6_uniform,1235,4830,POST_EXEC_PC_MOD,2914,1235004830,accepted_noop,cf_inert,False,False,False,False,False,2195800=>2195804,False,triage_V6_uniform_s1235_POST_EXEC_PC_MOD_step2914_is1235004830
V6_uniform,1235,3122,POST_EXEC_PC_MOD,2914,1235003122,accepted_noop,cf_inert,False,False,False,False,False,2195800=>2195804,False,triage_V6_uniform_s1235_POST_EXEC_PC_MOD_step2914_is1235003122
V6_uniform,1235,808,POST_EXEC_PC_MOD,2913,1235000808,accepted_noop,cf_inert,False,False,False,False,False,2195796=>2195800,False,triage_V6_uniform_s1235_POST_EXEC_PC_MOD_step2913_is1235000808
V6_uniform,1235,8730,POST_EXEC_PC_MOD,3112,1235008730,accepted_noop,cf_inert,False,False,False,False,False,2110084=>2110088,False,triage_V6_uniform_s1235_POST_EXEC_PC_MOD_step3112_is1235008730
V6_uniform,1235,1054,POST_EXEC_PC_MOD,3116,1235001054,accepted_noop,cf_inert,False,False,False,False,False,2110100=>2110104,False,triage_V6_uniform_s1235_POST_EXEC_PC_MOD_step3116_is1235001054
V6_uniform,1235,8667,POST_EXEC_PC_MOD,3134,1235008667,accepted_noop,cf_inert,False,False,False,False,False,2119576=>2119580,False,triage_V6_uniform_s1235_POST_EXEC_PC_MOD_step3134_is1235008667
V6_uniform,1235,2418,POST_EXEC_PC_MOD,3494,1235002418,accepted_noop,cf_inert,False,False,False,False,False,2195800=>2195804,False,triage_V6_uniform_s1235_POST_EXEC_PC_MOD_step3494_is1235002418
V6_uniform,1235,4935,POST_EXEC_PC_MOD,3522,1235004935,accepted_noop,cf_inert,False,False,False,False,False,2121252=>2121256,False,triage_V6_uniform_s1235_POST_EXEC_PC_MOD_step3522_is1235004935
V6_uniform,1235,3388,POST_EXEC_PC_MOD,3514,1235003388,accepted_noop,cf_inert,False,False,False,False,False,2121220=>2121224,False,triage_V6_uniform_s1235_POST_EXEC_PC_MOD_step3514_is1235003388
V6_uniform,1235,3447,POST_EXEC_PC_MOD,3508,1235003447,accepted_noop,cf_inert,False,False,False,False,False,2121196=>2121200,False,triage_V6_uniform_s1235_POST_EXEC_PC_MOD_step3508_is1235003447
V6_uniform,1235,5624,POST_EXEC_PC_MOD,3498,1235005624,accepted_noop,cf_inert,False,False,False,False,False,2195816=>2195820,False,triage_V6_uniform_s1235_POST_EXEC_PC_MOD_step3498_is1235005624
V6_uniform,1235,9005,POST_EXEC_PC_MOD,3497,1235009005,accepted_noop,cf_inert,False,False,False,False,False,2195812=>2195816,False,triage_V6_uniform_s1235_POST_EXEC_PC_MOD_step3497_is1235009005
V6_uniform,1235,2767,POST_EXEC_PC_MOD,3496,1235002767,accepted_noop,cf_inert,False,False,False,False,False,2195808=>2195812,False,triage_V6_uniform_s1235_POST_EXEC_PC_MOD_step3496_is1235002767
V6_uniform,1235,1768,POST_EXEC_PC_MOD,3496,1235001768,accepted_noop,cf_inert,False,False,False,False,False,2195808=>2195812,False,triage_V6_uniform_s1235_POST_EXEC_PC_MOD_step3496_is1235001768
V6_uniform,1235,4023,POST_EXEC_PC_MOD,3495,1235004023,accepted_noop,cf_inert,False,False,False,False,False,2195804=>2195808,False,triage_V6_uniform_s1235_POST_EXEC_PC_MOD_step3495_is1235004023
V6_uniform,1235,3874,POST_EXEC_PC_MOD,3474,1235003874,accepted_noop,cf_inert,False,False,False,False,True,2116888=>2116892,False,triage_V6_uniform_s1235_POST_EXEC_PC_MOD_step3474_is1235003874
V6_uniform,1235,9271,POST_EXEC_PC_MOD,3134,1235009271,accepted_noop,cf_inert,False,False,False,False,False,2119576=>2119580,False,triage_V6_uniform_s1235_POST_EXEC_PC_MOD_step3134_is1235009271
V6_uniform,1235,5502,POST_EXEC_PC_MOD,3352,1235005502,accepted_noop,cf_inert,False,False,False,False,False,2110208=>2110212,False,triage_V6_uniform_s1235_POST_EXEC_PC_MOD_step3352_is1235005502
V6_uniform,1235,894,POST_EXEC_PC_MOD,3340,1235000894,accepted_noop,cf_inert,False,False,False,False,False,2116676=>2116680,False,triage_V6_uniform_s1235_POST_EXEC_PC_MOD_step3340_is1235000894
V6_uniform,1235,1249,POST_EXEC_PC_MOD,3339,1235001249,accepted_noop,cf_inert,False,False,False,False,False,2116672=>2116676,False,triage_V6_uniform_s1235_POST_EXEC_PC_MOD_step3339_is1235001249
V6_uniform,1235,7341,POST_EXEC_PC_MOD,3270,1235007341,accepted_noop,cf_inert,False,False,False,False,False,2116548=>2116552,False,triage_V6_uniform_s1235_POST_EXEC_PC_MOD_step3270_is1235007341
V6_uniform,1235,5544,POST_EXEC_PC_MOD,3261,1235005544,accepted_noop,cf_inert,False,False,False,False,False,2121260=>2121264,False,triage_V6_uniform_s1235_POST_EXEC_PC_MOD_step3261_is1235005544
V6_uniform,1235,7272,POST_EXEC_PC_MOD,3255,1235007272,accepted_noop,cf_inert,False,False,False,False,False,2121236=>2121240,False,triage_V6_uniform_s1235_POST_EXEC_PC_MOD_step3255_is1235007272
V6_uniform,1235,3992,POST_EXEC_PC_MOD,3243,1235003992,accepted_noop,cf_inert,False,False,False,False,False,2116524=>2116528,False,triage_V6_uniform_s1235_POST_EXEC_PC_MOD_step3243_is1235003992
V6_uniform,1235,545,POST_EXEC_PC_MOD,3135,1235000545,accepted_noop,cf_inert,False,False,False,False,False,2119580=>2119584,False,triage_V6_uniform_s1235_POST_EXEC_PC_MOD_step3135_is1235000545
V6_uniform,1235,5455,POST_EXEC_PC_MOD,289,1235005455,accepted_noop,cf_inert,False,False,False,False,False,3221225796=>3221225800,False,triage_V6_uniform_s1235_POST_EXEC_PC_MOD_step289_is1235005455
V6_uniform,1235,580,POST_EXEC_PC_MOD,2851,1235000580,accepted_noop,cf_inert,False,False,False,False,False,2112388=>2112392,False,triage_V6_uniform_s1235_POST_EXEC_PC_MOD_step2851_is1235000580
V6_uniform,1235,9342,POST_EXEC_PC_MOD,273,1235009342,accepted_noop,cf_inert,False,False,False,False,False,2122076=>2122080,False,triage_V6_uniform_s1235_POST_EXEC_PC_MOD_step273_is1235009342
V6_uniform,1235,2472,POST_EXEC_PC_MOD,2382,1235002472,accepted_noop,cf_inert,False,False,False,False,False,2110044=>2110048,False,triage_V6_uniform_s1235_POST_EXEC_PC_MOD_step2382_is1235002472
V6_uniform,1235,681,POST_EXEC_PC_MOD,2462,1235000681,accepted_noop,cf_inert,False,False,False,False,False,2195800=>2195804,False,triage_V6_uniform_s1235_POST_EXEC_PC_MOD_step2462_is1235000681
V6_uniform,1235,2040,POST_EXEC_PC_MOD,2455,1235002040,accepted_noop,cf_inert,False,False,False,False,False,2119036=>2119040,False,triage_V6_uniform_s1235_POST_EXEC_PC_MOD_step2455_is1235002040
V6_uniform,1235,2340,POST_EXEC_PC_MOD,2420,1235002340,accepted_noop,cf_inert,False,False,False,False,False,2102020=>2102024,False,triage_V6_uniform_s1235_POST_EXEC_PC_MOD_step2420_is1235002340
V6_uniform,1235,5971,POST_EXEC_PC_MOD,2415,1235005971,accepted_noop,cf_inert,False,False,False,False,False,2110176=>2110180,False,triage_V6_uniform_s1235_POST_EXEC_PC_MOD_step2415_is1235005971
V6_uniform,1235,9461,POST_EXEC_PC_MOD,2406,1235009461,accepted_noop,cf_inert,False,False,False,False,False,2110140=>2110144,False,triage_V6_uniform_s1235_POST_EXEC_PC_MOD_step2406_is1235009461
V6_uniform,1235,6709,POST_EXEC_PC_MOD,2401,1235006709,accepted_noop,cf_inert,False,False,False,False,False,2110120=>2110124,False,triage_V6_uniform_s1235_POST_EXEC_PC_MOD_step2401_is1235006709
V6_uniform,1235,583,POST_EXEC_PC_MOD,2401,1235000583,accepted_noop,cf_inert,False,False,False,False,False,2110120=>2110124,False,triage_V6_uniform_s1235_POST_EXEC_PC_MOD_step2401_is1235000583
V6_uniform,1235,8398,POST_EXEC_PC_MOD,2389,1235008398,accepted_noop,cf_inert,False,False,False,False,False,2110072=>2110076,False,triage_V6_uniform_s1235_POST_EXEC_PC_MOD_step2389_is1235008398
V6_uniform,1235,8538,POST_EXEC_PC_MOD,2374,1235008538,accepted_noop,cf_inert,False,False,False,False,False,2110012=>2110016,False,triage_V6_uniform_s1235_POST_EXEC_PC_MOD_step2374_is1235008538
V6_uniform,1235,5446,POST_EXEC_PC_MOD,2462,1235005446,accepted_noop,cf_inert,False,False,False,False,False,2195800=>2195804,False,triage_V6_uniform_s1235_POST_EXEC_PC_MOD_step2462_is1235005446
V6_uniform,1235,3843,POST_EXEC_PC_MOD,2368,1235003843,accepted_noop,cf_inert,False,False,False,False,True,2109988=>2109992,False,triage_V6_uniform_s1235_POST_EXEC_PC_MOD_step2368_is1235003843
V6_uniform,1235,5671,POST_EXEC_PC_MOD,2351,1235005671,accepted_noop,cf_inert,False,False,False,False,False,2101992=>2101996,False,triage_V6_uniform_s1235_POST_EXEC_PC_MOD_step2351_is1235005671
V6_uniform,1235,8752,POST_EXEC_PC_MOD,2255,1235008752,accepted_noop,cf_inert,False,False,False,False,False,2110208=>2110212,False,triage_V6_uniform_s1235_POST_EXEC_PC_MOD_step2255_is1235008752
V6_uniform,1235,7964,POST_EXEC_PC_MOD,2254,1235007964,accepted_noop,cf_inert,False,False,False,False,False,2110204=>2110208,False,triage_V6_uniform_s1235_POST_EXEC_PC_MOD_step2254_is1235007964
V6_uniform,1235,4778,POST_EXEC_PC_MOD,2160,1235004778,accepted_noop,cf_inert,False,False,False,False,False,2121244=>2121248,False,triage_V6_uniform_s1235_POST_EXEC_PC_MOD_step2160_is1235004778
V6_uniform,1235,4610,POST_EXEC_PC_MOD,213,1235004610,accepted_noop,cf_inert,False,False,False,False,False,2144480=>2144484,False,triage_V6_uniform_s1235_POST_EXEC_PC_MOD_step213_is1235004610
V6_uniform,1235,4480,POST_EXEC_PC_MOD,2113,1235004480,accepted_noop,cf_inert,False,False,False,False,False,2142208=>2142212,False,triage_V6_uniform_s1235_POST_EXEC_PC_MOD_step2113_is1235004480
V6_uniform,1235,154,POST_EXEC_PC_MOD,20,1235000154,accepted_noop,cf_inert,False,False,False,False,False,2111232=>2111236,False,triage_V6_uniform_s1235_POST_EXEC_PC_MOD_step20_is1235000154
V6_uniform,1235,4615,POST_EXEC_PC_MOD,2462,1235004615,accepted_noop,cf_inert,False,False,False,False,False,2195800=>2195804,False,triage_V6_uniform_s1235_POST_EXEC_PC_MOD_step2462_is1235004615
V6_uniform,1235,8841,POST_EXEC_PC_MOD,2462,1235008841,accepted_noop,cf_inert,False,False,False,False,False,2195800=>2195804,False,triage_V6_uniform_s1235_POST_EXEC_PC_MOD_step2462_is1235008841
V6_uniform,1235,6989,POST_EXEC_PC_MOD,2687,1235006989,accepted_noop,cf_inert,False,False,False,False,False,2110516=>2110520,False,triage_V6_uniform_s1235_POST_EXEC_PC_MOD_step2687_is1235006989
V6_uniform,1235,5832,POST_EXEC_PC_MOD,2567,1235005832,accepted_noop,cf_inert,False,False,False,False,False,2102416=>2102420,False,triage_V6_uniform_s1235_POST_EXEC_PC_MOD_step2567_is1235005832
V6_uniform,1235,9480,POST_EXEC_PC_MOD,2657,1235009480,accepted_noop,cf_inert,False,False,False,False,False,2110200=>2110204,False,triage_V6_uniform_s1235_POST_EXEC_PC_MOD_step2657_is1235009480
V6_uniform,1235,4514,POST_EXEC_PC_MOD,2657,1235004514,accepted_noop,cf_inert,False,False,False,False,False,2110200=>2110204,False,triage_V6_uniform_s1235_POST_EXEC_PC_MOD_step2657_is1235004514
V6_uniform,1235,2665,POST_EXEC_PC_MOD,2654,1235002665,accepted_noop,cf_inert,False,False,False,False,False,2118404=>2118408,False,triage_V6_uniform_s1235_POST_EXEC_PC_MOD_step2654_is1235002665
V6_uniform,1235,8189,POST_EXEC_PC_MOD,2628,1235008189,accepted_noop,cf_inert,False,False,False,False,False,2102660=>2102664,False,triage_V6_uniform_s1235_POST_EXEC_PC_MOD_step2628_is1235008189
V6_uniform,1235,3404,POST_EXEC_PC_MOD,2627,1235003404,accepted_noop,cf_inert,False,False,False,False,False,2102656=>2102660,False,triage_V6_uniform_s1235_POST_EXEC_PC_MOD_step2627_is1235003404
V6_uniform,1235,7443,POST_EXEC_PC_MOD,2608,1235007443,accepted_noop,cf_inert,False,False,False,False,False,2102580=>2102584,False,triage_V6_uniform_s1235_POST_EXEC_PC_MOD_step2608_is1235007443
V6_uniform,1235,1972,POST_EXEC_PC_MOD,2605,1235001972,accepted_noop,cf_inert,False,False,False,False,False,2102568=>2102572,False,triage_V6_uniform_s1235_POST_EXEC_PC_MOD_step2605_is1235001972
V6_uniform,1235,8121,POST_EXEC_PC_MOD,2584,1235008121,accepted_noop,cf_inert,False,False,False,False,False,2102484=>2102488,False,triage_V6_uniform_s1235_POST_EXEC_PC_MOD_step2584_is1235008121
V6_uniform,1235,9338,POST_EXEC_PC_MOD,2546,1235009338,accepted_noop,cf_inert,False,False,False,False,False,2102340=>2102344,False,triage_V6_uniform_s1235_POST_EXEC_PC_MOD_step2546_is1235009338
V6_uniform,1235,9079,POST_EXEC_PC_MOD,2462,1235009079,accepted_noop,cf_inert,False,False,False,False,False,2195800=>2195804,False,triage_V6_uniform_s1235_POST_EXEC_PC_MOD_step2462_is1235009079
V6_uniform,1235,6097,POST_EXEC_PC_MOD,253,1235006097,accepted_noop,cf_inert,False,False,False,False,False,2109844=>2109848,False,triage_V6_uniform_s1235_POST_EXEC_PC_MOD_step253_is1235006097
V6_uniform,1235,1739,POST_EXEC_PC_MOD,2531,1235001739,accepted_noop,cf_inert,False,False,False,False,False,3221226832=>3221226836,False,triage_V6_uniform_s1235_POST_EXEC_PC_MOD_step2531_is1235001739
V6_uniform,1235,5198,POST_EXEC_PC_MOD,2483,1235005198,accepted_noop,cf_inert,False,False,False,False,False,2121224=>2121228,False,triage_V6_uniform_s1235_POST_EXEC_PC_MOD_step2483_is1235005198
V6_uniform,1235,802,POST_EXEC_PC_MOD,2482,1235000802,accepted_noop,cf_inert,False,False,False,False,False,2121220=>2121224,False,triage_V6_uniform_s1235_POST_EXEC_PC_MOD_step2482_is1235000802
V6_uniform,1235,4042,POST_EXEC_PC_MOD,2466,1235004042,accepted_noop,cf_inert,False,False,False,False,False,2195816=>2195820,False,triage_V6_uniform_s1235_POST_EXEC_PC_MOD_step2466_is1235004042
V6_uniform,1235,8587,POST_EXEC_PC_MOD,2465,1235008587,accepted_noop,cf_inert,False,False,False,False,False,2195812=>2195816,False,triage_V6_uniform_s1235_POST_EXEC_PC_MOD_step2465_is1235008587
V6_uniform,1235,7161,POST_EXEC_PC_MOD,2465,1235007161,accepted_noop,cf_inert,False,False,False,False,False,2195812=>2195816,False,triage_V6_uniform_s1235_POST_EXEC_PC_MOD_step2465_is1235007161
V6_uniform,1235,970,POST_EXEC_PC_MOD,2465,1235000970,accepted_noop,cf_inert,False,False,False,False,False,2195812=>2195816,False,triage_V6_uniform_s1235_POST_EXEC_PC_MOD_step2465_is1235000970
V6_uniform,1235,6708,POST_EXEC_PC_MOD,3533,1235006708,accepted_noop,cf_inert,False,False,False,False,False,2118576=>2118580,False,triage_V6_uniform_s1235_POST_EXEC_PC_MOD_step3533_is1235006708
V6_uniform,1235,5189,POST_EXEC_PC_MOD,3541,1235005189,accepted_noop,cf_inert,False,False,False,False,False,2118632=>2118636,False,triage_V6_uniform_s1235_POST_EXEC_PC_MOD_step3541_is1235005189
V6_uniform,1236,7034,POST_EXEC_PC_MOD,1056,1236007034,accepted_noop,cf_inert,False,False,False,False,False,2099924=>2099928,False,triage_V6_uniform_s1236_POST_EXEC_PC_MOD_step1056_is1236007034
V6_uniform,1235,131,POST_EXEC_PC_MOD,3563,1235000131,accepted_noop,cf_inert,False,False,False,False,False,3221225588=>3221225592,False,triage_V6_uniform_s1235_POST_EXEC_PC_MOD_step3563_is1235000131
V6_uniform,1236,9333,INSTR_WORD_MOD,3014,1236009333,accepted_propagated_candidate,weak,True,False,False,True,False,1488659=>2148972307,False,triage_V6_uniform_s1236_INSTR_WORD_MOD_step3014_is1236009333
V6_uniform,1236,3218,INSTR_WORD_MOD,2885,1236003218,accepted_noop,word_truncated,True,False,False,True,True,91301411=>91301667,False,triage_V6_uniform_s1236_INSTR_WORD_MOD_step2885_is1236003218
V6_uniform,1236,4569,INSTR_WORD_MOD,2834,1236004569,accepted_noop,word_truncated,True,False,False,True,True,29435139=>31532291,False,triage_V6_uniform_s1236_INSTR_WORD_MOD_step2834_is1236004569
V6_uniform,1236,5977,INSTR_WORD_MOD,2804,1236005977,accepted_noop,word_truncated,True,False,False,True,True,4532227=>6629379,False,triage_V6_uniform_s1236_INSTR_WORD_MOD_step2804_is1236005977
V6_uniform,1236,9567,INSTR_WORD_MOD,2761,1236009567,accepted_noop,word_truncated,True,False,False,True,True,44117027=>44117283,False,triage_V6_uniform_s1236_INSTR_WORD_MOD_step2761_is1236009567
V6_uniform,1236,2243,INSTR_WORD_MOD,2418,1236002243,accepted_propagated_candidate,weak,True,False,False,True,False,4240927971=>3167186147,False,triage_V6_uniform_s1236_INSTR_WORD_MOD_step2418_is1236002243
V6_uniform,1236,5793,INSTR_WORD_MOD,2369,1236005793,accepted_propagated_candidate,weak,True,False,False,True,False,216425571=>216426083,False,triage_V6_uniform_s1236_INSTR_WORD_MOD_step2369_is1236005793
V6_uniform,1236,3929,INSTR_WORD_MOD,2246,1236003929,accepted_noop,cosmetic,True,False,False,True,False,1275399267=>1308953699,False,triage_V6_uniform_s1236_INSTR_WORD_MOD_step2246_is1236003929
V6_uniform,1236,737,INSTR_WORD_MOD,2185,1236000737,accepted_noop,word_truncated,True,False,False,True,True,9776675=>9776803,False,triage_V6_uniform_s1236_INSTR_WORD_MOD_step2185_is1236000737
V6_uniform,1236,5454,INSTR_WORD_MOD,2161,1236005454,accepted_propagated_candidate,weak,True,False,False,True,False,45441123=>179658851,False,triage_V6_uniform_s1236_INSTR_WORD_MOD_step2161_is1236005454
V6_uniform,1236,6864,INSTR_WORD_MOD,2080,1236006864,accepted_noop,,False,False,False,False,False,115=>524403,False,triage_V6_uniform_s1236_INSTR_WORD_MOD_step2080_is1236006864
V6_uniform,1236,7211,INSTR_WORD_MOD,2020,1236007211,accepted_noop,cosmetic,True,False,False,True,False,15113827=>82222691,False,triage_V6_uniform_s1236_INSTR_WORD_MOD_step2020_is1236007211
V6_uniform,1236,3897,INSTR_WORD_MOD,1930,1236003897,accepted_noop,,False,False,False,False,False,2252374247=>2252390631,False,triage_V6_uniform_s1236_INSTR_WORD_MOD_step1930_is1236003897
V6_uniform,1236,1091,INSTR_WORD_MOD,1878,1236001091,accepted_noop,,False,False,False,False,False,115=>65651,False,triage_V6_uniform_s1236_INSTR_WORD_MOD_step1878_is1236001091
V6_uniform,1236,351,INSTR_WORD_MOD,1852,1236000351,accepted_noop,,False,False,False,False,False,32871=>49255,False,triage_V6_uniform_s1236_INSTR_WORD_MOD_step1852_is1236000351
V6_uniform,1236,3168,INSTR_WORD_MOD,1846,1236003168,accepted_noop,cosmetic,True,False,False,True,False,15113827=>15112803,False,triage_V6_uniform_s1236_INSTR_WORD_MOD_step1846_is1236003168
V6_uniform,1236,618,INSTR_WORD_MOD,159,1236000618,accepted_noop,cosmetic,True,False,False,True,False,19224675=>19225699,False,triage_V6_uniform_s1236_INSTR_WORD_MOD_step159_is1236000618
V6_uniform,1236,2601,INSTR_WORD_MOD,1501,1236002601,accepted_noop,cosmetic,True,False,False,True,False,15113827=>15112803,False,triage_V6_uniform_s1236_INSTR_WORD_MOD_step1501_is1236002601
V6_uniform,1236,9771,INSTR_WORD_MOD,1015,1236009771,accepted_noop,,False,False,False,False,False,115=>524403,False,triage_V6_uniform_s1236_INSTR_WORD_MOD_step1015_is1236009771
V6_uniform,1236,8310,INSTR_WORD_MOD,3066,1236008310,accepted_propagated_candidate,weak,True,False,False,True,False,1471891=>135689619,False,triage_V6_uniform_s1236_INSTR_WORD_MOD_step3066_is1236008310
V6_uniform,1236,8170,INSTR_WORD_MOD,3099,1236008170,accepted_propagated_candidate,weak,True,False,False,True,False,267777427=>234222995,False,triage_V6_uniform_s1236_INSTR_WORD_MOD_step3099_is1236008170
V6_uniform,1236,9747,INSTR_WORD_MOD,3349,1236009747,accepted_propagated_candidate,weak,True,False,False,True,False,3536531=>271971987,False,triage_V6_uniform_s1236_INSTR_WORD_MOD_step3349_is1236009747
V6_uniform,1236,3500,INSTR_WORD_MOD,643,1236003500,accepted_noop,cosmetic,True,False,False,True,False,927274083=>927276131,False,triage_V6_uniform_s1236_INSTR_WORD_MOD_step643_is1236003500
V6_uniform,1236,2206,INSTR_WORD_MOD,987,1236002206,accepted_noop,cosmetic,True,False,False,True,False,134416483=>198755,False,triage_V6_uniform_s1236_INSTR_WORD_MOD_step987_is1236002206
V6_uniform,1236,6282,INSTR_WORD_MOD,842,1236006282,accepted_noop,cosmetic,True,False,False,True,False,19224675=>19224803,False,triage_V6_uniform_s1236_INSTR_WORD_MOD_step842_is1236006282
V6_uniform,1236,6094,INSTR_WORD_MOD,798,1236006094,accepted_noop,,False,False,False,False,False,32871=>49255,False,triage_V6_uniform_s1236_INSTR_WORD_MOD_step798_is1236006094
V6_uniform,1236,3400,INSTR_WORD_MOD,773,1236003400,accepted_noop,,False,False,False,False,False,115=>131187,False,triage_V6_uniform_s1236_INSTR_WORD_MOD_step773_is1236003400
V6_uniform,1236,1361,INSTR_WORD_MOD,758,1236001361,accepted_noop,cosmetic,True,False,False,True,False,44561507=>44562019,False,triage_V6_uniform_s1236_INSTR_WORD_MOD_step758_is1236001361
V6_uniform,1236,9709,INSTR_WORD_MOD,693,1236009709,accepted_propagated_candidate,weak,True,False,False,True,False,13233763=>281669219,False,triage_V6_uniform_s1236_INSTR_WORD_MOD_step693_is1236009709
V6_uniform,1236,3920,INSTR_WORD_MOD,681,1236003920,accepted_noop,,False,False,False,False,False,115=>524403,False,triage_V6_uniform_s1236_INSTR_WORD_MOD_step681_is1236003920
V6_uniform,1236,6190,INSTR_WORD_MOD,65,1236006190,accepted_propagated_candidate,weak,True,False,False,True,False,183921763=>1257663587,False,triage_V6_uniform_s1236_INSTR_WORD_MOD_step65_is1236006190
V6_uniform,1236,9231,INSTR_WORD_MOD,521,1236009231,accepted_noop,cosmetic,True,False,False,True,False,19224675=>19224931,False,triage_V6_uniform_s1236_INSTR_WORD_MOD_step521_is1236009231
V6_uniform,1236,6202,INSTR_WORD_MOD,3407,1236006202,accepted_propagated_candidate,weak,True,False,False,True,False,4206194403=>3132452579,False,triage_V6_uniform_s1236_INSTR_WORD_MOD_step3407_is1236006202
V6_uniform,1236,5144,INSTR_WORD_MOD,514,1236005144,accepted_noop,cosmetic,True,False,False,True,False,44266083=>44266211,False,triage_V6_uniform_s1236_INSTR_WORD_MOD_step514_is1236005144
V6_uniform,1236,7486,INSTR_WORD_MOD,441,1236007486,accepted_noop,cosmetic,True,False,False,True,False,19224675=>556095587,False,triage_V6_uniform_s1236_INSTR_WORD_MOD_step441_is1236007486
V6_uniform,1236,5153,INSTR_WORD_MOD,3961,1236005153,accepted_noop,,False,False,False,False,False,115=>65651,False,triage_V6_uniform_s1236_INSTR_WORD_MOD_step3961_is1236005153
V6_uniform,1236,7151,INSTR_WORD_MOD,3958,1236007151,accepted_propagated_candidate,weak,True,False,False,True,False,267743891=>804614803,False,triage_V6_uniform_s1236_INSTR_WORD_MOD_step3958_is1236007151
V6_uniform,1236,9920,INSTR_WORD_MOD,3612,1236009920,accepted_noop,word_truncated,True,False,False,True,True,24194595=>24194851,False,triage_V6_uniform_s1236_INSTR_WORD_MOD_step3612_is1236009920
V6_uniform,1236,6436,INSTR_WORD_MOD,359,1236006436,accepted_noop,,False,False,False,False,False,115=>524403,False,triage_V6_uniform_s1236_INSTR_WORD_MOD_step359_is1236006436
V6_uniform,1236,8752,INSTR_WORD_MOD,357,1236008752,accepted_noop,cosmetic,True,False,False,True,False,44561507=>111670371,False,triage_V6_uniform_s1236_INSTR_WORD_MOD_step357_is1236008752
V6_uniform,1236,8907,INSTR_WORD_MOD,3561,1236008907,accepted_noop,,False,False,False,False,False,115=>1139,False,triage_V6_uniform_s1236_INSTR_WORD_MOD_step3561_is1236008907
V6_uniform,1235,4133,POST_EXEC_PC_MOD,949,1235004133,accepted_noop,cf_inert,False,False,False,False,False,2109880=>2109884,False,triage_V6_uniform_s1235_POST_EXEC_PC_MOD_step949_is1235004133
V6_uniform,1235,3049,POST_EXEC_PC_MOD,942,1235003049,accepted_noop,cf_inert,False,False,False,False,False,2122152=>2122156,False,triage_V6_uniform_s1235_POST_EXEC_PC_MOD_step942_is1235003049
V6_uniform,1235,6485,POST_EXEC_PC_MOD,93,1235006485,accepted_noop,cf_inert,False,False,False,False,False,2110120=>2110124,False,triage_V6_uniform_s1235_POST_EXEC_PC_MOD_step93_is1235006485
V6_uniform,1235,5628,POST_EXEC_PC_MOD,3748,1235005628,accepted_noop,cf_inert,False,False,False,False,False,2110012=>2110016,False,triage_V6_uniform_s1235_POST_EXEC_PC_MOD_step3748_is1235005628
V6_uniform,1235,6564,POST_EXEC_PC_MOD,3794,1235006564,accepted_noop,cf_inert,False,False,False,False,False,2119600=>2119604,False,triage_V6_uniform_s1235_POST_EXEC_PC_MOD_step3794_is1235006564
V6_uniform,1235,5651,POST_EXEC_PC_MOD,3793,1235005651,accepted_noop,cf_inert,False,False,False,False,False,2119596=>2119600,False,triage_V6_uniform_s1235_POST_EXEC_PC_MOD_step3793_is1235005651
V6_uniform,1235,5156,POST_EXEC_PC_MOD,3793,1235005156,accepted_noop,cf_inert,False,False,False,False,False,2119596=>2119600,False,triage_V6_uniform_s1235_POST_EXEC_PC_MOD_step3793_is1235005156
V6_uniform,1235,9824,POST_EXEC_PC_MOD,3786,1235009824,accepted_noop,cf_inert,False,False,False,False,False,2119568=>2119572,False,triage_V6_uniform_s1235_POST_EXEC_PC_MOD_step3786_is1235009824
V6_uniform,1235,6029,POST_EXEC_PC_MOD,3784,1235006029,accepted_noop,cf_inert,False,False,False,False,False,2119560=>2119564,False,triage_V6_uniform_s1235_POST_EXEC_PC_MOD_step3784_is1235006029
V6_uniform,1235,5307,POST_EXEC_PC_MOD,3763,1235005307,accepted_noop,cf_inert,False,False,False,False,False,2110072=>2110076,False,triage_V6_uniform_s1235_POST_EXEC_PC_MOD_step3763_is1235005307
V6_uniform,1235,2917,POST_EXEC_PC_MOD,3756,1235002917,accepted_noop,cf_inert,False,False,False,False,False,2110044=>2110048,False,triage_V6_uniform_s1235_POST_EXEC_PC_MOD_step3756_is1235002917
V6_uniform,1235,6550,POST_EXEC_PC_MOD,3749,1235006550,accepted_noop,cf_inert,False,False,False,False,False,2110016=>2110020,False,triage_V6_uniform_s1235_POST_EXEC_PC_MOD_step3749_is1235006550
V6_uniform,1235,288,POST_EXEC_PC_MOD,3733,1235000288,accepted_noop,cf_inert,False,False,False,False,False,2109952=>2109956,False,triage_V6_uniform_s1235_POST_EXEC_PC_MOD_step3733_is1235000288
V6_uniform,1235,7468,POST_EXEC_PC_MOD,3929,1235007468,accepted_noop,cf_inert,False,False,False,False,False,3221225592=>3221225596,False,triage_V6_uniform_s1235_POST_EXEC_PC_MOD_step3929_is1235007468
V6_uniform,1235,9082,POST_EXEC_PC_MOD,3714,1235009082,accepted_noop,cf_inert,False,False,False,False,True,2110952=>2110956,False,triage_V6_uniform_s1235_POST_EXEC_PC_MOD_step3714_is1235009082
V6_uniform,1235,2599,POST_EXEC_PC_MOD,3714,1235002599,accepted_noop,cf_inert,False,False,False,False,True,2110952=>2110956,False,triage_V6_uniform_s1235_POST_EXEC_PC_MOD_step3714_is1235002599
V6_uniform,1235,1802,POST_EXEC_PC_MOD,3713,1235001802,accepted_noop,cf_inert,False,False,False,False,False,2110948=>2110952,False,triage_V6_uniform_s1235_POST_EXEC_PC_MOD_step3713_is1235001802
V6_uniform,1235,7203,POST_EXEC_PC_MOD,370,1235007203,accepted_noop,cf_inert,False,False,False,False,False,3221225796=>3221225800,False,triage_V6_uniform_s1235_POST_EXEC_PC_MOD_step370_is1235007203
V6_uniform,1235,2587,POST_EXEC_PC_MOD,3646,1235002587,accepted_noop,cf_inert,False,False,False,False,False,2121220=>2121224,False,triage_V6_uniform_s1235_POST_EXEC_PC_MOD_step3646_is1235002587
V6_uniform,1235,2627,POST_EXEC_PC_MOD,3623,1235002627,accepted_noop,cf_inert,False,False,False,False,False,2119296=>2119300,False,triage_V6_uniform_s1235_POST_EXEC_PC_MOD_step3623_is1235002627
V6_uniform,1235,8970,POST_EXEC_PC_MOD,3622,1235008970,accepted_noop,cf_inert,False,False,False,False,False,2119292=>2119296,False,triage_V6_uniform_s1235_POST_EXEC_PC_MOD_step3622_is1235008970
V6_uniform,1235,2360,POST_EXEC_PC_MOD,3568,1235002360,accepted_noop,cf_inert,False,False,False,False,False,3221225840=>3221225844,False,triage_V6_uniform_s1235_POST_EXEC_PC_MOD_step3568_is1235002360
V6_uniform,1235,8606,POST_EXEC_PC_MOD,3812,1235008606,accepted_noop,cf_inert,False,False,False,False,False,3221225588=>3221225592,False,triage_V6_uniform_s1235_POST_EXEC_PC_MOD_step3812_is1235008606
V6_uniform,1235,7078,POST_EXEC_PC_MOD,393,1235007078,accepted_noop,cf_inert,False,False,False,False,False,2109928=>2109932,False,triage_V6_uniform_s1235_POST_EXEC_PC_MOD_step393_is1235007078
V6_uniform,1235,5465,POST_EXEC_PC_MOD,93,1235005465,accepted_noop,cf_inert,False,False,False,False,False,2110120=>2110124,False,triage_V6_uniform_s1235_POST_EXEC_PC_MOD_step93_is1235005465
V6_uniform,1235,466,POST_EXEC_PC_MOD,707,1235000466,accepted_noop,cf_inert,False,False,False,False,False,2122168=>2122172,False,triage_V6_uniform_s1235_POST_EXEC_PC_MOD_step707_is1235000466
V6_uniform,1235,8033,POST_EXEC_PC_MOD,933,1235008033,accepted_noop,cf_inert,False,False,False,False,False,3221225804=>3221225808,False,triage_V6_uniform_s1235_POST_EXEC_PC_MOD_step933_is1235008033
V6_uniform,1235,4327,POST_EXEC_PC_MOD,932,1235004327,accepted_noop,cf_inert,False,False,False,False,False,3221225800=>3221225804,False,triage_V6_uniform_s1235_POST_EXEC_PC_MOD_step932_is1235004327
V6_uniform,1235,9510,POST_EXEC_PC_MOD,905,1235009510,accepted_noop,cf_inert,False,False,False,False,False,2122036=>2122040,False,triage_V6_uniform_s1235_POST_EXEC_PC_MOD_step905_is1235009510
V6_uniform,1235,2545,POST_EXEC_PC_MOD,84,1235002545,accepted_noop,cf_inert,False,False,False,False,False,2110084=>2110088,False,triage_V6_uniform_s1235_POST_EXEC_PC_MOD_step84_is1235002545
V6_uniform,1235,5704,POST_EXEC_PC_MOD,842,1235005704,accepted_noop,cf_inert,False,False,False,False,False,3221225588=>3221225592,False,triage_V6_uniform_s1235_POST_EXEC_PC_MOD_step842_is1235005704
V6_uniform,1235,2076,POST_EXEC_PC_MOD,785,1235002076,accepted_noop,cf_inert,False,False,False,False,False,2122164=>2122168,False,triage_V6_uniform_s1235_POST_EXEC_PC_MOD_step785_is1235002076
V6_uniform,1235,9544,POST_EXEC_PC_MOD,758,1235009544,accepted_noop,cf_inert,False,False,False,False,False,2122088=>2122092,False,triage_V6_uniform_s1235_POST_EXEC_PC_MOD_step758_is1235009544
V6_uniform,1235,2170,POST_EXEC_PC_MOD,74,1235002170,accepted_noop,cf_inert,False,False,False,False,False,2110044=>2110048,False,triage_V6_uniform_s1235_POST_EXEC_PC_MOD_step74_is1235002170
V6_uniform,1235,1193,POST_EXEC_PC_MOD,704,1235001193,accepted_noop,cf_inert,False,False,False,False,False,2122156=>2122160,False,triage_V6_uniform_s1235_POST_EXEC_PC_MOD_step704_is1235001193
V6_uniform,1235,2015,POST_EXEC_PC_MOD,451,1235002015,accepted_noop,cf_inert,False,False,False,False,False,3221225800=>3221225804,False,triage_V6_uniform_s1235_POST_EXEC_PC_MOD_step451_is1235002015
V6_uniform,1235,6339,POST_EXEC_PC_MOD,69,1235006339,accepted_noop,cf_inert,False,False,False,False,False,2110024=>2110028,False,triage_V6_uniform_s1235_POST_EXEC_PC_MOD_step69_is1235006339
V6_uniform,1235,849,POST_EXEC_PC_MOD,683,1235000849,accepted_noop,cf_inert,False,False,False,False,False,3221225588=>3221225592,False,triage_V6_uniform_s1235_POST_EXEC_PC_MOD_step683_is1235000849
V6_uniform,1235,9764,POST_EXEC_PC_MOD,663,1235009764,accepted_noop,cf_inert,False,False,False,False,False,2109872=>2109876,False,triage_V6_uniform_s1235_POST_EXEC_PC_MOD_step663_is1235009764
V6_uniform,1235,2799,POST_EXEC_PC_MOD,633,1235002799,accepted_noop,cf_inert,False,False,False,False,False,2109920=>2109924,False,triage_V6_uniform_s1235_POST_EXEC_PC_MOD_step633_is1235002799
V6_uniform,1235,4371,POST_EXEC_PC_MOD,579,1235004371,accepted_noop,cf_inert,False,False,False,False,False,2109856=>2109860,False,triage_V6_uniform_s1235_POST_EXEC_PC_MOD_step579_is1235004371
V6_uniform,1235,353,POST_EXEC_PC_MOD,540,1235000353,accepted_noop,cf_inert,False,False,False,False,False,2122148=>2122152,False,triage_V6_uniform_s1235_POST_EXEC_PC_MOD_step540_is1235000353
V6_uniform,1235,750,POST_EXEC_PC_MOD,521,1235000750,accepted_noop,cf_inert,False,False,False,False,False,3221225588=>3221225592,False,triage_V6_uniform_s1235_POST_EXEC_PC_MOD_step521_is1235000750
V6_uniform,1235,3349,POST_EXEC_PC_MOD,456,1235003349,accepted_noop,cf_inert,False,False,False,False,False,3221225820=>3221225824,False,triage_V6_uniform_s1235_POST_EXEC_PC_MOD_step456_is1235003349
V6_cTS,1236,6216,POST_EXEC_PC_MOD,933,1236006216,accepted_noop,cf_inert,False,False,False,False,False,3221225804=>3221225808,False,triage_V6_cTS_s1236_POST_EXEC_PC_MOD_step933_is1236006216
V6_uniform,1236,7061,POST_EXEC_PC_MOD,984,1236007061,accepted_noop,cf_inert,False,False,False,False,False,2109872=>2109876,False,triage_V6_uniform_s1236_POST_EXEC_PC_MOD_step984_is1236007061
V6_cTS,1234,3518,POST_EXEC_PC_MOD,2076,1234003518,accepted_noop,cf_inert,False,False,False,False,False,3221225804=>3221225808,False,triage_V6_cTS_s1234_POST_EXEC_PC_MOD_step2076_is1234003518
V6_cTS,1234,7089,INSTR_WORD_MOD,3279,1234007089,accepted_propagated_candidate,weak,True,False,False,True,False,515563619=>515564131,False,triage_V6_cTS_s1234_INSTR_WORD_MOD_step3279_is1234007089
V6_cTS,1234,2164,INSTR_WORD_MOD,2796,1234002164,accepted_noop,cosmetic,True,False,False,True,False,362083=>1074103907,False,triage_V6_cTS_s1234_INSTR_WORD_MOD_step2796_is1234002164
V6_cTS,1234,4472,INSTR_WORD_MOD,2776,1234004472,accepted_noop,word_truncated,True,False,False,True,True,10560035=>10560291,False,triage_V6_cTS_s1234_INSTR_WORD_MOD_step2776_is1234004472
V6_cTS,1234,3408,INSTR_WORD_MOD,276,1234003408,accepted_noop,cosmetic,True,False,False,True,False,44561507=>581432419,False,triage_V6_cTS_s1234_INSTR_WORD_MOD_step276_is1234003408
V6_cTS,1234,33,INSTR_WORD_MOD,2726,1234000033,accepted_noop,cosmetic,True,False,False,True,False,67437667=>100992099,False,triage_V6_cTS_s1234_INSTR_WORD_MOD_step2726_is1234000033
V6_cTS,1234,7727,INSTR_WORD_MOD,2706,1234007727,accepted_noop,word_truncated,True,False,False,True,True,75011=>2172163,False,triage_V6_cTS_s1234_INSTR_WORD_MOD_step2706_is1234007727
V6_cTS,1234,5952,INSTR_WORD_MOD,2701,1234005952,accepted_noop,word_truncated,True,False,False,True,True,270371=>270499,False,triage_V6_cTS_s1234_INSTR_WORD_MOD_step2701_is1234005952
V6_cTS,1234,7200,INSTR_WORD_MOD,2700,1234007200,accepted_noop,,False,False,False,False,False,32871=>36967,False,triage_V6_cTS_s1234_INSTR_WORD_MOD_step2700_is1234007200
V6_cTS,1234,470,INSTR_WORD_MOD,2651,1234000470,accepted_noop,cosmetic,True,False,False,True,False,47584355=>2195068003,False,triage_V6_cTS_s1234_INSTR_WORD_MOD_step2651_is1234000470
V6_cTS,1234,3239,INSTR_WORD_MOD,2607,1234003239,accepted_noop,word_truncated,True,False,False,True,True,145828899=>145829155,False,triage_V6_cTS_s1234_INSTR_WORD_MOD_step2607_is1234003239
V6_cTS,1234,2067,INSTR_WORD_MOD,2552,1234002067,accepted_noop,cosmetic,True,False,False,True,False,818256995=>281386083,False,triage_V6_cTS_s1234_INSTR_WORD_MOD_step2552_is1234002067
V6_cTS,1234,4813,INSTR_WORD_MOD,2550,1234004813,accepted_noop,,False,False,False,False,False,32871=>41063,False,triage_V6_cTS_s1234_INSTR_WORD_MOD_step2550_is1234004813
V6_cTS,1234,10000,INSTR_WORD_MOD,2540,1234010000,accepted_noop,word_truncated,True,False,False,True,True,21046403=>23143555,False,triage_V6_cTS_s1234_INSTR_WORD_MOD_step2540_is1234010000
V6_cTS,1234,7539,INSTR_WORD_MOD,2539,1234007539,accepted_noop,word_truncated,True,False,False,True,True,25240579=>27337731,False,triage_V6_cTS_s1234_INSTR_WORD_MOD_step2539_is1234007539
V6_cTS,1234,471,INSTR_WORD_MOD,2535,1234000471,accepted_noop,,False,False,False,False,False,807403635=>807404147,False,triage_V6_cTS_s1234_INSTR_WORD_MOD_step2535_is1234000471
V6_cTS,1234,4805,INSTR_WORD_MOD,2534,1234004805,accepted_noop,,False,False,False,False,False,32871=>41063,False,triage_V6_cTS_s1234_INSTR_WORD_MOD_step2534_is1234004805
V6_cTS,1234,4821,INSTR_WORD_MOD,2507,1234004821,accepted_noop,cosmetic,True,False,False,True,False,19224675=>86333539,False,triage_V6_cTS_s1234_INSTR_WORD_MOD_step2507_is1234004821
V6_cTS,1234,5218,INSTR_WORD_MOD,2506,1234005218,accepted_noop,word_truncated,True,False,False,True,True,21112067=>23209219,False,triage_V6_cTS_s1234_INSTR_WORD_MOD_step2506_is1234005218
V6_cTS,1234,3452,INSTR_WORD_MOD,2505,1234003452,accepted_noop,,False,False,False,False,False,115=>627,False,triage_V6_cTS_s1234_INSTR_WORD_MOD_step2505_is1234003452
V6_cTS,1234,8696,INSTR_WORD_MOD,2477,1234008696,accepted_noop,word_truncated,True,False,False,True,True,1069950467=>1070999043,False,triage_V6_cTS_s1234_INSTR_WORD_MOD_step2477_is1234008696
V6_cTS,1234,3419,INSTR_WORD_MOD,2805,1234003419,accepted_noop,word_truncated,True,False,False,True,True,8726659=>10823811,False,triage_V6_cTS_s1234_INSTR_WORD_MOD_step2805_is1234003419
V6_cTS,1234,7724,INSTR_WORD_MOD,2816,1234007724,accepted_noop,cosmetic,True,False,False,True,False,67470435=>1141212259,False,triage_V6_cTS_s1234_INSTR_WORD_MOD_step2816_is1234007724
V6_cTS,1234,7734,INSTR_WORD_MOD,2850,1234007734,accepted_noop,word_truncated,True,False,False,True,True,46212355=>48309507,False,triage_V6_cTS_s1234_INSTR_WORD_MOD_step2850_is1234007734
V6_cTS,1234,5101,INSTR_WORD_MOD,3112,1234005101,accepted_propagated_candidate,weak,True,False,False,True,False,116811363=>653682275,False,triage_V6_cTS_s1234_INSTR_WORD_MOD_step3112_is1234005101
V6_cTS,1234,4684,INSTR_WORD_MOD,320,1234004684,accepted_noop,cosmetic,True,False,False,True,False,1186271331=>1186271459,False,triage_V6_cTS_s1234_INSTR_WORD_MOD_step320_is1234004684
V6_cTS,1234,4706,INSTR_WORD_MOD,3201,1234004706,accepted_noop,word_truncated,True,False,False,True,True,33630979=>35728131,False,triage_V6_cTS_s1234_INSTR_WORD_MOD_step3201_is1234004706
V6_cTS,1234,3952,INSTR_WORD_MOD,3190,1234003952,accepted_noop,cosmetic,True,False,False,True,False,67863139=>604734051,False,triage_V6_cTS_s1234_INSTR_WORD_MOD_step3190_is1234003952
V6_cTS,1234,4572,INSTR_WORD_MOD,3186,1234004572,accepted_noop,,False,False,False,False,False,807403635=>824180851,False,triage_V6_cTS_s1234_INSTR_WORD_MOD_step3186_is1234004572
V6_cTS,1234,1733,INSTR_WORD_MOD,3182,1234001733,accepted_noop,,False,False,False,False,False,115=>65651,False,triage_V6_cTS_s1234_INSTR_WORD_MOD_step3182_is1234001733
V6_cTS,1234,7429,INSTR_WORD_MOD,3161,1234007429,accepted_noop,,False,False,False,False,False,360551=>376935,False,triage_V6_cTS_s1234_INSTR_WORD_MOD_step3161_is1234007429
V6_cTS,1234,4382,INSTR_WORD_MOD,3157,1234004382,accepted_noop,word_truncated,True,False,False,True,True,21112067=>22160643,False,triage_V6_cTS_s1234_INSTR_WORD_MOD_step3157_is1234004382
V6_cTS,1234,2360,INSTR_WORD_MOD,3156,1234002360,accepted_noop,,False,False,False,False,False,115=>262515,False,triage_V6_cTS_s1234_INSTR_WORD_MOD_step3156_is1234002360
V6_cTS,1234,4579,INSTR_WORD_MOD,3089,1234004579,accepted_propagated_candidate,weak,True,False,False,True,False,216425571=>82207843,False,triage_V6_cTS_s1234_INSTR_WORD_MOD_step3089_is1234004579
V6_cTS,1234,4350,INSTR_WORD_MOD,2904,1234004350,accepted_noop,word_truncated,True,False,False,True,True,19998243=>19998499,False,triage_V6_cTS_s1234_INSTR_WORD_MOD_step2904_is1234004350
V6_cTS,1234,6572,INSTR_WORD_MOD,3057,1234006572,accepted_propagated_candidate,weak,True,False,False,True,False,4617619=>273053075,False,triage_V6_cTS_s1234_INSTR_WORD_MOD_step3057_is1234006572
V6_cTS,1234,2987,INSTR_WORD_MOD,3050,1234002987,accepted_noop,cosmetic,True,False,False,True,False,364131=>33918563,False,triage_V6_cTS_s1234_INSTR_WORD_MOD_step3050_is1234002987
V6_cTS,1234,3715,INSTR_WORD_MOD,2995,1234003715,accepted_propagated_candidate,weak,True,False,False,True,False,156755555=>156757603,False,triage_V6_cTS_s1234_INSTR_WORD_MOD_step2995_is1234003715
V6_cTS,1234,7410,INSTR_WORD_MOD,2979,1234007410,accepted_noop,word_truncated,True,False,False,True,True,24194595=>24194851,False,triage_V6_cTS_s1234_INSTR_WORD_MOD_step2979_is1234007410
V6_cTS,1234,5926,INSTR_WORD_MOD,296,1234005926,accepted_noop,,False,False,False,False,False,807403635=>807469171,False,triage_V6_cTS_s1234_INSTR_WORD_MOD_step296_is1234005926
V6_cTS,1234,8192,INSTR_WORD_MOD,295,1234008192,accepted_noop,,False,False,False,False,False,115=>32883,False,triage_V6_cTS_s1234_INSTR_WORD_MOD_step295_is1234008192
V6_cTS,1234,4765,INSTR_WORD_MOD,2920,1234004765,accepted_noop,cosmetic,True,False,False,True,False,235212387=>168103523,False,triage_V6_cTS_s1234_INSTR_WORD_MOD_step2920_is1234004765
V6_cTS,1234,6284,INSTR_WORD_MOD,290,1234006284,accepted_propagated_candidate,weak,True,False,False,True,False,13233763=>13232227,False,triage_V6_cTS_s1234_INSTR_WORD_MOD_step290_is1234006284
V6_cTS,1234,5103,INSTR_WORD_MOD,2419,1234005103,accepted_noop,,False,False,False,False,False,32871=>41063,False,triage_V6_cTS_s1234_INSTR_WORD_MOD_step2419_is1234005103
V6_cTS,1234,9527,INSTR_WORD_MOD,2411,1234009527,accepted_noop,word_truncated,True,False,False,True,True,11970083=>11970339,False,triage_V6_cTS_s1234_INSTR_WORD_MOD_step2411_is1234009527
V6_cTS,1234,5333,INSTR_WORD_MOD,2386,1234005333,accepted_propagated_candidate,weak,True,False,False,True,False,150364771=>2297848419,False,triage_V6_cTS_s1234_INSTR_WORD_MOD_step2386_is1234005333
V6_cTS,1234,5411,INSTR_WORD_MOD,1651,1234005411,accepted_noop,word_truncated,True,False,False,True,True,4564355=>5612931,False,triage_V6_cTS_s1234_INSTR_WORD_MOD_step1651_is1234005411
V6_cTS,1234,3722,INSTR_WORD_MOD,1913,1234003722,accepted_noop,word_truncated,True,False,False,True,True,1125923=>1126179,False,triage_V6_cTS_s1234_INSTR_WORD_MOD_step1913_is1234003722
V6_cTS,1234,5199,INSTR_WORD_MOD,1879,1234005199,accepted_noop,,False,False,False,False,False,807403635=>807927923,False,triage_V6_cTS_s1234_INSTR_WORD_MOD_step1879_is1234005199
V6_cTS,1234,1613,INSTR_WORD_MOD,1878,1234001613,accepted_noop,,False,False,False,False,False,115=>627,False,triage_V6_cTS_s1234_INSTR_WORD_MOD_step1878_is1234001613
V6_cTS,1234,6234,INSTR_WORD_MOD,1874,1234006234,accepted_noop,,False,False,False,False,False,115=>131187,False,triage_V6_cTS_s1234_INSTR_WORD_MOD_step1874_is1234006234
V6_cTS,1234,3932,INSTR_WORD_MOD,1850,1234003932,accepted_noop,cosmetic,True,False,False,True,False,4261811427=>4261811939,False,triage_V6_cTS_s1234_INSTR_WORD_MOD_step1850_is1234003932
V6_cTS,1234,7464,INSTR_WORD_MOD,175,1234007464,accepted_noop,,False,False,False,False,False,807403635=>807534707,False,triage_V6_cTS_s1234_INSTR_WORD_MOD_step175_is1234007464
V6_cTS,1234,70,INSTR_WORD_MOD,174,1234000070,accepted_noop,,False,False,False,False,False,115=>371,False,triage_V6_cTS_s1234_INSTR_WORD_MOD_step174_is1234000070
V6_cTS,1234,512,INSTR_WORD_MOD,170,1234000512,accepted_noop,,False,False,False,False,False,115=>371,False,triage_V6_cTS_s1234_INSTR_WORD_MOD_step170_is1234000512
V6_cTS,1234,39,INSTR_WORD_MOD,1648,1234000039,accepted_noop,cosmetic,True,False,False,True,False,367715=>365667,False,triage_V6_cTS_s1234_INSTR_WORD_MOD_step1648_is1234000039
V6_cTS,1234,1487,INSTR_WORD_MOD,19,1234001487,accepted_noop,,False,False,False,False,False,807403635=>824180851,False,triage_V6_cTS_s1234_INSTR_WORD_MOD_step19_is1234001487
V6_cTS,1234,6369,INSTR_WORD_MOD,1615,1234006369,accepted_noop,,False,False,False,False,False,201359591=>201367783,False,triage_V6_cTS_s1234_INSTR_WORD_MOD_step1615_is1234006369
V6_cTS,1234,8360,INSTR_WORD_MOD,1603,1234008360,accepted_noop,,False,False,False,False,False,32871=>49255,False,triage_V6_cTS_s1234_INSTR_WORD_MOD_step1603_is1234008360
V6_cTS,1234,467,INSTR_WORD_MOD,157,1234000467,accepted_noop,,False,False,False,False,False,115=>1139,False,triage_V6_cTS_s1234_INSTR_WORD_MOD_step157_is1234000467
V6_cTS,1234,1719,INSTR_WORD_MOD,1550,1234001719,accepted_noop,cosmetic,True,False,False,True,False,15113827=>15114083,False,triage_V6_cTS_s1234_INSTR_WORD_MOD_step1550_is1234001719
V6_cTS,1234,1836,INSTR_WORD_MOD,1396,1234001836,accepted_noop,cosmetic,True,False,False,True,False,15113827=>15114083,False,triage_V6_cTS_s1234_INSTR_WORD_MOD_step1396_is1234001836
V6_cTS,1234,2482,INSTR_WORD_MOD,1328,1234002482,accepted_propagated_candidate,weak,True,False,False,True,False,4240829155=>4240827107,False,triage_V6_cTS_s1234_INSTR_WORD_MOD_step1328_is1234002482
V6_cTS,1234,4800,INSTR_WORD_MOD,1288,1234004800,accepted_propagated_candidate,weak,True,False,False,True,False,3601811=>1077343635,False,triage_V6_cTS_s1234_INSTR_WORD_MOD_step1288_is1234004800
V6_cTS,1234,8716,INSTR_WORD_MOD,1251,1234008716,accepted_noop,word_truncated,True,False,False,True,True,12656771=>14753923,False,triage_V6_cTS_s1234_INSTR_WORD_MOD_step1251_is1234008716
V6_cTS,1234,2243,INSTR_WORD_MOD,1946,1234002243,accepted_noop,cosmetic,True,False,False,True,False,111418979=>1185160803,False,triage_V6_cTS_s1234_INSTR_WORD_MOD_step1946_is1234002243
V6_cTS,1234,4571,INSTR_WORD_MOD,2006,1234004571,accepted_noop,cosmetic,True,False,False,True,False,15113827=>2162597475,False,triage_V6_cTS_s1234_INSTR_WORD_MOD_step2006_is1234004571
V6_cTS,1234,1642,INSTR_WORD_MOD,2369,1234001642,accepted_propagated_candidate,weak,True,False,False,True,False,216425571=>149316707,False,triage_V6_cTS_s1234_INSTR_WORD_MOD_step2369_is1234001642
V6_cTS,1234,9349,INSTR_WORD_MOD,2151,1234009349,accepted_propagated_candidate,weak,True,False,False,True,False,11986019=>11986147,False,triage_V6_cTS_s1234_INSTR_WORD_MOD_step2151_is1234009349
V6_cTS,1234,5340,INSTR_WORD_MOD,2366,1234005340,accepted_propagated_candidate,weak,True,False,False,True,False,4273377059=>4273376803,False,triage_V6_cTS_s1234_INSTR_WORD_MOD_step2366_is1234005340
V6_cTS,1234,2273,INSTR_WORD_MOD,2363,1234002273,accepted_propagated_candidate,weak,True,False,False,True,False,249978979=>249981027,False,triage_V6_cTS_s1234_INSTR_WORD_MOD_step2363_is1234002273
V6_cTS,1234,2695,INSTR_WORD_MOD,2321,1234002695,accepted_noop,cosmetic,True,False,False,True,False,369459811=>369459939,False,triage_V6_cTS_s1234_INSTR_WORD_MOD_step2321_is1234002695
V6_cTS,1234,1879,INSTR_WORD_MOD,2311,1234001879,accepted_propagated_candidate,weak,True,False,False,True,False,4240829155=>4106611427,False,triage_V6_cTS_s1234_INSTR_WORD_MOD_step2311_is1234001879
V6_cTS,1234,5613,INSTR_WORD_MOD,2291,1234005613,accepted_noop,word_truncated,True,False,False,True,True,13050499=>14099075,False,triage_V6_cTS_s1234_INSTR_WORD_MOD_step2291_is1234005613
V6_cTS,1234,7292,INSTR_WORD_MOD,2262,1234007292,accepted_propagated_candidate,weak,True,False,False,True,False,45509731=>45509987,False,triage_V6_cTS_s1234_INSTR_WORD_MOD_step2262_is1234007292
V6_cTS,1234,5222,INSTR_WORD_MOD,2260,1234005222,accepted_noop,cosmetic,True,False,False,True,False,4094005987=>4094005475,False,triage_V6_cTS_s1234_INSTR_WORD_MOD_step2260_is1234005222
V6_cTS,1234,9977,INSTR_WORD_MOD,2182,1234009977,accepted_noop,word_truncated,True,False,False,True,True,16066595=>16066851,False,triage_V6_cTS_s1234_INSTR_WORD_MOD_step2182_is1234009977
V6_cTS,1234,2375,INSTR_WORD_MOD,213,1234002375,accepted_noop,cosmetic,True,False,False,True,False,134745699=>527971,False,triage_V6_cTS_s1234_INSTR_WORD_MOD_step213_is1234002375
V6_cTS,1234,6875,INSTR_WORD_MOD,2013,1234006875,accepted_noop,cosmetic,True,False,False,True,False,15113827=>1357290595,False,triage_V6_cTS_s1234_INSTR_WORD_MOD_step2013_is1234006875
V6_cTS,1234,4663,INSTR_WORD_MOD,208,1234004663,accepted_noop,word_truncated,True,False,False,True,True,1212655235=>1214752387,False,triage_V6_cTS_s1234_INSTR_WORD_MOD_step208_is1234004663
V6_cTS,1234,6682,INSTR_WORD_MOD,2086,1234006682,accepted_noop,word_truncated,True,False,False,True,True,12659075=>14756227,False,triage_V6_cTS_s1234_INSTR_WORD_MOD_step2086_is1234006682
V6_cTS,1234,6550,INSTR_WORD_MOD,2081,1234006550,accepted_noop,,False,False,False,False,False,807403635=>805306483,False,triage_V6_cTS_s1234_INSTR_WORD_MOD_step2081_is1234006550
V6_cTS,1234,2345,INSTR_WORD_MOD,2080,1234002345,accepted_noop,,False,False,False,False,False,115=>243,False,triage_V6_cTS_s1234_INSTR_WORD_MOD_step2080_is1234002345
V6_cTS,1234,3307,INSTR_WORD_MOD,2076,1234003307,accepted_noop,,False,False,False,False,False,115=>243,False,triage_V6_cTS_s1234_INSTR_WORD_MOD_step2076_is1234003307
V6_cTS,1234,4659,INSTR_WORD_MOD,2063,1234004659,accepted_noop,,False,False,False,False,False,115=>65651,False,triage_V6_cTS_s1234_INSTR_WORD_MOD_step2063_is1234004659
V6_cTS,1234,8474,INSTR_WORD_MOD,205,1234008474,accepted_noop,cosmetic,True,False,False,True,False,34052707=>34052195,False,triage_V6_cTS_s1234_INSTR_WORD_MOD_step205_is1234008474
V6_cTS,1234,1930,INSTR_WORD_MOD,2055,1234001930,accepted_noop,cosmetic,True,False,False,True,False,67440739=>335876195,False,triage_V6_cTS_s1234_INSTR_WORD_MOD_step2055_is1234001930
V6_cTS,1234,6965,INSTR_WORD_MOD,3266,1234006965,accepted_noop,cosmetic,True,False,False,True,False,4228187875=>4228186851,False,triage_V6_cTS_s1234_INSTR_WORD_MOD_step3266_is1234006965
V6_cTS,1234,7072,INSTR_WORD_MOD,3391,1234007072,accepted_propagated_candidate,weak,True,False,False,True,False,1471891=>538342803,False,triage_V6_cTS_s1234_INSTR_WORD_MOD_step3391_is1234007072
V6_cTS,1234,8267,INSTR_WORD_MOD,1194,1234008267,accepted_noop,word_truncated,True,False,False,True,True,20000291=>20000547,False,triage_V6_cTS_s1234_INSTR_WORD_MOD_step1194_is1234008267
V6_cTS,1234,3610,INSTR_WORD_MOD,3449,1234003610,accepted_propagated_candidate,weak,True,False,False,True,False,4240829155=>4240829411,False,triage_V6_cTS_s1234_INSTR_WORD_MOD_step3449_is1234003610
V6_cTS,1234,2068,INSTR_WORD_MOD,773,1234002068,accepted_noop,,False,False,False,False,False,115=>627,False,triage_V6_cTS_s1234_INSTR_WORD_MOD_step773_is1234002068
V6_cTS,1234,1778,INSTR_WORD_MOD,765,1234001778,accepted_noop,,False,False,False,False,False,360551=>376935,False,triage_V6_cTS_s1234_INSTR_WORD_MOD_step765_is1234001778
V6_cTS,1234,3927,INSTR_WORD_MOD,745,1234003927,accepted_noop,cosmetic,True,False,False,True,False,134416483=>134416739,False,triage_V6_cTS_s1234_INSTR_WORD_MOD_step745_is1234003927
V6_cTS,1234,5760,INSTR_WORD_MOD,721,1234005760,accepted_noop,cosmetic,True,False,False,True,False,860167779=>860166755,False,triage_V6_cTS_s1234_INSTR_WORD_MOD_step721_is1234005760
V6_cTS,1234,4171,INSTR_WORD_MOD,719,1234004171,accepted_noop,,False,False,False,False,False,32871=>36967,False,triage_V6_cTS_s1234_INSTR_WORD_MOD_step719_is1234004171
V6_cTS,1234,4241,INSTR_WORD_MOD,699,1234004241,accepted_noop,,False,False,False,False,False,807403635=>807665779,False,triage_V6_cTS_s1234_INSTR_WORD_MOD_step699_is1234004241
V6_cTS,1234,3716,INSTR_WORD_MOD,698,1234003716,accepted_noop,,False,False,False,False,False,115=>627,False,triage_V6_cTS_s1234_INSTR_WORD_MOD_step698_is1234003716
V6_cTS,1234,4770,INSTR_WORD_MOD,652,1234004770,accepted_noop,,False,False,False,False,False,2172682471=>2172686567,False,triage_V6_cTS_s1234_INSTR_WORD_MOD_step652_is1234004770
V6_cTS,1234,476,INSTR_WORD_MOD,643,1234000476,accepted_noop,cosmetic,True,False,False,True,False,927274083=>860165219,False,triage_V6_cTS_s1234_INSTR_WORD_MOD_step643_is1234000476
V6_cTS,1234,1931,INSTR_WORD_MOD,619,1234001931,accepted_noop,,False,False,False,False,False,807403635=>807405683,False,triage_V6_cTS_s1234_INSTR_WORD_MOD_step619_is1234001931
V6_cTS,1234,46,INSTR_WORD_MOD,618,1234000046,accepted_noop,,False,False,False,False,False,115=>243,False,triage_V6_cTS_s1234_INSTR_WORD_MOD_step618_is1234000046
V6_cTS,1234,7823,INSTR_WORD_MOD,614,1234007823,accepted_noop,,False,False,False,False,False,115=>32883,False,triage_V6_cTS_s1234_INSTR_WORD_MOD_step614_is1234007823
V6_cTS,1234,9670,INSTR_WORD_MOD,58,1234009670,accepted_propagated_candidate,weak,True,False,False,True,False,4273377059=>4273376803,False,triage_V6_cTS_s1234_INSTR_WORD_MOD_step58_is1234009670
V6_cTS,1234,2031,INSTR_WORD_MOD,586,1234002031,accepted_noop,cosmetic,True,False,False,True,False,134416483=>1208158307,False,triage_V6_cTS_s1234_INSTR_WORD_MOD_step586_is1234002031
V6_cTS,1234,6445,INSTR_WORD_MOD,561,1234006445,accepted_noop,cosmetic,True,False,False,True,False,984946275=>984945251,False,triage_V6_cTS_s1234_INSTR_WORD_MOD_step561_is1234006445
V6_cTS,1234,4145,INSTR_WORD_MOD,537,1234004145,accepted_noop,,False,False,False,False,False,807403635=>811597939,False,triage_V6_cTS_s1234_INSTR_WORD_MOD_step537_is1234004145
V6_cTS,1234,3397,INSTR_WORD_MOD,536,1234003397,accepted_noop,,False,False,False,False,False,115=>262259,False,triage_V6_cTS_s1234_INSTR_WORD_MOD_step536_is1234003397
V6_cTS,1234,2657,INSTR_WORD_MOD,532,1234002657,accepted_noop,,False,False,False,False,False,115=>627,False,triage_V6_cTS_s1234_INSTR_WORD_MOD_step532_is1234002657
V6_cTS,1234,76,INSTR_WORD_MOD,524,1234000076,accepted_noop,,False,False,False,False,False,360551=>376935,False,triage_V6_cTS_s1234_INSTR_WORD_MOD_step524_is1234000076
V6_cTS,1234,1548,INSTR_WORD_MOD,777,1234001548,accepted_noop,,False,False,False,False,False,115=>243,False,triage_V6_cTS_s1234_INSTR_WORD_MOD_step777_is1234001548
V6_cTS,1234,4163,INSTR_WORD_MOD,778,1234004163,accepted_noop,,False,False,False,False,False,807403635=>807534707,False,triage_V6_cTS_s1234_INSTR_WORD_MOD_step778_is1234004163
V6_cTS,1234,6266,INSTR_WORD_MOD,788,1234006266,accepted_noop,,False,False,False,False,False,32871=>49255,False,triage_V6_cTS_s1234_INSTR_WORD_MOD_step788_is1234006266
V6_cTS,1234,929,POST_EXEC_PC_MOD,0,1234000929,accepted_noop,cf_inert,False,False,False,False,False,3221225472=>3221225476,False,triage_V6_cTS_s1234_POST_EXEC_PC_MOD_step0_is1234000929
V6_cTS,1234,8968,POST_EXEC_PC_MOD,2047,1234008968,accepted_noop,cf_inert,False,False,False,False,False,2196672=>2196676,False,triage_V6_cTS_s1234_POST_EXEC_PC_MOD_step2047_is1234008968
V6_cTS,1234,190,POST_EXEC_PC_MOD,18,1234000190,accepted_noop,cf_inert,False,False,False,False,False,3221225544=>3221225548,False,triage_V6_cTS_s1234_POST_EXEC_PC_MOD_step18_is1234000190
V6_cTS,1234,1091,POST_EXEC_PC_MOD,1855,1234001091,accepted_noop,cf_inert,False,False,False,False,False,2121688=>2121692,False,triage_V6_cTS_s1234_POST_EXEC_PC_MOD_step1855_is1234001091
V6_cTS,1234,189,POST_EXEC_PC_MOD,1845,1234000189,accepted_noop,cf_inert,False,False,False,False,False,2196672=>2196676,False,triage_V6_cTS_s1234_POST_EXEC_PC_MOD_step1845_is1234000189
V6_cTS,1234,7856,POST_EXEC_PC_MOD,1242,1234007856,accepted_noop,cf_inert,False,False,False,False,False,2136692=>2136696,False,triage_V6_cTS_s1234_POST_EXEC_PC_MOD_step1242_is1234007856
V6_cTS,1234,1021,POST_EXEC_PC_MOD,1096,1234001021,accepted_noop,cf_inert,False,False,False,False,False,3221225588=>3221225592,False,triage_V6_cTS_s1234_POST_EXEC_PC_MOD_step1096_is1234001021
V6_cTS,1234,6996,POST_EXEC_PC_MOD,1086,1234006996,accepted_noop,cf_inert,False,False,False,False,False,2122540=>2122544,False,triage_V6_cTS_s1234_POST_EXEC_PC_MOD_step1086_is1234006996
V6_cTS,1234,1384,POST_EXEC_PC_MOD,0,1234001384,accepted_noop,cf_inert,False,False,False,False,False,3221225472=>3221225476,False,triage_V6_cTS_s1234_POST_EXEC_PC_MOD_step0_is1234001384
V6_cTS,1234,4345,INSTR_WORD_MOD,938,1234004345,accepted_noop,,False,False,False,False,False,807403635=>805306483,False,triage_V6_cTS_s1234_INSTR_WORD_MOD_step938_is1234004345
V6_cTS,1234,3067,INSTR_WORD_MOD,840,1234003067,accepted_noop,,False,False,False,False,False,115=>2163,False,triage_V6_cTS_s1234_INSTR_WORD_MOD_step840_is1234003067
V6_cTS,1234,3513,INSTR_WORD_MOD,937,1234003513,accepted_noop,,False,False,False,False,False,115=>262259,False,triage_V6_cTS_s1234_INSTR_WORD_MOD_step937_is1234003513
V6_cTS,1234,1177,INSTR_WORD_MOD,933,1234001177,accepted_noop,,False,False,False,False,False,115=>243,False,triage_V6_cTS_s1234_INSTR_WORD_MOD_step933_is1234001177
V6_cTS,1234,9798,INSTR_WORD_MOD,929,1234009798,accepted_noop,word_truncated,True,False,False,True,True,42083715=>43132291,False,triage_V6_cTS_s1234_INSTR_WORD_MOD_step929_is1234009798
V6_cTS,1234,8585,INSTR_WORD_MOD,918,1234008585,accepted_noop,cosmetic,True,False,False,True,False,44561507=>44562019,False,triage_V6_cTS_s1234_INSTR_WORD_MOD_step918_is1234008585
V6_cTS,1234,6642,INSTR_WORD_MOD,915,1234006642,accepted_noop,cosmetic,True,False,False,True,False,44266083=>1118007907,False,triage_V6_cTS_s1234_INSTR_WORD_MOD_step915_is1234006642
V6_cTS,1234,3210,INSTR_WORD_MOD,858,1234003210,accepted_noop,,False,False,False,False,False,807403635=>811597939,False,triage_V6_cTS_s1234_INSTR_WORD_MOD_step858_is1234003210
V6_cTS,1234,3634,INSTR_WORD_MOD,857,1234003634,accepted_noop,,False,False,False,False,False,115=>627,False,triage_V6_cTS_s1234_INSTR_WORD_MOD_step857_is1234003634
V6_cTS,1234,506,INSTR_WORD_MOD,842,1234000506,accepted_noop,cosmetic,True,False,False,True,False,19224675=>19224931,False,triage_V6_cTS_s1234_INSTR_WORD_MOD_step842_is1234000506
V6_cTS,1234,3515,INSTR_WORD_MOD,480,1234003515,accepted_noop,word_truncated,True,False,False,True,True,12657923=>13706499,False,triage_V6_cTS_s1234_INSTR_WORD_MOD_step480_is1234003515
V6_cTS,1234,5624,INSTR_WORD_MOD,465,1234005624,accepted_noop,cosmetic,True,False,False,True,False,4160954083=>3892518627,False,triage_V6_cTS_s1234_INSTR_WORD_MOD_step465_is1234005624
V6_cTS,1234,2548,INSTR_WORD_MOD,457,1234002548,accepted_noop,,False,False,False,False,False,807403635=>807927923,False,triage_V6_cTS_s1234_INSTR_WORD_MOD_step457_is1234002548
V6_cTS,1234,3857,INSTR_WORD_MOD,3732,1234003857,accepted_noop,cosmetic,True,False,False,True,False,235276899=>168168035,False,triage_V6_cTS_s1234_INSTR_WORD_MOD_step3732_is1234003857
V6_cTS,1234,3208,INSTR_WORD_MOD,3803,1234003208,accepted_noop,cosmetic,True,False,False,True,False,101090915=>2248574563,False,triage_V6_cTS_s1234_INSTR_WORD_MOD_step3803_is1234003208
V6_cTS,1234,5413,INSTR_WORD_MOD,3778,1234005413,accepted_noop,word_truncated,True,False,False,True,True,4273416227=>4273416355,False,triage_V6_cTS_s1234_INSTR_WORD_MOD_step3778_is1234005413
V6_cTS,1234,493,INSTR_WORD_MOD,3766,1234000493,accepted_propagated_candidate,weak,True,False,False,True,False,116811363=>83256931,False,triage_V6_cTS_s1234_INSTR_WORD_MOD_step3766_is1234000493
V6_cTS,1234,3436,INSTR_WORD_MOD,3761,1234003436,accepted_noop,word_truncated,True,False,False,True,True,11969059=>11969187,False,triage_V6_cTS_s1234_INSTR_WORD_MOD_step3761_is1234003436
V6_cTS,1234,1977,INSTR_WORD_MOD,3760,1234001977,accepted_propagated_candidate,weak,True,False,False,True,False,150364771=>150366819,False,triage_V6_cTS_s1234_INSTR_WORD_MOD_step3760_is1234001977
V6_cTS,1234,9980,INSTR_WORD_MOD,3747,1234009980,accepted_propagated_candidate,weak,True,False,False,True,False,183921763=>720792675,False,triage_V6_cTS_s1234_INSTR_WORD_MOD_step3747_is1234009980
V6_cTS,1234,7392,INSTR_WORD_MOD,3744,1234007392,accepted_propagated_candidate,weak,True,False,False,True,True,11862435=>11862179,False,triage_V6_cTS_s1234_INSTR_WORD_MOD_step3744_is1234007392
V6_cTS,1234,6674,INSTR_WORD_MOD,3737,1234006674,accepted_propagated_candidate,weak,True,False,False,True,False,249978979=>518414435,False,triage_V6_cTS_s1234_INSTR_WORD_MOD_step3737_is1234006674
V6_cTS,1234,4133,INSTR_WORD_MOD,372,1234004133,accepted_noop,,False,False,False,False,False,115=>524403,False,triage_V6_cTS_s1234_INSTR_WORD_MOD_step372_is1234004133
V6_cTS,1234,6569,INSTR_WORD_MOD,3823,1234006569,accepted_noop,,False,False,False,False,False,817922279=>817926375,False,triage_V6_cTS_s1234_INSTR_WORD_MOD_step3823_is1234006569
V6_cTS,1234,2091,INSTR_WORD_MOD,3591,1234002091,accepted_noop,,False,False,False,False,False,807403635=>805306483,False,triage_V6_cTS_s1234_INSTR_WORD_MOD_step3591_is1234002091
V6_cTS,1234,2547,INSTR_WORD_MOD,3563,1234002547,accepted_noop,cosmetic,True,False,False,True,False,19224675=>19224803,False,triage_V6_cTS_s1234_INSTR_WORD_MOD_step3563_is1234002547
V6_cTS,1234,8496,INSTR_WORD_MOD,3561,1234008496,accepted_noop,,False,False,False,False,False,115=>524403,False,triage_V6_cTS_s1234_INSTR_WORD_MOD_step3561_is1234008496
V6_cTS,1234,7655,INSTR_WORD_MOD,3553,1234007655,accepted_noop,,False,False,False,False,False,3644883175=>3644887271,False,triage_V6_cTS_s1234_INSTR_WORD_MOD_step3553_is1234007655
V6_cTS,1234,6028,INSTR_WORD_MOD,354,1234006028,accepted_noop,cosmetic,True,False,False,True,False,44266083=>44267107,False,triage_V6_cTS_s1234_INSTR_WORD_MOD_step354_is1234006028
V6_cTS,1234,5737,INSTR_WORD_MOD,3535,1234005737,accepted_noop,cosmetic,True,False,False,True,False,52794979=>321230435,False,triage_V6_cTS_s1234_INSTR_WORD_MOD_step3535_is1234005737
V6_cTS,1234,5550,INSTR_WORD_MOD,3503,1234005550,accepted_noop,,False,False,False,False,False,32871=>41063,False,triage_V6_cTS_s1234_INSTR_WORD_MOD_step3503_is1234005550
V6_cTS,1234,2962,INSTR_WORD_MOD,3500,1234002962,accepted_noop,cosmetic,True,False,False,True,False,235212387=>235211363,False,triage_V6_cTS_s1234_INSTR_WORD_MOD_step3500_is1234002962
V6_cTS,1234,1440,INSTR_WORD_MOD,3810,1234001440,accepted_noop,,False,False,False,False,False,115=>1139,False,triage_V6_cTS_s1234_INSTR_WORD_MOD_step3810_is1234001440
V6_cTS,1234,6773,INSTR_WORD_MOD,3840,1234006773,accepted_noop,,False,False,False,False,False,807403635=>807534707,False,triage_V6_cTS_s1234_INSTR_WORD_MOD_step3840_is1234006773
V6_cTS,1234,8996,INSTR_WORD_MOD,456,1234008996,accepted_noop,,False,False,False,False,False,115=>262259,False,triage_V6_cTS_s1234_INSTR_WORD_MOD_step456_is1234008996
V6_cTS,1234,4717,INSTR_WORD_MOD,3942,1234004717,accepted_noop,word_truncated,True,False,False,True,True,12755843=>14852995,False,triage_V6_cTS_s1234_INSTR_WORD_MOD_step3942_is1234004717
V6_cTS,1234,3449,INSTR_WORD_MOD,452,1234003449,accepted_noop,,False,False,False,False,False,115=>371,False,triage_V6_cTS_s1234_INSTR_WORD_MOD_step452_is1234003449
V6_cTS,1234,51,INSTR_WORD_MOD,3961,1234000051,accepted_noop,,False,False,False,False,False,115=>1139,False,triage_V6_cTS_s1234_INSTR_WORD_MOD_step3961_is1234000051
V6_cTS,1234,4603,INSTR_WORD_MOD,3958,1234004603,accepted_propagated_candidate,weak,True,False,False,True,False,267743891=>804614803,False,triage_V6_cTS_s1234_INSTR_WORD_MOD_step3958_is1234004603
V6_cTS,1234,888,INSTR_WORD_MOD,3956,1234000888,accepted_propagated_candidate,weak,True,False,False,True,False,267744531=>133526803,False,triage_V6_cTS_s1234_INSTR_WORD_MOD_step3956_is1234000888
V6_cTS,1234,3656,INSTR_WORD_MOD,3954,1234003656,accepted_propagated_candidate,weak,True,False,False,True,False,267777427=>804648339,False,triage_V6_cTS_s1234_INSTR_WORD_MOD_step3954_is1234003656
V6_cTS,1234,6387,INSTR_WORD_MOD,3951,1234006387,accepted_noop,word_truncated,True,False,False,True,True,7548451=>7548579,False,triage_V6_cTS_s1234_INSTR_WORD_MOD_step3951_is1234006387
V6_cTS,1234,5129,INSTR_WORD_MOD,3946,1234005129,accepted_noop,word_truncated,True,False,False,True,True,21144451=>24290179,False,triage_V6_cTS_s1234_INSTR_WORD_MOD_step3946_is1234005129
V6_cTS,1234,4921,INSTR_WORD_MOD,3944,1234004921,accepted_noop,word_truncated,True,False,False,True,True,16950147=>19047299,False,triage_V6_cTS_s1234_INSTR_WORD_MOD_step3944_is1234004921
V6_cTS,1234,54,INSTR_WORD_MOD,3939,1234000054,accepted_noop,word_truncated,True,False,False,True,True,7545379=>7545635,False,triage_V6_cTS_s1234_INSTR_WORD_MOD_step3939_is1234000054
V6_cTS,1234,7008,INSTR_WORD_MOD,3852,1234007008,accepted_noop,word_truncated,True,False,False,True,True,46213507=>48310659,False,triage_V6_cTS_s1234_INSTR_WORD_MOD_step3852_is1234007008
V6_cTS,1234,4086,INSTR_WORD_MOD,3938,1234004086,accepted_noop,word_truncated,True,False,False,True,True,4367235=>6464387,False,triage_V6_cTS_s1234_INSTR_WORD_MOD_step3938_is1234004086
V6_cTS,1234,2605,INSTR_WORD_MOD,3933,1234002605,accepted_noop,word_truncated,True,False,False,True,True,46277251=>47325827,False,triage_V6_cTS_s1234_INSTR_WORD_MOD_step3933_is1234002605
V6_cTS,1234,52,INSTR_WORD_MOD,3931,1234000052,accepted_noop,,False,False,False,False,False,360551=>364647,False,triage_V6_cTS_s1234_INSTR_WORD_MOD_step3931_is1234000052
V6_cTS,1234,1228,INSTR_WORD_MOD,3905,1234001228,accepted_noop,word_truncated,True,False,False,True,True,62991747=>64040323,False,triage_V6_cTS_s1234_INSTR_WORD_MOD_step3905_is1234001228
V6_cTS,1234,9418,INSTR_WORD_MOD,3894,1234009418,accepted_noop,word_truncated,True,False,False,True,True,109126659=>110175235,False,triage_V6_cTS_s1234_INSTR_WORD_MOD_step3894_is1234009418
V6_cTS,1234,2593,INSTR_WORD_MOD,3892,1234002593,accepted_noop,,False,False,False,False,False,32871=>36967,False,triage_V6_cTS_s1234_INSTR_WORD_MOD_step3892_is1234002593
V6_cTS,1234,9235,INSTR_WORD_MOD,387,1234009235,accepted_noop,,False,False,False,False,False,32871=>41063,False,triage_V6_cTS_s1234_INSTR_WORD_MOD_step387_is1234009235
V6_cTS,1234,7593,INSTR_WORD_MOD,385,1234007593,accepted_noop,cosmetic,True,False,False,True,False,4160954083=>4194508387,False,triage_V6_cTS_s1234_INSTR_WORD_MOD_step385_is1234007593
V6_cTS,1234,6571,INSTR_WORD_MOD,1216,1234006571,accepted_noop,word_truncated,True,False,False,True,True,336931=>337187,False,triage_V6_cTS_s1234_INSTR_WORD_MOD_step1216_is1234006571
V6_cTS,1234,6664,INSTR_WORD_MOD,1112,1234006664,accepted_noop,,False,False,False,False,False,807403635=>807927923,False,triage_V6_cTS_s1234_INSTR_WORD_MOD_step1112_is1234006664
Hybrid_cTS,1234,4453,INSTR_WORD_MOD,1000,1234004453,accepted_noop,cosmetic,True,False,False,True,False,44561507=>44563555,False,triage_Hybrid_cTS_s1234_INSTR_WORD_MOD_step1000_is1234004453
Hybrid_cTS,1235,4378,INSTR_WORD_MOD,1648,1235004378,accepted_noop,cosmetic,True,False,False,True,False,367715=>67476579,False,triage_Hybrid_cTS_s1235_INSTR_WORD_MOD_step1648_is1235004378
Hybrid_cTS,1234,90,INSTR_WORD_MOD,694,1234000090,accepted_noop,,False,False,False,False,False,115=>131187,False,triage_Hybrid_cTS_s1234_INSTR_WORD_MOD_step694_is1234000090
Hybrid_cTS,1234,2060,INSTR_WORD_MOD,682,1234002060,accepted_noop,word_truncated,True,False,False,True,True,21112067=>22160643,False,triage_Hybrid_cTS_s1234_INSTR_WORD_MOD_step682_is1234002060
Hybrid_cTS,1234,2987,INSTR_WORD_MOD,676,1234002987,accepted_noop,cosmetic,True,False,False,True,False,44266083=>10711651,False,triage_Hybrid_cTS_s1234_INSTR_WORD_MOD_step676_is1234002987
Hybrid_cTS,1234,8173,INSTR_WORD_MOD,618,1234008173,accepted_noop,,False,False,False,False,False,115=>131187,False,triage_Hybrid_cTS_s1234_INSTR_WORD_MOD_step618_is1234008173
Hybrid_cTS,1234,6754,INSTR_WORD_MOD,614,1234006754,accepted_noop,,False,False,False,False,False,115=>371,False,triage_Hybrid_cTS_s1234_INSTR_WORD_MOD_step614_is1234006754
Hybrid_cTS,1234,9869,INSTR_WORD_MOD,610,1234009869,accepted_noop,word_truncated,True,False,False,True,True,42083715=>43132291,False,triage_Hybrid_cTS_s1234_INSTR_WORD_MOD_step610_is1234009869
Hybrid_cTS,1234,7363,INSTR_WORD_MOD,609,1234007363,accepted_noop,word_truncated,True,False,False,True,True,50472195=>51520771,False,triage_Hybrid_cTS_s1234_INSTR_WORD_MOD_step609_is1234007363
Hybrid_cTS,1234,8872,INSTR_WORD_MOD,601,1234008872,accepted_noop,,False,False,False,False,False,115=>262259,False,triage_Hybrid_cTS_s1234_INSTR_WORD_MOD_step601_is1234008872
Hybrid_cTS,1234,8311,INSTR_WORD_MOD,537,1234008311,accepted_noop,,False,False,False,False,False,807403635=>807403763,False,triage_Hybrid_cTS_s1234_INSTR_WORD_MOD_step537_is1234008311
Hybrid_cTS,1234,549,INSTR_WORD_MOD,519,1234000549,accepted_noop,,False,False,False,False,False,115=>131187,False,triage_Hybrid_cTS_s1234_INSTR_WORD_MOD_step519_is1234000549
Hybrid_cTS,1234,4157,INSTR_WORD_MOD,452,1234004157,accepted_noop,,False,False,False,False,False,115=>627,False,triage_Hybrid_cTS_s1234_INSTR_WORD_MOD_step452_is1234004157
Hybrid_cTS,1234,9848,INSTR_WORD_MOD,451,1234009848,accepted_propagated_candidate,weak,True,False,False,True,False,13233763=>2160717411,False,triage_Hybrid_cTS_s1234_INSTR_WORD_MOD_step451_is1234009848
Hybrid_cTS,1234,375,INSTR_WORD_MOD,3961,1234000375,accepted_noop,,False,False,False,False,False,115=>131187,False,triage_Hybrid_cTS_s1234_INSTR_WORD_MOD_step3961_is1234000375
Hybrid_cTS,1234,4679,INSTR_WORD_MOD,3956,1234004679,accepted_propagated_candidate,weak,True,False,False,True,False,267744531=>133526803,False,triage_Hybrid_cTS_s1234_INSTR_WORD_MOD_step3956_is1234004679
Hybrid_cTS,1234,1714,INSTR_WORD_MOD,3943,1234001714,accepted_noop,word_truncated,True,False,False,True,True,7546403=>7546659,False,triage_Hybrid_cTS_s1234_INSTR_WORD_MOD_step3943_is1234001714
Hybrid_cTS,1234,3288,INSTR_WORD_MOD,3933,1234003288,accepted_noop,word_truncated,True,False,False,True,True,46277251=>47325827,False,triage_Hybrid_cTS_s1234_INSTR_WORD_MOD_step3933_is1234003288
Hybrid_cTS,1234,4177,INSTR_WORD_MOD,3926,1234004177,accepted_noop,,False,False,False,False,False,115=>32883,False,triage_Hybrid_cTS_s1234_INSTR_WORD_MOD_step3926_is1234004177
Hybrid_cTS,1234,3323,INSTR_WORD_MOD,3840,1234003323,accepted_noop,,False,False,False,False,False,807403635=>808452211,False,triage_Hybrid_cTS_s1234_INSTR_WORD_MOD_step3840_is1234003323
Hybrid_cTS,1234,5328,INSTR_WORD_MOD,376,1234005328,accepted_noop,,False,False,False,False,False,115=>627,False,triage_Hybrid_cTS_s1234_INSTR_WORD_MOD_step376_is1234005328
Hybrid_cTS,1234,348,INSTR_WORD_MOD,698,1234000348,accepted_noop,,False,False,False,False,False,115=>262259,False,triage_Hybrid_cTS_s1234_INSTR_WORD_MOD_step698_is1234000348
Hybrid_cTS,1234,132,INSTR_WORD_MOD,6,1234000132,accepted_noop,word_truncated,True,False,False,True,True,6463523=>6463651,False,triage_Hybrid_cTS_s1234_INSTR_WORD_MOD_step6_is1234000132
Hybrid_cTS,1234,5048,INSTR_WORD_MOD,721,1234005048,accepted_noop,cosmetic,True,False,False,True,False,860167779=>1933909603,False,triage_Hybrid_cTS_s1234_INSTR_WORD_MOD_step721_is1234005048
Hybrid_cTS,1234,1637,INSTR_WORD_MOD,920,1234001637,accepted_noop,,False,False,False,False,False,115=>131187,False,triage_Hybrid_cTS_s1234_INSTR_WORD_MOD_step920_is1234001637
Hybrid_cTS,1235,5328,INSTR_WORD_MOD,1630,1235005328,accepted_noop,cosmetic,True,False,False,True,False,247070819=>247071075,False,triage_Hybrid_cTS_s1235_INSTR_WORD_MOD_step1630_is1235005328
Hybrid_cTS,1235,9297,INSTR_WORD_MOD,1603,1235009297,accepted_noop,,False,False,False,False,False,32871=>36967,False,triage_Hybrid_cTS_s1235_INSTR_WORD_MOD_step1603_is1235009297
Hybrid_cTS,1235,539,INSTR_WORD_MOD,1536,1235000539,accepted_noop,cosmetic,True,False,False,True,False,15113827=>15113315,False,triage_Hybrid_cTS_s1235_INSTR_WORD_MOD_step1536_is1235000539
Hybrid_cTS,1235,363,INSTR_WORD_MOD,1328,1235000363,accepted_propagated_candidate,weak,True,False,False,True,False,4240829155=>3167087331,False,triage_Hybrid_cTS_s1235_INSTR_WORD_MOD_step1328_is1235000363
Hybrid_cTS,1235,7341,INSTR_WORD_MOD,1081,1235007341,accepted_noop,cosmetic,True,False,False,True,False,67503715=>2214987363,False,triage_Hybrid_cTS_s1235_INSTR_WORD_MOD_step1081_is1235007341
Hybrid_cTS,1234,3863,INSTR_WORD_MOD,985,1234003863,accepted_noop,,False,False,False,False,False,4160782567=>4160798951,False,triage_Hybrid_cTS_s1234_INSTR_WORD_MOD_step985_is1234003863
Hybrid_cTS,1234,6529,INSTR_WORD_MOD,946,1234006529,accepted_noop,cosmetic,True,False,False,True,False,4160954083=>2013470435,False,triage_Hybrid_cTS_s1234_INSTR_WORD_MOD_step946_is1234006529
Hybrid_cTS,1234,106,INSTR_WORD_MOD,933,1234000106,accepted_noop,,False,False,False,False,False,115=>524403,False,triage_Hybrid_cTS_s1234_INSTR_WORD_MOD_step933_is1234000106
Hybrid_cTS,1234,7087,INSTR_WORD_MOD,918,1234007087,accepted_noop,cosmetic,True,False,False,True,False,44561507=>312996963,False,triage_Hybrid_cTS_s1234_INSTR_WORD_MOD_step918_is1234007087
Hybrid_cTS,1234,140,INSTR_WORD_MOD,762,1234000140,accepted_noop,cosmetic,True,False,False,True,False,19224675=>19225699,False,triage_Hybrid_cTS_s1234_INSTR_WORD_MOD_step762_is1234000140
Hybrid_cTS,1234,9917,INSTR_WORD_MOD,915,1234009917,accepted_noop,cosmetic,True,False,False,True,False,44266083=>44268131,False,triage_Hybrid_cTS_s1234_INSTR_WORD_MOD_step915_is1234009917
Hybrid_cTS,1234,699,INSTR_WORD_MOD,858,1234000699,accepted_noop,,False,False,False,False,False,807403635=>807665779,False,triage_Hybrid_cTS_s1234_INSTR_WORD_MOD_step858_is1234000699
Hybrid_cTS,1234,3371,INSTR_WORD_MOD,857,1234003371,accepted_noop,,False,False,False,False,False,115=>2163,False,triage_Hybrid_cTS_s1234_INSTR_WORD_MOD_step857_is1234003371
Hybrid_cTS,1234,9960,INSTR_WORD_MOD,842,1234009960,accepted_noop,cosmetic,True,False,False,True,False,19224675=>52779107,False,triage_Hybrid_cTS_s1234_INSTR_WORD_MOD_step842_is1234009960
Hybrid_cTS,1234,2403,INSTR_WORD_MOD,840,1234002403,accepted_noop,,False,False,False,False,False,115=>1139,False,triage_Hybrid_cTS_s1234_INSTR_WORD_MOD_step840_is1234002403
Hybrid_cTS,1234,2919,INSTR_WORD_MOD,778,1234002919,accepted_noop,,False,False,False,False,False,807403635=>807927923,False,triage_Hybrid_cTS_s1234_INSTR_WORD_MOD_step778_is1234002919
Hybrid_cTS,1234,5458,INSTR_WORD_MOD,777,1234005458,accepted_noop,,False,False,False,False,False,115=>1139,False,triage_Hybrid_cTS_s1234_INSTR_WORD_MOD_step777_is1234005458
Hybrid_cTS,1234,754,INSTR_WORD_MOD,773,1234000754,accepted_noop,,False,False,False,False,False,115=>131187,False,triage_Hybrid_cTS_s1234_INSTR_WORD_MOD_step773_is1234000754
Hybrid_cTS,1234,380,INSTR_WORD_MOD,3766,1234000380,accepted_propagated_candidate,weak,True,False,False,True,False,116811363=>251029091,False,triage_Hybrid_cTS_s1234_INSTR_WORD_MOD_step3766_is1234000380
Hybrid_cTS,1234,7707,INSTR_WORD_MOD,3760,1234007707,accepted_propagated_candidate,weak,True,False,False,True,False,150364771=>2297848419,False,triage_Hybrid_cTS_s1234_INSTR_WORD_MOD_step3760_is1234007707
Hybrid_cTS,1234,379,INSTR_WORD_MOD,3753,1234000379,accepted_propagated_candidate,weak,True,False,False,True,False,267777427=>234222995,False,triage_Hybrid_cTS_s1234_INSTR_WORD_MOD_step3753_is1234000379
Hybrid_cTS,1234,788,INSTR_WORD_MOD,1944,1234000788,accepted_noop,cosmetic,True,False,False,True,False,10751587=>77860451,False,triage_Hybrid_cTS_s1234_INSTR_WORD_MOD_step1944_is1234000788
Hybrid_cTS,1234,363,INSTR_WORD_MOD,2386,1234000363,accepted_propagated_candidate,weak,True,False,False,True,False,150364771=>150364259,False,triage_Hybrid_cTS_s1234_INSTR_WORD_MOD_step2386_is1234000363
Hybrid_cTS,1234,3984,INSTR_WORD_MOD,2363,1234003984,accepted_propagated_candidate,weak,True,False,False,True,False,249978979=>1323720803,False,triage_Hybrid_cTS_s1234_INSTR_WORD_MOD_step2363_is1234003984
Hybrid_cTS,1234,4775,INSTR_WORD_MOD,2321,1234004775,accepted_noop,cosmetic,True,False,False,True,False,369459811=>503677539,False,triage_Hybrid_cTS_s1234_INSTR_WORD_MOD_step2321_is1234004775
Hybrid_cTS,1234,7382,INSTR_WORD_MOD,2311,1234007382,accepted_propagated_candidate,weak,True,False,False,True,False,4240829155=>3167087331,False,triage_Hybrid_cTS_s1234_INSTR_WORD_MOD_step2311_is1234007382
Hybrid_cTS,1234,3512,INSTR_WORD_MOD,2279,1234003512,accepted_noop,word_truncated,True,False,False,True,True,13050499=>14099075,False,triage_Hybrid_cTS_s1234_INSTR_WORD_MOD_step2279_is1234003512
Hybrid_cTS,1234,543,INSTR_WORD_MOD,2151,1234000543,accepted_propagated_candidate,weak,True,False,False,True,False,11986019=>11986531,False,triage_Hybrid_cTS_s1234_INSTR_WORD_MOD_step2151_is1234000543
Hybrid_cTS,1234,6042,INSTR_WORD_MOD,2076,1234006042,accepted_noop,,False,False,False,False,False,115=>131187,False,triage_Hybrid_cTS_s1234_INSTR_WORD_MOD_step2076_is1234006042
Hybrid_cTS,1234,1638,INSTR_WORD_MOD,19,1234001638,accepted_noop,,False,False,False,False,False,807403635=>807404147,False,triage_Hybrid_cTS_s1234_INSTR_WORD_MOD_step19_is1234001638
Hybrid_cTS,1234,5451,INSTR_WORD_MOD,1879,1234005451,accepted_noop,,False,False,False,False,False,807403635=>807665779,False,triage_Hybrid_cTS_s1234_INSTR_WORD_MOD_step1879_is1234005451
Hybrid_cTS,1234,5945,INSTR_WORD_MOD,2492,1234005945,accepted_noop,cosmetic,True,False,False,True,False,12941923=>147159651,False,triage_Hybrid_cTS_s1234_INSTR_WORD_MOD_step2492_is1234005945
Hybrid_cTS,1234,2747,INSTR_WORD_MOD,1853,1234002747,accepted_noop,cosmetic,True,False,False,True,False,67440739=>67441763,False,triage_Hybrid_cTS_s1234_INSTR_WORD_MOD_step1853_is1234002747
Hybrid_cTS,1234,5710,INSTR_WORD_MOD,1850,1234005710,accepted_noop,cosmetic,True,False,False,True,False,4261811427=>4261813475,False,triage_Hybrid_cTS_s1234_INSTR_WORD_MOD_step1850_is1234005710
Hybrid_cTS,1234,136,INSTR_WORD_MOD,175,1234000136,accepted_noop,,False,False,False,False,False,807403635=>808452211,False,triage_Hybrid_cTS_s1234_INSTR_WORD_MOD_step175_is1234000136
Hybrid_cTS,1234,3329,INSTR_WORD_MOD,174,1234003329,accepted_noop,,False,False,False,False,False,115=>2163,False,triage_Hybrid_cTS_s1234_INSTR_WORD_MOD_step174_is1234003329
Hybrid_cTS,1234,141,INSTR_WORD_MOD,170,1234000141,accepted_noop,,False,False,False,False,False,115=>243,False,triage_Hybrid_cTS_s1234_INSTR_WORD_MOD_step170_is1234000141
Hybrid_cTS,1234,5904,INSTR_WORD_MOD,1662,1234005904,accepted_noop,,False,False,False,False,False,2701164775=>2701168871,False,triage_Hybrid_cTS_s1234_INSTR_WORD_MOD_step1662_is1234005904
Hybrid_cTS,1234,2043,INSTR_WORD_MOD,157,1234002043,accepted_noop,,False,False,False,False,False,115=>627,False,triage_Hybrid_cTS_s1234_INSTR_WORD_MOD_step157_is1234002043
Hybrid_cTS,1234,7375,INSTR_WORD_MOD,1112,1234007375,accepted_noop,,False,False,False,False,False,807403635=>807404659,False,triage_Hybrid_cTS_s1234_INSTR_WORD_MOD_step1112_is1234007375
Hybrid_cTS,1234,3841,INSTR_WORD_MOD,2413,1234003841,accepted_noop,word_truncated,True,False,False,True,True,11971107=>11971235,False,triage_Hybrid_cTS_s1234_INSTR_WORD_MOD_step2413_is1234003841
Hybrid_cTS,1234,2591,INSTR_WORD_MOD,249,1234002591,accepted_noop,,False,False,False,False,False,2487255271=>2487271655,False,triage_Hybrid_cTS_s1234_INSTR_WORD_MOD_step249_is1234002591
Hybrid_cTS,1234,8415,INSTR_WORD_MOD,3732,1234008415,accepted_noop,cosmetic,True,False,False,True,False,235276899=>235277155,False,triage_Hybrid_cTS_s1234_INSTR_WORD_MOD_step3732_is1234008415
Hybrid_cTS,1234,2663,INSTR_WORD_MOD,3156,1234002663,accepted_noop,,False,False,False,False,False,115=>2163,False,triage_Hybrid_cTS_s1234_INSTR_WORD_MOD_step3156_is1234002663
Hybrid_cTS,1234,9586,INSTR_WORD_MOD,372,1234009586,accepted_noop,,False,False,False,False,False,115=>262259,False,triage_Hybrid_cTS_s1234_INSTR_WORD_MOD_step372_is1234009586
Hybrid_cTS,1234,5364,INSTR_WORD_MOD,371,1234005364,accepted_propagated_candidate,weak,True,False,False,True,False,13233763=>281669219,False,triage_Hybrid_cTS_s1234_INSTR_WORD_MOD_step371_is1234005364
Hybrid_cTS,1234,2784,INSTR_WORD_MOD,3684,1234002784,accepted_noop,word_truncated,True,False,False,True,True,4663299=>6760451,False,triage_Hybrid_cTS_s1234_INSTR_WORD_MOD_step3684_is1234002784
Hybrid_cTS,1234,5799,INSTR_WORD_MOD,3641,1234005799,accepted_noop,word_truncated,True,False,False,True,True,1069950467=>1072047619,False,triage_Hybrid_cTS_s1234_INSTR_WORD_MOD_step3641_is1234005799
Hybrid_cTS,1234,123,INSTR_WORD_MOD,3591,1234000123,accepted_noop,,False,False,False,False,False,807403635=>807436403,False,triage_Hybrid_cTS_s1234_INSTR_WORD_MOD_step3591_is1234000123
Hybrid_cTS,1234,7906,INSTR_WORD_MOD,3441,1234007906,accepted_noop,word_truncated,True,False,False,True,True,13050499=>14099075,False,triage_Hybrid_cTS_s1234_INSTR_WORD_MOD_step3441_is1234007906
Hybrid_cTS,1234,9708,INSTR_WORD_MOD,3161,1234009708,accepted_noop,,False,False,False,False,False,360551=>368743,False,triage_Hybrid_cTS_s1234_INSTR_WORD_MOD_step3161_is1234009708
Hybrid_cTS,1234,4921,INSTR_WORD_MOD,3157,1234004921,accepted_noop,word_truncated,True,False,False,True,True,21112067=>23209219,False,triage_Hybrid_cTS_s1234_INSTR_WORD_MOD_step3157_is1234004921
Hybrid_cTS,1234,4296,INSTR_WORD_MOD,295,1234004296,accepted_noop,,False,False,False,False,False,115=>32883,False,triage_Hybrid_cTS_s1234_INSTR_WORD_MOD_step295_is1234004296
Hybrid_cTS,1234,7207,INSTR_WORD_MOD,2505,1234007207,accepted_noop,,False,False,False,False,False,115=>524403,False,triage_Hybrid_cTS_s1234_INSTR_WORD_MOD_step2505_is1234007207
Hybrid_cTS,1234,9727,INSTR_WORD_MOD,291,1234009727,accepted_noop,,False,False,False,False,False,115=>243,False,triage_Hybrid_cTS_s1234_INSTR_WORD_MOD_step291_is1234009727
Hybrid_cTS,1234,605,INSTR_WORD_MOD,2813,1234000605,accepted_noop,word_truncated,True,False,False,True,True,16853027=>16853155,False,triage_Hybrid_cTS_s1234_INSTR_WORD_MOD_step2813_is1234000605
Hybrid_cTS,1234,387,INSTR_WORD_MOD,278,1234000387,accepted_noop,,False,False,False,False,False,115=>371,False,triage_Hybrid_cTS_s1234_INSTR_WORD_MOD_step278_is1234000387
Hybrid_cTS,1234,353,INSTR_WORD_MOD,276,1234000353,accepted_noop,cosmetic,True,False,False,True,False,44561507=>44560483,False,triage_Hybrid_cTS_s1234_INSTR_WORD_MOD_step276_is1234000353
Hybrid_cTS,1234,7003,INSTR_WORD_MOD,2552,1234007003,accepted_noop,cosmetic,True,False,False,True,False,818256995=>818255971,False,triage_Hybrid_cTS_s1234_INSTR_WORD_MOD_step2552_is1234007003
Hybrid_cTS,1234,3205,INSTR_WORD_MOD,2535,1234003205,accepted_noop,,False,False,False,False,False,807403635=>815792243,False,triage_Hybrid_cTS_s1234_INSTR_WORD_MOD_step2535_is1234003205
Hybrid_cTS,1234,1799,INSTR_WORD_MOD,2531,1234001799,accepted_noop,,False,False,False,False,False,115=>32883,False,triage_Hybrid_cTS_s1234_INSTR_WORD_MOD_step2531_is1234001799
Hybrid_cTS,1234,393,INSTR_WORD_MOD,2507,1234000393,accepted_noop,cosmetic,True,False,False,True,False,19224675=>19225187,False,triage_Hybrid_cTS_s1234_INSTR_WORD_MOD_step2507_is1234000393
Hybrid_cTS,1235,6336,INSTR_WORD_MOD,1643,1235006336,accepted_noop,,False,False,False,False,False,1560314087=>1560322279,False,triage_Hybrid_cTS_s1235_INSTR_WORD_MOD_step1643_is1235006336
Hybrid_cTS,1235,2087,INSTR_WORD_MOD,1818,1235002087,accepted_noop,cosmetic,True,False,False,True,False,15113827=>15113315,False,triage_Hybrid_cTS_s1235_INSTR_WORD_MOD_step1818_is1235002087
V6_cTS,1234,6995,INSTR_WORD_MOD,1111,1234006995,accepted_noop,,False,False,False,False,False,115=>627,False,triage_V6_cTS_s1234_INSTR_WORD_MOD_step1111_is1234006995
Hybrid_cTS,1235,8137,INSTR_WORD_MOD,1839,1235008137,accepted_noop,cosmetic,True,False,False,True,False,15113827=>15111779,False,triage_Hybrid_cTS_s1235_INSTR_WORD_MOD_step1839_is1235008137
Hybrid_cTS,1236,2075,INSTR_WORD_MOD,3656,1236002075,accepted_noop,cosmetic,True,False,False,True,False,12941923=>147159651,False,triage_Hybrid_cTS_s1236_INSTR_WORD_MOD_step3656_is1236002075
Hybrid_cTS,1236,136,INSTR_WORD_MOD,3561,1236000136,accepted_noop,,False,False,False,False,False,115=>2163,False,triage_Hybrid_cTS_s1236_INSTR_WORD_MOD_step3561_is1236000136
Hybrid_cTS,1236,8025,INSTR_WORD_MOD,3215,1236008025,accepted_noop,,False,False,False,False,False,32871=>49255,False,triage_Hybrid_cTS_s1236_INSTR_WORD_MOD_step3215_is1236008025
Hybrid_cTS,1236,637,INSTR_WORD_MOD,3201,1236000637,accepted_noop,word_truncated,True,False,False,True,True,33630979=>34679555,False,triage_Hybrid_cTS_s1236_INSTR_WORD_MOD_step3201_is1236000637
Hybrid_cTS,1236,5930,INSTR_WORD_MOD,3190,1236005930,accepted_noop,cosmetic,True,False,False,True,False,67863139=>67864163,False,triage_Hybrid_cTS_s1236_INSTR_WORD_MOD_step3190_is1236005930
Hybrid_cTS,1236,9033,INSTR_WORD_MOD,3149,1236009033,accepted_noop,cosmetic,True,False,False,True,False,101090915=>2248574563,False,triage_Hybrid_cTS_s1236_INSTR_WORD_MOD_step3149_is1236009033
Hybrid_cTS,1236,3086,INSTR_WORD_MOD,3129,1236003086,accepted_noop,cosmetic,True,False,False,True,False,369431139=>335876707,False,triage_Hybrid_cTS_s1236_INSTR_WORD_MOD_step3129_is1236003086
Hybrid_cTS,1236,1208,INSTR_WORD_MOD,2978,1236001208,accepted_noop,word_truncated,True,False,False,True,True,56696867=>56697123,False,triage_Hybrid_cTS_s1236_INSTR_WORD_MOD_step2978_is1236001208
Hybrid_cTS,1236,7789,INSTR_WORD_MOD,2707,1236007789,accepted_noop,cosmetic,True,False,False,True,False,436541539=>436541667,False,triage_Hybrid_cTS_s1236_INSTR_WORD_MOD_step2707_is1236007789
Hybrid_cTS,1236,545,INSTR_WORD_MOD,2550,1236000545,accepted_noop,,False,False,False,False,False,32871=>41063,False,triage_Hybrid_cTS_s1236_INSTR_WORD_MOD_step2550_is1236000545
Hybrid_cTS,1236,7927,INSTR_WORD_MOD,2479,1236007927,accepted_propagated_candidate,weak,True,False,False,True,False,11986019=>11986531,False,triage_Hybrid_cTS_s1236_INSTR_WORD_MOD_step2479_is1236007927
Hybrid_cTS,1236,3402,INSTR_WORD_MOD,2477,1236003402,accepted_noop,word_truncated,True,False,False,True,True,1069950467=>1072047619,False,triage_Hybrid_cTS_s1236_INSTR_WORD_MOD_step2477_is1236003402
Hybrid_cTS,1236,7061,INSTR_WORD_MOD,2216,1236007061,accepted_noop,cosmetic,True,False,False,True,False,364131=>134581859,False,triage_Hybrid_cTS_s1236_INSTR_WORD_MOD_step2216_is1236007061
Hybrid_cTS,1236,6912,INSTR_WORD_MOD,205,1236006912,accepted_noop,cosmetic,True,False,False,True,False,34052707=>34053731,False,triage_Hybrid_cTS_s1236_INSTR_WORD_MOD_step205_is1236006912
Hybrid_cTS,1236,347,INSTR_WORD_MOD,1811,1236000347,accepted_noop,cosmetic,True,False,False,True,False,15113827=>15113955,False,triage_Hybrid_cTS_s1236_INSTR_WORD_MOD_step1811_is1236000347
Hybrid_cTS,1236,7095,INSTR_WORD_MOD,1762,1236007095,accepted_noop,cosmetic,True,False,False,True,False,15113827=>48668259,False,triage_Hybrid_cTS_s1236_INSTR_WORD_MOD_step1762_is1236007095
Hybrid_cTS,1236,3631,INSTR_WORD_MOD,1651,1236003631,accepted_noop,word_truncated,True,False,False,True,True,4564355=>5612931,False,triage_Hybrid_cTS_s1236_INSTR_WORD_MOD_step1651_is1236003631
Hybrid_cTS,1236,544,INSTR_WORD_MOD,1275,1236000544,accepted_noop,word_truncated,True,False,False,True,True,10559523=>10559779,False,triage_Hybrid_cTS_s1236_INSTR_WORD_MOD_step1275_is1236000544
Hybrid_cTS,1236,3830,INSTR_WORD_MOD,1263,1236003830,accepted_noop,word_truncated,True,False,False,True,True,221326883=>221327139,False,triage_Hybrid_cTS_s1236_INSTR_WORD_MOD_step1263_is1236003830
Hybrid_cTS,1236,7441,INSTR_WORD_MOD,3747,1236007441,accepted_propagated_candidate,weak,True,False,False,True,False,183921763=>720792675,False,triage_Hybrid_cTS_s1236_INSTR_WORD_MOD_step3747_is1236007441
Hybrid_cTS,1236,7113,INSTR_WORD_MOD,3836,1236007113,accepted_noop,,False,False,False,False,False,115=>131187,False,triage_Hybrid_cTS_s1236_INSTR_WORD_MOD_step3836_is1236007113
Hybrid_cTS,1236,118,INSTR_WORD_MOD,3931,1236000118,accepted_noop,,False,False,False,False,False,360551=>368743,False,triage_Hybrid_cTS_s1236_INSTR_WORD_MOD_step3931_is1236000118
V6_cTS,1234,4675,INSTR_WORD_MOD,1019,1234004675,accepted_noop,,False,False,False,False,False,115=>65651,False,triage_V6_cTS_s1234_INSTR_WORD_MOD_step1019_is1234004675
V6_cTS,1234,7387,INSTR_WORD_MOD,1107,1234007387,accepted_noop,,False,False,False,False,False,115=>1139,False,triage_V6_cTS_s1234_INSTR_WORD_MOD_step1107_is1234007387
V6_cTS,1234,1970,INSTR_WORD_MOD,1103,1234001970,accepted_noop,word_truncated,True,False,False,True,True,42083715=>44180867,False,triage_V6_cTS_s1234_INSTR_WORD_MOD_step1103_is1234001970
V6_cTS,1234,6751,INSTR_WORD_MOD,1096,1234006751,accepted_noop,cosmetic,True,False,False,True,False,19224675=>287660131,False,triage_V6_cTS_s1234_INSTR_WORD_MOD_step1096_is1234006751
V6_cTS,1234,1839,INSTR_WORD_MOD,1094,1234001839,accepted_noop,,False,False,False,False,False,115=>627,False,triage_V6_cTS_s1234_INSTR_WORD_MOD_step1094_is1234001839
V6_cTS,1234,6165,INSTR_WORD_MOD,107,1234006165,accepted_noop,word_truncated,True,False,False,True,True,11972131=>11972387,False,triage_V6_cTS_s1234_INSTR_WORD_MOD_step107_is1234006165
V6_cTS,1234,7284,INSTR_WORD_MOD,1074,1234007284,accepted_noop,word_truncated,True,False,False,True,True,10561571=>10561827,False,triage_V6_cTS_s1234_INSTR_WORD_MOD_step1074_is1234007284
V6_cTS,1234,7275,INSTR_WORD_MOD,1069,1234007275,accepted_noop,cosmetic,True,False,False,True,False,462435=>1074204259,False,triage_V6_cTS_s1234_INSTR_WORD_MOD_step1069_is1234007275
V6_cTS,1234,3613,INSTR_WORD_MOD,1020,1234003613,accepted_noop,,False,False,False,False,False,807403635=>808452211,False,triage_V6_cTS_s1234_INSTR_WORD_MOD_step1020_is1234003613
V6_cTS,1234,884,INSTR_WORD_MOD,1015,1234000884,accepted_noop,,False,False,False,False,False,115=>32883,False,triage_V6_cTS_s1234_INSTR_WORD_MOD_step1015_is1234000884
Hybrid_cTS,1236,5894,INSTR_WORD_MOD,3939,1236005894,accepted_noop,word_truncated,True,False,False,True,True,7545379=>7545635,False,triage_Hybrid_cTS_s1236_INSTR_WORD_MOD_step3939_is1236005894
V6_cTS,1234,6128,INSTR_WORD_MOD,1002,1234006128,accepted_noop,,False,False,False,False,False,115=>65651,False,triage_V6_cTS_s1234_INSTR_WORD_MOD_step1002_is1234006128
V6_cTS,1234,1289,INSTR_WORD_MOD,1000,1234001289,accepted_noop,cosmetic,True,False,False,True,False,44561507=>44563555,False,triage_V6_cTS_s1234_INSTR_WORD_MOD_step1000_is1234001289
Hybrid_cTS,1236,4980,INSTR_WORD_MOD,937,1236004980,accepted_noop,,False,False,False,False,False,115=>627,False,triage_Hybrid_cTS_s1236_INSTR_WORD_MOD_step937_is1236004980
Hybrid_cTS,1236,5721,INSTR_WORD_MOD,921,1236005721,accepted_noop,word_truncated,True,False,False,True,True,21112067=>23209219,False,triage_Hybrid_cTS_s1236_INSTR_WORD_MOD_step921_is1236005721
Hybrid_cTS,1236,8563,INSTR_WORD_MOD,81,1236008563,accepted_noop,word_truncated,True,False,False,True,True,4273416739=>4273416995,False,triage_Hybrid_cTS_s1236_INSTR_WORD_MOD_step81_is1236008563
Hybrid_cTS,1236,2739,INSTR_WORD_MOD,788,1236002739,accepted_noop,,False,False,False,False,False,32871=>49255,False,triage_Hybrid_cTS_s1236_INSTR_WORD_MOD_step788_is1236002739
Hybrid_cTS,1236,2281,INSTR_WORD_MOD,599,1236002281,accepted_noop,cosmetic,True,False,False,True,False,44561507=>581432419,False,triage_Hybrid_cTS_s1236_INSTR_WORD_MOD_step599_is1236002281
Hybrid_cTS,1236,5189,INSTR_WORD_MOD,3958,1236005189,accepted_propagated_candidate,weak,True,False,False,True,False,267743891=>200635027,False,triage_Hybrid_cTS_s1236_INSTR_WORD_MOD_step3958_is1236005189
Hybrid_cTS,1236,9042,INSTR_WORD_MOD,1111,1236009042,accepted_noop,,False,False,False,False,False,115=>262259,False,triage_Hybrid_cTS_s1236_INSTR_WORD_MOD_step1111_is1236009042
Hybrid_cTS,1236,348,INSTR_WORD_MOD,1094,1236000348,accepted_noop,,False,False,False,False,False,115=>2163,False,triage_Hybrid_cTS_s1236_INSTR_WORD_MOD_step1094_is1236000348
Hybrid_cTS,1236,8537,INSTR_WORD_MOD,1074,1236008537,accepted_noop,word_truncated,True,False,False,True,True,10561571=>10561699,False,triage_Hybrid_cTS_s1236_INSTR_WORD_MOD_step1074_is1236008537
Hybrid_cTS,1235,4787,INSTR_WORD_MOD,3503,1235004787,accepted_noop,,False,False,False,False,False,32871=>49255,False,triage_Hybrid_cTS_s1235_INSTR_WORD_MOD_step3503_is1235004787
Hybrid_cTS,1235,785,INSTR_WORD_MOD,3891,1235000785,accepted_noop,,False,False,False,False,False,226525415=>226541799,False,triage_Hybrid_cTS_s1235_INSTR_WORD_MOD_step3891_is1235000785
Hybrid_cTS,1235,2330,INSTR_WORD_MOD,3783,1235002330,accepted_noop,cosmetic,True,False,False,True,False,369431139=>906302051,False,triage_Hybrid_cTS_s1235_INSTR_WORD_MOD_step3783_is1235002330
Hybrid_cTS,1235,2645,INSTR_WORD_MOD,377,1235002645,accepted_noop,,False,False,False,False,False,807403635=>807403891,False,triage_Hybrid_cTS_s1235_INSTR_WORD_MOD_step377_is1235002645
Hybrid_cTS,1235,9348,INSTR_WORD_MOD,3761,1235009348,accepted_noop,word_truncated,True,False,False,True,True,11969059=>11969315,False,triage_Hybrid_cTS_s1235_INSTR_WORD_MOD_step3761_is1235009348
Hybrid_cTS,1235,4921,INSTR_WORD_MOD,368,1235004921,accepted_noop,word_truncated,True,False,False,True,True,42083715=>44180867,False,triage_Hybrid_cTS_s1235_INSTR_WORD_MOD_step368_is1235004921
Hybrid_cTS,1235,3009,INSTR_WORD_MOD,361,1235003009,accepted_noop,cosmetic,True,False,False,True,False,19224675=>153442403,False,triage_Hybrid_cTS_s1235_INSTR_WORD_MOD_step361_is1235003009
Hybrid_cTS,1235,8044,INSTR_WORD_MOD,359,1235008044,accepted_noop,,False,False,False,False,False,115=>32883,False,triage_Hybrid_cTS_s1235_INSTR_WORD_MOD_step359_is1235008044
Hybrid_cTS,1235,2393,INSTR_WORD_MOD,3535,1235002393,accepted_noop,cosmetic,True,False,False,True,False,52794979=>187012707,False,triage_Hybrid_cTS_s1235_INSTR_WORD_MOD_step3535_is1235002393
Hybrid_cTS,1235,7466,INSTR_WORD_MOD,3182,1235007466,accepted_noop,,False,False,False,False,False,115=>262259,False,triage_Hybrid_cTS_s1235_INSTR_WORD_MOD_step3182_is1235007466
Hybrid_cTS,1235,5250,INSTR_WORD_MOD,3936,1235005250,accepted_noop,word_truncated,True,False,False,True,True,172931=>1221507,False,triage_Hybrid_cTS_s1235_INSTR_WORD_MOD_step3936_is1235005250
Hybrid_cTS,1235,5333,INSTR_WORD_MOD,3023,1235005333,accepted_noop,cosmetic,True,False,False,True,False,12941923=>2160425571,False,triage_Hybrid_cTS_s1235_INSTR_WORD_MOD_step3023_is1235005333
Hybrid_cTS,1235,3806,INSTR_WORD_MOD,2806,1235003806,accepted_noop,word_truncated,True,False,False,True,True,12920067=>13968643,False,triage_Hybrid_cTS_s1235_INSTR_WORD_MOD_step2806_is1235003806
Hybrid_cTS,1235,8650,INSTR_WORD_MOD,2699,1235008650,accepted_noop,cosmetic,True,False,False,True,False,33920611=>101029475,False,triage_Hybrid_cTS_s1235_INSTR_WORD_MOD_step2699_is1235008650
Hybrid_cTS,1235,2887,INSTR_WORD_MOD,2539,1235002887,accepted_noop,word_truncated,True,False,False,True,True,25240579=>27337731,False,triage_Hybrid_cTS_s1235_INSTR_WORD_MOD_step2539_is1235002887
Hybrid_cTS,1235,6554,INSTR_WORD_MOD,2418,1235006554,accepted_propagated_candidate,weak,True,False,False,True,False,4240927971=>3167186147,False,triage_Hybrid_cTS_s1235_INSTR_WORD_MOD_step2418_is1235006554
Hybrid_cTS,1235,99,INSTR_WORD_MOD,2161,1235000099,accepted_propagated_candidate,weak,True,False,False,True,False,45441123=>313876579,False,triage_Hybrid_cTS_s1235_INSTR_WORD_MOD_step2161_is1235000099
Hybrid_cTS,1235,8994,INSTR_WORD_MOD,2080,1235008994,accepted_noop,,False,False,False,False,False,115=>262259,False,triage_Hybrid_cTS_s1235_INSTR_WORD_MOD_step2080_is1235008994
Hybrid_cTS,1235,5987,INSTR_WORD_MOD,2063,1235005987,accepted_noop,,False,False,False,False,False,115=>65651,False,triage_Hybrid_cTS_s1235_INSTR_WORD_MOD_step2063_is1235005987
Hybrid_cTS,1235,1915,INSTR_WORD_MOD,3928,1235001915,accepted_noop,cosmetic,True,False,False,True,False,19224675=>2166708323,False,triage_Hybrid_cTS_s1235_INSTR_WORD_MOD_step3928_is1235001915
Hybrid_cTS,1235,2944,INSTR_WORD_MOD,3941,1235002944,accepted_noop,word_truncated,True,False,False,True,True,7545891=>7546019,False,triage_Hybrid_cTS_s1235_INSTR_WORD_MOD_step3941_is1235002944
Hybrid_cTS,1235,797,INSTR_WORD_MOD,997,1235000797,accepted_noop,cosmetic,True,False,False,True,False,44266083=>312701539,False,triage_Hybrid_cTS_s1235_INSTR_WORD_MOD_step997_is1235000797
Hybrid_cTS,1235,7537,INSTR_WORD_MOD,699,1235007537,accepted_noop,,False,False,False,False,False,807403635=>807927923,False,triage_Hybrid_cTS_s1235_INSTR_WORD_MOD_step699_is1235007537
Hybrid_cTS,1235,89,INSTR_WORD_MOD,97,1235000089,accepted_propagated_candidate,weak,True,False,False,True,False,50752611=>50750563,False,triage_Hybrid_cTS_s1235_INSTR_WORD_MOD_step97_is1235000089
Hybrid_cTS,1235,7273,INSTR_WORD_MOD,929,1235007273,accepted_noop,word_truncated,True,False,False,True,True,42083715=>44180867,False,triage_Hybrid_cTS_s1235_INSTR_WORD_MOD_step929_is1235007273
Hybrid_cTS,1235,671,INSTR_WORD_MOD,841,1235000671,accepted_noop,word_truncated,True,False,False,True,True,21112067=>23209219,False,triage_Hybrid_cTS_s1235_INSTR_WORD_MOD_step841_is1235000671
Hybrid_cTS,1235,7287,INSTR_WORD_MOD,838,1235007287,accepted_noop,cosmetic,True,False,False,True,False,44561507=>111670371,False,triage_Hybrid_cTS_s1235_INSTR_WORD_MOD_step838_is1235007287
Hybrid_cTS,1235,128,INSTR_WORD_MOD,835,1235000128,accepted_noop,cosmetic,True,False,False,True,False,44266083=>10711651,False,triage_Hybrid_cTS_s1235_INSTR_WORD_MOD_step835_is1235000128
Hybrid_cTS,1235,7854,INSTR_WORD_MOD,760,1235007854,accepted_noop,,False,False,False,False,False,115=>243,False,triage_Hybrid_cTS_s1235_INSTR_WORD_MOD_step760_is1235007854
Hybrid_cTS,1235,3959,INSTR_WORD_MOD,755,1235003959,accepted_noop,cosmetic,True,False,False,True,False,44266083=>44268131,False,triage_Hybrid_cTS_s1235_INSTR_WORD_MOD_step755_is1235003959
Hybrid_cTS,1235,3145,INSTR_WORD_MOD,703,1235003145,accepted_propagated_candidate,weak,True,False,False,True,False,4291131155=>4224022291,False,triage_Hybrid_cTS_s1235_INSTR_WORD_MOD_step703_is1235003145
Hybrid_cTS,1235,3116,INSTR_WORD_MOD,681,1235003116,accepted_noop,,False,False,False,False,False,115=>627,False,triage_Hybrid_cTS_s1235_INSTR_WORD_MOD_step681_is1235003116
Hybrid_cTS,1235,2516,INSTR_WORD_MOD,3949,1235002516,accepted_noop,word_truncated,True,False,False,True,True,7547939=>7548067,False,triage_Hybrid_cTS_s1235_INSTR_WORD_MOD_step3949_is1235002516
Hybrid_cTS,1235,5691,INSTR_WORD_MOD,679,1235005691,accepted_noop,cosmetic,True,False,False,True,False,44561507=>44561635,False,triage_Hybrid_cTS_s1235_INSTR_WORD_MOD_step679_is1235005691
Hybrid_cTS,1235,642,INSTR_WORD_MOD,575,1235000642,accepted_noop,word_truncated,True,False,False,True,True,8463395=>8463523,False,triage_Hybrid_cTS_s1235_INSTR_WORD_MOD_step575_is1235000642
Hybrid_cTS,1235,8988,INSTR_WORD_MOD,536,1235008988,accepted_noop,,False,False,False,False,False,115=>243,False,triage_Hybrid_cTS_s1235_INSTR_WORD_MOD_step536_is1235008988
Hybrid_cTS,1235,8972,INSTR_WORD_MOD,524,1235008972,accepted_noop,,False,False,False,False,False,360551=>364647,False,triage_Hybrid_cTS_s1235_INSTR_WORD_MOD_step524_is1235008972
Hybrid_cTS,1235,3165,INSTR_WORD_MOD,514,1235003165,accepted_noop,cosmetic,True,False,False,True,False,44266083=>581136995,False,triage_Hybrid_cTS_s1235_INSTR_WORD_MOD_step514_is1235003165
Hybrid_cTS,1235,3735,INSTR_WORD_MOD,457,1235003735,accepted_noop,,False,False,False,False,False,807403635=>807928435,False,triage_Hybrid_cTS_s1235_INSTR_WORD_MOD_step457_is1235003735
Hybrid_cTS,1235,6662,INSTR_WORD_MOD,437,1235006662,accepted_noop,cosmetic,True,False,False,True,False,44561507=>11007075,False,triage_Hybrid_cTS_s1235_INSTR_WORD_MOD_step437_is1235006662
Hybrid_cTS,1235,378,INSTR_WORD_MOD,3951,1235000378,accepted_noop,word_truncated,True,False,False,True,True,7548451=>7548707,False,triage_Hybrid_cTS_s1235_INSTR_WORD_MOD_step3951_is1235000378
V6_cTS,1236,5567,POST_EXEC_PC_MOD,902,1236005567,accepted_noop,cf_inert,False,False,False,False,False,2109872=>2109876,False,triage_V6_cTS_s1236_POST_EXEC_PC_MOD_step902_is1236005567
V6_cTS,1234,9728,POST_EXEC_PC_MOD,2162,1234009728,accepted_noop,cf_inert,False,False,False,False,False,2121252=>2121256,False,triage_V6_cTS_s1234_POST_EXEC_PC_MOD_step2162_is1234009728
V6_cTS,1234,7384,POST_EXEC_PC_MOD,2311,1234007384,accepted_noop,cf_inert,False,False,False,False,False,2110532=>2110536,False,triage_V6_cTS_s1234_POST_EXEC_PC_MOD_step2311_is1234007384
V6_cTS,1236,2512,INSTR_WORD_MOD,3706,1236002512,accepted_propagated_candidate,weak,True,False,False,True,False,4240829155=>3167087331,False,triage_V6_cTS_s1236_INSTR_WORD_MOD_step3706_is1236002512
V6_cTS,1236,9447,INSTR_WORD_MOD,2707,1236009447,accepted_noop,cosmetic,True,False,False,True,False,436541539=>436542051,False,triage_V6_cTS_s1236_INSTR_WORD_MOD_step2707_is1236009447
V6_cTS,1236,2612,INSTR_WORD_MOD,2691,1236002612,accepted_propagated_candidate,weak,True,False,False,True,False,4240829155=>3167087331,False,triage_V6_cTS_s1236_INSTR_WORD_MOD_step2691_is1236002612
V6_cTS,1236,7850,INSTR_WORD_MOD,2657,1236007850,accepted_propagated_candidate,weak,True,False,False,True,False,1488531=>2148972179,False,triage_V6_cTS_s1236_INSTR_WORD_MOD_step2657_is1236007850
V6_cTS,1236,5926,INSTR_WORD_MOD,2596,1236005926,accepted_noop,word_truncated,True,False,False,True,True,145829411=>145829539,False,triage_V6_cTS_s1236_INSTR_WORD_MOD_step2596_is1236005926
V6_cTS,1236,2253,INSTR_WORD_MOD,2563,1236002253,accepted_noop,word_truncated,True,False,False,True,True,179381283=>179381411,False,triage_V6_cTS_s1236_INSTR_WORD_MOD_step2563_is1236002253
V6_cTS,1236,6244,INSTR_WORD_MOD,2383,1236006244,accepted_noop,word_truncated,True,False,False,True,True,11968547=>11968675,False,triage_V6_cTS_s1236_INSTR_WORD_MOD_step2383_is1236006244
V6_cTS,1236,2624,INSTR_WORD_MOD,2322,1236002624,accepted_noop,word_truncated,True,False,False,True,True,468355=>1516931,False,triage_V6_cTS_s1236_INSTR_WORD_MOD_step2322_is1236002624
V6_cTS,1236,496,INSTR_WORD_MOD,2314,1236000496,accepted_noop,word_truncated,True,False,False,True,True,468355=>1516931,False,triage_V6_cTS_s1236_INSTR_WORD_MOD_step2314_is1236000496
V6_cTS,1236,7224,INSTR_WORD_MOD,2264,1236007224,accepted_noop,word_truncated,True,False,False,True,True,468867=>1517443,False,triage_V6_cTS_s1236_INSTR_WORD_MOD_step2264_is1236007224
V6_cTS,1236,9464,INSTR_WORD_MOD,222,1236009464,accepted_noop,,False,False,False,False,False,360679=>368871,False,triage_V6_cTS_s1236_INSTR_WORD_MOD_step222_is1236009464
V6_cTS,1236,5392,INSTR_WORD_MOD,2192,1236005392,accepted_noop,,False,False,False,False,False,32871=>36967,False,triage_V6_cTS_s1236_INSTR_WORD_MOD_step2192_is1236005392
V6_cTS,1236,1010,INSTR_WORD_MOD,2169,1236001010,accepted_noop,cosmetic,True,False,False,True,False,100991075=>100992099,False,triage_V6_cTS_s1236_INSTR_WORD_MOD_step2169_is1236001010
V6_cTS,1236,3281,INSTR_WORD_MOD,2092,1236003281,accepted_noop,word_truncated,True,False,False,True,True,10788899=>10789027,False,triage_V6_cTS_s1236_INSTR_WORD_MOD_step2092_is1236003281
V6_cTS,1236,1781,INSTR_WORD_MOD,2068,1236001781,accepted_noop,,False,False,False,False,False,360551=>376935,False,triage_V6_cTS_s1236_INSTR_WORD_MOD_step2068_is1236001781
V6_cTS,1236,894,INSTR_WORD_MOD,2054,1236000894,accepted_noop,,False,False,False,False,False,32871=>36967,False,triage_V6_cTS_s1236_INSTR_WORD_MOD_step2054_is1236000894
V6_cTS,1236,4961,INSTR_WORD_MOD,1992,1236004961,accepted_noop,cosmetic,True,False,False,True,False,15113827=>551984739,False,triage_V6_cTS_s1236_INSTR_WORD_MOD_step1992_is1236004961
V6_cTS,1236,7637,INSTR_WORD_MOD,1971,1236007637,accepted_noop,cosmetic,True,False,False,True,False,15113827=>15112803,False,triage_V6_cTS_s1236_INSTR_WORD_MOD_step1971_is1236007637
V6_cTS,1236,3274,INSTR_WORD_MOD,1944,1236003274,accepted_noop,cosmetic,True,False,False,True,False,10751587=>547622499,False,triage_V6_cTS_s1236_INSTR_WORD_MOD_step1944_is1236003274
V6_cTS,1236,9765,INSTR_WORD_MOD,193,1236009765,accepted_noop,word_truncated,True,False,False,True,True,1125923=>1126051,False,triage_V6_cTS_s1236_INSTR_WORD_MOD_step193_is1236009765
V6_cTS,1236,2645,INSTR_WORD_MOD,2716,1236002645,accepted_noop,word_truncated,True,False,False,True,True,77671971=>77672227,False,triage_V6_cTS_s1236_INSTR_WORD_MOD_step2716_is1236002645
V6_cTS,1236,4223,INSTR_WORD_MOD,2738,1236004223,accepted_noop,word_truncated,True,False,False,True,True,17475203=>19572355,False,triage_V6_cTS_s1236_INSTR_WORD_MOD_step2738_is1236004223
V6_cTS,1236,3509,INSTR_WORD_MOD,278,1236003509,accepted_noop,,False,False,False,False,False,115=>524403,False,triage_V6_cTS_s1236_INSTR_WORD_MOD_step278_is1236003509
V6_cTS,1236,5153,INSTR_WORD_MOD,3093,1236005153,accepted_propagated_candidate,weak,True,False,False,True,False,183921763=>720792675,False,triage_V6_cTS_s1236_INSTR_WORD_MOD_step3093_is1236005153
V6_cTS,1236,4408,INSTR_WORD_MOD,3631,1236004408,accepted_noop,cosmetic,True,False,False,True,False,134909027=>2282392675,False,triage_V6_cTS_s1236_INSTR_WORD_MOD_step3631_is1236004408
V6_cTS,1236,2626,INSTR_WORD_MOD,3531,1236002626,accepted_propagated_candidate,weak,True,False,False,True,False,4291163539=>4156945811,False,triage_V6_cTS_s1236_INSTR_WORD_MOD_step3531_is1236002626
V6_cTS,1236,3456,INSTR_WORD_MOD,3480,1236003456,accepted_noop,word_truncated,True,False,False,True,True,1125923=>1126051,False,triage_V6_cTS_s1236_INSTR_WORD_MOD_step3480_is1236003456
V6_cTS,1236,7220,INSTR_WORD_MOD,3402,1236007220,accepted_noop,,False,False,False,False,False,32871=>36967,False,triage_V6_cTS_s1236_INSTR_WORD_MOD_step3402_is1236007220
V6_cTS,1236,4121,INSTR_WORD_MOD,3335,1236004121,accepted_noop,,False,False,False,False,False,1786806503=>1786810599,False,triage_V6_cTS_s1236_INSTR_WORD_MOD_step3335_is1236004121
V6_cTS,1236,6212,INSTR_WORD_MOD,3209,1236006212,accepted_noop,word_truncated,True,False,False,True,True,29433987=>30482563,False,triage_V6_cTS_s1236_INSTR_WORD_MOD_step3209_is1236006212
V6_cTS,1236,7651,INSTR_WORD_MOD,3195,1236007651,accepted_noop,word_truncated,True,False,False,True,True,58795011=>59843587,False,triage_V6_cTS_s1236_INSTR_WORD_MOD_step3195_is1236007651
V6_cTS,1236,4508,INSTR_WORD_MOD,3099,1236004508,accepted_propagated_candidate,weak,True,False,False,True,False,267777427=>804648339,False,triage_V6_cTS_s1236_INSTR_WORD_MOD_step3099_is1236004508
V6_cTS,1236,6350,INSTR_WORD_MOD,3084,1236006350,accepted_propagated_candidate,weak,True,False,False,True,False,11862179=>11862051,False,triage_V6_cTS_s1236_INSTR_WORD_MOD_step3084_is1236006350
V6_cTS,1236,9556,INSTR_WORD_MOD,2792,1236009556,accepted_noop,word_truncated,True,False,False,True,True,191964707=>191964835,False,triage_V6_cTS_s1236_INSTR_WORD_MOD_step2792_is1236009556
V6_cTS,1236,25,INSTR_WORD_MOD,3068,1236000025,accepted_noop,,False,False,False,False,False,32871=>36967,False,triage_V6_cTS_s1236_INSTR_WORD_MOD_step3068_is1236000025
V6_cTS,1236,3140,INSTR_WORD_MOD,3065,1236003140,accepted_noop,cosmetic,True,False,False,True,False,366691=>134584419,False,triage_V6_cTS_s1236_INSTR_WORD_MOD_step3065_is1236003140
V6_cTS,1236,2435,INSTR_WORD_MOD,3025,1236002435,accepted_noop,word_truncated,True,False,False,True,True,1051078179=>1051078307,False,triage_V6_cTS_s1236_INSTR_WORD_MOD_step3025_is1236002435
V6_cTS,1236,6319,INSTR_WORD_MOD,2988,1236006319,accepted_propagated_candidate,weak,True,False,False,True,False,182969443=>48751715,False,triage_V6_cTS_s1236_INSTR_WORD_MOD_step2988_is1236006319
V6_cTS,1236,8376,INSTR_WORD_MOD,2948,1236008376,accepted_noop,,False,False,False,False,False,32871=>41063,False,triage_V6_cTS_s1236_INSTR_WORD_MOD_step2948_is1236008376
V6_cTS,1236,8923,INSTR_WORD_MOD,2860,1236008923,accepted_noop,word_truncated,True,False,False,True,True,71378435=>72427011,False,triage_V6_cTS_s1236_INSTR_WORD_MOD_step2860_is1236008923
V6_cTS,1236,3469,INSTR_WORD_MOD,2832,1236003469,accepted_noop,word_truncated,True,False,False,True,True,47262755=>47262883,False,triage_V6_cTS_s1236_INSTR_WORD_MOD_step2832_is1236003469
V6_cTS,1236,9651,INSTR_WORD_MOD,2826,1236009651,accepted_noop,word_truncated,True,False,False,True,True,46441859=>47490435,False,triage_V6_cTS_s1236_INSTR_WORD_MOD_step2826_is1236009651
V6_cTS,1236,1998,INSTR_WORD_MOD,1930,1236001998,accepted_noop,,False,False,False,False,False,2252374247=>2252382439,False,triage_V6_cTS_s1236_INSTR_WORD_MOD_step1930_is1236001998
V6_cTS,1236,8671,INSTR_WORD_MOD,1898,1236008671,accepted_noop,word_truncated,True,False,False,True,True,4270723=>6367875,False,triage_V6_cTS_s1236_INSTR_WORD_MOD_step1898_is1236008671
V6_cTS,1236,2210,INSTR_WORD_MOD,1869,1236002210,accepted_noop,word_truncated,True,False,False,True,True,50472195=>51520771,False,triage_V6_cTS_s1236_INSTR_WORD_MOD_step1869_is1236002210
V6_cTS,1235,201,POST_EXEC_PC_MOD,449,1235000201,accepted_noop,cf_inert,False,False,False,False,False,3221225792=>3221225796,False,triage_V6_cTS_s1235_POST_EXEC_PC_MOD_step449_is1235000201
V6_cTS,1235,4684,POST_EXEC_PC_MOD,762,1235004684,accepted_noop,cf_inert,False,False,False,False,False,3221225588=>3221225592,False,triage_V6_cTS_s1235_POST_EXEC_PC_MOD_step762_is1235004684
V6_cTS,1235,7874,POST_EXEC_PC_MOD,755,1235007874,accepted_noop,cf_inert,False,False,False,False,False,2122076=>2122080,False,triage_V6_cTS_s1235_POST_EXEC_PC_MOD_step755_is1235007874
V6_cTS,1235,8473,POST_EXEC_PC_MOD,752,1235008473,accepted_noop,cf_inert,False,False,False,False,False,2122064=>2122068,False,triage_V6_cTS_s1235_POST_EXEC_PC_MOD_step752_is1235008473
V6_cTS,1235,6214,POST_EXEC_PC_MOD,618,1235006214,accepted_noop,cf_inert,False,False,False,False,False,3221225820=>3221225824,False,triage_V6_cTS_s1235_POST_EXEC_PC_MOD_step618_is1235006214
V6_cTS,1235,1799,POST_EXEC_PC_MOD,590,1235001799,accepted_noop,cf_inert,False,False,False,False,False,2122052=>2122056,False,triage_V6_cTS_s1235_POST_EXEC_PC_MOD_step590_is1235001799
V6_cTS,1235,1348,POST_EXEC_PC_MOD,452,1235001348,accepted_noop,cf_inert,False,False,False,False,False,3221225804=>3221225808,False,triage_V6_cTS_s1235_POST_EXEC_PC_MOD_step452_is1235001348
V6_cTS,1235,9662,POST_EXEC_PC_MOD,451,1235009662,accepted_noop,cf_inert,False,False,False,False,False,3221225800=>3221225804,False,triage_V6_cTS_s1235_POST_EXEC_PC_MOD_step451_is1235009662
V6_cTS,1235,9670,POST_EXEC_PC_MOD,449,1235009670,accepted_noop,cf_inert,False,False,False,False,False,3221225792=>3221225796,False,triage_V6_cTS_s1235_POST_EXEC_PC_MOD_step449_is1235009670
V6_cTS,1235,5666,POST_EXEC_PC_MOD,414,1235005666,accepted_noop,cf_inert,False,False,False,False,False,2109844=>2109848,False,triage_V6_cTS_s1235_POST_EXEC_PC_MOD_step414_is1235005666
V6_cTS,1235,607,POST_EXEC_PC_MOD,773,1235000607,accepted_noop,cf_inert,False,False,False,False,False,3221225804=>3221225808,False,triage_V6_cTS_s1235_POST_EXEC_PC_MOD_step773_is1235000607
V6_cTS,1235,175,POST_EXEC_PC_MOD,3961,1235000175,accepted_propagated_candidate,weak,False,False,False,False,False,3221225720=>3221225724,False,triage_V6_cTS_s1235_POST_EXEC_PC_MOD_step3961_is1235000175
V6_cTS,1235,611,POST_EXEC_PC_MOD,3958,1235000611,accepted_noop,cf_inert,False,False,False,False,False,3221225708=>3221225712,False,triage_V6_cTS_s1235_POST_EXEC_PC_MOD_step3958_is1235000611
V6_cTS,1235,2767,POST_EXEC_PC_MOD,3955,1235002767,accepted_noop,cf_inert,False,False,False,False,False,3221225696=>3221225700,False,triage_V6_cTS_s1235_POST_EXEC_PC_MOD_step3955_is1235002767
V6_cTS,1235,6012,POST_EXEC_PC_MOD,3953,1235006012,accepted_noop,cf_inert,False,False,False,False,False,3221225688=>3221225692,False,triage_V6_cTS_s1235_POST_EXEC_PC_MOD_step3953_is1235006012
V6_cTS,1235,615,POST_EXEC_PC_MOD,3951,1235000615,accepted_noop,cf_inert,False,False,False,False,False,3221225680=>3221225684,False,triage_V6_cTS_s1235_POST_EXEC_PC_MOD_step3951_is1235000615
V6_cTS,1235,7524,POST_EXEC_PC_MOD,3948,1235007524,accepted_noop,cf_inert,False,False,False,False,False,3221225668=>3221225672,False,triage_V6_cTS_s1235_POST_EXEC_PC_MOD_step3948_is1235007524
V6_cTS,1235,1322,POST_EXEC_PC_MOD,3943,1235001322,accepted_noop,cf_inert,False,False,False,False,False,3221225648=>3221225652,False,triage_V6_cTS_s1235_POST_EXEC_PC_MOD_step3943_is1235001322
V6_cTS,1235,9169,POST_EXEC_PC_MOD,3941,1235009169,accepted_noop,cf_inert,False,False,False,False,False,3221225640=>3221225644,False,triage_V6_cTS_s1235_POST_EXEC_PC_MOD_step3941_is1235009169
V6_cTS,1235,4525,POST_EXEC_PC_MOD,763,1235004525,accepted_noop,cf_inert,False,False,False,False,False,3221225592=>3221225596,False,triage_V6_cTS_s1235_POST_EXEC_PC_MOD_step763_is1235004525
V6_cTS,1235,4468,POST_EXEC_PC_MOD,777,1235004468,accepted_noop,cf_inert,False,False,False,False,False,3221225820=>3221225824,False,triage_V6_cTS_s1235_POST_EXEC_PC_MOD_step777_is1235004468
V6_cTS,1236,5171,INSTR_WORD_MOD,1866,1236005171,accepted_noop,,False,False,False,False,False,360551=>376935,False,triage_V6_cTS_s1236_INSTR_WORD_MOD_step1866_is1236005171
V6_cTS,1236,3911,INSTR_WORD_MOD,1217,1236003911,accepted_propagated_candidate,weak,True,False,False,True,True,329251=>329507,False,triage_V6_cTS_s1236_INSTR_WORD_MOD_step1217_is1236003911
V6_cTS,1236,4940,INSTR_WORD_MOD,1861,1236004940,accepted_noop,,False,False,False,False,False,115=>627,False,triage_V6_cTS_s1236_INSTR_WORD_MOD_step1861_is1236004940
V6_cTS,1236,6088,INSTR_WORD_MOD,1818,1236006088,accepted_noop,cosmetic,True,False,False,True,False,15113827=>2162597475,False,triage_V6_cTS_s1236_INSTR_WORD_MOD_step1818_is1236006088
V6_cTS,1236,4086,INSTR_WORD_MOD,1811,1236004086,accepted_noop,cosmetic,True,False,False,True,False,15113827=>15112803,False,triage_V6_cTS_s1236_INSTR_WORD_MOD_step1811_is1236004086
V6_cTS,1236,4605,INSTR_WORD_MOD,1783,1236004605,accepted_noop,cosmetic,True,False,False,True,False,15113827=>48668259,False,triage_V6_cTS_s1236_INSTR_WORD_MOD_step1783_is1236004605
V6_cTS,1236,2545,INSTR_WORD_MOD,1585,1236002545,accepted_noop,cosmetic,True,False,False,True,False,15113827=>15112803,False,triage_V6_cTS_s1236_INSTR_WORD_MOD_step1585_is1236002545
V6_cTS,1236,7723,INSTR_WORD_MOD,1571,1236007723,accepted_noop,cosmetic,True,False,False,True,False,15113827=>48668259,False,triage_V6_cTS_s1236_INSTR_WORD_MOD_step1571_is1236007723
V6_cTS,1236,6197,INSTR_WORD_MOD,1466,1236006197,accepted_noop,cosmetic,True,False,False,True,False,15113827=>15111779,False,triage_V6_cTS_s1236_INSTR_WORD_MOD_step1466_is1236006197
V6_cTS,1236,3068,INSTR_WORD_MOD,1247,1236003068,accepted_noop,word_truncated,True,False,False,True,True,25240579=>26289155,False,triage_V6_cTS_s1236_INSTR_WORD_MOD_step1247_is1236003068
V6_cTS,1236,2335,INSTR_WORD_MOD,1170,1236002335,accepted_noop,,False,False,False,False,False,197165287=>197173479,False,triage_V6_cTS_s1236_INSTR_WORD_MOD_step1170_is1236002335
V6_cTS,1235,9696,POST_EXEC_PC_MOD,799,1235009696,accepted_noop,cf_inert,False,False,False,False,False,2099636=>2099640,False,triage_V6_cTS_s1235_POST_EXEC_PC_MOD_step799_is1235009696
V6_cTS,1236,1763,INSTR_WORD_MOD,1152,1236001763,accepted_noop,,False,False,False,False,False,32871=>36967,False,triage_V6_cTS_s1236_INSTR_WORD_MOD_step1152_is1236001763
V6_cTS,1235,2603,POST_EXEC_PC_MOD,999,1235002603,accepted_noop,cf_inert,False,False,False,False,False,2122084=>2122088,False,triage_V6_cTS_s1235_POST_EXEC_PC_MOD_step999_is1235002603
V6_cTS,1235,927,POST_EXEC_PC_MOD,966,1235000927,accepted_noop,cf_inert,False,False,False,False,False,2099784=>2099788,False,triage_V6_cTS_s1235_POST_EXEC_PC_MOD_step966_is1235000927
V6_cTS,1235,4538,POST_EXEC_PC_MOD,921,1235004538,accepted_noop,cf_inert,False,False,False,False,False,3221225584=>3221225588,False,triage_V6_cTS_s1235_POST_EXEC_PC_MOD_step921_is1235004538
V6_cTS,1235,5195,POST_EXEC_PC_MOD,842,1235005195,accepted_noop,cf_inert,False,False,False,False,False,3221225588=>3221225592,False,triage_V6_cTS_s1235_POST_EXEC_PC_MOD_step842_is1235005195
V6_cTS,1235,6059,POST_EXEC_PC_MOD,841,1235006059,accepted_noop,cf_inert,False,False,False,False,False,3221225584=>3221225588,False,triage_V6_cTS_s1235_POST_EXEC_PC_MOD_step841_is1235006059
V6_cTS,1235,633,POST_EXEC_PC_MOD,841,1235000633,accepted_noop,cf_inert,False,False,False,False,False,3221225584=>3221225588,False,triage_V6_cTS_s1235_POST_EXEC_PC_MOD_step841_is1235000633
V6_cTS,1235,5111,POST_EXEC_PC_MOD,802,1235005111,accepted_noop,cf_inert,False,False,False,False,False,2099648=>2099652,False,triage_V6_cTS_s1235_POST_EXEC_PC_MOD_step802_is1235005111
V6_cTS,1236,3798,INSTR_WORD_MOD,368,1236003798,accepted_noop,word_truncated,True,False,False,True,True,42083715=>44180867,False,triage_V6_cTS_s1236_INSTR_WORD_MOD_step368_is1236003798
V6_cTS,1236,4637,INSTR_WORD_MOD,3731,1236004637,accepted_noop,,False,False,False,False,False,2826993895=>2826997991,False,triage_V6_cTS_s1236_INSTR_WORD_MOD_step3731_is1236004637
V6_cTS,1234,7151,POST_EXEC_PC_MOD,2350,1234007151,accepted_noop,cf_inert,False,False,False,False,False,2101988=>2101992,False,triage_V6_cTS_s1234_POST_EXEC_PC_MOD_step2350_is1234007151
V6_cTS,1236,8603,INSTR_WORD_MOD,3742,1236008603,accepted_propagated_candidate,weak,True,False,False,True,False,4273376931=>4273376803,False,triage_V6_cTS_s1236_INSTR_WORD_MOD_step3742_is1236008603
V6_cTS,1236,3907,POST_EXEC_PC_MOD,3920,1236003907,accepted_noop,cf_inert,False,False,False,False,False,2103060=>2103064,False,triage_V6_cTS_s1236_POST_EXEC_PC_MOD_step3920_is1236003907
V6_cTS,1236,9145,POST_EXEC_PC_MOD,3915,1236009145,accepted_noop,cf_inert,False,False,False,False,False,2112516=>2112520,False,triage_V6_cTS_s1236_POST_EXEC_PC_MOD_step3915_is1236009145
V6_cTS,1236,7713,POST_EXEC_PC_MOD,386,1236007713,accepted_noop,cf_inert,False,False,False,False,False,2122172=>2122176,False,triage_V6_cTS_s1236_POST_EXEC_PC_MOD_step386_is1236007713
V6_cTS,1236,9404,POST_EXEC_PC_MOD,3795,1236009404,accepted_noop,cf_inert,False,False,False,False,False,2119604=>2119608,False,triage_V6_cTS_s1236_POST_EXEC_PC_MOD_step3795_is1236009404
V6_cTS,1236,8708,POST_EXEC_PC_MOD,3766,1236008708,accepted_noop,cf_inert,False,False,False,False,False,2110084=>2110088,False,triage_V6_cTS_s1236_POST_EXEC_PC_MOD_step3766_is1236008708
V6_cTS,1236,8252,POST_EXEC_PC_MOD,3766,1236008252,accepted_noop,cf_inert,False,False,False,False,False,2110084=>2110088,False,triage_V6_cTS_s1236_POST_EXEC_PC_MOD_step3766_is1236008252
V6_cTS,1236,3457,POST_EXEC_PC_MOD,3760,1236003457,accepted_noop,cf_inert,False,False,False,False,False,2110060=>2110064,False,triage_V6_cTS_s1236_POST_EXEC_PC_MOD_step3760_is1236003457
V6_cTS,1236,1780,POST_EXEC_PC_MOD,3580,1236001780,accepted_noop,cf_inert,False,False,False,False,False,3221226800=>3221226804,False,triage_V6_cTS_s1236_POST_EXEC_PC_MOD_step3580_is1236001780
V6_cTS,1236,1282,POST_EXEC_PC_MOD,355,1236001282,accepted_noop,cf_inert,False,False,False,False,False,2122080=>2122084,False,triage_V6_cTS_s1236_POST_EXEC_PC_MOD_step355_is1236001282
V6_cTS,1236,5031,POST_EXEC_PC_MOD,3535,1236005031,accepted_noop,cf_inert,False,False,False,False,False,2118608=>2118612,False,triage_V6_cTS_s1236_POST_EXEC_PC_MOD_step3535_is1236005031
V6_cTS,1236,4433,POST_EXEC_PC_MOD,336,1236004433,accepted_noop,cf_inert,False,False,False,False,False,2109852=>2109856,False,triage_V6_cTS_s1236_POST_EXEC_PC_MOD_step336_is1236004433
V6_cTS,1236,3514,POST_EXEC_PC_MOD,3363,1236003514,accepted_noop,cf_inert,False,False,False,False,False,2110496=>2110500,False,triage_V6_cTS_s1236_POST_EXEC_PC_MOD_step3363_is1236003514
V6_cTS,1236,7737,POST_EXEC_PC_MOD,3201,1236007737,accepted_noop,cf_inert,False,False,False,False,False,2119736=>2119740,False,triage_V6_cTS_s1236_POST_EXEC_PC_MOD_step3201_is1236007737
V6_cTS,1236,3588,POST_EXEC_PC_MOD,3141,1236003588,accepted_noop,cf_inert,False,False,False,False,False,2119604=>2119608,False,triage_V6_cTS_s1236_POST_EXEC_PC_MOD_step3141_is1236003588
V6_cTS,1236,5368,POST_EXEC_PC_MOD,3128,1236005368,accepted_noop,cf_inert,False,False,False,False,False,2119552=>2119556,False,triage_V6_cTS_s1236_POST_EXEC_PC_MOD_step3128_is1236005368
V6_cTS,1236,9375,POST_EXEC_PC_MOD,3114,1236009375,accepted_noop,cf_inert,False,False,False,False,False,2110092=>2110096,False,triage_V6_cTS_s1236_POST_EXEC_PC_MOD_step3114_is1236009375
V6_cTS,1236,3111,POST_EXEC_PC_MOD,307,1236003111,accepted_noop,cf_inert,False,False,False,False,False,2109880=>2109884,False,triage_V6_cTS_s1236_POST_EXEC_PC_MOD_step307_is1236003111
V6_cTS,1236,6436,POST_EXEC_PC_MOD,295,1236006436,accepted_noop,cf_inert,False,False,False,False,False,3221225820=>3221225824,False,triage_V6_cTS_s1236_POST_EXEC_PC_MOD_step295_is1236006436
V6_cTS,1236,5929,POST_EXEC_PC_MOD,294,1236005929,accepted_noop,cf_inert,False,False,False,False,False,3221225816=>3221225820,False,triage_V6_cTS_s1236_POST_EXEC_PC_MOD_step294_is1236005929
V6_cTS,1236,7359,POST_EXEC_PC_MOD,3924,1236007359,accepted_noop,cf_inert,False,False,False,False,False,2121824=>2121828,False,triage_V6_cTS_s1236_POST_EXEC_PC_MOD_step3924_is1236007359
V6_cTS,1236,191,POST_EXEC_PC_MOD,3929,1236000191,accepted_noop,cf_inert,False,False,False,False,False,3221225592=>3221225596,False,triage_V6_cTS_s1236_POST_EXEC_PC_MOD_step3929_is1236000191
V6_cTS,1236,1039,POST_EXEC_PC_MOD,3929,1236001039,accepted_noop,cf_inert,False,False,False,False,False,3221225592=>3221225596,False,triage_V6_cTS_s1236_POST_EXEC_PC_MOD_step3929_is1236001039
V6_cTS,1236,5544,POST_EXEC_PC_MOD,538,1236005544,accepted_noop,cf_inert,False,False,False,False,False,2122100=>2122104,False,triage_V6_cTS_s1236_POST_EXEC_PC_MOD_step538_is1236005544
V6_cTS,1236,924,POST_EXEC_PC_MOD,88,1236000924,accepted_noop,cf_inert,False,False,False,False,False,2110100=>2110104,False,triage_V6_cTS_s1236_POST_EXEC_PC_MOD_step88_is1236000924
V6_cTS,1236,6906,POST_EXEC_PC_MOD,842,1236006906,accepted_noop,cf_inert,False,False,False,False,False,3221225588=>3221225592,False,triage_V6_cTS_s1236_POST_EXEC_PC_MOD_step842_is1236006906
V6_cTS,1236,3074,POST_EXEC_PC_MOD,773,1236003074,accepted_noop,cf_inert,False,False,False,False,False,3221225804=>3221225808,False,triage_V6_cTS_s1236_POST_EXEC_PC_MOD_step773_is1236003074
V6_cTS,1236,192,POST_EXEC_PC_MOD,763,1236000192,accepted_noop,cf_inert,False,False,False,False,False,3221225592=>3221225596,False,triage_V6_cTS_s1236_POST_EXEC_PC_MOD_step763_is1236000192
V6_cTS,1236,1182,POST_EXEC_PC_MOD,759,1236001182,accepted_noop,cf_inert,False,False,False,False,False,2122092=>2122096,False,triage_V6_cTS_s1236_POST_EXEC_PC_MOD_step759_is1236001182
V6_cTS,1236,627,POST_EXEC_PC_MOD,6,1236000627,accepted_noop,cf_inert,False,False,False,False,False,3221225496=>3221225500,False,triage_V6_cTS_s1236_POST_EXEC_PC_MOD_step6_is1236000627
V6_cTS,1236,5796,POST_EXEC_PC_MOD,614,1236005796,accepted_noop,cf_inert,False,False,False,False,False,3221225804=>3221225808,False,triage_V6_cTS_s1236_POST_EXEC_PC_MOD_step614_is1236005796
V6_cTS,1236,8777,POST_EXEC_PC_MOD,608,1236008777,accepted_noop,cf_inert,False,False,False,False,False,3221225780=>3221225784,False,triage_V6_cTS_s1236_POST_EXEC_PC_MOD_step608_is1236008777
V6_cTS,1236,4383,POST_EXEC_PC_MOD,452,1236004383,accepted_noop,cf_inert,False,False,False,False,False,3221225804=>3221225808,False,triage_V6_cTS_s1236_POST_EXEC_PC_MOD_step452_is1236004383
V6_cTS,1236,1679,POST_EXEC_PC_MOD,3930,1236001679,accepted_noop,cf_inert,False,False,False,False,False,3221225596=>3221225600,False,triage_V6_cTS_s1236_POST_EXEC_PC_MOD_step3930_is1236001679
V6_cTS,1236,8536,POST_EXEC_PC_MOD,451,1236008536,accepted_noop,cf_inert,False,False,False,False,False,3221225800=>3221225804,False,triage_V6_cTS_s1236_POST_EXEC_PC_MOD_step451_is1236008536
V6_cTS,1236,2641,POST_EXEC_PC_MOD,450,1236002641,accepted_noop,cf_inert,False,False,False,False,False,3221225796=>3221225800,False,triage_V6_cTS_s1236_POST_EXEC_PC_MOD_step450_is1236002641
V6_cTS,1236,4116,POST_EXEC_PC_MOD,3950,1236004116,accepted_noop,cf_inert,False,False,False,False,False,3221225676=>3221225680,False,triage_V6_cTS_s1236_POST_EXEC_PC_MOD_step3950_is1236004116
V6_cTS,1236,9230,POST_EXEC_PC_MOD,3947,1236009230,accepted_noop,cf_inert,False,False,False,False,False,3221225664=>3221225668,False,triage_V6_cTS_s1236_POST_EXEC_PC_MOD_step3947_is1236009230
V6_cTS,1236,6688,POST_EXEC_PC_MOD,3943,1236006688,accepted_noop,cf_inert,False,False,False,False,False,3221225648=>3221225652,False,triage_V6_cTS_s1236_POST_EXEC_PC_MOD_step3943_is1236006688
V6_cTS,1236,4891,POST_EXEC_PC_MOD,3943,1236004891,accepted_noop,cf_inert,False,False,False,False,False,3221225648=>3221225652,False,triage_V6_cTS_s1236_POST_EXEC_PC_MOD_step3943_is1236004891
V6_cTS,1236,178,POST_EXEC_PC_MOD,3937,1236000178,accepted_noop,cf_inert,False,False,False,False,False,3221225624=>3221225628,False,triage_V6_cTS_s1236_POST_EXEC_PC_MOD_step3937_is1236000178
V6_cTS,1236,9944,POST_EXEC_PC_MOD,3935,1236009944,accepted_noop,cf_inert,False,False,False,False,False,3221225616=>3221225620,False,triage_V6_cTS_s1236_POST_EXEC_PC_MOD_step3935_is1236009944
V6_cTS,1236,4674,POST_EXEC_PC_MOD,2850,1236004674,accepted_noop,cf_inert,False,False,False,False,False,2112384=>2112388,False,triage_V6_cTS_s1236_POST_EXEC_PC_MOD_step2850_is1236004674
V6_cTS,1236,9112,POST_EXEC_PC_MOD,2826,1236009112,accepted_noop,cf_inert,False,False,False,False,False,2111592=>2111596,False,triage_V6_cTS_s1236_POST_EXEC_PC_MOD_step2826_is1236009112
V6_cTS,1236,166,POST_EXEC_PC_MOD,2803,1236000166,accepted_noop,cf_inert,False,False,False,False,False,2111500=>2111504,False,triage_V6_cTS_s1236_POST_EXEC_PC_MOD_step2803_is1236000166
V6_cTS,1236,6367,INSTR_WORD_MOD,3945,1236006367,accepted_noop,word_truncated,True,False,False,True,True,7546915=>7547171,False,triage_V6_cTS_s1236_INSTR_WORD_MOD_step3945_is1236006367
V6_cTS,1236,6028,INSTR_WORD_MOD,946,1236006028,accepted_noop,cosmetic,True,False,False,True,False,4160954083=>3087212259,False,triage_V6_cTS_s1236_INSTR_WORD_MOD_step946_is1236006028
V6_cTS,1236,8239,INSTR_WORD_MOD,802,1236008239,accepted_noop,cosmetic,True,False,False,True,False,793058403=>793058531,False,triage_V6_cTS_s1236_INSTR_WORD_MOD_step802_is1236008239
V6_cTS,1236,3885,INSTR_WORD_MOD,639,1236003885,accepted_noop,,False,False,False,False,False,32871=>41063,False,triage_V6_cTS_s1236_INSTR_WORD_MOD_step639_is1236003885
V6_cTS,1236,7825,INSTR_WORD_MOD,527,1236007825,accepted_noop,word_truncated,True,False,False,True,True,50472195=>52569347,False,triage_V6_cTS_s1236_INSTR_WORD_MOD_step527_is1236007825
V6_cTS,1236,63,INSTR_WORD_MOD,519,1236000063,accepted_noop,,False,False,False,False,False,115=>2163,False,triage_V6_cTS_s1236_INSTR_WORD_MOD_step519_is1236000063
V6_cTS,1236,5044,INSTR_WORD_MOD,50,1236005044,accepted_noop,cosmetic,True,False,False,True,False,235276899=>1309018723,False,triage_V6_cTS_s1236_INSTR_WORD_MOD_step50_is1236005044
V6_cTS,1236,7084,INSTR_WORD_MOD,472,1236007084,accepted_noop,word_truncated,True,False,False,True,True,10756131=>10756259,False,triage_V6_cTS_s1236_INSTR_WORD_MOD_step472_is1236007084
V6_cTS,1236,8720,INSTR_WORD_MOD,3949,1236008720,accepted_noop,word_truncated,True,False,False,True,True,7547939=>7548067,False,triage_V6_cTS_s1236_INSTR_WORD_MOD_step3949_is1236008720
V6_cTS,1236,2757,INSTR_WORD_MOD,3941,1236002757,accepted_noop,word_truncated,True,False,False,True,True,7545891=>7546147,False,triage_V6_cTS_s1236_INSTR_WORD_MOD_step3941_is1236002757
V6_cTS,1236,1416,POST_EXEC_PC_MOD,0,1236001416,accepted_noop,cf_inert,False,False,False,False,False,3221225472=>3221225476,False,triage_V6_cTS_s1236_POST_EXEC_PC_MOD_step0_is1236001416
V6_cTS,1236,4241,INSTR_WORD_MOD,3937,1236004241,accepted_noop,word_truncated,True,False,False,True,True,7544867=>7545123,False,triage_V6_cTS_s1236_INSTR_WORD_MOD_step3937_is1236004241
V6_cTS,1236,1758,INSTR_WORD_MOD,3886,1236001758,accepted_noop,cosmetic,True,False,False,True,False,592995=>593507,False,triage_V6_cTS_s1236_INSTR_WORD_MOD_step3886_is1236001758
V6_cTS,1236,37,INSTR_WORD_MOD,3876,1236000037,accepted_noop,word_truncated,True,False,False,True,True,13902883=>13903139,False,triage_V6_cTS_s1236_INSTR_WORD_MOD_step3876_is1236000037
V6_cTS,1236,7640,INSTR_WORD_MOD,3861,1236007640,accepted_noop,,False,False,False,False,False,32871=>41063,False,triage_V6_cTS_s1236_INSTR_WORD_MOD_step3861_is1236007640
V6_cTS,1236,7325,INSTR_WORD_MOD,3839,1236007325,accepted_noop,,False,False,False,False,False,32871=>41063,False,triage_V6_cTS_s1236_INSTR_WORD_MOD_step3839_is1236007325
V6_cTS,1236,2081,INSTR_WORD_MOD,3812,1236002081,accepted_noop,cosmetic,True,False,False,True,False,19224675=>287660131,False,triage_V6_cTS_s1236_INSTR_WORD_MOD_step3812_is1236002081
V6_cTS,1236,4348,INSTR_WORD_MOD,3753,1236004348,accepted_propagated_candidate,weak,True,False,False,True,False,267777427=>234222995,False,triage_V6_cTS_s1236_INSTR_WORD_MOD_step3753_is1236004348
V6_cTS,1236,9305,INSTR_WORD_MOD,3743,1236009305,accepted_propagated_candidate,weak,True,False,False,True,False,216425571=>216426083,False,triage_V6_cTS_s1236_INSTR_WORD_MOD_step3743_is1236009305
V6_cTS,1236,4638,INSTR_WORD_MOD,956,1236004638,accepted_noop,word_truncated,True,False,False,True,True,4269187=>5317763,False,triage_V6_cTS_s1236_INSTR_WORD_MOD_step956_is1236004638
V6_cTS,1236,2219,POST_EXEC_PC_MOD,0,1236002219,accepted_noop,cf_inert,False,False,False,False,False,3221225472=>3221225476,False,triage_V6_cTS_s1236_POST_EXEC_PC_MOD_step0_is1236002219
V6_cTS,1236,8455,POST_EXEC_PC_MOD,2796,1236008455,accepted_noop,cf_inert,False,False,False,False,False,2111456=>2111460,False,triage_V6_cTS_s1236_POST_EXEC_PC_MOD_step2796_is1236008455
V6_cTS,1236,9695,POST_EXEC_PC_MOD,2311,1236009695,accepted_noop,cf_inert,False,False,False,False,False,2110532=>2110536,False,triage_V6_cTS_s1236_POST_EXEC_PC_MOD_step2311_is1236009695
V6_cTS,1236,6894,POST_EXEC_PC_MOD,2771,1236006894,accepted_noop,cf_inert,False,False,False,False,False,2103008=>2103012,False,triage_V6_cTS_s1236_POST_EXEC_PC_MOD_step2771_is1236006894
V6_cTS,1236,8045,POST_EXEC_PC_MOD,276,1236008045,accepted_noop,cf_inert,False,False,False,False,False,2122088=>2122092,False,triage_V6_cTS_s1236_POST_EXEC_PC_MOD_step276_is1236008045
V6_cTS,1236,173,POST_EXEC_PC_MOD,2563,1236000173,accepted_noop,cf_inert,False,False,False,False,False,2102400=>2102404,False,triage_V6_cTS_s1236_POST_EXEC_PC_MOD_step2563_is1236000173
V6_cTS,1236,2863,POST_EXEC_PC_MOD,244,1236002863,accepted_noop,cf_inert,False,False,False,False,False,2099252=>2099256,False,triage_V6_cTS_s1236_POST_EXEC_PC_MOD_step244_is1236002863
V6_cTS,1236,4795,POST_EXEC_PC_MOD,236,1236004795,accepted_noop,cf_inert,False,False,False,False,False,2099220=>2099224,False,triage_V6_cTS_s1236_POST_EXEC_PC_MOD_step236_is1236004795
V6_cTS,1236,1395,POST_EXEC_PC_MOD,2321,1236001395,accepted_noop,cf_inert,False,False,False,False,False,2110572=>2110576,False,triage_V6_cTS_s1236_POST_EXEC_PC_MOD_step2321_is1236001395
V6_cTS,1236,6346,POST_EXEC_PC_MOD,2314,1236006346,accepted_noop,cf_inert,False,False,False,False,False,2110544=>2110548,False,triage_V6_cTS_s1236_POST_EXEC_PC_MOD_step2314_is1236006346
V6_cTS,1236,4217,POST_EXEC_PC_MOD,2314,1236004217,accepted_noop,cf_inert,False,False,False,False,False,2110544=>2110548,False,triage_V6_cTS_s1236_POST_EXEC_PC_MOD_step2314_is1236004217
V6_cTS,1236,597,POST_EXEC_PC_MOD,2204,1236000597,accepted_noop,cf_inert,False,False,False,False,False,2113908=>2113912,False,triage_V6_cTS_s1236_POST_EXEC_PC_MOD_step2204_is1236000597
V6_cTS,1236,7562,POST_EXEC_PC_MOD,0,1236007562,accepted_noop,cf_inert,False,False,False,False,False,3221225472=>3221225476,False,triage_V6_cTS_s1236_POST_EXEC_PC_MOD_step0_is1236007562
V6_cTS,1236,1205,POST_EXEC_PC_MOD,2186,1236001205,accepted_noop,cf_inert,False,False,False,False,False,2106744=>2106748,False,triage_V6_cTS_s1236_POST_EXEC_PC_MOD_step2186_is1236001205
V6_cTS,1236,6968,POST_EXEC_PC_MOD,2136,1236006968,accepted_noop,cf_inert,False,False,False,False,False,2106632=>2106636,False,triage_V6_cTS_s1236_POST_EXEC_PC_MOD_step2136_is1236006968
V6_cTS,1236,920,POST_EXEC_PC_MOD,2136,1236000920,accepted_noop,cf_inert,False,False,False,False,False,2106632=>2106636,False,triage_V6_cTS_s1236_POST_EXEC_PC_MOD_step2136_is1236000920
V6_cTS,1236,6276,POST_EXEC_PC_MOD,2084,1236006276,accepted_noop,cf_inert,False,False,False,False,False,2121724=>2121728,False,triage_V6_cTS_s1236_POST_EXEC_PC_MOD_step2084_is1236006276
V6_cTS,1236,8139,POST_EXEC_PC_MOD,2055,1236008139,accepted_noop,cf_inert,False,False,False,False,False,2121680=>2121684,False,triage_V6_cTS_s1236_POST_EXEC_PC_MOD_step2055_is1236008139
V6_cTS,1236,587,POST_EXEC_PC_MOD,1880,1236000587,accepted_noop,cf_inert,False,False,False,False,False,2121716=>2121720,False,triage_V6_cTS_s1236_POST_EXEC_PC_MOD_step1880_is1236000587
V6_cTS,1236,9987,POST_EXEC_PC_MOD,1594,1236009987,accepted_noop,cf_inert,False,False,False,False,False,2109096=>2109100,False,triage_V6_cTS_s1236_POST_EXEC_PC_MOD_step1594_is1236009987
V6_cTS,1236,8400,POST_EXEC_PC_MOD,0,1236008400,accepted_noop,cf_inert,False,False,False,False,False,3221225472=>3221225476,False,triage_V6_cTS_s1236_POST_EXEC_PC_MOD_step0_is1236008400
V6_cTS,1235,8379,POST_EXEC_PC_MOD,392,1235008379,accepted_noop,cf_inert,False,False,False,False,False,2109924=>2109928,False,triage_V6_cTS_s1235_POST_EXEC_PC_MOD_step392_is1235008379
V6_cTS,1235,5947,POST_EXEC_PC_MOD,3929,1235005947,accepted_noop,cf_inert,False,False,False,False,False,3221225592=>3221225596,False,triage_V6_cTS_s1235_POST_EXEC_PC_MOD_step3929_is1235005947
V6_cTS,1235,3624,POST_EXEC_PC_MOD,3929,1235003624,accepted_noop,cf_inert,False,False,False,False,False,3221225592=>3221225596,False,triage_V6_cTS_s1235_POST_EXEC_PC_MOD_step3929_is1235003624
V6_cTS,1235,6828,POST_EXEC_PC_MOD,3894,1235006828,accepted_noop,cf_inert,False,False,False,False,False,2117000=>2117004,False,triage_V6_cTS_s1235_POST_EXEC_PC_MOD_step3894_is1235006828
V6_cTS,1235,8081,INSTR_WORD_MOD,1080,1235008081,accepted_noop,,False,False,False,False,False,1946190055=>1946198247,False,triage_V6_cTS_s1235_INSTR_WORD_MOD_step1080_is1235008081
V6_cTS,1234,3929,POST_EXEC_PC_MOD,999,1234003929,accepted_noop,cf_inert,False,False,False,False,False,2122084=>2122088,False,triage_V6_cTS_s1234_POST_EXEC_PC_MOD_step999_is1234003929
V6_cTS,1234,928,POST_EXEC_PC_MOD,915,1234000928,accepted_noop,cf_inert,False,False,False,False,False,2122076=>2122080,False,triage_V6_cTS_s1234_POST_EXEC_PC_MOD_step915_is1234000928
V6_cTS,1234,9449,POST_EXEC_PC_MOD,824,1234009449,accepted_noop,cf_inert,False,False,False,False,False,2122032=>2122036,False,triage_V6_cTS_s1234_POST_EXEC_PC_MOD_step824_is1234009449
V6_cTS,1234,4175,POST_EXEC_PC_MOD,824,1234004175,accepted_noop,cf_inert,False,False,False,False,False,2122032=>2122036,False,triage_V6_cTS_s1234_POST_EXEC_PC_MOD_step824_is1234004175
V6_cTS,1234,164,POST_EXEC_PC_MOD,777,1234000164,accepted_noop,cf_inert,False,False,False,False,False,3221225820=>3221225824,False,triage_V6_cTS_s1234_POST_EXEC_PC_MOD_step777_is1234000164
V6_cTS,1234,8223,POST_EXEC_PC_MOD,763,1234008223,accepted_noop,cf_inert,False,False,False,False,False,3221225592=>3221225596,False,triage_V6_cTS_s1234_POST_EXEC_PC_MOD_step763_is1234008223
V6_cTS,1234,4493,POST_EXEC_PC_MOD,754,1234004493,accepted_noop,cf_inert,False,False,False,False,False,2122072=>2122076,False,triage_V6_cTS_s1234_POST_EXEC_PC_MOD_step754_is1234004493
V6_cTS,1234,588,POST_EXEC_PC_MOD,656,1234000588,accepted_noop,cf_inert,False,False,False,False,False,2109844=>2109848,False,triage_V6_cTS_s1234_POST_EXEC_PC_MOD_step656_is1234000588
V6_cTS,1234,8159,POST_EXEC_PC_MOD,618,1234008159,accepted_noop,cf_inert,False,False,False,False,False,3221225820=>3221225824,False,triage_V6_cTS_s1234_POST_EXEC_PC_MOD_step618_is1234008159
V6_cTS,1234,170,POST_EXEC_PC_MOD,618,1234000170,accepted_noop,cf_inert,False,False,False,False,False,3221225820=>3221225824,False,triage_V6_cTS_s1234_POST_EXEC_PC_MOD_step618_is1234000170
V6_cTS,1234,1253,POST_EXEC_PC_MOD,530,1234001253,accepted_noop,cf_inert,False,False,False,False,False,3221225796=>3221225800,False,triage_V6_cTS_s1234_POST_EXEC_PC_MOD_step530_is1234001253
V6_cTS,1234,5003,POST_EXEC_PC_MOD,529,1234005003,accepted_noop,cf_inert,False,False,False,False,False,3221225792=>3221225796,False,triage_V6_cTS_s1234_POST_EXEC_PC_MOD_step529_is1234005003
V6_cTS,1234,633,POST_EXEC_PC_MOD,529,1234000633,accepted_noop,cf_inert,False,False,False,False,False,3221225792=>3221225796,False,triage_V6_cTS_s1234_POST_EXEC_PC_MOD_step529_is1234000633
V6_cTS,1234,9473,POST_EXEC_PC_MOD,451,1234009473,accepted_noop,cf_inert,False,False,False,False,False,3221225800=>3221225804,False,triage_V6_cTS_s1234_POST_EXEC_PC_MOD_step451_is1234009473
V6_cTS,1234,3717,POST_EXEC_PC_MOD,451,1234003717,accepted_noop,cf_inert,False,False,False,False,False,3221225800=>3221225804,False,triage_V6_cTS_s1234_POST_EXEC_PC_MOD_step451_is1234003717
V6_cTS,1234,9820,POST_EXEC_PC_MOD,3961,1234009820,accepted_propagated_candidate,weak,False,False,False,False,False,3221225720=>3221225724,False,triage_V6_cTS_s1234_POST_EXEC_PC_MOD_step3961_is1234009820
V6_cTS,1234,4309,POST_EXEC_PC_MOD,3959,1234004309,accepted_noop,cf_inert,False,False,False,False,False,3221225712=>3221225716,False,triage_V6_cTS_s1234_POST_EXEC_PC_MOD_step3959_is1234004309
V6_cTS,1234,174,POST_EXEC_PC_MOD,3957,1234000174,accepted_noop,cf_inert,False,False,False,False,False,3221225704=>3221225708,False,triage_V6_cTS_s1234_POST_EXEC_PC_MOD_step3957_is1234000174
V6_cTS,1235,4084,INSTR_WORD_MOD,1106,1235004084,accepted_propagated_candidate,weak,True,False,False,True,False,13233763=>13234019,False,triage_V6_cTS_s1235_INSTR_WORD_MOD_step1106_is1235004084
V6_cTS,1235,6528,INSTR_WORD_MOD,1235,1235006528,accepted_noop,word_truncated,True,False,False,True,True,25242115=>27339267,False,triage_V6_cTS_s1235_INSTR_WORD_MOD_step1235_is1235006528
V6_cTS,1235,2936,INSTR_WORD_MOD,1240,1235002936,accepted_noop,word_truncated,True,False,False,True,True,46211203=>48308355,False,triage_V6_cTS_s1235_INSTR_WORD_MOD_step1240_is1235002936
V6_cTS,1235,7737,INSTR_WORD_MOD,1846,1235007737,accepted_noop,cosmetic,True,False,False,True,False,15113827=>283549411,False,triage_V6_cTS_s1235_INSTR_WORD_MOD_step1846_is1235007737
V6_cTS,1235,4621,INSTR_WORD_MOD,2210,1235004621,accepted_noop,word_truncated,True,False,False,True,True,151071491=>152120067,False,triage_V6_cTS_s1235_INSTR_WORD_MOD_step2210_is1235004621
V6_cTS,1235,9403,INSTR_WORD_MOD,2166,1235009403,accepted_noop,word_truncated,True,False,False,True,True,1051078179=>1051078435,False,triage_V6_cTS_s1235_INSTR_WORD_MOD_step2166_is1235009403
V6_cTS,1235,5899,INSTR_WORD_MOD,2161,1235005899,accepted_propagated_candidate,weak,True,False,False,True,False,45441123=>313876579,False,triage_V6_cTS_s1235_INSTR_WORD_MOD_step2161_is1235005899
V6_cTS,1235,3747,INSTR_WORD_MOD,2020,1235003747,accepted_noop,cosmetic,True,False,False,True,False,15113827=>15112803,False,triage_V6_cTS_s1235_INSTR_WORD_MOD_step2020_is1235003747
V6_cTS,1235,1649,INSTR_WORD_MOD,1985,1235001649,accepted_noop,cosmetic,True,False,False,True,False,15113827=>1088855651,False,triage_V6_cTS_s1235_INSTR_WORD_MOD_step1985_is1235001649
V6_cTS,1235,5354,INSTR_WORD_MOD,1978,1235005354,accepted_noop,cosmetic,True,False,False,True,False,15113827=>15113955,False,triage_V6_cTS_s1235_INSTR_WORD_MOD_step1978_is1235005354
V6_cTS,1235,2076,INSTR_WORD_MOD,1957,1235002076,accepted_noop,cosmetic,True,False,False,True,False,15113827=>551984739,False,triage_V6_cTS_s1235_INSTR_WORD_MOD_step1957_is1235002076
V6_cTS,1235,9691,INSTR_WORD_MOD,1853,1235009691,accepted_noop,cosmetic,True,False,False,True,False,67440739=>201658467,False,triage_V6_cTS_s1235_INSTR_WORD_MOD_step1853_is1235009691
V6_cTS,1235,9919,INSTR_WORD_MOD,1832,1235009919,accepted_noop,cosmetic,True,False,False,True,False,15113827=>15114083,False,triage_V6_cTS_s1235_INSTR_WORD_MOD_step1832_is1235009919
V6_cTS,1235,7618,INSTR_WORD_MOD,1274,1235007618,accepted_noop,cosmetic,True,False,False,True,False,1354039907=>1354039395,False,triage_V6_cTS_s1235_INSTR_WORD_MOD_step1274_is1235007618
V6_cTS,1235,1378,INSTR_WORD_MOD,176,1235001378,accepted_noop,,False,False,False,False,False,32871=>36967,False,triage_V6_cTS_s1235_INSTR_WORD_MOD_step176_is1235001378
V6_cTS,1235,4274,INSTR_WORD_MOD,1741,1235004274,accepted_noop,cosmetic,True,False,False,True,False,15113827=>48668259,False,triage_V6_cTS_s1235_INSTR_WORD_MOD_step1741_is1235004274
V6_cTS,1235,7631,INSTR_WORD_MOD,1644,1235007631,accepted_noop,word_truncated,True,False,False,True,True,4531715=>5580291,False,triage_V6_cTS_s1235_INSTR_WORD_MOD_step1644_is1235007631
V6_cTS,1235,3113,INSTR_WORD_MOD,1623,1235003113,accepted_noop,word_truncated,True,False,False,True,True,156314147=>156314403,False,triage_V6_cTS_s1235_INSTR_WORD_MOD_step1623_is1235003113
V6_cTS,1235,460,INSTR_WORD_MOD,1564,1235000460,accepted_noop,cosmetic,True,False,False,True,False,15113827=>283549283,False,triage_V6_cTS_s1235_INSTR_WORD_MOD_step1564_is1235000460
V6_cTS,1235,3107,INSTR_WORD_MOD,1452,1235003107,accepted_noop,cosmetic,True,False,False,True,False,15113827=>2162597475,False,triage_V6_cTS_s1235_INSTR_WORD_MOD_step1452_is1235003107
V6_cTS,1235,2802,INSTR_WORD_MOD,1340,1235002802,accepted_noop,,False,False,False,False,False,3376447719=>3376451815,False,triage_V6_cTS_s1235_INSTR_WORD_MOD_step1340_is1235002802
V6_cTS,1235,6298,INSTR_WORD_MOD,1336,1235006298,accepted_noop,cosmetic,True,False,False,True,False,33920611=>33919587,False,triage_V6_cTS_s1235_INSTR_WORD_MOD_step1336_is1235006298
V6_cTS,1234,4883,POST_EXEC_PC_MOD,3949,1234004883,accepted_noop,cf_inert,False,False,False,False,False,3221225672=>3221225676,False,triage_V6_cTS_s1234_POST_EXEC_PC_MOD_step3949_is1234004883
V6_cTS,1234,9286,POST_EXEC_PC_MOD,3948,1234009286,accepted_noop,cf_inert,False,False,False,False,False,3221225668=>3221225672,False,triage_V6_cTS_s1234_POST_EXEC_PC_MOD_step3948_is1234009286
V6_cTS,1234,3593,POST_EXEC_PC_MOD,3939,1234003593,accepted_noop,cf_inert,False,False,False,False,False,3221225632=>3221225636,False,triage_V6_cTS_s1234_POST_EXEC_PC_MOD_step3939_is1234003593
V6_cTS,1234,8809,POST_EXEC_PC_MOD,276,1234008809,accepted_noop,cf_inert,False,False,False,False,False,2122088=>2122092,False,triage_V6_cTS_s1234_POST_EXEC_PC_MOD_step276_is1234008809
V6_cTS,1234,3551,POST_EXEC_PC_MOD,3108,1234003551,accepted_noop,cf_inert,False,False,False,False,False,2110068=>2110072,False,triage_V6_cTS_s1234_POST_EXEC_PC_MOD_step3108_is1234003551
V6_cTS,1234,1184,POST_EXEC_PC_MOD,3103,1234001184,accepted_noop,cf_inert,False,False,False,False,False,2110048=>2110052,False,triage_V6_cTS_s1234_POST_EXEC_PC_MOD_step3103_is1234001184
V6_cTS,1234,621,POST_EXEC_PC_MOD,3103,1234000621,accepted_noop,cf_inert,False,False,False,False,False,2110048=>2110052,False,triage_V6_cTS_s1234_POST_EXEC_PC_MOD_step3103_is1234000621
V6_cTS,1234,8128,POST_EXEC_PC_MOD,3078,1234008128,accepted_noop,cf_inert,False,False,False,False,False,2109948=>2109952,False,triage_V6_cTS_s1234_POST_EXEC_PC_MOD_step3078_is1234008128
V6_cTS,1234,5232,POST_EXEC_PC_MOD,294,1234005232,accepted_noop,cf_inert,False,False,False,False,False,3221225816=>3221225820,False,triage_V6_cTS_s1234_POST_EXEC_PC_MOD_step294_is1234005232
V6_cTS,1234,8003,POST_EXEC_PC_MOD,2942,1234008003,accepted_noop,cf_inert,False,False,False,False,False,2121252=>2121256,False,triage_V6_cTS_s1234_POST_EXEC_PC_MOD_step2942_is1234008003
V6_cTS,1234,4107,POST_EXEC_PC_MOD,290,1234004107,accepted_noop,cf_inert,False,False,False,False,False,3221225800=>3221225804,False,triage_V6_cTS_s1234_POST_EXEC_PC_MOD_step290_is1234004107
V6_cTS,1234,5426,POST_EXEC_PC_MOD,2889,1234005426,accepted_noop,cf_inert,False,False,False,False,False,2116352=>2116356,False,triage_V6_cTS_s1234_POST_EXEC_PC_MOD_step2889_is1234005426
V6_cTS,1234,4638,POST_EXEC_PC_MOD,276,1234004638,accepted_noop,cf_inert,False,False,False,False,False,2122088=>2122092,False,triage_V6_cTS_s1234_POST_EXEC_PC_MOD_step276_is1234004638
V6_cTS,1234,609,POST_EXEC_PC_MOD,3202,1234000609,accepted_noop,cf_inert,False,False,False,False,False,2119740=>2119744,False,triage_V6_cTS_s1234_POST_EXEC_PC_MOD_step3202_is1234000609
V6_cTS,1234,6216,POST_EXEC_PC_MOD,2706,1234006216,accepted_noop,cf_inert,False,False,False,False,False,2102732=>2102736,False,triage_V6_cTS_s1234_POST_EXEC_PC_MOD_step2706_is1234006216
V6_cTS,1234,156,POST_EXEC_PC_MOD,2652,1234000156,accepted_noop,cf_inert,False,False,False,False,False,2118396=>2118400,False,triage_V6_cTS_s1234_POST_EXEC_PC_MOD_step2652_is1234000156
V6_cTS,1234,6602,POST_EXEC_PC_MOD,2541,1234006602,accepted_noop,cf_inert,False,False,False,False,False,2119120=>2119124,False,triage_V6_cTS_s1234_POST_EXEC_PC_MOD_step2541_is1234006602
V6_cTS,1234,6054,POST_EXEC_PC_MOD,2506,1234006054,accepted_noop,cf_inert,False,False,False,False,False,3221225584=>3221225588,False,triage_V6_cTS_s1234_POST_EXEC_PC_MOD_step2506_is1234006054
V6_cTS,1234,9658,POST_EXEC_PC_MOD,2494,1234009658,accepted_noop,cf_inert,False,False,False,False,False,2121268=>2121272,False,triage_V6_cTS_s1234_POST_EXEC_PC_MOD_step2494_is1234009658
V6_cTS,1234,7537,POST_EXEC_PC_MOD,2494,1234007537,accepted_noop,cf_inert,False,False,False,False,False,2121268=>2121272,False,triage_V6_cTS_s1234_POST_EXEC_PC_MOD_step2494_is1234007537
V6_cTS,1234,6295,POST_EXEC_PC_MOD,2494,1234006295,accepted_noop,cf_inert,False,False,False,False,False,2121268=>2121272,False,triage_V6_cTS_s1234_POST_EXEC_PC_MOD_step2494_is1234006295
V6_cTS,1234,4237,POST_EXEC_PC_MOD,2369,1234004237,accepted_noop,cf_inert,False,False,False,False,False,2109992=>2109996,False,triage_V6_cTS_s1234_POST_EXEC_PC_MOD_step2369_is1234004237
V6_cTS,1234,172,POST_EXEC_PC_MOD,3202,1234000172,accepted_noop,cf_inert,False,False,False,False,False,2119740=>2119744,False,triage_V6_cTS_s1234_POST_EXEC_PC_MOD_step3202_is1234000172
V6_cTS,1234,587,POST_EXEC_PC_MOD,3310,1234000587,accepted_noop,cf_inert,False,False,False,False,False,2110492=>2110496,False,triage_V6_cTS_s1234_POST_EXEC_PC_MOD_step3310_is1234000587
V6_cTS,1234,614,POST_EXEC_PC_MOD,3938,1234000614,accepted_noop,cf_inert,False,False,False,False,False,3221225628=>3221225632,False,triage_V6_cTS_s1234_POST_EXEC_PC_MOD_step3938_is1234000614
V6_cTS,1234,5202,POST_EXEC_PC_MOD,3894,1234005202,accepted_noop,cf_inert,False,False,False,False,False,2117000=>2117004,False,triage_V6_cTS_s1234_POST_EXEC_PC_MOD_step3894_is1234005202
V6_cTS,1234,922,POST_EXEC_PC_MOD,3930,1234000922,accepted_noop,cf_inert,False,False,False,False,False,3221225596=>3221225600,False,triage_V6_cTS_s1234_POST_EXEC_PC_MOD_step3930_is1234000922
V6_cTS,1234,5780,POST_EXEC_PC_MOD,3929,1234005780,accepted_noop,cf_inert,False,False,False,False,False,3221225592=>3221225596,False,triage_V6_cTS_s1234_POST_EXEC_PC_MOD_step3929_is1234005780
V6_cTS,1234,3151,POST_EXEC_PC_MOD,3929,1234003151,accepted_noop,cf_inert,False,False,False,False,False,3221225592=>3221225596,False,triage_V6_cTS_s1234_POST_EXEC_PC_MOD_step3929_is1234003151
V6_cTS,1234,2951,POST_EXEC_PC_MOD,3929,1234002951,accepted_noop,cf_inert,False,False,False,False,False,3221225592=>3221225596,False,triage_V6_cTS_s1234_POST_EXEC_PC_MOD_step3929_is1234002951
V6_cTS,1234,185,POST_EXEC_PC_MOD,3924,1234000185,accepted_noop,cf_inert,False,False,False,False,False,2121824=>2121828,False,triage_V6_cTS_s1234_POST_EXEC_PC_MOD_step3924_is1234000185
V6_cTS,1234,1186,POST_EXEC_PC_MOD,3910,1234001186,accepted_noop,cf_inert,False,False,False,False,False,2112496=>2112500,False,triage_V6_cTS_s1234_POST_EXEC_PC_MOD_step3910_is1234001186
V6_cTS,1234,626,POST_EXEC_PC_MOD,3910,1234000626,accepted_noop,cf_inert,False,False,False,False,False,2112496=>2112500,False,triage_V6_cTS_s1234_POST_EXEC_PC_MOD_step3910_is1234000626
V6_cTS,1234,1599,POST_EXEC_PC_MOD,389,1234001599,accepted_noop,cf_inert,False,False,False,False,False,2109884=>2109888,False,triage_V6_cTS_s1234_POST_EXEC_PC_MOD_step389_is1234001599
V6_cTS,1234,9162,POST_EXEC_PC_MOD,3766,1234009162,accepted_noop,cf_inert,False,False,False,False,False,2110084=>2110088,False,triage_V6_cTS_s1234_POST_EXEC_PC_MOD_step3766_is1234009162
V6_cTS,1234,584,POST_EXEC_PC_MOD,3320,1234000584,accepted_noop,cf_inert,False,False,False,False,False,2110532=>2110536,False,triage_V6_cTS_s1234_POST_EXEC_PC_MOD_step3320_is1234000584
V6_cTS,1234,1026,POST_EXEC_PC_MOD,3766,1234001026,accepted_noop,cf_inert,False,False,False,False,False,2110084=>2110088,False,triage_V6_cTS_s1234_POST_EXEC_PC_MOD_step3766_is1234001026
V6_cTS,1234,4161,POST_EXEC_PC_MOD,3755,1234004161,accepted_noop,cf_inert,False,False,False,False,False,2110040=>2110044,False,triage_V6_cTS_s1234_POST_EXEC_PC_MOD_step3755_is1234004161
V6_cTS,1234,2425,POST_EXEC_PC_MOD,370,1234002425,accepted_noop,cf_inert,False,False,False,False,False,3221225796=>3221225800,False,triage_V6_cTS_s1234_POST_EXEC_PC_MOD_step370_is1234002425
V6_cTS,1234,2821,POST_EXEC_PC_MOD,3685,1234002821,accepted_noop,cf_inert,False,False,False,False,False,2110496=>2110500,False,triage_V6_cTS_s1234_POST_EXEC_PC_MOD_step3685_is1234002821
V6_cTS,1234,623,POST_EXEC_PC_MOD,357,1234000623,accepted_noop,cf_inert,False,False,False,False,False,2122088=>2122092,False,triage_V6_cTS_s1234_POST_EXEC_PC_MOD_step357_is1234000623
V6_cTS,1234,7043,POST_EXEC_PC_MOD,3441,1234007043,accepted_noop,cf_inert,False,False,False,False,False,2110500=>2110504,False,triage_V6_cTS_s1234_POST_EXEC_PC_MOD_step3441_is1234007043
V6_cTS,1234,6659,POST_EXEC_PC_MOD,336,1234006659,accepted_noop,cf_inert,False,False,False,False,False,2109852=>2109856,False,triage_V6_cTS_s1234_POST_EXEC_PC_MOD_step336_is1234006659
V6_cTS,1234,6771,POST_EXEC_PC_MOD,3336,1234006771,accepted_noop,cf_inert,False,False,False,False,False,2118364=>2118368,False,triage_V6_cTS_s1234_POST_EXEC_PC_MOD_step3336_is1234006771
V6_cTS,1235,8018,INSTR_WORD_MOD,2240,1235008018,accepted_noop,,False,False,False,False,False,32871=>49255,False,triage_V6_cTS_s1235_INSTR_WORD_MOD_step2240_is1235008018
V6_cTS,1235,4196,INSTR_WORD_MOD,2357,1235004196,accepted_noop,,False,False,False,False,False,4026564839=>4026568935,False,triage_V6_cTS_s1235_INSTR_WORD_MOD_step2357_is1235004196
V6_cTS,1235,4391,INSTR_WORD_MOD,2372,1235004391,accepted_propagated_candidate,weak,True,False,False,True,True,4273376803=>4273376931,False,triage_V6_cTS_s1235_INSTR_WORD_MOD_step2372_is1235004391
V6_cTS,1235,8156,POST_EXEC_PC_MOD,1626,1235008156,accepted_noop,cf_inert,False,False,False,False,False,2113572=>2113576,False,triage_V6_cTS_s1235_POST_EXEC_PC_MOD_step1626_is1235008156
V6_cTS,1235,8896,POST_EXEC_PC_MOD,2381,1235008896,accepted_noop,cf_inert,False,False,False,False,False,2110040=>2110044,False,triage_V6_cTS_s1235_POST_EXEC_PC_MOD_step2381_is1235008896
V6_cTS,1235,7364,POST_EXEC_PC_MOD,2314,1235007364,accepted_noop,cf_inert,False,False,False,False,False,2110544=>2110548,False,triage_V6_cTS_s1235_POST_EXEC_PC_MOD_step2314_is1235007364
V6_cTS,1235,7062,POST_EXEC_PC_MOD,2102,1235007062,accepted_noop,cf_inert,False,False,False,False,False,2136016=>2136020,False,triage_V6_cTS_s1235_POST_EXEC_PC_MOD_step2102_is1235007062
V6_cTS,1235,5593,POST_EXEC_PC_MOD,18,1235005593,accepted_noop,cf_inert,False,False,False,False,False,3221225544=>3221225548,False,triage_V6_cTS_s1235_POST_EXEC_PC_MOD_step18_is1235005593
V6_cTS,1235,629,POST_EXEC_PC_MOD,1854,1235000629,accepted_noop,cf_inert,False,False,False,False,False,2121684=>2121688,False,triage_V6_cTS_s1235_POST_EXEC_PC_MOD_step1854_is1235000629
V6_cTS,1235,6229,POST_EXEC_PC_MOD,170,1235006229,accepted_noop,cf_inert,False,False,False,False,False,3221225804=>3221225808,False,triage_V6_cTS_s1235_POST_EXEC_PC_MOD_step170_is1235006229
V6_cTS,1235,4982,POST_EXEC_PC_MOD,170,1235004982,accepted_noop,cf_inert,False,False,False,False,False,3221225804=>3221225808,False,triage_V6_cTS_s1235_POST_EXEC_PC_MOD_step170_is1235004982
V6_cTS,1235,583,POST_EXEC_PC_MOD,1636,1235000583,accepted_noop,cf_inert,False,False,False,False,False,2113964=>2113968,False,triage_V6_cTS_s1235_POST_EXEC_PC_MOD_step1636_is1235000583
V6_cTS,1235,8433,POST_EXEC_PC_MOD,1618,1235008433,accepted_noop,cf_inert,False,False,False,False,False,2113540=>2113544,False,triage_V6_cTS_s1235_POST_EXEC_PC_MOD_step1618_is1235008433
V6_cTS,1235,7202,POST_EXEC_PC_MOD,2539,1235007202,accepted_noop,cf_inert,False,False,False,False,False,2119112=>2119116,False,triage_V6_cTS_s1235_POST_EXEC_PC_MOD_step2539_is1235007202
V6_cTS,1235,8935,POST_EXEC_PC_MOD,1446,1235008935,accepted_noop,cf_inert,False,False,False,False,False,2196680=>2196684,False,triage_V6_cTS_s1235_POST_EXEC_PC_MOD_step1446_is1235008935
V6_cTS,1235,9056,POST_EXEC_PC_MOD,1089,1235009056,accepted_noop,cf_inert,False,False,False,False,False,2122576=>2122580,False,triage_V6_cTS_s1235_POST_EXEC_PC_MOD_step1089_is1235009056
V6_cTS,1235,4215,POST_EXEC_PC_MOD,0,1235004215,accepted_noop,cf_inert,False,False,False,False,False,3221225472=>3221225476,False,triage_V6_cTS_s1235_POST_EXEC_PC_MOD_step0_is1235004215
V6_cTS,1235,2985,INSTR_WORD_MOD,920,1235002985,accepted_noop,,False,False,False,False,False,115=>32883,False,triage_V6_cTS_s1235_INSTR_WORD_MOD_step920_is1235002985
V6_cTS,1235,3843,INSTR_WORD_MOD,880,1235003843,accepted_noop,cosmetic,True,False,False,True,False,759502435=>625284707,False,triage_V6_cTS_s1235_INSTR_WORD_MOD_step880_is1235003843
V6_cTS,1235,7156,INSTR_WORD_MOD,879,1235007156,accepted_noop,word_truncated,True,False,False,True,True,16852227=>17900803,False,triage_V6_cTS_s1235_INSTR_WORD_MOD_step879_is1235007156
V6_cTS,1235,6650,INSTR_WORD_MOD,85,1235006650,accepted_noop,word_truncated,True,False,False,True,True,11970083=>11970211,False,triage_V6_cTS_s1235_INSTR_WORD_MOD_step85_is1235006650
V6_cTS,1235,6300,INSTR_WORD_MOD,853,1235006300,accepted_noop,,False,False,False,False,False,115=>243,False,triage_V6_cTS_s1235_INSTR_WORD_MOD_step853_is1235006300
V6_cTS,1235,5624,POST_EXEC_PC_MOD,2507,1235005624,accepted_noop,cf_inert,False,False,False,False,False,3221225588=>3221225592,False,triage_V6_cTS_s1235_POST_EXEC_PC_MOD_step2507_is1235005624
V6_cTS,1235,1238,POST_EXEC_PC_MOD,2540,1235001238,accepted_noop,cf_inert,False,False,False,False,False,2119116=>2119120,False,triage_V6_cTS_s1235_POST_EXEC_PC_MOD_step2540_is1235001238
V6_cTS,1235,9538,INSTR_WORD_MOD,825,1235009538,accepted_noop,cosmetic,True,False,False,True,False,134416483=>134416739,False,triage_V6_cTS_s1235_INSTR_WORD_MOD_step825_is1235009538
V6_cTS,1235,4516,POST_EXEC_PC_MOD,3434,1235004516,accepted_noop,cf_inert,False,False,False,False,False,2110520=>2110524,False,triage_V6_cTS_s1235_POST_EXEC_PC_MOD_step3434_is1235004516
V6_cTS,1235,8650,POST_EXEC_PC_MOD,3766,1235008650,accepted_noop,cf_inert,False,False,False,False,False,2110084=>2110088,False,triage_V6_cTS_s1235_POST_EXEC_PC_MOD_step3766_is1235008650
V6_cTS,1235,7249,POST_EXEC_PC_MOD,3766,1235007249,accepted_noop,cf_inert,False,False,False,False,False,2110084=>2110088,False,triage_V6_cTS_s1235_POST_EXEC_PC_MOD_step3766_is1235007249
V6_cTS,1235,617,POST_EXEC_PC_MOD,3766,1235000617,accepted_noop,cf_inert,False,False,False,False,False,2110084=>2110088,False,triage_V6_cTS_s1235_POST_EXEC_PC_MOD_step3766_is1235000617
V6_cTS,1235,8338,POST_EXEC_PC_MOD,3761,1235008338,accepted_noop,cf_inert,False,False,False,False,False,2110064=>2110068,False,triage_V6_cTS_s1235_POST_EXEC_PC_MOD_step3761_is1235008338
V6_cTS,1235,5434,POST_EXEC_PC_MOD,3760,1235005434,accepted_noop,cf_inert,False,False,False,False,False,2110060=>2110064,False,triage_V6_cTS_s1235_POST_EXEC_PC_MOD_step3760_is1235005434
V6_cTS,1235,1358,POST_EXEC_PC_MOD,368,1235001358,accepted_noop,cf_inert,False,False,False,False,False,3221225788=>3221225792,False,triage_V6_cTS_s1235_POST_EXEC_PC_MOD_step368_is1235001358
V6_cTS,1235,1031,POST_EXEC_PC_MOD,3441,1235001031,accepted_noop,cf_inert,False,False,False,False,False,2110500=>2110504,False,triage_V6_cTS_s1235_POST_EXEC_PC_MOD_step3441_is1235001031
V6_cTS,1235,9392,POST_EXEC_PC_MOD,3434,1235009392,accepted_noop,cf_inert,False,False,False,False,False,2110520=>2110524,False,triage_V6_cTS_s1235_POST_EXEC_PC_MOD_step3434_is1235009392
V6_cTS,1235,623,POST_EXEC_PC_MOD,3129,1235000623,accepted_noop,cf_inert,False,False,False,False,False,2119556=>2119560,False,triage_V6_cTS_s1235_POST_EXEC_PC_MOD_step3129_is1235000623
V6_cTS,1235,3595,POST_EXEC_PC_MOD,2552,1235003595,accepted_noop,cf_inert,False,False,False,False,False,2102356=>2102360,False,triage_V6_cTS_s1235_POST_EXEC_PC_MOD_step2552_is1235003595
V6_cTS,1235,921,POST_EXEC_PC_MOD,3127,1235000921,accepted_noop,cf_inert,False,False,False,False,False,2119548=>2119552,False,triage_V6_cTS_s1235_POST_EXEC_PC_MOD_step3127_is1235000921
V6_cTS,1235,9732,POST_EXEC_PC_MOD,3114,1235009732,accepted_noop,cf_inert,False,False,False,False,False,2110092=>2110096,False,triage_V6_cTS_s1235_POST_EXEC_PC_MOD_step3114_is1235009732
V6_cTS,1235,7700,POST_EXEC_PC_MOD,3079,1235007700,accepted_noop,cf_inert,False,False,False,False,False,2109952=>2109956,False,triage_V6_cTS_s1235_POST_EXEC_PC_MOD_step3079_is1235007700
V6_cTS,1235,3473,POST_EXEC_PC_MOD,294,1235003473,accepted_noop,cf_inert,False,False,False,False,False,3221225816=>3221225820,False,triage_V6_cTS_s1235_POST_EXEC_PC_MOD_step294_is1235003473
V6_cTS,1235,9749,POST_EXEC_PC_MOD,2853,1235009749,accepted_noop,cf_inert,False,False,False,False,False,2112396=>2112400,False,triage_V6_cTS_s1235_POST_EXEC_PC_MOD_step2853_is1235009749
V6_cTS,1235,1346,POST_EXEC_PC_MOD,2848,1235001346,accepted_noop,cf_inert,False,False,False,False,False,2112376=>2112380,False,triage_V6_cTS_s1235_POST_EXEC_PC_MOD_step2848_is1235001346
V6_cTS,1235,923,POST_EXEC_PC_MOD,2715,1235000923,accepted_noop,cf_inert,False,False,False,False,False,2102768=>2102772,False,triage_V6_cTS_s1235_POST_EXEC_PC_MOD_step2715_is1235000923
V6_cTS,1235,4800,POST_EXEC_PC_MOD,2574,1235004800,accepted_noop,cf_inert,False,False,False,False,False,2102444=>2102448,False,triage_V6_cTS_s1235_POST_EXEC_PC_MOD_step2574_is1235004800
V6_cTS,1235,9002,INSTR_WORD_MOD,838,1235009002,accepted_noop,cosmetic,True,False,False,True,False,44561507=>2192045155,False,triage_V6_cTS_s1235_INSTR_WORD_MOD_step838_is1235009002
V6_cTS,1235,63,INSTR_WORD_MOD,760,1235000063,accepted_noop,,False,False,False,False,False,115=>262259,False,triage_V6_cTS_s1235_INSTR_WORD_MOD_step760_is1235000063
V6_cTS,1235,7154,INSTR_WORD_MOD,2479,1235007154,accepted_propagated_candidate,weak,True,False,False,True,False,11986019=>45540451,False,triage_V6_cTS_s1235_INSTR_WORD_MOD_step2479_is1235007154
V6_cTS,1235,9303,INSTR_WORD_MOD,2849,1235009303,accepted_noop,word_truncated,True,False,False,True,True,80817187=>80817315,False,triage_V6_cTS_s1235_INSTR_WORD_MOD_step2849_is1235009303
V6_cTS,1235,9545,INSTR_WORD_MOD,3141,1235009545,accepted_noop,word_truncated,True,False,False,True,True,4272270883=>4272271011,False,triage_V6_cTS_s1235_INSTR_WORD_MOD_step3141_is1235009545
V6_cTS,1235,3323,INSTR_WORD_MOD,3128,1235003323,accepted_noop,word_truncated,True,False,False,True,True,4291142915=>4292191491,False,triage_V6_cTS_s1235_INSTR_WORD_MOD_step3128_is1235003323
V6_cTS,1235,3784,INSTR_WORD_MOD,3108,1235003784,accepted_noop,word_truncated,True,False,False,True,True,11969571=>11969827,False,triage_V6_cTS_s1235_INSTR_WORD_MOD_step3108_is1235003784
V6_cTS,1235,1326,INSTR_WORD_MOD,3078,1235001326,accepted_noop,cosmetic,True,False,False,True,False,235276899=>235277923,False,triage_V6_cTS_s1235_INSTR_WORD_MOD_step3078_is1235001326
V6_cTS,1235,8949,INSTR_WORD_MOD,3023,1235008949,accepted_noop,cosmetic,True,False,False,True,False,12941923=>549812835,False,triage_V6_cTS_s1235_INSTR_WORD_MOD_step3023_is1235008949
V6_cTS,1235,7792,INSTR_WORD_MOD,3001,1235007792,accepted_noop,,False,False,False,False,False,2227208423=>2227224807,False,triage_V6_cTS_s1235_INSTR_WORD_MOD_step3001_is1235007792
V6_cTS,1235,1011,INSTR_WORD_MOD,291,1235001011,accepted_noop,,False,False,False,False,False,115=>2163,False,triage_V6_cTS_s1235_INSTR_WORD_MOD_step291_is1235001011
V6_cTS,1235,2206,INSTR_WORD_MOD,2852,1235002206,accepted_noop,word_truncated,True,False,False,True,True,54601219=>56698371,False,triage_V6_cTS_s1235_INSTR_WORD_MOD_step2852_is1235002206
V6_cTS,1235,6091,INSTR_WORD_MOD,2842,1235006091,accepted_noop,word_truncated,True,False,False,True,True,12657923=>13706499,False,triage_V6_cTS_s1235_INSTR_WORD_MOD_step2842_is1235006091
V6_cTS,1235,5694,INSTR_WORD_MOD,3189,1235005694,accepted_noop,,False,False,False,False,False,32871=>41063,False,triage_V6_cTS_s1235_INSTR_WORD_MOD_step3189_is1235005694
V6_cTS,1235,3033,INSTR_WORD_MOD,2782,1235003033,accepted_noop,,False,False,False,False,False,171999463=>172007655,False,triage_V6_cTS_s1235_INSTR_WORD_MOD_step2782_is1235003033
V6_cTS,1235,2492,INSTR_WORD_MOD,2699,1235002492,accepted_noop,cosmetic,True,False,False,True,False,33920611=>33919587,False,triage_V6_cTS_s1235_INSTR_WORD_MOD_step2699_is1235002492
V6_cTS,1235,4308,INSTR_WORD_MOD,2687,1235004308,accepted_noop,word_truncated,True,False,False,True,True,5678627=>5678883,False,triage_V6_cTS_s1235_INSTR_WORD_MOD_step2687_is1235004308
V6_cTS,1235,5160,INSTR_WORD_MOD,2645,1235005160,accepted_noop,,False,False,False,False,False,3523248359=>3523256551,False,triage_V6_cTS_s1235_INSTR_WORD_MOD_step2645_is1235005160
V6_cTS,1235,6132,INSTR_WORD_MOD,2585,1235006132,accepted_noop,word_truncated,True,False,False,True,True,179380259=>179380387,False,triage_V6_cTS_s1235_INSTR_WORD_MOD_step2585_is1235006132
V6_cTS,1235,3844,INSTR_WORD_MOD,2531,1235003844,accepted_noop,,False,False,False,False,False,115=>627,False,triage_V6_cTS_s1235_INSTR_WORD_MOD_step2531_is1235003844
V6_cTS,1235,3232,INSTR_WORD_MOD,2510,1235003232,accepted_noop,,False,False,False,False,False,360551=>364647,False,triage_V6_cTS_s1235_INSTR_WORD_MOD_step2510_is1235003232
V6_cTS,1235,499,INSTR_WORD_MOD,2489,1235000499,accepted_propagated_candidate,weak,True,False,False,True,False,45441123=>313876579,False,triage_V6_cTS_s1235_INSTR_WORD_MOD_step2489_is1235000499
V6_cTS,1235,1759,INSTR_WORD_MOD,3166,1235001759,accepted_noop,word_truncated,True,False,False,True,True,54666883=>55715459,False,triage_V6_cTS_s1235_INSTR_WORD_MOD_step3166_is1235001759
V6_cTS,1235,8952,INSTR_WORD_MOD,3216,1235008952,accepted_noop,word_truncated,True,False,False,True,True,337283=>1385859,False,triage_V6_cTS_s1235_INSTR_WORD_MOD_step3216_is1235008952
V6_cTS,1235,2286,INSTR_WORD_MOD,686,1235002286,accepted_noop,,False,False,False,False,False,360551=>364647,False,triage_V6_cTS_s1235_INSTR_WORD_MOD_step686_is1235002286
V6_cTS,1235,2568,INSTR_WORD_MOD,376,1235002568,accepted_noop,,False,False,False,False,False,115=>32883,False,triage_V6_cTS_s1235_INSTR_WORD_MOD_step376_is1235002568
V6_cTS,1235,7739,INSTR_WORD_MOD,681,1235007739,accepted_noop,,False,False,False,False,False,115=>32883,False,triage_V6_cTS_s1235_INSTR_WORD_MOD_step681_is1235007739
V6_cTS,1235,6917,INSTR_WORD_MOD,61,1235006917,accepted_propagated_candidate,weak,True,False,False,True,False,216425571=>753296483,False,triage_V6_cTS_s1235_INSTR_WORD_MOD_step61_is1235006917
V6_cTS,1235,2516,INSTR_WORD_MOD,575,1235002516,accepted_noop,word_truncated,True,False,False,True,True,8463395=>8463523,False,triage_V6_cTS_s1235_INSTR_WORD_MOD_step575_is1235002516
V6_cTS,1235,3548,INSTR_WORD_MOD,545,1235003548,accepted_noop,cosmetic,True,False,False,True,False,4160954083=>4160953059,False,triage_V6_cTS_s1235_INSTR_WORD_MOD_step545_is1235003548
V6_cTS,1235,7036,INSTR_WORD_MOD,451,1235007036,accepted_propagated_candidate,weak,True,False,False,True,False,13233763=>13233251,False,triage_V6_cTS_s1235_INSTR_WORD_MOD_step451_is1235007036
V6_cTS,1235,8447,INSTR_WORD_MOD,449,1235008447,accepted_noop,word_truncated,True,False,False,True,True,46278147=>47326723,False,triage_V6_cTS_s1235_INSTR_WORD_MOD_step449_is1235008447
V6_cTS,1235,9497,INSTR_WORD_MOD,410,1235009497,accepted_noop,,False,False,False,False,False,2361426151=>2361442535,False,triage_V6_cTS_s1235_INSTR_WORD_MOD_step410_is1235009497
V6_cTS,1235,5983,INSTR_WORD_MOD,377,1235005983,accepted_noop,,False,False,False,False,False,807403635=>807665779,False,triage_V6_cTS_s1235_INSTR_WORD_MOD_step377_is1235005983
V6_cTS,1235,502,INSTR_WORD_MOD,367,1235000502,accepted_noop,word_truncated,True,False,False,True,True,50472195=>52569347,False,triage_V6_cTS_s1235_INSTR_WORD_MOD_step367_is1235000502
V6_cTS,1235,1982,INSTR_WORD_MOD,3337,1235001982,accepted_noop,,False,False,False,False,False,32871=>49255,False,triage_V6_cTS_s1235_INSTR_WORD_MOD_step3337_is1235001982
V6_cTS,1235,5259,INSTR_WORD_MOD,3656,1235005259,accepted_noop,cosmetic,True,False,False,True,False,12941923=>46496355,False,triage_V6_cTS_s1235_INSTR_WORD_MOD_step3656_is1235005259
V6_cTS,1235,9399,INSTR_WORD_MOD,3653,1235009399,accepted_propagated_candidate,weak,True,False,False,True,False,45441123=>179658851,False,triage_V6_cTS_s1235_INSTR_WORD_MOD_step3653_is1235009399
V6_cTS,1235,62,INSTR_WORD_MOD,361,1235000062,accepted_noop,cosmetic,True,False,False,True,False,19224675=>19222627,False,triage_V6_cTS_s1235_INSTR_WORD_MOD_step361_is1235000062
V6_cTS,1235,6177,INSTR_WORD_MOD,3587,1235006177,accepted_noop,,False,False,False,False,False,115=>371,False,triage_V6_cTS_s1235_INSTR_WORD_MOD_step3587_is1235006177
V6_cTS,1235,2474,INSTR_WORD_MOD,3528,1235002474,accepted_noop,,False,False,False,False,False,32871=>49255,False,triage_V6_cTS_s1235_INSTR_WORD_MOD_step3528_is1235002474
V6_cTS,1235,3042,INSTR_WORD_MOD,3454,1235003042,accepted_propagated_candidate,weak,True,False,False,True,False,2520467=>1076262291,False,triage_V6_cTS_s1235_INSTR_WORD_MOD_step3454_is1235003042
V6_cTS,1235,8122,INSTR_WORD_MOD,3450,1235008122,accepted_propagated_candidate,weak,True,False,False,True,False,8811923=>143029651,False,triage_V6_cTS_s1235_INSTR_WORD_MOD_step3450_is1235008122
V6_cTS,1235,2566,INSTR_WORD_MOD,3390,1235002566,accepted_noop,cosmetic,True,False,False,True,False,366691=>33921123,False,triage_V6_cTS_s1235_INSTR_WORD_MOD_step3390_is1235002566
Hybrid_cTS,1234,1954,INSTR_WORD_MOD,1019,1234001954,accepted_noop,,False,False,False,False,False,115=>262259,False,triage_Hybrid_cTS_s1234_INSTR_WORD_MOD_step1019_is1234001954
