variant,selector,seed,db_path,local_context_final,local_coverage_v2_final,local_context_AUC,time_to_40,time_to_43,time_to_46,all_46_hit,compressed_global_context_final,crash_rate,no_effect_rate,allocation_entropy_by_kind,allocation_entropy_by_zone,novel_locs_vs_v1,novel_locs_names_vs_v1,n_mutations,novel_locs_union_vs_v1,partial
V0,uniform,1234,/root/arguzz/a4/runs/iv_pos_7/dbs/pos_iv_pos_7_u_b1a_uniform_seed1234_n6000/pos_iv_pos_7_u_b1a_uniform_seed1234_n6000.db,35,553.0,190752.5,,,,False,149,0.013833333333333333,0.0,2.9733177156230335,1.959231417221997,0,,6000,0,False
V0,uniform,1235,/root/arguzz/a4/runs/iv_pos_7/dbs/pos_iv_pos_7_u_b1a_uniform_seed1235_n6000/pos_iv_pos_7_u_b1a_uniform_seed1235_n6000.db,34,536.0,186005.0,,,,False,145,0.01,0.0,2.9671875858173884,1.9355167161315638,0,,6000,0,False
V0,uniform,1236,/root/arguzz/a4/runs/iv_pos_7/dbs/pos_iv_pos_7_u_b1b_uniform_seed1236_n6000/pos_iv_pos_7_u_b1b_uniform_seed1236_n6000.db,36,533.0,183606.0,,,,False,135,0.013333333333333334,0.0,2.975052404549712,1.9312580220196605,0,,6000,0,False
V0,uniform,1237,/root/arguzz/a4/runs/iv_pos_7/dbs/pos_iv_pos_7_u_b1b_uniform_seed1237_n6000/pos_iv_pos_7_u_b1b_uniform_seed1237_n6000.db,34,531.0,186179.0,,,,False,156,0.012166666666666666,0.0,2.968953311939541,1.9510153862447992,0,,6000,0,False
V0,uniform,1238,/root/arguzz/a4/runs/iv_pos_7/dbs/pos_iv_pos_7_u_b1b_uniform_seed1238_n6000/pos_iv_pos_7_u_b1b_uniform_seed1238_n6000.db,36,532.0,195755.0,,,,False,138,0.012333333333333333,0.0,2.9632085532483363,1.9483350657101268,0,,6000,0,False
V0,uniform,1239,/root/arguzz/a4/runs/iv_pos_7/dbs/pos_iv_pos_7_u_b1b_uniform_seed1239_n6000/pos_iv_pos_7_u_b1b_uniform_seed1239_n6000.db,38,551.0,205844.0,,,,False,134,0.014333333333333333,0.0,2.9750329538522995,1.9188998517281453,0,,6000,0,False
V0,uniform,1240,/root/arguzz/a4/runs/iv_pos_7/dbs/pos_iv_pos_7_u_b1c_uniform_seed1240_n6000/pos_iv_pos_7_u_b1c_uniform_seed1240_n6000.db,35,532.0,188537.0,,,,False,144,0.0125,0.0,2.9741400362302968,1.9399728087711638,0,,6000,0,False
V0,uniform,1241,/root/arguzz/a4/runs/iv_pos_7/dbs/pos_iv_pos_7_u_b1c_uniform_seed1241_n6000/pos_iv_pos_7_u_b1c_uniform_seed1241_n6000.db,33,514.0,178012.0,,,,False,136,0.015833333333333335,0.0,2.972864343301925,1.9493619345900168,0,,6000,0,False
V0,uniform,1242,/root/arguzz/a4/runs/iv_pos_7/dbs/pos_iv_pos_7_u_b2_uniform_seed1242_n6000/pos_iv_pos_7_u_b2_uniform_seed1242_n6000.db,33,509.0,183642.5,,,,False,130,0.0155,0.0,2.970737977985387,1.9363499330553617,0,,6000,0,False
V0,uniform,1243,/root/arguzz/a4/runs/iv_pos_7/dbs/pos_iv_pos_7_u_b2_uniform_seed1243_n6000/pos_iv_pos_7_u_b2_uniform_seed1243_n6000.db,36,526.0,192528.0,,,,False,140,0.0135,0.0,2.9681788937728313,1.9464801627878694,0,,6000,0,False
V1,zoned,1234,/root/arguzz/a4/runs/iv_pos_7/dbs/2026-06-14_08-42-25_695151/algofi/pos_iv_pos_7_ta_b1_zoned_seed1234_n6000.db,45,593.0,245159.0,1245.0,2530.0,,False,147,0.012,0.0,2.999197336703282,2.222207974345173,0,,6000,0,False
V1,zoned,1235,/root/arguzz/a4/runs/iv_pos_7/dbs/2026-06-14_08-42-25_695151/gard/pos_iv_pos_7_ta_b1_zoned_seed1235_n6000.db,44,574.0,220307.5,4520.0,4951.0,,False,155,0.010666666666666666,0.0,2.9978989260853375,2.2086512208178295,0,,6000,0,False
V1,zoned,1236,/root/arguzz/a4/runs/iv_pos_7/dbs/2026-06-14_08-42-25_695151/goracle/pos_iv_pos_7_ta_b1_zoned_seed1236_n6000.db,43,555.0,233922.5,1559.0,3861.0,,False,138,0.011833333333333333,0.0,2.9985509714322527,2.210156867186339,0,,6000,0,False
V1,zoned,1237,/root/arguzz/a4/runs/iv_pos_7/dbs/2026-06-14_08-42-25_695151/zone/pos_iv_pos_7_ta_b1_zoned_seed1237_n6000.db,42,569.0,222953.0,3785.0,,,False,155,0.01,0.0,2.998940328873794,2.194287442898577,0,,6000,0,False
V1,zoned,1238,/root/arguzz/a4/runs/iv_pos_7/dbs/pos_iv_pos_7_ta_b2_zoned_seed1238_n6000/pos_iv_pos_7_ta_b2_zoned_seed1238_n6000.db,43,533.0,230740.5,2204.0,4520.0,,False,137,0.011166666666666667,0.0,2.9993283618825495,2.203602647920019,0,,6000,0,False
V1,zoned,1239,/root/arguzz/a4/runs/iv_pos_7/dbs/pos_iv_pos_7_ta_b2_zoned_seed1239_n6000/pos_iv_pos_7_ta_b2_zoned_seed1239_n6000.db,44,562.0,234140.0,2555.0,4355.0,,False,144,0.011333333333333334,0.0,2.999512930915096,2.1923853794462165,0,,6000,0,False
V1,zoned,1240,/root/arguzz/a4/runs/iv_pos_7/dbs/pos_iv_pos_7_ta_b2_zoned_seed1240_n6000/pos_iv_pos_7_ta_b2_zoned_seed1240_n6000.db,43,546.0,225963.5,2979.0,5978.0,,False,144,0.009666666666666667,0.0,2.998974056132658,2.2052818209933944,0,,6000,0,False
V1,zoned,1241,/root/arguzz/a4/runs/iv_pos_7/dbs/pos_iv_pos_7_ta_b2_zoned_seed1241_n6000/pos_iv_pos_7_ta_b2_zoned_seed1241_n6000.db,42,565.0,227244.0,4666.0,,,False,145,0.0115,0.0,2.9993874477776283,2.184086987951391,0,,6000,0,False
V1,zoned,1242,/root/arguzz/a4/runs/iv_pos_7/dbs/pos_iv_pos_7_ta_b3_zoned_seed1242_n6000/pos_iv_pos_7_ta_b3_zoned_seed1242_n6000.db,42,568.0,217150.0,4556.0,,,False,137,0.011666666666666667,0.0,2.9994434655771554,2.213040645000644,0,,6000,0,False
V1,zoned,1243,/root/arguzz/a4/runs/iv_pos_7/dbs/pos_iv_pos_7_ta_b3_zoned_seed1243_n6000/pos_iv_pos_7_ta_b3_zoned_seed1243_n6000.db,41,591.0,223843.0,4002.0,,,False,140,0.010166666666666666,0.0,2.9996237056345354,2.1843613600851697,0,,6000,0,False
V2,kindUCB_zoned_v1,1234,/root/arguzz/a4/runs/iv_pos_7/dbs/2026-06-14_03-00-16_498814/flare/pos_iv_pos_7_ts_b1_kindUCB_zoned_v1_seed1234_n6000.db,32,287.0,168865.0,,,,False,88,0.0003333333333333333,0.0,0.9433953762828781,2.0834072017988543,0,,6000,0,False
V2,kindUCB_zoned_v1,1235,/root/arguzz/a4/runs/iv_pos_7/dbs/2026-06-14_08-42-21_698342/flare/pos_iv_pos_7_ts_b2_kindUCB_zoned_v1_seed1235_n6000.db,34,285.0,192641.0,,,,False,87,0.0006666666666666666,0.0,0.8790508069168805,2.089921816271478,0,,6000,0,False
V2,kindUCB_zoned_v1,1236,/root/arguzz/a4/runs/iv_pos_7/dbs/pos_iv_pos_7_ts_b3_kindUCB_zoned_v1_seed1236_n6000/pos_iv_pos_7_ts_b3_kindUCB_zoned_v1_seed1236_n6000.db,30,300.0,171710.5,,,,False,89,0.0005,0.0,0.9845603327441325,2.080334592009147,0,,6000,0,False
V2,kindUCB_zoned_v1,1237,/root/arguzz/a4/runs/iv_pos_7/dbs/pos_iv_pos_7_ts_b4_kindUCB_zoned_v1_seed1237_n6000/pos_iv_pos_7_ts_b4_kindUCB_zoned_v1_seed1237_n6000.db,35,277.0,190611.5,,,,False,85,0.0003333333333333333,0.0,0.974438437030676,2.1179642306016757,0,,6000,0,False
V2,kindUCB_zoned_v1,1238,/root/arguzz/a4/runs/iv_pos_7/dbs/pos_iv_pos_7_ts_b5_kindUCB_zoned_v1_seed1238_n6000/pos_iv_pos_7_ts_b5_kindUCB_zoned_v1_seed1238_n6000.db,32,281.0,186721.0,,,,False,90,0.0006666666666666666,0.0,0.9676829937686584,2.065501763881232,0,,6000,0,False
V2,kindUCB_zoned_v1,1239,/root/arguzz/a4/runs/iv_pos_7/dbs/pos_iv_pos_7_ts_b6_kindUCB_zoned_v1_seed1239_n6000/pos_iv_pos_7_ts_b6_kindUCB_zoned_v1_seed1239_n6000.db,31,268.0,175149.5,,,,False,90,0.0005,0.0,0.9023371802229897,2.06526503835649,0,,6000,0,False
V2,kindUCB_zoned_v1,1240,/root/arguzz/a4/runs/iv_pos_7/dbs/pos_iv_pos_7_ts_b7_kindUCB_zoned_v1_seed1240_n6000/pos_iv_pos_7_ts_b7_kindUCB_zoned_v1_seed1240_n6000.db,31,273.0,159477.5,,,,False,92,0.0016666666666666668,0.0,1.0624589491976824,2.1098444964779244,0,,6000,0,False
V2,kindUCB_zoned_v1,1241,/root/arguzz/a4/runs/iv_pos_7/dbs/pos_iv_pos_7_ta_b3_kindUCB_zoned_v1_seed1241_n6000/pos_iv_pos_7_ta_b3_kindUCB_zoned_v1_seed1241_n6000.db,31,291.0,178683.0,,,,False,84,0.0006666666666666666,0.0,0.9763662427469214,2.0521051925284692,0,,6000,0,False
V2,kindUCB_zoned_v1,1242,/root/arguzz/a4/runs/iv_pos_7/dbs/pos_iv_pos_7_ta_b4_kindUCB_zoned_v1_seed1242_n6000/pos_iv_pos_7_ta_b4_kindUCB_zoned_v1_seed1242_n6000.db,32,285.0,181975.0,,,,False,82,0.0008333333333333334,0.0,1.024590291725017,2.1129321509500274,0,,6000,0,False
V2,kindUCB_zoned_v1,1243,/root/arguzz/a4/runs/iv_pos_7/dbs/pos_iv_pos_7_ta_b5_kindUCB_zoned_v1_seed1243_n6000/pos_iv_pos_7_ta_b5_kindUCB_zoned_v1_seed1243_n6000.db,30,290.0,172206.0,,,,False,90,0.0011666666666666668,0.0,0.905510840764863,2.09177620036544,0,,6000,0,False
V3,kindUCB_zoned_v2_noQ,1234,/root/arguzz/a4/runs/iv_pos_7/dbs/2026-06-14_03-00-16_498814/octorand/pos_iv_pos_7_ts_b1_kindUCB_zoned_v2_noQ_seed1234_n6000.db,42,754.0,240034.0,1366.0,,,False,129,0.017833333333333333,0.0,1.960629888588435,2.2148730923437046,1,ControlMRET@inst_control.zir:93,6000,3,False
V3,kindUCB_zoned_v2_noQ,1235,/root/arguzz/a4/runs/iv_pos_7/dbs/2026-06-14_08-42-21_698342/octorand/pos_iv_pos_7_ts_b2_kindUCB_zoned_v2_noQ_seed1235_n6000.db,45,747.0,243567.5,1588.0,1807.0,,False,133,0.017166666666666667,0.0,1.9710379068553863,2.2312179676157102,2,ControlLoadRootAndNonce@inst_control.zir:35;ControlLoadRootAndNonce@inst_control.zir:36,6000,3,False
V3,kindUCB_zoned_v2_noQ,1236,/root/arguzz/a4/runs/iv_pos_7/dbs/pos_iv_pos_7_ts_b3_kindUCB_zoned_v2_noQ_seed1236_n6000/pos_iv_pos_7_ts_b3_kindUCB_zoned_v2_noQ_seed1236_n6000.db,40,748.0,227535.5,3587.0,,,False,139,0.018166666666666668,0.0,1.9731216096742088,2.222776239662527,0,,6000,3,False
V3,kindUCB_zoned_v2_noQ,1237,/root/arguzz/a4/runs/iv_pos_7/dbs/pos_iv_pos_7_ts_b4_kindUCB_zoned_v2_noQ_seed1237_n6000/pos_iv_pos_7_ts_b4_kindUCB_zoned_v2_noQ_seed1237_n6000.db,42,727.0,240766.0,840.0,,,False,145,0.0155,0.0,2.0564113349552495,2.217859390616425,1,ControlLoadRootAndNonce@inst_control.zir:35,6000,3,False
V3,kindUCB_zoned_v2_noQ,1238,/root/arguzz/a4/runs/iv_pos_7/dbs/pos_iv_pos_7_ts_b5_kindUCB_zoned_v2_noQ_seed1238_n6000/pos_iv_pos_7_ts_b5_kindUCB_zoned_v2_noQ_seed1238_n6000.db,45,739.0,231714.5,4692.0,5341.0,,False,140,0.016166666666666666,0.0,2.0691366786479315,2.162451512393898,0,,6000,3,False
V3,kindUCB_zoned_v2_noQ,1239,/root/arguzz/a4/runs/iv_pos_7/dbs/pos_iv_pos_7_ts_b6_kindUCB_zoned_v2_noQ_seed1239_n6000/pos_iv_pos_7_ts_b6_kindUCB_zoned_v2_noQ_seed1239_n6000.db,43,744.0,231298.5,3210.0,4812.0,,False,149,0.0155,0.0,2.005179429633018,2.1709481910474944,0,,6000,3,False
V3,kindUCB_zoned_v2_noQ,1240,/root/arguzz/a4/runs/iv_pos_7/dbs/pos_iv_pos_7_ts_b7_kindUCB_zoned_v2_noQ_seed1240_n6000/pos_iv_pos_7_ts_b7_kindUCB_zoned_v2_noQ_seed1240_n6000.db,41,734.0,225443.5,4690.0,,,False,135,0.017833333333333333,0.0,2.005990985669053,2.1862034402633923,0,,6000,3,False
V3,kindUCB_zoned_v2_noQ,1241,/root/arguzz/a4/runs/iv_pos_7/dbs/pos_iv_pos_7_ta_b3_kindUCB_zoned_v2_noQ_seed1241_n6000/pos_iv_pos_7_ta_b3_kindUCB_zoned_v2_noQ_seed1241_n6000.db,41,740.0,230975.0,2443.0,,,False,141,0.017,0.0,1.9850569162918241,2.1973570975385446,0,,6000,3,False
V3,kindUCB_zoned_v2_noQ,1242,/root/arguzz/a4/runs/iv_pos_7/dbs/pos_iv_pos_7_ta_b4_kindUCB_zoned_v2_noQ_seed1242_n6000/pos_iv_pos_7_ta_b4_kindUCB_zoned_v2_noQ_seed1242_n6000.db,41,725.0,234889.5,2109.0,,,False,134,0.017666666666666667,0.0,2.131672921225575,2.158607407364376,0,,6000,3,False
V3,kindUCB_zoned_v2_noQ,1243,/root/arguzz/a4/runs/iv_pos_7/dbs/pos_iv_pos_7_ta_b5_kindUCB_zoned_v2_noQ_seed1243_n6000/pos_iv_pos_7_ta_b5_kindUCB_zoned_v2_noQ_seed1243_n6000.db,41,720.0,230279.5,4883.0,,,False,138,0.015,0.0,2.009290616158205,2.2022317673684855,0,,6000,3,False
V4,kindTS_zoned_v2,1234,/root/arguzz/a4/runs/iv_pos_7/dbs/2026-06-14_03-00-16_498814/opulous/pos_iv_pos_7_ts_b1_kindTS_zoned_v2_seed1234_n6000.db,41,753.0,230396.5,2313.0,,,False,143,0.023,0.0,1.8697946539902588,2.161621254704877,0,,6000,0,False
V4,kindTS_zoned_v2,1235,/root/arguzz/a4/runs/iv_pos_7/dbs/2026-06-14_08-42-21_698342/opulous/pos_iv_pos_7_ts_b2_kindTS_zoned_v2_seed1235_n6000.db,44,749.0,250659.0,591.0,2318.0,,False,145,0.0205,0.0,1.9082887907824138,2.2036649589763866,0,,6000,0,False
V4,kindTS_zoned_v2,1236,/root/arguzz/a4/runs/iv_pos_7/dbs/pos_iv_pos_7_ts_b3_kindTS_zoned_v2_seed1236_n6000/pos_iv_pos_7_ts_b3_kindTS_zoned_v2_seed1236_n6000.db,44,752.0,242473.5,1068.0,3633.0,,False,138,0.021,0.0,1.840987105011343,2.1461911378811256,0,,6000,0,False
V4,kindTS_zoned_v2,1237,/root/arguzz/a4/runs/iv_pos_7/dbs/pos_iv_pos_7_ts_b4_kindTS_zoned_v2_seed1237_n6000/pos_iv_pos_7_ts_b4_kindTS_zoned_v2_seed1237_n6000.db,39,738.0,229927.0,,,,False,149,0.017666666666666667,0.0,1.8483178223046988,2.1995528934686814,0,,6000,0,False
V4,kindTS_zoned_v2,1238,/root/arguzz/a4/runs/iv_pos_7/dbs/pos_iv_pos_7_ts_b5_kindTS_zoned_v2_seed1238_n6000/pos_iv_pos_7_ts_b5_kindTS_zoned_v2_seed1238_n6000.db,40,738.0,226296.0,5535.0,,,False,140,0.021666666666666667,0.0,1.8871968632865341,2.2107394983870603,0,,6000,0,False
V4,kindTS_zoned_v2,1239,/root/arguzz/a4/runs/iv_pos_7/dbs/pos_iv_pos_7_ts_b6_kindTS_zoned_v2_seed1239_n6000/pos_iv_pos_7_ts_b6_kindTS_zoned_v2_seed1239_n6000.db,44,751.0,241750.5,1536.0,3405.0,,False,129,0.017166666666666667,0.0,1.845847333207868,2.191740264463436,0,,6000,0,False
V4,kindTS_zoned_v2,1240,/root/arguzz/a4/runs/iv_pos_7/dbs/pos_iv_pos_7_ts_b7_kindTS_zoned_v2_seed1240_n6000/pos_iv_pos_7_ts_b7_kindTS_zoned_v2_seed1240_n6000.db,43,751.0,237845.5,3097.0,4196.0,,False,139,0.018166666666666668,0.0,1.8578318837814605,2.1701705466361214,0,,6000,0,False
V4,kindTS_zoned_v2,1241,/root/arguzz/a4/runs/iv_pos_7/dbs/pos_iv_pos_7_ta_b4_kindTS_zoned_v2_seed1241_n6000/pos_iv_pos_7_ta_b4_kindTS_zoned_v2_seed1241_n6000.db,39,747.0,225659.5,,,,False,147,0.018166666666666668,0.0,1.7775365637864584,2.1591520138831672,0,,6000,0,False
V4,kindTS_zoned_v2,1242,/root/arguzz/a4/runs/iv_pos_7/dbs/pos_iv_pos_7_ta_b5_kindTS_zoned_v2_seed1242_n6000/pos_iv_pos_7_ta_b5_kindTS_zoned_v2_seed1242_n6000.db,41,752.0,231152.5,2947.0,,,False,153,0.0185,0.0,1.8166933078251486,2.1450093371795087,0,,6000,0,False
V4,kindTS_zoned_v2,1243,/root/arguzz/a4/runs/iv_pos_7/dbs/pos_iv_pos_7_ta_b6_kindTS_zoned_v2_seed1243_n6000/pos_iv_pos_7_ta_b6_kindTS_zoned_v2_seed1243_n6000.db,44,751.0,240017.0,1954.0,4434.0,,False,142,0.020166666666666666,0.0,1.8724552479177095,2.167216630076796,0,,6000,0,False
V5,cTS_semantic_v2,1234,/root/arguzz/a4/runs/iv_pos_7/dbs/2026-06-14_03-00-16_498814/polynize/pos_iv_pos_7_ts_b1_cTS_semantic_v2_seed1234_n6000.db,46,681.0,255181.0,1260.0,1612.0,2737.0,True,183,0.014,0.0,2.8070304289996435,3.273272847311132,0,,6000,4,False
V5,cTS_semantic_v2,1235,/root/arguzz/a4/runs/iv_pos_7/dbs/2026-06-14_08-42-21_698342/polynize/pos_iv_pos_7_ts_b2_cTS_semantic_v2_seed1235_n6000.db,46,635.0,259350.0,1026.0,1585.0,3200.0,True,190,0.013333333333333334,0.0,2.806624764175207,3.2715182517424024,0,,6000,4,False
V5,cTS_semantic_v2,1236,/root/arguzz/a4/runs/iv_pos_7/dbs/pos_iv_pos_7_ts_b3_cTS_semantic_v2_seed1236_n6000/pos_iv_pos_7_ts_b3_cTS_semantic_v2_seed1236_n6000.db,46,670.0,262978.0,397.0,1237.0,3099.0,True,188,0.0125,0.0,2.807263716363849,3.271824761214389,0,,6000,4,False
V5,cTS_semantic_v2,1237,/root/arguzz/a4/runs/iv_pos_7/dbs/pos_iv_pos_7_ts_b4_cTS_semantic_v2_seed1237_n6000/pos_iv_pos_7_ts_b4_cTS_semantic_v2_seed1237_n6000.db,48,699.0,270941.0,285.0,460.0,2185.0,True,185,0.0125,0.0,2.806596262795874,3.2701126482974914,2,ControlLoadRootAndNonce@inst_control.zir:44;ControlLoadRootAndNonce@inst_control.zir:45,6000,4,False
V5,cTS_semantic_v2,1238,/root/arguzz/a4/runs/iv_pos_7/dbs/pos_iv_pos_7_ts_b5_cTS_semantic_v2_seed1238_n6000/pos_iv_pos_7_ts_b5_cTS_semantic_v2_seed1238_n6000.db,46,666.0,262806.0,405.0,837.0,4885.0,True,185,0.0145,0.0,2.8066571040182353,3.2707429274669373,0,,6000,4,False
V5,cTS_semantic_v2,1239,/root/arguzz/a4/runs/iv_pos_7/dbs/pos_iv_pos_7_ts_b6_cTS_semantic_v2_seed1239_n6000/pos_iv_pos_7_ts_b6_cTS_semantic_v2_seed1239_n6000.db,47,708.0,273310.5,479.0,561.0,685.0,True,197,0.012333333333333333,0.0,2.8066887963239853,3.2721374875583566,1,ControlMRET@inst_control.zir:93,6000,4,False
V5,cTS_semantic_v2,1240,/root/arguzz/a4/runs/iv_pos_7/dbs/pos_iv_pos_7_ts_b7_cTS_semantic_v2_seed1240_n6000/pos_iv_pos_7_ts_b7_cTS_semantic_v2_seed1240_n6000.db,46,696.0,268048.0,479.0,637.0,1213.0,True,191,0.012166666666666666,0.0,2.80679231804252,3.2701522273737327,0,,6000,4,False
V5,cTS_semantic_v2,1241,/root/arguzz/a4/runs/iv_pos_7/dbs/pos_iv_pos_7_ta_b4_cTS_semantic_v2_seed1241_n6000/pos_iv_pos_7_ta_b4_cTS_semantic_v2_seed1241_n6000.db,46,704.0,264394.0,637.0,912.0,1137.0,True,193,0.012333333333333333,0.0,2.8068664615868157,3.2693768287082485,0,,6000,4,False
V5,cTS_semantic_v2,1242,/root/arguzz/a4/runs/iv_pos_7/dbs/pos_iv_pos_7_ta_b5_cTS_semantic_v2_seed1242_n6000/pos_iv_pos_7_ta_b5_cTS_semantic_v2_seed1242_n6000.db,46,676.0,258842.0,713.0,1319.0,4978.0,True,190,0.0125,0.0,2.80671774154136,3.272460672361148,0,,6000,4,False
V5,cTS_semantic_v2,1243,/root/arguzz/a4/runs/iv_pos_7/dbs/pos_iv_pos_7_ta_b6_cTS_semantic_v2_seed1243_n6000/pos_iv_pos_7_ta_b6_cTS_semantic_v2_seed1243_n6000.db,47,710.0,269696.5,605.0,1011.0,1486.0,True,179,0.0135,0.0,2.8065493887558546,3.270755275037833,1,ControlLoadRootAndNonce@inst_control.zir:35,6000,4,False
V6,arguzz,1234,/root/arguzz/a4/runs/iv_pos_7/dbs/pos_iv_pos_7_v6_b1a_arguzz_seed1234_n6000/pos_iv_pos_7_v6_b1a_arguzz_seed1234_n6000.db,104,,580647.0,57.0,58.0,62.0,True,393,,,3.160207108802309,1.9147427449774008,104,AddrDecompose(zirgen/circuit/rv32im/v2/dsl/u32.zir:67);AddrDecomposeBits(zirgen/circuit/rv32im/v2/dsl/u32.zir:87);ControlMRET(zirgen/circuit/rv32im/v2/dsl/inst_control.zir:89);ControlMRET(zirgen/circuit/rv32im/v2/dsl/inst_control.zir:91);ControlMRET(zirgen/circuit/rv32im/v2/dsl/inst_control.zir:92);ControlUserECALL(zirgen/circuit/rv32im/v2/dsl/inst_control.zir:75);ControlUserECALL(zirgen/circuit/rv32im/v2/dsl/inst_control.zir:77);ControlUserECALL(zirgen/circuit/rv32im/v2/dsl/inst_control.zir:78);DecodeInst(zirgen/circuit/rv32im/v2/dsl/inst.zir:29);ECall0(zirgen/circuit/rv32im/v2/dsl/inst_ecall.zir:203);ECallHostReadSetup(zirgen/circuit/rv32im/v2/dsl/inst_ecall.zir:70);MachineECall(zirgen/circuit/rv32im/v2/dsl/inst_ecall.zir:28);MachineECall(zirgen/circuit/rv32im/v2/dsl/inst_ecall.zir:29);MachineECall(zirgen/circuit/rv32im/v2/dsl/inst_ecall.zir:32);MemoryWrite(zirgen/circuit/rv32im/v2/dsl/mem.zir:100);MemoryWrite(zirgen/circuit/rv32im/v2/dsl/mem.zir:99);OneHot(zirgen/circuit/rv32im/v2/dsl/one_hot.zir:11);OneHot(zirgen/circuit/rv32im/v2/dsl/one_hot.zir:9);PoseidonEcall(zirgen/circuit/rv32im/v2/dsl/inst_p2.zir:96);Sha0(zirgen/circuit/rv32im/v2/dsl/inst_sha.zir:226);loc(callsite( IsRead ( zirgen/circuit/rv32im/v2/dsl/mem.zir :79:22) at  MemoryRead ( zirgen/circuit/rv32im/v2/dsl/mem.zir :90:10)));loc(callsite( IsRead ( zirgen/circuit/rv32im/v2/dsl/mem.zir :80:23) at  MemoryRead ( zirgen/circuit/rv32im/v2/dsl/mem.zir :90:10)));loc(callsite( OpLHU ( zirgen/circuit/rv32im/v2/dsl/inst_mem.zir :123:20) at  Mem0 ( zirgen/circuit/rv32im/v2/dsl/inst_mem.zir :57:11)));loc(callsite( OpLW ( zirgen/circuit/rv32im/v2/dsl/inst_mem.zir :108:20) at  Mem0 ( zirgen/circuit/rv32im/v2/dsl/inst_mem.zir :55:10)));loc(callsite( OpLW ( zirgen/circuit/rv32im/v2/dsl/inst_mem.zir :109:20) at  Mem0 ( zirgen/circuit/rv32im/v2/dsl/inst_mem.zir :55:10)));loc(callsite( OpSH ( zirgen/circuit/rv32im/v2/dsl/inst_mem.zir :148:20) at  Mem1 ( zirgen/circuit/rv32im/v2/dsl/inst_mem.zir :72:10)));loc(callsite( OpSW ( zirgen/circuit/rv32im/v2/dsl/inst_mem.zir :160:20) at  Mem1 ( zirgen/circuit/rv32im/v2/dsl/inst_mem.zir :73:10)));loc(callsite( OpSW ( zirgen/circuit/rv32im/v2/dsl/inst_mem.zir :161:20) at  Mem1 ( zirgen/circuit/rv32im/v2/dsl/inst_mem.zir :73:10)));loc(callsite( VerifyOpcode ( zirgen/circuit/rv32im/v2/dsl/inst.zir :91:19) at callsite( OpAUIPC ( zirgen/circuit/rv32im/v2/dsl/inst_misc.zir :214:16) at  Misc2 ( zirgen/circuit/rv32im/v2/dsl/inst_misc.zir :71:30))));loc(callsite( VerifyOpcode ( zirgen/circuit/rv32im/v2/dsl/inst.zir :91:19) at callsite( OpJAL ( zirgen/circuit/rv32im/v2/dsl/inst_misc.zir :195:16) at  Misc2 ( zirgen/circuit/rv32im/v2/dsl/inst_misc.zir :68:28))));loc(callsite( VerifyOpcode ( zirgen/circuit/rv32im/v2/dsl/inst.zir :91:19) at callsite( OpLUI ( zirgen/circuit/rv32im/v2/dsl/inst_misc.zir :209:16) at  Misc2 ( zirgen/circuit/rv32im/v2/dsl/inst_misc.zir :70:28))));loc(callsite( VerifyOpcodeF3 ( zirgen/circuit/rv32im/v2/dsl/inst.zir :96:19) at  OpANDI ( zirgen/circuit/rv32im/v2/dsl/inst_misc.zir :142:18)));loc(callsite( VerifyOpcodeF3 ( zirgen/circuit/rv32im/v2/dsl/inst.zir :96:19) at  OpBEQ ( zirgen/circuit/rv32im/v2/dsl/inst_misc.zir :159:18)));loc(callsite( VerifyOpcodeF3 ( zirgen/circuit/rv32im/v2/dsl/inst.zir :96:19) at  OpBGE ( zirgen/circuit/rv32im/v2/dsl/inst_misc.zir :177:18)));loc(callsite( VerifyOpcodeF3 ( zirgen/circuit/rv32im/v2/dsl/inst.zir :96:19) at  OpBGEU ( zirgen/circuit/rv32im/v2/dsl/inst_misc.zir :189:18)));loc(callsite( VerifyOpcodeF3 ( zirgen/circuit/rv32im/v2/dsl/inst.zir :96:19) at  OpBLT ( zirgen/circuit/rv32im/v2/dsl/inst_misc.zir :171:18)));loc(callsite( VerifyOpcodeF3 ( zirgen/circuit/rv32im/v2/dsl/inst.zir :96:19) at  OpBLTU ( zirgen/circuit/rv32im/v2/dsl/inst_misc.zir :183:18)));loc(callsite( VerifyOpcodeF3 ( zirgen/circuit/rv32im/v2/dsl/inst.zir :96:19) at  OpBNE ( zirgen/circuit/rv32im/v2/dsl/inst_misc.zir :165:18)));loc(callsite( VerifyOpcodeF3 ( zirgen/circuit/rv32im/v2/dsl/inst.zir :96:19) at  OpLB ( zirgen/circuit/rv32im/v2/dsl/inst_mem.zir :86:18)));loc(callsite( VerifyOpcodeF3 ( zirgen/circuit/rv32im/v2/dsl/inst.zir :96:19) at  OpLBU ( zirgen/circuit/rv32im/v2/dsl/inst_mem.zir :114:18)));loc(callsite( VerifyOpcodeF3 ( zirgen/circuit/rv32im/v2/dsl/inst.zir :96:19) at  OpLH ( zirgen/circuit/rv32im/v2/dsl/inst_mem.zir :97:18)));loc(callsite( VerifyOpcodeF3 ( zirgen/circuit/rv32im/v2/dsl/inst.zir :96:19) at  OpORI ( zirgen/circuit/rv32im/v2/dsl/inst_misc.zir :137:18)));loc(callsite( VerifyOpcodeF3 ( zirgen/circuit/rv32im/v2/dsl/inst.zir :96:19) at  OpSB ( zirgen/circuit/rv32im/v2/dsl/inst_mem.zir :129:18)));loc(callsite( VerifyOpcodeF3 ( zirgen/circuit/rv32im/v2/dsl/inst.zir :96:19) at  OpSLTI ( zirgen/circuit/rv32im/v2/dsl/inst_misc.zir :147:18)));loc(callsite( VerifyOpcodeF3 ( zirgen/circuit/rv32im/v2/dsl/inst.zir :96:19) at  OpSLTIU ( zirgen/circuit/rv32im/v2/dsl/inst_misc.zir :153:18)));loc(callsite( VerifyOpcodeF3 ( zirgen/circuit/rv32im/v2/dsl/inst.zir :96:19) at  OpXORI ( zirgen/circuit/rv32im/v2/dsl/inst_misc.zir :132:18)));loc(callsite( VerifyOpcodeF3 ( zirgen/circuit/rv32im/v2/dsl/inst.zir :96:19) at callsite( OpADDI ( zirgen/circuit/rv32im/v2/dsl/inst_misc.zir :127:18) at  Misc0 ( zirgen/circuit/rv32im/v2/dsl/inst_misc.zir :40:29))));loc(callsite( VerifyOpcodeF3 ( zirgen/circuit/rv32im/v2/dsl/inst.zir :96:19) at callsite( OpJALR ( zirgen/circuit/rv32im/v2/dsl/inst_misc.zir :202:18) at  Misc2 ( zirgen/circuit/rv32im/v2/dsl/inst_misc.zir :69:29))));loc(callsite( VerifyOpcodeF3 ( zirgen/circuit/rv32im/v2/dsl/inst.zir :96:19) at callsite( OpLHU ( zirgen/circuit/rv32im/v2/dsl/inst_mem.zir :122:18) at  Mem0 ( zirgen/circuit/rv32im/v2/dsl/inst_mem.zir :57:11))));loc(callsite( VerifyOpcodeF3 ( zirgen/circuit/rv32im/v2/dsl/inst.zir :96:19) at callsite( OpLW ( zirgen/circuit/rv32im/v2/dsl/inst_mem.zir :107:18) at  Mem0 ( zirgen/circuit/rv32im/v2/dsl/inst_mem.zir :55:10))));loc(callsite( VerifyOpcodeF3 ( zirgen/circuit/rv32im/v2/dsl/inst.zir :96:19) at callsite( OpSH ( zirgen/circuit/rv32im/v2/dsl/inst_mem.zir :147:18) at  Mem1 ( zirgen/circuit/rv32im/v2/dsl/inst_mem.zir :72:10))));loc(callsite( VerifyOpcodeF3 ( zirgen/circuit/rv32im/v2/dsl/inst.zir :96:19) at callsite( OpSW ( zirgen/circuit/rv32im/v2/dsl/inst_mem.zir :159:18) at  Mem1 ( zirgen/circuit/rv32im/v2/dsl/inst_mem.zir :73:10))));loc(callsite( VerifyOpcodeF3 ( zirgen/circuit/rv32im/v2/dsl/inst.zir :97:18) at  OpANDI ( zirgen/circuit/rv32im/v2/dsl/inst_misc.zir :142:18)));loc(callsite( VerifyOpcodeF3 ( zirgen/circuit/rv32im/v2/dsl/inst.zir :97:18) at  OpBEQ ( zirgen/circuit/rv32im/v2/dsl/inst_misc.zir :159:18)));loc(callsite( VerifyOpcodeF3 ( zirgen/circuit/rv32im/v2/dsl/inst.zir :97:18) at  OpBGE ( zirgen/circuit/rv32im/v2/dsl/inst_misc.zir :177:18)));loc(callsite( VerifyOpcodeF3 ( zirgen/circuit/rv32im/v2/dsl/inst.zir :97:18) at  OpBGEU ( zirgen/circuit/rv32im/v2/dsl/inst_misc.zir :189:18)));loc(callsite( VerifyOpcodeF3 ( zirgen/circuit/rv32im/v2/dsl/inst.zir :97:18) at  OpBLT ( zirgen/circuit/rv32im/v2/dsl/inst_misc.zir :171:18)));loc(callsite( VerifyOpcodeF3 ( zirgen/circuit/rv32im/v2/dsl/inst.zir :97:18) at  OpBLTU ( zirgen/circuit/rv32im/v2/dsl/inst_misc.zir :183:18)));loc(callsite( VerifyOpcodeF3 ( zirgen/circuit/rv32im/v2/dsl/inst.zir :97:18) at  OpBNE ( zirgen/circuit/rv32im/v2/dsl/inst_misc.zir :165:18)));loc(callsite( VerifyOpcodeF3 ( zirgen/circuit/rv32im/v2/dsl/inst.zir :97:18) at  OpLB ( zirgen/circuit/rv32im/v2/dsl/inst_mem.zir :86:18)));loc(callsite( VerifyOpcodeF3 ( zirgen/circuit/rv32im/v2/dsl/inst.zir :97:18) at  OpLBU ( zirgen/circuit/rv32im/v2/dsl/inst_mem.zir :114:18)));loc(callsite( VerifyOpcodeF3 ( zirgen/circuit/rv32im/v2/dsl/inst.zir :97:18) at  OpLH ( zirgen/circuit/rv32im/v2/dsl/inst_mem.zir :97:18)));loc(callsite( VerifyOpcodeF3 ( zirgen/circuit/rv32im/v2/dsl/inst.zir :97:18) at  OpORI ( zirgen/circuit/rv32im/v2/dsl/inst_misc.zir :137:18)));loc(callsite( VerifyOpcodeF3 ( zirgen/circuit/rv32im/v2/dsl/inst.zir :97:18) at  OpSB ( zirgen/circuit/rv32im/v2/dsl/inst_mem.zir :129:18)));loc(callsite( VerifyOpcodeF3 ( zirgen/circuit/rv32im/v2/dsl/inst.zir :97:18) at  OpSLTI ( zirgen/circuit/rv32im/v2/dsl/inst_misc.zir :147:18)));loc(callsite( VerifyOpcodeF3 ( zirgen/circuit/rv32im/v2/dsl/inst.zir :97:18) at  OpSLTIU ( zirgen/circuit/rv32im/v2/dsl/inst_misc.zir :153:18)));loc(callsite( VerifyOpcodeF3 ( zirgen/circuit/rv32im/v2/dsl/inst.zir :97:18) at  OpXORI ( zirgen/circuit/rv32im/v2/dsl/inst_misc.zir :132:18)));loc(callsite( VerifyOpcodeF3 ( zirgen/circuit/rv32im/v2/dsl/inst.zir :97:18) at callsite( OpADDI ( zirgen/circuit/rv32im/v2/dsl/inst_misc.zir :127:18) at  Misc0 ( zirgen/circuit/rv32im/v2/dsl/inst_misc.zir :40:29))));loc(callsite( VerifyOpcodeF3 ( zirgen/circuit/rv32im/v2/dsl/inst.zir :97:18) at callsite( OpJALR ( zirgen/circuit/rv32im/v2/dsl/inst_misc.zir :202:18) at  Misc2 ( zirgen/circuit/rv32im/v2/dsl/inst_misc.zir :69:29))));loc(callsite( VerifyOpcodeF3 ( zirgen/circuit/rv32im/v2/dsl/inst.zir :97:18) at callsite( OpLHU ( zirgen/circuit/rv32im/v2/dsl/inst_mem.zir :122:18) at  Mem0 ( zirgen/circuit/rv32im/v2/dsl/inst_mem.zir :57:11))));loc(callsite( VerifyOpcodeF3 ( zirgen/circuit/rv32im/v2/dsl/inst.zir :97:18) at callsite( OpLW ( zirgen/circuit/rv32im/v2/dsl/inst_mem.zir :107:18) at  Mem0 ( zirgen/circuit/rv32im/v2/dsl/inst_mem.zir :55:10))));loc(callsite( VerifyOpcodeF3 ( zirgen/circuit/rv32im/v2/dsl/inst.zir :97:18) at callsite( OpSH ( zirgen/circuit/rv32im/v2/dsl/inst_mem.zir :147:18) at  Mem1 ( zirgen/circuit/rv32im/v2/dsl/inst_mem.zir :72:10))));loc(callsite( VerifyOpcodeF3 ( zirgen/circuit/rv32im/v2/dsl/inst.zir :97:18) at callsite( OpSW ( zirgen/circuit/rv32im/v2/dsl/inst_mem.zir :159:18) at  Mem1 ( zirgen/circuit/rv32im/v2/dsl/inst_mem.zir :73:10))));loc(callsite( VerifyOpcodeF3F7 ( zirgen/circuit/rv32im/v2/dsl/inst.zir :102:19) at  OpAND ( zirgen/circuit/rv32im/v2/dsl/inst_misc.zir :110:20)));loc(callsite( VerifyOpcodeF3F7 ( zirgen/circuit/rv32im/v2/dsl/inst.zir :102:19) at  OpMUL ( zirgen/circuit/rv32im/v2/dsl/inst_mul.zir :63:20)));loc(callsite( VerifyOpcodeF3F7 ( zirgen/circuit/rv32im/v2/dsl/inst.zir :102:19) at  OpOR ( zirgen/circuit/rv32im/v2/dsl/inst_misc.zir :105:20)));loc(callsite( VerifyOpcodeF3F7 ( zirgen/circuit/rv32im/v2/dsl/inst.zir :102:19) at  OpSLLI ( zirgen/circuit/rv32im/v2/dsl/inst_mul.zir :56:20)));loc(callsite( VerifyOpcodeF3F7 ( zirgen/circuit/rv32im/v2/dsl/inst.zir :102:19) at  OpSLTU ( zirgen/circuit/rv32im/v2/dsl/inst_misc.zir :121:20)));loc(callsite( VerifyOpcodeF3F7 ( zirgen/circuit/rv32im/v2/dsl/inst.zir :102:19) at  OpSRLI ( zirgen/circuit/rv32im/v2/dsl/inst_div.zir :148:20)));loc(callsite( VerifyOpcodeF3F7 ( zirgen/circuit/rv32im/v2/dsl/inst.zir :102:19) at  OpXOR ( zirgen/circuit/rv32im/v2/dsl/inst_misc.zir :100:20)));loc(callsite( VerifyOpcodeF3F7 ( zirgen/circuit/rv32im/v2/dsl/inst.zir :102:19) at callsite( OpADD ( zirgen/circuit/rv32im/v2/dsl/inst_misc.zir :90:20) at  Misc0 ( zirgen/circuit/rv32im/v2/dsl/inst_misc.zir :33:28))));loc(callsite( VerifyOpcodeF3F7 ( zirgen/circuit/rv32im/v2/dsl/inst.zir :102:19) at callsite( OpSUB ( zirgen/circuit/rv32im/v2/dsl/inst_misc.zir :95:20) at  Misc0 ( zirgen/circuit/rv32im/v2/dsl/inst_misc.zir :34:28))));loc(callsite( VerifyOpcodeF3F7 ( zirgen/circuit/rv32im/v2/dsl/inst.zir :103:18) at  OpAND ( zirgen/circuit/rv32im/v2/dsl/inst_misc.zir :110:20)));loc(callsite( VerifyOpcodeF3F7 ( zirgen/circuit/rv32im/v2/dsl/inst.zir :103:18) at  OpMUL ( zirgen/circuit/rv32im/v2/dsl/inst_mul.zir :63:20)));loc(callsite( VerifyOpcodeF3F7 ( zirgen/circuit/rv32im/v2/dsl/inst.zir :103:18) at  OpMULH ( zirgen/circuit/rv32im/v2/dsl/inst_mul.zir :69:20)));loc(callsite( VerifyOpcodeF3F7 ( zirgen/circuit/rv32im/v2/dsl/inst.zir :103:18) at  OpMULHSU ( zirgen/circuit/rv32im/v2/dsl/inst_mul.zir :75:20)));loc(callsite( VerifyOpcodeF3F7 ( zirgen/circuit/rv32im/v2/dsl/inst.zir :103:18) at  OpOR ( zirgen/circuit/rv32im/v2/dsl/inst_misc.zir :105:20)));loc(callsite( VerifyOpcodeF3F7 ( zirgen/circuit/rv32im/v2/dsl/inst.zir :103:18) at  OpSLLI ( zirgen/circuit/rv32im/v2/dsl/inst_mul.zir :56:20)));loc(callsite( VerifyOpcodeF3F7 ( zirgen/circuit/rv32im/v2/dsl/inst.zir :103:18) at  OpSLT ( zirgen/circuit/rv32im/v2/dsl/inst_misc.zir :115:20)));loc(callsite( VerifyOpcodeF3F7 ( zirgen/circuit/rv32im/v2/dsl/inst.zir :103:18) at  OpSLTU ( zirgen/circuit/rv32im/v2/dsl/inst_misc.zir :121:20)));loc(callsite( VerifyOpcodeF3F7 ( zirgen/circuit/rv32im/v2/dsl/inst.zir :103:18) at  OpSRL ( zirgen/circuit/rv32im/v2/dsl/inst_div.zir :134:20)));loc(callsite( VerifyOpcodeF3F7 ( zirgen/circuit/rv32im/v2/dsl/inst.zir :103:18) at  OpSRLI ( zirgen/circuit/rv32im/v2/dsl/inst_div.zir :148:20)));loc(callsite( VerifyOpcodeF3F7 ( zirgen/circuit/rv32im/v2/dsl/inst.zir :103:18) at  OpXOR ( zirgen/circuit/rv32im/v2/dsl/inst_misc.zir :100:20)));loc(callsite( VerifyOpcodeF3F7 ( zirgen/circuit/rv32im/v2/dsl/inst.zir :103:18) at callsite( OpADD ( zirgen/circuit/rv32im/v2/dsl/inst_misc.zir :90:20) at  Misc0 ( zirgen/circuit/rv32im/v2/dsl/inst_misc.zir :33:28))));loc(callsite( VerifyOpcodeF3F7 ( zirgen/circuit/rv32im/v2/dsl/inst.zir :103:18) at callsite( OpSUB ( zirgen/circuit/rv32im/v2/dsl/inst_misc.zir :95:20) at  Misc0 ( zirgen/circuit/rv32im/v2/dsl/inst_misc.zir :34:28))));loc(callsite( VerifyOpcodeF3F7 ( zirgen/circuit/rv32im/v2/dsl/inst.zir :104:18) at  OpAND ( zirgen/circuit/rv32im/v2/dsl/inst_misc.zir :110:20)));loc(callsite( VerifyOpcodeF3F7 ( zirgen/circuit/rv32im/v2/dsl/inst.zir :104:18) at  OpMUL ( zirgen/circuit/rv32im/v2/dsl/inst_mul.zir :63:20)));loc(callsite( VerifyOpcodeF3F7 ( zirgen/circuit/rv32im/v2/dsl/inst.zir :104:18) at  OpOR ( zirgen/circuit/rv32im/v2/dsl/inst_misc.zir :105:20)));loc(callsite( VerifyOpcodeF3F7 ( zirgen/circuit/rv32im/v2/dsl/inst.zir :104:18) at  OpSLLI ( zirgen/circuit/rv32im/v2/dsl/inst_mul.zir :56:20)));loc(callsite( VerifyOpcodeF3F7 ( zirgen/circuit/rv32im/v2/dsl/inst.zir :104:18) at  OpSLTU ( zirgen/circuit/rv32im/v2/dsl/inst_misc.zir :121:20)));loc(callsite( VerifyOpcodeF3F7 ( zirgen/circuit/rv32im/v2/dsl/inst.zir :104:18) at  OpSRLI ( zirgen/circuit/rv32im/v2/dsl/inst_div.zir :148:20)));loc(callsite( VerifyOpcodeF3F7 ( zirgen/circuit/rv32im/v2/dsl/inst.zir :104:18) at  OpXOR ( zirgen/circuit/rv32im/v2/dsl/inst_misc.zir :100:20)));loc(callsite( VerifyOpcodeF3F7 ( zirgen/circuit/rv32im/v2/dsl/inst.zir :104:18) at callsite( OpADD ( zirgen/circuit/rv32im/v2/dsl/inst_misc.zir :90:20) at  Misc0 ( zirgen/circuit/rv32im/v2/dsl/inst_misc.zir :33:28))));loc(callsite( VerifyOpcodeF3F7 ( zirgen/circuit/rv32im/v2/dsl/inst.zir :104:18) at callsite( OpSUB ( zirgen/circuit/rv32im/v2/dsl/inst_misc.zir :95:20) at  Misc0 ( zirgen/circuit/rv32im/v2/dsl/inst_misc.zir :34:28)))),6000,125,False
V6,arguzz,1235,/root/arguzz/a4/runs/iv_pos_7/dbs/pos_iv_pos_7_v6_b1a_arguzz_seed1235_n6000/pos_iv_pos_7_v6_b1a_arguzz_seed1235_n6000.db,107,,576642.5,43.0,56.0,69.0,True,392,,,3.1604865958476958,1.9080215664372713,107,AddrDecompose(zirgen/circuit/rv32im/v2/dsl/u32.zir:67);AddrDecomposeBits(zirgen/circuit/rv32im/v2/dsl/u32.zir:87);ControlMRET(zirgen/circuit/rv32im/v2/dsl/inst_control.zir:89);ControlMRET(zirgen/circuit/rv32im/v2/dsl/inst_control.zir:91);ControlMRET(zirgen/circuit/rv32im/v2/dsl/inst_control.zir:92);ControlUserECALL(zirgen/circuit/rv32im/v2/dsl/inst_control.zir:75);ControlUserECALL(zirgen/circuit/rv32im/v2/dsl/inst_control.zir:77);ControlUserECALL(zirgen/circuit/rv32im/v2/dsl/inst_control.zir:78);DecodeInst(zirgen/circuit/rv32im/v2/dsl/inst.zir:29);ECall0(zirgen/circuit/rv32im/v2/dsl/inst_ecall.zir:203);ECallHostReadSetup(zirgen/circuit/rv32im/v2/dsl/inst_ecall.zir:70);MachineECall(zirgen/circuit/rv32im/v2/dsl/inst_ecall.zir:28);MachineECall(zirgen/circuit/rv32im/v2/dsl/inst_ecall.zir:29);MachineECall(zirgen/circuit/rv32im/v2/dsl/inst_ecall.zir:32);MemoryWrite(zirgen/circuit/rv32im/v2/dsl/mem.zir:100);MemoryWrite(zirgen/circuit/rv32im/v2/dsl/mem.zir:99);OneHot(zirgen/circuit/rv32im/v2/dsl/one_hot.zir:11);OneHot(zirgen/circuit/rv32im/v2/dsl/one_hot.zir:9);PoseidonEcall(zirgen/circuit/rv32im/v2/dsl/inst_p2.zir:96);Sha0(zirgen/circuit/rv32im/v2/dsl/inst_sha.zir:226);loc(callsite( IsRead ( zirgen/circuit/rv32im/v2/dsl/mem.zir :79:22) at  MemoryRead ( zirgen/circuit/rv32im/v2/dsl/mem.zir :90:10)));loc(callsite( IsRead ( zirgen/circuit/rv32im/v2/dsl/mem.zir :80:23) at  MemoryRead ( zirgen/circuit/rv32im/v2/dsl/mem.zir :90:10)));loc(callsite( OpLHU ( zirgen/circuit/rv32im/v2/dsl/inst_mem.zir :123:20) at  Mem0 ( zirgen/circuit/rv32im/v2/dsl/inst_mem.zir :57:11)));loc(callsite( OpLW ( zirgen/circuit/rv32im/v2/dsl/inst_mem.zir :108:20) at  Mem0 ( zirgen/circuit/rv32im/v2/dsl/inst_mem.zir :55:10)));loc(callsite( OpLW ( zirgen/circuit/rv32im/v2/dsl/inst_mem.zir :109:20) at  Mem0 ( zirgen/circuit/rv32im/v2/dsl/inst_mem.zir :55:10)));loc(callsite( OpSW ( zirgen/circuit/rv32im/v2/dsl/inst_mem.zir :160:20) at  Mem1 ( zirgen/circuit/rv32im/v2/dsl/inst_mem.zir :73:10)));loc(callsite( OpSW ( zirgen/circuit/rv32im/v2/dsl/inst_mem.zir :161:20) at  Mem1 ( zirgen/circuit/rv32im/v2/dsl/inst_mem.zir :73:10)));loc(callsite( VerifyOpcode ( zirgen/circuit/rv32im/v2/dsl/inst.zir :91:19) at callsite( OpAUIPC ( zirgen/circuit/rv32im/v2/dsl/inst_misc.zir :214:16) at  Misc2 ( zirgen/circuit/rv32im/v2/dsl/inst_misc.zir :71:30))));loc(callsite( VerifyOpcode ( zirgen/circuit/rv32im/v2/dsl/inst.zir :91:19) at callsite( OpJAL ( zirgen/circuit/rv32im/v2/dsl/inst_misc.zir :195:16) at  Misc2 ( zirgen/circuit/rv32im/v2/dsl/inst_misc.zir :68:28))));loc(callsite( VerifyOpcode ( zirgen/circuit/rv32im/v2/dsl/inst.zir :91:19) at callsite( OpLUI ( zirgen/circuit/rv32im/v2/dsl/inst_misc.zir :209:16) at  Misc2 ( zirgen/circuit/rv32im/v2/dsl/inst_misc.zir :70:28))));loc(callsite( VerifyOpcodeF3 ( zirgen/circuit/rv32im/v2/dsl/inst.zir :96:19) at  OpANDI ( zirgen/circuit/rv32im/v2/dsl/inst_misc.zir :142:18)));loc(callsite( VerifyOpcodeF3 ( zirgen/circuit/rv32im/v2/dsl/inst.zir :96:19) at  OpBEQ ( zirgen/circuit/rv32im/v2/dsl/inst_misc.zir :159:18)));loc(callsite( VerifyOpcodeF3 ( zirgen/circuit/rv32im/v2/dsl/inst.zir :96:19) at  OpBGE ( zirgen/circuit/rv32im/v2/dsl/inst_misc.zir :177:18)));loc(callsite( VerifyOpcodeF3 ( zirgen/circuit/rv32im/v2/dsl/inst.zir :96:19) at  OpBGEU ( zirgen/circuit/rv32im/v2/dsl/inst_misc.zir :189:18)));loc(callsite( VerifyOpcodeF3 ( zirgen/circuit/rv32im/v2/dsl/inst.zir :96:19) at  OpBLT ( zirgen/circuit/rv32im/v2/dsl/inst_misc.zir :171:18)));loc(callsite( VerifyOpcodeF3 ( zirgen/circuit/rv32im/v2/dsl/inst.zir :96:19) at  OpBLTU ( zirgen/circuit/rv32im/v2/dsl/inst_misc.zir :183:18)));loc(callsite( VerifyOpcodeF3 ( zirgen/circuit/rv32im/v2/dsl/inst.zir :96:19) at  OpBNE ( zirgen/circuit/rv32im/v2/dsl/inst_misc.zir :165:18)));loc(callsite( VerifyOpcodeF3 ( zirgen/circuit/rv32im/v2/dsl/inst.zir :96:19) at  OpLB ( zirgen/circuit/rv32im/v2/dsl/inst_mem.zir :86:18)));loc(callsite( VerifyOpcodeF3 ( zirgen/circuit/rv32im/v2/dsl/inst.zir :96:19) at  OpLBU ( zirgen/circuit/rv32im/v2/dsl/inst_mem.zir :114:18)));loc(callsite( VerifyOpcodeF3 ( zirgen/circuit/rv32im/v2/dsl/inst.zir :96:19) at  OpLH ( zirgen/circuit/rv32im/v2/dsl/inst_mem.zir :97:18)));loc(callsite( VerifyOpcodeF3 ( zirgen/circuit/rv32im/v2/dsl/inst.zir :96:19) at  OpORI ( zirgen/circuit/rv32im/v2/dsl/inst_misc.zir :137:18)));loc(callsite( VerifyOpcodeF3 ( zirgen/circuit/rv32im/v2/dsl/inst.zir :96:19) at  OpSB ( zirgen/circuit/rv32im/v2/dsl/inst_mem.zir :129:18)));loc(callsite( VerifyOpcodeF3 ( zirgen/circuit/rv32im/v2/dsl/inst.zir :96:19) at  OpSLTI ( zirgen/circuit/rv32im/v2/dsl/inst_misc.zir :147:18)));loc(callsite( VerifyOpcodeF3 ( zirgen/circuit/rv32im/v2/dsl/inst.zir :96:19) at  OpSLTIU ( zirgen/circuit/rv32im/v2/dsl/inst_misc.zir :153:18)));loc(callsite( VerifyOpcodeF3 ( zirgen/circuit/rv32im/v2/dsl/inst.zir :96:19) at  OpXORI ( zirgen/circuit/rv32im/v2/dsl/inst_misc.zir :132:18)));loc(callsite( VerifyOpcodeF3 ( zirgen/circuit/rv32im/v2/dsl/inst.zir :96:19) at callsite( OpADDI ( zirgen/circuit/rv32im/v2/dsl/inst_misc.zir :127:18) at  Misc0 ( zirgen/circuit/rv32im/v2/dsl/inst_misc.zir :40:29))));loc(callsite( VerifyOpcodeF3 ( zirgen/circuit/rv32im/v2/dsl/inst.zir :96:19) at callsite( OpJALR ( zirgen/circuit/rv32im/v2/dsl/inst_misc.zir :202:18) at  Misc2 ( zirgen/circuit/rv32im/v2/dsl/inst_misc.zir :69:29))));loc(callsite( VerifyOpcodeF3 ( zirgen/circuit/rv32im/v2/dsl/inst.zir :96:19) at callsite( OpLHU ( zirgen/circuit/rv32im/v2/dsl/inst_mem.zir :122:18) at  Mem0 ( zirgen/circuit/rv32im/v2/dsl/inst_mem.zir :57:11))));loc(callsite( VerifyOpcodeF3 ( zirgen/circuit/rv32im/v2/dsl/inst.zir :96:19) at callsite( OpLW ( zirgen/circuit/rv32im/v2/dsl/inst_mem.zir :107:18) at  Mem0 ( zirgen/circuit/rv32im/v2/dsl/inst_mem.zir :55:10))));loc(callsite( VerifyOpcodeF3 ( zirgen/circuit/rv32im/v2/dsl/inst.zir :96:19) at callsite( OpSH ( zirgen/circuit/rv32im/v2/dsl/inst_mem.zir :147:18) at  Mem1 ( zirgen/circuit/rv32im/v2/dsl/inst_mem.zir :72:10))));loc(callsite( VerifyOpcodeF3 ( zirgen/circuit/rv32im/v2/dsl/inst.zir :96:19) at callsite( OpSW ( zirgen/circuit/rv32im/v2/dsl/inst_mem.zir :159:18) at  Mem1 ( zirgen/circuit/rv32im/v2/dsl/inst_mem.zir :73:10))));loc(callsite( VerifyOpcodeF3 ( zirgen/circuit/rv32im/v2/dsl/inst.zir :97:18) at  OpANDI ( zirgen/circuit/rv32im/v2/dsl/inst_misc.zir :142:18)));loc(callsite( VerifyOpcodeF3 ( zirgen/circuit/rv32im/v2/dsl/inst.zir :97:18) at  OpBEQ ( zirgen/circuit/rv32im/v2/dsl/inst_misc.zir :159:18)));loc(callsite( VerifyOpcodeF3 ( zirgen/circuit/rv32im/v2/dsl/inst.zir :97:18) at  OpBGE ( zirgen/circuit/rv32im/v2/dsl/inst_misc.zir :177:18)));loc(callsite( VerifyOpcodeF3 ( zirgen/circuit/rv32im/v2/dsl/inst.zir :97:18) at  OpBGEU ( zirgen/circuit/rv32im/v2/dsl/inst_misc.zir :189:18)));loc(callsite( VerifyOpcodeF3 ( zirgen/circuit/rv32im/v2/dsl/inst.zir :97:18) at  OpBLT ( zirgen/circuit/rv32im/v2/dsl/inst_misc.zir :171:18)));loc(callsite( VerifyOpcodeF3 ( zirgen/circuit/rv32im/v2/dsl/inst.zir :97:18) at  OpBLTU ( zirgen/circuit/rv32im/v2/dsl/inst_misc.zir :183:18)));loc(callsite( VerifyOpcodeF3 ( zirgen/circuit/rv32im/v2/dsl/inst.zir :97:18) at  OpBNE ( zirgen/circuit/rv32im/v2/dsl/inst_misc.zir :165:18)));loc(callsite( VerifyOpcodeF3 ( zirgen/circuit/rv32im/v2/dsl/inst.zir :97:18) at  OpLB ( zirgen/circuit/rv32im/v2/dsl/inst_mem.zir :86:18)));loc(callsite( VerifyOpcodeF3 ( zirgen/circuit/rv32im/v2/dsl/inst.zir :97:18) at  OpLBU ( zirgen/circuit/rv32im/v2/dsl/inst_mem.zir :114:18)));loc(callsite( VerifyOpcodeF3 ( zirgen/circuit/rv32im/v2/dsl/inst.zir :97:18) at  OpLH ( zirgen/circuit/rv32im/v2/dsl/inst_mem.zir :97:18)));loc(callsite( VerifyOpcodeF3 ( zirgen/circuit/rv32im/v2/dsl/inst.zir :97:18) at  OpORI ( zirgen/circuit/rv32im/v2/dsl/inst_misc.zir :137:18)));loc(callsite( VerifyOpcodeF3 ( zirgen/circuit/rv32im/v2/dsl/inst.zir :97:18) at  OpSB ( zirgen/circuit/rv32im/v2/dsl/inst_mem.zir :129:18)));loc(callsite( VerifyOpcodeF3 ( zirgen/circuit/rv32im/v2/dsl/inst.zir :97:18) at  OpSLTI ( zirgen/circuit/rv32im/v2/dsl/inst_misc.zir :147:18)));loc(callsite( VerifyOpcodeF3 ( zirgen/circuit/rv32im/v2/dsl/inst.zir :97:18) at  OpSLTIU ( zirgen/circuit/rv32im/v2/dsl/inst_misc.zir :153:18)));loc(callsite( VerifyOpcodeF3 ( zirgen/circuit/rv32im/v2/dsl/inst.zir :97:18) at  OpXORI ( zirgen/circuit/rv32im/v2/dsl/inst_misc.zir :132:18)));loc(callsite( VerifyOpcodeF3 ( zirgen/circuit/rv32im/v2/dsl/inst.zir :97:18) at callsite( OpADDI ( zirgen/circuit/rv32im/v2/dsl/inst_misc.zir :127:18) at  Misc0 ( zirgen/circuit/rv32im/v2/dsl/inst_misc.zir :40:29))));loc(callsite( VerifyOpcodeF3 ( zirgen/circuit/rv32im/v2/dsl/inst.zir :97:18) at callsite( OpJALR ( zirgen/circuit/rv32im/v2/dsl/inst_misc.zir :202:18) at  Misc2 ( zirgen/circuit/rv32im/v2/dsl/inst_misc.zir :69:29))));loc(callsite( VerifyOpcodeF3 ( zirgen/circuit/rv32im/v2/dsl/inst.zir :97:18) at callsite( OpLHU ( zirgen/circuit/rv32im/v2/dsl/inst_mem.zir :122:18) at  Mem0 ( zirgen/circuit/rv32im/v2/dsl/inst_mem.zir :57:11))));loc(callsite( VerifyOpcodeF3 ( zirgen/circuit/rv32im/v2/dsl/inst.zir :97:18) at callsite( OpLW ( zirgen/circuit/rv32im/v2/dsl/inst_mem.zir :107:18) at  Mem0 ( zirgen/circuit/rv32im/v2/dsl/inst_mem.zir :55:10))));loc(callsite( VerifyOpcodeF3 ( zirgen/circuit/rv32im/v2/dsl/inst.zir :97:18) at callsite( OpSH ( zirgen/circuit/rv32im/v2/dsl/inst_mem.zir :147:18) at  Mem1 ( zirgen/circuit/rv32im/v2/dsl/inst_mem.zir :72:10))));loc(callsite( VerifyOpcodeF3 ( zirgen/circuit/rv32im/v2/dsl/inst.zir :97:18) at callsite( OpSW ( zirgen/circuit/rv32im/v2/dsl/inst_mem.zir :159:18) at  Mem1 ( zirgen/circuit/rv32im/v2/dsl/inst_mem.zir :73:10))));loc(callsite( VerifyOpcodeF3F7 ( zirgen/circuit/rv32im/v2/dsl/inst.zir :102:19) at  OpAND ( zirgen/circuit/rv32im/v2/dsl/inst_misc.zir :110:20)));loc(callsite( VerifyOpcodeF3F7 ( zirgen/circuit/rv32im/v2/dsl/inst.zir :102:19) at  OpMUL ( zirgen/circuit/rv32im/v2/dsl/inst_mul.zir :63:20)));loc(callsite( VerifyOpcodeF3F7 ( zirgen/circuit/rv32im/v2/dsl/inst.zir :102:19) at  OpOR ( zirgen/circuit/rv32im/v2/dsl/inst_misc.zir :105:20)));loc(callsite( VerifyOpcodeF3F7 ( zirgen/circuit/rv32im/v2/dsl/inst.zir :102:19) at  OpSLL ( zirgen/circuit/rv32im/v2/dsl/inst_mul.zir :49:20)));loc(callsite( VerifyOpcodeF3F7 ( zirgen/circuit/rv32im/v2/dsl/inst.zir :102:19) at  OpSLLI ( zirgen/circuit/rv32im/v2/dsl/inst_mul.zir :56:20)));loc(callsite( VerifyOpcodeF3F7 ( zirgen/circuit/rv32im/v2/dsl/inst.zir :102:19) at  OpSLTU ( zirgen/circuit/rv32im/v2/dsl/inst_misc.zir :121:20)));loc(callsite( VerifyOpcodeF3F7 ( zirgen/circuit/rv32im/v2/dsl/inst.zir :102:19) at  OpSRL ( zirgen/circuit/rv32im/v2/dsl/inst_div.zir :134:20)));loc(callsite( VerifyOpcodeF3F7 ( zirgen/circuit/rv32im/v2/dsl/inst.zir :102:19) at  OpSRLI ( zirgen/circuit/rv32im/v2/dsl/inst_div.zir :148:20)));loc(callsite( VerifyOpcodeF3F7 ( zirgen/circuit/rv32im/v2/dsl/inst.zir :102:19) at  OpXOR ( zirgen/circuit/rv32im/v2/dsl/inst_misc.zir :100:20)));loc(callsite( VerifyOpcodeF3F7 ( zirgen/circuit/rv32im/v2/dsl/inst.zir :102:19) at callsite( OpADD ( zirgen/circuit/rv32im/v2/dsl/inst_misc.zir :90:20) at  Misc0 ( zirgen/circuit/rv32im/v2/dsl/inst_misc.zir :33:28))));loc(callsite( VerifyOpcodeF3F7 ( zirgen/circuit/rv32im/v2/dsl/inst.zir :102:19) at callsite( OpSUB ( zirgen/circuit/rv32im/v2/dsl/inst_misc.zir :95:20) at  Misc0 ( zirgen/circuit/rv32im/v2/dsl/inst_misc.zir :34:28))));loc(callsite( VerifyOpcodeF3F7 ( zirgen/circuit/rv32im/v2/dsl/inst.zir :103:18) at  OpAND ( zirgen/circuit/rv32im/v2/dsl/inst_misc.zir :110:20)));loc(callsite( VerifyOpcodeF3F7 ( zirgen/circuit/rv32im/v2/dsl/inst.zir :103:18) at  OpMUL ( zirgen/circuit/rv32im/v2/dsl/inst_mul.zir :63:20)));loc(callsite( VerifyOpcodeF3F7 ( zirgen/circuit/rv32im/v2/dsl/inst.zir :103:18) at  OpMULH ( zirgen/circuit/rv32im/v2/dsl/inst_mul.zir :69:20)));loc(callsite( VerifyOpcodeF3F7 ( zirgen/circuit/rv32im/v2/dsl/inst.zir :103:18) at  OpMULHSU ( zirgen/circuit/rv32im/v2/dsl/inst_mul.zir :75:20)));loc(callsite( VerifyOpcodeF3F7 ( zirgen/circuit/rv32im/v2/dsl/inst.zir :103:18) at  OpOR ( zirgen/circuit/rv32im/v2/dsl/inst_misc.zir :105:20)));loc(callsite( VerifyOpcodeF3F7 ( zirgen/circuit/rv32im/v2/dsl/inst.zir :103:18) at  OpSLL ( zirgen/circuit/rv32im/v2/dsl/inst_mul.zir :49:20)));loc(callsite( VerifyOpcodeF3F7 ( zirgen/circuit/rv32im/v2/dsl/inst.zir :103:18) at  OpSLLI ( zirgen/circuit/rv32im/v2/dsl/inst_mul.zir :56:20)));loc(callsite( VerifyOpcodeF3F7 ( zirgen/circuit/rv32im/v2/dsl/inst.zir :103:18) at  OpSLTU ( zirgen/circuit/rv32im/v2/dsl/inst_misc.zir :121:20)));loc(callsite( VerifyOpcodeF3F7 ( zirgen/circuit/rv32im/v2/dsl/inst.zir :103:18) at  OpSRLI ( zirgen/circuit/rv32im/v2/dsl/inst_div.zir :148:20)));loc(callsite( VerifyOpcodeF3F7 ( zirgen/circuit/rv32im/v2/dsl/inst.zir :103:18) at  OpXOR ( zirgen/circuit/rv32im/v2/dsl/inst_misc.zir :100:20)));loc(callsite( VerifyOpcodeF3F7 ( zirgen/circuit/rv32im/v2/dsl/inst.zir :103:18) at callsite( OpADD ( zirgen/circuit/rv32im/v2/dsl/inst_misc.zir :90:20) at  Misc0 ( zirgen/circuit/rv32im/v2/dsl/inst_misc.zir :33:28))));loc(callsite( VerifyOpcodeF3F7 ( zirgen/circuit/rv32im/v2/dsl/inst.zir :103:18) at callsite( OpSUB ( zirgen/circuit/rv32im/v2/dsl/inst_misc.zir :95:20) at  Misc0 ( zirgen/circuit/rv32im/v2/dsl/inst_misc.zir :34:28))));loc(callsite( VerifyOpcodeF3F7 ( zirgen/circuit/rv32im/v2/dsl/inst.zir :104:18) at  OpAND ( zirgen/circuit/rv32im/v2/dsl/inst_misc.zir :110:20)));loc(callsite( VerifyOpcodeF3F7 ( zirgen/circuit/rv32im/v2/dsl/inst.zir :104:18) at  OpMUL ( zirgen/circuit/rv32im/v2/dsl/inst_mul.zir :63:20)));loc(callsite( VerifyOpcodeF3F7 ( zirgen/circuit/rv32im/v2/dsl/inst.zir :104:18) at  OpMULH ( zirgen/circuit/rv32im/v2/dsl/inst_mul.zir :69:20)));loc(callsite( VerifyOpcodeF3F7 ( zirgen/circuit/rv32im/v2/dsl/inst.zir :104:18) at  OpOR ( zirgen/circuit/rv32im/v2/dsl/inst_misc.zir :105:20)));loc(callsite( VerifyOpcodeF3F7 ( zirgen/circuit/rv32im/v2/dsl/inst.zir :104:18) at  OpREM ( zirgen/circuit/rv32im/v2/dsl/inst_div.zir :172:20)));loc(callsite( VerifyOpcodeF3F7 ( zirgen/circuit/rv32im/v2/dsl/inst.zir :104:18) at  OpREMU ( zirgen/circuit/rv32im/v2/dsl/inst_div.zir :177:20)));loc(callsite( VerifyOpcodeF3F7 ( zirgen/circuit/rv32im/v2/dsl/inst.zir :104:18) at  OpSLLI ( zirgen/circuit/rv32im/v2/dsl/inst_mul.zir :56:20)));loc(callsite( VerifyOpcodeF3F7 ( zirgen/circuit/rv32im/v2/dsl/inst.zir :104:18) at  OpSLTU ( zirgen/circuit/rv32im/v2/dsl/inst_misc.zir :121:20)));loc(callsite( VerifyOpcodeF3F7 ( zirgen/circuit/rv32im/v2/dsl/inst.zir :104:18) at  OpSRLI ( zirgen/circuit/rv32im/v2/dsl/inst_div.zir :148:20)));loc(callsite( VerifyOpcodeF3F7 ( zirgen/circuit/rv32im/v2/dsl/inst.zir :104:18) at  OpXOR ( zirgen/circuit/rv32im/v2/dsl/inst_misc.zir :100:20)));loc(callsite( VerifyOpcodeF3F7 ( zirgen/circuit/rv32im/v2/dsl/inst.zir :104:18) at callsite( OpADD ( zirgen/circuit/rv32im/v2/dsl/inst_misc.zir :90:20) at  Misc0 ( zirgen/circuit/rv32im/v2/dsl/inst_misc.zir :33:28))));loc(callsite( VerifyOpcodeF3F7 ( zirgen/circuit/rv32im/v2/dsl/inst.zir :104:18) at callsite( OpSUB ( zirgen/circuit/rv32im/v2/dsl/inst_misc.zir :95:20) at  Misc0 ( zirgen/circuit/rv32im/v2/dsl/inst_misc.zir :34:28)))),6000,125,False
V6,arguzz,1236,/root/arguzz/a4/runs/iv_pos_7/dbs/pos_iv_pos_7_v6_b1b_arguzz_seed1236_n6000/pos_iv_pos_7_v6_b1b_arguzz_seed1236_n6000.db,110,,592121.0,70.0,73.0,75.0,True,395,,,3.1738431519458414,1.9371439200046563,110,AddrDecompose(zirgen/circuit/rv32im/v2/dsl/u32.zir:67);AddrDecomposeBits(zirgen/circuit/rv32im/v2/dsl/u32.zir:87);ControlMRET(zirgen/circuit/rv32im/v2/dsl/inst_control.zir:89);ControlMRET(zirgen/circuit/rv32im/v2/dsl/inst_control.zir:91);ControlMRET(zirgen/circuit/rv32im/v2/dsl/inst_control.zir:92);ControlUserECALL(zirgen/circuit/rv32im/v2/dsl/inst_control.zir:75);ControlUserECALL(zirgen/circuit/rv32im/v2/dsl/inst_control.zir:77);ControlUserECALL(zirgen/circuit/rv32im/v2/dsl/inst_control.zir:78);DecodeInst(zirgen/circuit/rv32im/v2/dsl/inst.zir:29);ECall0(zirgen/circuit/rv32im/v2/dsl/inst_ecall.zir:203);ECallHostReadSetup(zirgen/circuit/rv32im/v2/dsl/inst_ecall.zir:70);MachineECall(zirgen/circuit/rv32im/v2/dsl/inst_ecall.zir:28);MachineECall(zirgen/circuit/rv32im/v2/dsl/inst_ecall.zir:29);MachineECall(zirgen/circuit/rv32im/v2/dsl/inst_ecall.zir:32);MemoryWrite(zirgen/circuit/rv32im/v2/dsl/mem.zir:100);MemoryWrite(zirgen/circuit/rv32im/v2/dsl/mem.zir:99);OneHot(zirgen/circuit/rv32im/v2/dsl/one_hot.zir:11);OneHot(zirgen/circuit/rv32im/v2/dsl/one_hot.zir:9);PoseidonEcall(zirgen/circuit/rv32im/v2/dsl/inst_p2.zir:96);Sha0(zirgen/circuit/rv32im/v2/dsl/inst_sha.zir:226);loc(callsite( IsRead ( zirgen/circuit/rv32im/v2/dsl/mem.zir :79:22) at  MemoryRead ( zirgen/circuit/rv32im/v2/dsl/mem.zir :90:10)));loc(callsite( IsRead ( zirgen/circuit/rv32im/v2/dsl/mem.zir :80:23) at  MemoryRead ( zirgen/circuit/rv32im/v2/dsl/mem.zir :90:10)));loc(callsite( OpLW ( zirgen/circuit/rv32im/v2/dsl/inst_mem.zir :108:20) at  Mem0 ( zirgen/circuit/rv32im/v2/dsl/inst_mem.zir :55:10)));loc(callsite( OpLW ( zirgen/circuit/rv32im/v2/dsl/inst_mem.zir :109:20) at  Mem0 ( zirgen/circuit/rv32im/v2/dsl/inst_mem.zir :55:10)));loc(callsite( OpSH ( zirgen/circuit/rv32im/v2/dsl/inst_mem.zir :148:20) at  Mem1 ( zirgen/circuit/rv32im/v2/dsl/inst_mem.zir :72:10)));loc(callsite( OpSW ( zirgen/circuit/rv32im/v2/dsl/inst_mem.zir :160:20) at  Mem1 ( zirgen/circuit/rv32im/v2/dsl/inst_mem.zir :73:10)));loc(callsite( OpSW ( zirgen/circuit/rv32im/v2/dsl/inst_mem.zir :161:20) at  Mem1 ( zirgen/circuit/rv32im/v2/dsl/inst_mem.zir :73:10)));loc(callsite( VerifyOpcode ( zirgen/circuit/rv32im/v2/dsl/inst.zir :91:19) at callsite( OpAUIPC ( zirgen/circuit/rv32im/v2/dsl/inst_misc.zir :214:16) at  Misc2 ( zirgen/circuit/rv32im/v2/dsl/inst_misc.zir :71:30))));loc(callsite( VerifyOpcode ( zirgen/circuit/rv32im/v2/dsl/inst.zir :91:19) at callsite( OpJAL ( zirgen/circuit/rv32im/v2/dsl/inst_misc.zir :195:16) at  Misc2 ( zirgen/circuit/rv32im/v2/dsl/inst_misc.zir :68:28))));loc(callsite( VerifyOpcode ( zirgen/circuit/rv32im/v2/dsl/inst.zir :91:19) at callsite( OpLUI ( zirgen/circuit/rv32im/v2/dsl/inst_misc.zir :209:16) at  Misc2 ( zirgen/circuit/rv32im/v2/dsl/inst_misc.zir :70:28))));loc(callsite( VerifyOpcodeF3 ( zirgen/circuit/rv32im/v2/dsl/inst.zir :96:19) at  OpANDI ( zirgen/circuit/rv32im/v2/dsl/inst_misc.zir :142:18)));loc(callsite( VerifyOpcodeF3 ( zirgen/circuit/rv32im/v2/dsl/inst.zir :96:19) at  OpBEQ ( zirgen/circuit/rv32im/v2/dsl/inst_misc.zir :159:18)));loc(callsite( VerifyOpcodeF3 ( zirgen/circuit/rv32im/v2/dsl/inst.zir :96:19) at  OpBGE ( zirgen/circuit/rv32im/v2/dsl/inst_misc.zir :177:18)));loc(callsite( VerifyOpcodeF3 ( zirgen/circuit/rv32im/v2/dsl/inst.zir :96:19) at  OpBGEU ( zirgen/circuit/rv32im/v2/dsl/inst_misc.zir :189:18)));loc(callsite( VerifyOpcodeF3 ( zirgen/circuit/rv32im/v2/dsl/inst.zir :96:19) at  OpBLT ( zirgen/circuit/rv32im/v2/dsl/inst_misc.zir :171:18)));loc(callsite( VerifyOpcodeF3 ( zirgen/circuit/rv32im/v2/dsl/inst.zir :96:19) at  OpBLTU ( zirgen/circuit/rv32im/v2/dsl/inst_misc.zir :183:18)));loc(callsite( VerifyOpcodeF3 ( zirgen/circuit/rv32im/v2/dsl/inst.zir :96:19) at  OpBNE ( zirgen/circuit/rv32im/v2/dsl/inst_misc.zir :165:18)));loc(callsite( VerifyOpcodeF3 ( zirgen/circuit/rv32im/v2/dsl/inst.zir :96:19) at  OpLB ( zirgen/circuit/rv32im/v2/dsl/inst_mem.zir :86:18)));loc(callsite( VerifyOpcodeF3 ( zirgen/circuit/rv32im/v2/dsl/inst.zir :96:19) at  OpLBU ( zirgen/circuit/rv32im/v2/dsl/inst_mem.zir :114:18)));loc(callsite( VerifyOpcodeF3 ( zirgen/circuit/rv32im/v2/dsl/inst.zir :96:19) at  OpLH ( zirgen/circuit/rv32im/v2/dsl/inst_mem.zir :97:18)));loc(callsite( VerifyOpcodeF3 ( zirgen/circuit/rv32im/v2/dsl/inst.zir :96:19) at  OpORI ( zirgen/circuit/rv32im/v2/dsl/inst_misc.zir :137:18)));loc(callsite( VerifyOpcodeF3 ( zirgen/circuit/rv32im/v2/dsl/inst.zir :96:19) at  OpSB ( zirgen/circuit/rv32im/v2/dsl/inst_mem.zir :129:18)));loc(callsite( VerifyOpcodeF3 ( zirgen/circuit/rv32im/v2/dsl/inst.zir :96:19) at  OpSLTI ( zirgen/circuit/rv32im/v2/dsl/inst_misc.zir :147:18)));loc(callsite( VerifyOpcodeF3 ( zirgen/circuit/rv32im/v2/dsl/inst.zir :96:19) at  OpSLTIU ( zirgen/circuit/rv32im/v2/dsl/inst_misc.zir :153:18)));loc(callsite( VerifyOpcodeF3 ( zirgen/circuit/rv32im/v2/dsl/inst.zir :96:19) at  OpXORI ( zirgen/circuit/rv32im/v2/dsl/inst_misc.zir :132:18)));loc(callsite( VerifyOpcodeF3 ( zirgen/circuit/rv32im/v2/dsl/inst.zir :96:19) at callsite( OpADDI ( zirgen/circuit/rv32im/v2/dsl/inst_misc.zir :127:18) at  Misc0 ( zirgen/circuit/rv32im/v2/dsl/inst_misc.zir :40:29))));loc(callsite( VerifyOpcodeF3 ( zirgen/circuit/rv32im/v2/dsl/inst.zir :96:19) at callsite( OpJALR ( zirgen/circuit/rv32im/v2/dsl/inst_misc.zir :202:18) at  Misc2 ( zirgen/circuit/rv32im/v2/dsl/inst_misc.zir :69:29))));loc(callsite( VerifyOpcodeF3 ( zirgen/circuit/rv32im/v2/dsl/inst.zir :96:19) at callsite( OpLHU ( zirgen/circuit/rv32im/v2/dsl/inst_mem.zir :122:18) at  Mem0 ( zirgen/circuit/rv32im/v2/dsl/inst_mem.zir :57:11))));loc(callsite( VerifyOpcodeF3 ( zirgen/circuit/rv32im/v2/dsl/inst.zir :96:19) at callsite( OpLW ( zirgen/circuit/rv32im/v2/dsl/inst_mem.zir :107:18) at  Mem0 ( zirgen/circuit/rv32im/v2/dsl/inst_mem.zir :55:10))));loc(callsite( VerifyOpcodeF3 ( zirgen/circuit/rv32im/v2/dsl/inst.zir :96:19) at callsite( OpSH ( zirgen/circuit/rv32im/v2/dsl/inst_mem.zir :147:18) at  Mem1 ( zirgen/circuit/rv32im/v2/dsl/inst_mem.zir :72:10))));loc(callsite( VerifyOpcodeF3 ( zirgen/circuit/rv32im/v2/dsl/inst.zir :96:19) at callsite( OpSW ( zirgen/circuit/rv32im/v2/dsl/inst_mem.zir :159:18) at  Mem1 ( zirgen/circuit/rv32im/v2/dsl/inst_mem.zir :73:10))));loc(callsite( VerifyOpcodeF3 ( zirgen/circuit/rv32im/v2/dsl/inst.zir :97:18) at  OpANDI ( zirgen/circuit/rv32im/v2/dsl/inst_misc.zir :142:18)));loc(callsite( VerifyOpcodeF3 ( zirgen/circuit/rv32im/v2/dsl/inst.zir :97:18) at  OpBEQ ( zirgen/circuit/rv32im/v2/dsl/inst_misc.zir :159:18)));loc(callsite( VerifyOpcodeF3 ( zirgen/circuit/rv32im/v2/dsl/inst.zir :97:18) at  OpBGE ( zirgen/circuit/rv32im/v2/dsl/inst_misc.zir :177:18)));loc(callsite( VerifyOpcodeF3 ( zirgen/circuit/rv32im/v2/dsl/inst.zir :97:18) at  OpBGEU ( zirgen/circuit/rv32im/v2/dsl/inst_misc.zir :189:18)));loc(callsite( VerifyOpcodeF3 ( zirgen/circuit/rv32im/v2/dsl/inst.zir :97:18) at  OpBLT ( zirgen/circuit/rv32im/v2/dsl/inst_misc.zir :171:18)));loc(callsite( VerifyOpcodeF3 ( zirgen/circuit/rv32im/v2/dsl/inst.zir :97:18) at  OpBLTU ( zirgen/circuit/rv32im/v2/dsl/inst_misc.zir :183:18)));loc(callsite( VerifyOpcodeF3 ( zirgen/circuit/rv32im/v2/dsl/inst.zir :97:18) at  OpBNE ( zirgen/circuit/rv32im/v2/dsl/inst_misc.zir :165:18)));loc(callsite( VerifyOpcodeF3 ( zirgen/circuit/rv32im/v2/dsl/inst.zir :97:18) at  OpLB ( zirgen/circuit/rv32im/v2/dsl/inst_mem.zir :86:18)));loc(callsite( VerifyOpcodeF3 ( zirgen/circuit/rv32im/v2/dsl/inst.zir :97:18) at  OpLBU ( zirgen/circuit/rv32im/v2/dsl/inst_mem.zir :114:18)));loc(callsite( VerifyOpcodeF3 ( zirgen/circuit/rv32im/v2/dsl/inst.zir :97:18) at  OpLH ( zirgen/circuit/rv32im/v2/dsl/inst_mem.zir :97:18)));loc(callsite( VerifyOpcodeF3 ( zirgen/circuit/rv32im/v2/dsl/inst.zir :97:18) at  OpORI ( zirgen/circuit/rv32im/v2/dsl/inst_misc.zir :137:18)));loc(callsite( VerifyOpcodeF3 ( zirgen/circuit/rv32im/v2/dsl/inst.zir :97:18) at  OpSB ( zirgen/circuit/rv32im/v2/dsl/inst_mem.zir :129:18)));loc(callsite( VerifyOpcodeF3 ( zirgen/circuit/rv32im/v2/dsl/inst.zir :97:18) at  OpSLTI ( zirgen/circuit/rv32im/v2/dsl/inst_misc.zir :147:18)));loc(callsite( VerifyOpcodeF3 ( zirgen/circuit/rv32im/v2/dsl/inst.zir :97:18) at  OpSLTIU ( zirgen/circuit/rv32im/v2/dsl/inst_misc.zir :153:18)));loc(callsite( VerifyOpcodeF3 ( zirgen/circuit/rv32im/v2/dsl/inst.zir :97:18) at  OpXORI ( zirgen/circuit/rv32im/v2/dsl/inst_misc.zir :132:18)));loc(callsite( VerifyOpcodeF3 ( zirgen/circuit/rv32im/v2/dsl/inst.zir :97:18) at callsite( OpADDI ( zirgen/circuit/rv32im/v2/dsl/inst_misc.zir :127:18) at  Misc0 ( zirgen/circuit/rv32im/v2/dsl/inst_misc.zir :40:29))));loc(callsite( VerifyOpcodeF3 ( zirgen/circuit/rv32im/v2/dsl/inst.zir :97:18) at callsite( OpJALR ( zirgen/circuit/rv32im/v2/dsl/inst_misc.zir :202:18) at  Misc2 ( zirgen/circuit/rv32im/v2/dsl/inst_misc.zir :69:29))));loc(callsite( VerifyOpcodeF3 ( zirgen/circuit/rv32im/v2/dsl/inst.zir :97:18) at callsite( OpLHU ( zirgen/circuit/rv32im/v2/dsl/inst_mem.zir :122:18) at  Mem0 ( zirgen/circuit/rv32im/v2/dsl/inst_mem.zir :57:11))));loc(callsite( VerifyOpcodeF3 ( zirgen/circuit/rv32im/v2/dsl/inst.zir :97:18) at callsite( OpLW ( zirgen/circuit/rv32im/v2/dsl/inst_mem.zir :107:18) at  Mem0 ( zirgen/circuit/rv32im/v2/dsl/inst_mem.zir :55:10))));loc(callsite( VerifyOpcodeF3 ( zirgen/circuit/rv32im/v2/dsl/inst.zir :97:18) at callsite( OpSH ( zirgen/circuit/rv32im/v2/dsl/inst_mem.zir :147:18) at  Mem1 ( zirgen/circuit/rv32im/v2/dsl/inst_mem.zir :72:10))));loc(callsite( VerifyOpcodeF3 ( zirgen/circuit/rv32im/v2/dsl/inst.zir :97:18) at callsite( OpSW ( zirgen/circuit/rv32im/v2/dsl/inst_mem.zir :159:18) at  Mem1 ( zirgen/circuit/rv32im/v2/dsl/inst_mem.zir :73:10))));loc(callsite( VerifyOpcodeF3F7 ( zirgen/circuit/rv32im/v2/dsl/inst.zir :102:19) at  OpAND ( zirgen/circuit/rv32im/v2/dsl/inst_misc.zir :110:20)));loc(callsite( VerifyOpcodeF3F7 ( zirgen/circuit/rv32im/v2/dsl/inst.zir :102:19) at  OpMUL ( zirgen/circuit/rv32im/v2/dsl/inst_mul.zir :63:20)));loc(callsite( VerifyOpcodeF3F7 ( zirgen/circuit/rv32im/v2/dsl/inst.zir :102:19) at  OpOR ( zirgen/circuit/rv32im/v2/dsl/inst_misc.zir :105:20)));loc(callsite( VerifyOpcodeF3F7 ( zirgen/circuit/rv32im/v2/dsl/inst.zir :102:19) at  OpREMU ( zirgen/circuit/rv32im/v2/dsl/inst_div.zir :177:20)));loc(callsite( VerifyOpcodeF3F7 ( zirgen/circuit/rv32im/v2/dsl/inst.zir :102:19) at  OpSLLI ( zirgen/circuit/rv32im/v2/dsl/inst_mul.zir :56:20)));loc(callsite( VerifyOpcodeF3F7 ( zirgen/circuit/rv32im/v2/dsl/inst.zir :102:19) at  OpSLTU ( zirgen/circuit/rv32im/v2/dsl/inst_misc.zir :121:20)));loc(callsite( VerifyOpcodeF3F7 ( zirgen/circuit/rv32im/v2/dsl/inst.zir :102:19) at  OpSRL ( zirgen/circuit/rv32im/v2/dsl/inst_div.zir :134:20)));loc(callsite( VerifyOpcodeF3F7 ( zirgen/circuit/rv32im/v2/dsl/inst.zir :102:19) at  OpSRLI ( zirgen/circuit/rv32im/v2/dsl/inst_div.zir :148:20)));loc(callsite( VerifyOpcodeF3F7 ( zirgen/circuit/rv32im/v2/dsl/inst.zir :102:19) at  OpXOR ( zirgen/circuit/rv32im/v2/dsl/inst_misc.zir :100:20)));loc(callsite( VerifyOpcodeF3F7 ( zirgen/circuit/rv32im/v2/dsl/inst.zir :102:19) at callsite( OpADD ( zirgen/circuit/rv32im/v2/dsl/inst_misc.zir :90:20) at  Misc0 ( zirgen/circuit/rv32im/v2/dsl/inst_misc.zir :33:28))));loc(callsite( VerifyOpcodeF3F7 ( zirgen/circuit/rv32im/v2/dsl/inst.zir :102:19) at callsite( OpSUB ( zirgen/circuit/rv32im/v2/dsl/inst_misc.zir :95:20) at  Misc0 ( zirgen/circuit/rv32im/v2/dsl/inst_misc.zir :34:28))));loc(callsite( VerifyOpcodeF3F7 ( zirgen/circuit/rv32im/v2/dsl/inst.zir :103:18) at  OpAND ( zirgen/circuit/rv32im/v2/dsl/inst_misc.zir :110:20)));loc(callsite( VerifyOpcodeF3F7 ( zirgen/circuit/rv32im/v2/dsl/inst.zir :103:18) at  OpDIV ( zirgen/circuit/rv32im/v2/dsl/inst_div.zir :162:20)));loc(callsite( VerifyOpcodeF3F7 ( zirgen/circuit/rv32im/v2/dsl/inst.zir :103:18) at  OpMUL ( zirgen/circuit/rv32im/v2/dsl/inst_mul.zir :63:20)));loc(callsite( VerifyOpcodeF3F7 ( zirgen/circuit/rv32im/v2/dsl/inst.zir :103:18) at  OpMULHSU ( zirgen/circuit/rv32im/v2/dsl/inst_mul.zir :75:20)));loc(callsite( VerifyOpcodeF3F7 ( zirgen/circuit/rv32im/v2/dsl/inst.zir :103:18) at  OpOR ( zirgen/circuit/rv32im/v2/dsl/inst_misc.zir :105:20)));loc(callsite( VerifyOpcodeF3F7 ( zirgen/circuit/rv32im/v2/dsl/inst.zir :103:18) at  OpREMU ( zirgen/circuit/rv32im/v2/dsl/inst_div.zir :177:20)));loc(callsite( VerifyOpcodeF3F7 ( zirgen/circuit/rv32im/v2/dsl/inst.zir :103:18) at  OpSLL ( zirgen/circuit/rv32im/v2/dsl/inst_mul.zir :49:20)));loc(callsite( VerifyOpcodeF3F7 ( zirgen/circuit/rv32im/v2/dsl/inst.zir :103:18) at  OpSLLI ( zirgen/circuit/rv32im/v2/dsl/inst_mul.zir :56:20)));loc(callsite( VerifyOpcodeF3F7 ( zirgen/circuit/rv32im/v2/dsl/inst.zir :103:18) at  OpSLT ( zirgen/circuit/rv32im/v2/dsl/inst_misc.zir :115:20)));loc(callsite( VerifyOpcodeF3F7 ( zirgen/circuit/rv32im/v2/dsl/inst.zir :103:18) at  OpSLTU ( zirgen/circuit/rv32im/v2/dsl/inst_misc.zir :121:20)));loc(callsite( VerifyOpcodeF3F7 ( zirgen/circuit/rv32im/v2/dsl/inst.zir :103:18) at  OpSRL ( zirgen/circuit/rv32im/v2/dsl/inst_div.zir :134:20)));loc(callsite( VerifyOpcodeF3F7 ( zirgen/circuit/rv32im/v2/dsl/inst.zir :103:18) at  OpSRLI ( zirgen/circuit/rv32im/v2/dsl/inst_div.zir :148:20)));loc(callsite( VerifyOpcodeF3F7 ( zirgen/circuit/rv32im/v2/dsl/inst.zir :103:18) at  OpXOR ( zirgen/circuit/rv32im/v2/dsl/inst_misc.zir :100:20)));loc(callsite( VerifyOpcodeF3F7 ( zirgen/circuit/rv32im/v2/dsl/inst.zir :103:18) at callsite( OpADD ( zirgen/circuit/rv32im/v2/dsl/inst_misc.zir :90:20) at  Misc0 ( zirgen/circuit/rv32im/v2/dsl/inst_misc.zir :33:28))));loc(callsite( VerifyOpcodeF3F7 ( zirgen/circuit/rv32im/v2/dsl/inst.zir :103:18) at callsite( OpSUB ( zirgen/circuit/rv32im/v2/dsl/inst_misc.zir :95:20) at  Misc0 ( zirgen/circuit/rv32im/v2/dsl/inst_misc.zir :34:28))));loc(callsite( VerifyOpcodeF3F7 ( zirgen/circuit/rv32im/v2/dsl/inst.zir :104:18) at  OpAND ( zirgen/circuit/rv32im/v2/dsl/inst_misc.zir :110:20)));loc(callsite( VerifyOpcodeF3F7 ( zirgen/circuit/rv32im/v2/dsl/inst.zir :104:18) at  OpMUL ( zirgen/circuit/rv32im/v2/dsl/inst_mul.zir :63:20)));loc(callsite( VerifyOpcodeF3F7 ( zirgen/circuit/rv32im/v2/dsl/inst.zir :104:18) at  OpMULHSU ( zirgen/circuit/rv32im/v2/dsl/inst_mul.zir :75:20)));loc(callsite( VerifyOpcodeF3F7 ( zirgen/circuit/rv32im/v2/dsl/inst.zir :104:18) at  OpOR ( zirgen/circuit/rv32im/v2/dsl/inst_misc.zir :105:20)));loc(callsite( VerifyOpcodeF3F7 ( zirgen/circuit/rv32im/v2/dsl/inst.zir :104:18) at  OpREM ( zirgen/circuit/rv32im/v2/dsl/inst_div.zir :172:20)));loc(callsite( VerifyOpcodeF3F7 ( zirgen/circuit/rv32im/v2/dsl/inst.zir :104:18) at  OpREMU ( zirgen/circuit/rv32im/v2/dsl/inst_div.zir :177:20)));loc(callsite( VerifyOpcodeF3F7 ( zirgen/circuit/rv32im/v2/dsl/inst.zir :104:18) at  OpSLLI ( zirgen/circuit/rv32im/v2/dsl/inst_mul.zir :56:20)));loc(callsite( VerifyOpcodeF3F7 ( zirgen/circuit/rv32im/v2/dsl/inst.zir :104:18) at  OpSLTU ( zirgen/circuit/rv32im/v2/dsl/inst_misc.zir :121:20)));loc(callsite( VerifyOpcodeF3F7 ( zirgen/circuit/rv32im/v2/dsl/inst.zir :104:18) at  OpSRLI ( zirgen/circuit/rv32im/v2/dsl/inst_div.zir :148:20)));loc(callsite( VerifyOpcodeF3F7 ( zirgen/circuit/rv32im/v2/dsl/inst.zir :104:18) at  OpXOR ( zirgen/circuit/rv32im/v2/dsl/inst_misc.zir :100:20)));loc(callsite( VerifyOpcodeF3F7 ( zirgen/circuit/rv32im/v2/dsl/inst.zir :104:18) at callsite( OpADD ( zirgen/circuit/rv32im/v2/dsl/inst_misc.zir :90:20) at  Misc0 ( zirgen/circuit/rv32im/v2/dsl/inst_misc.zir :33:28))));loc(callsite( VerifyOpcodeF3F7 ( zirgen/circuit/rv32im/v2/dsl/inst.zir :104:18) at callsite( OpSUB ( zirgen/circuit/rv32im/v2/dsl/inst_misc.zir :95:20) at  Misc0 ( zirgen/circuit/rv32im/v2/dsl/inst_misc.zir :34:28)))),6000,125,False
V6,arguzz,1237,/root/arguzz/a4/runs/iv_pos_7/dbs/pos_iv_pos_7_v6_b1b_arguzz_seed1237_n6000/pos_iv_pos_7_v6_b1b_arguzz_seed1237_n6000.db,110,,608762.0,33.0,49.0,58.0,True,396,,,3.1694089783505732,1.904857035215758,110,AddrDecompose(zirgen/circuit/rv32im/v2/dsl/u32.zir:67);AddrDecomposeBits(zirgen/circuit/rv32im/v2/dsl/u32.zir:87);ControlMRET(zirgen/circuit/rv32im/v2/dsl/inst_control.zir:89);ControlMRET(zirgen/circuit/rv32im/v2/dsl/inst_control.zir:91);ControlMRET(zirgen/circuit/rv32im/v2/dsl/inst_control.zir:92);ControlUserECALL(zirgen/circuit/rv32im/v2/dsl/inst_control.zir:75);ControlUserECALL(zirgen/circuit/rv32im/v2/dsl/inst_control.zir:77);ControlUserECALL(zirgen/circuit/rv32im/v2/dsl/inst_control.zir:78);DecodeInst(zirgen/circuit/rv32im/v2/dsl/inst.zir:29);ECall0(zirgen/circuit/rv32im/v2/dsl/inst_ecall.zir:203);ECallHostReadSetup(zirgen/circuit/rv32im/v2/dsl/inst_ecall.zir:70);MachineECall(zirgen/circuit/rv32im/v2/dsl/inst_ecall.zir:28);MachineECall(zirgen/circuit/rv32im/v2/dsl/inst_ecall.zir:29);MachineECall(zirgen/circuit/rv32im/v2/dsl/inst_ecall.zir:32);MemoryWrite(zirgen/circuit/rv32im/v2/dsl/mem.zir:100);MemoryWrite(zirgen/circuit/rv32im/v2/dsl/mem.zir:99);OneHot(zirgen/circuit/rv32im/v2/dsl/one_hot.zir:11);OneHot(zirgen/circuit/rv32im/v2/dsl/one_hot.zir:9);OpLH(zirgen/circuit/rv32im/v2/dsl/inst_mem.zir:98);PoseidonEcall(zirgen/circuit/rv32im/v2/dsl/inst_p2.zir:96);Sha0(zirgen/circuit/rv32im/v2/dsl/inst_sha.zir:226);loc(callsite( IsRead ( zirgen/circuit/rv32im/v2/dsl/mem.zir :79:22) at  MemoryRead ( zirgen/circuit/rv32im/v2/dsl/mem.zir :90:10)));loc(callsite( IsRead ( zirgen/circuit/rv32im/v2/dsl/mem.zir :80:23) at  MemoryRead ( zirgen/circuit/rv32im/v2/dsl/mem.zir :90:10)));loc(callsite( OpLHU ( zirgen/circuit/rv32im/v2/dsl/inst_mem.zir :123:20) at  Mem0 ( zirgen/circuit/rv32im/v2/dsl/inst_mem.zir :57:11)));loc(callsite( OpLW ( zirgen/circuit/rv32im/v2/dsl/inst_mem.zir :108:20) at  Mem0 ( zirgen/circuit/rv32im/v2/dsl/inst_mem.zir :55:10)));loc(callsite( OpLW ( zirgen/circuit/rv32im/v2/dsl/inst_mem.zir :109:20) at  Mem0 ( zirgen/circuit/rv32im/v2/dsl/inst_mem.zir :55:10)));loc(callsite( OpSH ( zirgen/circuit/rv32im/v2/dsl/inst_mem.zir :148:20) at  Mem1 ( zirgen/circuit/rv32im/v2/dsl/inst_mem.zir :72:10)));loc(callsite( OpSW ( zirgen/circuit/rv32im/v2/dsl/inst_mem.zir :160:20) at  Mem1 ( zirgen/circuit/rv32im/v2/dsl/inst_mem.zir :73:10)));loc(callsite( OpSW ( zirgen/circuit/rv32im/v2/dsl/inst_mem.zir :161:20) at  Mem1 ( zirgen/circuit/rv32im/v2/dsl/inst_mem.zir :73:10)));loc(callsite( VerifyOpcode ( zirgen/circuit/rv32im/v2/dsl/inst.zir :91:19) at callsite( OpAUIPC ( zirgen/circuit/rv32im/v2/dsl/inst_misc.zir :214:16) at  Misc2 ( zirgen/circuit/rv32im/v2/dsl/inst_misc.zir :71:30))));loc(callsite( VerifyOpcode ( zirgen/circuit/rv32im/v2/dsl/inst.zir :91:19) at callsite( OpJAL ( zirgen/circuit/rv32im/v2/dsl/inst_misc.zir :195:16) at  Misc2 ( zirgen/circuit/rv32im/v2/dsl/inst_misc.zir :68:28))));loc(callsite( VerifyOpcode ( zirgen/circuit/rv32im/v2/dsl/inst.zir :91:19) at callsite( OpLUI ( zirgen/circuit/rv32im/v2/dsl/inst_misc.zir :209:16) at  Misc2 ( zirgen/circuit/rv32im/v2/dsl/inst_misc.zir :70:28))));loc(callsite( VerifyOpcodeF3 ( zirgen/circuit/rv32im/v2/dsl/inst.zir :96:19) at  OpANDI ( zirgen/circuit/rv32im/v2/dsl/inst_misc.zir :142:18)));loc(callsite( VerifyOpcodeF3 ( zirgen/circuit/rv32im/v2/dsl/inst.zir :96:19) at  OpBEQ ( zirgen/circuit/rv32im/v2/dsl/inst_misc.zir :159:18)));loc(callsite( VerifyOpcodeF3 ( zirgen/circuit/rv32im/v2/dsl/inst.zir :96:19) at  OpBGE ( zirgen/circuit/rv32im/v2/dsl/inst_misc.zir :177:18)));loc(callsite( VerifyOpcodeF3 ( zirgen/circuit/rv32im/v2/dsl/inst.zir :96:19) at  OpBGEU ( zirgen/circuit/rv32im/v2/dsl/inst_misc.zir :189:18)));loc(callsite( VerifyOpcodeF3 ( zirgen/circuit/rv32im/v2/dsl/inst.zir :96:19) at  OpBLT ( zirgen/circuit/rv32im/v2/dsl/inst_misc.zir :171:18)));loc(callsite( VerifyOpcodeF3 ( zirgen/circuit/rv32im/v2/dsl/inst.zir :96:19) at  OpBLTU ( zirgen/circuit/rv32im/v2/dsl/inst_misc.zir :183:18)));loc(callsite( VerifyOpcodeF3 ( zirgen/circuit/rv32im/v2/dsl/inst.zir :96:19) at  OpBNE ( zirgen/circuit/rv32im/v2/dsl/inst_misc.zir :165:18)));loc(callsite( VerifyOpcodeF3 ( zirgen/circuit/rv32im/v2/dsl/inst.zir :96:19) at  OpLB ( zirgen/circuit/rv32im/v2/dsl/inst_mem.zir :86:18)));loc(callsite( VerifyOpcodeF3 ( zirgen/circuit/rv32im/v2/dsl/inst.zir :96:19) at  OpLBU ( zirgen/circuit/rv32im/v2/dsl/inst_mem.zir :114:18)));loc(callsite( VerifyOpcodeF3 ( zirgen/circuit/rv32im/v2/dsl/inst.zir :96:19) at  OpLH ( zirgen/circuit/rv32im/v2/dsl/inst_mem.zir :97:18)));loc(callsite( VerifyOpcodeF3 ( zirgen/circuit/rv32im/v2/dsl/inst.zir :96:19) at  OpORI ( zirgen/circuit/rv32im/v2/dsl/inst_misc.zir :137:18)));loc(callsite( VerifyOpcodeF3 ( zirgen/circuit/rv32im/v2/dsl/inst.zir :96:19) at  OpSB ( zirgen/circuit/rv32im/v2/dsl/inst_mem.zir :129:18)));loc(callsite( VerifyOpcodeF3 ( zirgen/circuit/rv32im/v2/dsl/inst.zir :96:19) at  OpSLTI ( zirgen/circuit/rv32im/v2/dsl/inst_misc.zir :147:18)));loc(callsite( VerifyOpcodeF3 ( zirgen/circuit/rv32im/v2/dsl/inst.zir :96:19) at  OpSLTIU ( zirgen/circuit/rv32im/v2/dsl/inst_misc.zir :153:18)));loc(callsite( VerifyOpcodeF3 ( zirgen/circuit/rv32im/v2/dsl/inst.zir :96:19) at  OpXORI ( zirgen/circuit/rv32im/v2/dsl/inst_misc.zir :132:18)));loc(callsite( VerifyOpcodeF3 ( zirgen/circuit/rv32im/v2/dsl/inst.zir :96:19) at callsite( OpADDI ( zirgen/circuit/rv32im/v2/dsl/inst_misc.zir :127:18) at  Misc0 ( zirgen/circuit/rv32im/v2/dsl/inst_misc.zir :40:29))));loc(callsite( VerifyOpcodeF3 ( zirgen/circuit/rv32im/v2/dsl/inst.zir :96:19) at callsite( OpJALR ( zirgen/circuit/rv32im/v2/dsl/inst_misc.zir :202:18) at  Misc2 ( zirgen/circuit/rv32im/v2/dsl/inst_misc.zir :69:29))));loc(callsite( VerifyOpcodeF3 ( zirgen/circuit/rv32im/v2/dsl/inst.zir :96:19) at callsite( OpLHU ( zirgen/circuit/rv32im/v2/dsl/inst_mem.zir :122:18) at  Mem0 ( zirgen/circuit/rv32im/v2/dsl/inst_mem.zir :57:11))));loc(callsite( VerifyOpcodeF3 ( zirgen/circuit/rv32im/v2/dsl/inst.zir :96:19) at callsite( OpLW ( zirgen/circuit/rv32im/v2/dsl/inst_mem.zir :107:18) at  Mem0 ( zirgen/circuit/rv32im/v2/dsl/inst_mem.zir :55:10))));loc(callsite( VerifyOpcodeF3 ( zirgen/circuit/rv32im/v2/dsl/inst.zir :96:19) at callsite( OpSH ( zirgen/circuit/rv32im/v2/dsl/inst_mem.zir :147:18) at  Mem1 ( zirgen/circuit/rv32im/v2/dsl/inst_mem.zir :72:10))));loc(callsite( VerifyOpcodeF3 ( zirgen/circuit/rv32im/v2/dsl/inst.zir :96:19) at callsite( OpSW ( zirgen/circuit/rv32im/v2/dsl/inst_mem.zir :159:18) at  Mem1 ( zirgen/circuit/rv32im/v2/dsl/inst_mem.zir :73:10))));loc(callsite( VerifyOpcodeF3 ( zirgen/circuit/rv32im/v2/dsl/inst.zir :97:18) at  OpANDI ( zirgen/circuit/rv32im/v2/dsl/inst_misc.zir :142:18)));loc(callsite( VerifyOpcodeF3 ( zirgen/circuit/rv32im/v2/dsl/inst.zir :97:18) at  OpBEQ ( zirgen/circuit/rv32im/v2/dsl/inst_misc.zir :159:18)));loc(callsite( VerifyOpcodeF3 ( zirgen/circuit/rv32im/v2/dsl/inst.zir :97:18) at  OpBGE ( zirgen/circuit/rv32im/v2/dsl/inst_misc.zir :177:18)));loc(callsite( VerifyOpcodeF3 ( zirgen/circuit/rv32im/v2/dsl/inst.zir :97:18) at  OpBGEU ( zirgen/circuit/rv32im/v2/dsl/inst_misc.zir :189:18)));loc(callsite( VerifyOpcodeF3 ( zirgen/circuit/rv32im/v2/dsl/inst.zir :97:18) at  OpBLT ( zirgen/circuit/rv32im/v2/dsl/inst_misc.zir :171:18)));loc(callsite( VerifyOpcodeF3 ( zirgen/circuit/rv32im/v2/dsl/inst.zir :97:18) at  OpBLTU ( zirgen/circuit/rv32im/v2/dsl/inst_misc.zir :183:18)));loc(callsite( VerifyOpcodeF3 ( zirgen/circuit/rv32im/v2/dsl/inst.zir :97:18) at  OpBNE ( zirgen/circuit/rv32im/v2/dsl/inst_misc.zir :165:18)));loc(callsite( VerifyOpcodeF3 ( zirgen/circuit/rv32im/v2/dsl/inst.zir :97:18) at  OpLB ( zirgen/circuit/rv32im/v2/dsl/inst_mem.zir :86:18)));loc(callsite( VerifyOpcodeF3 ( zirgen/circuit/rv32im/v2/dsl/inst.zir :97:18) at  OpLBU ( zirgen/circuit/rv32im/v2/dsl/inst_mem.zir :114:18)));loc(callsite( VerifyOpcodeF3 ( zirgen/circuit/rv32im/v2/dsl/inst.zir :97:18) at  OpLH ( zirgen/circuit/rv32im/v2/dsl/inst_mem.zir :97:18)));loc(callsite( VerifyOpcodeF3 ( zirgen/circuit/rv32im/v2/dsl/inst.zir :97:18) at  OpORI ( zirgen/circuit/rv32im/v2/dsl/inst_misc.zir :137:18)));loc(callsite( VerifyOpcodeF3 ( zirgen/circuit/rv32im/v2/dsl/inst.zir :97:18) at  OpSB ( zirgen/circuit/rv32im/v2/dsl/inst_mem.zir :129:18)));loc(callsite( VerifyOpcodeF3 ( zirgen/circuit/rv32im/v2/dsl/inst.zir :97:18) at  OpSLTI ( zirgen/circuit/rv32im/v2/dsl/inst_misc.zir :147:18)));loc(callsite( VerifyOpcodeF3 ( zirgen/circuit/rv32im/v2/dsl/inst.zir :97:18) at  OpSLTIU ( zirgen/circuit/rv32im/v2/dsl/inst_misc.zir :153:18)));loc(callsite( VerifyOpcodeF3 ( zirgen/circuit/rv32im/v2/dsl/inst.zir :97:18) at  OpXORI ( zirgen/circuit/rv32im/v2/dsl/inst_misc.zir :132:18)));loc(callsite( VerifyOpcodeF3 ( zirgen/circuit/rv32im/v2/dsl/inst.zir :97:18) at callsite( OpADDI ( zirgen/circuit/rv32im/v2/dsl/inst_misc.zir :127:18) at  Misc0 ( zirgen/circuit/rv32im/v2/dsl/inst_misc.zir :40:29))));loc(callsite( VerifyOpcodeF3 ( zirgen/circuit/rv32im/v2/dsl/inst.zir :97:18) at callsite( OpJALR ( zirgen/circuit/rv32im/v2/dsl/inst_misc.zir :202:18) at  Misc2 ( zirgen/circuit/rv32im/v2/dsl/inst_misc.zir :69:29))));loc(callsite( VerifyOpcodeF3 ( zirgen/circuit/rv32im/v2/dsl/inst.zir :97:18) at callsite( OpLHU ( zirgen/circuit/rv32im/v2/dsl/inst_mem.zir :122:18) at  Mem0 ( zirgen/circuit/rv32im/v2/dsl/inst_mem.zir :57:11))));loc(callsite( VerifyOpcodeF3 ( zirgen/circuit/rv32im/v2/dsl/inst.zir :97:18) at callsite( OpLW ( zirgen/circuit/rv32im/v2/dsl/inst_mem.zir :107:18) at  Mem0 ( zirgen/circuit/rv32im/v2/dsl/inst_mem.zir :55:10))));loc(callsite( VerifyOpcodeF3 ( zirgen/circuit/rv32im/v2/dsl/inst.zir :97:18) at callsite( OpSH ( zirgen/circuit/rv32im/v2/dsl/inst_mem.zir :147:18) at  Mem1 ( zirgen/circuit/rv32im/v2/dsl/inst_mem.zir :72:10))));loc(callsite( VerifyOpcodeF3 ( zirgen/circuit/rv32im/v2/dsl/inst.zir :97:18) at callsite( OpSW ( zirgen/circuit/rv32im/v2/dsl/inst_mem.zir :159:18) at  Mem1 ( zirgen/circuit/rv32im/v2/dsl/inst_mem.zir :73:10))));loc(callsite( VerifyOpcodeF3F7 ( zirgen/circuit/rv32im/v2/dsl/inst.zir :102:19) at  OpAND ( zirgen/circuit/rv32im/v2/dsl/inst_misc.zir :110:20)));loc(callsite( VerifyOpcodeF3F7 ( zirgen/circuit/rv32im/v2/dsl/inst.zir :102:19) at  OpMUL ( zirgen/circuit/rv32im/v2/dsl/inst_mul.zir :63:20)));loc(callsite( VerifyOpcodeF3F7 ( zirgen/circuit/rv32im/v2/dsl/inst.zir :102:19) at  OpOR ( zirgen/circuit/rv32im/v2/dsl/inst_misc.zir :105:20)));loc(callsite( VerifyOpcodeF3F7 ( zirgen/circuit/rv32im/v2/dsl/inst.zir :102:19) at  OpSLL ( zirgen/circuit/rv32im/v2/dsl/inst_mul.zir :49:20)));loc(callsite( VerifyOpcodeF3F7 ( zirgen/circuit/rv32im/v2/dsl/inst.zir :102:19) at  OpSLLI ( zirgen/circuit/rv32im/v2/dsl/inst_mul.zir :56:20)));loc(callsite( VerifyOpcodeF3F7 ( zirgen/circuit/rv32im/v2/dsl/inst.zir :102:19) at  OpSLT ( zirgen/circuit/rv32im/v2/dsl/inst_misc.zir :115:20)));loc(callsite( VerifyOpcodeF3F7 ( zirgen/circuit/rv32im/v2/dsl/inst.zir :102:19) at  OpSLTU ( zirgen/circuit/rv32im/v2/dsl/inst_misc.zir :121:20)));loc(callsite( VerifyOpcodeF3F7 ( zirgen/circuit/rv32im/v2/dsl/inst.zir :102:19) at  OpSRLI ( zirgen/circuit/rv32im/v2/dsl/inst_div.zir :148:20)));loc(callsite( VerifyOpcodeF3F7 ( zirgen/circuit/rv32im/v2/dsl/inst.zir :102:19) at  OpXOR ( zirgen/circuit/rv32im/v2/dsl/inst_misc.zir :100:20)));loc(callsite( VerifyOpcodeF3F7 ( zirgen/circuit/rv32im/v2/dsl/inst.zir :102:19) at callsite( OpADD ( zirgen/circuit/rv32im/v2/dsl/inst_misc.zir :90:20) at  Misc0 ( zirgen/circuit/rv32im/v2/dsl/inst_misc.zir :33:28))));loc(callsite( VerifyOpcodeF3F7 ( zirgen/circuit/rv32im/v2/dsl/inst.zir :102:19) at callsite( OpSUB ( zirgen/circuit/rv32im/v2/dsl/inst_misc.zir :95:20) at  Misc0 ( zirgen/circuit/rv32im/v2/dsl/inst_misc.zir :34:28))));loc(callsite( VerifyOpcodeF3F7 ( zirgen/circuit/rv32im/v2/dsl/inst.zir :103:18) at  OpAND ( zirgen/circuit/rv32im/v2/dsl/inst_misc.zir :110:20)));loc(callsite( VerifyOpcodeF3F7 ( zirgen/circuit/rv32im/v2/dsl/inst.zir :103:18) at  OpMUL ( zirgen/circuit/rv32im/v2/dsl/inst_mul.zir :63:20)));loc(callsite( VerifyOpcodeF3F7 ( zirgen/circuit/rv32im/v2/dsl/inst.zir :103:18) at  OpMULH ( zirgen/circuit/rv32im/v2/dsl/inst_mul.zir :69:20)));loc(callsite( VerifyOpcodeF3F7 ( zirgen/circuit/rv32im/v2/dsl/inst.zir :103:18) at  OpMULHSU ( zirgen/circuit/rv32im/v2/dsl/inst_mul.zir :75:20)));loc(callsite( VerifyOpcodeF3F7 ( zirgen/circuit/rv32im/v2/dsl/inst.zir :103:18) at  OpOR ( zirgen/circuit/rv32im/v2/dsl/inst_misc.zir :105:20)));loc(callsite( VerifyOpcodeF3F7 ( zirgen/circuit/rv32im/v2/dsl/inst.zir :103:18) at  OpSLL ( zirgen/circuit/rv32im/v2/dsl/inst_mul.zir :49:20)));loc(callsite( VerifyOpcodeF3F7 ( zirgen/circuit/rv32im/v2/dsl/inst.zir :103:18) at  OpSLLI ( zirgen/circuit/rv32im/v2/dsl/inst_mul.zir :56:20)));loc(callsite( VerifyOpcodeF3F7 ( zirgen/circuit/rv32im/v2/dsl/inst.zir :103:18) at  OpSLT ( zirgen/circuit/rv32im/v2/dsl/inst_misc.zir :115:20)));loc(callsite( VerifyOpcodeF3F7 ( zirgen/circuit/rv32im/v2/dsl/inst.zir :103:18) at  OpSLTU ( zirgen/circuit/rv32im/v2/dsl/inst_misc.zir :121:20)));loc(callsite( VerifyOpcodeF3F7 ( zirgen/circuit/rv32im/v2/dsl/inst.zir :103:18) at  OpSRL ( zirgen/circuit/rv32im/v2/dsl/inst_div.zir :134:20)));loc(callsite( VerifyOpcodeF3F7 ( zirgen/circuit/rv32im/v2/dsl/inst.zir :103:18) at  OpSRLI ( zirgen/circuit/rv32im/v2/dsl/inst_div.zir :148:20)));loc(callsite( VerifyOpcodeF3F7 ( zirgen/circuit/rv32im/v2/dsl/inst.zir :103:18) at  OpXOR ( zirgen/circuit/rv32im/v2/dsl/inst_misc.zir :100:20)));loc(callsite( VerifyOpcodeF3F7 ( zirgen/circuit/rv32im/v2/dsl/inst.zir :103:18) at callsite( OpADD ( zirgen/circuit/rv32im/v2/dsl/inst_misc.zir :90:20) at  Misc0 ( zirgen/circuit/rv32im/v2/dsl/inst_misc.zir :33:28))));loc(callsite( VerifyOpcodeF3F7 ( zirgen/circuit/rv32im/v2/dsl/inst.zir :103:18) at callsite( OpSUB ( zirgen/circuit/rv32im/v2/dsl/inst_misc.zir :95:20) at  Misc0 ( zirgen/circuit/rv32im/v2/dsl/inst_misc.zir :34:28))));loc(callsite( VerifyOpcodeF3F7 ( zirgen/circuit/rv32im/v2/dsl/inst.zir :104:18) at  OpAND ( zirgen/circuit/rv32im/v2/dsl/inst_misc.zir :110:20)));loc(callsite( VerifyOpcodeF3F7 ( zirgen/circuit/rv32im/v2/dsl/inst.zir :104:18) at  OpMUL ( zirgen/circuit/rv32im/v2/dsl/inst_mul.zir :63:20)));loc(callsite( VerifyOpcodeF3F7 ( zirgen/circuit/rv32im/v2/dsl/inst.zir :104:18) at  OpOR ( zirgen/circuit/rv32im/v2/dsl/inst_misc.zir :105:20)));loc(callsite( VerifyOpcodeF3F7 ( zirgen/circuit/rv32im/v2/dsl/inst.zir :104:18) at  OpREM ( zirgen/circuit/rv32im/v2/dsl/inst_div.zir :172:20)));loc(callsite( VerifyOpcodeF3F7 ( zirgen/circuit/rv32im/v2/dsl/inst.zir :104:18) at  OpREMU ( zirgen/circuit/rv32im/v2/dsl/inst_div.zir :177:20)));loc(callsite( VerifyOpcodeF3F7 ( zirgen/circuit/rv32im/v2/dsl/inst.zir :104:18) at  OpSLLI ( zirgen/circuit/rv32im/v2/dsl/inst_mul.zir :56:20)));loc(callsite( VerifyOpcodeF3F7 ( zirgen/circuit/rv32im/v2/dsl/inst.zir :104:18) at  OpSLTU ( zirgen/circuit/rv32im/v2/dsl/inst_misc.zir :121:20)));loc(callsite( VerifyOpcodeF3F7 ( zirgen/circuit/rv32im/v2/dsl/inst.zir :104:18) at  OpSRLI ( zirgen/circuit/rv32im/v2/dsl/inst_div.zir :148:20)));loc(callsite( VerifyOpcodeF3F7 ( zirgen/circuit/rv32im/v2/dsl/inst.zir :104:18) at  OpXOR ( zirgen/circuit/rv32im/v2/dsl/inst_misc.zir :100:20)));loc(callsite( VerifyOpcodeF3F7 ( zirgen/circuit/rv32im/v2/dsl/inst.zir :104:18) at callsite( OpADD ( zirgen/circuit/rv32im/v2/dsl/inst_misc.zir :90:20) at  Misc0 ( zirgen/circuit/rv32im/v2/dsl/inst_misc.zir :33:28))));loc(callsite( VerifyOpcodeF3F7 ( zirgen/circuit/rv32im/v2/dsl/inst.zir :104:18) at callsite( OpSUB ( zirgen/circuit/rv32im/v2/dsl/inst_misc.zir :95:20) at  Misc0 ( zirgen/circuit/rv32im/v2/dsl/inst_misc.zir :34:28)))),6000,125,False
V6,arguzz,1238,/root/arguzz/a4/runs/iv_pos_7/dbs/pos_iv_pos_7_v6_b1c_arguzz_seed1238_n6000/pos_iv_pos_7_v6_b1c_arguzz_seed1238_n6000.db,105,,583375.5,77.0,92.0,96.0,True,382,,,3.176684684007435,1.901384749306939,105,AddrDecompose(zirgen/circuit/rv32im/v2/dsl/u32.zir:67);AddrDecomposeBits(zirgen/circuit/rv32im/v2/dsl/u32.zir:87);ControlMRET(zirgen/circuit/rv32im/v2/dsl/inst_control.zir:89);ControlMRET(zirgen/circuit/rv32im/v2/dsl/inst_control.zir:91);ControlMRET(zirgen/circuit/rv32im/v2/dsl/inst_control.zir:92);ControlUserECALL(zirgen/circuit/rv32im/v2/dsl/inst_control.zir:75);ControlUserECALL(zirgen/circuit/rv32im/v2/dsl/inst_control.zir:77);ControlUserECALL(zirgen/circuit/rv32im/v2/dsl/inst_control.zir:78);DecodeInst(zirgen/circuit/rv32im/v2/dsl/inst.zir:29);ECall0(zirgen/circuit/rv32im/v2/dsl/inst_ecall.zir:203);ECallHostReadSetup(zirgen/circuit/rv32im/v2/dsl/inst_ecall.zir:70);MachineECall(zirgen/circuit/rv32im/v2/dsl/inst_ecall.zir:28);MachineECall(zirgen/circuit/rv32im/v2/dsl/inst_ecall.zir:29);MachineECall(zirgen/circuit/rv32im/v2/dsl/inst_ecall.zir:32);MemoryWrite(zirgen/circuit/rv32im/v2/dsl/mem.zir:100);MemoryWrite(zirgen/circuit/rv32im/v2/dsl/mem.zir:99);OneHot(zirgen/circuit/rv32im/v2/dsl/one_hot.zir:11);OneHot(zirgen/circuit/rv32im/v2/dsl/one_hot.zir:9);OpLH(zirgen/circuit/rv32im/v2/dsl/inst_mem.zir:98);PoseidonEcall(zirgen/circuit/rv32im/v2/dsl/inst_p2.zir:96);Sha0(zirgen/circuit/rv32im/v2/dsl/inst_sha.zir:226);loc(callsite( IsRead ( zirgen/circuit/rv32im/v2/dsl/mem.zir :79:22) at  MemoryRead ( zirgen/circuit/rv32im/v2/dsl/mem.zir :90:10)));loc(callsite( IsRead ( zirgen/circuit/rv32im/v2/dsl/mem.zir :80:23) at  MemoryRead ( zirgen/circuit/rv32im/v2/dsl/mem.zir :90:10)));loc(callsite( OpLW ( zirgen/circuit/rv32im/v2/dsl/inst_mem.zir :108:20) at  Mem0 ( zirgen/circuit/rv32im/v2/dsl/inst_mem.zir :55:10)));loc(callsite( OpLW ( zirgen/circuit/rv32im/v2/dsl/inst_mem.zir :109:20) at  Mem0 ( zirgen/circuit/rv32im/v2/dsl/inst_mem.zir :55:10)));loc(callsite( OpSH ( zirgen/circuit/rv32im/v2/dsl/inst_mem.zir :148:20) at  Mem1 ( zirgen/circuit/rv32im/v2/dsl/inst_mem.zir :72:10)));loc(callsite( OpSW ( zirgen/circuit/rv32im/v2/dsl/inst_mem.zir :160:20) at  Mem1 ( zirgen/circuit/rv32im/v2/dsl/inst_mem.zir :73:10)));loc(callsite( OpSW ( zirgen/circuit/rv32im/v2/dsl/inst_mem.zir :161:20) at  Mem1 ( zirgen/circuit/rv32im/v2/dsl/inst_mem.zir :73:10)));loc(callsite( VerifyOpcode ( zirgen/circuit/rv32im/v2/dsl/inst.zir :91:19) at callsite( OpAUIPC ( zirgen/circuit/rv32im/v2/dsl/inst_misc.zir :214:16) at  Misc2 ( zirgen/circuit/rv32im/v2/dsl/inst_misc.zir :71:30))));loc(callsite( VerifyOpcode ( zirgen/circuit/rv32im/v2/dsl/inst.zir :91:19) at callsite( OpJAL ( zirgen/circuit/rv32im/v2/dsl/inst_misc.zir :195:16) at  Misc2 ( zirgen/circuit/rv32im/v2/dsl/inst_misc.zir :68:28))));loc(callsite( VerifyOpcode ( zirgen/circuit/rv32im/v2/dsl/inst.zir :91:19) at callsite( OpLUI ( zirgen/circuit/rv32im/v2/dsl/inst_misc.zir :209:16) at  Misc2 ( zirgen/circuit/rv32im/v2/dsl/inst_misc.zir :70:28))));loc(callsite( VerifyOpcodeF3 ( zirgen/circuit/rv32im/v2/dsl/inst.zir :96:19) at  OpANDI ( zirgen/circuit/rv32im/v2/dsl/inst_misc.zir :142:18)));loc(callsite( VerifyOpcodeF3 ( zirgen/circuit/rv32im/v2/dsl/inst.zir :96:19) at  OpBEQ ( zirgen/circuit/rv32im/v2/dsl/inst_misc.zir :159:18)));loc(callsite( VerifyOpcodeF3 ( zirgen/circuit/rv32im/v2/dsl/inst.zir :96:19) at  OpBGE ( zirgen/circuit/rv32im/v2/dsl/inst_misc.zir :177:18)));loc(callsite( VerifyOpcodeF3 ( zirgen/circuit/rv32im/v2/dsl/inst.zir :96:19) at  OpBGEU ( zirgen/circuit/rv32im/v2/dsl/inst_misc.zir :189:18)));loc(callsite( VerifyOpcodeF3 ( zirgen/circuit/rv32im/v2/dsl/inst.zir :96:19) at  OpBLT ( zirgen/circuit/rv32im/v2/dsl/inst_misc.zir :171:18)));loc(callsite( VerifyOpcodeF3 ( zirgen/circuit/rv32im/v2/dsl/inst.zir :96:19) at  OpBLTU ( zirgen/circuit/rv32im/v2/dsl/inst_misc.zir :183:18)));loc(callsite( VerifyOpcodeF3 ( zirgen/circuit/rv32im/v2/dsl/inst.zir :96:19) at  OpBNE ( zirgen/circuit/rv32im/v2/dsl/inst_misc.zir :165:18)));loc(callsite( VerifyOpcodeF3 ( zirgen/circuit/rv32im/v2/dsl/inst.zir :96:19) at  OpLB ( zirgen/circuit/rv32im/v2/dsl/inst_mem.zir :86:18)));loc(callsite( VerifyOpcodeF3 ( zirgen/circuit/rv32im/v2/dsl/inst.zir :96:19) at  OpLBU ( zirgen/circuit/rv32im/v2/dsl/inst_mem.zir :114:18)));loc(callsite( VerifyOpcodeF3 ( zirgen/circuit/rv32im/v2/dsl/inst.zir :96:19) at  OpLH ( zirgen/circuit/rv32im/v2/dsl/inst_mem.zir :97:18)));loc(callsite( VerifyOpcodeF3 ( zirgen/circuit/rv32im/v2/dsl/inst.zir :96:19) at  OpORI ( zirgen/circuit/rv32im/v2/dsl/inst_misc.zir :137:18)));loc(callsite( VerifyOpcodeF3 ( zirgen/circuit/rv32im/v2/dsl/inst.zir :96:19) at  OpSB ( zirgen/circuit/rv32im/v2/dsl/inst_mem.zir :129:18)));loc(callsite( VerifyOpcodeF3 ( zirgen/circuit/rv32im/v2/dsl/inst.zir :96:19) at  OpSLTI ( zirgen/circuit/rv32im/v2/dsl/inst_misc.zir :147:18)));loc(callsite( VerifyOpcodeF3 ( zirgen/circuit/rv32im/v2/dsl/inst.zir :96:19) at  OpSLTIU ( zirgen/circuit/rv32im/v2/dsl/inst_misc.zir :153:18)));loc(callsite( VerifyOpcodeF3 ( zirgen/circuit/rv32im/v2/dsl/inst.zir :96:19) at  OpXORI ( zirgen/circuit/rv32im/v2/dsl/inst_misc.zir :132:18)));loc(callsite( VerifyOpcodeF3 ( zirgen/circuit/rv32im/v2/dsl/inst.zir :96:19) at callsite( OpADDI ( zirgen/circuit/rv32im/v2/dsl/inst_misc.zir :127:18) at  Misc0 ( zirgen/circuit/rv32im/v2/dsl/inst_misc.zir :40:29))));loc(callsite( VerifyOpcodeF3 ( zirgen/circuit/rv32im/v2/dsl/inst.zir :96:19) at callsite( OpJALR ( zirgen/circuit/rv32im/v2/dsl/inst_misc.zir :202:18) at  Misc2 ( zirgen/circuit/rv32im/v2/dsl/inst_misc.zir :69:29))));loc(callsite( VerifyOpcodeF3 ( zirgen/circuit/rv32im/v2/dsl/inst.zir :96:19) at callsite( OpLHU ( zirgen/circuit/rv32im/v2/dsl/inst_mem.zir :122:18) at  Mem0 ( zirgen/circuit/rv32im/v2/dsl/inst_mem.zir :57:11))));loc(callsite( VerifyOpcodeF3 ( zirgen/circuit/rv32im/v2/dsl/inst.zir :96:19) at callsite( OpLW ( zirgen/circuit/rv32im/v2/dsl/inst_mem.zir :107:18) at  Mem0 ( zirgen/circuit/rv32im/v2/dsl/inst_mem.zir :55:10))));loc(callsite( VerifyOpcodeF3 ( zirgen/circuit/rv32im/v2/dsl/inst.zir :96:19) at callsite( OpSH ( zirgen/circuit/rv32im/v2/dsl/inst_mem.zir :147:18) at  Mem1 ( zirgen/circuit/rv32im/v2/dsl/inst_mem.zir :72:10))));loc(callsite( VerifyOpcodeF3 ( zirgen/circuit/rv32im/v2/dsl/inst.zir :96:19) at callsite( OpSW ( zirgen/circuit/rv32im/v2/dsl/inst_mem.zir :159:18) at  Mem1 ( zirgen/circuit/rv32im/v2/dsl/inst_mem.zir :73:10))));loc(callsite( VerifyOpcodeF3 ( zirgen/circuit/rv32im/v2/dsl/inst.zir :97:18) at  OpANDI ( zirgen/circuit/rv32im/v2/dsl/inst_misc.zir :142:18)));loc(callsite( VerifyOpcodeF3 ( zirgen/circuit/rv32im/v2/dsl/inst.zir :97:18) at  OpBEQ ( zirgen/circuit/rv32im/v2/dsl/inst_misc.zir :159:18)));loc(callsite( VerifyOpcodeF3 ( zirgen/circuit/rv32im/v2/dsl/inst.zir :97:18) at  OpBGE ( zirgen/circuit/rv32im/v2/dsl/inst_misc.zir :177:18)));loc(callsite( VerifyOpcodeF3 ( zirgen/circuit/rv32im/v2/dsl/inst.zir :97:18) at  OpBGEU ( zirgen/circuit/rv32im/v2/dsl/inst_misc.zir :189:18)));loc(callsite( VerifyOpcodeF3 ( zirgen/circuit/rv32im/v2/dsl/inst.zir :97:18) at  OpBLT ( zirgen/circuit/rv32im/v2/dsl/inst_misc.zir :171:18)));loc(callsite( VerifyOpcodeF3 ( zirgen/circuit/rv32im/v2/dsl/inst.zir :97:18) at  OpBLTU ( zirgen/circuit/rv32im/v2/dsl/inst_misc.zir :183:18)));loc(callsite( VerifyOpcodeF3 ( zirgen/circuit/rv32im/v2/dsl/inst.zir :97:18) at  OpBNE ( zirgen/circuit/rv32im/v2/dsl/inst_misc.zir :165:18)));loc(callsite( VerifyOpcodeF3 ( zirgen/circuit/rv32im/v2/dsl/inst.zir :97:18) at  OpLB ( zirgen/circuit/rv32im/v2/dsl/inst_mem.zir :86:18)));loc(callsite( VerifyOpcodeF3 ( zirgen/circuit/rv32im/v2/dsl/inst.zir :97:18) at  OpLBU ( zirgen/circuit/rv32im/v2/dsl/inst_mem.zir :114:18)));loc(callsite( VerifyOpcodeF3 ( zirgen/circuit/rv32im/v2/dsl/inst.zir :97:18) at  OpLH ( zirgen/circuit/rv32im/v2/dsl/inst_mem.zir :97:18)));loc(callsite( VerifyOpcodeF3 ( zirgen/circuit/rv32im/v2/dsl/inst.zir :97:18) at  OpORI ( zirgen/circuit/rv32im/v2/dsl/inst_misc.zir :137:18)));loc(callsite( VerifyOpcodeF3 ( zirgen/circuit/rv32im/v2/dsl/inst.zir :97:18) at  OpSB ( zirgen/circuit/rv32im/v2/dsl/inst_mem.zir :129:18)));loc(callsite( VerifyOpcodeF3 ( zirgen/circuit/rv32im/v2/dsl/inst.zir :97:18) at  OpSLTI ( zirgen/circuit/rv32im/v2/dsl/inst_misc.zir :147:18)));loc(callsite( VerifyOpcodeF3 ( zirgen/circuit/rv32im/v2/dsl/inst.zir :97:18) at  OpSLTIU ( zirgen/circuit/rv32im/v2/dsl/inst_misc.zir :153:18)));loc(callsite( VerifyOpcodeF3 ( zirgen/circuit/rv32im/v2/dsl/inst.zir :97:18) at  OpXORI ( zirgen/circuit/rv32im/v2/dsl/inst_misc.zir :132:18)));loc(callsite( VerifyOpcodeF3 ( zirgen/circuit/rv32im/v2/dsl/inst.zir :97:18) at callsite( OpADDI ( zirgen/circuit/rv32im/v2/dsl/inst_misc.zir :127:18) at  Misc0 ( zirgen/circuit/rv32im/v2/dsl/inst_misc.zir :40:29))));loc(callsite( VerifyOpcodeF3 ( zirgen/circuit/rv32im/v2/dsl/inst.zir :97:18) at callsite( OpJALR ( zirgen/circuit/rv32im/v2/dsl/inst_misc.zir :202:18) at  Misc2 ( zirgen/circuit/rv32im/v2/dsl/inst_misc.zir :69:29))));loc(callsite( VerifyOpcodeF3 ( zirgen/circuit/rv32im/v2/dsl/inst.zir :97:18) at callsite( OpLHU ( zirgen/circuit/rv32im/v2/dsl/inst_mem.zir :122:18) at  Mem0 ( zirgen/circuit/rv32im/v2/dsl/inst_mem.zir :57:11))));loc(callsite( VerifyOpcodeF3 ( zirgen/circuit/rv32im/v2/dsl/inst.zir :97:18) at callsite( OpLW ( zirgen/circuit/rv32im/v2/dsl/inst_mem.zir :107:18) at  Mem0 ( zirgen/circuit/rv32im/v2/dsl/inst_mem.zir :55:10))));loc(callsite( VerifyOpcodeF3 ( zirgen/circuit/rv32im/v2/dsl/inst.zir :97:18) at callsite( OpSH ( zirgen/circuit/rv32im/v2/dsl/inst_mem.zir :147:18) at  Mem1 ( zirgen/circuit/rv32im/v2/dsl/inst_mem.zir :72:10))));loc(callsite( VerifyOpcodeF3 ( zirgen/circuit/rv32im/v2/dsl/inst.zir :97:18) at callsite( OpSW ( zirgen/circuit/rv32im/v2/dsl/inst_mem.zir :159:18) at  Mem1 ( zirgen/circuit/rv32im/v2/dsl/inst_mem.zir :73:10))));loc(callsite( VerifyOpcodeF3F7 ( zirgen/circuit/rv32im/v2/dsl/inst.zir :102:19) at  OpAND ( zirgen/circuit/rv32im/v2/dsl/inst_misc.zir :110:20)));loc(callsite( VerifyOpcodeF3F7 ( zirgen/circuit/rv32im/v2/dsl/inst.zir :102:19) at  OpMUL ( zirgen/circuit/rv32im/v2/dsl/inst_mul.zir :63:20)));loc(callsite( VerifyOpcodeF3F7 ( zirgen/circuit/rv32im/v2/dsl/inst.zir :102:19) at  OpOR ( zirgen/circuit/rv32im/v2/dsl/inst_misc.zir :105:20)));loc(callsite( VerifyOpcodeF3F7 ( zirgen/circuit/rv32im/v2/dsl/inst.zir :102:19) at  OpSLLI ( zirgen/circuit/rv32im/v2/dsl/inst_mul.zir :56:20)));loc(callsite( VerifyOpcodeF3F7 ( zirgen/circuit/rv32im/v2/dsl/inst.zir :102:19) at  OpSLTU ( zirgen/circuit/rv32im/v2/dsl/inst_misc.zir :121:20)));loc(callsite( VerifyOpcodeF3F7 ( zirgen/circuit/rv32im/v2/dsl/inst.zir :102:19) at  OpSRA ( zirgen/circuit/rv32im/v2/dsl/inst_div.zir :140:20)));loc(callsite( VerifyOpcodeF3F7 ( zirgen/circuit/rv32im/v2/dsl/inst.zir :102:19) at  OpSRLI ( zirgen/circuit/rv32im/v2/dsl/inst_div.zir :148:20)));loc(callsite( VerifyOpcodeF3F7 ( zirgen/circuit/rv32im/v2/dsl/inst.zir :102:19) at  OpXOR ( zirgen/circuit/rv32im/v2/dsl/inst_misc.zir :100:20)));loc(callsite( VerifyOpcodeF3F7 ( zirgen/circuit/rv32im/v2/dsl/inst.zir :102:19) at callsite( OpADD ( zirgen/circuit/rv32im/v2/dsl/inst_misc.zir :90:20) at  Misc0 ( zirgen/circuit/rv32im/v2/dsl/inst_misc.zir :33:28))));loc(callsite( VerifyOpcodeF3F7 ( zirgen/circuit/rv32im/v2/dsl/inst.zir :102:19) at callsite( OpSUB ( zirgen/circuit/rv32im/v2/dsl/inst_misc.zir :95:20) at  Misc0 ( zirgen/circuit/rv32im/v2/dsl/inst_misc.zir :34:28))));loc(callsite( VerifyOpcodeF3F7 ( zirgen/circuit/rv32im/v2/dsl/inst.zir :103:18) at  OpAND ( zirgen/circuit/rv32im/v2/dsl/inst_misc.zir :110:20)));loc(callsite( VerifyOpcodeF3F7 ( zirgen/circuit/rv32im/v2/dsl/inst.zir :103:18) at  OpDIV ( zirgen/circuit/rv32im/v2/dsl/inst_div.zir :162:20)));loc(callsite( VerifyOpcodeF3F7 ( zirgen/circuit/rv32im/v2/dsl/inst.zir :103:18) at  OpMUL ( zirgen/circuit/rv32im/v2/dsl/inst_mul.zir :63:20)));loc(callsite( VerifyOpcodeF3F7 ( zirgen/circuit/rv32im/v2/dsl/inst.zir :103:18) at  OpMULHSU ( zirgen/circuit/rv32im/v2/dsl/inst_mul.zir :75:20)));loc(callsite( VerifyOpcodeF3F7 ( zirgen/circuit/rv32im/v2/dsl/inst.zir :103:18) at  OpOR ( zirgen/circuit/rv32im/v2/dsl/inst_misc.zir :105:20)));loc(callsite( VerifyOpcodeF3F7 ( zirgen/circuit/rv32im/v2/dsl/inst.zir :103:18) at  OpSLLI ( zirgen/circuit/rv32im/v2/dsl/inst_mul.zir :56:20)));loc(callsite( VerifyOpcodeF3F7 ( zirgen/circuit/rv32im/v2/dsl/inst.zir :103:18) at  OpSLT ( zirgen/circuit/rv32im/v2/dsl/inst_misc.zir :115:20)));loc(callsite( VerifyOpcodeF3F7 ( zirgen/circuit/rv32im/v2/dsl/inst.zir :103:18) at  OpSLTU ( zirgen/circuit/rv32im/v2/dsl/inst_misc.zir :121:20)));loc(callsite( VerifyOpcodeF3F7 ( zirgen/circuit/rv32im/v2/dsl/inst.zir :103:18) at  OpSRLI ( zirgen/circuit/rv32im/v2/dsl/inst_div.zir :148:20)));loc(callsite( VerifyOpcodeF3F7 ( zirgen/circuit/rv32im/v2/dsl/inst.zir :103:18) at  OpXOR ( zirgen/circuit/rv32im/v2/dsl/inst_misc.zir :100:20)));loc(callsite( VerifyOpcodeF3F7 ( zirgen/circuit/rv32im/v2/dsl/inst.zir :103:18) at callsite( OpADD ( zirgen/circuit/rv32im/v2/dsl/inst_misc.zir :90:20) at  Misc0 ( zirgen/circuit/rv32im/v2/dsl/inst_misc.zir :33:28))));loc(callsite( VerifyOpcodeF3F7 ( zirgen/circuit/rv32im/v2/dsl/inst.zir :103:18) at callsite( OpSUB ( zirgen/circuit/rv32im/v2/dsl/inst_misc.zir :95:20) at  Misc0 ( zirgen/circuit/rv32im/v2/dsl/inst_misc.zir :34:28))));loc(callsite( VerifyOpcodeF3F7 ( zirgen/circuit/rv32im/v2/dsl/inst.zir :104:18) at  OpAND ( zirgen/circuit/rv32im/v2/dsl/inst_misc.zir :110:20)));loc(callsite( VerifyOpcodeF3F7 ( zirgen/circuit/rv32im/v2/dsl/inst.zir :104:18) at  OpMUL ( zirgen/circuit/rv32im/v2/dsl/inst_mul.zir :63:20)));loc(callsite( VerifyOpcodeF3F7 ( zirgen/circuit/rv32im/v2/dsl/inst.zir :104:18) at  OpOR ( zirgen/circuit/rv32im/v2/dsl/inst_misc.zir :105:20)));loc(callsite( VerifyOpcodeF3F7 ( zirgen/circuit/rv32im/v2/dsl/inst.zir :104:18) at  OpSLLI ( zirgen/circuit/rv32im/v2/dsl/inst_mul.zir :56:20)));loc(callsite( VerifyOpcodeF3F7 ( zirgen/circuit/rv32im/v2/dsl/inst.zir :104:18) at  OpSLTU ( zirgen/circuit/rv32im/v2/dsl/inst_misc.zir :121:20)));loc(callsite( VerifyOpcodeF3F7 ( zirgen/circuit/rv32im/v2/dsl/inst.zir :104:18) at  OpSRA ( zirgen/circuit/rv32im/v2/dsl/inst_div.zir :140:20)));loc(callsite( VerifyOpcodeF3F7 ( zirgen/circuit/rv32im/v2/dsl/inst.zir :104:18) at  OpSRLI ( zirgen/circuit/rv32im/v2/dsl/inst_div.zir :148:20)));loc(callsite( VerifyOpcodeF3F7 ( zirgen/circuit/rv32im/v2/dsl/inst.zir :104:18) at  OpXOR ( zirgen/circuit/rv32im/v2/dsl/inst_misc.zir :100:20)));loc(callsite( VerifyOpcodeF3F7 ( zirgen/circuit/rv32im/v2/dsl/inst.zir :104:18) at callsite( OpADD ( zirgen/circuit/rv32im/v2/dsl/inst_misc.zir :90:20) at  Misc0 ( zirgen/circuit/rv32im/v2/dsl/inst_misc.zir :33:28))));loc(callsite( VerifyOpcodeF3F7 ( zirgen/circuit/rv32im/v2/dsl/inst.zir :104:18) at callsite( OpSUB ( zirgen/circuit/rv32im/v2/dsl/inst_misc.zir :95:20) at  Misc0 ( zirgen/circuit/rv32im/v2/dsl/inst_misc.zir :34:28)))),6000,125,False
V6,arguzz,1239,/root/arguzz/a4/runs/iv_pos_7/dbs/pos_iv_pos_7_v6_b1c_arguzz_seed1239_n6000/pos_iv_pos_7_v6_b1c_arguzz_seed1239_n6000.db,108,,610500.0,48.0,54.0,57.0,True,396,,,3.163242001535391,1.9421146070338628,108,AddrDecompose(zirgen/circuit/rv32im/v2/dsl/u32.zir:67);AddrDecomposeBits(zirgen/circuit/rv32im/v2/dsl/u32.zir:87);ControlMRET(zirgen/circuit/rv32im/v2/dsl/inst_control.zir:89);ControlMRET(zirgen/circuit/rv32im/v2/dsl/inst_control.zir:91);ControlMRET(zirgen/circuit/rv32im/v2/dsl/inst_control.zir:92);ControlUserECALL(zirgen/circuit/rv32im/v2/dsl/inst_control.zir:75);ControlUserECALL(zirgen/circuit/rv32im/v2/dsl/inst_control.zir:77);ControlUserECALL(zirgen/circuit/rv32im/v2/dsl/inst_control.zir:78);DecodeInst(zirgen/circuit/rv32im/v2/dsl/inst.zir:29);ECall0(zirgen/circuit/rv32im/v2/dsl/inst_ecall.zir:203);ECallHostReadSetup(zirgen/circuit/rv32im/v2/dsl/inst_ecall.zir:70);ECallTerminate(zirgen/circuit/rv32im/v2/dsl/inst_ecall.zir:46);MachineECall(zirgen/circuit/rv32im/v2/dsl/inst_ecall.zir:28);MachineECall(zirgen/circuit/rv32im/v2/dsl/inst_ecall.zir:29);MachineECall(zirgen/circuit/rv32im/v2/dsl/inst_ecall.zir:32);MemoryWrite(zirgen/circuit/rv32im/v2/dsl/mem.zir:100);MemoryWrite(zirgen/circuit/rv32im/v2/dsl/mem.zir:99);OneHot(zirgen/circuit/rv32im/v2/dsl/one_hot.zir:11);OneHot(zirgen/circuit/rv32im/v2/dsl/one_hot.zir:9);OpLH(zirgen/circuit/rv32im/v2/dsl/inst_mem.zir:98);PoseidonEcall(zirgen/circuit/rv32im/v2/dsl/inst_p2.zir:96);Sha0(zirgen/circuit/rv32im/v2/dsl/inst_sha.zir:226);loc(callsite( IsRead ( zirgen/circuit/rv32im/v2/dsl/mem.zir :79:22) at  MemoryRead ( zirgen/circuit/rv32im/v2/dsl/mem.zir :90:10)));loc(callsite( IsRead ( zirgen/circuit/rv32im/v2/dsl/mem.zir :80:23) at  MemoryRead ( zirgen/circuit/rv32im/v2/dsl/mem.zir :90:10)));loc(callsite( OpLW ( zirgen/circuit/rv32im/v2/dsl/inst_mem.zir :108:20) at  Mem0 ( zirgen/circuit/rv32im/v2/dsl/inst_mem.zir :55:10)));loc(callsite( OpLW ( zirgen/circuit/rv32im/v2/dsl/inst_mem.zir :109:20) at  Mem0 ( zirgen/circuit/rv32im/v2/dsl/inst_mem.zir :55:10)));loc(callsite( OpSW ( zirgen/circuit/rv32im/v2/dsl/inst_mem.zir :160:20) at  Mem1 ( zirgen/circuit/rv32im/v2/dsl/inst_mem.zir :73:10)));loc(callsite( OpSW ( zirgen/circuit/rv32im/v2/dsl/inst_mem.zir :161:20) at  Mem1 ( zirgen/circuit/rv32im/v2/dsl/inst_mem.zir :73:10)));loc(callsite( VerifyOpcode ( zirgen/circuit/rv32im/v2/dsl/inst.zir :91:19) at callsite( OpAUIPC ( zirgen/circuit/rv32im/v2/dsl/inst_misc.zir :214:16) at  Misc2 ( zirgen/circuit/rv32im/v2/dsl/inst_misc.zir :71:30))));loc(callsite( VerifyOpcode ( zirgen/circuit/rv32im/v2/dsl/inst.zir :91:19) at callsite( OpJAL ( zirgen/circuit/rv32im/v2/dsl/inst_misc.zir :195:16) at  Misc2 ( zirgen/circuit/rv32im/v2/dsl/inst_misc.zir :68:28))));loc(callsite( VerifyOpcode ( zirgen/circuit/rv32im/v2/dsl/inst.zir :91:19) at callsite( OpLUI ( zirgen/circuit/rv32im/v2/dsl/inst_misc.zir :209:16) at  Misc2 ( zirgen/circuit/rv32im/v2/dsl/inst_misc.zir :70:28))));loc(callsite( VerifyOpcodeF3 ( zirgen/circuit/rv32im/v2/dsl/inst.zir :96:19) at  OpANDI ( zirgen/circuit/rv32im/v2/dsl/inst_misc.zir :142:18)));loc(callsite( VerifyOpcodeF3 ( zirgen/circuit/rv32im/v2/dsl/inst.zir :96:19) at  OpBEQ ( zirgen/circuit/rv32im/v2/dsl/inst_misc.zir :159:18)));loc(callsite( VerifyOpcodeF3 ( zirgen/circuit/rv32im/v2/dsl/inst.zir :96:19) at  OpBGE ( zirgen/circuit/rv32im/v2/dsl/inst_misc.zir :177:18)));loc(callsite( VerifyOpcodeF3 ( zirgen/circuit/rv32im/v2/dsl/inst.zir :96:19) at  OpBGEU ( zirgen/circuit/rv32im/v2/dsl/inst_misc.zir :189:18)));loc(callsite( VerifyOpcodeF3 ( zirgen/circuit/rv32im/v2/dsl/inst.zir :96:19) at  OpBLT ( zirgen/circuit/rv32im/v2/dsl/inst_misc.zir :171:18)));loc(callsite( VerifyOpcodeF3 ( zirgen/circuit/rv32im/v2/dsl/inst.zir :96:19) at  OpBLTU ( zirgen/circuit/rv32im/v2/dsl/inst_misc.zir :183:18)));loc(callsite( VerifyOpcodeF3 ( zirgen/circuit/rv32im/v2/dsl/inst.zir :96:19) at  OpBNE ( zirgen/circuit/rv32im/v2/dsl/inst_misc.zir :165:18)));loc(callsite( VerifyOpcodeF3 ( zirgen/circuit/rv32im/v2/dsl/inst.zir :96:19) at  OpLB ( zirgen/circuit/rv32im/v2/dsl/inst_mem.zir :86:18)));loc(callsite( VerifyOpcodeF3 ( zirgen/circuit/rv32im/v2/dsl/inst.zir :96:19) at  OpLBU ( zirgen/circuit/rv32im/v2/dsl/inst_mem.zir :114:18)));loc(callsite( VerifyOpcodeF3 ( zirgen/circuit/rv32im/v2/dsl/inst.zir :96:19) at  OpLH ( zirgen/circuit/rv32im/v2/dsl/inst_mem.zir :97:18)));loc(callsite( VerifyOpcodeF3 ( zirgen/circuit/rv32im/v2/dsl/inst.zir :96:19) at  OpORI ( zirgen/circuit/rv32im/v2/dsl/inst_misc.zir :137:18)));loc(callsite( VerifyOpcodeF3 ( zirgen/circuit/rv32im/v2/dsl/inst.zir :96:19) at  OpSB ( zirgen/circuit/rv32im/v2/dsl/inst_mem.zir :129:18)));loc(callsite( VerifyOpcodeF3 ( zirgen/circuit/rv32im/v2/dsl/inst.zir :96:19) at  OpSLTI ( zirgen/circuit/rv32im/v2/dsl/inst_misc.zir :147:18)));loc(callsite( VerifyOpcodeF3 ( zirgen/circuit/rv32im/v2/dsl/inst.zir :96:19) at  OpSLTIU ( zirgen/circuit/rv32im/v2/dsl/inst_misc.zir :153:18)));loc(callsite( VerifyOpcodeF3 ( zirgen/circuit/rv32im/v2/dsl/inst.zir :96:19) at  OpXORI ( zirgen/circuit/rv32im/v2/dsl/inst_misc.zir :132:18)));loc(callsite( VerifyOpcodeF3 ( zirgen/circuit/rv32im/v2/dsl/inst.zir :96:19) at callsite( OpADDI ( zirgen/circuit/rv32im/v2/dsl/inst_misc.zir :127:18) at  Misc0 ( zirgen/circuit/rv32im/v2/dsl/inst_misc.zir :40:29))));loc(callsite( VerifyOpcodeF3 ( zirgen/circuit/rv32im/v2/dsl/inst.zir :96:19) at callsite( OpJALR ( zirgen/circuit/rv32im/v2/dsl/inst_misc.zir :202:18) at  Misc2 ( zirgen/circuit/rv32im/v2/dsl/inst_misc.zir :69:29))));loc(callsite( VerifyOpcodeF3 ( zirgen/circuit/rv32im/v2/dsl/inst.zir :96:19) at callsite( OpLHU ( zirgen/circuit/rv32im/v2/dsl/inst_mem.zir :122:18) at  Mem0 ( zirgen/circuit/rv32im/v2/dsl/inst_mem.zir :57:11))));loc(callsite( VerifyOpcodeF3 ( zirgen/circuit/rv32im/v2/dsl/inst.zir :96:19) at callsite( OpLW ( zirgen/circuit/rv32im/v2/dsl/inst_mem.zir :107:18) at  Mem0 ( zirgen/circuit/rv32im/v2/dsl/inst_mem.zir :55:10))));loc(callsite( VerifyOpcodeF3 ( zirgen/circuit/rv32im/v2/dsl/inst.zir :96:19) at callsite( OpSH ( zirgen/circuit/rv32im/v2/dsl/inst_mem.zir :147:18) at  Mem1 ( zirgen/circuit/rv32im/v2/dsl/inst_mem.zir :72:10))));loc(callsite( VerifyOpcodeF3 ( zirgen/circuit/rv32im/v2/dsl/inst.zir :96:19) at callsite( OpSW ( zirgen/circuit/rv32im/v2/dsl/inst_mem.zir :159:18) at  Mem1 ( zirgen/circuit/rv32im/v2/dsl/inst_mem.zir :73:10))));loc(callsite( VerifyOpcodeF3 ( zirgen/circuit/rv32im/v2/dsl/inst.zir :97:18) at  OpANDI ( zirgen/circuit/rv32im/v2/dsl/inst_misc.zir :142:18)));loc(callsite( VerifyOpcodeF3 ( zirgen/circuit/rv32im/v2/dsl/inst.zir :97:18) at  OpBEQ ( zirgen/circuit/rv32im/v2/dsl/inst_misc.zir :159:18)));loc(callsite( VerifyOpcodeF3 ( zirgen/circuit/rv32im/v2/dsl/inst.zir :97:18) at  OpBGE ( zirgen/circuit/rv32im/v2/dsl/inst_misc.zir :177:18)));loc(callsite( VerifyOpcodeF3 ( zirgen/circuit/rv32im/v2/dsl/inst.zir :97:18) at  OpBGEU ( zirgen/circuit/rv32im/v2/dsl/inst_misc.zir :189:18)));loc(callsite( VerifyOpcodeF3 ( zirgen/circuit/rv32im/v2/dsl/inst.zir :97:18) at  OpBLT ( zirgen/circuit/rv32im/v2/dsl/inst_misc.zir :171:18)));loc(callsite( VerifyOpcodeF3 ( zirgen/circuit/rv32im/v2/dsl/inst.zir :97:18) at  OpBLTU ( zirgen/circuit/rv32im/v2/dsl/inst_misc.zir :183:18)));loc(callsite( VerifyOpcodeF3 ( zirgen/circuit/rv32im/v2/dsl/inst.zir :97:18) at  OpBNE ( zirgen/circuit/rv32im/v2/dsl/inst_misc.zir :165:18)));loc(callsite( VerifyOpcodeF3 ( zirgen/circuit/rv32im/v2/dsl/inst.zir :97:18) at  OpLB ( zirgen/circuit/rv32im/v2/dsl/inst_mem.zir :86:18)));loc(callsite( VerifyOpcodeF3 ( zirgen/circuit/rv32im/v2/dsl/inst.zir :97:18) at  OpLBU ( zirgen/circuit/rv32im/v2/dsl/inst_mem.zir :114:18)));loc(callsite( VerifyOpcodeF3 ( zirgen/circuit/rv32im/v2/dsl/inst.zir :97:18) at  OpLH ( zirgen/circuit/rv32im/v2/dsl/inst_mem.zir :97:18)));loc(callsite( VerifyOpcodeF3 ( zirgen/circuit/rv32im/v2/dsl/inst.zir :97:18) at  OpORI ( zirgen/circuit/rv32im/v2/dsl/inst_misc.zir :137:18)));loc(callsite( VerifyOpcodeF3 ( zirgen/circuit/rv32im/v2/dsl/inst.zir :97:18) at  OpSB ( zirgen/circuit/rv32im/v2/dsl/inst_mem.zir :129:18)));loc(callsite( VerifyOpcodeF3 ( zirgen/circuit/rv32im/v2/dsl/inst.zir :97:18) at  OpSLTI ( zirgen/circuit/rv32im/v2/dsl/inst_misc.zir :147:18)));loc(callsite( VerifyOpcodeF3 ( zirgen/circuit/rv32im/v2/dsl/inst.zir :97:18) at  OpSLTIU ( zirgen/circuit/rv32im/v2/dsl/inst_misc.zir :153:18)));loc(callsite( VerifyOpcodeF3 ( zirgen/circuit/rv32im/v2/dsl/inst.zir :97:18) at  OpXORI ( zirgen/circuit/rv32im/v2/dsl/inst_misc.zir :132:18)));loc(callsite( VerifyOpcodeF3 ( zirgen/circuit/rv32im/v2/dsl/inst.zir :97:18) at callsite( OpADDI ( zirgen/circuit/rv32im/v2/dsl/inst_misc.zir :127:18) at  Misc0 ( zirgen/circuit/rv32im/v2/dsl/inst_misc.zir :40:29))));loc(callsite( VerifyOpcodeF3 ( zirgen/circuit/rv32im/v2/dsl/inst.zir :97:18) at callsite( OpJALR ( zirgen/circuit/rv32im/v2/dsl/inst_misc.zir :202:18) at  Misc2 ( zirgen/circuit/rv32im/v2/dsl/inst_misc.zir :69:29))));loc(callsite( VerifyOpcodeF3 ( zirgen/circuit/rv32im/v2/dsl/inst.zir :97:18) at callsite( OpLHU ( zirgen/circuit/rv32im/v2/dsl/inst_mem.zir :122:18) at  Mem0 ( zirgen/circuit/rv32im/v2/dsl/inst_mem.zir :57:11))));loc(callsite( VerifyOpcodeF3 ( zirgen/circuit/rv32im/v2/dsl/inst.zir :97:18) at callsite( OpLW ( zirgen/circuit/rv32im/v2/dsl/inst_mem.zir :107:18) at  Mem0 ( zirgen/circuit/rv32im/v2/dsl/inst_mem.zir :55:10))));loc(callsite( VerifyOpcodeF3 ( zirgen/circuit/rv32im/v2/dsl/inst.zir :97:18) at callsite( OpSH ( zirgen/circuit/rv32im/v2/dsl/inst_mem.zir :147:18) at  Mem1 ( zirgen/circuit/rv32im/v2/dsl/inst_mem.zir :72:10))));loc(callsite( VerifyOpcodeF3 ( zirgen/circuit/rv32im/v2/dsl/inst.zir :97:18) at callsite( OpSW ( zirgen/circuit/rv32im/v2/dsl/inst_mem.zir :159:18) at  Mem1 ( zirgen/circuit/rv32im/v2/dsl/inst_mem.zir :73:10))));loc(callsite( VerifyOpcodeF3F7 ( zirgen/circuit/rv32im/v2/dsl/inst.zir :102:19) at  OpAND ( zirgen/circuit/rv32im/v2/dsl/inst_misc.zir :110:20)));loc(callsite( VerifyOpcodeF3F7 ( zirgen/circuit/rv32im/v2/dsl/inst.zir :102:19) at  OpMUL ( zirgen/circuit/rv32im/v2/dsl/inst_mul.zir :63:20)));loc(callsite( VerifyOpcodeF3F7 ( zirgen/circuit/rv32im/v2/dsl/inst.zir :102:19) at  OpOR ( zirgen/circuit/rv32im/v2/dsl/inst_misc.zir :105:20)));loc(callsite( VerifyOpcodeF3F7 ( zirgen/circuit/rv32im/v2/dsl/inst.zir :102:19) at  OpSLL ( zirgen/circuit/rv32im/v2/dsl/inst_mul.zir :49:20)));loc(callsite( VerifyOpcodeF3F7 ( zirgen/circuit/rv32im/v2/dsl/inst.zir :102:19) at  OpSLLI ( zirgen/circuit/rv32im/v2/dsl/inst_mul.zir :56:20)));loc(callsite( VerifyOpcodeF3F7 ( zirgen/circuit/rv32im/v2/dsl/inst.zir :102:19) at  OpSLTU ( zirgen/circuit/rv32im/v2/dsl/inst_misc.zir :121:20)));loc(callsite( VerifyOpcodeF3F7 ( zirgen/circuit/rv32im/v2/dsl/inst.zir :102:19) at  OpSRL ( zirgen/circuit/rv32im/v2/dsl/inst_div.zir :134:20)));loc(callsite( VerifyOpcodeF3F7 ( zirgen/circuit/rv32im/v2/dsl/inst.zir :102:19) at  OpSRLI ( zirgen/circuit/rv32im/v2/dsl/inst_div.zir :148:20)));loc(callsite( VerifyOpcodeF3F7 ( zirgen/circuit/rv32im/v2/dsl/inst.zir :102:19) at  OpXOR ( zirgen/circuit/rv32im/v2/dsl/inst_misc.zir :100:20)));loc(callsite( VerifyOpcodeF3F7 ( zirgen/circuit/rv32im/v2/dsl/inst.zir :102:19) at callsite( OpADD ( zirgen/circuit/rv32im/v2/dsl/inst_misc.zir :90:20) at  Misc0 ( zirgen/circuit/rv32im/v2/dsl/inst_misc.zir :33:28))));loc(callsite( VerifyOpcodeF3F7 ( zirgen/circuit/rv32im/v2/dsl/inst.zir :102:19) at callsite( OpSUB ( zirgen/circuit/rv32im/v2/dsl/inst_misc.zir :95:20) at  Misc0 ( zirgen/circuit/rv32im/v2/dsl/inst_misc.zir :34:28))));loc(callsite( VerifyOpcodeF3F7 ( zirgen/circuit/rv32im/v2/dsl/inst.zir :103:18) at  OpAND ( zirgen/circuit/rv32im/v2/dsl/inst_misc.zir :110:20)));loc(callsite( VerifyOpcodeF3F7 ( zirgen/circuit/rv32im/v2/dsl/inst.zir :103:18) at  OpMUL ( zirgen/circuit/rv32im/v2/dsl/inst_mul.zir :63:20)));loc(callsite( VerifyOpcodeF3F7 ( zirgen/circuit/rv32im/v2/dsl/inst.zir :103:18) at  OpMULHSU ( zirgen/circuit/rv32im/v2/dsl/inst_mul.zir :75:20)));loc(callsite( VerifyOpcodeF3F7 ( zirgen/circuit/rv32im/v2/dsl/inst.zir :103:18) at  OpOR ( zirgen/circuit/rv32im/v2/dsl/inst_misc.zir :105:20)));loc(callsite( VerifyOpcodeF3F7 ( zirgen/circuit/rv32im/v2/dsl/inst.zir :103:18) at  OpSLL ( zirgen/circuit/rv32im/v2/dsl/inst_mul.zir :49:20)));loc(callsite( VerifyOpcodeF3F7 ( zirgen/circuit/rv32im/v2/dsl/inst.zir :103:18) at  OpSLLI ( zirgen/circuit/rv32im/v2/dsl/inst_mul.zir :56:20)));loc(callsite( VerifyOpcodeF3F7 ( zirgen/circuit/rv32im/v2/dsl/inst.zir :103:18) at  OpSLT ( zirgen/circuit/rv32im/v2/dsl/inst_misc.zir :115:20)));loc(callsite( VerifyOpcodeF3F7 ( zirgen/circuit/rv32im/v2/dsl/inst.zir :103:18) at  OpSLTU ( zirgen/circuit/rv32im/v2/dsl/inst_misc.zir :121:20)));loc(callsite( VerifyOpcodeF3F7 ( zirgen/circuit/rv32im/v2/dsl/inst.zir :103:18) at  OpSRL ( zirgen/circuit/rv32im/v2/dsl/inst_div.zir :134:20)));loc(callsite( VerifyOpcodeF3F7 ( zirgen/circuit/rv32im/v2/dsl/inst.zir :103:18) at  OpSRLI ( zirgen/circuit/rv32im/v2/dsl/inst_div.zir :148:20)));loc(callsite( VerifyOpcodeF3F7 ( zirgen/circuit/rv32im/v2/dsl/inst.zir :103:18) at  OpXOR ( zirgen/circuit/rv32im/v2/dsl/inst_misc.zir :100:20)));loc(callsite( VerifyOpcodeF3F7 ( zirgen/circuit/rv32im/v2/dsl/inst.zir :103:18) at callsite( OpADD ( zirgen/circuit/rv32im/v2/dsl/inst_misc.zir :90:20) at  Misc0 ( zirgen/circuit/rv32im/v2/dsl/inst_misc.zir :33:28))));loc(callsite( VerifyOpcodeF3F7 ( zirgen/circuit/rv32im/v2/dsl/inst.zir :103:18) at callsite( OpSUB ( zirgen/circuit/rv32im/v2/dsl/inst_misc.zir :95:20) at  Misc0 ( zirgen/circuit/rv32im/v2/dsl/inst_misc.zir :34:28))));loc(callsite( VerifyOpcodeF3F7 ( zirgen/circuit/rv32im/v2/dsl/inst.zir :104:18) at  OpAND ( zirgen/circuit/rv32im/v2/dsl/inst_misc.zir :110:20)));loc(callsite( VerifyOpcodeF3F7 ( zirgen/circuit/rv32im/v2/dsl/inst.zir :104:18) at  OpMUL ( zirgen/circuit/rv32im/v2/dsl/inst_mul.zir :63:20)));loc(callsite( VerifyOpcodeF3F7 ( zirgen/circuit/rv32im/v2/dsl/inst.zir :104:18) at  OpOR ( zirgen/circuit/rv32im/v2/dsl/inst_misc.zir :105:20)));loc(callsite( VerifyOpcodeF3F7 ( zirgen/circuit/rv32im/v2/dsl/inst.zir :104:18) at  OpREM ( zirgen/circuit/rv32im/v2/dsl/inst_div.zir :172:20)));loc(callsite( VerifyOpcodeF3F7 ( zirgen/circuit/rv32im/v2/dsl/inst.zir :104:18) at  OpREMU ( zirgen/circuit/rv32im/v2/dsl/inst_div.zir :177:20)));loc(callsite( VerifyOpcodeF3F7 ( zirgen/circuit/rv32im/v2/dsl/inst.zir :104:18) at  OpSLLI ( zirgen/circuit/rv32im/v2/dsl/inst_mul.zir :56:20)));loc(callsite( VerifyOpcodeF3F7 ( zirgen/circuit/rv32im/v2/dsl/inst.zir :104:18) at  OpSLTU ( zirgen/circuit/rv32im/v2/dsl/inst_misc.zir :121:20)));loc(callsite( VerifyOpcodeF3F7 ( zirgen/circuit/rv32im/v2/dsl/inst.zir :104:18) at  OpSRLI ( zirgen/circuit/rv32im/v2/dsl/inst_div.zir :148:20)));loc(callsite( VerifyOpcodeF3F7 ( zirgen/circuit/rv32im/v2/dsl/inst.zir :104:18) at  OpXOR ( zirgen/circuit/rv32im/v2/dsl/inst_misc.zir :100:20)));loc(callsite( VerifyOpcodeF3F7 ( zirgen/circuit/rv32im/v2/dsl/inst.zir :104:18) at callsite( OpADD ( zirgen/circuit/rv32im/v2/dsl/inst_misc.zir :90:20) at  Misc0 ( zirgen/circuit/rv32im/v2/dsl/inst_misc.zir :33:28))));loc(callsite( VerifyOpcodeF3F7 ( zirgen/circuit/rv32im/v2/dsl/inst.zir :104:18) at callsite( OpSUB ( zirgen/circuit/rv32im/v2/dsl/inst_misc.zir :95:20) at  Misc0 ( zirgen/circuit/rv32im/v2/dsl/inst_misc.zir :34:28)))),6000,125,False
V6,arguzz,1240,/root/arguzz/a4/runs/iv_pos_7/dbs/pos_iv_pos_7_v6_b3_arguzz_seed1240_n6000/pos_iv_pos_7_v6_b3_arguzz_seed1240_n6000.db,109,,584738.5,46.0,51.0,61.0,True,397,,,3.1641033546168815,1.925498293071151,109,AddrDecompose(zirgen/circuit/rv32im/v2/dsl/u32.zir:67);AddrDecomposeBits(zirgen/circuit/rv32im/v2/dsl/u32.zir:87);ControlMRET(zirgen/circuit/rv32im/v2/dsl/inst_control.zir:89);ControlMRET(zirgen/circuit/rv32im/v2/dsl/inst_control.zir:91);ControlMRET(zirgen/circuit/rv32im/v2/dsl/inst_control.zir:92);ControlUserECALL(zirgen/circuit/rv32im/v2/dsl/inst_control.zir:75);ControlUserECALL(zirgen/circuit/rv32im/v2/dsl/inst_control.zir:77);ControlUserECALL(zirgen/circuit/rv32im/v2/dsl/inst_control.zir:78);DecodeInst(zirgen/circuit/rv32im/v2/dsl/inst.zir:29);ECall0(zirgen/circuit/rv32im/v2/dsl/inst_ecall.zir:203);ECallHostReadSetup(zirgen/circuit/rv32im/v2/dsl/inst_ecall.zir:70);ECallTerminate(zirgen/circuit/rv32im/v2/dsl/inst_ecall.zir:46);MachineECall(zirgen/circuit/rv32im/v2/dsl/inst_ecall.zir:28);MachineECall(zirgen/circuit/rv32im/v2/dsl/inst_ecall.zir:29);MachineECall(zirgen/circuit/rv32im/v2/dsl/inst_ecall.zir:32);MemoryWrite(zirgen/circuit/rv32im/v2/dsl/mem.zir:100);MemoryWrite(zirgen/circuit/rv32im/v2/dsl/mem.zir:99);OneHot(zirgen/circuit/rv32im/v2/dsl/one_hot.zir:11);OneHot(zirgen/circuit/rv32im/v2/dsl/one_hot.zir:9);OpLH(zirgen/circuit/rv32im/v2/dsl/inst_mem.zir:98);PoseidonEcall(zirgen/circuit/rv32im/v2/dsl/inst_p2.zir:96);Sha0(zirgen/circuit/rv32im/v2/dsl/inst_sha.zir:226);loc(callsite( IsRead ( zirgen/circuit/rv32im/v2/dsl/mem.zir :79:22) at  MemoryRead ( zirgen/circuit/rv32im/v2/dsl/mem.zir :90:10)));loc(callsite( IsRead ( zirgen/circuit/rv32im/v2/dsl/mem.zir :80:23) at  MemoryRead ( zirgen/circuit/rv32im/v2/dsl/mem.zir :90:10)));loc(callsite( OpLHU ( zirgen/circuit/rv32im/v2/dsl/inst_mem.zir :123:20) at  Mem0 ( zirgen/circuit/rv32im/v2/dsl/inst_mem.zir :57:11)));loc(callsite( OpLW ( zirgen/circuit/rv32im/v2/dsl/inst_mem.zir :108:20) at  Mem0 ( zirgen/circuit/rv32im/v2/dsl/inst_mem.zir :55:10)));loc(callsite( OpLW ( zirgen/circuit/rv32im/v2/dsl/inst_mem.zir :109:20) at  Mem0 ( zirgen/circuit/rv32im/v2/dsl/inst_mem.zir :55:10)));loc(callsite( OpSH ( zirgen/circuit/rv32im/v2/dsl/inst_mem.zir :148:20) at  Mem1 ( zirgen/circuit/rv32im/v2/dsl/inst_mem.zir :72:10)));loc(callsite( OpSW ( zirgen/circuit/rv32im/v2/dsl/inst_mem.zir :160:20) at  Mem1 ( zirgen/circuit/rv32im/v2/dsl/inst_mem.zir :73:10)));loc(callsite( OpSW ( zirgen/circuit/rv32im/v2/dsl/inst_mem.zir :161:20) at  Mem1 ( zirgen/circuit/rv32im/v2/dsl/inst_mem.zir :73:10)));loc(callsite( VerifyOpcode ( zirgen/circuit/rv32im/v2/dsl/inst.zir :91:19) at callsite( OpAUIPC ( zirgen/circuit/rv32im/v2/dsl/inst_misc.zir :214:16) at  Misc2 ( zirgen/circuit/rv32im/v2/dsl/inst_misc.zir :71:30))));loc(callsite( VerifyOpcode ( zirgen/circuit/rv32im/v2/dsl/inst.zir :91:19) at callsite( OpJAL ( zirgen/circuit/rv32im/v2/dsl/inst_misc.zir :195:16) at  Misc2 ( zirgen/circuit/rv32im/v2/dsl/inst_misc.zir :68:28))));loc(callsite( VerifyOpcode ( zirgen/circuit/rv32im/v2/dsl/inst.zir :91:19) at callsite( OpLUI ( zirgen/circuit/rv32im/v2/dsl/inst_misc.zir :209:16) at  Misc2 ( zirgen/circuit/rv32im/v2/dsl/inst_misc.zir :70:28))));loc(callsite( VerifyOpcodeF3 ( zirgen/circuit/rv32im/v2/dsl/inst.zir :96:19) at  OpANDI ( zirgen/circuit/rv32im/v2/dsl/inst_misc.zir :142:18)));loc(callsite( VerifyOpcodeF3 ( zirgen/circuit/rv32im/v2/dsl/inst.zir :96:19) at  OpBEQ ( zirgen/circuit/rv32im/v2/dsl/inst_misc.zir :159:18)));loc(callsite( VerifyOpcodeF3 ( zirgen/circuit/rv32im/v2/dsl/inst.zir :96:19) at  OpBGE ( zirgen/circuit/rv32im/v2/dsl/inst_misc.zir :177:18)));loc(callsite( VerifyOpcodeF3 ( zirgen/circuit/rv32im/v2/dsl/inst.zir :96:19) at  OpBGEU ( zirgen/circuit/rv32im/v2/dsl/inst_misc.zir :189:18)));loc(callsite( VerifyOpcodeF3 ( zirgen/circuit/rv32im/v2/dsl/inst.zir :96:19) at  OpBLT ( zirgen/circuit/rv32im/v2/dsl/inst_misc.zir :171:18)));loc(callsite( VerifyOpcodeF3 ( zirgen/circuit/rv32im/v2/dsl/inst.zir :96:19) at  OpBLTU ( zirgen/circuit/rv32im/v2/dsl/inst_misc.zir :183:18)));loc(callsite( VerifyOpcodeF3 ( zirgen/circuit/rv32im/v2/dsl/inst.zir :96:19) at  OpBNE ( zirgen/circuit/rv32im/v2/dsl/inst_misc.zir :165:18)));loc(callsite( VerifyOpcodeF3 ( zirgen/circuit/rv32im/v2/dsl/inst.zir :96:19) at  OpLB ( zirgen/circuit/rv32im/v2/dsl/inst_mem.zir :86:18)));loc(callsite( VerifyOpcodeF3 ( zirgen/circuit/rv32im/v2/dsl/inst.zir :96:19) at  OpLBU ( zirgen/circuit/rv32im/v2/dsl/inst_mem.zir :114:18)));loc(callsite( VerifyOpcodeF3 ( zirgen/circuit/rv32im/v2/dsl/inst.zir :96:19) at  OpLH ( zirgen/circuit/rv32im/v2/dsl/inst_mem.zir :97:18)));loc(callsite( VerifyOpcodeF3 ( zirgen/circuit/rv32im/v2/dsl/inst.zir :96:19) at  OpORI ( zirgen/circuit/rv32im/v2/dsl/inst_misc.zir :137:18)));loc(callsite( VerifyOpcodeF3 ( zirgen/circuit/rv32im/v2/dsl/inst.zir :96:19) at  OpSB ( zirgen/circuit/rv32im/v2/dsl/inst_mem.zir :129:18)));loc(callsite( VerifyOpcodeF3 ( zirgen/circuit/rv32im/v2/dsl/inst.zir :96:19) at  OpSLTI ( zirgen/circuit/rv32im/v2/dsl/inst_misc.zir :147:18)));loc(callsite( VerifyOpcodeF3 ( zirgen/circuit/rv32im/v2/dsl/inst.zir :96:19) at  OpSLTIU ( zirgen/circuit/rv32im/v2/dsl/inst_misc.zir :153:18)));loc(callsite( VerifyOpcodeF3 ( zirgen/circuit/rv32im/v2/dsl/inst.zir :96:19) at  OpXORI ( zirgen/circuit/rv32im/v2/dsl/inst_misc.zir :132:18)));loc(callsite( VerifyOpcodeF3 ( zirgen/circuit/rv32im/v2/dsl/inst.zir :96:19) at callsite( OpADDI ( zirgen/circuit/rv32im/v2/dsl/inst_misc.zir :127:18) at  Misc0 ( zirgen/circuit/rv32im/v2/dsl/inst_misc.zir :40:29))));loc(callsite( VerifyOpcodeF3 ( zirgen/circuit/rv32im/v2/dsl/inst.zir :96:19) at callsite( OpJALR ( zirgen/circuit/rv32im/v2/dsl/inst_misc.zir :202:18) at  Misc2 ( zirgen/circuit/rv32im/v2/dsl/inst_misc.zir :69:29))));loc(callsite( VerifyOpcodeF3 ( zirgen/circuit/rv32im/v2/dsl/inst.zir :96:19) at callsite( OpLHU ( zirgen/circuit/rv32im/v2/dsl/inst_mem.zir :122:18) at  Mem0 ( zirgen/circuit/rv32im/v2/dsl/inst_mem.zir :57:11))));loc(callsite( VerifyOpcodeF3 ( zirgen/circuit/rv32im/v2/dsl/inst.zir :96:19) at callsite( OpLW ( zirgen/circuit/rv32im/v2/dsl/inst_mem.zir :107:18) at  Mem0 ( zirgen/circuit/rv32im/v2/dsl/inst_mem.zir :55:10))));loc(callsite( VerifyOpcodeF3 ( zirgen/circuit/rv32im/v2/dsl/inst.zir :96:19) at callsite( OpSH ( zirgen/circuit/rv32im/v2/dsl/inst_mem.zir :147:18) at  Mem1 ( zirgen/circuit/rv32im/v2/dsl/inst_mem.zir :72:10))));loc(callsite( VerifyOpcodeF3 ( zirgen/circuit/rv32im/v2/dsl/inst.zir :96:19) at callsite( OpSW ( zirgen/circuit/rv32im/v2/dsl/inst_mem.zir :159:18) at  Mem1 ( zirgen/circuit/rv32im/v2/dsl/inst_mem.zir :73:10))));loc(callsite( VerifyOpcodeF3 ( zirgen/circuit/rv32im/v2/dsl/inst.zir :97:18) at  OpANDI ( zirgen/circuit/rv32im/v2/dsl/inst_misc.zir :142:18)));loc(callsite( VerifyOpcodeF3 ( zirgen/circuit/rv32im/v2/dsl/inst.zir :97:18) at  OpBEQ ( zirgen/circuit/rv32im/v2/dsl/inst_misc.zir :159:18)));loc(callsite( VerifyOpcodeF3 ( zirgen/circuit/rv32im/v2/dsl/inst.zir :97:18) at  OpBGE ( zirgen/circuit/rv32im/v2/dsl/inst_misc.zir :177:18)));loc(callsite( VerifyOpcodeF3 ( zirgen/circuit/rv32im/v2/dsl/inst.zir :97:18) at  OpBGEU ( zirgen/circuit/rv32im/v2/dsl/inst_misc.zir :189:18)));loc(callsite( VerifyOpcodeF3 ( zirgen/circuit/rv32im/v2/dsl/inst.zir :97:18) at  OpBLT ( zirgen/circuit/rv32im/v2/dsl/inst_misc.zir :171:18)));loc(callsite( VerifyOpcodeF3 ( zirgen/circuit/rv32im/v2/dsl/inst.zir :97:18) at  OpBLTU ( zirgen/circuit/rv32im/v2/dsl/inst_misc.zir :183:18)));loc(callsite( VerifyOpcodeF3 ( zirgen/circuit/rv32im/v2/dsl/inst.zir :97:18) at  OpBNE ( zirgen/circuit/rv32im/v2/dsl/inst_misc.zir :165:18)));loc(callsite( VerifyOpcodeF3 ( zirgen/circuit/rv32im/v2/dsl/inst.zir :97:18) at  OpLB ( zirgen/circuit/rv32im/v2/dsl/inst_mem.zir :86:18)));loc(callsite( VerifyOpcodeF3 ( zirgen/circuit/rv32im/v2/dsl/inst.zir :97:18) at  OpLBU ( zirgen/circuit/rv32im/v2/dsl/inst_mem.zir :114:18)));loc(callsite( VerifyOpcodeF3 ( zirgen/circuit/rv32im/v2/dsl/inst.zir :97:18) at  OpORI ( zirgen/circuit/rv32im/v2/dsl/inst_misc.zir :137:18)));loc(callsite( VerifyOpcodeF3 ( zirgen/circuit/rv32im/v2/dsl/inst.zir :97:18) at  OpSB ( zirgen/circuit/rv32im/v2/dsl/inst_mem.zir :129:18)));loc(callsite( VerifyOpcodeF3 ( zirgen/circuit/rv32im/v2/dsl/inst.zir :97:18) at  OpSLTI ( zirgen/circuit/rv32im/v2/dsl/inst_misc.zir :147:18)));loc(callsite( VerifyOpcodeF3 ( zirgen/circuit/rv32im/v2/dsl/inst.zir :97:18) at  OpSLTIU ( zirgen/circuit/rv32im/v2/dsl/inst_misc.zir :153:18)));loc(callsite( VerifyOpcodeF3 ( zirgen/circuit/rv32im/v2/dsl/inst.zir :97:18) at  OpXORI ( zirgen/circuit/rv32im/v2/dsl/inst_misc.zir :132:18)));loc(callsite( VerifyOpcodeF3 ( zirgen/circuit/rv32im/v2/dsl/inst.zir :97:18) at callsite( OpADDI ( zirgen/circuit/rv32im/v2/dsl/inst_misc.zir :127:18) at  Misc0 ( zirgen/circuit/rv32im/v2/dsl/inst_misc.zir :40:29))));loc(callsite( VerifyOpcodeF3 ( zirgen/circuit/rv32im/v2/dsl/inst.zir :97:18) at callsite( OpJALR ( zirgen/circuit/rv32im/v2/dsl/inst_misc.zir :202:18) at  Misc2 ( zirgen/circuit/rv32im/v2/dsl/inst_misc.zir :69:29))));loc(callsite( VerifyOpcodeF3 ( zirgen/circuit/rv32im/v2/dsl/inst.zir :97:18) at callsite( OpLHU ( zirgen/circuit/rv32im/v2/dsl/inst_mem.zir :122:18) at  Mem0 ( zirgen/circuit/rv32im/v2/dsl/inst_mem.zir :57:11))));loc(callsite( VerifyOpcodeF3 ( zirgen/circuit/rv32im/v2/dsl/inst.zir :97:18) at callsite( OpLW ( zirgen/circuit/rv32im/v2/dsl/inst_mem.zir :107:18) at  Mem0 ( zirgen/circuit/rv32im/v2/dsl/inst_mem.zir :55:10))));loc(callsite( VerifyOpcodeF3 ( zirgen/circuit/rv32im/v2/dsl/inst.zir :97:18) at callsite( OpSH ( zirgen/circuit/rv32im/v2/dsl/inst_mem.zir :147:18) at  Mem1 ( zirgen/circuit/rv32im/v2/dsl/inst_mem.zir :72:10))));loc(callsite( VerifyOpcodeF3 ( zirgen/circuit/rv32im/v2/dsl/inst.zir :97:18) at callsite( OpSW ( zirgen/circuit/rv32im/v2/dsl/inst_mem.zir :159:18) at  Mem1 ( zirgen/circuit/rv32im/v2/dsl/inst_mem.zir :73:10))));loc(callsite( VerifyOpcodeF3F7 ( zirgen/circuit/rv32im/v2/dsl/inst.zir :102:19) at  OpAND ( zirgen/circuit/rv32im/v2/dsl/inst_misc.zir :110:20)));loc(callsite( VerifyOpcodeF3F7 ( zirgen/circuit/rv32im/v2/dsl/inst.zir :102:19) at  OpMUL ( zirgen/circuit/rv32im/v2/dsl/inst_mul.zir :63:20)));loc(callsite( VerifyOpcodeF3F7 ( zirgen/circuit/rv32im/v2/dsl/inst.zir :102:19) at  OpOR ( zirgen/circuit/rv32im/v2/dsl/inst_misc.zir :105:20)));loc(callsite( VerifyOpcodeF3F7 ( zirgen/circuit/rv32im/v2/dsl/inst.zir :102:19) at  OpSLLI ( zirgen/circuit/rv32im/v2/dsl/inst_mul.zir :56:20)));loc(callsite( VerifyOpcodeF3F7 ( zirgen/circuit/rv32im/v2/dsl/inst.zir :102:19) at  OpSLTU ( zirgen/circuit/rv32im/v2/dsl/inst_misc.zir :121:20)));loc(callsite( VerifyOpcodeF3F7 ( zirgen/circuit/rv32im/v2/dsl/inst.zir :102:19) at  OpSRLI ( zirgen/circuit/rv32im/v2/dsl/inst_div.zir :148:20)));loc(callsite( VerifyOpcodeF3F7 ( zirgen/circuit/rv32im/v2/dsl/inst.zir :102:19) at  OpXOR ( zirgen/circuit/rv32im/v2/dsl/inst_misc.zir :100:20)));loc(callsite( VerifyOpcodeF3F7 ( zirgen/circuit/rv32im/v2/dsl/inst.zir :102:19) at callsite( OpADD ( zirgen/circuit/rv32im/v2/dsl/inst_misc.zir :90:20) at  Misc0 ( zirgen/circuit/rv32im/v2/dsl/inst_misc.zir :33:28))));loc(callsite( VerifyOpcodeF3F7 ( zirgen/circuit/rv32im/v2/dsl/inst.zir :102:19) at callsite( OpSUB ( zirgen/circuit/rv32im/v2/dsl/inst_misc.zir :95:20) at  Misc0 ( zirgen/circuit/rv32im/v2/dsl/inst_misc.zir :34:28))));loc(callsite( VerifyOpcodeF3F7 ( zirgen/circuit/rv32im/v2/dsl/inst.zir :103:18) at  OpAND ( zirgen/circuit/rv32im/v2/dsl/inst_misc.zir :110:20)));loc(callsite( VerifyOpcodeF3F7 ( zirgen/circuit/rv32im/v2/dsl/inst.zir :103:18) at  OpDIV ( zirgen/circuit/rv32im/v2/dsl/inst_div.zir :162:20)));loc(callsite( VerifyOpcodeF3F7 ( zirgen/circuit/rv32im/v2/dsl/inst.zir :103:18) at  OpMUL ( zirgen/circuit/rv32im/v2/dsl/inst_mul.zir :63:20)));loc(callsite( VerifyOpcodeF3F7 ( zirgen/circuit/rv32im/v2/dsl/inst.zir :103:18) at  OpMULH ( zirgen/circuit/rv32im/v2/dsl/inst_mul.zir :69:20)));loc(callsite( VerifyOpcodeF3F7 ( zirgen/circuit/rv32im/v2/dsl/inst.zir :103:18) at  OpOR ( zirgen/circuit/rv32im/v2/dsl/inst_misc.zir :105:20)));loc(callsite( VerifyOpcodeF3F7 ( zirgen/circuit/rv32im/v2/dsl/inst.zir :103:18) at  OpSLL ( zirgen/circuit/rv32im/v2/dsl/inst_mul.zir :49:20)));loc(callsite( VerifyOpcodeF3F7 ( zirgen/circuit/rv32im/v2/dsl/inst.zir :103:18) at  OpSLLI ( zirgen/circuit/rv32im/v2/dsl/inst_mul.zir :56:20)));loc(callsite( VerifyOpcodeF3F7 ( zirgen/circuit/rv32im/v2/dsl/inst.zir :103:18) at  OpSLT ( zirgen/circuit/rv32im/v2/dsl/inst_misc.zir :115:20)));loc(callsite( VerifyOpcodeF3F7 ( zirgen/circuit/rv32im/v2/dsl/inst.zir :103:18) at  OpSLTU ( zirgen/circuit/rv32im/v2/dsl/inst_misc.zir :121:20)));loc(callsite( VerifyOpcodeF3F7 ( zirgen/circuit/rv32im/v2/dsl/inst.zir :103:18) at  OpSRL ( zirgen/circuit/rv32im/v2/dsl/inst_div.zir :134:20)));loc(callsite( VerifyOpcodeF3F7 ( zirgen/circuit/rv32im/v2/dsl/inst.zir :103:18) at  OpSRLI ( zirgen/circuit/rv32im/v2/dsl/inst_div.zir :148:20)));loc(callsite( VerifyOpcodeF3F7 ( zirgen/circuit/rv32im/v2/dsl/inst.zir :103:18) at  OpXOR ( zirgen/circuit/rv32im/v2/dsl/inst_misc.zir :100:20)));loc(callsite( VerifyOpcodeF3F7 ( zirgen/circuit/rv32im/v2/dsl/inst.zir :103:18) at callsite( OpADD ( zirgen/circuit/rv32im/v2/dsl/inst_misc.zir :90:20) at  Misc0 ( zirgen/circuit/rv32im/v2/dsl/inst_misc.zir :33:28))));loc(callsite( VerifyOpcodeF3F7 ( zirgen/circuit/rv32im/v2/dsl/inst.zir :103:18) at callsite( OpSUB ( zirgen/circuit/rv32im/v2/dsl/inst_misc.zir :95:20) at  Misc0 ( zirgen/circuit/rv32im/v2/dsl/inst_misc.zir :34:28))));loc(callsite( VerifyOpcodeF3F7 ( zirgen/circuit/rv32im/v2/dsl/inst.zir :104:18) at  OpAND ( zirgen/circuit/rv32im/v2/dsl/inst_misc.zir :110:20)));loc(callsite( VerifyOpcodeF3F7 ( zirgen/circuit/rv32im/v2/dsl/inst.zir :104:18) at  OpDIV ( zirgen/circuit/rv32im/v2/dsl/inst_div.zir :162:20)));loc(callsite( VerifyOpcodeF3F7 ( zirgen/circuit/rv32im/v2/dsl/inst.zir :104:18) at  OpMUL ( zirgen/circuit/rv32im/v2/dsl/inst_mul.zir :63:20)));loc(callsite( VerifyOpcodeF3F7 ( zirgen/circuit/rv32im/v2/dsl/inst.zir :104:18) at  OpOR ( zirgen/circuit/rv32im/v2/dsl/inst_misc.zir :105:20)));loc(callsite( VerifyOpcodeF3F7 ( zirgen/circuit/rv32im/v2/dsl/inst.zir :104:18) at  OpREM ( zirgen/circuit/rv32im/v2/dsl/inst_div.zir :172:20)));loc(callsite( VerifyOpcodeF3F7 ( zirgen/circuit/rv32im/v2/dsl/inst.zir :104:18) at  OpREMU ( zirgen/circuit/rv32im/v2/dsl/inst_div.zir :177:20)));loc(callsite( VerifyOpcodeF3F7 ( zirgen/circuit/rv32im/v2/dsl/inst.zir :104:18) at  OpSLLI ( zirgen/circuit/rv32im/v2/dsl/inst_mul.zir :56:20)));loc(callsite( VerifyOpcodeF3F7 ( zirgen/circuit/rv32im/v2/dsl/inst.zir :104:18) at  OpSLTU ( zirgen/circuit/rv32im/v2/dsl/inst_misc.zir :121:20)));loc(callsite( VerifyOpcodeF3F7 ( zirgen/circuit/rv32im/v2/dsl/inst.zir :104:18) at  OpSRLI ( zirgen/circuit/rv32im/v2/dsl/inst_div.zir :148:20)));loc(callsite( VerifyOpcodeF3F7 ( zirgen/circuit/rv32im/v2/dsl/inst.zir :104:18) at  OpXOR ( zirgen/circuit/rv32im/v2/dsl/inst_misc.zir :100:20)));loc(callsite( VerifyOpcodeF3F7 ( zirgen/circuit/rv32im/v2/dsl/inst.zir :104:18) at callsite( OpADD ( zirgen/circuit/rv32im/v2/dsl/inst_misc.zir :90:20) at  Misc0 ( zirgen/circuit/rv32im/v2/dsl/inst_misc.zir :33:28))));loc(callsite( VerifyOpcodeF3F7 ( zirgen/circuit/rv32im/v2/dsl/inst.zir :104:18) at callsite( OpSUB ( zirgen/circuit/rv32im/v2/dsl/inst_misc.zir :95:20) at  Misc0 ( zirgen/circuit/rv32im/v2/dsl/inst_misc.zir :34:28)))),6000,125,False
V6,arguzz,1241,/root/arguzz/a4/runs/iv_pos_7/dbs/pos_iv_pos_7_v6_b3_arguzz_seed1241_n6000/pos_iv_pos_7_v6_b3_arguzz_seed1241_n6000.db,106,,578414.0,41.0,42.0,47.0,True,400,,,3.1701420105596085,1.9416025359437923,106,AddrDecompose(zirgen/circuit/rv32im/v2/dsl/u32.zir:67);AddrDecomposeBits(zirgen/circuit/rv32im/v2/dsl/u32.zir:87);ControlMRET(zirgen/circuit/rv32im/v2/dsl/inst_control.zir:89);ControlMRET(zirgen/circuit/rv32im/v2/dsl/inst_control.zir:91);ControlMRET(zirgen/circuit/rv32im/v2/dsl/inst_control.zir:92);ControlUserECALL(zirgen/circuit/rv32im/v2/dsl/inst_control.zir:75);ControlUserECALL(zirgen/circuit/rv32im/v2/dsl/inst_control.zir:77);ControlUserECALL(zirgen/circuit/rv32im/v2/dsl/inst_control.zir:78);DecodeInst(zirgen/circuit/rv32im/v2/dsl/inst.zir:29);ECall0(zirgen/circuit/rv32im/v2/dsl/inst_ecall.zir:203);ECallHostReadSetup(zirgen/circuit/rv32im/v2/dsl/inst_ecall.zir:70);MachineECall(zirgen/circuit/rv32im/v2/dsl/inst_ecall.zir:28);MachineECall(zirgen/circuit/rv32im/v2/dsl/inst_ecall.zir:29);MachineECall(zirgen/circuit/rv32im/v2/dsl/inst_ecall.zir:32);MemoryWrite(zirgen/circuit/rv32im/v2/dsl/mem.zir:100);MemoryWrite(zirgen/circuit/rv32im/v2/dsl/mem.zir:99);OneHot(zirgen/circuit/rv32im/v2/dsl/one_hot.zir:11);OneHot(zirgen/circuit/rv32im/v2/dsl/one_hot.zir:9);Sha0(zirgen/circuit/rv32im/v2/dsl/inst_sha.zir:226);loc(callsite( IsRead ( zirgen/circuit/rv32im/v2/dsl/mem.zir :79:22) at  MemoryRead ( zirgen/circuit/rv32im/v2/dsl/mem.zir :90:10)));loc(callsite( IsRead ( zirgen/circuit/rv32im/v2/dsl/mem.zir :80:23) at  MemoryRead ( zirgen/circuit/rv32im/v2/dsl/mem.zir :90:10)));loc(callsite( OpLHU ( zirgen/circuit/rv32im/v2/dsl/inst_mem.zir :123:20) at  Mem0 ( zirgen/circuit/rv32im/v2/dsl/inst_mem.zir :57:11)));loc(callsite( OpLW ( zirgen/circuit/rv32im/v2/dsl/inst_mem.zir :108:20) at  Mem0 ( zirgen/circuit/rv32im/v2/dsl/inst_mem.zir :55:10)));loc(callsite( OpLW ( zirgen/circuit/rv32im/v2/dsl/inst_mem.zir :109:20) at  Mem0 ( zirgen/circuit/rv32im/v2/dsl/inst_mem.zir :55:10)));loc(callsite( OpSH ( zirgen/circuit/rv32im/v2/dsl/inst_mem.zir :148:20) at  Mem1 ( zirgen/circuit/rv32im/v2/dsl/inst_mem.zir :72:10)));loc(callsite( OpSW ( zirgen/circuit/rv32im/v2/dsl/inst_mem.zir :160:20) at  Mem1 ( zirgen/circuit/rv32im/v2/dsl/inst_mem.zir :73:10)));loc(callsite( OpSW ( zirgen/circuit/rv32im/v2/dsl/inst_mem.zir :161:20) at  Mem1 ( zirgen/circuit/rv32im/v2/dsl/inst_mem.zir :73:10)));loc(callsite( VerifyOpcode ( zirgen/circuit/rv32im/v2/dsl/inst.zir :91:19) at callsite( OpAUIPC ( zirgen/circuit/rv32im/v2/dsl/inst_misc.zir :214:16) at  Misc2 ( zirgen/circuit/rv32im/v2/dsl/inst_misc.zir :71:30))));loc(callsite( VerifyOpcode ( zirgen/circuit/rv32im/v2/dsl/inst.zir :91:19) at callsite( OpJAL ( zirgen/circuit/rv32im/v2/dsl/inst_misc.zir :195:16) at  Misc2 ( zirgen/circuit/rv32im/v2/dsl/inst_misc.zir :68:28))));loc(callsite( VerifyOpcode ( zirgen/circuit/rv32im/v2/dsl/inst.zir :91:19) at callsite( OpLUI ( zirgen/circuit/rv32im/v2/dsl/inst_misc.zir :209:16) at  Misc2 ( zirgen/circuit/rv32im/v2/dsl/inst_misc.zir :70:28))));loc(callsite( VerifyOpcodeF3 ( zirgen/circuit/rv32im/v2/dsl/inst.zir :96:19) at  OpANDI ( zirgen/circuit/rv32im/v2/dsl/inst_misc.zir :142:18)));loc(callsite( VerifyOpcodeF3 ( zirgen/circuit/rv32im/v2/dsl/inst.zir :96:19) at  OpBEQ ( zirgen/circuit/rv32im/v2/dsl/inst_misc.zir :159:18)));loc(callsite( VerifyOpcodeF3 ( zirgen/circuit/rv32im/v2/dsl/inst.zir :96:19) at  OpBGE ( zirgen/circuit/rv32im/v2/dsl/inst_misc.zir :177:18)));loc(callsite( VerifyOpcodeF3 ( zirgen/circuit/rv32im/v2/dsl/inst.zir :96:19) at  OpBGEU ( zirgen/circuit/rv32im/v2/dsl/inst_misc.zir :189:18)));loc(callsite( VerifyOpcodeF3 ( zirgen/circuit/rv32im/v2/dsl/inst.zir :96:19) at  OpBLT ( zirgen/circuit/rv32im/v2/dsl/inst_misc.zir :171:18)));loc(callsite( VerifyOpcodeF3 ( zirgen/circuit/rv32im/v2/dsl/inst.zir :96:19) at  OpBLTU ( zirgen/circuit/rv32im/v2/dsl/inst_misc.zir :183:18)));loc(callsite( VerifyOpcodeF3 ( zirgen/circuit/rv32im/v2/dsl/inst.zir :96:19) at  OpBNE ( zirgen/circuit/rv32im/v2/dsl/inst_misc.zir :165:18)));loc(callsite( VerifyOpcodeF3 ( zirgen/circuit/rv32im/v2/dsl/inst.zir :96:19) at  OpLB ( zirgen/circuit/rv32im/v2/dsl/inst_mem.zir :86:18)));loc(callsite( VerifyOpcodeF3 ( zirgen/circuit/rv32im/v2/dsl/inst.zir :96:19) at  OpLBU ( zirgen/circuit/rv32im/v2/dsl/inst_mem.zir :114:18)));loc(callsite( VerifyOpcodeF3 ( zirgen/circuit/rv32im/v2/dsl/inst.zir :96:19) at  OpLH ( zirgen/circuit/rv32im/v2/dsl/inst_mem.zir :97:18)));loc(callsite( VerifyOpcodeF3 ( zirgen/circuit/rv32im/v2/dsl/inst.zir :96:19) at  OpORI ( zirgen/circuit/rv32im/v2/dsl/inst_misc.zir :137:18)));loc(callsite( VerifyOpcodeF3 ( zirgen/circuit/rv32im/v2/dsl/inst.zir :96:19) at  OpSB ( zirgen/circuit/rv32im/v2/dsl/inst_mem.zir :129:18)));loc(callsite( VerifyOpcodeF3 ( zirgen/circuit/rv32im/v2/dsl/inst.zir :96:19) at  OpSLTI ( zirgen/circuit/rv32im/v2/dsl/inst_misc.zir :147:18)));loc(callsite( VerifyOpcodeF3 ( zirgen/circuit/rv32im/v2/dsl/inst.zir :96:19) at  OpSLTIU ( zirgen/circuit/rv32im/v2/dsl/inst_misc.zir :153:18)));loc(callsite( VerifyOpcodeF3 ( zirgen/circuit/rv32im/v2/dsl/inst.zir :96:19) at  OpXORI ( zirgen/circuit/rv32im/v2/dsl/inst_misc.zir :132:18)));loc(callsite( VerifyOpcodeF3 ( zirgen/circuit/rv32im/v2/dsl/inst.zir :96:19) at callsite( OpADDI ( zirgen/circuit/rv32im/v2/dsl/inst_misc.zir :127:18) at  Misc0 ( zirgen/circuit/rv32im/v2/dsl/inst_misc.zir :40:29))));loc(callsite( VerifyOpcodeF3 ( zirgen/circuit/rv32im/v2/dsl/inst.zir :96:19) at callsite( OpJALR ( zirgen/circuit/rv32im/v2/dsl/inst_misc.zir :202:18) at  Misc2 ( zirgen/circuit/rv32im/v2/dsl/inst_misc.zir :69:29))));loc(callsite( VerifyOpcodeF3 ( zirgen/circuit/rv32im/v2/dsl/inst.zir :96:19) at callsite( OpLHU ( zirgen/circuit/rv32im/v2/dsl/inst_mem.zir :122:18) at  Mem0 ( zirgen/circuit/rv32im/v2/dsl/inst_mem.zir :57:11))));loc(callsite( VerifyOpcodeF3 ( zirgen/circuit/rv32im/v2/dsl/inst.zir :96:19) at callsite( OpLW ( zirgen/circuit/rv32im/v2/dsl/inst_mem.zir :107:18) at  Mem0 ( zirgen/circuit/rv32im/v2/dsl/inst_mem.zir :55:10))));loc(callsite( VerifyOpcodeF3 ( zirgen/circuit/rv32im/v2/dsl/inst.zir :96:19) at callsite( OpSH ( zirgen/circuit/rv32im/v2/dsl/inst_mem.zir :147:18) at  Mem1 ( zirgen/circuit/rv32im/v2/dsl/inst_mem.zir :72:10))));loc(callsite( VerifyOpcodeF3 ( zirgen/circuit/rv32im/v2/dsl/inst.zir :96:19) at callsite( OpSW ( zirgen/circuit/rv32im/v2/dsl/inst_mem.zir :159:18) at  Mem1 ( zirgen/circuit/rv32im/v2/dsl/inst_mem.zir :73:10))));loc(callsite( VerifyOpcodeF3 ( zirgen/circuit/rv32im/v2/dsl/inst.zir :97:18) at  OpANDI ( zirgen/circuit/rv32im/v2/dsl/inst_misc.zir :142:18)));loc(callsite( VerifyOpcodeF3 ( zirgen/circuit/rv32im/v2/dsl/inst.zir :97:18) at  OpBEQ ( zirgen/circuit/rv32im/v2/dsl/inst_misc.zir :159:18)));loc(callsite( VerifyOpcodeF3 ( zirgen/circuit/rv32im/v2/dsl/inst.zir :97:18) at  OpBGE ( zirgen/circuit/rv32im/v2/dsl/inst_misc.zir :177:18)));loc(callsite( VerifyOpcodeF3 ( zirgen/circuit/rv32im/v2/dsl/inst.zir :97:18) at  OpBGEU ( zirgen/circuit/rv32im/v2/dsl/inst_misc.zir :189:18)));loc(callsite( VerifyOpcodeF3 ( zirgen/circuit/rv32im/v2/dsl/inst.zir :97:18) at  OpBLT ( zirgen/circuit/rv32im/v2/dsl/inst_misc.zir :171:18)));loc(callsite( VerifyOpcodeF3 ( zirgen/circuit/rv32im/v2/dsl/inst.zir :97:18) at  OpBLTU ( zirgen/circuit/rv32im/v2/dsl/inst_misc.zir :183:18)));loc(callsite( VerifyOpcodeF3 ( zirgen/circuit/rv32im/v2/dsl/inst.zir :97:18) at  OpBNE ( zirgen/circuit/rv32im/v2/dsl/inst_misc.zir :165:18)));loc(callsite( VerifyOpcodeF3 ( zirgen/circuit/rv32im/v2/dsl/inst.zir :97:18) at  OpLB ( zirgen/circuit/rv32im/v2/dsl/inst_mem.zir :86:18)));loc(callsite( VerifyOpcodeF3 ( zirgen/circuit/rv32im/v2/dsl/inst.zir :97:18) at  OpLBU ( zirgen/circuit/rv32im/v2/dsl/inst_mem.zir :114:18)));loc(callsite( VerifyOpcodeF3 ( zirgen/circuit/rv32im/v2/dsl/inst.zir :97:18) at  OpORI ( zirgen/circuit/rv32im/v2/dsl/inst_misc.zir :137:18)));loc(callsite( VerifyOpcodeF3 ( zirgen/circuit/rv32im/v2/dsl/inst.zir :97:18) at  OpSB ( zirgen/circuit/rv32im/v2/dsl/inst_mem.zir :129:18)));loc(callsite( VerifyOpcodeF3 ( zirgen/circuit/rv32im/v2/dsl/inst.zir :97:18) at  OpSLTI ( zirgen/circuit/rv32im/v2/dsl/inst_misc.zir :147:18)));loc(callsite( VerifyOpcodeF3 ( zirgen/circuit/rv32im/v2/dsl/inst.zir :97:18) at  OpSLTIU ( zirgen/circuit/rv32im/v2/dsl/inst_misc.zir :153:18)));loc(callsite( VerifyOpcodeF3 ( zirgen/circuit/rv32im/v2/dsl/inst.zir :97:18) at  OpXORI ( zirgen/circuit/rv32im/v2/dsl/inst_misc.zir :132:18)));loc(callsite( VerifyOpcodeF3 ( zirgen/circuit/rv32im/v2/dsl/inst.zir :97:18) at callsite( OpADDI ( zirgen/circuit/rv32im/v2/dsl/inst_misc.zir :127:18) at  Misc0 ( zirgen/circuit/rv32im/v2/dsl/inst_misc.zir :40:29))));loc(callsite( VerifyOpcodeF3 ( zirgen/circuit/rv32im/v2/dsl/inst.zir :97:18) at callsite( OpJALR ( zirgen/circuit/rv32im/v2/dsl/inst_misc.zir :202:18) at  Misc2 ( zirgen/circuit/rv32im/v2/dsl/inst_misc.zir :69:29))));loc(callsite( VerifyOpcodeF3 ( zirgen/circuit/rv32im/v2/dsl/inst.zir :97:18) at callsite( OpLHU ( zirgen/circuit/rv32im/v2/dsl/inst_mem.zir :122:18) at  Mem0 ( zirgen/circuit/rv32im/v2/dsl/inst_mem.zir :57:11))));loc(callsite( VerifyOpcodeF3 ( zirgen/circuit/rv32im/v2/dsl/inst.zir :97:18) at callsite( OpLW ( zirgen/circuit/rv32im/v2/dsl/inst_mem.zir :107:18) at  Mem0 ( zirgen/circuit/rv32im/v2/dsl/inst_mem.zir :55:10))));loc(callsite( VerifyOpcodeF3 ( zirgen/circuit/rv32im/v2/dsl/inst.zir :97:18) at callsite( OpSH ( zirgen/circuit/rv32im/v2/dsl/inst_mem.zir :147:18) at  Mem1 ( zirgen/circuit/rv32im/v2/dsl/inst_mem.zir :72:10))));loc(callsite( VerifyOpcodeF3 ( zirgen/circuit/rv32im/v2/dsl/inst.zir :97:18) at callsite( OpSW ( zirgen/circuit/rv32im/v2/dsl/inst_mem.zir :159:18) at  Mem1 ( zirgen/circuit/rv32im/v2/dsl/inst_mem.zir :73:10))));loc(callsite( VerifyOpcodeF3F7 ( zirgen/circuit/rv32im/v2/dsl/inst.zir :102:19) at  OpAND ( zirgen/circuit/rv32im/v2/dsl/inst_misc.zir :110:20)));loc(callsite( VerifyOpcodeF3F7 ( zirgen/circuit/rv32im/v2/dsl/inst.zir :102:19) at  OpMUL ( zirgen/circuit/rv32im/v2/dsl/inst_mul.zir :63:20)));loc(callsite( VerifyOpcodeF3F7 ( zirgen/circuit/rv32im/v2/dsl/inst.zir :102:19) at  OpOR ( zirgen/circuit/rv32im/v2/dsl/inst_misc.zir :105:20)));loc(callsite( VerifyOpcodeF3F7 ( zirgen/circuit/rv32im/v2/dsl/inst.zir :102:19) at  OpSLL ( zirgen/circuit/rv32im/v2/dsl/inst_mul.zir :49:20)));loc(callsite( VerifyOpcodeF3F7 ( zirgen/circuit/rv32im/v2/dsl/inst.zir :102:19) at  OpSLLI ( zirgen/circuit/rv32im/v2/dsl/inst_mul.zir :56:20)));loc(callsite( VerifyOpcodeF3F7 ( zirgen/circuit/rv32im/v2/dsl/inst.zir :102:19) at  OpSLTU ( zirgen/circuit/rv32im/v2/dsl/inst_misc.zir :121:20)));loc(callsite( VerifyOpcodeF3F7 ( zirgen/circuit/rv32im/v2/dsl/inst.zir :102:19) at  OpSRL ( zirgen/circuit/rv32im/v2/dsl/inst_div.zir :134:20)));loc(callsite( VerifyOpcodeF3F7 ( zirgen/circuit/rv32im/v2/dsl/inst.zir :102:19) at  OpSRLI ( zirgen/circuit/rv32im/v2/dsl/inst_div.zir :148:20)));loc(callsite( VerifyOpcodeF3F7 ( zirgen/circuit/rv32im/v2/dsl/inst.zir :102:19) at  OpXOR ( zirgen/circuit/rv32im/v2/dsl/inst_misc.zir :100:20)));loc(callsite( VerifyOpcodeF3F7 ( zirgen/circuit/rv32im/v2/dsl/inst.zir :102:19) at callsite( OpADD ( zirgen/circuit/rv32im/v2/dsl/inst_misc.zir :90:20) at  Misc0 ( zirgen/circuit/rv32im/v2/dsl/inst_misc.zir :33:28))));loc(callsite( VerifyOpcodeF3F7 ( zirgen/circuit/rv32im/v2/dsl/inst.zir :102:19) at callsite( OpSUB ( zirgen/circuit/rv32im/v2/dsl/inst_misc.zir :95:20) at  Misc0 ( zirgen/circuit/rv32im/v2/dsl/inst_misc.zir :34:28))));loc(callsite( VerifyOpcodeF3F7 ( zirgen/circuit/rv32im/v2/dsl/inst.zir :103:18) at  OpAND ( zirgen/circuit/rv32im/v2/dsl/inst_misc.zir :110:20)));loc(callsite( VerifyOpcodeF3F7 ( zirgen/circuit/rv32im/v2/dsl/inst.zir :103:18) at  OpDIV ( zirgen/circuit/rv32im/v2/dsl/inst_div.zir :162:20)));loc(callsite( VerifyOpcodeF3F7 ( zirgen/circuit/rv32im/v2/dsl/inst.zir :103:18) at  OpMUL ( zirgen/circuit/rv32im/v2/dsl/inst_mul.zir :63:20)));loc(callsite( VerifyOpcodeF3F7 ( zirgen/circuit/rv32im/v2/dsl/inst.zir :103:18) at  OpMULHSU ( zirgen/circuit/rv32im/v2/dsl/inst_mul.zir :75:20)));loc(callsite( VerifyOpcodeF3F7 ( zirgen/circuit/rv32im/v2/dsl/inst.zir :103:18) at  OpOR ( zirgen/circuit/rv32im/v2/dsl/inst_misc.zir :105:20)));loc(callsite( VerifyOpcodeF3F7 ( zirgen/circuit/rv32im/v2/dsl/inst.zir :103:18) at  OpSLL ( zirgen/circuit/rv32im/v2/dsl/inst_mul.zir :49:20)));loc(callsite( VerifyOpcodeF3F7 ( zirgen/circuit/rv32im/v2/dsl/inst.zir :103:18) at  OpSLLI ( zirgen/circuit/rv32im/v2/dsl/inst_mul.zir :56:20)));loc(callsite( VerifyOpcodeF3F7 ( zirgen/circuit/rv32im/v2/dsl/inst.zir :103:18) at  OpSLT ( zirgen/circuit/rv32im/v2/dsl/inst_misc.zir :115:20)));loc(callsite( VerifyOpcodeF3F7 ( zirgen/circuit/rv32im/v2/dsl/inst.zir :103:18) at  OpSLTU ( zirgen/circuit/rv32im/v2/dsl/inst_misc.zir :121:20)));loc(callsite( VerifyOpcodeF3F7 ( zirgen/circuit/rv32im/v2/dsl/inst.zir :103:18) at  OpSRLI ( zirgen/circuit/rv32im/v2/dsl/inst_div.zir :148:20)));loc(callsite( VerifyOpcodeF3F7 ( zirgen/circuit/rv32im/v2/dsl/inst.zir :103:18) at  OpXOR ( zirgen/circuit/rv32im/v2/dsl/inst_misc.zir :100:20)));loc(callsite( VerifyOpcodeF3F7 ( zirgen/circuit/rv32im/v2/dsl/inst.zir :103:18) at callsite( OpADD ( zirgen/circuit/rv32im/v2/dsl/inst_misc.zir :90:20) at  Misc0 ( zirgen/circuit/rv32im/v2/dsl/inst_misc.zir :33:28))));loc(callsite( VerifyOpcodeF3F7 ( zirgen/circuit/rv32im/v2/dsl/inst.zir :103:18) at callsite( OpSUB ( zirgen/circuit/rv32im/v2/dsl/inst_misc.zir :95:20) at  Misc0 ( zirgen/circuit/rv32im/v2/dsl/inst_misc.zir :34:28))));loc(callsite( VerifyOpcodeF3F7 ( zirgen/circuit/rv32im/v2/dsl/inst.zir :104:18) at  OpAND ( zirgen/circuit/rv32im/v2/dsl/inst_misc.zir :110:20)));loc(callsite( VerifyOpcodeF3F7 ( zirgen/circuit/rv32im/v2/dsl/inst.zir :104:18) at  OpMUL ( zirgen/circuit/rv32im/v2/dsl/inst_mul.zir :63:20)));loc(callsite( VerifyOpcodeF3F7 ( zirgen/circuit/rv32im/v2/dsl/inst.zir :104:18) at  OpOR ( zirgen/circuit/rv32im/v2/dsl/inst_misc.zir :105:20)));loc(callsite( VerifyOpcodeF3F7 ( zirgen/circuit/rv32im/v2/dsl/inst.zir :104:18) at  OpREMU ( zirgen/circuit/rv32im/v2/dsl/inst_div.zir :177:20)));loc(callsite( VerifyOpcodeF3F7 ( zirgen/circuit/rv32im/v2/dsl/inst.zir :104:18) at  OpSLLI ( zirgen/circuit/rv32im/v2/dsl/inst_mul.zir :56:20)));loc(callsite( VerifyOpcodeF3F7 ( zirgen/circuit/rv32im/v2/dsl/inst.zir :104:18) at  OpSLTU ( zirgen/circuit/rv32im/v2/dsl/inst_misc.zir :121:20)));loc(callsite( VerifyOpcodeF3F7 ( zirgen/circuit/rv32im/v2/dsl/inst.zir :104:18) at  OpSRAI ( zirgen/circuit/rv32im/v2/dsl/inst_div.zir :154:20)));loc(callsite( VerifyOpcodeF3F7 ( zirgen/circuit/rv32im/v2/dsl/inst.zir :104:18) at  OpSRLI ( zirgen/circuit/rv32im/v2/dsl/inst_div.zir :148:20)));loc(callsite( VerifyOpcodeF3F7 ( zirgen/circuit/rv32im/v2/dsl/inst.zir :104:18) at  OpXOR ( zirgen/circuit/rv32im/v2/dsl/inst_misc.zir :100:20)));loc(callsite( VerifyOpcodeF3F7 ( zirgen/circuit/rv32im/v2/dsl/inst.zir :104:18) at callsite( OpADD ( zirgen/circuit/rv32im/v2/dsl/inst_misc.zir :90:20) at  Misc0 ( zirgen/circuit/rv32im/v2/dsl/inst_misc.zir :33:28))));loc(callsite( VerifyOpcodeF3F7 ( zirgen/circuit/rv32im/v2/dsl/inst.zir :104:18) at callsite( OpSUB ( zirgen/circuit/rv32im/v2/dsl/inst_misc.zir :95:20) at  Misc0 ( zirgen/circuit/rv32im/v2/dsl/inst_misc.zir :34:28)))),6000,125,False
V6,arguzz,1242,/root/arguzz/a4/runs/iv_pos_7/dbs/pos_iv_pos_7_v6_b2_arguzz_seed1242_n6000/pos_iv_pos_7_v6_b2_arguzz_seed1242_n6000.db,106,,597684.0,36.0,42.0,48.0,True,391,,,3.1714540888866325,1.9212267247258838,106,AddrDecompose(zirgen/circuit/rv32im/v2/dsl/u32.zir:67);AddrDecomposeBits(zirgen/circuit/rv32im/v2/dsl/u32.zir:87);ControlMRET(zirgen/circuit/rv32im/v2/dsl/inst_control.zir:89);ControlMRET(zirgen/circuit/rv32im/v2/dsl/inst_control.zir:91);ControlMRET(zirgen/circuit/rv32im/v2/dsl/inst_control.zir:92);ControlUserECALL(zirgen/circuit/rv32im/v2/dsl/inst_control.zir:75);ControlUserECALL(zirgen/circuit/rv32im/v2/dsl/inst_control.zir:77);ControlUserECALL(zirgen/circuit/rv32im/v2/dsl/inst_control.zir:78);DecodeInst(zirgen/circuit/rv32im/v2/dsl/inst.zir:29);ECall0(zirgen/circuit/rv32im/v2/dsl/inst_ecall.zir:203);ECallHostReadSetup(zirgen/circuit/rv32im/v2/dsl/inst_ecall.zir:70);ECallTerminate(zirgen/circuit/rv32im/v2/dsl/inst_ecall.zir:46);MachineECall(zirgen/circuit/rv32im/v2/dsl/inst_ecall.zir:28);MachineECall(zirgen/circuit/rv32im/v2/dsl/inst_ecall.zir:29);MachineECall(zirgen/circuit/rv32im/v2/dsl/inst_ecall.zir:32);MemoryWrite(zirgen/circuit/rv32im/v2/dsl/mem.zir:100);MemoryWrite(zirgen/circuit/rv32im/v2/dsl/mem.zir:99);OneHot(zirgen/circuit/rv32im/v2/dsl/one_hot.zir:11);OneHot(zirgen/circuit/rv32im/v2/dsl/one_hot.zir:9);OpLH(zirgen/circuit/rv32im/v2/dsl/inst_mem.zir:98);PoseidonEcall(zirgen/circuit/rv32im/v2/dsl/inst_p2.zir:96);Sha0(zirgen/circuit/rv32im/v2/dsl/inst_sha.zir:226);loc(callsite( IsRead ( zirgen/circuit/rv32im/v2/dsl/mem.zir :79:22) at  MemoryRead ( zirgen/circuit/rv32im/v2/dsl/mem.zir :90:10)));loc(callsite( IsRead ( zirgen/circuit/rv32im/v2/dsl/mem.zir :80:23) at  MemoryRead ( zirgen/circuit/rv32im/v2/dsl/mem.zir :90:10)));loc(callsite( OpLHU ( zirgen/circuit/rv32im/v2/dsl/inst_mem.zir :123:20) at  Mem0 ( zirgen/circuit/rv32im/v2/dsl/inst_mem.zir :57:11)));loc(callsite( OpLW ( zirgen/circuit/rv32im/v2/dsl/inst_mem.zir :108:20) at  Mem0 ( zirgen/circuit/rv32im/v2/dsl/inst_mem.zir :55:10)));loc(callsite( OpLW ( zirgen/circuit/rv32im/v2/dsl/inst_mem.zir :109:20) at  Mem0 ( zirgen/circuit/rv32im/v2/dsl/inst_mem.zir :55:10)));loc(callsite( OpSH ( zirgen/circuit/rv32im/v2/dsl/inst_mem.zir :148:20) at  Mem1 ( zirgen/circuit/rv32im/v2/dsl/inst_mem.zir :72:10)));loc(callsite( OpSW ( zirgen/circuit/rv32im/v2/dsl/inst_mem.zir :160:20) at  Mem1 ( zirgen/circuit/rv32im/v2/dsl/inst_mem.zir :73:10)));loc(callsite( OpSW ( zirgen/circuit/rv32im/v2/dsl/inst_mem.zir :161:20) at  Mem1 ( zirgen/circuit/rv32im/v2/dsl/inst_mem.zir :73:10)));loc(callsite( VerifyOpcode ( zirgen/circuit/rv32im/v2/dsl/inst.zir :91:19) at callsite( OpAUIPC ( zirgen/circuit/rv32im/v2/dsl/inst_misc.zir :214:16) at  Misc2 ( zirgen/circuit/rv32im/v2/dsl/inst_misc.zir :71:30))));loc(callsite( VerifyOpcode ( zirgen/circuit/rv32im/v2/dsl/inst.zir :91:19) at callsite( OpJAL ( zirgen/circuit/rv32im/v2/dsl/inst_misc.zir :195:16) at  Misc2 ( zirgen/circuit/rv32im/v2/dsl/inst_misc.zir :68:28))));loc(callsite( VerifyOpcode ( zirgen/circuit/rv32im/v2/dsl/inst.zir :91:19) at callsite( OpLUI ( zirgen/circuit/rv32im/v2/dsl/inst_misc.zir :209:16) at  Misc2 ( zirgen/circuit/rv32im/v2/dsl/inst_misc.zir :70:28))));loc(callsite( VerifyOpcodeF3 ( zirgen/circuit/rv32im/v2/dsl/inst.zir :96:19) at  OpANDI ( zirgen/circuit/rv32im/v2/dsl/inst_misc.zir :142:18)));loc(callsite( VerifyOpcodeF3 ( zirgen/circuit/rv32im/v2/dsl/inst.zir :96:19) at  OpBEQ ( zirgen/circuit/rv32im/v2/dsl/inst_misc.zir :159:18)));loc(callsite( VerifyOpcodeF3 ( zirgen/circuit/rv32im/v2/dsl/inst.zir :96:19) at  OpBGE ( zirgen/circuit/rv32im/v2/dsl/inst_misc.zir :177:18)));loc(callsite( VerifyOpcodeF3 ( zirgen/circuit/rv32im/v2/dsl/inst.zir :96:19) at  OpBGEU ( zirgen/circuit/rv32im/v2/dsl/inst_misc.zir :189:18)));loc(callsite( VerifyOpcodeF3 ( zirgen/circuit/rv32im/v2/dsl/inst.zir :96:19) at  OpBLT ( zirgen/circuit/rv32im/v2/dsl/inst_misc.zir :171:18)));loc(callsite( VerifyOpcodeF3 ( zirgen/circuit/rv32im/v2/dsl/inst.zir :96:19) at  OpBLTU ( zirgen/circuit/rv32im/v2/dsl/inst_misc.zir :183:18)));loc(callsite( VerifyOpcodeF3 ( zirgen/circuit/rv32im/v2/dsl/inst.zir :96:19) at  OpBNE ( zirgen/circuit/rv32im/v2/dsl/inst_misc.zir :165:18)));loc(callsite( VerifyOpcodeF3 ( zirgen/circuit/rv32im/v2/dsl/inst.zir :96:19) at  OpLB ( zirgen/circuit/rv32im/v2/dsl/inst_mem.zir :86:18)));loc(callsite( VerifyOpcodeF3 ( zirgen/circuit/rv32im/v2/dsl/inst.zir :96:19) at  OpLBU ( zirgen/circuit/rv32im/v2/dsl/inst_mem.zir :114:18)));loc(callsite( VerifyOpcodeF3 ( zirgen/circuit/rv32im/v2/dsl/inst.zir :96:19) at  OpLH ( zirgen/circuit/rv32im/v2/dsl/inst_mem.zir :97:18)));loc(callsite( VerifyOpcodeF3 ( zirgen/circuit/rv32im/v2/dsl/inst.zir :96:19) at  OpORI ( zirgen/circuit/rv32im/v2/dsl/inst_misc.zir :137:18)));loc(callsite( VerifyOpcodeF3 ( zirgen/circuit/rv32im/v2/dsl/inst.zir :96:19) at  OpSB ( zirgen/circuit/rv32im/v2/dsl/inst_mem.zir :129:18)));loc(callsite( VerifyOpcodeF3 ( zirgen/circuit/rv32im/v2/dsl/inst.zir :96:19) at  OpSLTI ( zirgen/circuit/rv32im/v2/dsl/inst_misc.zir :147:18)));loc(callsite( VerifyOpcodeF3 ( zirgen/circuit/rv32im/v2/dsl/inst.zir :96:19) at  OpSLTIU ( zirgen/circuit/rv32im/v2/dsl/inst_misc.zir :153:18)));loc(callsite( VerifyOpcodeF3 ( zirgen/circuit/rv32im/v2/dsl/inst.zir :96:19) at  OpXORI ( zirgen/circuit/rv32im/v2/dsl/inst_misc.zir :132:18)));loc(callsite( VerifyOpcodeF3 ( zirgen/circuit/rv32im/v2/dsl/inst.zir :96:19) at callsite( OpADDI ( zirgen/circuit/rv32im/v2/dsl/inst_misc.zir :127:18) at  Misc0 ( zirgen/circuit/rv32im/v2/dsl/inst_misc.zir :40:29))));loc(callsite( VerifyOpcodeF3 ( zirgen/circuit/rv32im/v2/dsl/inst.zir :96:19) at callsite( OpJALR ( zirgen/circuit/rv32im/v2/dsl/inst_misc.zir :202:18) at  Misc2 ( zirgen/circuit/rv32im/v2/dsl/inst_misc.zir :69:29))));loc(callsite( VerifyOpcodeF3 ( zirgen/circuit/rv32im/v2/dsl/inst.zir :96:19) at callsite( OpLHU ( zirgen/circuit/rv32im/v2/dsl/inst_mem.zir :122:18) at  Mem0 ( zirgen/circuit/rv32im/v2/dsl/inst_mem.zir :57:11))));loc(callsite( VerifyOpcodeF3 ( zirgen/circuit/rv32im/v2/dsl/inst.zir :96:19) at callsite( OpLW ( zirgen/circuit/rv32im/v2/dsl/inst_mem.zir :107:18) at  Mem0 ( zirgen/circuit/rv32im/v2/dsl/inst_mem.zir :55:10))));loc(callsite( VerifyOpcodeF3 ( zirgen/circuit/rv32im/v2/dsl/inst.zir :96:19) at callsite( OpSH ( zirgen/circuit/rv32im/v2/dsl/inst_mem.zir :147:18) at  Mem1 ( zirgen/circuit/rv32im/v2/dsl/inst_mem.zir :72:10))));loc(callsite( VerifyOpcodeF3 ( zirgen/circuit/rv32im/v2/dsl/inst.zir :96:19) at callsite( OpSW ( zirgen/circuit/rv32im/v2/dsl/inst_mem.zir :159:18) at  Mem1 ( zirgen/circuit/rv32im/v2/dsl/inst_mem.zir :73:10))));loc(callsite( VerifyOpcodeF3 ( zirgen/circuit/rv32im/v2/dsl/inst.zir :97:18) at  OpANDI ( zirgen/circuit/rv32im/v2/dsl/inst_misc.zir :142:18)));loc(callsite( VerifyOpcodeF3 ( zirgen/circuit/rv32im/v2/dsl/inst.zir :97:18) at  OpBEQ ( zirgen/circuit/rv32im/v2/dsl/inst_misc.zir :159:18)));loc(callsite( VerifyOpcodeF3 ( zirgen/circuit/rv32im/v2/dsl/inst.zir :97:18) at  OpBGE ( zirgen/circuit/rv32im/v2/dsl/inst_misc.zir :177:18)));loc(callsite( VerifyOpcodeF3 ( zirgen/circuit/rv32im/v2/dsl/inst.zir :97:18) at  OpBGEU ( zirgen/circuit/rv32im/v2/dsl/inst_misc.zir :189:18)));loc(callsite( VerifyOpcodeF3 ( zirgen/circuit/rv32im/v2/dsl/inst.zir :97:18) at  OpBLT ( zirgen/circuit/rv32im/v2/dsl/inst_misc.zir :171:18)));loc(callsite( VerifyOpcodeF3 ( zirgen/circuit/rv32im/v2/dsl/inst.zir :97:18) at  OpBLTU ( zirgen/circuit/rv32im/v2/dsl/inst_misc.zir :183:18)));loc(callsite( VerifyOpcodeF3 ( zirgen/circuit/rv32im/v2/dsl/inst.zir :97:18) at  OpBNE ( zirgen/circuit/rv32im/v2/dsl/inst_misc.zir :165:18)));loc(callsite( VerifyOpcodeF3 ( zirgen/circuit/rv32im/v2/dsl/inst.zir :97:18) at  OpLB ( zirgen/circuit/rv32im/v2/dsl/inst_mem.zir :86:18)));loc(callsite( VerifyOpcodeF3 ( zirgen/circuit/rv32im/v2/dsl/inst.zir :97:18) at  OpLBU ( zirgen/circuit/rv32im/v2/dsl/inst_mem.zir :114:18)));loc(callsite( VerifyOpcodeF3 ( zirgen/circuit/rv32im/v2/dsl/inst.zir :97:18) at  OpLH ( zirgen/circuit/rv32im/v2/dsl/inst_mem.zir :97:18)));loc(callsite( VerifyOpcodeF3 ( zirgen/circuit/rv32im/v2/dsl/inst.zir :97:18) at  OpORI ( zirgen/circuit/rv32im/v2/dsl/inst_misc.zir :137:18)));loc(callsite( VerifyOpcodeF3 ( zirgen/circuit/rv32im/v2/dsl/inst.zir :97:18) at  OpSB ( zirgen/circuit/rv32im/v2/dsl/inst_mem.zir :129:18)));loc(callsite( VerifyOpcodeF3 ( zirgen/circuit/rv32im/v2/dsl/inst.zir :97:18) at  OpSLTI ( zirgen/circuit/rv32im/v2/dsl/inst_misc.zir :147:18)));loc(callsite( VerifyOpcodeF3 ( zirgen/circuit/rv32im/v2/dsl/inst.zir :97:18) at  OpSLTIU ( zirgen/circuit/rv32im/v2/dsl/inst_misc.zir :153:18)));loc(callsite( VerifyOpcodeF3 ( zirgen/circuit/rv32im/v2/dsl/inst.zir :97:18) at  OpXORI ( zirgen/circuit/rv32im/v2/dsl/inst_misc.zir :132:18)));loc(callsite( VerifyOpcodeF3 ( zirgen/circuit/rv32im/v2/dsl/inst.zir :97:18) at callsite( OpADDI ( zirgen/circuit/rv32im/v2/dsl/inst_misc.zir :127:18) at  Misc0 ( zirgen/circuit/rv32im/v2/dsl/inst_misc.zir :40:29))));loc(callsite( VerifyOpcodeF3 ( zirgen/circuit/rv32im/v2/dsl/inst.zir :97:18) at callsite( OpJALR ( zirgen/circuit/rv32im/v2/dsl/inst_misc.zir :202:18) at  Misc2 ( zirgen/circuit/rv32im/v2/dsl/inst_misc.zir :69:29))));loc(callsite( VerifyOpcodeF3 ( zirgen/circuit/rv32im/v2/dsl/inst.zir :97:18) at callsite( OpLHU ( zirgen/circuit/rv32im/v2/dsl/inst_mem.zir :122:18) at  Mem0 ( zirgen/circuit/rv32im/v2/dsl/inst_mem.zir :57:11))));loc(callsite( VerifyOpcodeF3 ( zirgen/circuit/rv32im/v2/dsl/inst.zir :97:18) at callsite( OpLW ( zirgen/circuit/rv32im/v2/dsl/inst_mem.zir :107:18) at  Mem0 ( zirgen/circuit/rv32im/v2/dsl/inst_mem.zir :55:10))));loc(callsite( VerifyOpcodeF3 ( zirgen/circuit/rv32im/v2/dsl/inst.zir :97:18) at callsite( OpSH ( zirgen/circuit/rv32im/v2/dsl/inst_mem.zir :147:18) at  Mem1 ( zirgen/circuit/rv32im/v2/dsl/inst_mem.zir :72:10))));loc(callsite( VerifyOpcodeF3 ( zirgen/circuit/rv32im/v2/dsl/inst.zir :97:18) at callsite( OpSW ( zirgen/circuit/rv32im/v2/dsl/inst_mem.zir :159:18) at  Mem1 ( zirgen/circuit/rv32im/v2/dsl/inst_mem.zir :73:10))));loc(callsite( VerifyOpcodeF3F7 ( zirgen/circuit/rv32im/v2/dsl/inst.zir :102:19) at  OpAND ( zirgen/circuit/rv32im/v2/dsl/inst_misc.zir :110:20)));loc(callsite( VerifyOpcodeF3F7 ( zirgen/circuit/rv32im/v2/dsl/inst.zir :102:19) at  OpMUL ( zirgen/circuit/rv32im/v2/dsl/inst_mul.zir :63:20)));loc(callsite( VerifyOpcodeF3F7 ( zirgen/circuit/rv32im/v2/dsl/inst.zir :102:19) at  OpOR ( zirgen/circuit/rv32im/v2/dsl/inst_misc.zir :105:20)));loc(callsite( VerifyOpcodeF3F7 ( zirgen/circuit/rv32im/v2/dsl/inst.zir :102:19) at  OpSLLI ( zirgen/circuit/rv32im/v2/dsl/inst_mul.zir :56:20)));loc(callsite( VerifyOpcodeF3F7 ( zirgen/circuit/rv32im/v2/dsl/inst.zir :102:19) at  OpSLTU ( zirgen/circuit/rv32im/v2/dsl/inst_misc.zir :121:20)));loc(callsite( VerifyOpcodeF3F7 ( zirgen/circuit/rv32im/v2/dsl/inst.zir :102:19) at  OpSRLI ( zirgen/circuit/rv32im/v2/dsl/inst_div.zir :148:20)));loc(callsite( VerifyOpcodeF3F7 ( zirgen/circuit/rv32im/v2/dsl/inst.zir :102:19) at  OpXOR ( zirgen/circuit/rv32im/v2/dsl/inst_misc.zir :100:20)));loc(callsite( VerifyOpcodeF3F7 ( zirgen/circuit/rv32im/v2/dsl/inst.zir :102:19) at callsite( OpADD ( zirgen/circuit/rv32im/v2/dsl/inst_misc.zir :90:20) at  Misc0 ( zirgen/circuit/rv32im/v2/dsl/inst_misc.zir :33:28))));loc(callsite( VerifyOpcodeF3F7 ( zirgen/circuit/rv32im/v2/dsl/inst.zir :102:19) at callsite( OpSUB ( zirgen/circuit/rv32im/v2/dsl/inst_misc.zir :95:20) at  Misc0 ( zirgen/circuit/rv32im/v2/dsl/inst_misc.zir :34:28))));loc(callsite( VerifyOpcodeF3F7 ( zirgen/circuit/rv32im/v2/dsl/inst.zir :103:18) at  OpAND ( zirgen/circuit/rv32im/v2/dsl/inst_misc.zir :110:20)));loc(callsite( VerifyOpcodeF3F7 ( zirgen/circuit/rv32im/v2/dsl/inst.zir :103:18) at  OpMUL ( zirgen/circuit/rv32im/v2/dsl/inst_mul.zir :63:20)));loc(callsite( VerifyOpcodeF3F7 ( zirgen/circuit/rv32im/v2/dsl/inst.zir :103:18) at  OpMULHSU ( zirgen/circuit/rv32im/v2/dsl/inst_mul.zir :75:20)));loc(callsite( VerifyOpcodeF3F7 ( zirgen/circuit/rv32im/v2/dsl/inst.zir :103:18) at  OpOR ( zirgen/circuit/rv32im/v2/dsl/inst_misc.zir :105:20)));loc(callsite( VerifyOpcodeF3F7 ( zirgen/circuit/rv32im/v2/dsl/inst.zir :103:18) at  OpSLL ( zirgen/circuit/rv32im/v2/dsl/inst_mul.zir :49:20)));loc(callsite( VerifyOpcodeF3F7 ( zirgen/circuit/rv32im/v2/dsl/inst.zir :103:18) at  OpSLLI ( zirgen/circuit/rv32im/v2/dsl/inst_mul.zir :56:20)));loc(callsite( VerifyOpcodeF3F7 ( zirgen/circuit/rv32im/v2/dsl/inst.zir :103:18) at  OpSLTU ( zirgen/circuit/rv32im/v2/dsl/inst_misc.zir :121:20)));loc(callsite( VerifyOpcodeF3F7 ( zirgen/circuit/rv32im/v2/dsl/inst.zir :103:18) at  OpSRL ( zirgen/circuit/rv32im/v2/dsl/inst_div.zir :134:20)));loc(callsite( VerifyOpcodeF3F7 ( zirgen/circuit/rv32im/v2/dsl/inst.zir :103:18) at  OpSRLI ( zirgen/circuit/rv32im/v2/dsl/inst_div.zir :148:20)));loc(callsite( VerifyOpcodeF3F7 ( zirgen/circuit/rv32im/v2/dsl/inst.zir :103:18) at  OpXOR ( zirgen/circuit/rv32im/v2/dsl/inst_misc.zir :100:20)));loc(callsite( VerifyOpcodeF3F7 ( zirgen/circuit/rv32im/v2/dsl/inst.zir :103:18) at callsite( OpADD ( zirgen/circuit/rv32im/v2/dsl/inst_misc.zir :90:20) at  Misc0 ( zirgen/circuit/rv32im/v2/dsl/inst_misc.zir :33:28))));loc(callsite( VerifyOpcodeF3F7 ( zirgen/circuit/rv32im/v2/dsl/inst.zir :103:18) at callsite( OpSUB ( zirgen/circuit/rv32im/v2/dsl/inst_misc.zir :95:20) at  Misc0 ( zirgen/circuit/rv32im/v2/dsl/inst_misc.zir :34:28))));loc(callsite( VerifyOpcodeF3F7 ( zirgen/circuit/rv32im/v2/dsl/inst.zir :104:18) at  OpAND ( zirgen/circuit/rv32im/v2/dsl/inst_misc.zir :110:20)));loc(callsite( VerifyOpcodeF3F7 ( zirgen/circuit/rv32im/v2/dsl/inst.zir :104:18) at  OpMUL ( zirgen/circuit/rv32im/v2/dsl/inst_mul.zir :63:20)));loc(callsite( VerifyOpcodeF3F7 ( zirgen/circuit/rv32im/v2/dsl/inst.zir :104:18) at  OpOR ( zirgen/circuit/rv32im/v2/dsl/inst_misc.zir :105:20)));loc(callsite( VerifyOpcodeF3F7 ( zirgen/circuit/rv32im/v2/dsl/inst.zir :104:18) at  OpSLLI ( zirgen/circuit/rv32im/v2/dsl/inst_mul.zir :56:20)));loc(callsite( VerifyOpcodeF3F7 ( zirgen/circuit/rv32im/v2/dsl/inst.zir :104:18) at  OpSLTU ( zirgen/circuit/rv32im/v2/dsl/inst_misc.zir :121:20)));loc(callsite( VerifyOpcodeF3F7 ( zirgen/circuit/rv32im/v2/dsl/inst.zir :104:18) at  OpSRAI ( zirgen/circuit/rv32im/v2/dsl/inst_div.zir :154:20)));loc(callsite( VerifyOpcodeF3F7 ( zirgen/circuit/rv32im/v2/dsl/inst.zir :104:18) at  OpSRLI ( zirgen/circuit/rv32im/v2/dsl/inst_div.zir :148:20)));loc(callsite( VerifyOpcodeF3F7 ( zirgen/circuit/rv32im/v2/dsl/inst.zir :104:18) at  OpXOR ( zirgen/circuit/rv32im/v2/dsl/inst_misc.zir :100:20)));loc(callsite( VerifyOpcodeF3F7 ( zirgen/circuit/rv32im/v2/dsl/inst.zir :104:18) at callsite( OpADD ( zirgen/circuit/rv32im/v2/dsl/inst_misc.zir :90:20) at  Misc0 ( zirgen/circuit/rv32im/v2/dsl/inst_misc.zir :33:28))));loc(callsite( VerifyOpcodeF3F7 ( zirgen/circuit/rv32im/v2/dsl/inst.zir :104:18) at callsite( OpSUB ( zirgen/circuit/rv32im/v2/dsl/inst_misc.zir :95:20) at  Misc0 ( zirgen/circuit/rv32im/v2/dsl/inst_misc.zir :34:28)))),6000,125,False
V6,arguzz,1243,/root/arguzz/a4/runs/iv_pos_7/dbs/pos_iv_pos_7_v6_b2_arguzz_seed1243_n6000/pos_iv_pos_7_v6_b2_arguzz_seed1243_n6000.db,115,,628394.5,46.0,54.0,56.0,True,412,,,3.162059293092586,1.9158956850734676,115,AddrDecompose(zirgen/circuit/rv32im/v2/dsl/u32.zir:67);AddrDecomposeBits(zirgen/circuit/rv32im/v2/dsl/u32.zir:87);ControlMRET(zirgen/circuit/rv32im/v2/dsl/inst_control.zir:89);ControlMRET(zirgen/circuit/rv32im/v2/dsl/inst_control.zir:91);ControlMRET(zirgen/circuit/rv32im/v2/dsl/inst_control.zir:92);ControlUserECALL(zirgen/circuit/rv32im/v2/dsl/inst_control.zir:75);ControlUserECALL(zirgen/circuit/rv32im/v2/dsl/inst_control.zir:77);ControlUserECALL(zirgen/circuit/rv32im/v2/dsl/inst_control.zir:78);DecodeInst(zirgen/circuit/rv32im/v2/dsl/inst.zir:29);ECall0(zirgen/circuit/rv32im/v2/dsl/inst_ecall.zir:203);ECallHostReadSetup(zirgen/circuit/rv32im/v2/dsl/inst_ecall.zir:70);MachineECall(zirgen/circuit/rv32im/v2/dsl/inst_ecall.zir:28);MachineECall(zirgen/circuit/rv32im/v2/dsl/inst_ecall.zir:29);MachineECall(zirgen/circuit/rv32im/v2/dsl/inst_ecall.zir:32);MemoryWrite(zirgen/circuit/rv32im/v2/dsl/mem.zir:100);MemoryWrite(zirgen/circuit/rv32im/v2/dsl/mem.zir:99);OneHot(zirgen/circuit/rv32im/v2/dsl/one_hot.zir:11);OneHot(zirgen/circuit/rv32im/v2/dsl/one_hot.zir:9);OpLH(zirgen/circuit/rv32im/v2/dsl/inst_mem.zir:98);PoseidonEcall(zirgen/circuit/rv32im/v2/dsl/inst_p2.zir:96);Sha0(zirgen/circuit/rv32im/v2/dsl/inst_sha.zir:226);loc(callsite( IsRead ( zirgen/circuit/rv32im/v2/dsl/mem.zir :79:22) at  MemoryRead ( zirgen/circuit/rv32im/v2/dsl/mem.zir :90:10)));loc(callsite( IsRead ( zirgen/circuit/rv32im/v2/dsl/mem.zir :80:23) at  MemoryRead ( zirgen/circuit/rv32im/v2/dsl/mem.zir :90:10)));loc(callsite( OpLHU ( zirgen/circuit/rv32im/v2/dsl/inst_mem.zir :123:20) at  Mem0 ( zirgen/circuit/rv32im/v2/dsl/inst_mem.zir :57:11)));loc(callsite( OpLW ( zirgen/circuit/rv32im/v2/dsl/inst_mem.zir :108:20) at  Mem0 ( zirgen/circuit/rv32im/v2/dsl/inst_mem.zir :55:10)));loc(callsite( OpLW ( zirgen/circuit/rv32im/v2/dsl/inst_mem.zir :109:20) at  Mem0 ( zirgen/circuit/rv32im/v2/dsl/inst_mem.zir :55:10)));loc(callsite( OpSH ( zirgen/circuit/rv32im/v2/dsl/inst_mem.zir :148:20) at  Mem1 ( zirgen/circuit/rv32im/v2/dsl/inst_mem.zir :72:10)));loc(callsite( OpSW ( zirgen/circuit/rv32im/v2/dsl/inst_mem.zir :160:20) at  Mem1 ( zirgen/circuit/rv32im/v2/dsl/inst_mem.zir :73:10)));loc(callsite( OpSW ( zirgen/circuit/rv32im/v2/dsl/inst_mem.zir :161:20) at  Mem1 ( zirgen/circuit/rv32im/v2/dsl/inst_mem.zir :73:10)));loc(callsite( VerifyOpcode ( zirgen/circuit/rv32im/v2/dsl/inst.zir :91:19) at callsite( OpAUIPC ( zirgen/circuit/rv32im/v2/dsl/inst_misc.zir :214:16) at  Misc2 ( zirgen/circuit/rv32im/v2/dsl/inst_misc.zir :71:30))));loc(callsite( VerifyOpcode ( zirgen/circuit/rv32im/v2/dsl/inst.zir :91:19) at callsite( OpJAL ( zirgen/circuit/rv32im/v2/dsl/inst_misc.zir :195:16) at  Misc2 ( zirgen/circuit/rv32im/v2/dsl/inst_misc.zir :68:28))));loc(callsite( VerifyOpcode ( zirgen/circuit/rv32im/v2/dsl/inst.zir :91:19) at callsite( OpLUI ( zirgen/circuit/rv32im/v2/dsl/inst_misc.zir :209:16) at  Misc2 ( zirgen/circuit/rv32im/v2/dsl/inst_misc.zir :70:28))));loc(callsite( VerifyOpcodeF3 ( zirgen/circuit/rv32im/v2/dsl/inst.zir :96:19) at  OpANDI ( zirgen/circuit/rv32im/v2/dsl/inst_misc.zir :142:18)));loc(callsite( VerifyOpcodeF3 ( zirgen/circuit/rv32im/v2/dsl/inst.zir :96:19) at  OpBEQ ( zirgen/circuit/rv32im/v2/dsl/inst_misc.zir :159:18)));loc(callsite( VerifyOpcodeF3 ( zirgen/circuit/rv32im/v2/dsl/inst.zir :96:19) at  OpBGE ( zirgen/circuit/rv32im/v2/dsl/inst_misc.zir :177:18)));loc(callsite( VerifyOpcodeF3 ( zirgen/circuit/rv32im/v2/dsl/inst.zir :96:19) at  OpBGEU ( zirgen/circuit/rv32im/v2/dsl/inst_misc.zir :189:18)));loc(callsite( VerifyOpcodeF3 ( zirgen/circuit/rv32im/v2/dsl/inst.zir :96:19) at  OpBLT ( zirgen/circuit/rv32im/v2/dsl/inst_misc.zir :171:18)));loc(callsite( VerifyOpcodeF3 ( zirgen/circuit/rv32im/v2/dsl/inst.zir :96:19) at  OpBLTU ( zirgen/circuit/rv32im/v2/dsl/inst_misc.zir :183:18)));loc(callsite( VerifyOpcodeF3 ( zirgen/circuit/rv32im/v2/dsl/inst.zir :96:19) at  OpBNE ( zirgen/circuit/rv32im/v2/dsl/inst_misc.zir :165:18)));loc(callsite( VerifyOpcodeF3 ( zirgen/circuit/rv32im/v2/dsl/inst.zir :96:19) at  OpLB ( zirgen/circuit/rv32im/v2/dsl/inst_mem.zir :86:18)));loc(callsite( VerifyOpcodeF3 ( zirgen/circuit/rv32im/v2/dsl/inst.zir :96:19) at  OpLBU ( zirgen/circuit/rv32im/v2/dsl/inst_mem.zir :114:18)));loc(callsite( VerifyOpcodeF3 ( zirgen/circuit/rv32im/v2/dsl/inst.zir :96:19) at  OpLH ( zirgen/circuit/rv32im/v2/dsl/inst_mem.zir :97:18)));loc(callsite( VerifyOpcodeF3 ( zirgen/circuit/rv32im/v2/dsl/inst.zir :96:19) at  OpORI ( zirgen/circuit/rv32im/v2/dsl/inst_misc.zir :137:18)));loc(callsite( VerifyOpcodeF3 ( zirgen/circuit/rv32im/v2/dsl/inst.zir :96:19) at  OpSB ( zirgen/circuit/rv32im/v2/dsl/inst_mem.zir :129:18)));loc(callsite( VerifyOpcodeF3 ( zirgen/circuit/rv32im/v2/dsl/inst.zir :96:19) at  OpSLTI ( zirgen/circuit/rv32im/v2/dsl/inst_misc.zir :147:18)));loc(callsite( VerifyOpcodeF3 ( zirgen/circuit/rv32im/v2/dsl/inst.zir :96:19) at  OpSLTIU ( zirgen/circuit/rv32im/v2/dsl/inst_misc.zir :153:18)));loc(callsite( VerifyOpcodeF3 ( zirgen/circuit/rv32im/v2/dsl/inst.zir :96:19) at  OpXORI ( zirgen/circuit/rv32im/v2/dsl/inst_misc.zir :132:18)));loc(callsite( VerifyOpcodeF3 ( zirgen/circuit/rv32im/v2/dsl/inst.zir :96:19) at callsite( OpADDI ( zirgen/circuit/rv32im/v2/dsl/inst_misc.zir :127:18) at  Misc0 ( zirgen/circuit/rv32im/v2/dsl/inst_misc.zir :40:29))));loc(callsite( VerifyOpcodeF3 ( zirgen/circuit/rv32im/v2/dsl/inst.zir :96:19) at callsite( OpJALR ( zirgen/circuit/rv32im/v2/dsl/inst_misc.zir :202:18) at  Misc2 ( zirgen/circuit/rv32im/v2/dsl/inst_misc.zir :69:29))));loc(callsite( VerifyOpcodeF3 ( zirgen/circuit/rv32im/v2/dsl/inst.zir :96:19) at callsite( OpLHU ( zirgen/circuit/rv32im/v2/dsl/inst_mem.zir :122:18) at  Mem0 ( zirgen/circuit/rv32im/v2/dsl/inst_mem.zir :57:11))));loc(callsite( VerifyOpcodeF3 ( zirgen/circuit/rv32im/v2/dsl/inst.zir :96:19) at callsite( OpLW ( zirgen/circuit/rv32im/v2/dsl/inst_mem.zir :107:18) at  Mem0 ( zirgen/circuit/rv32im/v2/dsl/inst_mem.zir :55:10))));loc(callsite( VerifyOpcodeF3 ( zirgen/circuit/rv32im/v2/dsl/inst.zir :96:19) at callsite( OpSH ( zirgen/circuit/rv32im/v2/dsl/inst_mem.zir :147:18) at  Mem1 ( zirgen/circuit/rv32im/v2/dsl/inst_mem.zir :72:10))));loc(callsite( VerifyOpcodeF3 ( zirgen/circuit/rv32im/v2/dsl/inst.zir :96:19) at callsite( OpSW ( zirgen/circuit/rv32im/v2/dsl/inst_mem.zir :159:18) at  Mem1 ( zirgen/circuit/rv32im/v2/dsl/inst_mem.zir :73:10))));loc(callsite( VerifyOpcodeF3 ( zirgen/circuit/rv32im/v2/dsl/inst.zir :97:18) at  OpANDI ( zirgen/circuit/rv32im/v2/dsl/inst_misc.zir :142:18)));loc(callsite( VerifyOpcodeF3 ( zirgen/circuit/rv32im/v2/dsl/inst.zir :97:18) at  OpBEQ ( zirgen/circuit/rv32im/v2/dsl/inst_misc.zir :159:18)));loc(callsite( VerifyOpcodeF3 ( zirgen/circuit/rv32im/v2/dsl/inst.zir :97:18) at  OpBGE ( zirgen/circuit/rv32im/v2/dsl/inst_misc.zir :177:18)));loc(callsite( VerifyOpcodeF3 ( zirgen/circuit/rv32im/v2/dsl/inst.zir :97:18) at  OpBGEU ( zirgen/circuit/rv32im/v2/dsl/inst_misc.zir :189:18)));loc(callsite( VerifyOpcodeF3 ( zirgen/circuit/rv32im/v2/dsl/inst.zir :97:18) at  OpBLT ( zirgen/circuit/rv32im/v2/dsl/inst_misc.zir :171:18)));loc(callsite( VerifyOpcodeF3 ( zirgen/circuit/rv32im/v2/dsl/inst.zir :97:18) at  OpBLTU ( zirgen/circuit/rv32im/v2/dsl/inst_misc.zir :183:18)));loc(callsite( VerifyOpcodeF3 ( zirgen/circuit/rv32im/v2/dsl/inst.zir :97:18) at  OpBNE ( zirgen/circuit/rv32im/v2/dsl/inst_misc.zir :165:18)));loc(callsite( VerifyOpcodeF3 ( zirgen/circuit/rv32im/v2/dsl/inst.zir :97:18) at  OpLB ( zirgen/circuit/rv32im/v2/dsl/inst_mem.zir :86:18)));loc(callsite( VerifyOpcodeF3 ( zirgen/circuit/rv32im/v2/dsl/inst.zir :97:18) at  OpLBU ( zirgen/circuit/rv32im/v2/dsl/inst_mem.zir :114:18)));loc(callsite( VerifyOpcodeF3 ( zirgen/circuit/rv32im/v2/dsl/inst.zir :97:18) at  OpLH ( zirgen/circuit/rv32im/v2/dsl/inst_mem.zir :97:18)));loc(callsite( VerifyOpcodeF3 ( zirgen/circuit/rv32im/v2/dsl/inst.zir :97:18) at  OpORI ( zirgen/circuit/rv32im/v2/dsl/inst_misc.zir :137:18)));loc(callsite( VerifyOpcodeF3 ( zirgen/circuit/rv32im/v2/dsl/inst.zir :97:18) at  OpSB ( zirgen/circuit/rv32im/v2/dsl/inst_mem.zir :129:18)));loc(callsite( VerifyOpcodeF3 ( zirgen/circuit/rv32im/v2/dsl/inst.zir :97:18) at  OpSLTI ( zirgen/circuit/rv32im/v2/dsl/inst_misc.zir :147:18)));loc(callsite( VerifyOpcodeF3 ( zirgen/circuit/rv32im/v2/dsl/inst.zir :97:18) at  OpSLTIU ( zirgen/circuit/rv32im/v2/dsl/inst_misc.zir :153:18)));loc(callsite( VerifyOpcodeF3 ( zirgen/circuit/rv32im/v2/dsl/inst.zir :97:18) at  OpXORI ( zirgen/circuit/rv32im/v2/dsl/inst_misc.zir :132:18)));loc(callsite( VerifyOpcodeF3 ( zirgen/circuit/rv32im/v2/dsl/inst.zir :97:18) at callsite( OpADDI ( zirgen/circuit/rv32im/v2/dsl/inst_misc.zir :127:18) at  Misc0 ( zirgen/circuit/rv32im/v2/dsl/inst_misc.zir :40:29))));loc(callsite( VerifyOpcodeF3 ( zirgen/circuit/rv32im/v2/dsl/inst.zir :97:18) at callsite( OpJALR ( zirgen/circuit/rv32im/v2/dsl/inst_misc.zir :202:18) at  Misc2 ( zirgen/circuit/rv32im/v2/dsl/inst_misc.zir :69:29))));loc(callsite( VerifyOpcodeF3 ( zirgen/circuit/rv32im/v2/dsl/inst.zir :97:18) at callsite( OpLHU ( zirgen/circuit/rv32im/v2/dsl/inst_mem.zir :122:18) at  Mem0 ( zirgen/circuit/rv32im/v2/dsl/inst_mem.zir :57:11))));loc(callsite( VerifyOpcodeF3 ( zirgen/circuit/rv32im/v2/dsl/inst.zir :97:18) at callsite( OpLW ( zirgen/circuit/rv32im/v2/dsl/inst_mem.zir :107:18) at  Mem0 ( zirgen/circuit/rv32im/v2/dsl/inst_mem.zir :55:10))));loc(callsite( VerifyOpcodeF3 ( zirgen/circuit/rv32im/v2/dsl/inst.zir :97:18) at callsite( OpSH ( zirgen/circuit/rv32im/v2/dsl/inst_mem.zir :147:18) at  Mem1 ( zirgen/circuit/rv32im/v2/dsl/inst_mem.zir :72:10))));loc(callsite( VerifyOpcodeF3 ( zirgen/circuit/rv32im/v2/dsl/inst.zir :97:18) at callsite( OpSW ( zirgen/circuit/rv32im/v2/dsl/inst_mem.zir :159:18) at  Mem1 ( zirgen/circuit/rv32im/v2/dsl/inst_mem.zir :73:10))));loc(callsite( VerifyOpcodeF3F7 ( zirgen/circuit/rv32im/v2/dsl/inst.zir :102:19) at  OpAND ( zirgen/circuit/rv32im/v2/dsl/inst_misc.zir :110:20)));loc(callsite( VerifyOpcodeF3F7 ( zirgen/circuit/rv32im/v2/dsl/inst.zir :102:19) at  OpDIVU ( zirgen/circuit/rv32im/v2/dsl/inst_div.zir :167:20)));loc(callsite( VerifyOpcodeF3F7 ( zirgen/circuit/rv32im/v2/dsl/inst.zir :102:19) at  OpMUL ( zirgen/circuit/rv32im/v2/dsl/inst_mul.zir :63:20)));loc(callsite( VerifyOpcodeF3F7 ( zirgen/circuit/rv32im/v2/dsl/inst.zir :102:19) at  OpMULHSU ( zirgen/circuit/rv32im/v2/dsl/inst_mul.zir :75:20)));loc(callsite( VerifyOpcodeF3F7 ( zirgen/circuit/rv32im/v2/dsl/inst.zir :102:19) at  OpOR ( zirgen/circuit/rv32im/v2/dsl/inst_misc.zir :105:20)));loc(callsite( VerifyOpcodeF3F7 ( zirgen/circuit/rv32im/v2/dsl/inst.zir :102:19) at  OpSLL ( zirgen/circuit/rv32im/v2/dsl/inst_mul.zir :49:20)));loc(callsite( VerifyOpcodeF3F7 ( zirgen/circuit/rv32im/v2/dsl/inst.zir :102:19) at  OpSLLI ( zirgen/circuit/rv32im/v2/dsl/inst_mul.zir :56:20)));loc(callsite( VerifyOpcodeF3F7 ( zirgen/circuit/rv32im/v2/dsl/inst.zir :102:19) at  OpSLTU ( zirgen/circuit/rv32im/v2/dsl/inst_misc.zir :121:20)));loc(callsite( VerifyOpcodeF3F7 ( zirgen/circuit/rv32im/v2/dsl/inst.zir :102:19) at  OpSRL ( zirgen/circuit/rv32im/v2/dsl/inst_div.zir :134:20)));loc(callsite( VerifyOpcodeF3F7 ( zirgen/circuit/rv32im/v2/dsl/inst.zir :102:19) at  OpSRLI ( zirgen/circuit/rv32im/v2/dsl/inst_div.zir :148:20)));loc(callsite( VerifyOpcodeF3F7 ( zirgen/circuit/rv32im/v2/dsl/inst.zir :102:19) at  OpXOR ( zirgen/circuit/rv32im/v2/dsl/inst_misc.zir :100:20)));loc(callsite( VerifyOpcodeF3F7 ( zirgen/circuit/rv32im/v2/dsl/inst.zir :102:19) at callsite( OpADD ( zirgen/circuit/rv32im/v2/dsl/inst_misc.zir :90:20) at  Misc0 ( zirgen/circuit/rv32im/v2/dsl/inst_misc.zir :33:28))));loc(callsite( VerifyOpcodeF3F7 ( zirgen/circuit/rv32im/v2/dsl/inst.zir :102:19) at callsite( OpSUB ( zirgen/circuit/rv32im/v2/dsl/inst_misc.zir :95:20) at  Misc0 ( zirgen/circuit/rv32im/v2/dsl/inst_misc.zir :34:28))));loc(callsite( VerifyOpcodeF3F7 ( zirgen/circuit/rv32im/v2/dsl/inst.zir :103:18) at  OpAND ( zirgen/circuit/rv32im/v2/dsl/inst_misc.zir :110:20)));loc(callsite( VerifyOpcodeF3F7 ( zirgen/circuit/rv32im/v2/dsl/inst.zir :103:18) at  OpDIV ( zirgen/circuit/rv32im/v2/dsl/inst_div.zir :162:20)));loc(callsite( VerifyOpcodeF3F7 ( zirgen/circuit/rv32im/v2/dsl/inst.zir :103:18) at  OpDIVU ( zirgen/circuit/rv32im/v2/dsl/inst_div.zir :167:20)));loc(callsite( VerifyOpcodeF3F7 ( zirgen/circuit/rv32im/v2/dsl/inst.zir :103:18) at  OpMUL ( zirgen/circuit/rv32im/v2/dsl/inst_mul.zir :63:20)));loc(callsite( VerifyOpcodeF3F7 ( zirgen/circuit/rv32im/v2/dsl/inst.zir :103:18) at  OpMULH ( zirgen/circuit/rv32im/v2/dsl/inst_mul.zir :69:20)));loc(callsite( VerifyOpcodeF3F7 ( zirgen/circuit/rv32im/v2/dsl/inst.zir :103:18) at  OpOR ( zirgen/circuit/rv32im/v2/dsl/inst_misc.zir :105:20)));loc(callsite( VerifyOpcodeF3F7 ( zirgen/circuit/rv32im/v2/dsl/inst.zir :103:18) at  OpSLL ( zirgen/circuit/rv32im/v2/dsl/inst_mul.zir :49:20)));loc(callsite( VerifyOpcodeF3F7 ( zirgen/circuit/rv32im/v2/dsl/inst.zir :103:18) at  OpSLLI ( zirgen/circuit/rv32im/v2/dsl/inst_mul.zir :56:20)));loc(callsite( VerifyOpcodeF3F7 ( zirgen/circuit/rv32im/v2/dsl/inst.zir :103:18) at  OpSLT ( zirgen/circuit/rv32im/v2/dsl/inst_misc.zir :115:20)));loc(callsite( VerifyOpcodeF3F7 ( zirgen/circuit/rv32im/v2/dsl/inst.zir :103:18) at  OpSLTU ( zirgen/circuit/rv32im/v2/dsl/inst_misc.zir :121:20)));loc(callsite( VerifyOpcodeF3F7 ( zirgen/circuit/rv32im/v2/dsl/inst.zir :103:18) at  OpSRL ( zirgen/circuit/rv32im/v2/dsl/inst_div.zir :134:20)));loc(callsite( VerifyOpcodeF3F7 ( zirgen/circuit/rv32im/v2/dsl/inst.zir :103:18) at  OpSRLI ( zirgen/circuit/rv32im/v2/dsl/inst_div.zir :148:20)));loc(callsite( VerifyOpcodeF3F7 ( zirgen/circuit/rv32im/v2/dsl/inst.zir :103:18) at  OpXOR ( zirgen/circuit/rv32im/v2/dsl/inst_misc.zir :100:20)));loc(callsite( VerifyOpcodeF3F7 ( zirgen/circuit/rv32im/v2/dsl/inst.zir :103:18) at callsite( OpADD ( zirgen/circuit/rv32im/v2/dsl/inst_misc.zir :90:20) at  Misc0 ( zirgen/circuit/rv32im/v2/dsl/inst_misc.zir :33:28))));loc(callsite( VerifyOpcodeF3F7 ( zirgen/circuit/rv32im/v2/dsl/inst.zir :103:18) at callsite( OpSUB ( zirgen/circuit/rv32im/v2/dsl/inst_misc.zir :95:20) at  Misc0 ( zirgen/circuit/rv32im/v2/dsl/inst_misc.zir :34:28))));loc(callsite( VerifyOpcodeF3F7 ( zirgen/circuit/rv32im/v2/dsl/inst.zir :104:18) at  OpAND ( zirgen/circuit/rv32im/v2/dsl/inst_misc.zir :110:20)));loc(callsite( VerifyOpcodeF3F7 ( zirgen/circuit/rv32im/v2/dsl/inst.zir :104:18) at  OpDIVU ( zirgen/circuit/rv32im/v2/dsl/inst_div.zir :167:20)));loc(callsite( VerifyOpcodeF3F7 ( zirgen/circuit/rv32im/v2/dsl/inst.zir :104:18) at  OpMUL ( zirgen/circuit/rv32im/v2/dsl/inst_mul.zir :63:20)));loc(callsite( VerifyOpcodeF3F7 ( zirgen/circuit/rv32im/v2/dsl/inst.zir :104:18) at  OpOR ( zirgen/circuit/rv32im/v2/dsl/inst_misc.zir :105:20)));loc(callsite( VerifyOpcodeF3F7 ( zirgen/circuit/rv32im/v2/dsl/inst.zir :104:18) at  OpREM ( zirgen/circuit/rv32im/v2/dsl/inst_div.zir :172:20)));loc(callsite( VerifyOpcodeF3F7 ( zirgen/circuit/rv32im/v2/dsl/inst.zir :104:18) at  OpREMU ( zirgen/circuit/rv32im/v2/dsl/inst_div.zir :177:20)));loc(callsite( VerifyOpcodeF3F7 ( zirgen/circuit/rv32im/v2/dsl/inst.zir :104:18) at  OpSLLI ( zirgen/circuit/rv32im/v2/dsl/inst_mul.zir :56:20)));loc(callsite( VerifyOpcodeF3F7 ( zirgen/circuit/rv32im/v2/dsl/inst.zir :104:18) at  OpSLTU ( zirgen/circuit/rv32im/v2/dsl/inst_misc.zir :121:20)));loc(callsite( VerifyOpcodeF3F7 ( zirgen/circuit/rv32im/v2/dsl/inst.zir :104:18) at  OpSRAI ( zirgen/circuit/rv32im/v2/dsl/inst_div.zir :154:20)));loc(callsite( VerifyOpcodeF3F7 ( zirgen/circuit/rv32im/v2/dsl/inst.zir :104:18) at  OpSRLI ( zirgen/circuit/rv32im/v2/dsl/inst_div.zir :148:20)));loc(callsite( VerifyOpcodeF3F7 ( zirgen/circuit/rv32im/v2/dsl/inst.zir :104:18) at  OpXOR ( zirgen/circuit/rv32im/v2/dsl/inst_misc.zir :100:20)));loc(callsite( VerifyOpcodeF3F7 ( zirgen/circuit/rv32im/v2/dsl/inst.zir :104:18) at callsite( OpADD ( zirgen/circuit/rv32im/v2/dsl/inst_misc.zir :90:20) at  Misc0 ( zirgen/circuit/rv32im/v2/dsl/inst_misc.zir :33:28))));loc(callsite( VerifyOpcodeF3F7 ( zirgen/circuit/rv32im/v2/dsl/inst.zir :104:18) at callsite( OpSUB ( zirgen/circuit/rv32im/v2/dsl/inst_misc.zir :95:20) at  Misc0 ( zirgen/circuit/rv32im/v2/dsl/inst_misc.zir :34:28)))),6000,125,False
