seed,arm_id,cumulative_reward,n_mutations,mean_reward,db_path
1234,COMP_OUT_MOD|core_arithmetic,13.163040401264379,121,0.10878545786168908,/root/arguzz/a4/runs/iv_pos_7/dbs/2026-06-14_03-00-16_498814/polynize/pos_iv_pos_7_ts_b1_cTS_semantic_v2_seed1234_n6000.db
1234,COMP_OUT_MOD|core_mul,12.91675667305188,120,0.107639638942099,/root/arguzz/a4/runs/iv_pos_7/dbs/2026-06-14_03-00-16_498814/polynize/pos_iv_pos_7_ts_b1_cTS_semantic_v2_seed1234_n6000.db
1234,COMP_OUT_MOD|core_shr,13.086975188389397,120,0.10905812656991164,/root/arguzz/a4/runs/iv_pos_7/dbs/2026-06-14_03-00-16_498814/polynize/pos_iv_pos_7_ts_b1_cTS_semantic_v2_seed1234_n6000.db
1234,COMP_OUT_MOD|post_ecall,12.952794715255049,120,0.10793995596045874,/root/arguzz/a4/runs/iv_pos_7/dbs/2026-06-14_03-00-16_498814/polynize/pos_iv_pos_7_ts_b1_cTS_semantic_v2_seed1234_n6000.db
1234,INSTR_TYPE_MOD|core_arithmetic,5.885547539536925,137,0.042960201018517705,/root/arguzz/a4/runs/iv_pos_7/dbs/2026-06-14_03-00-16_498814/polynize/pos_iv_pos_7_ts_b1_cTS_semantic_v2_seed1234_n6000.db
1234,INSTR_TYPE_MOD|core_memory_load,8.703674075350978,126,0.06907677837580141,/root/arguzz/a4/runs/iv_pos_7/dbs/2026-06-14_03-00-16_498814/polynize/pos_iv_pos_7_ts_b1_cTS_semantic_v2_seed1234_n6000.db
1234,INSTR_TYPE_MOD|core_memory_store,8.616431512285128,120,0.07180359593570941,/root/arguzz/a4/runs/iv_pos_7/dbs/2026-06-14_03-00-16_498814/polynize/pos_iv_pos_7_ts_b1_cTS_semantic_v2_seed1234_n6000.db
1234,INSTR_TYPE_MOD|core_mul,7.066686709992245,133,0.05313298278189658,/root/arguzz/a4/runs/iv_pos_7/dbs/2026-06-14_03-00-16_498814/polynize/pos_iv_pos_7_ts_b1_cTS_semantic_v2_seed1234_n6000.db
1234,INSTR_TYPE_MOD|core_shr,6.955452906089486,136,0.0511430360741874,/root/arguzz/a4/runs/iv_pos_7/dbs/2026-06-14_03-00-16_498814/polynize/pos_iv_pos_7_ts_b1_cTS_semantic_v2_seed1234_n6000.db
1234,INSTR_TYPE_MOD|kernel_other,6.42134642755378,130,0.04939497251964446,/root/arguzz/a4/runs/iv_pos_7/dbs/2026-06-14_03-00-16_498814/polynize/pos_iv_pos_7_ts_b1_cTS_semantic_v2_seed1234_n6000.db
1234,INSTR_TYPE_MOD|post_ecall,4.168888743731865,121,0.034453625981255086,/root/arguzz/a4/runs/iv_pos_7/dbs/2026-06-14_03-00-16_498814/polynize/pos_iv_pos_7_ts_b1_cTS_semantic_v2_seed1234_n6000.db
1234,INSTR_TYPE_MOD|pre_ecall,1.1714692273047105,125,0.009371753818437684,/root/arguzz/a4/runs/iv_pos_7/dbs/2026-06-14_03-00-16_498814/polynize/pos_iv_pos_7_ts_b1_cTS_semantic_v2_seed1234_n6000.db
1234,INSTR_TYPE_MOD|step0,6.038004676280673,280,0.021564302415288117,/root/arguzz/a4/runs/iv_pos_7/dbs/2026-06-14_03-00-16_498814/polynize/pos_iv_pos_7_ts_b1_cTS_semantic_v2_seed1234_n6000.db
1234,INSTR_WORD_MOD_FULL|core_arithmetic,15.055818903451355,120,0.12546515752876128,/root/arguzz/a4/runs/iv_pos_7/dbs/2026-06-14_03-00-16_498814/polynize/pos_iv_pos_7_ts_b1_cTS_semantic_v2_seed1234_n6000.db
1234,INSTR_WORD_MOD_FULL|core_memory_load,20.441172592516743,120,0.17034310493763952,/root/arguzz/a4/runs/iv_pos_7/dbs/2026-06-14_03-00-16_498814/polynize/pos_iv_pos_7_ts_b1_cTS_semantic_v2_seed1234_n6000.db
1234,INSTR_WORD_MOD_FULL|core_memory_store,23.00835503246227,120,0.19173629193718558,/root/arguzz/a4/runs/iv_pos_7/dbs/2026-06-14_03-00-16_498814/polynize/pos_iv_pos_7_ts_b1_cTS_semantic_v2_seed1234_n6000.db
1234,INSTR_WORD_MOD_FULL|core_mul,16.289838118672478,120,0.13574865098893732,/root/arguzz/a4/runs/iv_pos_7/dbs/2026-06-14_03-00-16_498814/polynize/pos_iv_pos_7_ts_b1_cTS_semantic_v2_seed1234_n6000.db
1234,INSTR_WORD_MOD_FULL|core_shr,15.648681490807405,120,0.1304056790900617,/root/arguzz/a4/runs/iv_pos_7/dbs/2026-06-14_03-00-16_498814/polynize/pos_iv_pos_7_ts_b1_cTS_semantic_v2_seed1234_n6000.db
1234,INSTR_WORD_MOD_FULL|kernel_other,17.15138011566866,120,0.14292816763057214,/root/arguzz/a4/runs/iv_pos_7/dbs/2026-06-14_03-00-16_498814/polynize/pos_iv_pos_7_ts_b1_cTS_semantic_v2_seed1234_n6000.db
1234,INSTR_WORD_MOD_FULL|post_ecall,17.090093386252466,120,0.14241744488543723,/root/arguzz/a4/runs/iv_pos_7/dbs/2026-06-14_03-00-16_498814/polynize/pos_iv_pos_7_ts_b1_cTS_semantic_v2_seed1234_n6000.db
1234,INSTR_WORD_MOD_SUR|core_arithmetic,22.514801555677778,120,0.1876233462973148,/root/arguzz/a4/runs/iv_pos_7/dbs/2026-06-14_03-00-16_498814/polynize/pos_iv_pos_7_ts_b1_cTS_semantic_v2_seed1234_n6000.db
1234,INSTR_WORD_MOD_SUR|core_memory_load,22.534315523718906,120,0.18778596269765754,/root/arguzz/a4/runs/iv_pos_7/dbs/2026-06-14_03-00-16_498814/polynize/pos_iv_pos_7_ts_b1_cTS_semantic_v2_seed1234_n6000.db
1234,INSTR_WORD_MOD_SUR|core_memory_store,23.522713284447917,120,0.19602261070373264,/root/arguzz/a4/runs/iv_pos_7/dbs/2026-06-14_03-00-16_498814/polynize/pos_iv_pos_7_ts_b1_cTS_semantic_v2_seed1234_n6000.db
1234,INSTR_WORD_MOD_SUR|core_mul,20.32357483496485,120,0.1693631236247071,/root/arguzz/a4/runs/iv_pos_7/dbs/2026-06-14_03-00-16_498814/polynize/pos_iv_pos_7_ts_b1_cTS_semantic_v2_seed1234_n6000.db
1234,INSTR_WORD_MOD_SUR|core_shr,21.228070430345944,120,0.17690058691954955,/root/arguzz/a4/runs/iv_pos_7/dbs/2026-06-14_03-00-16_498814/polynize/pos_iv_pos_7_ts_b1_cTS_semantic_v2_seed1234_n6000.db
1234,INSTR_WORD_MOD_SUR|kernel_other,22.501801087757656,120,0.18751500906464713,/root/arguzz/a4/runs/iv_pos_7/dbs/2026-06-14_03-00-16_498814/polynize/pos_iv_pos_7_ts_b1_cTS_semantic_v2_seed1234_n6000.db
1234,INSTR_WORD_MOD_SUR|post_ecall,19.855257469634065,120,0.1654604789136172,/root/arguzz/a4/runs/iv_pos_7/dbs/2026-06-14_03-00-16_498814/polynize/pos_iv_pos_7_ts_b1_cTS_semantic_v2_seed1234_n6000.db
1234,LOAD_VAL_MOD|core_memory_load,12.818287873220994,120,0.10681906561017494,/root/arguzz/a4/runs/iv_pos_7/dbs/2026-06-14_03-00-16_498814/polynize/pos_iv_pos_7_ts_b1_cTS_semantic_v2_seed1234_n6000.db
1234,LOAD_VAL_MOD|post_ecall,11.346650183908556,120,0.09455541819923798,/root/arguzz/a4/runs/iv_pos_7/dbs/2026-06-14_03-00-16_498814/polynize/pos_iv_pos_7_ts_b1_cTS_semantic_v2_seed1234_n6000.db
1234,MEM_VAL_MOD|core_arithmetic,9.34413781125295,120,0.07786781509377458,/root/arguzz/a4/runs/iv_pos_7/dbs/2026-06-14_03-00-16_498814/polynize/pos_iv_pos_7_ts_b1_cTS_semantic_v2_seed1234_n6000.db
1234,MEM_VAL_MOD|core_branch,7.62007415370092,124,0.061452210916942904,/root/arguzz/a4/runs/iv_pos_7/dbs/2026-06-14_03-00-16_498814/polynize/pos_iv_pos_7_ts_b1_cTS_semantic_v2_seed1234_n6000.db
1234,MEM_VAL_MOD|core_memory_load,7.568405688487336,120,0.06307004740406114,/root/arguzz/a4/runs/iv_pos_7/dbs/2026-06-14_03-00-16_498814/polynize/pos_iv_pos_7_ts_b1_cTS_semantic_v2_seed1234_n6000.db
1234,MEM_VAL_MOD|core_memory_store,12.985909094214861,120,0.10821590911845717,/root/arguzz/a4/runs/iv_pos_7/dbs/2026-06-14_03-00-16_498814/polynize/pos_iv_pos_7_ts_b1_cTS_semantic_v2_seed1234_n6000.db
1234,MEM_VAL_MOD|kernel_other,11.984195594640175,120,0.09986829662200146,/root/arguzz/a4/runs/iv_pos_7/dbs/2026-06-14_03-00-16_498814/polynize/pos_iv_pos_7_ts_b1_cTS_semantic_v2_seed1234_n6000.db
1234,MEM_VAL_MOD|last_step,31.710802444511014,121,0.26207274747529763,/root/arguzz/a4/runs/iv_pos_7/dbs/2026-06-14_03-00-16_498814/polynize/pos_iv_pos_7_ts_b1_cTS_semantic_v2_seed1234_n6000.db
1234,MEM_VAL_MOD|post_ecall,8.295835134834055,120,0.06913195945695046,/root/arguzz/a4/runs/iv_pos_7/dbs/2026-06-14_03-00-16_498814/polynize/pos_iv_pos_7_ts_b1_cTS_semantic_v2_seed1234_n6000.db
1234,MEM_VAL_MOD|pre_ecall,13.740633077892562,120,0.11450527564910469,/root/arguzz/a4/runs/iv_pos_7/dbs/2026-06-14_03-00-16_498814/polynize/pos_iv_pos_7_ts_b1_cTS_semantic_v2_seed1234_n6000.db
1234,MEM_VAL_MOD|step0,9.101299665483294,121,0.07521735260729995,/root/arguzz/a4/runs/iv_pos_7/dbs/2026-06-14_03-00-16_498814/polynize/pos_iv_pos_7_ts_b1_cTS_semantic_v2_seed1234_n6000.db
1234,PRE_EXEC_REG_MOD|core_arithmetic,10.966584427472545,122,0.08989003629075856,/root/arguzz/a4/runs/iv_pos_7/dbs/2026-06-14_03-00-16_498814/polynize/pos_iv_pos_7_ts_b1_cTS_semantic_v2_seed1234_n6000.db
1234,PRE_EXEC_REG_MOD|core_memory_load,8.794369097746127,122,0.07208499260447646,/root/arguzz/a4/runs/iv_pos_7/dbs/2026-06-14_03-00-16_498814/polynize/pos_iv_pos_7_ts_b1_cTS_semantic_v2_seed1234_n6000.db
1234,PRE_EXEC_REG_MOD|core_memory_store,8.250954746590551,120,0.06875795622158792,/root/arguzz/a4/runs/iv_pos_7/dbs/2026-06-14_03-00-16_498814/polynize/pos_iv_pos_7_ts_b1_cTS_semantic_v2_seed1234_n6000.db
1234,PRE_EXEC_REG_MOD|core_mul,11.01293587196499,120,0.09177446559970824,/root/arguzz/a4/runs/iv_pos_7/dbs/2026-06-14_03-00-16_498814/polynize/pos_iv_pos_7_ts_b1_cTS_semantic_v2_seed1234_n6000.db
1234,PRE_EXEC_REG_MOD|core_shr,10.660815214648974,120,0.08884012678874145,/root/arguzz/a4/runs/iv_pos_7/dbs/2026-06-14_03-00-16_498814/polynize/pos_iv_pos_7_ts_b1_cTS_semantic_v2_seed1234_n6000.db
1234,PRE_EXEC_REG_MOD|kernel_other,6.967087369529869,120,0.05805906141274891,/root/arguzz/a4/runs/iv_pos_7/dbs/2026-06-14_03-00-16_498814/polynize/pos_iv_pos_7_ts_b1_cTS_semantic_v2_seed1234_n6000.db
1234,PRE_EXEC_REG_MOD|post_ecall,8.345107900085754,120,0.06954256583404796,/root/arguzz/a4/runs/iv_pos_7/dbs/2026-06-14_03-00-16_498814/polynize/pos_iv_pos_7_ts_b1_cTS_semantic_v2_seed1234_n6000.db
1234,PRE_EXEC_REG_MOD|step0,9.344400497641477,121,0.07722645039373122,/root/arguzz/a4/runs/iv_pos_7/dbs/2026-06-14_03-00-16_498814/polynize/pos_iv_pos_7_ts_b1_cTS_semantic_v2_seed1234_n6000.db
1234,STORE_OUT_MOD|core_memory_store,12.741602059436621,120,0.10618001716197184,/root/arguzz/a4/runs/iv_pos_7/dbs/2026-06-14_03-00-16_498814/polynize/pos_iv_pos_7_ts_b1_cTS_semantic_v2_seed1234_n6000.db
1234,STORE_OUT_MOD|kernel_other,11.961626633322084,120,0.0996802219443507,/root/arguzz/a4/runs/iv_pos_7/dbs/2026-06-14_03-00-16_498814/polynize/pos_iv_pos_7_ts_b1_cTS_semantic_v2_seed1234_n6000.db
1235,COMP_OUT_MOD|core_arithmetic,12.968429382182741,121,0.10717710233208877,/root/arguzz/a4/runs/iv_pos_7/dbs/2026-06-14_08-42-21_698342/polynize/pos_iv_pos_7_ts_b2_cTS_semantic_v2_seed1235_n6000.db
1235,COMP_OUT_MOD|core_mul,12.858491791653618,120,0.10715409826378015,/root/arguzz/a4/runs/iv_pos_7/dbs/2026-06-14_08-42-21_698342/polynize/pos_iv_pos_7_ts_b2_cTS_semantic_v2_seed1235_n6000.db
1235,COMP_OUT_MOD|core_shr,12.915861937425712,120,0.10763218281188093,/root/arguzz/a4/runs/iv_pos_7/dbs/2026-06-14_08-42-21_698342/polynize/pos_iv_pos_7_ts_b2_cTS_semantic_v2_seed1235_n6000.db
1235,COMP_OUT_MOD|post_ecall,13.237105066891115,120,0.11030920889075929,/root/arguzz/a4/runs/iv_pos_7/dbs/2026-06-14_08-42-21_698342/polynize/pos_iv_pos_7_ts_b2_cTS_semantic_v2_seed1235_n6000.db
1235,INSTR_TYPE_MOD|core_arithmetic,5.583157859526866,140,0.03987969899662047,/root/arguzz/a4/runs/iv_pos_7/dbs/2026-06-14_08-42-21_698342/polynize/pos_iv_pos_7_ts_b2_cTS_semantic_v2_seed1235_n6000.db
1235,INSTR_TYPE_MOD|core_memory_load,8.67443102904555,134,0.06473455991825038,/root/arguzz/a4/runs/iv_pos_7/dbs/2026-06-14_08-42-21_698342/polynize/pos_iv_pos_7_ts_b2_cTS_semantic_v2_seed1235_n6000.db
1235,INSTR_TYPE_MOD|core_memory_store,8.38091749511837,139,0.06029437046847748,/root/arguzz/a4/runs/iv_pos_7/dbs/2026-06-14_08-42-21_698342/polynize/pos_iv_pos_7_ts_b2_cTS_semantic_v2_seed1235_n6000.db
1235,INSTR_TYPE_MOD|core_mul,5.975104300510884,127,0.047048065358353416,/root/arguzz/a4/runs/iv_pos_7/dbs/2026-06-14_08-42-21_698342/polynize/pos_iv_pos_7_ts_b2_cTS_semantic_v2_seed1235_n6000.db
1235,INSTR_TYPE_MOD|core_shr,6.090119051500269,128,0.047579055089845855,/root/arguzz/a4/runs/iv_pos_7/dbs/2026-06-14_08-42-21_698342/polynize/pos_iv_pos_7_ts_b2_cTS_semantic_v2_seed1235_n6000.db
1235,INSTR_TYPE_MOD|kernel_other,6.208763305304017,126,0.04927589924844458,/root/arguzz/a4/runs/iv_pos_7/dbs/2026-06-14_08-42-21_698342/polynize/pos_iv_pos_7_ts_b2_cTS_semantic_v2_seed1235_n6000.db
1235,INSTR_TYPE_MOD|post_ecall,5.358831738672663,123,0.043567737712785874,/root/arguzz/a4/runs/iv_pos_7/dbs/2026-06-14_08-42-21_698342/polynize/pos_iv_pos_7_ts_b2_cTS_semantic_v2_seed1235_n6000.db
1235,INSTR_TYPE_MOD|pre_ecall,1.368545556802308,132,0.010367769369714454,/root/arguzz/a4/runs/iv_pos_7/dbs/2026-06-14_08-42-21_698342/polynize/pos_iv_pos_7_ts_b2_cTS_semantic_v2_seed1235_n6000.db
1235,INSTR_TYPE_MOD|step0,5.392244542525714,266,0.02027159602453276,/root/arguzz/a4/runs/iv_pos_7/dbs/2026-06-14_08-42-21_698342/polynize/pos_iv_pos_7_ts_b2_cTS_semantic_v2_seed1235_n6000.db
1235,INSTR_WORD_MOD_FULL|core_arithmetic,17.028571495611956,120,0.14190476246343298,/root/arguzz/a4/runs/iv_pos_7/dbs/2026-06-14_08-42-21_698342/polynize/pos_iv_pos_7_ts_b2_cTS_semantic_v2_seed1235_n6000.db
1235,INSTR_WORD_MOD_FULL|core_memory_load,20.920403851127315,120,0.17433669875939428,/root/arguzz/a4/runs/iv_pos_7/dbs/2026-06-14_08-42-21_698342/polynize/pos_iv_pos_7_ts_b2_cTS_semantic_v2_seed1235_n6000.db
1235,INSTR_WORD_MOD_FULL|core_memory_store,20.358114974559978,120,0.16965095812133316,/root/arguzz/a4/runs/iv_pos_7/dbs/2026-06-14_08-42-21_698342/polynize/pos_iv_pos_7_ts_b2_cTS_semantic_v2_seed1235_n6000.db
1235,INSTR_WORD_MOD_FULL|core_mul,16.90770146311428,120,0.14089751219261898,/root/arguzz/a4/runs/iv_pos_7/dbs/2026-06-14_08-42-21_698342/polynize/pos_iv_pos_7_ts_b2_cTS_semantic_v2_seed1235_n6000.db
1235,INSTR_WORD_MOD_FULL|core_shr,15.564459548370472,120,0.12970382956975393,/root/arguzz/a4/runs/iv_pos_7/dbs/2026-06-14_08-42-21_698342/polynize/pos_iv_pos_7_ts_b2_cTS_semantic_v2_seed1235_n6000.db
1235,INSTR_WORD_MOD_FULL|kernel_other,16.924252658227335,120,0.14103543881856112,/root/arguzz/a4/runs/iv_pos_7/dbs/2026-06-14_08-42-21_698342/polynize/pos_iv_pos_7_ts_b2_cTS_semantic_v2_seed1235_n6000.db
1235,INSTR_WORD_MOD_FULL|post_ecall,16.503139652213687,120,0.1375261637684474,/root/arguzz/a4/runs/iv_pos_7/dbs/2026-06-14_08-42-21_698342/polynize/pos_iv_pos_7_ts_b2_cTS_semantic_v2_seed1235_n6000.db
1235,INSTR_WORD_MOD_SUR|core_arithmetic,22.3016678178171,120,0.1858472318151425,/root/arguzz/a4/runs/iv_pos_7/dbs/2026-06-14_08-42-21_698342/polynize/pos_iv_pos_7_ts_b2_cTS_semantic_v2_seed1235_n6000.db
1235,INSTR_WORD_MOD_SUR|core_memory_load,23.462593804623516,120,0.1955216150385293,/root/arguzz/a4/runs/iv_pos_7/dbs/2026-06-14_08-42-21_698342/polynize/pos_iv_pos_7_ts_b2_cTS_semantic_v2_seed1235_n6000.db
1235,INSTR_WORD_MOD_SUR|core_memory_store,23.05267171000123,120,0.19210559758334358,/root/arguzz/a4/runs/iv_pos_7/dbs/2026-06-14_08-42-21_698342/polynize/pos_iv_pos_7_ts_b2_cTS_semantic_v2_seed1235_n6000.db
1235,INSTR_WORD_MOD_SUR|core_mul,22.078367535269248,120,0.18398639612724374,/root/arguzz/a4/runs/iv_pos_7/dbs/2026-06-14_08-42-21_698342/polynize/pos_iv_pos_7_ts_b2_cTS_semantic_v2_seed1235_n6000.db
1235,INSTR_WORD_MOD_SUR|core_shr,22.01199100738243,120,0.18343325839485358,/root/arguzz/a4/runs/iv_pos_7/dbs/2026-06-14_08-42-21_698342/polynize/pos_iv_pos_7_ts_b2_cTS_semantic_v2_seed1235_n6000.db
1235,INSTR_WORD_MOD_SUR|kernel_other,21.794383323819762,120,0.18161986103183134,/root/arguzz/a4/runs/iv_pos_7/dbs/2026-06-14_08-42-21_698342/polynize/pos_iv_pos_7_ts_b2_cTS_semantic_v2_seed1235_n6000.db
1235,INSTR_WORD_MOD_SUR|post_ecall,20.420210088047607,120,0.17016841740039673,/root/arguzz/a4/runs/iv_pos_7/dbs/2026-06-14_08-42-21_698342/polynize/pos_iv_pos_7_ts_b2_cTS_semantic_v2_seed1235_n6000.db
1235,LOAD_VAL_MOD|core_memory_load,12.953444199591903,120,0.10794536832993253,/root/arguzz/a4/runs/iv_pos_7/dbs/2026-06-14_08-42-21_698342/polynize/pos_iv_pos_7_ts_b2_cTS_semantic_v2_seed1235_n6000.db
1235,LOAD_VAL_MOD|post_ecall,11.670415346933506,120,0.09725346122444588,/root/arguzz/a4/runs/iv_pos_7/dbs/2026-06-14_08-42-21_698342/polynize/pos_iv_pos_7_ts_b2_cTS_semantic_v2_seed1235_n6000.db
1235,MEM_VAL_MOD|core_arithmetic,10.722468861911853,120,0.08935390718259878,/root/arguzz/a4/runs/iv_pos_7/dbs/2026-06-14_08-42-21_698342/polynize/pos_iv_pos_7_ts_b2_cTS_semantic_v2_seed1235_n6000.db
1235,MEM_VAL_MOD|core_branch,7.1675779535988475,120,0.0597298162799904,/root/arguzz/a4/runs/iv_pos_7/dbs/2026-06-14_08-42-21_698342/polynize/pos_iv_pos_7_ts_b2_cTS_semantic_v2_seed1235_n6000.db
1235,MEM_VAL_MOD|core_memory_load,7.665609665905077,120,0.06388008054920898,/root/arguzz/a4/runs/iv_pos_7/dbs/2026-06-14_08-42-21_698342/polynize/pos_iv_pos_7_ts_b2_cTS_semantic_v2_seed1235_n6000.db
1235,MEM_VAL_MOD|core_memory_store,12.827124612507735,120,0.10689270510423113,/root/arguzz/a4/runs/iv_pos_7/dbs/2026-06-14_08-42-21_698342/polynize/pos_iv_pos_7_ts_b2_cTS_semantic_v2_seed1235_n6000.db
1235,MEM_VAL_MOD|kernel_other,11.851453591082588,120,0.09876211325902157,/root/arguzz/a4/runs/iv_pos_7/dbs/2026-06-14_08-42-21_698342/polynize/pos_iv_pos_7_ts_b2_cTS_semantic_v2_seed1235_n6000.db
1235,MEM_VAL_MOD|last_step,31.035219394679707,121,0.25648941648495627,/root/arguzz/a4/runs/iv_pos_7/dbs/2026-06-14_08-42-21_698342/polynize/pos_iv_pos_7_ts_b2_cTS_semantic_v2_seed1235_n6000.db
1235,MEM_VAL_MOD|post_ecall,8.267706995252201,120,0.06889755829376834,/root/arguzz/a4/runs/iv_pos_7/dbs/2026-06-14_08-42-21_698342/polynize/pos_iv_pos_7_ts_b2_cTS_semantic_v2_seed1235_n6000.db
1235,MEM_VAL_MOD|pre_ecall,14.240194082319155,120,0.11866828401932629,/root/arguzz/a4/runs/iv_pos_7/dbs/2026-06-14_08-42-21_698342/polynize/pos_iv_pos_7_ts_b2_cTS_semantic_v2_seed1235_n6000.db
1235,MEM_VAL_MOD|step0,9.169318892675056,121,0.0757794949807856,/root/arguzz/a4/runs/iv_pos_7/dbs/2026-06-14_08-42-21_698342/polynize/pos_iv_pos_7_ts_b2_cTS_semantic_v2_seed1235_n6000.db
1235,PRE_EXEC_REG_MOD|core_arithmetic,10.60386142565208,120,0.088365511880434,/root/arguzz/a4/runs/iv_pos_7/dbs/2026-06-14_08-42-21_698342/polynize/pos_iv_pos_7_ts_b2_cTS_semantic_v2_seed1235_n6000.db
1235,PRE_EXEC_REG_MOD|core_memory_load,9.983181195403203,121,0.08250562971407606,/root/arguzz/a4/runs/iv_pos_7/dbs/2026-06-14_08-42-21_698342/polynize/pos_iv_pos_7_ts_b2_cTS_semantic_v2_seed1235_n6000.db
1235,PRE_EXEC_REG_MOD|core_memory_store,7.625047565545535,120,0.0635420630462128,/root/arguzz/a4/runs/iv_pos_7/dbs/2026-06-14_08-42-21_698342/polynize/pos_iv_pos_7_ts_b2_cTS_semantic_v2_seed1235_n6000.db
1235,PRE_EXEC_REG_MOD|core_mul,10.79339515572582,120,0.0899449596310485,/root/arguzz/a4/runs/iv_pos_7/dbs/2026-06-14_08-42-21_698342/polynize/pos_iv_pos_7_ts_b2_cTS_semantic_v2_seed1235_n6000.db
1235,PRE_EXEC_REG_MOD|core_shr,10.647672096607362,120,0.08873060080506136,/root/arguzz/a4/runs/iv_pos_7/dbs/2026-06-14_08-42-21_698342/polynize/pos_iv_pos_7_ts_b2_cTS_semantic_v2_seed1235_n6000.db
1235,PRE_EXEC_REG_MOD|kernel_other,6.900306607659295,120,0.05750255506382746,/root/arguzz/a4/runs/iv_pos_7/dbs/2026-06-14_08-42-21_698342/polynize/pos_iv_pos_7_ts_b2_cTS_semantic_v2_seed1235_n6000.db
1235,PRE_EXEC_REG_MOD|post_ecall,8.611010494440801,120,0.07175842078700669,/root/arguzz/a4/runs/iv_pos_7/dbs/2026-06-14_08-42-21_698342/polynize/pos_iv_pos_7_ts_b2_cTS_semantic_v2_seed1235_n6000.db
1235,PRE_EXEC_REG_MOD|step0,9.610001146946525,121,0.07942149708220268,/root/arguzz/a4/runs/iv_pos_7/dbs/2026-06-14_08-42-21_698342/polynize/pos_iv_pos_7_ts_b2_cTS_semantic_v2_seed1235_n6000.db
1235,STORE_OUT_MOD|core_memory_store,12.807081453793755,120,0.10672567878161462,/root/arguzz/a4/runs/iv_pos_7/dbs/2026-06-14_08-42-21_698342/polynize/pos_iv_pos_7_ts_b2_cTS_semantic_v2_seed1235_n6000.db
1235,STORE_OUT_MOD|kernel_other,12.237752615954403,120,0.10198127179962002,/root/arguzz/a4/runs/iv_pos_7/dbs/2026-06-14_08-42-21_698342/polynize/pos_iv_pos_7_ts_b2_cTS_semantic_v2_seed1235_n6000.db
1236,COMP_OUT_MOD|core_arithmetic,13.455474688803914,121,0.11120227015540425,/root/arguzz/a4/runs/iv_pos_7/dbs/pos_iv_pos_7_ts_b3_cTS_semantic_v2_seed1236_n6000/pos_iv_pos_7_ts_b3_cTS_semantic_v2_seed1236_n6000.db
1236,COMP_OUT_MOD|core_mul,13.19903445386145,120,0.10999195378217876,/root/arguzz/a4/runs/iv_pos_7/dbs/pos_iv_pos_7_ts_b3_cTS_semantic_v2_seed1236_n6000/pos_iv_pos_7_ts_b3_cTS_semantic_v2_seed1236_n6000.db
1236,COMP_OUT_MOD|core_shr,13.085231423175868,120,0.10904359519313224,/root/arguzz/a4/runs/iv_pos_7/dbs/pos_iv_pos_7_ts_b3_cTS_semantic_v2_seed1236_n6000/pos_iv_pos_7_ts_b3_cTS_semantic_v2_seed1236_n6000.db
1236,COMP_OUT_MOD|post_ecall,13.168136184757671,120,0.10973446820631393,/root/arguzz/a4/runs/iv_pos_7/dbs/pos_iv_pos_7_ts_b3_cTS_semantic_v2_seed1236_n6000/pos_iv_pos_7_ts_b3_cTS_semantic_v2_seed1236_n6000.db
1236,INSTR_TYPE_MOD|core_arithmetic,5.5957794920848825,125,0.04476623593667906,/root/arguzz/a4/runs/iv_pos_7/dbs/pos_iv_pos_7_ts_b3_cTS_semantic_v2_seed1236_n6000/pos_iv_pos_7_ts_b3_cTS_semantic_v2_seed1236_n6000.db
1236,INSTR_TYPE_MOD|core_memory_load,9.013879740279858,133,0.06777353188180345,/root/arguzz/a4/runs/iv_pos_7/dbs/pos_iv_pos_7_ts_b3_cTS_semantic_v2_seed1236_n6000/pos_iv_pos_7_ts_b3_cTS_semantic_v2_seed1236_n6000.db
1236,INSTR_TYPE_MOD|core_memory_store,8.473023840513108,140,0.060521598860807914,/root/arguzz/a4/runs/iv_pos_7/dbs/pos_iv_pos_7_ts_b3_cTS_semantic_v2_seed1236_n6000/pos_iv_pos_7_ts_b3_cTS_semantic_v2_seed1236_n6000.db
1236,INSTR_TYPE_MOD|core_mul,6.443154633368879,131,0.04918438651426625,/root/arguzz/a4/runs/iv_pos_7/dbs/pos_iv_pos_7_ts_b3_cTS_semantic_v2_seed1236_n6000/pos_iv_pos_7_ts_b3_cTS_semantic_v2_seed1236_n6000.db
1236,INSTR_TYPE_MOD|core_shr,6.946385324147034,125,0.05557108259317627,/root/arguzz/a4/runs/iv_pos_7/dbs/pos_iv_pos_7_ts_b3_cTS_semantic_v2_seed1236_n6000/pos_iv_pos_7_ts_b3_cTS_semantic_v2_seed1236_n6000.db
1236,INSTR_TYPE_MOD|kernel_other,5.853937614914754,130,0.04503028934549811,/root/arguzz/a4/runs/iv_pos_7/dbs/pos_iv_pos_7_ts_b3_cTS_semantic_v2_seed1236_n6000/pos_iv_pos_7_ts_b3_cTS_semantic_v2_seed1236_n6000.db
1236,INSTR_TYPE_MOD|post_ecall,3.8684632610216125,123,0.03145092082131392,/root/arguzz/a4/runs/iv_pos_7/dbs/pos_iv_pos_7_ts_b3_cTS_semantic_v2_seed1236_n6000/pos_iv_pos_7_ts_b3_cTS_semantic_v2_seed1236_n6000.db
1236,INSTR_TYPE_MOD|pre_ecall,1.1043920405071408,125,0.008835136324057127,/root/arguzz/a4/runs/iv_pos_7/dbs/pos_iv_pos_7_ts_b3_cTS_semantic_v2_seed1236_n6000/pos_iv_pos_7_ts_b3_cTS_semantic_v2_seed1236_n6000.db
1236,INSTR_TYPE_MOD|step0,5.717204836058682,272,0.02101913542668633,/root/arguzz/a4/runs/iv_pos_7/dbs/pos_iv_pos_7_ts_b3_cTS_semantic_v2_seed1236_n6000/pos_iv_pos_7_ts_b3_cTS_semantic_v2_seed1236_n6000.db
1236,INSTR_WORD_MOD_FULL|core_arithmetic,16.08225410398384,120,0.13401878419986532,/root/arguzz/a4/runs/iv_pos_7/dbs/pos_iv_pos_7_ts_b3_cTS_semantic_v2_seed1236_n6000/pos_iv_pos_7_ts_b3_cTS_semantic_v2_seed1236_n6000.db
1236,INSTR_WORD_MOD_FULL|core_memory_load,21.679485655040935,120,0.18066238045867447,/root/arguzz/a4/runs/iv_pos_7/dbs/pos_iv_pos_7_ts_b3_cTS_semantic_v2_seed1236_n6000/pos_iv_pos_7_ts_b3_cTS_semantic_v2_seed1236_n6000.db
1236,INSTR_WORD_MOD_FULL|core_memory_store,21.173375724974246,120,0.17644479770811872,/root/arguzz/a4/runs/iv_pos_7/dbs/pos_iv_pos_7_ts_b3_cTS_semantic_v2_seed1236_n6000/pos_iv_pos_7_ts_b3_cTS_semantic_v2_seed1236_n6000.db
1236,INSTR_WORD_MOD_FULL|core_mul,14.507330187639555,120,0.12089441823032962,/root/arguzz/a4/runs/iv_pos_7/dbs/pos_iv_pos_7_ts_b3_cTS_semantic_v2_seed1236_n6000/pos_iv_pos_7_ts_b3_cTS_semantic_v2_seed1236_n6000.db
1236,INSTR_WORD_MOD_FULL|core_shr,16.33919777793384,120,0.136159981482782,/root/arguzz/a4/runs/iv_pos_7/dbs/pos_iv_pos_7_ts_b3_cTS_semantic_v2_seed1236_n6000/pos_iv_pos_7_ts_b3_cTS_semantic_v2_seed1236_n6000.db
1236,INSTR_WORD_MOD_FULL|kernel_other,18.039338721231,120,0.15032782267692502,/root/arguzz/a4/runs/iv_pos_7/dbs/pos_iv_pos_7_ts_b3_cTS_semantic_v2_seed1236_n6000/pos_iv_pos_7_ts_b3_cTS_semantic_v2_seed1236_n6000.db
1236,INSTR_WORD_MOD_FULL|post_ecall,16.530589240926552,120,0.1377549103410546,/root/arguzz/a4/runs/iv_pos_7/dbs/pos_iv_pos_7_ts_b3_cTS_semantic_v2_seed1236_n6000/pos_iv_pos_7_ts_b3_cTS_semantic_v2_seed1236_n6000.db
1236,INSTR_WORD_MOD_SUR|core_arithmetic,21.821687432329846,120,0.18184739526941537,/root/arguzz/a4/runs/iv_pos_7/dbs/pos_iv_pos_7_ts_b3_cTS_semantic_v2_seed1236_n6000/pos_iv_pos_7_ts_b3_cTS_semantic_v2_seed1236_n6000.db
1236,INSTR_WORD_MOD_SUR|core_memory_load,22.955987746005555,120,0.19129989788337962,/root/arguzz/a4/runs/iv_pos_7/dbs/pos_iv_pos_7_ts_b3_cTS_semantic_v2_seed1236_n6000/pos_iv_pos_7_ts_b3_cTS_semantic_v2_seed1236_n6000.db
1236,INSTR_WORD_MOD_SUR|core_memory_store,23.657472114019512,120,0.1971456009501626,/root/arguzz/a4/runs/iv_pos_7/dbs/pos_iv_pos_7_ts_b3_cTS_semantic_v2_seed1236_n6000/pos_iv_pos_7_ts_b3_cTS_semantic_v2_seed1236_n6000.db
1236,INSTR_WORD_MOD_SUR|core_mul,20.675630862731527,120,0.17229692385609605,/root/arguzz/a4/runs/iv_pos_7/dbs/pos_iv_pos_7_ts_b3_cTS_semantic_v2_seed1236_n6000/pos_iv_pos_7_ts_b3_cTS_semantic_v2_seed1236_n6000.db
1236,INSTR_WORD_MOD_SUR|core_shr,20.571107823378235,120,0.17142589852815196,/root/arguzz/a4/runs/iv_pos_7/dbs/pos_iv_pos_7_ts_b3_cTS_semantic_v2_seed1236_n6000/pos_iv_pos_7_ts_b3_cTS_semantic_v2_seed1236_n6000.db
1236,INSTR_WORD_MOD_SUR|kernel_other,21.96444651507756,120,0.183037054292313,/root/arguzz/a4/runs/iv_pos_7/dbs/pos_iv_pos_7_ts_b3_cTS_semantic_v2_seed1236_n6000/pos_iv_pos_7_ts_b3_cTS_semantic_v2_seed1236_n6000.db
1236,INSTR_WORD_MOD_SUR|post_ecall,21.456858955524563,120,0.1788071579627047,/root/arguzz/a4/runs/iv_pos_7/dbs/pos_iv_pos_7_ts_b3_cTS_semantic_v2_seed1236_n6000/pos_iv_pos_7_ts_b3_cTS_semantic_v2_seed1236_n6000.db
1236,LOAD_VAL_MOD|core_memory_load,12.723279193433221,120,0.10602732661194351,/root/arguzz/a4/runs/iv_pos_7/dbs/pos_iv_pos_7_ts_b3_cTS_semantic_v2_seed1236_n6000/pos_iv_pos_7_ts_b3_cTS_semantic_v2_seed1236_n6000.db
1236,LOAD_VAL_MOD|post_ecall,11.794865926697012,120,0.09829054938914177,/root/arguzz/a4/runs/iv_pos_7/dbs/pos_iv_pos_7_ts_b3_cTS_semantic_v2_seed1236_n6000/pos_iv_pos_7_ts_b3_cTS_semantic_v2_seed1236_n6000.db
1236,MEM_VAL_MOD|core_arithmetic,8.880266607508423,120,0.07400222172923686,/root/arguzz/a4/runs/iv_pos_7/dbs/pos_iv_pos_7_ts_b3_cTS_semantic_v2_seed1236_n6000/pos_iv_pos_7_ts_b3_cTS_semantic_v2_seed1236_n6000.db
1236,MEM_VAL_MOD|core_branch,7.036296106913159,120,0.058635800890942995,/root/arguzz/a4/runs/iv_pos_7/dbs/pos_iv_pos_7_ts_b3_cTS_semantic_v2_seed1236_n6000/pos_iv_pos_7_ts_b3_cTS_semantic_v2_seed1236_n6000.db
1236,MEM_VAL_MOD|core_memory_load,8.148794343639615,120,0.06790661953033013,/root/arguzz/a4/runs/iv_pos_7/dbs/pos_iv_pos_7_ts_b3_cTS_semantic_v2_seed1236_n6000/pos_iv_pos_7_ts_b3_cTS_semantic_v2_seed1236_n6000.db
1236,MEM_VAL_MOD|core_memory_store,12.9095423898128,120,0.10757951991510667,/root/arguzz/a4/runs/iv_pos_7/dbs/pos_iv_pos_7_ts_b3_cTS_semantic_v2_seed1236_n6000/pos_iv_pos_7_ts_b3_cTS_semantic_v2_seed1236_n6000.db
1236,MEM_VAL_MOD|kernel_other,11.072105053985673,120,0.09226754211654728,/root/arguzz/a4/runs/iv_pos_7/dbs/pos_iv_pos_7_ts_b3_cTS_semantic_v2_seed1236_n6000/pos_iv_pos_7_ts_b3_cTS_semantic_v2_seed1236_n6000.db
1236,MEM_VAL_MOD|last_step,30.429622427523782,121,0.25148448287209735,/root/arguzz/a4/runs/iv_pos_7/dbs/pos_iv_pos_7_ts_b3_cTS_semantic_v2_seed1236_n6000/pos_iv_pos_7_ts_b3_cTS_semantic_v2_seed1236_n6000.db
1236,MEM_VAL_MOD|post_ecall,7.339820536128804,120,0.0611651711344067,/root/arguzz/a4/runs/iv_pos_7/dbs/pos_iv_pos_7_ts_b3_cTS_semantic_v2_seed1236_n6000/pos_iv_pos_7_ts_b3_cTS_semantic_v2_seed1236_n6000.db
1236,MEM_VAL_MOD|pre_ecall,14.465832515508557,126,0.11480819456752824,/root/arguzz/a4/runs/iv_pos_7/dbs/pos_iv_pos_7_ts_b3_cTS_semantic_v2_seed1236_n6000/pos_iv_pos_7_ts_b3_cTS_semantic_v2_seed1236_n6000.db
1236,MEM_VAL_MOD|step0,9.117724189158869,121,0.07535309247238735,/root/arguzz/a4/runs/iv_pos_7/dbs/pos_iv_pos_7_ts_b3_cTS_semantic_v2_seed1236_n6000/pos_iv_pos_7_ts_b3_cTS_semantic_v2_seed1236_n6000.db
1236,PRE_EXEC_REG_MOD|core_arithmetic,10.367995242754182,120,0.08639996035628485,/root/arguzz/a4/runs/iv_pos_7/dbs/pos_iv_pos_7_ts_b3_cTS_semantic_v2_seed1236_n6000/pos_iv_pos_7_ts_b3_cTS_semantic_v2_seed1236_n6000.db
1236,PRE_EXEC_REG_MOD|core_memory_load,9.43991052593717,126,0.07491992480902517,/root/arguzz/a4/runs/iv_pos_7/dbs/pos_iv_pos_7_ts_b3_cTS_semantic_v2_seed1236_n6000/pos_iv_pos_7_ts_b3_cTS_semantic_v2_seed1236_n6000.db
1236,PRE_EXEC_REG_MOD|core_memory_store,9.25286072325551,120,0.07710717269379593,/root/arguzz/a4/runs/iv_pos_7/dbs/pos_iv_pos_7_ts_b3_cTS_semantic_v2_seed1236_n6000/pos_iv_pos_7_ts_b3_cTS_semantic_v2_seed1236_n6000.db
1236,PRE_EXEC_REG_MOD|core_mul,10.893659340471292,120,0.09078049450392743,/root/arguzz/a4/runs/iv_pos_7/dbs/pos_iv_pos_7_ts_b3_cTS_semantic_v2_seed1236_n6000/pos_iv_pos_7_ts_b3_cTS_semantic_v2_seed1236_n6000.db
1236,PRE_EXEC_REG_MOD|core_shr,10.505289497615358,120,0.08754407914679466,/root/arguzz/a4/runs/iv_pos_7/dbs/pos_iv_pos_7_ts_b3_cTS_semantic_v2_seed1236_n6000/pos_iv_pos_7_ts_b3_cTS_semantic_v2_seed1236_n6000.db
1236,PRE_EXEC_REG_MOD|kernel_other,6.950437298835099,120,0.05792031082362582,/root/arguzz/a4/runs/iv_pos_7/dbs/pos_iv_pos_7_ts_b3_cTS_semantic_v2_seed1236_n6000/pos_iv_pos_7_ts_b3_cTS_semantic_v2_seed1236_n6000.db
1236,PRE_EXEC_REG_MOD|post_ecall,8.67195962513261,120,0.07226633020943841,/root/arguzz/a4/runs/iv_pos_7/dbs/pos_iv_pos_7_ts_b3_cTS_semantic_v2_seed1236_n6000/pos_iv_pos_7_ts_b3_cTS_semantic_v2_seed1236_n6000.db
1236,PRE_EXEC_REG_MOD|step0,9.35352372798205,121,0.0773018489915872,/root/arguzz/a4/runs/iv_pos_7/dbs/pos_iv_pos_7_ts_b3_cTS_semantic_v2_seed1236_n6000/pos_iv_pos_7_ts_b3_cTS_semantic_v2_seed1236_n6000.db
1236,STORE_OUT_MOD|core_memory_store,12.669971815595,120,0.10558309846329167,/root/arguzz/a4/runs/iv_pos_7/dbs/pos_iv_pos_7_ts_b3_cTS_semantic_v2_seed1236_n6000/pos_iv_pos_7_ts_b3_cTS_semantic_v2_seed1236_n6000.db
1236,STORE_OUT_MOD|kernel_other,11.823877271723042,120,0.09853231059769202,/root/arguzz/a4/runs/iv_pos_7/dbs/pos_iv_pos_7_ts_b3_cTS_semantic_v2_seed1236_n6000/pos_iv_pos_7_ts_b3_cTS_semantic_v2_seed1236_n6000.db
1237,COMP_OUT_MOD|core_arithmetic,13.568994893417301,121,0.11214045366460579,/root/arguzz/a4/runs/iv_pos_7/dbs/pos_iv_pos_7_ts_b4_cTS_semantic_v2_seed1237_n6000/pos_iv_pos_7_ts_b4_cTS_semantic_v2_seed1237_n6000.db
1237,COMP_OUT_MOD|core_mul,13.120302261187511,120,0.1093358521765626,/root/arguzz/a4/runs/iv_pos_7/dbs/pos_iv_pos_7_ts_b4_cTS_semantic_v2_seed1237_n6000/pos_iv_pos_7_ts_b4_cTS_semantic_v2_seed1237_n6000.db
1237,COMP_OUT_MOD|core_shr,12.975349221533886,120,0.10812791017944905,/root/arguzz/a4/runs/iv_pos_7/dbs/pos_iv_pos_7_ts_b4_cTS_semantic_v2_seed1237_n6000/pos_iv_pos_7_ts_b4_cTS_semantic_v2_seed1237_n6000.db
1237,COMP_OUT_MOD|post_ecall,13.022998719889976,120,0.10852498933241647,/root/arguzz/a4/runs/iv_pos_7/dbs/pos_iv_pos_7_ts_b4_cTS_semantic_v2_seed1237_n6000/pos_iv_pos_7_ts_b4_cTS_semantic_v2_seed1237_n6000.db
1237,INSTR_TYPE_MOD|core_arithmetic,5.906952713124281,132,0.044749641766093036,/root/arguzz/a4/runs/iv_pos_7/dbs/pos_iv_pos_7_ts_b4_cTS_semantic_v2_seed1237_n6000/pos_iv_pos_7_ts_b4_cTS_semantic_v2_seed1237_n6000.db
1237,INSTR_TYPE_MOD|core_memory_load,7.879485843797569,128,0.061558483154668504,/root/arguzz/a4/runs/iv_pos_7/dbs/pos_iv_pos_7_ts_b4_cTS_semantic_v2_seed1237_n6000/pos_iv_pos_7_ts_b4_cTS_semantic_v2_seed1237_n6000.db
1237,INSTR_TYPE_MOD|core_memory_store,7.702295672162999,131,0.0587961501691832,/root/arguzz/a4/runs/iv_pos_7/dbs/pos_iv_pos_7_ts_b4_cTS_semantic_v2_seed1237_n6000/pos_iv_pos_7_ts_b4_cTS_semantic_v2_seed1237_n6000.db
1237,INSTR_TYPE_MOD|core_mul,7.57750862090882,138,0.05490948276020884,/root/arguzz/a4/runs/iv_pos_7/dbs/pos_iv_pos_7_ts_b4_cTS_semantic_v2_seed1237_n6000/pos_iv_pos_7_ts_b4_cTS_semantic_v2_seed1237_n6000.db
1237,INSTR_TYPE_MOD|core_shr,6.886749281379449,135,0.05101295763984777,/root/arguzz/a4/runs/iv_pos_7/dbs/pos_iv_pos_7_ts_b4_cTS_semantic_v2_seed1237_n6000/pos_iv_pos_7_ts_b4_cTS_semantic_v2_seed1237_n6000.db
1237,INSTR_TYPE_MOD|kernel_other,6.2103701167269705,139,0.04467892170307173,/root/arguzz/a4/runs/iv_pos_7/dbs/pos_iv_pos_7_ts_b4_cTS_semantic_v2_seed1237_n6000/pos_iv_pos_7_ts_b4_cTS_semantic_v2_seed1237_n6000.db
1237,INSTR_TYPE_MOD|post_ecall,3.7801172401570358,121,0.031240638348405254,/root/arguzz/a4/runs/iv_pos_7/dbs/pos_iv_pos_7_ts_b4_cTS_semantic_v2_seed1237_n6000/pos_iv_pos_7_ts_b4_cTS_semantic_v2_seed1237_n6000.db
1237,INSTR_TYPE_MOD|pre_ecall,1.1820887408980847,121,0.009769328437174254,/root/arguzz/a4/runs/iv_pos_7/dbs/pos_iv_pos_7_ts_b4_cTS_semantic_v2_seed1237_n6000/pos_iv_pos_7_ts_b4_cTS_semantic_v2_seed1237_n6000.db
1237,INSTR_TYPE_MOD|step0,5.801058957823307,270,0.02148540354749373,/root/arguzz/a4/runs/iv_pos_7/dbs/pos_iv_pos_7_ts_b4_cTS_semantic_v2_seed1237_n6000/pos_iv_pos_7_ts_b4_cTS_semantic_v2_seed1237_n6000.db
1237,INSTR_WORD_MOD_FULL|core_arithmetic,18.96388002279984,120,0.158032333523332,/root/arguzz/a4/runs/iv_pos_7/dbs/pos_iv_pos_7_ts_b4_cTS_semantic_v2_seed1237_n6000/pos_iv_pos_7_ts_b4_cTS_semantic_v2_seed1237_n6000.db
1237,INSTR_WORD_MOD_FULL|core_memory_load,20.873941480378313,120,0.17394951233648595,/root/arguzz/a4/runs/iv_pos_7/dbs/pos_iv_pos_7_ts_b4_cTS_semantic_v2_seed1237_n6000/pos_iv_pos_7_ts_b4_cTS_semantic_v2_seed1237_n6000.db
1237,INSTR_WORD_MOD_FULL|core_memory_store,22.454210043715758,120,0.18711841703096466,/root/arguzz/a4/runs/iv_pos_7/dbs/pos_iv_pos_7_ts_b4_cTS_semantic_v2_seed1237_n6000/pos_iv_pos_7_ts_b4_cTS_semantic_v2_seed1237_n6000.db
1237,INSTR_WORD_MOD_FULL|core_mul,17.252168741645132,120,0.14376807284704277,/root/arguzz/a4/runs/iv_pos_7/dbs/pos_iv_pos_7_ts_b4_cTS_semantic_v2_seed1237_n6000/pos_iv_pos_7_ts_b4_cTS_semantic_v2_seed1237_n6000.db
1237,INSTR_WORD_MOD_FULL|core_shr,16.73508057053174,120,0.13945900475443115,/root/arguzz/a4/runs/iv_pos_7/dbs/pos_iv_pos_7_ts_b4_cTS_semantic_v2_seed1237_n6000/pos_iv_pos_7_ts_b4_cTS_semantic_v2_seed1237_n6000.db
1237,INSTR_WORD_MOD_FULL|kernel_other,17.565359195367336,120,0.1463779932947278,/root/arguzz/a4/runs/iv_pos_7/dbs/pos_iv_pos_7_ts_b4_cTS_semantic_v2_seed1237_n6000/pos_iv_pos_7_ts_b4_cTS_semantic_v2_seed1237_n6000.db
1237,INSTR_WORD_MOD_FULL|post_ecall,18.389560265487386,120,0.15324633554572822,/root/arguzz/a4/runs/iv_pos_7/dbs/pos_iv_pos_7_ts_b4_cTS_semantic_v2_seed1237_n6000/pos_iv_pos_7_ts_b4_cTS_semantic_v2_seed1237_n6000.db
1237,INSTR_WORD_MOD_SUR|core_arithmetic,22.60844303445773,120,0.1884036919538144,/root/arguzz/a4/runs/iv_pos_7/dbs/pos_iv_pos_7_ts_b4_cTS_semantic_v2_seed1237_n6000/pos_iv_pos_7_ts_b4_cTS_semantic_v2_seed1237_n6000.db
1237,INSTR_WORD_MOD_SUR|core_memory_load,22.99643889706497,120,0.19163699080887475,/root/arguzz/a4/runs/iv_pos_7/dbs/pos_iv_pos_7_ts_b4_cTS_semantic_v2_seed1237_n6000/pos_iv_pos_7_ts_b4_cTS_semantic_v2_seed1237_n6000.db
1237,INSTR_WORD_MOD_SUR|core_memory_store,23.387039295008485,120,0.19489199412507072,/root/arguzz/a4/runs/iv_pos_7/dbs/pos_iv_pos_7_ts_b4_cTS_semantic_v2_seed1237_n6000/pos_iv_pos_7_ts_b4_cTS_semantic_v2_seed1237_n6000.db
1237,INSTR_WORD_MOD_SUR|core_mul,22.01088355324866,120,0.18342402961040552,/root/arguzz/a4/runs/iv_pos_7/dbs/pos_iv_pos_7_ts_b4_cTS_semantic_v2_seed1237_n6000/pos_iv_pos_7_ts_b4_cTS_semantic_v2_seed1237_n6000.db
1237,INSTR_WORD_MOD_SUR|core_shr,20.652379492063936,120,0.17210316243386614,/root/arguzz/a4/runs/iv_pos_7/dbs/pos_iv_pos_7_ts_b4_cTS_semantic_v2_seed1237_n6000/pos_iv_pos_7_ts_b4_cTS_semantic_v2_seed1237_n6000.db
1237,INSTR_WORD_MOD_SUR|kernel_other,23.219372153386068,120,0.1934947679448839,/root/arguzz/a4/runs/iv_pos_7/dbs/pos_iv_pos_7_ts_b4_cTS_semantic_v2_seed1237_n6000/pos_iv_pos_7_ts_b4_cTS_semantic_v2_seed1237_n6000.db
1237,INSTR_WORD_MOD_SUR|post_ecall,21.388351089974698,120,0.1782362590831225,/root/arguzz/a4/runs/iv_pos_7/dbs/pos_iv_pos_7_ts_b4_cTS_semantic_v2_seed1237_n6000/pos_iv_pos_7_ts_b4_cTS_semantic_v2_seed1237_n6000.db
1237,LOAD_VAL_MOD|core_memory_load,12.848225485071806,120,0.10706854570893172,/root/arguzz/a4/runs/iv_pos_7/dbs/pos_iv_pos_7_ts_b4_cTS_semantic_v2_seed1237_n6000/pos_iv_pos_7_ts_b4_cTS_semantic_v2_seed1237_n6000.db
1237,LOAD_VAL_MOD|post_ecall,11.993153562902883,120,0.09994294635752403,/root/arguzz/a4/runs/iv_pos_7/dbs/pos_iv_pos_7_ts_b4_cTS_semantic_v2_seed1237_n6000/pos_iv_pos_7_ts_b4_cTS_semantic_v2_seed1237_n6000.db
1237,MEM_VAL_MOD|core_arithmetic,10.905072181035365,120,0.09087560150862804,/root/arguzz/a4/runs/iv_pos_7/dbs/pos_iv_pos_7_ts_b4_cTS_semantic_v2_seed1237_n6000/pos_iv_pos_7_ts_b4_cTS_semantic_v2_seed1237_n6000.db
1237,MEM_VAL_MOD|core_branch,7.604445081327253,120,0.0633703756777271,/root/arguzz/a4/runs/iv_pos_7/dbs/pos_iv_pos_7_ts_b4_cTS_semantic_v2_seed1237_n6000/pos_iv_pos_7_ts_b4_cTS_semantic_v2_seed1237_n6000.db
1237,MEM_VAL_MOD|core_memory_load,7.793585540148797,120,0.06494654616790664,/root/arguzz/a4/runs/iv_pos_7/dbs/pos_iv_pos_7_ts_b4_cTS_semantic_v2_seed1237_n6000/pos_iv_pos_7_ts_b4_cTS_semantic_v2_seed1237_n6000.db
1237,MEM_VAL_MOD|core_memory_store,12.644763349324469,120,0.10537302791103724,/root/arguzz/a4/runs/iv_pos_7/dbs/pos_iv_pos_7_ts_b4_cTS_semantic_v2_seed1237_n6000/pos_iv_pos_7_ts_b4_cTS_semantic_v2_seed1237_n6000.db
1237,MEM_VAL_MOD|kernel_other,11.344781675480405,120,0.09453984729567004,/root/arguzz/a4/runs/iv_pos_7/dbs/pos_iv_pos_7_ts_b4_cTS_semantic_v2_seed1237_n6000/pos_iv_pos_7_ts_b4_cTS_semantic_v2_seed1237_n6000.db
1237,MEM_VAL_MOD|last_step,30.376395019491785,121,0.2510445869379486,/root/arguzz/a4/runs/iv_pos_7/dbs/pos_iv_pos_7_ts_b4_cTS_semantic_v2_seed1237_n6000/pos_iv_pos_7_ts_b4_cTS_semantic_v2_seed1237_n6000.db
1237,MEM_VAL_MOD|post_ecall,7.5196092594708785,120,0.06266341049559065,/root/arguzz/a4/runs/iv_pos_7/dbs/pos_iv_pos_7_ts_b4_cTS_semantic_v2_seed1237_n6000/pos_iv_pos_7_ts_b4_cTS_semantic_v2_seed1237_n6000.db
1237,MEM_VAL_MOD|pre_ecall,14.561499943578378,121,0.12034297474031717,/root/arguzz/a4/runs/iv_pos_7/dbs/pos_iv_pos_7_ts_b4_cTS_semantic_v2_seed1237_n6000/pos_iv_pos_7_ts_b4_cTS_semantic_v2_seed1237_n6000.db
1237,MEM_VAL_MOD|step0,9.162556805674468,121,0.0757236099642518,/root/arguzz/a4/runs/iv_pos_7/dbs/pos_iv_pos_7_ts_b4_cTS_semantic_v2_seed1237_n6000/pos_iv_pos_7_ts_b4_cTS_semantic_v2_seed1237_n6000.db
1237,PRE_EXEC_REG_MOD|core_arithmetic,10.76213128334418,120,0.0896844273612015,/root/arguzz/a4/runs/iv_pos_7/dbs/pos_iv_pos_7_ts_b4_cTS_semantic_v2_seed1237_n6000/pos_iv_pos_7_ts_b4_cTS_semantic_v2_seed1237_n6000.db
1237,PRE_EXEC_REG_MOD|core_memory_load,9.432606741333306,120,0.07860505617777755,/root/arguzz/a4/runs/iv_pos_7/dbs/pos_iv_pos_7_ts_b4_cTS_semantic_v2_seed1237_n6000/pos_iv_pos_7_ts_b4_cTS_semantic_v2_seed1237_n6000.db
1237,PRE_EXEC_REG_MOD|core_memory_store,8.309175050390113,120,0.0692431254199176,/root/arguzz/a4/runs/iv_pos_7/dbs/pos_iv_pos_7_ts_b4_cTS_semantic_v2_seed1237_n6000/pos_iv_pos_7_ts_b4_cTS_semantic_v2_seed1237_n6000.db
1237,PRE_EXEC_REG_MOD|core_mul,10.872384748998691,120,0.09060320624165576,/root/arguzz/a4/runs/iv_pos_7/dbs/pos_iv_pos_7_ts_b4_cTS_semantic_v2_seed1237_n6000/pos_iv_pos_7_ts_b4_cTS_semantic_v2_seed1237_n6000.db
1237,PRE_EXEC_REG_MOD|core_shr,11.32907552502414,120,0.0944089627085345,/root/arguzz/a4/runs/iv_pos_7/dbs/pos_iv_pos_7_ts_b4_cTS_semantic_v2_seed1237_n6000/pos_iv_pos_7_ts_b4_cTS_semantic_v2_seed1237_n6000.db
1237,PRE_EXEC_REG_MOD|kernel_other,6.803052961668557,120,0.056692108013904646,/root/arguzz/a4/runs/iv_pos_7/dbs/pos_iv_pos_7_ts_b4_cTS_semantic_v2_seed1237_n6000/pos_iv_pos_7_ts_b4_cTS_semantic_v2_seed1237_n6000.db
1237,PRE_EXEC_REG_MOD|post_ecall,8.681666899393964,120,0.07234722416161636,/root/arguzz/a4/runs/iv_pos_7/dbs/pos_iv_pos_7_ts_b4_cTS_semantic_v2_seed1237_n6000/pos_iv_pos_7_ts_b4_cTS_semantic_v2_seed1237_n6000.db
1237,PRE_EXEC_REG_MOD|step0,9.425278270882384,121,0.07789486174282961,/root/arguzz/a4/runs/iv_pos_7/dbs/pos_iv_pos_7_ts_b4_cTS_semantic_v2_seed1237_n6000/pos_iv_pos_7_ts_b4_cTS_semantic_v2_seed1237_n6000.db
1237,STORE_OUT_MOD|core_memory_store,12.592505982955533,120,0.10493754985796278,/root/arguzz/a4/runs/iv_pos_7/dbs/pos_iv_pos_7_ts_b4_cTS_semantic_v2_seed1237_n6000/pos_iv_pos_7_ts_b4_cTS_semantic_v2_seed1237_n6000.db
1237,STORE_OUT_MOD|kernel_other,11.924151868612036,120,0.09936793223843363,/root/arguzz/a4/runs/iv_pos_7/dbs/pos_iv_pos_7_ts_b4_cTS_semantic_v2_seed1237_n6000/pos_iv_pos_7_ts_b4_cTS_semantic_v2_seed1237_n6000.db
1238,COMP_OUT_MOD|core_arithmetic,13.372496666710253,121,0.11051650137777069,/root/arguzz/a4/runs/iv_pos_7/dbs/pos_iv_pos_7_ts_b5_cTS_semantic_v2_seed1238_n6000/pos_iv_pos_7_ts_b5_cTS_semantic_v2_seed1238_n6000.db
1238,COMP_OUT_MOD|core_mul,12.897183432242887,120,0.10747652860202406,/root/arguzz/a4/runs/iv_pos_7/dbs/pos_iv_pos_7_ts_b5_cTS_semantic_v2_seed1238_n6000/pos_iv_pos_7_ts_b5_cTS_semantic_v2_seed1238_n6000.db
1238,COMP_OUT_MOD|core_shr,12.876272742227659,120,0.10730227285189715,/root/arguzz/a4/runs/iv_pos_7/dbs/pos_iv_pos_7_ts_b5_cTS_semantic_v2_seed1238_n6000/pos_iv_pos_7_ts_b5_cTS_semantic_v2_seed1238_n6000.db
1238,COMP_OUT_MOD|post_ecall,13.3857752037117,120,0.1115481266975975,/root/arguzz/a4/runs/iv_pos_7/dbs/pos_iv_pos_7_ts_b5_cTS_semantic_v2_seed1238_n6000/pos_iv_pos_7_ts_b5_cTS_semantic_v2_seed1238_n6000.db
1238,INSTR_TYPE_MOD|core_arithmetic,6.26321223757395,127,0.04931663179192087,/root/arguzz/a4/runs/iv_pos_7/dbs/pos_iv_pos_7_ts_b5_cTS_semantic_v2_seed1238_n6000/pos_iv_pos_7_ts_b5_cTS_semantic_v2_seed1238_n6000.db
1238,INSTR_TYPE_MOD|core_memory_load,9.456309660632016,138,0.06852398304805808,/root/arguzz/a4/runs/iv_pos_7/dbs/pos_iv_pos_7_ts_b5_cTS_semantic_v2_seed1238_n6000/pos_iv_pos_7_ts_b5_cTS_semantic_v2_seed1238_n6000.db
1238,INSTR_TYPE_MOD|core_memory_store,8.123880886680992,134,0.060625976766276055,/root/arguzz/a4/runs/iv_pos_7/dbs/pos_iv_pos_7_ts_b5_cTS_semantic_v2_seed1238_n6000/pos_iv_pos_7_ts_b5_cTS_semantic_v2_seed1238_n6000.db
1238,INSTR_TYPE_MOD|core_mul,4.9123657720290375,122,0.04026529321335277,/root/arguzz/a4/runs/iv_pos_7/dbs/pos_iv_pos_7_ts_b5_cTS_semantic_v2_seed1238_n6000/pos_iv_pos_7_ts_b5_cTS_semantic_v2_seed1238_n6000.db
1238,INSTR_TYPE_MOD|core_shr,6.179063052303634,139,0.04445369102376715,/root/arguzz/a4/runs/iv_pos_7/dbs/pos_iv_pos_7_ts_b5_cTS_semantic_v2_seed1238_n6000/pos_iv_pos_7_ts_b5_cTS_semantic_v2_seed1238_n6000.db
1238,INSTR_TYPE_MOD|kernel_other,6.732313289957816,131,0.051391704503494784,/root/arguzz/a4/runs/iv_pos_7/dbs/pos_iv_pos_7_ts_b5_cTS_semantic_v2_seed1238_n6000/pos_iv_pos_7_ts_b5_cTS_semantic_v2_seed1238_n6000.db
1238,INSTR_TYPE_MOD|post_ecall,4.169120859658415,128,0.03257125671608137,/root/arguzz/a4/runs/iv_pos_7/dbs/pos_iv_pos_7_ts_b5_cTS_semantic_v2_seed1238_n6000/pos_iv_pos_7_ts_b5_cTS_semantic_v2_seed1238_n6000.db
1238,INSTR_TYPE_MOD|pre_ecall,1.4709767729664518,128,0.011492006038800405,/root/arguzz/a4/runs/iv_pos_7/dbs/pos_iv_pos_7_ts_b5_cTS_semantic_v2_seed1238_n6000/pos_iv_pos_7_ts_b5_cTS_semantic_v2_seed1238_n6000.db
1238,INSTR_TYPE_MOD|step0,5.4663899485143315,268,0.020396977419829595,/root/arguzz/a4/runs/iv_pos_7/dbs/pos_iv_pos_7_ts_b5_cTS_semantic_v2_seed1238_n6000/pos_iv_pos_7_ts_b5_cTS_semantic_v2_seed1238_n6000.db
1238,INSTR_WORD_MOD_FULL|core_arithmetic,17.835592525726156,120,0.14862993771438462,/root/arguzz/a4/runs/iv_pos_7/dbs/pos_iv_pos_7_ts_b5_cTS_semantic_v2_seed1238_n6000/pos_iv_pos_7_ts_b5_cTS_semantic_v2_seed1238_n6000.db
1238,INSTR_WORD_MOD_FULL|core_memory_load,21.38565552768821,120,0.17821379606406842,/root/arguzz/a4/runs/iv_pos_7/dbs/pos_iv_pos_7_ts_b5_cTS_semantic_v2_seed1238_n6000/pos_iv_pos_7_ts_b5_cTS_semantic_v2_seed1238_n6000.db
1238,INSTR_WORD_MOD_FULL|core_memory_store,21.754337289337613,120,0.18128614407781343,/root/arguzz/a4/runs/iv_pos_7/dbs/pos_iv_pos_7_ts_b5_cTS_semantic_v2_seed1238_n6000/pos_iv_pos_7_ts_b5_cTS_semantic_v2_seed1238_n6000.db
1238,INSTR_WORD_MOD_FULL|core_mul,16.588947901457132,120,0.13824123251214276,/root/arguzz/a4/runs/iv_pos_7/dbs/pos_iv_pos_7_ts_b5_cTS_semantic_v2_seed1238_n6000/pos_iv_pos_7_ts_b5_cTS_semantic_v2_seed1238_n6000.db
1238,INSTR_WORD_MOD_FULL|core_shr,15.213316610478959,120,0.12677763842065798,/root/arguzz/a4/runs/iv_pos_7/dbs/pos_iv_pos_7_ts_b5_cTS_semantic_v2_seed1238_n6000/pos_iv_pos_7_ts_b5_cTS_semantic_v2_seed1238_n6000.db
1238,INSTR_WORD_MOD_FULL|kernel_other,18.740240048818325,121,0.15487801693238284,/root/arguzz/a4/runs/iv_pos_7/dbs/pos_iv_pos_7_ts_b5_cTS_semantic_v2_seed1238_n6000/pos_iv_pos_7_ts_b5_cTS_semantic_v2_seed1238_n6000.db
1238,INSTR_WORD_MOD_FULL|post_ecall,15.780271806292786,120,0.1315022650524399,/root/arguzz/a4/runs/iv_pos_7/dbs/pos_iv_pos_7_ts_b5_cTS_semantic_v2_seed1238_n6000/pos_iv_pos_7_ts_b5_cTS_semantic_v2_seed1238_n6000.db
1238,INSTR_WORD_MOD_SUR|core_arithmetic,22.199790374606636,120,0.18499825312172197,/root/arguzz/a4/runs/iv_pos_7/dbs/pos_iv_pos_7_ts_b5_cTS_semantic_v2_seed1238_n6000/pos_iv_pos_7_ts_b5_cTS_semantic_v2_seed1238_n6000.db
1238,INSTR_WORD_MOD_SUR|core_memory_load,23.584841755114486,120,0.19654034795928738,/root/arguzz/a4/runs/iv_pos_7/dbs/pos_iv_pos_7_ts_b5_cTS_semantic_v2_seed1238_n6000/pos_iv_pos_7_ts_b5_cTS_semantic_v2_seed1238_n6000.db
1238,INSTR_WORD_MOD_SUR|core_memory_store,22.96013309776561,120,0.19133444248138007,/root/arguzz/a4/runs/iv_pos_7/dbs/pos_iv_pos_7_ts_b5_cTS_semantic_v2_seed1238_n6000/pos_iv_pos_7_ts_b5_cTS_semantic_v2_seed1238_n6000.db
1238,INSTR_WORD_MOD_SUR|core_mul,21.610602672643115,120,0.1800883556053593,/root/arguzz/a4/runs/iv_pos_7/dbs/pos_iv_pos_7_ts_b5_cTS_semantic_v2_seed1238_n6000/pos_iv_pos_7_ts_b5_cTS_semantic_v2_seed1238_n6000.db
1238,INSTR_WORD_MOD_SUR|core_shr,20.415461670103877,120,0.17012884725086563,/root/arguzz/a4/runs/iv_pos_7/dbs/pos_iv_pos_7_ts_b5_cTS_semantic_v2_seed1238_n6000/pos_iv_pos_7_ts_b5_cTS_semantic_v2_seed1238_n6000.db
1238,INSTR_WORD_MOD_SUR|kernel_other,22.260908936948805,120,0.1855075744745734,/root/arguzz/a4/runs/iv_pos_7/dbs/pos_iv_pos_7_ts_b5_cTS_semantic_v2_seed1238_n6000/pos_iv_pos_7_ts_b5_cTS_semantic_v2_seed1238_n6000.db
1238,INSTR_WORD_MOD_SUR|post_ecall,22.133532850734074,120,0.1844461070894506,/root/arguzz/a4/runs/iv_pos_7/dbs/pos_iv_pos_7_ts_b5_cTS_semantic_v2_seed1238_n6000/pos_iv_pos_7_ts_b5_cTS_semantic_v2_seed1238_n6000.db
1238,LOAD_VAL_MOD|core_memory_load,12.81309977025265,120,0.10677583141877209,/root/arguzz/a4/runs/iv_pos_7/dbs/pos_iv_pos_7_ts_b5_cTS_semantic_v2_seed1238_n6000/pos_iv_pos_7_ts_b5_cTS_semantic_v2_seed1238_n6000.db
1238,LOAD_VAL_MOD|post_ecall,11.592094961166568,120,0.09660079134305473,/root/arguzz/a4/runs/iv_pos_7/dbs/pos_iv_pos_7_ts_b5_cTS_semantic_v2_seed1238_n6000/pos_iv_pos_7_ts_b5_cTS_semantic_v2_seed1238_n6000.db
1238,MEM_VAL_MOD|core_arithmetic,11.027887823764678,120,0.09189906519803898,/root/arguzz/a4/runs/iv_pos_7/dbs/pos_iv_pos_7_ts_b5_cTS_semantic_v2_seed1238_n6000/pos_iv_pos_7_ts_b5_cTS_semantic_v2_seed1238_n6000.db
1238,MEM_VAL_MOD|core_branch,7.851995001342938,120,0.06543329167785782,/root/arguzz/a4/runs/iv_pos_7/dbs/pos_iv_pos_7_ts_b5_cTS_semantic_v2_seed1238_n6000/pos_iv_pos_7_ts_b5_cTS_semantic_v2_seed1238_n6000.db
1238,MEM_VAL_MOD|core_memory_load,8.349566776294152,120,0.0695797231357846,/root/arguzz/a4/runs/iv_pos_7/dbs/pos_iv_pos_7_ts_b5_cTS_semantic_v2_seed1238_n6000/pos_iv_pos_7_ts_b5_cTS_semantic_v2_seed1238_n6000.db
1238,MEM_VAL_MOD|core_memory_store,13.40019214353185,120,0.11166826786276542,/root/arguzz/a4/runs/iv_pos_7/dbs/pos_iv_pos_7_ts_b5_cTS_semantic_v2_seed1238_n6000/pos_iv_pos_7_ts_b5_cTS_semantic_v2_seed1238_n6000.db
1238,MEM_VAL_MOD|kernel_other,11.472160913607311,120,0.09560134094672759,/root/arguzz/a4/runs/iv_pos_7/dbs/pos_iv_pos_7_ts_b5_cTS_semantic_v2_seed1238_n6000/pos_iv_pos_7_ts_b5_cTS_semantic_v2_seed1238_n6000.db
1238,MEM_VAL_MOD|last_step,30.119472059349576,121,0.24892125668883947,/root/arguzz/a4/runs/iv_pos_7/dbs/pos_iv_pos_7_ts_b5_cTS_semantic_v2_seed1238_n6000/pos_iv_pos_7_ts_b5_cTS_semantic_v2_seed1238_n6000.db
1238,MEM_VAL_MOD|post_ecall,7.397277964190677,120,0.061643983034922314,/root/arguzz/a4/runs/iv_pos_7/dbs/pos_iv_pos_7_ts_b5_cTS_semantic_v2_seed1238_n6000/pos_iv_pos_7_ts_b5_cTS_semantic_v2_seed1238_n6000.db
1238,MEM_VAL_MOD|pre_ecall,13.931101733219473,120,0.11609251444349561,/root/arguzz/a4/runs/iv_pos_7/dbs/pos_iv_pos_7_ts_b5_cTS_semantic_v2_seed1238_n6000/pos_iv_pos_7_ts_b5_cTS_semantic_v2_seed1238_n6000.db
1238,MEM_VAL_MOD|step0,9.166496423057538,121,0.07575616878559949,/root/arguzz/a4/runs/iv_pos_7/dbs/pos_iv_pos_7_ts_b5_cTS_semantic_v2_seed1238_n6000/pos_iv_pos_7_ts_b5_cTS_semantic_v2_seed1238_n6000.db
1238,PRE_EXEC_REG_MOD|core_arithmetic,10.89892436153045,120,0.09082436967942041,/root/arguzz/a4/runs/iv_pos_7/dbs/pos_iv_pos_7_ts_b5_cTS_semantic_v2_seed1238_n6000/pos_iv_pos_7_ts_b5_cTS_semantic_v2_seed1238_n6000.db
1238,PRE_EXEC_REG_MOD|core_memory_load,8.112935803146817,120,0.06760779835955681,/root/arguzz/a4/runs/iv_pos_7/dbs/pos_iv_pos_7_ts_b5_cTS_semantic_v2_seed1238_n6000/pos_iv_pos_7_ts_b5_cTS_semantic_v2_seed1238_n6000.db
1238,PRE_EXEC_REG_MOD|core_memory_store,9.637814858726964,120,0.0803151238227247,/root/arguzz/a4/runs/iv_pos_7/dbs/pos_iv_pos_7_ts_b5_cTS_semantic_v2_seed1238_n6000/pos_iv_pos_7_ts_b5_cTS_semantic_v2_seed1238_n6000.db
1238,PRE_EXEC_REG_MOD|core_mul,10.76916195817246,120,0.08974301631810383,/root/arguzz/a4/runs/iv_pos_7/dbs/pos_iv_pos_7_ts_b5_cTS_semantic_v2_seed1238_n6000/pos_iv_pos_7_ts_b5_cTS_semantic_v2_seed1238_n6000.db
1238,PRE_EXEC_REG_MOD|core_shr,11.11664668087271,120,0.09263872234060593,/root/arguzz/a4/runs/iv_pos_7/dbs/pos_iv_pos_7_ts_b5_cTS_semantic_v2_seed1238_n6000/pos_iv_pos_7_ts_b5_cTS_semantic_v2_seed1238_n6000.db
1238,PRE_EXEC_REG_MOD|kernel_other,6.928342270114929,120,0.057736185584291076,/root/arguzz/a4/runs/iv_pos_7/dbs/pos_iv_pos_7_ts_b5_cTS_semantic_v2_seed1238_n6000/pos_iv_pos_7_ts_b5_cTS_semantic_v2_seed1238_n6000.db
1238,PRE_EXEC_REG_MOD|post_ecall,8.891223762645282,120,0.07409353135537736,/root/arguzz/a4/runs/iv_pos_7/dbs/pos_iv_pos_7_ts_b5_cTS_semantic_v2_seed1238_n6000/pos_iv_pos_7_ts_b5_cTS_semantic_v2_seed1238_n6000.db
1238,PRE_EXEC_REG_MOD|step0,9.558067742526347,121,0.07899229539277973,/root/arguzz/a4/runs/iv_pos_7/dbs/pos_iv_pos_7_ts_b5_cTS_semantic_v2_seed1238_n6000/pos_iv_pos_7_ts_b5_cTS_semantic_v2_seed1238_n6000.db
1238,STORE_OUT_MOD|core_memory_store,12.356552109156514,120,0.10297126757630429,/root/arguzz/a4/runs/iv_pos_7/dbs/pos_iv_pos_7_ts_b5_cTS_semantic_v2_seed1238_n6000/pos_iv_pos_7_ts_b5_cTS_semantic_v2_seed1238_n6000.db
1238,STORE_OUT_MOD|kernel_other,11.722705752007581,120,0.09768921460006318,/root/arguzz/a4/runs/iv_pos_7/dbs/pos_iv_pos_7_ts_b5_cTS_semantic_v2_seed1238_n6000/pos_iv_pos_7_ts_b5_cTS_semantic_v2_seed1238_n6000.db
1239,COMP_OUT_MOD|core_arithmetic,13.441064511471357,121,0.11108317778075501,/root/arguzz/a4/runs/iv_pos_7/dbs/pos_iv_pos_7_ts_b6_cTS_semantic_v2_seed1239_n6000/pos_iv_pos_7_ts_b6_cTS_semantic_v2_seed1239_n6000.db
1239,COMP_OUT_MOD|core_mul,12.810403722096709,120,0.1067533643508059,/root/arguzz/a4/runs/iv_pos_7/dbs/pos_iv_pos_7_ts_b6_cTS_semantic_v2_seed1239_n6000/pos_iv_pos_7_ts_b6_cTS_semantic_v2_seed1239_n6000.db
1239,COMP_OUT_MOD|core_shr,13.04799080507913,120,0.10873325670899274,/root/arguzz/a4/runs/iv_pos_7/dbs/pos_iv_pos_7_ts_b6_cTS_semantic_v2_seed1239_n6000/pos_iv_pos_7_ts_b6_cTS_semantic_v2_seed1239_n6000.db
1239,COMP_OUT_MOD|post_ecall,13.237490109764725,120,0.11031241758137271,/root/arguzz/a4/runs/iv_pos_7/dbs/pos_iv_pos_7_ts_b6_cTS_semantic_v2_seed1239_n6000/pos_iv_pos_7_ts_b6_cTS_semantic_v2_seed1239_n6000.db
1239,INSTR_TYPE_MOD|core_arithmetic,5.753132779748406,141,0.04080236014005962,/root/arguzz/a4/runs/iv_pos_7/dbs/pos_iv_pos_7_ts_b6_cTS_semantic_v2_seed1239_n6000/pos_iv_pos_7_ts_b6_cTS_semantic_v2_seed1239_n6000.db
1239,INSTR_TYPE_MOD|core_memory_load,7.51927396606351,120,0.06266061638386258,/root/arguzz/a4/runs/iv_pos_7/dbs/pos_iv_pos_7_ts_b6_cTS_semantic_v2_seed1239_n6000/pos_iv_pos_7_ts_b6_cTS_semantic_v2_seed1239_n6000.db
1239,INSTR_TYPE_MOD|core_memory_store,7.520806253033334,124,0.060651663330913985,/root/arguzz/a4/runs/iv_pos_7/dbs/pos_iv_pos_7_ts_b6_cTS_semantic_v2_seed1239_n6000/pos_iv_pos_7_ts_b6_cTS_semantic_v2_seed1239_n6000.db
1239,INSTR_TYPE_MOD|core_mul,6.021217058371068,132,0.04561528074523536,/root/arguzz/a4/runs/iv_pos_7/dbs/pos_iv_pos_7_ts_b6_cTS_semantic_v2_seed1239_n6000/pos_iv_pos_7_ts_b6_cTS_semantic_v2_seed1239_n6000.db
1239,INSTR_TYPE_MOD|core_shr,6.485368667977841,135,0.048039767910946975,/root/arguzz/a4/runs/iv_pos_7/dbs/pos_iv_pos_7_ts_b6_cTS_semantic_v2_seed1239_n6000/pos_iv_pos_7_ts_b6_cTS_semantic_v2_seed1239_n6000.db
1239,INSTR_TYPE_MOD|kernel_other,4.956814749243107,126,0.03933979959716752,/root/arguzz/a4/runs/iv_pos_7/dbs/pos_iv_pos_7_ts_b6_cTS_semantic_v2_seed1239_n6000/pos_iv_pos_7_ts_b6_cTS_semantic_v2_seed1239_n6000.db
1239,INSTR_TYPE_MOD|post_ecall,4.745060962185493,125,0.03796048769748394,/root/arguzz/a4/runs/iv_pos_7/dbs/pos_iv_pos_7_ts_b6_cTS_semantic_v2_seed1239_n6000/pos_iv_pos_7_ts_b6_cTS_semantic_v2_seed1239_n6000.db
1239,INSTR_TYPE_MOD|pre_ecall,1.3841072009359137,125,0.011072857607487309,/root/arguzz/a4/runs/iv_pos_7/dbs/pos_iv_pos_7_ts_b6_cTS_semantic_v2_seed1239_n6000/pos_iv_pos_7_ts_b6_cTS_semantic_v2_seed1239_n6000.db
1239,INSTR_TYPE_MOD|step0,6.018738250325286,285,0.021118379825702756,/root/arguzz/a4/runs/iv_pos_7/dbs/pos_iv_pos_7_ts_b6_cTS_semantic_v2_seed1239_n6000/pos_iv_pos_7_ts_b6_cTS_semantic_v2_seed1239_n6000.db
1239,INSTR_WORD_MOD_FULL|core_arithmetic,18.206614159486946,120,0.15172178466239122,/root/arguzz/a4/runs/iv_pos_7/dbs/pos_iv_pos_7_ts_b6_cTS_semantic_v2_seed1239_n6000/pos_iv_pos_7_ts_b6_cTS_semantic_v2_seed1239_n6000.db
1239,INSTR_WORD_MOD_FULL|core_memory_load,20.94731244855135,120,0.17456093707126125,/root/arguzz/a4/runs/iv_pos_7/dbs/pos_iv_pos_7_ts_b6_cTS_semantic_v2_seed1239_n6000/pos_iv_pos_7_ts_b6_cTS_semantic_v2_seed1239_n6000.db
1239,INSTR_WORD_MOD_FULL|core_memory_store,22.39681118080428,120,0.18664009317336902,/root/arguzz/a4/runs/iv_pos_7/dbs/pos_iv_pos_7_ts_b6_cTS_semantic_v2_seed1239_n6000/pos_iv_pos_7_ts_b6_cTS_semantic_v2_seed1239_n6000.db
1239,INSTR_WORD_MOD_FULL|core_mul,15.57485221919215,120,0.12979043515993458,/root/arguzz/a4/runs/iv_pos_7/dbs/pos_iv_pos_7_ts_b6_cTS_semantic_v2_seed1239_n6000/pos_iv_pos_7_ts_b6_cTS_semantic_v2_seed1239_n6000.db
1239,INSTR_WORD_MOD_FULL|core_shr,13.605892165438268,120,0.11338243471198557,/root/arguzz/a4/runs/iv_pos_7/dbs/pos_iv_pos_7_ts_b6_cTS_semantic_v2_seed1239_n6000/pos_iv_pos_7_ts_b6_cTS_semantic_v2_seed1239_n6000.db
1239,INSTR_WORD_MOD_FULL|kernel_other,18.545444345682757,120,0.15454536954735631,/root/arguzz/a4/runs/iv_pos_7/dbs/pos_iv_pos_7_ts_b6_cTS_semantic_v2_seed1239_n6000/pos_iv_pos_7_ts_b6_cTS_semantic_v2_seed1239_n6000.db
1239,INSTR_WORD_MOD_FULL|post_ecall,15.378513063224181,120,0.12815427552686817,/root/arguzz/a4/runs/iv_pos_7/dbs/pos_iv_pos_7_ts_b6_cTS_semantic_v2_seed1239_n6000/pos_iv_pos_7_ts_b6_cTS_semantic_v2_seed1239_n6000.db
1239,INSTR_WORD_MOD_SUR|core_arithmetic,23.081551956283317,120,0.19234626630236099,/root/arguzz/a4/runs/iv_pos_7/dbs/pos_iv_pos_7_ts_b6_cTS_semantic_v2_seed1239_n6000/pos_iv_pos_7_ts_b6_cTS_semantic_v2_seed1239_n6000.db
1239,INSTR_WORD_MOD_SUR|core_memory_load,23.634395213161305,120,0.19695329344301088,/root/arguzz/a4/runs/iv_pos_7/dbs/pos_iv_pos_7_ts_b6_cTS_semantic_v2_seed1239_n6000/pos_iv_pos_7_ts_b6_cTS_semantic_v2_seed1239_n6000.db
1239,INSTR_WORD_MOD_SUR|core_memory_store,24.485373081136554,120,0.20404477567613796,/root/arguzz/a4/runs/iv_pos_7/dbs/pos_iv_pos_7_ts_b6_cTS_semantic_v2_seed1239_n6000/pos_iv_pos_7_ts_b6_cTS_semantic_v2_seed1239_n6000.db
1239,INSTR_WORD_MOD_SUR|core_mul,22.4865386530909,120,0.18738782210909083,/root/arguzz/a4/runs/iv_pos_7/dbs/pos_iv_pos_7_ts_b6_cTS_semantic_v2_seed1239_n6000/pos_iv_pos_7_ts_b6_cTS_semantic_v2_seed1239_n6000.db
1239,INSTR_WORD_MOD_SUR|core_shr,20.162182642571025,120,0.16801818868809187,/root/arguzz/a4/runs/iv_pos_7/dbs/pos_iv_pos_7_ts_b6_cTS_semantic_v2_seed1239_n6000/pos_iv_pos_7_ts_b6_cTS_semantic_v2_seed1239_n6000.db
1239,INSTR_WORD_MOD_SUR|kernel_other,22.989231476480512,120,0.19157692897067094,/root/arguzz/a4/runs/iv_pos_7/dbs/pos_iv_pos_7_ts_b6_cTS_semantic_v2_seed1239_n6000/pos_iv_pos_7_ts_b6_cTS_semantic_v2_seed1239_n6000.db
1239,INSTR_WORD_MOD_SUR|post_ecall,20.39324182202098,120,0.16994368185017483,/root/arguzz/a4/runs/iv_pos_7/dbs/pos_iv_pos_7_ts_b6_cTS_semantic_v2_seed1239_n6000/pos_iv_pos_7_ts_b6_cTS_semantic_v2_seed1239_n6000.db
1239,LOAD_VAL_MOD|core_memory_load,12.740599301036175,120,0.10617166084196812,/root/arguzz/a4/runs/iv_pos_7/dbs/pos_iv_pos_7_ts_b6_cTS_semantic_v2_seed1239_n6000/pos_iv_pos_7_ts_b6_cTS_semantic_v2_seed1239_n6000.db
1239,LOAD_VAL_MOD|post_ecall,12.102147561433224,120,0.1008512296786102,/root/arguzz/a4/runs/iv_pos_7/dbs/pos_iv_pos_7_ts_b6_cTS_semantic_v2_seed1239_n6000/pos_iv_pos_7_ts_b6_cTS_semantic_v2_seed1239_n6000.db
1239,MEM_VAL_MOD|core_arithmetic,9.965847148915289,122,0.0816872717124204,/root/arguzz/a4/runs/iv_pos_7/dbs/pos_iv_pos_7_ts_b6_cTS_semantic_v2_seed1239_n6000/pos_iv_pos_7_ts_b6_cTS_semantic_v2_seed1239_n6000.db
1239,MEM_VAL_MOD|core_branch,6.787816273593627,121,0.05609765515366634,/root/arguzz/a4/runs/iv_pos_7/dbs/pos_iv_pos_7_ts_b6_cTS_semantic_v2_seed1239_n6000/pos_iv_pos_7_ts_b6_cTS_semantic_v2_seed1239_n6000.db
1239,MEM_VAL_MOD|core_memory_load,7.861986856022716,120,0.06551655713352263,/root/arguzz/a4/runs/iv_pos_7/dbs/pos_iv_pos_7_ts_b6_cTS_semantic_v2_seed1239_n6000/pos_iv_pos_7_ts_b6_cTS_semantic_v2_seed1239_n6000.db
1239,MEM_VAL_MOD|core_memory_store,12.439188172273019,120,0.10365990143560849,/root/arguzz/a4/runs/iv_pos_7/dbs/pos_iv_pos_7_ts_b6_cTS_semantic_v2_seed1239_n6000/pos_iv_pos_7_ts_b6_cTS_semantic_v2_seed1239_n6000.db
1239,MEM_VAL_MOD|kernel_other,11.791709723930285,120,0.09826424769941905,/root/arguzz/a4/runs/iv_pos_7/dbs/pos_iv_pos_7_ts_b6_cTS_semantic_v2_seed1239_n6000/pos_iv_pos_7_ts_b6_cTS_semantic_v2_seed1239_n6000.db
1239,MEM_VAL_MOD|last_step,31.703777137546723,121,0.262014687087163,/root/arguzz/a4/runs/iv_pos_7/dbs/pos_iv_pos_7_ts_b6_cTS_semantic_v2_seed1239_n6000/pos_iv_pos_7_ts_b6_cTS_semantic_v2_seed1239_n6000.db
1239,MEM_VAL_MOD|post_ecall,7.740840824017934,120,0.06450700686681612,/root/arguzz/a4/runs/iv_pos_7/dbs/pos_iv_pos_7_ts_b6_cTS_semantic_v2_seed1239_n6000/pos_iv_pos_7_ts_b6_cTS_semantic_v2_seed1239_n6000.db
1239,MEM_VAL_MOD|pre_ecall,12.776721890386234,120,0.10647268241988529,/root/arguzz/a4/runs/iv_pos_7/dbs/pos_iv_pos_7_ts_b6_cTS_semantic_v2_seed1239_n6000/pos_iv_pos_7_ts_b6_cTS_semantic_v2_seed1239_n6000.db
1239,MEM_VAL_MOD|step0,9.333134132625693,121,0.07713333993905531,/root/arguzz/a4/runs/iv_pos_7/dbs/pos_iv_pos_7_ts_b6_cTS_semantic_v2_seed1239_n6000/pos_iv_pos_7_ts_b6_cTS_semantic_v2_seed1239_n6000.db
1239,PRE_EXEC_REG_MOD|core_arithmetic,10.766349080624357,120,0.08971957567186964,/root/arguzz/a4/runs/iv_pos_7/dbs/pos_iv_pos_7_ts_b6_cTS_semantic_v2_seed1239_n6000/pos_iv_pos_7_ts_b6_cTS_semantic_v2_seed1239_n6000.db
1239,PRE_EXEC_REG_MOD|core_memory_load,9.345582927298377,120,0.07787985772748647,/root/arguzz/a4/runs/iv_pos_7/dbs/pos_iv_pos_7_ts_b6_cTS_semantic_v2_seed1239_n6000/pos_iv_pos_7_ts_b6_cTS_semantic_v2_seed1239_n6000.db
1239,PRE_EXEC_REG_MOD|core_memory_store,9.28996576949126,120,0.07741638141242717,/root/arguzz/a4/runs/iv_pos_7/dbs/pos_iv_pos_7_ts_b6_cTS_semantic_v2_seed1239_n6000/pos_iv_pos_7_ts_b6_cTS_semantic_v2_seed1239_n6000.db
1239,PRE_EXEC_REG_MOD|core_mul,10.13394458039127,120,0.08444953816992726,/root/arguzz/a4/runs/iv_pos_7/dbs/pos_iv_pos_7_ts_b6_cTS_semantic_v2_seed1239_n6000/pos_iv_pos_7_ts_b6_cTS_semantic_v2_seed1239_n6000.db
1239,PRE_EXEC_REG_MOD|core_shr,10.686295328791788,120,0.0890524610732649,/root/arguzz/a4/runs/iv_pos_7/dbs/pos_iv_pos_7_ts_b6_cTS_semantic_v2_seed1239_n6000/pos_iv_pos_7_ts_b6_cTS_semantic_v2_seed1239_n6000.db
1239,PRE_EXEC_REG_MOD|kernel_other,7.086031498686699,120,0.05905026248905583,/root/arguzz/a4/runs/iv_pos_7/dbs/pos_iv_pos_7_ts_b6_cTS_semantic_v2_seed1239_n6000/pos_iv_pos_7_ts_b6_cTS_semantic_v2_seed1239_n6000.db
1239,PRE_EXEC_REG_MOD|post_ecall,8.597268515966213,120,0.07164390429971844,/root/arguzz/a4/runs/iv_pos_7/dbs/pos_iv_pos_7_ts_b6_cTS_semantic_v2_seed1239_n6000/pos_iv_pos_7_ts_b6_cTS_semantic_v2_seed1239_n6000.db
1239,PRE_EXEC_REG_MOD|step0,9.559657726355534,121,0.0790054357550044,/root/arguzz/a4/runs/iv_pos_7/dbs/pos_iv_pos_7_ts_b6_cTS_semantic_v2_seed1239_n6000/pos_iv_pos_7_ts_b6_cTS_semantic_v2_seed1239_n6000.db
1239,STORE_OUT_MOD|core_memory_store,12.528269020038945,120,0.10440224183365787,/root/arguzz/a4/runs/iv_pos_7/dbs/pos_iv_pos_7_ts_b6_cTS_semantic_v2_seed1239_n6000/pos_iv_pos_7_ts_b6_cTS_semantic_v2_seed1239_n6000.db
1239,STORE_OUT_MOD|kernel_other,12.268635009937313,120,0.10223862508281094,/root/arguzz/a4/runs/iv_pos_7/dbs/pos_iv_pos_7_ts_b6_cTS_semantic_v2_seed1239_n6000/pos_iv_pos_7_ts_b6_cTS_semantic_v2_seed1239_n6000.db
1240,COMP_OUT_MOD|core_arithmetic,13.390215624896879,121,0.11066293904873453,/root/arguzz/a4/runs/iv_pos_7/dbs/pos_iv_pos_7_ts_b7_cTS_semantic_v2_seed1240_n6000/pos_iv_pos_7_ts_b7_cTS_semantic_v2_seed1240_n6000.db
1240,COMP_OUT_MOD|core_mul,12.945945084187128,120,0.1078828757015594,/root/arguzz/a4/runs/iv_pos_7/dbs/pos_iv_pos_7_ts_b7_cTS_semantic_v2_seed1240_n6000/pos_iv_pos_7_ts_b7_cTS_semantic_v2_seed1240_n6000.db
1240,COMP_OUT_MOD|core_shr,13.166354102483057,120,0.10971961752069213,/root/arguzz/a4/runs/iv_pos_7/dbs/pos_iv_pos_7_ts_b7_cTS_semantic_v2_seed1240_n6000/pos_iv_pos_7_ts_b7_cTS_semantic_v2_seed1240_n6000.db
1240,COMP_OUT_MOD|post_ecall,13.361664244754124,120,0.1113472020396177,/root/arguzz/a4/runs/iv_pos_7/dbs/pos_iv_pos_7_ts_b7_cTS_semantic_v2_seed1240_n6000/pos_iv_pos_7_ts_b7_cTS_semantic_v2_seed1240_n6000.db
1240,INSTR_TYPE_MOD|core_arithmetic,4.693078923614343,124,0.03784741067430922,/root/arguzz/a4/runs/iv_pos_7/dbs/pos_iv_pos_7_ts_b7_cTS_semantic_v2_seed1240_n6000/pos_iv_pos_7_ts_b7_cTS_semantic_v2_seed1240_n6000.db
1240,INSTR_TYPE_MOD|core_memory_load,7.568591055342523,123,0.06153326061254084,/root/arguzz/a4/runs/iv_pos_7/dbs/pos_iv_pos_7_ts_b7_cTS_semantic_v2_seed1240_n6000/pos_iv_pos_7_ts_b7_cTS_semantic_v2_seed1240_n6000.db
1240,INSTR_TYPE_MOD|core_memory_store,7.337594464317901,133,0.055169883190360154,/root/arguzz/a4/runs/iv_pos_7/dbs/pos_iv_pos_7_ts_b7_cTS_semantic_v2_seed1240_n6000/pos_iv_pos_7_ts_b7_cTS_semantic_v2_seed1240_n6000.db
1240,INSTR_TYPE_MOD|core_mul,5.871839018811545,127,0.04623495290402791,/root/arguzz/a4/runs/iv_pos_7/dbs/pos_iv_pos_7_ts_b7_cTS_semantic_v2_seed1240_n6000/pos_iv_pos_7_ts_b7_cTS_semantic_v2_seed1240_n6000.db
1240,INSTR_TYPE_MOD|core_shr,5.338973649663995,123,0.04340628983466662,/root/arguzz/a4/runs/iv_pos_7/dbs/pos_iv_pos_7_ts_b7_cTS_semantic_v2_seed1240_n6000/pos_iv_pos_7_ts_b7_cTS_semantic_v2_seed1240_n6000.db
1240,INSTR_TYPE_MOD|kernel_other,5.893118666337767,135,0.04365273086176123,/root/arguzz/a4/runs/iv_pos_7/dbs/pos_iv_pos_7_ts_b7_cTS_semantic_v2_seed1240_n6000/pos_iv_pos_7_ts_b7_cTS_semantic_v2_seed1240_n6000.db
1240,INSTR_TYPE_MOD|post_ecall,4.170076261327533,134,0.0311199720994592,/root/arguzz/a4/runs/iv_pos_7/dbs/pos_iv_pos_7_ts_b7_cTS_semantic_v2_seed1240_n6000/pos_iv_pos_7_ts_b7_cTS_semantic_v2_seed1240_n6000.db
1240,INSTR_TYPE_MOD|pre_ecall,1.3263179930584887,121,0.010961305727756105,/root/arguzz/a4/runs/iv_pos_7/dbs/pos_iv_pos_7_ts_b7_cTS_semantic_v2_seed1240_n6000/pos_iv_pos_7_ts_b7_cTS_semantic_v2_seed1240_n6000.db
1240,INSTR_TYPE_MOD|step0,6.115663971922128,292,0.020944054698363454,/root/arguzz/a4/runs/iv_pos_7/dbs/pos_iv_pos_7_ts_b7_cTS_semantic_v2_seed1240_n6000/pos_iv_pos_7_ts_b7_cTS_semantic_v2_seed1240_n6000.db
1240,INSTR_WORD_MOD_FULL|core_arithmetic,16.913382083651292,120,0.14094485069709412,/root/arguzz/a4/runs/iv_pos_7/dbs/pos_iv_pos_7_ts_b7_cTS_semantic_v2_seed1240_n6000/pos_iv_pos_7_ts_b7_cTS_semantic_v2_seed1240_n6000.db
1240,INSTR_WORD_MOD_FULL|core_memory_load,21.411300728468103,120,0.1784275060705675,/root/arguzz/a4/runs/iv_pos_7/dbs/pos_iv_pos_7_ts_b7_cTS_semantic_v2_seed1240_n6000/pos_iv_pos_7_ts_b7_cTS_semantic_v2_seed1240_n6000.db
1240,INSTR_WORD_MOD_FULL|core_memory_store,20.025542632722825,120,0.16687952193935687,/root/arguzz/a4/runs/iv_pos_7/dbs/pos_iv_pos_7_ts_b7_cTS_semantic_v2_seed1240_n6000/pos_iv_pos_7_ts_b7_cTS_semantic_v2_seed1240_n6000.db
1240,INSTR_WORD_MOD_FULL|core_mul,17.313644369841313,120,0.1442803697486776,/root/arguzz/a4/runs/iv_pos_7/dbs/pos_iv_pos_7_ts_b7_cTS_semantic_v2_seed1240_n6000/pos_iv_pos_7_ts_b7_cTS_semantic_v2_seed1240_n6000.db
1240,INSTR_WORD_MOD_FULL|core_shr,16.248788307862572,120,0.1354065692321881,/root/arguzz/a4/runs/iv_pos_7/dbs/pos_iv_pos_7_ts_b7_cTS_semantic_v2_seed1240_n6000/pos_iv_pos_7_ts_b7_cTS_semantic_v2_seed1240_n6000.db
1240,INSTR_WORD_MOD_FULL|kernel_other,16.536184877140617,120,0.13780154064283848,/root/arguzz/a4/runs/iv_pos_7/dbs/pos_iv_pos_7_ts_b7_cTS_semantic_v2_seed1240_n6000/pos_iv_pos_7_ts_b7_cTS_semantic_v2_seed1240_n6000.db
1240,INSTR_WORD_MOD_FULL|post_ecall,15.099259926785773,120,0.12582716605654812,/root/arguzz/a4/runs/iv_pos_7/dbs/pos_iv_pos_7_ts_b7_cTS_semantic_v2_seed1240_n6000/pos_iv_pos_7_ts_b7_cTS_semantic_v2_seed1240_n6000.db
1240,INSTR_WORD_MOD_SUR|core_arithmetic,22.27403975328491,120,0.1856169979440409,/root/arguzz/a4/runs/iv_pos_7/dbs/pos_iv_pos_7_ts_b7_cTS_semantic_v2_seed1240_n6000/pos_iv_pos_7_ts_b7_cTS_semantic_v2_seed1240_n6000.db
1240,INSTR_WORD_MOD_SUR|core_memory_load,23.155616658376754,120,0.1929634721531396,/root/arguzz/a4/runs/iv_pos_7/dbs/pos_iv_pos_7_ts_b7_cTS_semantic_v2_seed1240_n6000/pos_iv_pos_7_ts_b7_cTS_semantic_v2_seed1240_n6000.db
1240,INSTR_WORD_MOD_SUR|core_memory_store,23.93937467283493,120,0.19949478894029107,/root/arguzz/a4/runs/iv_pos_7/dbs/pos_iv_pos_7_ts_b7_cTS_semantic_v2_seed1240_n6000/pos_iv_pos_7_ts_b7_cTS_semantic_v2_seed1240_n6000.db
1240,INSTR_WORD_MOD_SUR|core_mul,21.58164767466817,120,0.17984706395556807,/root/arguzz/a4/runs/iv_pos_7/dbs/pos_iv_pos_7_ts_b7_cTS_semantic_v2_seed1240_n6000/pos_iv_pos_7_ts_b7_cTS_semantic_v2_seed1240_n6000.db
1240,INSTR_WORD_MOD_SUR|core_shr,20.93071101107972,120,0.17442259175899766,/root/arguzz/a4/runs/iv_pos_7/dbs/pos_iv_pos_7_ts_b7_cTS_semantic_v2_seed1240_n6000/pos_iv_pos_7_ts_b7_cTS_semantic_v2_seed1240_n6000.db
1240,INSTR_WORD_MOD_SUR|kernel_other,22.091546821111905,120,0.18409622350926588,/root/arguzz/a4/runs/iv_pos_7/dbs/pos_iv_pos_7_ts_b7_cTS_semantic_v2_seed1240_n6000/pos_iv_pos_7_ts_b7_cTS_semantic_v2_seed1240_n6000.db
1240,INSTR_WORD_MOD_SUR|post_ecall,20.741313568511078,120,0.1728442797375923,/root/arguzz/a4/runs/iv_pos_7/dbs/pos_iv_pos_7_ts_b7_cTS_semantic_v2_seed1240_n6000/pos_iv_pos_7_ts_b7_cTS_semantic_v2_seed1240_n6000.db
1240,LOAD_VAL_MOD|core_memory_load,13.218217461956852,120,0.11015181218297378,/root/arguzz/a4/runs/iv_pos_7/dbs/pos_iv_pos_7_ts_b7_cTS_semantic_v2_seed1240_n6000/pos_iv_pos_7_ts_b7_cTS_semantic_v2_seed1240_n6000.db
1240,LOAD_VAL_MOD|post_ecall,11.745239741302974,120,0.09787699784419145,/root/arguzz/a4/runs/iv_pos_7/dbs/pos_iv_pos_7_ts_b7_cTS_semantic_v2_seed1240_n6000/pos_iv_pos_7_ts_b7_cTS_semantic_v2_seed1240_n6000.db
1240,MEM_VAL_MOD|core_arithmetic,10.440774091402547,120,0.08700645076168789,/root/arguzz/a4/runs/iv_pos_7/dbs/pos_iv_pos_7_ts_b7_cTS_semantic_v2_seed1240_n6000/pos_iv_pos_7_ts_b7_cTS_semantic_v2_seed1240_n6000.db
1240,MEM_VAL_MOD|core_branch,7.657982008565215,120,0.06381651673804346,/root/arguzz/a4/runs/iv_pos_7/dbs/pos_iv_pos_7_ts_b7_cTS_semantic_v2_seed1240_n6000/pos_iv_pos_7_ts_b7_cTS_semantic_v2_seed1240_n6000.db
1240,MEM_VAL_MOD|core_memory_load,7.855722517313958,120,0.06546435431094964,/root/arguzz/a4/runs/iv_pos_7/dbs/pos_iv_pos_7_ts_b7_cTS_semantic_v2_seed1240_n6000/pos_iv_pos_7_ts_b7_cTS_semantic_v2_seed1240_n6000.db
1240,MEM_VAL_MOD|core_memory_store,12.69636949702342,120,0.10580307914186184,/root/arguzz/a4/runs/iv_pos_7/dbs/pos_iv_pos_7_ts_b7_cTS_semantic_v2_seed1240_n6000/pos_iv_pos_7_ts_b7_cTS_semantic_v2_seed1240_n6000.db
1240,MEM_VAL_MOD|kernel_other,11.204491698214227,122,0.09184009588700186,/root/arguzz/a4/runs/iv_pos_7/dbs/pos_iv_pos_7_ts_b7_cTS_semantic_v2_seed1240_n6000/pos_iv_pos_7_ts_b7_cTS_semantic_v2_seed1240_n6000.db
1240,MEM_VAL_MOD|last_step,30.67034417319092,121,0.25347391878670184,/root/arguzz/a4/runs/iv_pos_7/dbs/pos_iv_pos_7_ts_b7_cTS_semantic_v2_seed1240_n6000/pos_iv_pos_7_ts_b7_cTS_semantic_v2_seed1240_n6000.db
1240,MEM_VAL_MOD|post_ecall,7.219671837655689,120,0.060163931980464075,/root/arguzz/a4/runs/iv_pos_7/dbs/pos_iv_pos_7_ts_b7_cTS_semantic_v2_seed1240_n6000/pos_iv_pos_7_ts_b7_cTS_semantic_v2_seed1240_n6000.db
1240,MEM_VAL_MOD|pre_ecall,13.825985875343928,120,0.1152165489611994,/root/arguzz/a4/runs/iv_pos_7/dbs/pos_iv_pos_7_ts_b7_cTS_semantic_v2_seed1240_n6000/pos_iv_pos_7_ts_b7_cTS_semantic_v2_seed1240_n6000.db
1240,MEM_VAL_MOD|step0,9.23085099238278,121,0.07628802473043621,/root/arguzz/a4/runs/iv_pos_7/dbs/pos_iv_pos_7_ts_b7_cTS_semantic_v2_seed1240_n6000/pos_iv_pos_7_ts_b7_cTS_semantic_v2_seed1240_n6000.db
1240,PRE_EXEC_REG_MOD|core_arithmetic,11.042989946164903,120,0.09202491621804086,/root/arguzz/a4/runs/iv_pos_7/dbs/pos_iv_pos_7_ts_b7_cTS_semantic_v2_seed1240_n6000/pos_iv_pos_7_ts_b7_cTS_semantic_v2_seed1240_n6000.db
1240,PRE_EXEC_REG_MOD|core_memory_load,10.153372519129185,121,0.08391216957958005,/root/arguzz/a4/runs/iv_pos_7/dbs/pos_iv_pos_7_ts_b7_cTS_semantic_v2_seed1240_n6000/pos_iv_pos_7_ts_b7_cTS_semantic_v2_seed1240_n6000.db
1240,PRE_EXEC_REG_MOD|core_memory_store,9.028388098069424,121,0.07461477766999525,/root/arguzz/a4/runs/iv_pos_7/dbs/pos_iv_pos_7_ts_b7_cTS_semantic_v2_seed1240_n6000/pos_iv_pos_7_ts_b7_cTS_semantic_v2_seed1240_n6000.db
1240,PRE_EXEC_REG_MOD|core_mul,10.91831601178319,120,0.09098596676485991,/root/arguzz/a4/runs/iv_pos_7/dbs/pos_iv_pos_7_ts_b7_cTS_semantic_v2_seed1240_n6000/pos_iv_pos_7_ts_b7_cTS_semantic_v2_seed1240_n6000.db
1240,PRE_EXEC_REG_MOD|core_shr,10.044859925683088,120,0.08370716604735907,/root/arguzz/a4/runs/iv_pos_7/dbs/pos_iv_pos_7_ts_b7_cTS_semantic_v2_seed1240_n6000/pos_iv_pos_7_ts_b7_cTS_semantic_v2_seed1240_n6000.db
1240,PRE_EXEC_REG_MOD|kernel_other,6.922091581968385,120,0.0576840965164032,/root/arguzz/a4/runs/iv_pos_7/dbs/pos_iv_pos_7_ts_b7_cTS_semantic_v2_seed1240_n6000/pos_iv_pos_7_ts_b7_cTS_semantic_v2_seed1240_n6000.db
1240,PRE_EXEC_REG_MOD|post_ecall,8.510862775563293,120,0.07092385646302744,/root/arguzz/a4/runs/iv_pos_7/dbs/pos_iv_pos_7_ts_b7_cTS_semantic_v2_seed1240_n6000/pos_iv_pos_7_ts_b7_cTS_semantic_v2_seed1240_n6000.db
1240,PRE_EXEC_REG_MOD|step0,9.424799251784426,121,0.07789090290730931,/root/arguzz/a4/runs/iv_pos_7/dbs/pos_iv_pos_7_ts_b7_cTS_semantic_v2_seed1240_n6000/pos_iv_pos_7_ts_b7_cTS_semantic_v2_seed1240_n6000.db
1240,STORE_OUT_MOD|core_memory_store,12.687038375899704,120,0.10572531979916419,/root/arguzz/a4/runs/iv_pos_7/dbs/pos_iv_pos_7_ts_b7_cTS_semantic_v2_seed1240_n6000/pos_iv_pos_7_ts_b7_cTS_semantic_v2_seed1240_n6000.db
1240,STORE_OUT_MOD|kernel_other,11.839611702160903,120,0.09866343085134086,/root/arguzz/a4/runs/iv_pos_7/dbs/pos_iv_pos_7_ts_b7_cTS_semantic_v2_seed1240_n6000/pos_iv_pos_7_ts_b7_cTS_semantic_v2_seed1240_n6000.db
1241,COMP_OUT_MOD|core_arithmetic,13.255215383350055,121,0.10954723457314096,/root/arguzz/a4/runs/iv_pos_7/dbs/pos_iv_pos_7_ta_b4_cTS_semantic_v2_seed1241_n6000/pos_iv_pos_7_ta_b4_cTS_semantic_v2_seed1241_n6000.db
1241,COMP_OUT_MOD|core_mul,13.227629918328589,120,0.11023024931940491,/root/arguzz/a4/runs/iv_pos_7/dbs/pos_iv_pos_7_ta_b4_cTS_semantic_v2_seed1241_n6000/pos_iv_pos_7_ta_b4_cTS_semantic_v2_seed1241_n6000.db
1241,COMP_OUT_MOD|core_shr,13.219699896422057,120,0.11016416580351714,/root/arguzz/a4/runs/iv_pos_7/dbs/pos_iv_pos_7_ta_b4_cTS_semantic_v2_seed1241_n6000/pos_iv_pos_7_ta_b4_cTS_semantic_v2_seed1241_n6000.db
1241,COMP_OUT_MOD|post_ecall,12.953243892316516,120,0.10794369910263764,/root/arguzz/a4/runs/iv_pos_7/dbs/pos_iv_pos_7_ta_b4_cTS_semantic_v2_seed1241_n6000/pos_iv_pos_7_ta_b4_cTS_semantic_v2_seed1241_n6000.db
1241,INSTR_TYPE_MOD|core_arithmetic,5.373567222717536,126,0.04264735891045664,/root/arguzz/a4/runs/iv_pos_7/dbs/pos_iv_pos_7_ta_b4_cTS_semantic_v2_seed1241_n6000/pos_iv_pos_7_ta_b4_cTS_semantic_v2_seed1241_n6000.db
1241,INSTR_TYPE_MOD|core_memory_load,8.033229757885314,122,0.065846145556437,/root/arguzz/a4/runs/iv_pos_7/dbs/pos_iv_pos_7_ta_b4_cTS_semantic_v2_seed1241_n6000/pos_iv_pos_7_ta_b4_cTS_semantic_v2_seed1241_n6000.db
1241,INSTR_TYPE_MOD|core_memory_store,10.063637607862978,147,0.06846011978138081,/root/arguzz/a4/runs/iv_pos_7/dbs/pos_iv_pos_7_ta_b4_cTS_semantic_v2_seed1241_n6000/pos_iv_pos_7_ta_b4_cTS_semantic_v2_seed1241_n6000.db
1241,INSTR_TYPE_MOD|core_mul,6.750845860977707,126,0.053578141753791324,/root/arguzz/a4/runs/iv_pos_7/dbs/pos_iv_pos_7_ta_b4_cTS_semantic_v2_seed1241_n6000/pos_iv_pos_7_ta_b4_cTS_semantic_v2_seed1241_n6000.db
1241,INSTR_TYPE_MOD|core_shr,6.289479993454789,125,0.05031583994763831,/root/arguzz/a4/runs/iv_pos_7/dbs/pos_iv_pos_7_ta_b4_cTS_semantic_v2_seed1241_n6000/pos_iv_pos_7_ta_b4_cTS_semantic_v2_seed1241_n6000.db
1241,INSTR_TYPE_MOD|kernel_other,7.648851305634169,154,0.049667865621001096,/root/arguzz/a4/runs/iv_pos_7/dbs/pos_iv_pos_7_ta_b4_cTS_semantic_v2_seed1241_n6000/pos_iv_pos_7_ta_b4_cTS_semantic_v2_seed1241_n6000.db
1241,INSTR_TYPE_MOD|post_ecall,4.336790587390994,126,0.034418972915801545,/root/arguzz/a4/runs/iv_pos_7/dbs/pos_iv_pos_7_ta_b4_cTS_semantic_v2_seed1241_n6000/pos_iv_pos_7_ta_b4_cTS_semantic_v2_seed1241_n6000.db
1241,INSTR_TYPE_MOD|pre_ecall,1.5807741430155657,127,0.012447040496185557,/root/arguzz/a4/runs/iv_pos_7/dbs/pos_iv_pos_7_ta_b4_cTS_semantic_v2_seed1241_n6000/pos_iv_pos_7_ta_b4_cTS_semantic_v2_seed1241_n6000.db
1241,INSTR_TYPE_MOD|step0,5.5229728935835665,258,0.02140687168055646,/root/arguzz/a4/runs/iv_pos_7/dbs/pos_iv_pos_7_ta_b4_cTS_semantic_v2_seed1241_n6000/pos_iv_pos_7_ta_b4_cTS_semantic_v2_seed1241_n6000.db
1241,INSTR_WORD_MOD_FULL|core_arithmetic,17.274725039578833,120,0.14395604199649029,/root/arguzz/a4/runs/iv_pos_7/dbs/pos_iv_pos_7_ta_b4_cTS_semantic_v2_seed1241_n6000/pos_iv_pos_7_ta_b4_cTS_semantic_v2_seed1241_n6000.db
1241,INSTR_WORD_MOD_FULL|core_memory_load,22.207884497911245,120,0.18506570414926038,/root/arguzz/a4/runs/iv_pos_7/dbs/pos_iv_pos_7_ta_b4_cTS_semantic_v2_seed1241_n6000/pos_iv_pos_7_ta_b4_cTS_semantic_v2_seed1241_n6000.db
1241,INSTR_WORD_MOD_FULL|core_memory_store,20.65833055437884,120,0.17215275461982366,/root/arguzz/a4/runs/iv_pos_7/dbs/pos_iv_pos_7_ta_b4_cTS_semantic_v2_seed1241_n6000/pos_iv_pos_7_ta_b4_cTS_semantic_v2_seed1241_n6000.db
1241,INSTR_WORD_MOD_FULL|core_mul,15.785905332475409,120,0.13154921110396173,/root/arguzz/a4/runs/iv_pos_7/dbs/pos_iv_pos_7_ta_b4_cTS_semantic_v2_seed1241_n6000/pos_iv_pos_7_ta_b4_cTS_semantic_v2_seed1241_n6000.db
1241,INSTR_WORD_MOD_FULL|core_shr,16.384106198816962,120,0.13653421832347468,/root/arguzz/a4/runs/iv_pos_7/dbs/pos_iv_pos_7_ta_b4_cTS_semantic_v2_seed1241_n6000/pos_iv_pos_7_ta_b4_cTS_semantic_v2_seed1241_n6000.db
1241,INSTR_WORD_MOD_FULL|kernel_other,18.169387215698162,120,0.15141156013081802,/root/arguzz/a4/runs/iv_pos_7/dbs/pos_iv_pos_7_ta_b4_cTS_semantic_v2_seed1241_n6000/pos_iv_pos_7_ta_b4_cTS_semantic_v2_seed1241_n6000.db
1241,INSTR_WORD_MOD_FULL|post_ecall,16.140163528994965,120,0.1345013627416247,/root/arguzz/a4/runs/iv_pos_7/dbs/pos_iv_pos_7_ta_b4_cTS_semantic_v2_seed1241_n6000/pos_iv_pos_7_ta_b4_cTS_semantic_v2_seed1241_n6000.db
1241,INSTR_WORD_MOD_SUR|core_arithmetic,22.139546665753112,120,0.18449622221460926,/root/arguzz/a4/runs/iv_pos_7/dbs/pos_iv_pos_7_ta_b4_cTS_semantic_v2_seed1241_n6000/pos_iv_pos_7_ta_b4_cTS_semantic_v2_seed1241_n6000.db
1241,INSTR_WORD_MOD_SUR|core_memory_load,23.34384545490937,120,0.1945320454575781,/root/arguzz/a4/runs/iv_pos_7/dbs/pos_iv_pos_7_ta_b4_cTS_semantic_v2_seed1241_n6000/pos_iv_pos_7_ta_b4_cTS_semantic_v2_seed1241_n6000.db
1241,INSTR_WORD_MOD_SUR|core_memory_store,23.801612036183457,120,0.19834676696819548,/root/arguzz/a4/runs/iv_pos_7/dbs/pos_iv_pos_7_ta_b4_cTS_semantic_v2_seed1241_n6000/pos_iv_pos_7_ta_b4_cTS_semantic_v2_seed1241_n6000.db
1241,INSTR_WORD_MOD_SUR|core_mul,21.162923918021917,120,0.1763576993168493,/root/arguzz/a4/runs/iv_pos_7/dbs/pos_iv_pos_7_ta_b4_cTS_semantic_v2_seed1241_n6000/pos_iv_pos_7_ta_b4_cTS_semantic_v2_seed1241_n6000.db
1241,INSTR_WORD_MOD_SUR|core_shr,20.04360784207051,120,0.1670300653505876,/root/arguzz/a4/runs/iv_pos_7/dbs/pos_iv_pos_7_ta_b4_cTS_semantic_v2_seed1241_n6000/pos_iv_pos_7_ta_b4_cTS_semantic_v2_seed1241_n6000.db
1241,INSTR_WORD_MOD_SUR|kernel_other,23.03468430619102,120,0.19195570255159183,/root/arguzz/a4/runs/iv_pos_7/dbs/pos_iv_pos_7_ta_b4_cTS_semantic_v2_seed1241_n6000/pos_iv_pos_7_ta_b4_cTS_semantic_v2_seed1241_n6000.db
1241,INSTR_WORD_MOD_SUR|post_ecall,20.673607679333706,120,0.17228006399444756,/root/arguzz/a4/runs/iv_pos_7/dbs/pos_iv_pos_7_ta_b4_cTS_semantic_v2_seed1241_n6000/pos_iv_pos_7_ta_b4_cTS_semantic_v2_seed1241_n6000.db
1241,LOAD_VAL_MOD|core_memory_load,13.326365775225014,120,0.11105304812687512,/root/arguzz/a4/runs/iv_pos_7/dbs/pos_iv_pos_7_ta_b4_cTS_semantic_v2_seed1241_n6000/pos_iv_pos_7_ta_b4_cTS_semantic_v2_seed1241_n6000.db
1241,LOAD_VAL_MOD|post_ecall,11.611722900150225,120,0.09676435750125187,/root/arguzz/a4/runs/iv_pos_7/dbs/pos_iv_pos_7_ta_b4_cTS_semantic_v2_seed1241_n6000/pos_iv_pos_7_ta_b4_cTS_semantic_v2_seed1241_n6000.db
1241,MEM_VAL_MOD|core_arithmetic,10.036086033436352,120,0.08363405027863627,/root/arguzz/a4/runs/iv_pos_7/dbs/pos_iv_pos_7_ta_b4_cTS_semantic_v2_seed1241_n6000/pos_iv_pos_7_ta_b4_cTS_semantic_v2_seed1241_n6000.db
1241,MEM_VAL_MOD|core_branch,7.157668624596998,120,0.05964723853830832,/root/arguzz/a4/runs/iv_pos_7/dbs/pos_iv_pos_7_ta_b4_cTS_semantic_v2_seed1241_n6000/pos_iv_pos_7_ta_b4_cTS_semantic_v2_seed1241_n6000.db
1241,MEM_VAL_MOD|core_memory_load,8.082250475904024,120,0.0673520872992002,/root/arguzz/a4/runs/iv_pos_7/dbs/pos_iv_pos_7_ta_b4_cTS_semantic_v2_seed1241_n6000/pos_iv_pos_7_ta_b4_cTS_semantic_v2_seed1241_n6000.db
1241,MEM_VAL_MOD|core_memory_store,12.231564323586513,120,0.10192970269655427,/root/arguzz/a4/runs/iv_pos_7/dbs/pos_iv_pos_7_ta_b4_cTS_semantic_v2_seed1241_n6000/pos_iv_pos_7_ta_b4_cTS_semantic_v2_seed1241_n6000.db
1241,MEM_VAL_MOD|kernel_other,10.832133464390719,121,0.08952176416851834,/root/arguzz/a4/runs/iv_pos_7/dbs/pos_iv_pos_7_ta_b4_cTS_semantic_v2_seed1241_n6000/pos_iv_pos_7_ta_b4_cTS_semantic_v2_seed1241_n6000.db
1241,MEM_VAL_MOD|last_step,30.34984032902453,121,0.25082512668615314,/root/arguzz/a4/runs/iv_pos_7/dbs/pos_iv_pos_7_ta_b4_cTS_semantic_v2_seed1241_n6000/pos_iv_pos_7_ta_b4_cTS_semantic_v2_seed1241_n6000.db
1241,MEM_VAL_MOD|post_ecall,7.791112080659076,120,0.0649259340054923,/root/arguzz/a4/runs/iv_pos_7/dbs/pos_iv_pos_7_ta_b4_cTS_semantic_v2_seed1241_n6000/pos_iv_pos_7_ta_b4_cTS_semantic_v2_seed1241_n6000.db
1241,MEM_VAL_MOD|pre_ecall,14.706993531467056,121,0.12154540108650459,/root/arguzz/a4/runs/iv_pos_7/dbs/pos_iv_pos_7_ta_b4_cTS_semantic_v2_seed1241_n6000/pos_iv_pos_7_ta_b4_cTS_semantic_v2_seed1241_n6000.db
1241,MEM_VAL_MOD|step0,9.016091445133513,121,0.07451315243911995,/root/arguzz/a4/runs/iv_pos_7/dbs/pos_iv_pos_7_ta_b4_cTS_semantic_v2_seed1241_n6000/pos_iv_pos_7_ta_b4_cTS_semantic_v2_seed1241_n6000.db
1241,PRE_EXEC_REG_MOD|core_arithmetic,11.06387019334982,120,0.09219891827791517,/root/arguzz/a4/runs/iv_pos_7/dbs/pos_iv_pos_7_ta_b4_cTS_semantic_v2_seed1241_n6000/pos_iv_pos_7_ta_b4_cTS_semantic_v2_seed1241_n6000.db
1241,PRE_EXEC_REG_MOD|core_memory_load,9.78580069511745,123,0.07955935524485731,/root/arguzz/a4/runs/iv_pos_7/dbs/pos_iv_pos_7_ta_b4_cTS_semantic_v2_seed1241_n6000/pos_iv_pos_7_ta_b4_cTS_semantic_v2_seed1241_n6000.db
1241,PRE_EXEC_REG_MOD|core_memory_store,8.427167946524712,120,0.0702263995543726,/root/arguzz/a4/runs/iv_pos_7/dbs/pos_iv_pos_7_ta_b4_cTS_semantic_v2_seed1241_n6000/pos_iv_pos_7_ta_b4_cTS_semantic_v2_seed1241_n6000.db
1241,PRE_EXEC_REG_MOD|core_mul,10.309906266218649,120,0.08591588555182207,/root/arguzz/a4/runs/iv_pos_7/dbs/pos_iv_pos_7_ta_b4_cTS_semantic_v2_seed1241_n6000/pos_iv_pos_7_ta_b4_cTS_semantic_v2_seed1241_n6000.db
1241,PRE_EXEC_REG_MOD|core_shr,10.528754479218648,120,0.0877396206601554,/root/arguzz/a4/runs/iv_pos_7/dbs/pos_iv_pos_7_ta_b4_cTS_semantic_v2_seed1241_n6000/pos_iv_pos_7_ta_b4_cTS_semantic_v2_seed1241_n6000.db
1241,PRE_EXEC_REG_MOD|kernel_other,6.864256432836537,120,0.05720213694030448,/root/arguzz/a4/runs/iv_pos_7/dbs/pos_iv_pos_7_ta_b4_cTS_semantic_v2_seed1241_n6000/pos_iv_pos_7_ta_b4_cTS_semantic_v2_seed1241_n6000.db
1241,PRE_EXEC_REG_MOD|post_ecall,8.697540469860337,120,0.07247950391550281,/root/arguzz/a4/runs/iv_pos_7/dbs/pos_iv_pos_7_ta_b4_cTS_semantic_v2_seed1241_n6000/pos_iv_pos_7_ta_b4_cTS_semantic_v2_seed1241_n6000.db
1241,PRE_EXEC_REG_MOD|step0,9.529937500094544,121,0.07875981405036814,/root/arguzz/a4/runs/iv_pos_7/dbs/pos_iv_pos_7_ta_b4_cTS_semantic_v2_seed1241_n6000/pos_iv_pos_7_ta_b4_cTS_semantic_v2_seed1241_n6000.db
1241,STORE_OUT_MOD|core_memory_store,12.965863869061538,120,0.10804886557551281,/root/arguzz/a4/runs/iv_pos_7/dbs/pos_iv_pos_7_ta_b4_cTS_semantic_v2_seed1241_n6000/pos_iv_pos_7_ta_b4_cTS_semantic_v2_seed1241_n6000.db
1241,STORE_OUT_MOD|kernel_other,12.074427005951955,120,0.10062022504959962,/root/arguzz/a4/runs/iv_pos_7/dbs/pos_iv_pos_7_ta_b4_cTS_semantic_v2_seed1241_n6000/pos_iv_pos_7_ta_b4_cTS_semantic_v2_seed1241_n6000.db
1242,COMP_OUT_MOD|core_arithmetic,13.667079605639646,121,0.11295107112098882,/root/arguzz/a4/runs/iv_pos_7/dbs/pos_iv_pos_7_ta_b5_cTS_semantic_v2_seed1242_n6000/pos_iv_pos_7_ta_b5_cTS_semantic_v2_seed1242_n6000.db
1242,COMP_OUT_MOD|core_mul,13.010372771039043,120,0.10841977309199202,/root/arguzz/a4/runs/iv_pos_7/dbs/pos_iv_pos_7_ta_b5_cTS_semantic_v2_seed1242_n6000/pos_iv_pos_7_ta_b5_cTS_semantic_v2_seed1242_n6000.db
1242,COMP_OUT_MOD|core_shr,13.252386827654362,120,0.11043655689711969,/root/arguzz/a4/runs/iv_pos_7/dbs/pos_iv_pos_7_ta_b5_cTS_semantic_v2_seed1242_n6000/pos_iv_pos_7_ta_b5_cTS_semantic_v2_seed1242_n6000.db
1242,COMP_OUT_MOD|post_ecall,13.200403965014324,120,0.11000336637511937,/root/arguzz/a4/runs/iv_pos_7/dbs/pos_iv_pos_7_ta_b5_cTS_semantic_v2_seed1242_n6000/pos_iv_pos_7_ta_b5_cTS_semantic_v2_seed1242_n6000.db
1242,INSTR_TYPE_MOD|core_arithmetic,6.835607609122111,139,0.04917703315915188,/root/arguzz/a4/runs/iv_pos_7/dbs/pos_iv_pos_7_ta_b5_cTS_semantic_v2_seed1242_n6000/pos_iv_pos_7_ta_b5_cTS_semantic_v2_seed1242_n6000.db
1242,INSTR_TYPE_MOD|core_memory_load,8.008679115588171,120,0.06673899262990142,/root/arguzz/a4/runs/iv_pos_7/dbs/pos_iv_pos_7_ta_b5_cTS_semantic_v2_seed1242_n6000/pos_iv_pos_7_ta_b5_cTS_semantic_v2_seed1242_n6000.db
1242,INSTR_TYPE_MOD|core_memory_store,8.442509611119695,129,0.06544581093891236,/root/arguzz/a4/runs/iv_pos_7/dbs/pos_iv_pos_7_ta_b5_cTS_semantic_v2_seed1242_n6000/pos_iv_pos_7_ta_b5_cTS_semantic_v2_seed1242_n6000.db
1242,INSTR_TYPE_MOD|core_mul,6.550570244944397,138,0.047467900325684036,/root/arguzz/a4/runs/iv_pos_7/dbs/pos_iv_pos_7_ta_b5_cTS_semantic_v2_seed1242_n6000/pos_iv_pos_7_ta_b5_cTS_semantic_v2_seed1242_n6000.db
1242,INSTR_TYPE_MOD|core_shr,5.705726704731663,125,0.0456458136378533,/root/arguzz/a4/runs/iv_pos_7/dbs/pos_iv_pos_7_ta_b5_cTS_semantic_v2_seed1242_n6000/pos_iv_pos_7_ta_b5_cTS_semantic_v2_seed1242_n6000.db
1242,INSTR_TYPE_MOD|kernel_other,6.8336396983187475,131,0.052165188536784333,/root/arguzz/a4/runs/iv_pos_7/dbs/pos_iv_pos_7_ta_b5_cTS_semantic_v2_seed1242_n6000/pos_iv_pos_7_ta_b5_cTS_semantic_v2_seed1242_n6000.db
1242,INSTR_TYPE_MOD|post_ecall,4.30067922996787,129,0.033338598681921475,/root/arguzz/a4/runs/iv_pos_7/dbs/pos_iv_pos_7_ta_b5_cTS_semantic_v2_seed1242_n6000/pos_iv_pos_7_ta_b5_cTS_semantic_v2_seed1242_n6000.db
1242,INSTR_TYPE_MOD|pre_ecall,1.3992784851214404,132,0.010600594584253336,/root/arguzz/a4/runs/iv_pos_7/dbs/pos_iv_pos_7_ta_b5_cTS_semantic_v2_seed1242_n6000/pos_iv_pos_7_ta_b5_cTS_semantic_v2_seed1242_n6000.db
1242,INSTR_TYPE_MOD|step0,5.6531549942875055,270,0.020937611089953723,/root/arguzz/a4/runs/iv_pos_7/dbs/pos_iv_pos_7_ta_b5_cTS_semantic_v2_seed1242_n6000/pos_iv_pos_7_ta_b5_cTS_semantic_v2_seed1242_n6000.db
1242,INSTR_WORD_MOD_FULL|core_arithmetic,18.526837398017864,120,0.15439031165014888,/root/arguzz/a4/runs/iv_pos_7/dbs/pos_iv_pos_7_ta_b5_cTS_semantic_v2_seed1242_n6000/pos_iv_pos_7_ta_b5_cTS_semantic_v2_seed1242_n6000.db
1242,INSTR_WORD_MOD_FULL|core_memory_load,21.522621952699215,120,0.1793551829391601,/root/arguzz/a4/runs/iv_pos_7/dbs/pos_iv_pos_7_ta_b5_cTS_semantic_v2_seed1242_n6000/pos_iv_pos_7_ta_b5_cTS_semantic_v2_seed1242_n6000.db
1242,INSTR_WORD_MOD_FULL|core_memory_store,21.301270397839843,120,0.17751058664866537,/root/arguzz/a4/runs/iv_pos_7/dbs/pos_iv_pos_7_ta_b5_cTS_semantic_v2_seed1242_n6000/pos_iv_pos_7_ta_b5_cTS_semantic_v2_seed1242_n6000.db
1242,INSTR_WORD_MOD_FULL|core_mul,16.333598361537163,120,0.13611331967947635,/root/arguzz/a4/runs/iv_pos_7/dbs/pos_iv_pos_7_ta_b5_cTS_semantic_v2_seed1242_n6000/pos_iv_pos_7_ta_b5_cTS_semantic_v2_seed1242_n6000.db
1242,INSTR_WORD_MOD_FULL|core_shr,16.4898644145563,120,0.13741553678796917,/root/arguzz/a4/runs/iv_pos_7/dbs/pos_iv_pos_7_ta_b5_cTS_semantic_v2_seed1242_n6000/pos_iv_pos_7_ta_b5_cTS_semantic_v2_seed1242_n6000.db
1242,INSTR_WORD_MOD_FULL|kernel_other,17.52557652576685,120,0.1460464710480571,/root/arguzz/a4/runs/iv_pos_7/dbs/pos_iv_pos_7_ta_b5_cTS_semantic_v2_seed1242_n6000/pos_iv_pos_7_ta_b5_cTS_semantic_v2_seed1242_n6000.db
1242,INSTR_WORD_MOD_FULL|post_ecall,14.395753436842249,120,0.11996461197368541,/root/arguzz/a4/runs/iv_pos_7/dbs/pos_iv_pos_7_ta_b5_cTS_semantic_v2_seed1242_n6000/pos_iv_pos_7_ta_b5_cTS_semantic_v2_seed1242_n6000.db
1242,INSTR_WORD_MOD_SUR|core_arithmetic,22.824811852348,120,0.19020676543623333,/root/arguzz/a4/runs/iv_pos_7/dbs/pos_iv_pos_7_ta_b5_cTS_semantic_v2_seed1242_n6000/pos_iv_pos_7_ta_b5_cTS_semantic_v2_seed1242_n6000.db
1242,INSTR_WORD_MOD_SUR|core_memory_load,23.955023756253407,120,0.1996251979687784,/root/arguzz/a4/runs/iv_pos_7/dbs/pos_iv_pos_7_ta_b5_cTS_semantic_v2_seed1242_n6000/pos_iv_pos_7_ta_b5_cTS_semantic_v2_seed1242_n6000.db
1242,INSTR_WORD_MOD_SUR|core_memory_store,23.772886861027835,120,0.1981073905085653,/root/arguzz/a4/runs/iv_pos_7/dbs/pos_iv_pos_7_ta_b5_cTS_semantic_v2_seed1242_n6000/pos_iv_pos_7_ta_b5_cTS_semantic_v2_seed1242_n6000.db
1242,INSTR_WORD_MOD_SUR|core_mul,20.890608073359573,120,0.17408840061132977,/root/arguzz/a4/runs/iv_pos_7/dbs/pos_iv_pos_7_ta_b5_cTS_semantic_v2_seed1242_n6000/pos_iv_pos_7_ta_b5_cTS_semantic_v2_seed1242_n6000.db
1242,INSTR_WORD_MOD_SUR|core_shr,20.218982445477664,120,0.16849152037898055,/root/arguzz/a4/runs/iv_pos_7/dbs/pos_iv_pos_7_ta_b5_cTS_semantic_v2_seed1242_n6000/pos_iv_pos_7_ta_b5_cTS_semantic_v2_seed1242_n6000.db
1242,INSTR_WORD_MOD_SUR|kernel_other,22.064345153883128,120,0.18386954294902608,/root/arguzz/a4/runs/iv_pos_7/dbs/pos_iv_pos_7_ta_b5_cTS_semantic_v2_seed1242_n6000/pos_iv_pos_7_ta_b5_cTS_semantic_v2_seed1242_n6000.db
1242,INSTR_WORD_MOD_SUR|post_ecall,21.510652660281423,120,0.17925543883567852,/root/arguzz/a4/runs/iv_pos_7/dbs/pos_iv_pos_7_ta_b5_cTS_semantic_v2_seed1242_n6000/pos_iv_pos_7_ta_b5_cTS_semantic_v2_seed1242_n6000.db
1242,LOAD_VAL_MOD|core_memory_load,12.990692847397368,120,0.1082557737283114,/root/arguzz/a4/runs/iv_pos_7/dbs/pos_iv_pos_7_ta_b5_cTS_semantic_v2_seed1242_n6000/pos_iv_pos_7_ta_b5_cTS_semantic_v2_seed1242_n6000.db
1242,LOAD_VAL_MOD|post_ecall,11.39737678534719,120,0.09497813987789325,/root/arguzz/a4/runs/iv_pos_7/dbs/pos_iv_pos_7_ta_b5_cTS_semantic_v2_seed1242_n6000/pos_iv_pos_7_ta_b5_cTS_semantic_v2_seed1242_n6000.db
1242,MEM_VAL_MOD|core_arithmetic,8.69056119764389,120,0.07242134331369908,/root/arguzz/a4/runs/iv_pos_7/dbs/pos_iv_pos_7_ta_b5_cTS_semantic_v2_seed1242_n6000/pos_iv_pos_7_ta_b5_cTS_semantic_v2_seed1242_n6000.db
1242,MEM_VAL_MOD|core_branch,8.225739854651712,120,0.0685478321220976,/root/arguzz/a4/runs/iv_pos_7/dbs/pos_iv_pos_7_ta_b5_cTS_semantic_v2_seed1242_n6000/pos_iv_pos_7_ta_b5_cTS_semantic_v2_seed1242_n6000.db
1242,MEM_VAL_MOD|core_memory_load,7.807758386849492,120,0.06506465322374576,/root/arguzz/a4/runs/iv_pos_7/dbs/pos_iv_pos_7_ta_b5_cTS_semantic_v2_seed1242_n6000/pos_iv_pos_7_ta_b5_cTS_semantic_v2_seed1242_n6000.db
1242,MEM_VAL_MOD|core_memory_store,12.75505446069432,120,0.106292120505786,/root/arguzz/a4/runs/iv_pos_7/dbs/pos_iv_pos_7_ta_b5_cTS_semantic_v2_seed1242_n6000/pos_iv_pos_7_ta_b5_cTS_semantic_v2_seed1242_n6000.db
1242,MEM_VAL_MOD|kernel_other,12.274057134930246,120,0.10228380945775205,/root/arguzz/a4/runs/iv_pos_7/dbs/pos_iv_pos_7_ta_b5_cTS_semantic_v2_seed1242_n6000/pos_iv_pos_7_ta_b5_cTS_semantic_v2_seed1242_n6000.db
1242,MEM_VAL_MOD|last_step,29.594197962907614,121,0.24458014845378193,/root/arguzz/a4/runs/iv_pos_7/dbs/pos_iv_pos_7_ta_b5_cTS_semantic_v2_seed1242_n6000/pos_iv_pos_7_ta_b5_cTS_semantic_v2_seed1242_n6000.db
1242,MEM_VAL_MOD|post_ecall,8.128997935607403,120,0.06774164946339503,/root/arguzz/a4/runs/iv_pos_7/dbs/pos_iv_pos_7_ta_b5_cTS_semantic_v2_seed1242_n6000/pos_iv_pos_7_ta_b5_cTS_semantic_v2_seed1242_n6000.db
1242,MEM_VAL_MOD|pre_ecall,15.41182552282551,122,0.1263264387116845,/root/arguzz/a4/runs/iv_pos_7/dbs/pos_iv_pos_7_ta_b5_cTS_semantic_v2_seed1242_n6000/pos_iv_pos_7_ta_b5_cTS_semantic_v2_seed1242_n6000.db
1242,MEM_VAL_MOD|step0,9.141813670325574,121,0.07555217909359978,/root/arguzz/a4/runs/iv_pos_7/dbs/pos_iv_pos_7_ta_b5_cTS_semantic_v2_seed1242_n6000/pos_iv_pos_7_ta_b5_cTS_semantic_v2_seed1242_n6000.db
1242,PRE_EXEC_REG_MOD|core_arithmetic,10.751256264834787,120,0.08959380220695655,/root/arguzz/a4/runs/iv_pos_7/dbs/pos_iv_pos_7_ta_b5_cTS_semantic_v2_seed1242_n6000/pos_iv_pos_7_ta_b5_cTS_semantic_v2_seed1242_n6000.db
1242,PRE_EXEC_REG_MOD|core_memory_load,9.663794389150144,120,0.08053161990958453,/root/arguzz/a4/runs/iv_pos_7/dbs/pos_iv_pos_7_ta_b5_cTS_semantic_v2_seed1242_n6000/pos_iv_pos_7_ta_b5_cTS_semantic_v2_seed1242_n6000.db
1242,PRE_EXEC_REG_MOD|core_memory_store,7.675213172715465,120,0.06396010977262888,/root/arguzz/a4/runs/iv_pos_7/dbs/pos_iv_pos_7_ta_b5_cTS_semantic_v2_seed1242_n6000/pos_iv_pos_7_ta_b5_cTS_semantic_v2_seed1242_n6000.db
1242,PRE_EXEC_REG_MOD|core_mul,10.579988824399779,120,0.08816657353666482,/root/arguzz/a4/runs/iv_pos_7/dbs/pos_iv_pos_7_ta_b5_cTS_semantic_v2_seed1242_n6000/pos_iv_pos_7_ta_b5_cTS_semantic_v2_seed1242_n6000.db
1242,PRE_EXEC_REG_MOD|core_shr,10.736023674699815,120,0.0894668639558318,/root/arguzz/a4/runs/iv_pos_7/dbs/pos_iv_pos_7_ta_b5_cTS_semantic_v2_seed1242_n6000/pos_iv_pos_7_ta_b5_cTS_semantic_v2_seed1242_n6000.db
1242,PRE_EXEC_REG_MOD|kernel_other,6.625221131915755,120,0.05521017609929795,/root/arguzz/a4/runs/iv_pos_7/dbs/pos_iv_pos_7_ta_b5_cTS_semantic_v2_seed1242_n6000/pos_iv_pos_7_ta_b5_cTS_semantic_v2_seed1242_n6000.db
1242,PRE_EXEC_REG_MOD|post_ecall,9.07464190982044,121,0.07499704057702843,/root/arguzz/a4/runs/iv_pos_7/dbs/pos_iv_pos_7_ta_b5_cTS_semantic_v2_seed1242_n6000/pos_iv_pos_7_ta_b5_cTS_semantic_v2_seed1242_n6000.db
1242,PRE_EXEC_REG_MOD|step0,9.308858527956216,121,0.07693271510707617,/root/arguzz/a4/runs/iv_pos_7/dbs/pos_iv_pos_7_ta_b5_cTS_semantic_v2_seed1242_n6000/pos_iv_pos_7_ta_b5_cTS_semantic_v2_seed1242_n6000.db
1242,STORE_OUT_MOD|core_memory_store,12.864067495023036,120,0.1072005624585253,/root/arguzz/a4/runs/iv_pos_7/dbs/pos_iv_pos_7_ta_b5_cTS_semantic_v2_seed1242_n6000/pos_iv_pos_7_ta_b5_cTS_semantic_v2_seed1242_n6000.db
1242,STORE_OUT_MOD|kernel_other,11.769373241574442,120,0.09807811034645368,/root/arguzz/a4/runs/iv_pos_7/dbs/pos_iv_pos_7_ta_b5_cTS_semantic_v2_seed1242_n6000/pos_iv_pos_7_ta_b5_cTS_semantic_v2_seed1242_n6000.db
1243,COMP_OUT_MOD|core_arithmetic,13.671035288926042,121,0.11298376271839704,/root/arguzz/a4/runs/iv_pos_7/dbs/pos_iv_pos_7_ta_b6_cTS_semantic_v2_seed1243_n6000/pos_iv_pos_7_ta_b6_cTS_semantic_v2_seed1243_n6000.db
1243,COMP_OUT_MOD|core_mul,13.271904267477737,120,0.11059920222898115,/root/arguzz/a4/runs/iv_pos_7/dbs/pos_iv_pos_7_ta_b6_cTS_semantic_v2_seed1243_n6000/pos_iv_pos_7_ta_b6_cTS_semantic_v2_seed1243_n6000.db
1243,COMP_OUT_MOD|core_shr,12.968370537506924,120,0.10806975447922437,/root/arguzz/a4/runs/iv_pos_7/dbs/pos_iv_pos_7_ta_b6_cTS_semantic_v2_seed1243_n6000/pos_iv_pos_7_ta_b6_cTS_semantic_v2_seed1243_n6000.db
1243,COMP_OUT_MOD|post_ecall,12.98230873694394,120,0.10818590614119951,/root/arguzz/a4/runs/iv_pos_7/dbs/pos_iv_pos_7_ta_b6_cTS_semantic_v2_seed1243_n6000/pos_iv_pos_7_ta_b6_cTS_semantic_v2_seed1243_n6000.db
1243,INSTR_TYPE_MOD|core_arithmetic,5.230978019088904,129,0.040550217202239565,/root/arguzz/a4/runs/iv_pos_7/dbs/pos_iv_pos_7_ta_b6_cTS_semantic_v2_seed1243_n6000/pos_iv_pos_7_ta_b6_cTS_semantic_v2_seed1243_n6000.db
1243,INSTR_TYPE_MOD|core_memory_load,7.607336533279831,120,0.06339447111066526,/root/arguzz/a4/runs/iv_pos_7/dbs/pos_iv_pos_7_ta_b6_cTS_semantic_v2_seed1243_n6000/pos_iv_pos_7_ta_b6_cTS_semantic_v2_seed1243_n6000.db
1243,INSTR_TYPE_MOD|core_memory_store,9.748230647070878,150,0.06498820431380585,/root/arguzz/a4/runs/iv_pos_7/dbs/pos_iv_pos_7_ta_b6_cTS_semantic_v2_seed1243_n6000/pos_iv_pos_7_ta_b6_cTS_semantic_v2_seed1243_n6000.db
1243,INSTR_TYPE_MOD|core_mul,5.559737873069896,135,0.04118324350422145,/root/arguzz/a4/runs/iv_pos_7/dbs/pos_iv_pos_7_ta_b6_cTS_semantic_v2_seed1243_n6000/pos_iv_pos_7_ta_b6_cTS_semantic_v2_seed1243_n6000.db
1243,INSTR_TYPE_MOD|core_shr,6.189762665820123,125,0.04951810132656098,/root/arguzz/a4/runs/iv_pos_7/dbs/pos_iv_pos_7_ta_b6_cTS_semantic_v2_seed1243_n6000/pos_iv_pos_7_ta_b6_cTS_semantic_v2_seed1243_n6000.db
1243,INSTR_TYPE_MOD|kernel_other,5.803188224479724,126,0.04605704940063273,/root/arguzz/a4/runs/iv_pos_7/dbs/pos_iv_pos_7_ta_b6_cTS_semantic_v2_seed1243_n6000/pos_iv_pos_7_ta_b6_cTS_semantic_v2_seed1243_n6000.db
1243,INSTR_TYPE_MOD|post_ecall,4.81698305125505,126,0.03823002421630992,/root/arguzz/a4/runs/iv_pos_7/dbs/pos_iv_pos_7_ta_b6_cTS_semantic_v2_seed1243_n6000/pos_iv_pos_7_ta_b6_cTS_semantic_v2_seed1243_n6000.db
1243,INSTR_TYPE_MOD|pre_ecall,1.402378221072482,124,0.011309501782842598,/root/arguzz/a4/runs/iv_pos_7/dbs/pos_iv_pos_7_ta_b6_cTS_semantic_v2_seed1243_n6000/pos_iv_pos_7_ta_b6_cTS_semantic_v2_seed1243_n6000.db
1243,INSTR_TYPE_MOD|step0,6.147276524743554,281,0.02187642891367813,/root/arguzz/a4/runs/iv_pos_7/dbs/pos_iv_pos_7_ta_b6_cTS_semantic_v2_seed1243_n6000/pos_iv_pos_7_ta_b6_cTS_semantic_v2_seed1243_n6000.db
1243,INSTR_WORD_MOD_FULL|core_arithmetic,18.357444902273805,120,0.15297870751894838,/root/arguzz/a4/runs/iv_pos_7/dbs/pos_iv_pos_7_ta_b6_cTS_semantic_v2_seed1243_n6000/pos_iv_pos_7_ta_b6_cTS_semantic_v2_seed1243_n6000.db
1243,INSTR_WORD_MOD_FULL|core_memory_load,22.205595372855743,120,0.18504662810713118,/root/arguzz/a4/runs/iv_pos_7/dbs/pos_iv_pos_7_ta_b6_cTS_semantic_v2_seed1243_n6000/pos_iv_pos_7_ta_b6_cTS_semantic_v2_seed1243_n6000.db
1243,INSTR_WORD_MOD_FULL|core_memory_store,23.431962226558834,120,0.1952663518879903,/root/arguzz/a4/runs/iv_pos_7/dbs/pos_iv_pos_7_ta_b6_cTS_semantic_v2_seed1243_n6000/pos_iv_pos_7_ta_b6_cTS_semantic_v2_seed1243_n6000.db
1243,INSTR_WORD_MOD_FULL|core_mul,19.450677632661577,120,0.1620889802721798,/root/arguzz/a4/runs/iv_pos_7/dbs/pos_iv_pos_7_ta_b6_cTS_semantic_v2_seed1243_n6000/pos_iv_pos_7_ta_b6_cTS_semantic_v2_seed1243_n6000.db
1243,INSTR_WORD_MOD_FULL|core_shr,15.434337522433248,120,0.1286194793536104,/root/arguzz/a4/runs/iv_pos_7/dbs/pos_iv_pos_7_ta_b6_cTS_semantic_v2_seed1243_n6000/pos_iv_pos_7_ta_b6_cTS_semantic_v2_seed1243_n6000.db
1243,INSTR_WORD_MOD_FULL|kernel_other,17.785871130879194,120,0.14821559275732663,/root/arguzz/a4/runs/iv_pos_7/dbs/pos_iv_pos_7_ta_b6_cTS_semantic_v2_seed1243_n6000/pos_iv_pos_7_ta_b6_cTS_semantic_v2_seed1243_n6000.db
1243,INSTR_WORD_MOD_FULL|post_ecall,14.40742846235747,120,0.12006190385297892,/root/arguzz/a4/runs/iv_pos_7/dbs/pos_iv_pos_7_ta_b6_cTS_semantic_v2_seed1243_n6000/pos_iv_pos_7_ta_b6_cTS_semantic_v2_seed1243_n6000.db
1243,INSTR_WORD_MOD_SUR|core_arithmetic,22.75064858787099,120,0.18958873823225825,/root/arguzz/a4/runs/iv_pos_7/dbs/pos_iv_pos_7_ta_b6_cTS_semantic_v2_seed1243_n6000/pos_iv_pos_7_ta_b6_cTS_semantic_v2_seed1243_n6000.db
1243,INSTR_WORD_MOD_SUR|core_memory_load,23.65074116988968,120,0.19708950974908068,/root/arguzz/a4/runs/iv_pos_7/dbs/pos_iv_pos_7_ta_b6_cTS_semantic_v2_seed1243_n6000/pos_iv_pos_7_ta_b6_cTS_semantic_v2_seed1243_n6000.db
1243,INSTR_WORD_MOD_SUR|core_memory_store,23.808182388563566,120,0.19840151990469637,/root/arguzz/a4/runs/iv_pos_7/dbs/pos_iv_pos_7_ta_b6_cTS_semantic_v2_seed1243_n6000/pos_iv_pos_7_ta_b6_cTS_semantic_v2_seed1243_n6000.db
1243,INSTR_WORD_MOD_SUR|core_mul,20.066566581013554,120,0.16722138817511295,/root/arguzz/a4/runs/iv_pos_7/dbs/pos_iv_pos_7_ta_b6_cTS_semantic_v2_seed1243_n6000/pos_iv_pos_7_ta_b6_cTS_semantic_v2_seed1243_n6000.db
1243,INSTR_WORD_MOD_SUR|core_shr,20.128656855503028,120,0.1677388071291919,/root/arguzz/a4/runs/iv_pos_7/dbs/pos_iv_pos_7_ta_b6_cTS_semantic_v2_seed1243_n6000/pos_iv_pos_7_ta_b6_cTS_semantic_v2_seed1243_n6000.db
1243,INSTR_WORD_MOD_SUR|kernel_other,21.328644761886565,120,0.1777387063490547,/root/arguzz/a4/runs/iv_pos_7/dbs/pos_iv_pos_7_ta_b6_cTS_semantic_v2_seed1243_n6000/pos_iv_pos_7_ta_b6_cTS_semantic_v2_seed1243_n6000.db
1243,INSTR_WORD_MOD_SUR|post_ecall,21.54249243122889,120,0.17952077026024074,/root/arguzz/a4/runs/iv_pos_7/dbs/pos_iv_pos_7_ta_b6_cTS_semantic_v2_seed1243_n6000/pos_iv_pos_7_ta_b6_cTS_semantic_v2_seed1243_n6000.db
1243,LOAD_VAL_MOD|core_memory_load,12.876564674321575,120,0.10730470561934645,/root/arguzz/a4/runs/iv_pos_7/dbs/pos_iv_pos_7_ta_b6_cTS_semantic_v2_seed1243_n6000/pos_iv_pos_7_ta_b6_cTS_semantic_v2_seed1243_n6000.db
1243,LOAD_VAL_MOD|post_ecall,11.539822662150403,120,0.09616518885125336,/root/arguzz/a4/runs/iv_pos_7/dbs/pos_iv_pos_7_ta_b6_cTS_semantic_v2_seed1243_n6000/pos_iv_pos_7_ta_b6_cTS_semantic_v2_seed1243_n6000.db
1243,MEM_VAL_MOD|core_arithmetic,10.667411955759919,120,0.08889509963133266,/root/arguzz/a4/runs/iv_pos_7/dbs/pos_iv_pos_7_ta_b6_cTS_semantic_v2_seed1243_n6000/pos_iv_pos_7_ta_b6_cTS_semantic_v2_seed1243_n6000.db
1243,MEM_VAL_MOD|core_branch,7.454794494246433,120,0.06212328745205361,/root/arguzz/a4/runs/iv_pos_7/dbs/pos_iv_pos_7_ta_b6_cTS_semantic_v2_seed1243_n6000/pos_iv_pos_7_ta_b6_cTS_semantic_v2_seed1243_n6000.db
1243,MEM_VAL_MOD|core_memory_load,7.771493606306589,120,0.06476244671922157,/root/arguzz/a4/runs/iv_pos_7/dbs/pos_iv_pos_7_ta_b6_cTS_semantic_v2_seed1243_n6000/pos_iv_pos_7_ta_b6_cTS_semantic_v2_seed1243_n6000.db
1243,MEM_VAL_MOD|core_memory_store,13.235735401806169,120,0.11029779501505141,/root/arguzz/a4/runs/iv_pos_7/dbs/pos_iv_pos_7_ta_b6_cTS_semantic_v2_seed1243_n6000/pos_iv_pos_7_ta_b6_cTS_semantic_v2_seed1243_n6000.db
1243,MEM_VAL_MOD|kernel_other,11.636546973275237,120,0.09697122477729364,/root/arguzz/a4/runs/iv_pos_7/dbs/pos_iv_pos_7_ta_b6_cTS_semantic_v2_seed1243_n6000/pos_iv_pos_7_ta_b6_cTS_semantic_v2_seed1243_n6000.db
1243,MEM_VAL_MOD|last_step,30.55821306301222,121,0.2525472153967952,/root/arguzz/a4/runs/iv_pos_7/dbs/pos_iv_pos_7_ta_b6_cTS_semantic_v2_seed1243_n6000/pos_iv_pos_7_ta_b6_cTS_semantic_v2_seed1243_n6000.db
1243,MEM_VAL_MOD|post_ecall,7.3978021720722325,120,0.061648351433935274,/root/arguzz/a4/runs/iv_pos_7/dbs/pos_iv_pos_7_ta_b6_cTS_semantic_v2_seed1243_n6000/pos_iv_pos_7_ta_b6_cTS_semantic_v2_seed1243_n6000.db
1243,MEM_VAL_MOD|pre_ecall,14.300517175437147,120,0.11917097646197622,/root/arguzz/a4/runs/iv_pos_7/dbs/pos_iv_pos_7_ta_b6_cTS_semantic_v2_seed1243_n6000/pos_iv_pos_7_ta_b6_cTS_semantic_v2_seed1243_n6000.db
1243,MEM_VAL_MOD|step0,9.409352233181203,121,0.07776324159653886,/root/arguzz/a4/runs/iv_pos_7/dbs/pos_iv_pos_7_ta_b6_cTS_semantic_v2_seed1243_n6000/pos_iv_pos_7_ta_b6_cTS_semantic_v2_seed1243_n6000.db
1243,PRE_EXEC_REG_MOD|core_arithmetic,10.936514011703279,120,0.09113761676419399,/root/arguzz/a4/runs/iv_pos_7/dbs/pos_iv_pos_7_ta_b6_cTS_semantic_v2_seed1243_n6000/pos_iv_pos_7_ta_b6_cTS_semantic_v2_seed1243_n6000.db
1243,PRE_EXEC_REG_MOD|core_memory_load,9.452183865657679,120,0.07876819888048066,/root/arguzz/a4/runs/iv_pos_7/dbs/pos_iv_pos_7_ta_b6_cTS_semantic_v2_seed1243_n6000/pos_iv_pos_7_ta_b6_cTS_semantic_v2_seed1243_n6000.db
1243,PRE_EXEC_REG_MOD|core_memory_store,9.099567598275394,120,0.07582972998562829,/root/arguzz/a4/runs/iv_pos_7/dbs/pos_iv_pos_7_ta_b6_cTS_semantic_v2_seed1243_n6000/pos_iv_pos_7_ta_b6_cTS_semantic_v2_seed1243_n6000.db
1243,PRE_EXEC_REG_MOD|core_mul,11.343875033582808,120,0.0945322919465234,/root/arguzz/a4/runs/iv_pos_7/dbs/pos_iv_pos_7_ta_b6_cTS_semantic_v2_seed1243_n6000/pos_iv_pos_7_ta_b6_cTS_semantic_v2_seed1243_n6000.db
1243,PRE_EXEC_REG_MOD|core_shr,10.587390442185171,120,0.08822825368487643,/root/arguzz/a4/runs/iv_pos_7/dbs/pos_iv_pos_7_ta_b6_cTS_semantic_v2_seed1243_n6000/pos_iv_pos_7_ta_b6_cTS_semantic_v2_seed1243_n6000.db
1243,PRE_EXEC_REG_MOD|kernel_other,7.087739644007467,120,0.05906449703339556,/root/arguzz/a4/runs/iv_pos_7/dbs/pos_iv_pos_7_ta_b6_cTS_semantic_v2_seed1243_n6000/pos_iv_pos_7_ta_b6_cTS_semantic_v2_seed1243_n6000.db
1243,PRE_EXEC_REG_MOD|post_ecall,8.865502586013237,120,0.07387918821677698,/root/arguzz/a4/runs/iv_pos_7/dbs/pos_iv_pos_7_ta_b6_cTS_semantic_v2_seed1243_n6000/pos_iv_pos_7_ta_b6_cTS_semantic_v2_seed1243_n6000.db
1243,PRE_EXEC_REG_MOD|step0,9.347802441658844,121,0.07725456563354417,/root/arguzz/a4/runs/iv_pos_7/dbs/pos_iv_pos_7_ta_b6_cTS_semantic_v2_seed1243_n6000/pos_iv_pos_7_ta_b6_cTS_semantic_v2_seed1243_n6000.db
1243,STORE_OUT_MOD|core_memory_store,12.918598054922308,120,0.10765498379101923,/root/arguzz/a4/runs/iv_pos_7/dbs/pos_iv_pos_7_ta_b6_cTS_semantic_v2_seed1243_n6000/pos_iv_pos_7_ta_b6_cTS_semantic_v2_seed1243_n6000.db
1243,STORE_OUT_MOD|kernel_other,12.201544530149022,120,0.10167953775124185,/root/arguzz/a4/runs/iv_pos_7/dbs/pos_iv_pos_7_ta_b6_cTS_semantic_v2_seed1243_n6000/pos_iv_pos_7_ta_b6_cTS_semantic_v2_seed1243_n6000.db
