[run_campaign_pos] node=algofi  run_id=pos_audit_b1_kindTS_zoned_v2_seed999_n200
[run_campaign_pos] params: strat=kindTS_zoned_v2 seed=999 num=200 b_count=16
[run_campaign_pos] host_args: --in1 5 --in4 10
[run_campaign_pos] WORK=/root/a4_campaign REPO=/root/a4_campaign/repo HOST=/root/a4_campaign/bin/risc0-host
[run_campaign_pos] expected host sha: 6873e5887dd98a84885ebe0dfb88ae2b05b113810b76ca586d9a7a19805cc444
[run_campaign_pos] actual   host sha: 6873e5887dd98a84885ebe0dfb88ae2b05b113810b76ca586d9a7a19805cc444
[run_campaign_pos] python: /usr/bin/python3 (Python 3.13.5)
[run_campaign_pos] mapping strategy 'kindTS_zoned_v2' -> selector 'kindTS_zoned_v2'
[run_campaign_pos] command: /usr/bin/python3 -m a4.standalone.cli fuzz --host /root/a4_campaign/bin/risc0-host --selector kindTS_zoned_v2 --num 200 --seed 999 --db /root/results_pos_audit_b1_kindTS_zoned_v2_seed999_n200/pos_audit_b1_kindTS_zoned_v2_seed999_n200.db --telemetry-level full -- --in1 5 --in4 10
A4 Standalone Fuzzer
============================================================
Running inspection on /root/a4_campaign/bin/risc0-host...
  Args: --in1 5 --in4 10
Inspection Data Summary:
  Total cycles: 32768
  Total steps: 3930
  Total transactions: 34724
    - Register transactions: 8780
    - Memory transactions: 25944
  Cycles by major category:
    MISC0: 1386
    MISC1: 442
    MISC2: 664
    MUL0: 100
    DIV0: 23
    MEM0 (load): 680
    MEM1 (store): 596
    CONTROL0: 9641
    ECALL0: 87
    POSEIDON0: 2486
    POSEIDON1: 16371
    SHA0: 292

Starting campaign 1
  Mutations: 200
  Kind: all
  Seed: 999


--- V2 BANDIT SETUP (kindTS_zoned_v2) ---
  Baseline: 1599 bitmap buckets
--- V2 BANDIT READY (8 arms, budget 200) ---

  [1] ✓ COMP_OUT_MOD @ step 3313: 2 failures, 3190ms, outcome: REJECTED, exit: 101 [proof:GENERATED] [+2 new] [+1599 touch] G=memory
       r=0.200  T_new=0.00 F_new=0.78 F_rare=1.00 U=0 Q=0.43 Q_l=0.51 Q_g=0.85 dl=2 dg=1
       Value: 0x0020029C -> 0x80000000
       Destination: rd = x20 (s4)
       zkVM errors (1 lines):
         • [prover_impl.rs:280] verify segment (internal proof verification failed)
       Local constraints hit (2 unique):
         - MemoryWrite@mem.zir:100
           cycle=20115, step=3313, pc=0x00204C54, major=0, minor=7
         - MemoryWrite@mem.zir:99
           cycle=20115, step=3313, pc=0x00204C54, major=0, minor=7
       Global: memory permutation violated
         x20/s4: wrote 0x80000000, expected 0x0020029c (cycle 40231)
  [2] ✓ MEM_VAL_MOD @ step 3929: 0 failures, 3204ms, outcome: REJECTED, exit: 101 [proof:GENERATED] G=memory[GO]
       r=0.306  T_new=0.00 F_new=0.39 F_rare=1.00 U=0 Q=0.85 Q_l=1.00 Q_g=0.85 dl=0 dg=1
       Value: 0x00000000 -> 0x7D9510A7
       Transaction: other_mem_read (READ) at address 0xffff0144
       zkVM errors (2 lines):
         • [prover_impl.rs:280] verify segment (internal proof verification failed)
         • [kernels/cxx/buffers.h:43] SKIP THROW: Inconsistent set
       Global: memory permutation violated [GLOBAL-ONLY]
         0xFFFF0144 (data): wrote 0x7d9510a7, expected 0x00000000 (cycle 42614)
  [3] ✓ MEM_VAL_MOD @ step 2783: 1 failures, 3195ms, outcome: REJECTED, exit: 101 [proof:GENERATED] [+1 new] G=memory
       r=0.251  T_new=0.00 F_new=0.63 F_rare=1.00 U=0 Q=0.61 Q_l=0.72 Q_g=0.85 dl=1 dg=1
       Value: 0x00000000 -> 0x00010000
       Transaction: store_rmw_read (READ) at address 0x0020023c
       zkVM errors (1 lines):
         • [prover_impl.rs:280] verify segment (internal proof verification failed)
       Local constraints hit (1 unique):
         - IsRead@mem.zir:80
           cycle=19511, step=2783, pc=0x00203834, major=6, minor=2
       Global: memory permutation violated
         0x0020023C (data): wrote 0x00010000, expected 0x00000000 (cycle 39022)
  [4] ✓ COMP_OUT_MOD @ step 2187: 2 failures, 3196ms, outcome: REJECTED, exit: 101 [proof:GENERATED] G=memory
       r=0.139  T_new=0.00 F_new=0.39 F_rare=0.85 U=0 Q=0.43 Q_l=0.51 Q_g=0.85 dl=2 dg=1
       Value: 0x002001D4 -> 0x7FFEFCAF
       Destination: rd = x10 (a0)
       zkVM errors (1 lines):
         • [prover_impl.rs:280] verify segment (internal proof verification failed)
       Local constraints hit (2 unique):
         - MemoryWrite@mem.zir:100
           cycle=18841, step=2187, pc=0x00202F4C, major=0, minor=7
         - MemoryWrite@mem.zir:99
           cycle=18841, step=2187, pc=0x00202F4C, major=0, minor=7
       Global: memory permutation violated
         x10/a0: wrote 0x7ffefcaf, expected 0x002001d4 (cycle 37683)
  [5] ✓ LOAD_VAL_MOD @ step 2680: 2 failures, 3217ms, outcome: REJECTED, exit: 101 [proof:GENERATED] G=memory
       r=0.192  T_new=0.00 F_new=0.78 F_rare=1.00 U=0 Q=0.43 Q_l=0.51 Q_g=0.85 dl=2 dg=1
       Value: 0xDFC17121 -> 0x20BE8EDE
       Load destination: rd = x11 (a1)
       zkVM errors (1 lines):
         • [prover_impl.rs:280] verify segment (internal proof verification failed)
       Local constraints hit (2 unique):
         - MemoryWrite@mem.zir:100
           cycle=19408, step=2680, pc=0x002015DC, major=5, minor=2
         - MemoryWrite@mem.zir:99
           cycle=19408, step=2680, pc=0x002015DC, major=5, minor=2
       Global: memory permutation violated
         x11/a1: wrote 0x20be8ede, expected 0xdfc17121 (cycle 38817)
  [6] ✓ INSTR_WORD_MOD_SUR @ step 2797: 0 failures, 3196ms, outcome: REJECTED, exit: 101 [proof:GENERATED] G=memory[GO]
       r=0.267  T_new=0.00 F_new=0.78 F_rare=1.00 U=0 Q=0.61 Q_l=1.00 Q_g=0.61 dl=0 dg=3
       Value: 0x02C4A583 -> 0x02C42583
       Surgical: rs1 = 9 -> 8
       Original: LW x11, 44(x9)
       Mutated:  LW x11, 44(x8)
       zkVM errors (3 lines):
         • [prover_impl.rs:280] verify segment (internal proof verification failed)
         • [ffi.cpp:113] address mismatch at cycle 19525: preflight=0x3fffc029, actual=0x3fffc028
         • [kernels/cxx/ffi.cpp:208] SKIP THROW: memory peek not in preflight
       Global: memory permutation violated [GLOBAL-ONLY]
         x8/s0: expected write missing, needed 0x00200300 (cycle 39048)
         x9/s1: unexpected write 0x00200300 (cycle 39048)
         0x00203868 (code): wrote 0x02c4a583, expected 0x02c42583 (cycle 11306)
  [7] ✓ INSTR_WORD_MOD_FULL @ step 3929: 2 failures, 3305ms, outcome: REJECTED, exit: 101 [proof:GENERATED] [+2 new] G=memory
       r=0.191  T_new=0.00 F_new=0.78 F_rare=1.00 U=0 Q=0.43 Q_l=0.51 Q_g=0.85 dl=2 dg=1
       Value: 0x00000073 -> 0x1DD6D7EF
       Original: ECALL x0, x0, 0
       Mutated:  JAL x15, 448988
       Format changed: I -> J
       zkVM errors (1 lines):
         • [prover_impl.rs:280] verify segment (internal proof verification failed)
       Local constraints hit (2 unique):
         - MachineECall@inst_ecall.zir:28
           cycle=20879, step=3929, pc=0xC00000F8, major=8, minor=0
         - MachineECall@inst_ecall.zir:29
           cycle=20879, step=3929, pc=0xC00000F8, major=8, minor=0
       Global: memory permutation violated
         0xC00000F8 (data): wrote 0x00000073, expected 0x1dd6d7ef (cycle 30062)
  [8] ✓ INSTR_WORD_MOD_SUR @ step 2943: 1 failures, 3186ms, outcome: REJECTED, exit: 101 [proof:GENERATED] [+1 new] G=memory
       r=0.245  T_new=0.00 F_new=0.63 F_rare=1.00 U=0 Q=0.61 Q_l=0.72 Q_g=0.85 dl=1 dg=1
       Value: 0x02812C23 -> 0x02812C6F
       Surgical: opcode = 35 -> 111
       Original: SW x8, 56(x2)
       Mutated:  JAL x24, 73768
       zkVM errors (1 lines):
         • [prover_impl.rs:280] verify segment (internal proof verification failed)
       Local constraints hit (1 unique):
         - VerifyOpcodeF3@inst.zir:96
           cycle=19671, step=2943, pc=0x0020561C, major=6, minor=2
       Global: memory permutation violated
         0x00205618 (code): wrote 0x02812c23, expected 0x02812c6f (cycle 16074)
  [9] ✓ LOAD_VAL_MOD @ step 1489: 2 failures, 3207ms, outcome: REJECTED, exit: 101 [proof:GENERATED] G=memory
       r=0.190  T_new=0.00 F_new=0.78 F_rare=1.00 U=0 Q=0.43 Q_l=0.51 Q_g=0.85 dl=2 dg=1
       Value: 0x00000005 -> 0x3020F69D
       Load destination: rd = x13 (a3)
       zkVM errors (1 lines):
         • [prover_impl.rs:280] verify segment (internal proof verification failed)
       Local constraints hit (2 unique):
         - MemoryWrite@mem.zir:100
           cycle=18133, step=1489, pc=0x002184C0, major=5, minor=3
         - MemoryWrite@mem.zir:99
           cycle=18133, step=1489, pc=0x002184C0, major=5, minor=3
       Global: memory permutation violated
         x13/a3: wrote 0x3020f69d, expected 0x00000005 (cycle 36267)
  [10] ✓ INSTR_WORD_MOD_FULL @ step 3177: 0 failures, 3193ms, outcome: REJECTED, exit: 101 [proof:GENERATED] G=memory[GO]
       r=0.264  T_new=0.00 F_new=0.78 F_rare=1.00 U=0 Q=0.61 Q_l=1.00 Q_g=0.61 dl=0 dg=3
       Value: 0x00008067 -> 0x00008167
       Original: JALR x0, x1, 0
       Mutated:  JALR x2, x1, 0
       zkVM errors (3 lines):
         • [prover_impl.rs:280] verify segment (internal proof verification failed)
         • [ffi.cpp:113] address mismatch at cycle 19979: preflight=0x3fffc060, actual=0x3fffc022
         • [kernels/cxx/ffi.cpp:208] SKIP THROW: memory peek not in preflight
       Global: memory permutation violated [GLOBAL-ONLY]
         x2/sp: expected write missing, needed 0x00205850 (cycle 39957)
         0xFFFF0180 (data): unexpected write 0x00205850 (cycle 39957)
         0x00205E54 (code): wrote 0x00008067, expected 0x00008167 (cycle 37724)
  [11] ✓ INSTR_TYPE_MOD @ step 2260: 2 failures, 3225ms, outcome: REJECTED, exit: 101 [proof:GENERATED] [+1 new] G=memory
       r=0.125  T_new=0.00 F_new=0.95 F_rare=1.00 U=0 Q=0.26 Q_l=0.51 Q_g=0.51 dl=2 dg=4
       Value: 0x00050002 -> 0x00020001
       Original: Lw [major=5, minor=2]
       Mutated:  BltU [major=2, minor=1]
       zkVM errors (3 lines):
         • [prover_impl.rs:280] verify segment (internal proof verification failed)
         • [ffi.cpp:113] address mismatch at cycle 18914: preflight=0x000884f3, actual=0x3fffc020
         • [kernels/cxx/ffi.cpp:208] SKIP THROW: memory peek not in preflight
       Local constraints hit (2 unique):
         - VerifyOpcodeF3@inst.zir:96
           cycle=18914, step=2260, pc=0x0020341C, major=2, minor=1
         - VerifyOpcodeF3@inst.zir:97
           cycle=18914, step=2260, pc=0x0020341C, major=2, minor=1
       Global: memory permutation violated
         x0/zero: expected write missing, needed 0x00000000 (cycle 33349)
         x15/a5: unexpected write 0x00000000 (cycle 37812)
         0xFFFF0180 (data): expected write missing, needed 0x00000000 (cycle 37812)
         0x002213CC (code): unexpected write 0x00000000 (cycle 33349)
  [12] ✓ INSTR_WORD_MOD_SUR @ step 2879: 0 failures, 3234ms, outcome: REJECTED, exit: 101 [proof:GENERATED] G=memory[GO]
       r=0.263  T_new=0.00 F_new=0.78 F_rare=1.00 U=0 Q=0.61 Q_l=1.00 Q_g=0.61 dl=0 dg=3
       Value: 0x00400593 -> 0x00400F13
       Surgical: rd = 11 -> 30
       Original: ADDI x11, x0, 4
       Mutated:  ADDI x30, x0, 4
       zkVM errors (3 lines):
         • [prover_impl.rs:280] verify segment (internal proof verification failed)
         • [ffi.cpp:113] address mismatch at cycle 19607: preflight=0x3fffc02b, actual=0x3fffc03e
         • [kernels/cxx/ffi.cpp:208] SKIP THROW: memory peek not in preflight
       Global: memory permutation violated [GLOBAL-ONLY]
         x11/a1: unexpected write 0x0000000c (cycle 39208)
         x30/t5: expected write missing, needed 0x0000000c (cycle 39208)
         0x00205378 (code): wrote 0x00400593, expected 0x00400f13 (cycle 15650)
  [13] ✓ INSTR_WORD_MOD_SUR @ step 1045: 1 failures, 3242ms, outcome: REJECTED, exit: 101 [proof:GENERATED] G=memory
       r=0.189  T_new=0.00 F_new=0.78 F_rare=1.00 U=0 Q=0.43 Q_l=0.72 Q_g=0.61 dl=1 dg=3
       Value: 0x00050693 -> 0x2D650693
       Surgical: imm = 0 -> 726
       Original: ADDI x13, x10, 0
       Mutated:  ADDI x13, x10, 726
       zkVM errors (3 lines):
         • [prover_impl.rs:280] verify segment (internal proof verification failed)
         • [ffi.cpp:113] address mismatch at cycle 17684: preflight=0x3fffc020, actual=0x3fffc036
         • [kernels/cxx/ffi.cpp:208] SKIP THROW: memory peek not in preflight
       Local constraints hit (1 unique):
         - MemoryWrite@mem.zir:99
           cycle=17684, step=1045, pc=0x00200B48, major=0, minor=7
       Global: memory permutation violated
         x0/zero: unexpected write 0x00000000 (cycle 35354)
         x22/s6: expected write missing, needed 0x00000000 (cycle 35354)
         0x00200B44 (code): wrote 0x00050693, expected 0x2d650693 (cycle 5326)
  [14] ✓ INSTR_TYPE_MOD @ step 388: 4 failures, 3190ms, outcome: REJECTED, exit: 101 [proof:GENERATED] [+2 new] G=memory
       r=0.090  T_new=0.00 F_new=0.95 F_rare=1.00 U=0 Q=0.19 Q_l=0.26 Q_g=0.72 dl=4 dg=2
       Value: 0x00050002 -> 0x00000002
       Original: Lw [major=5, minor=2]
       Mutated:  Xor [major=0, minor=2]
       zkVM errors (3 lines):
         • [prover_impl.rs:280] verify segment (internal proof verification failed)
         • [ffi.cpp:113] address mismatch at cycle 16979: preflight=0x000800d6, actual=0x3fffc028
         • [kernels/cxx/ffi.cpp:208] SKIP THROW: memory peek not in preflight
       Local constraints hit (4 unique):
         - MemoryWrite@mem.zir:100
           cycle=16979, step=388, pc=0x002031F0, major=0, minor=2
         - MemoryWrite@mem.zir:99
           cycle=16979, step=388, pc=0x002031F0, major=0, minor=2
         - VerifyOpcodeF3F7@inst.zir:102
           cycle=16979, step=388, pc=0x002031F0, major=0, minor=2
         - VerifyOpcodeF3F7@inst.zir:103
           cycle=16979, step=388, pc=0x002031F0, major=0, minor=2
       Global: memory permutation violated
         0x00200358 (data): unexpected write 0x00000001 (cycle 33829)
         x8/s0: expected write missing, needed 0x00000001 (cycle 33829)
  [15] ✓ PRE_EXEC_REG_MOD @ step 0: 9 failures, 3232ms, outcome: REJECTED, exit: 101 [proof:GENERATED] [+1 new] G=memory
       r=0.188  T_new=0.00 F_new=0.78 F_rare=1.00 U=0 Q=0.43 Q_l=0.51 Q_g=0.85 dl=2 dg=1
       Value: 0x00000000 -> 0x80000000
       Register: x26 (s10), READ, strategy=next_read
       zkVM errors (2 lines):
         • [prover_impl.rs:280] verify segment (internal proof verification failed)
         • [kernels/cxx/buffers.h:43] SKIP THROW: Inconsistent set
       Local constraints hit (2 unique):
         - IsRead@mem.zir:80
           cycle=15997, step=0, pc=0x00000000, major=9, minor=2
         - PoseidonCheckOut@inst_p2.zir:265 (x8)
           cycle=16247, step=0, pc=0x00000000, major=9, minor=5
       Global: memory permutation violated
         x26/s10: wrote 0x80000000, expected 0x00000000 (cycle 31994)
  [16] ✓ PRE_EXEC_REG_MOD @ step 3229: 2 failures, 3208ms, outcome: REJECTED, exit: 101 [proof:GENERATED] [+1 new] G=memory
       r=0.188  T_new=0.00 F_new=0.78 F_rare=1.00 U=0 Q=0.43 Q_l=0.51 Q_g=0.85 dl=2 dg=1
       Value: 0x00000000 -> 0xBFFBE7FB
       Register: x0 (zero), READ, strategy=next_read
       zkVM errors (1 lines):
         • [prover_impl.rs:280] verify segment (internal proof verification failed)
       Local constraints hit (2 unique):
         - IsRead@mem.zir:79
           cycle=20031, step=3229, pc=0x00205E28, major=2, minor=5
         - IsRead@mem.zir:80
           cycle=20031, step=3229, pc=0x00205E28, major=2, minor=5
       Global: memory permutation violated
         x0/zero: wrote 0xbffbe7fb, expected 0x00000000 (cycle 40062)
  [17] ✓ INSTR_WORD_MOD_FULL @ step 493: 0 failures, 3234ms, outcome: REJECTED, exit: 101 [proof:GENERATED] G=memory[GO]
       r=0.262  T_new=0.00 F_new=0.78 F_rare=1.00 U=0 Q=0.61 Q_l=1.00 Q_g=0.61 dl=0 dg=3
       Value: 0x00003097 -> 0x00003497
       Original: AUIPC x1, 0x3000
       Mutated:  AUIPC x9, 0x3000
       zkVM errors (3 lines):
         • [prover_impl.rs:280] verify segment (internal proof verification failed)
         • [ffi.cpp:113] address mismatch at cycle 17090: preflight=0x3fffc021, actual=0x3fffc029
         • [kernels/cxx/ffi.cpp:208] SKIP THROW: memory peek not in preflight
       Global: memory permutation violated [GLOBAL-ONLY]
         x1/ra: unexpected write 0x00200900 (cycle 34162)
         x9/s1: expected write missing, needed 0x00200900 (cycle 34162)
         0x002031B0 (code): wrote 0x00003097, expected 0x00003497 (cycle 34012)
  [18] ✓ MEM_VAL_MOD @ step 1197: 1 failures, 3214ms, outcome: REJECTED, exit: 101 [proof:GENERATED] G=memory
       r=0.186  T_new=0.00 F_new=0.39 F_rare=0.85 U=0 Q=0.61 Q_l=0.72 Q_g=0.85 dl=1 dg=1
       Value: 0x00000000 -> 0x01000000
       Transaction: store_rmw_read (READ) at address 0x00221414
       zkVM errors (1 lines):
         • [prover_impl.rs:280] verify segment (internal proof verification failed)
       Local constraints hit (1 unique):
         - IsRead@mem.zir:80
           cycle=17841, step=1197, pc=0x00209C64, major=6, minor=2
       Global: memory permutation violated
         0x00221414 (code): wrote 0x01000000, expected 0x00000000 (cycle 35682)
  [19] ✓ INSTR_TYPE_MOD @ step 2729: 5 failures, 3203ms, outcome: REJECTED, exit: 101 [proof:GENERATED] [+1 new] G=memory
       r=0.065  T_new=0.00 F_new=0.97 F_rare=1.00 U=0 Q=0.14 Q_l=0.19 Q_g=0.72 dl=5 dg=2
       Value: 0x00050002 -> 0x00040002
       Original: Lw [major=5, minor=2]
       Mutated:  SrlI [major=4, minor=2]
       zkVM errors (3 lines):
         • [prover_impl.rs:280] verify segment (internal proof verification failed)
         • [ffi.cpp:113] address mismatch at cycle 19457: preflight=0x000800da, actual=0x3fffc028
         • [kernels/cxx/ffi.cpp:208] SKIP THROW: memory peek not in preflight
       Local constraints hit (5 unique):
         - MemoryWrite@mem.zir:100
           cycle=19457, step=2729, pc=0x002016B0, major=4, minor=2
         - MemoryWrite@mem.zir:99
           cycle=19457, step=2729, pc=0x002016B0, major=4, minor=2
         - VerifyOpcodeF3F7@inst.zir:102
           cycle=19457, step=2729, pc=0x002016B0, major=4, minor=2
         - VerifyOpcodeF3F7@inst.zir:103
           cycle=19457, step=2729, pc=0x002016B0, major=4, minor=2
         - VerifyOpcodeF3F7@inst.zir:104
           cycle=19457, step=2729, pc=0x002016B0, major=4, minor=2
       Global: memory permutation violated
         0x00200368 (data): unexpected write 0x0f4bd989 (cycle 38837)
         x8/s0: expected write missing, needed 0x0f4bd989 (cycle 38837)
  [20] 💥 PRE_EXEC_REG_MOD @ step 1489: 2 failures, 540ms, outcome: CRASH, exit: -11 [proof:NOT_GENERATED]
       r=0.000  T_new=0.00 F_new=0.00 F_rare=0.00 U=0 Q=0.00 Q_l=0.00 Q_g=1.00 dl=0 dg=0
       Value: 0x00200325 -> 0xFFDFFCDA
       Register: x10 (a0), READ, strategy=next_read
       Local constraints hit (2 unique):
         - IsRead@mem.zir:79
           cycle=18133, step=1489, pc=0x002184C0, major=5, minor=3
         - IsRead@mem.zir:80
           cycle=18133, step=1489, pc=0x002184C0, major=5, minor=3
       Global: no permutation/lookup violations (local-only)
  [21] ✓ PRE_EXEC_REG_MOD @ step 3703: 4 failures, 3195ms, outcome: REJECTED, exit: 101 [proof:GENERATED] G=memory
       r=0.104  T_new=0.00 F_new=0.92 F_rare=1.00 U=0 Q=0.22 Q_l=0.26 Q_g=0.85 dl=4 dg=1
       Value: 0x00221633 -> 0x92290D1A
       Register: x10 (a0), READ, strategy=next_read
       zkVM errors (1 lines):
         • [prover_impl.rs:280] verify segment (internal proof verification failed)
       Local constraints hit (4 unique):
         - IsRead@mem.zir:79
           cycle=20579, step=3703, pc=0x00203208, major=0, minor=0
         - IsRead@mem.zir:80
           cycle=20579, step=3703, pc=0x00203208, major=0, minor=0
         - MemoryWrite@mem.zir:100
           cycle=20579, step=3703, pc=0x00203208, major=0, minor=0
         - MemoryWrite@mem.zir:99
           cycle=20579, step=3703, pc=0x00203208, major=0, minor=0
       Global: memory permutation violated
         x10/a0: wrote 0x92290d1a, expected 0x00221633 (cycle 41158)
  [22] ✓ INSTR_TYPE_MOD @ step 3928: 2 failures, 3174ms, outcome: REJECTED, exit: 101 [proof:GENERATED] [+2 touch]
       r=0.212  T_new=0.06 F_new=0.63 F_rare=1.00 U=0 Q=0.51 Q_l=0.51 Q_g=1.00 dl=2 dg=0
       Value: 0x00000007 -> 0x00000001
       Original: AddI [major=0, minor=7]
       Mutated:  Sub [major=0, minor=1]
       zkVM errors (1 lines):
         • [prover_impl.rs:280] verify segment (internal proof verification failed)
       Local constraints hit (2 unique):
         - VerifyOpcodeF3F7@inst.zir:102
           cycle=20878, step=3928, pc=0xC00000F8, major=0, minor=1
         - VerifyOpcodeF3F7@inst.zir:104
           cycle=20878, step=3928, pc=0xC00000F8, major=0, minor=1
       Global: no permutation/lookup violations (local-only)
  [23] ✓ INSTR_TYPE_MOD @ step 1904: 7 failures, 3206ms, outcome: REJECTED, exit: 101 [proof:GENERATED] G=memory
       r=0.009  T_new=0.00 F_new=1.00 F_rare=1.00 U=0 Q=0.02 Q_l=0.10 Q_g=0.19 dl=7 dg=10
       Value: 0x00020004 -> 0x00050002
       Original: JalR [major=2, minor=4]
       Mutated:  Lw [major=5, minor=2]
       zkVM errors (3 lines):
         • [prover_impl.rs:280] verify segment (internal proof verification failed)
         • [ffi.cpp:113] address mismatch at cycle 18553: preflight=0x3fffc024, actual=0x000817d6
         • [kernels/cxx/ffi.cpp:208] SKIP THROW: memory peek not in preflight
       Local constraints hit (4 unique):
         - MemoryWrite@mem.zir:100
           cycle=18553, step=1904, pc=0x00205F58, major=5, minor=2
         - MemoryWrite@mem.zir:99 (x4)
           cycle=18553, step=1904, pc=0x00205F58, major=5, minor=2
         - VerifyOpcodeF3@inst.zir:96
           cycle=18553, step=1904, pc=0x00205F58, major=5, minor=2
         - VerifyOpcodeF3@inst.zir:97
           cycle=18553, step=1904, pc=0x00205F58, major=5, minor=2
       Global: memory permutation violated (47 addrs: 1 register, 46 code)
         x4/tp: unexpected write 0x00000000 (cycle 36678)
         + 46 code addresses diverged (instruction fetch cascade)
  [24] ✓ PRE_EXEC_REG_MOD @ step 2471: 4 failures, 3238ms, outcome: REJECTED, exit: 101 [proof:GENERATED] G=memory
       r=0.096  T_new=0.00 F_new=0.78 F_rare=1.00 U=0 Q=0.22 Q_l=0.26 Q_g=0.85 dl=4 dg=1
       Value: 0x00200308 -> 0xFFDFFCF7
       Register: x9 (s1), READ, strategy=next_read
       zkVM errors (1 lines):
         • [prover_impl.rs:280] verify segment (internal proof verification failed)
       Local constraints hit (4 unique):
         - IsRead@mem.zir:79
           cycle=19125, step=2471, pc=0x002055B4, major=0, minor=7
         - IsRead@mem.zir:80
           cycle=19125, step=2471, pc=0x002055B4, major=0, minor=7
         - MemoryWrite@mem.zir:100
           cycle=19125, step=2471, pc=0x002055B4, major=0, minor=7
         - MemoryWrite@mem.zir:99
           cycle=19125, step=2471, pc=0x002055B4, major=0, minor=7
       Global: memory permutation violated
         x9/s1: wrote 0xffdffcf7, expected 0x00200308 (cycle 38250)
  [25] ✓ PRE_EXEC_REG_MOD @ step 1373: 2 failures, 3304ms, outcome: REJECTED, exit: 101 [proof:GENERATED] G=memory
       r=0.133  T_new=0.00 F_new=0.39 F_rare=0.85 U=0 Q=0.43 Q_l=0.51 Q_g=0.85 dl=2 dg=1
       Value: 0x00202C04 -> 0x40F2CFEA
       Register: x1 (ra), READ, strategy=next_read
       zkVM errors (1 lines):
         • [prover_impl.rs:280] verify segment (internal proof verification failed)
       Local constraints hit (2 unique):
         - IsRead@mem.zir:79
           cycle=18017, step=1373, pc=0x002184CC, major=0, minor=7
         - IsRead@mem.zir:80
           cycle=18017, step=1373, pc=0x002184CC, major=0, minor=7
       Global: memory permutation violated
         x1/ra: wrote 0x40f2cfea, expected 0x00202c04 (cycle 36034)
  [26] ✓ LOAD_VAL_MOD @ step 2642: 2 failures, 3217ms, outcome: REJECTED, exit: 101 [proof:GENERATED] G=memory
       r=0.126  T_new=0.00 F_new=0.39 F_rare=0.79 U=0 Q=0.43 Q_l=0.51 Q_g=0.85 dl=2 dg=1
       Value: 0x98EAEBAF -> 0xA19CBA54
       Load destination: rd = x5 (t0)
       zkVM errors (1 lines):
         • [prover_impl.rs:280] verify segment (internal proof verification failed)
       Local constraints hit (2 unique):
         - MemoryWrite@mem.zir:100
           cycle=19370, step=2642, pc=0x00203428, major=5, minor=2
         - MemoryWrite@mem.zir:99
           cycle=19370, step=2642, pc=0x00203428, major=5, minor=2
       Global: memory permutation violated
         x5/t0: wrote 0xa19cba54, expected 0x98eaebaf (cycle 38741)
  [27] ✓ INSTR_TYPE_MOD @ step 313: 4 failures, 3209ms, outcome: REJECTED, exit: 101 [proof:GENERATED] G=memory
       r=0.089  T_new=0.00 F_new=0.95 F_rare=1.00 U=0 Q=0.19 Q_l=0.26 Q_g=0.72 dl=4 dg=2
       Value: 0x00050002 -> 0x00010002
       Original: Lw [major=5, minor=2]
       Mutated:  AndI [major=1, minor=2]
       zkVM errors (3 lines):
         • [prover_impl.rs:280] verify segment (internal proof verification failed)
         • [ffi.cpp:113] address mismatch at cycle 16898: preflight=0x000800dc, actual=0x3fffc030
         • [kernels/cxx/ffi.cpp:208] SKIP THROW: memory peek not in preflight
       Local constraints hit (4 unique):
         - MemoryWrite@mem.zir:100
           cycle=16898, step=313, pc=0x00200850, major=1, minor=2
         - MemoryWrite@mem.zir:99
           cycle=16898, step=313, pc=0x00200850, major=1, minor=2
         - VerifyOpcodeF3@inst.zir:96
           cycle=16898, step=313, pc=0x00200850, major=1, minor=2
         - VerifyOpcodeF3@inst.zir:97
           cycle=16898, step=313, pc=0x00200850, major=1, minor=2
       Global: memory permutation violated
         0x00200370 (data): unexpected write 0x80000007 (cycle 33785)
         x16/a6: expected write missing, needed 0x80000007 (cycle 33785)
  [28] ✓ INSTR_WORD_MOD_FULL @ step 3367: 2 failures, 3211ms, outcome: REJECTED, exit: 101 [proof:GENERATED] G=memory
       r=0.076  T_new=0.00 F_new=0.97 F_rare=1.00 U=0 Q=0.16 Q_l=0.51 Q_g=0.31 dl=2 dg=7
       Value: 0xFA0D1EE3 -> 0xF20D1EE3
       Original: BNE x26, x0, -68
       Mutated:  BNE x26, x0, -196
       zkVM errors (3 lines):
         • [prover_impl.rs:280] verify segment (internal proof verification failed)
         • [ffi.cpp:113] address mismatch at cycle 20170: preflight=0x0008130c, actual=0x000812ec
         • [kernels/cxx/buffers.h:43] SKIP THROW: Inconsistent set
       Local constraints hit (1 unique):
         - MemoryWrite@mem.zir:99 (x2)
           cycle=20171, step=3369, pc=0x00204C38, major=2, minor=6
       Global: memory permutation violated
         0x00204BB0 (code): expected write missing, needed 0x000a0513 (cycle 40210)
         0x00204BB4 (code): expected write missing, needed 0x00000097 (cycle 40212)
         0x00204BB8 (code): expected write missing, needed 0x6a8080e7 (cycle 40214)
         0x00204C30 (code): unexpected write 0x000a0513 (cycle 40210)
         0x00204C34 (code): unexpected write 0x00000097 (cycle 40212)
         0x00204C38 (code): unexpected write 0x6a8080e7 (cycle 40214)
         0x00204C74 (code): wrote 0xfa0d1ee3, expected 0xf20d1ee3 (cycle 14526)
  [29] ✓ INSTR_WORD_MOD_SUR @ step 3755: 0 failures, 3187ms, outcome: REJECTED, exit: 101 [proof:GENERATED] G=memory[GO]
       r=0.260  T_new=0.00 F_new=0.78 F_rare=1.00 U=0 Q=0.61 Q_l=1.00 Q_g=0.61 dl=0 dg=3
       Value: 0x018A5693 -> 0x018A5E13
       Surgical: rd = 13 -> 28
       Original: SRLI x13, x20, 24
       Mutated:  SRLI x28, x20, 24
       zkVM errors (3 lines):
         • [prover_impl.rs:280] verify segment (internal proof verification failed)
         • [ffi.cpp:113] address mismatch at cycle 20631: preflight=0x3fffc02d, actual=0x3fffc03c
         • [kernels/cxx/ffi.cpp:208] SKIP THROW: memory peek not in preflight
       Global: memory permutation violated [GLOBAL-ONLY]
         x13/a3: unexpected write 0x00221634 (cycle 41238)
         x28/t3: expected write missing, needed 0x00221634 (cycle 41238)
         0x00205790 (code): wrote 0x018a5693, expected 0x018a5e13 (cycle 39662)
  [30] ✓ MEM_VAL_MOD @ step 518: 2 failures, 3211ms, outcome: REJECTED, exit: 101 [proof:GENERATED] G=memory
       r=0.126  T_new=0.00 F_new=0.39 F_rare=0.79 U=0 Q=0.43 Q_l=0.51 Q_g=0.85 dl=2 dg=1
       Value: 0x00000000 -> 0x687FD74A
       Transaction: other_mem_read (READ) at address 0xffff0004
       zkVM errors (1 lines):
         • [prover_impl.rs:280] verify segment (internal proof verification failed)
       Local constraints hit (2 unique):
         - IsRead@mem.zir:79
           cycle=17115, step=518, pc=0xC0000138, major=0, minor=7
         - IsRead@mem.zir:80
           cycle=17115, step=518, pc=0xC0000138, major=0, minor=7
       Global: memory permutation violated
         0xFFFF0004 (data): wrote 0x687fd74a, expected 0x00000000 (cycle 34230)
  [31] ✓ INSTR_WORD_MOD_SUR @ step 3626: 0 failures, 3211ms, outcome: REJECTED, exit: 101 [proof:GENERATED] G=memory[GO]
       r=0.260  T_new=0.00 F_new=0.78 F_rare=1.00 U=0 Q=0.61 Q_l=1.00 Q_g=0.61 dl=0 dg=3
       Value: 0x00221637 -> 0x002217B7
       Surgical: rd = 12 -> 15
       Original: LUI x12, 0x221000
       Mutated:  LUI x15, 0x221000
       zkVM errors (3 lines):
         • [prover_impl.rs:280] verify segment (internal proof verification failed)
         • [ffi.cpp:113] address mismatch at cycle 20502: preflight=0x3fffc02c, actual=0x3fffc02f
         • [kernels/cxx/ffi.cpp:208] SKIP THROW: memory peek not in preflight
       Global: memory permutation violated [GLOBAL-ONLY]
         x12/a2: unexpected write 0xc0000001 (cycle 41002)
         x15/a5: expected write missing, needed 0xc0000001 (cycle 41002)
         0x00205E30 (code): wrote 0x00221637, expected 0x002217b7 (cycle 40594)
  [32] ✓ STORE_OUT_MOD @ step 3349: 2 failures, 3234ms, outcome: REJECTED, exit: 101 [proof:GENERATED] G=memory
       r=0.186  T_new=0.00 F_new=0.78 F_rare=1.00 U=0 Q=0.43 Q_l=0.51 Q_g=0.85 dl=2 dg=1
       Value: 0x17E32F5A -> 0x01000000
       Store address: 0x002215a4
       zkVM errors (1 lines):
         • [prover_impl.rs:280] verify segment (internal proof verification failed)
       Local constraints hit (2 unique):
         - MemoryWrite@mem.zir:100
           cycle=20151, step=3349, pc=0x00203434, major=6, minor=2
         - MemoryWrite@mem.zir:99
           cycle=20151, step=3349, pc=0x00203434, major=6, minor=2
       Global: memory permutation violated
         0x002215A4 (code): wrote 0x01000000, expected 0x17e32f5a (cycle 40303)
  [33] ✓ INSTR_TYPE_MOD @ step 3732: 3 failures, 3248ms, outcome: REJECTED, exit: 101 [proof:GENERATED] [+1 new] G=memory|cycle
       r=0.076  T_new=0.00 F_new=0.98 F_rare=1.00 U=0 Q=0.16 Q_l=0.37 Q_g=0.43 dl=3 dg=5
       Value: 0x00060002 -> 0x00020005
       Original: Sw [major=6, minor=2]
       Mutated:  Lui [major=2, minor=5]
       zkVM errors (3 lines):
         • [prover_impl.rs:280] verify segment (internal proof verification failed)
         • [ffi.cpp:113] address mismatch at cycle 20608: preflight=0x00088591, actual=0x3fffc034
         • [kernels/cxx/ffi.cpp:208] SKIP THROW: memory peek not in preflight
       Local constraints hit (3 unique):
         - MemoryWrite@mem.zir:100
           cycle=20608, step=3732, pc=0x0020327C, major=2, minor=5
         - MemoryWrite@mem.zir:99
           cycle=20608, step=3732, pc=0x0020327C, major=2, minor=5
         - VerifyOpcode@inst.zir:91
           cycle=20608, step=3732, pc=0x0020327C, major=2, minor=5
       Global: memory permutation violated
         x20/s4: expected write missing, needed 0x00000000 (cycle 29638)
         0x00221644 (code): unexpected write 0x00000000 (cycle 29638)
       Global: cycle lookup violated (3 indices broken)
         index 0: 2254 provides, 1 uses (imbalanced)
         index 11577: orphan use (1 entries, no matching provide)
         index 11578: 1 provides, 1 uses (imbalanced)
  [34] ✓ PRE_EXEC_REG_MOD @ step 1223: 3 failures, 3210ms, outcome: REJECTED, exit: 101 [proof:GENERATED] [+1 new] G=memory
       r=0.105  T_new=0.00 F_new=0.95 F_rare=1.00 U=0 Q=0.22 Q_l=0.37 Q_g=0.61 dl=3 dg=3
       Value: 0x002003C0 -> 0x132A306A
       Register: x2 (sp), READ, strategy=next_read
       zkVM errors (3 lines):
         • [prover_impl.rs:280] verify segment (internal proof verification failed)
         • [ffi.cpp:113] address mismatch at cycle 17867: preflight=0x000800f6, actual=0x04ca8c20
         • [kernels/cxx/ffi.cpp:208] SKIP THROW: memory peek not in preflight
       Local constraints hit (3 unique):
         - IsRead@mem.zir:79
           cycle=17867, step=1223, pc=0x0020B970, major=5, minor=2
         - IsRead@mem.zir:80
           cycle=17867, step=1223, pc=0x0020B970, major=5, minor=2
         - OpLW@inst_mem.zir:109
           cycle=17867, step=1223, pc=0x0020B970, major=5, minor=2
       Global: memory permutation violated
         0x002003D8 (data): unexpected write 0x00000000 (cycle 33543)
         0x132A3080 (data): expected write missing, needed 0x00000000 (cycle 33543)
         x2/sp: wrote 0x132a306a, expected 0x002003c0 (cycle 35734)
  [35] ✓ INSTR_TYPE_MOD @ step 2878: 4 failures, 3226ms, outcome: REJECTED, exit: 101 [proof:GENERATED] [+2 touch]
       r=0.084  T_new=0.06 F_new=0.39 F_rare=0.85 U=0 Q=0.26 Q_l=0.26 Q_g=1.00 dl=4 dg=0
       Value: 0x00000007 -> 0x00000002
       Original: AddI [major=0, minor=7]
       Mutated:  Xor [major=0, minor=2]
       zkVM errors (1 lines):
         • [prover_impl.rs:280] verify segment (internal proof verification failed)
       Local constraints hit (4 unique):
         - MemoryWrite@mem.zir:99
           cycle=19606, step=2878, pc=0x00205378, major=0, minor=2
         - VerifyOpcodeF3F7@inst.zir:102
           cycle=19606, step=2878, pc=0x00205378, major=0, minor=2
         - VerifyOpcodeF3F7@inst.zir:103
           cycle=19606, step=2878, pc=0x00205378, major=0, minor=2
         - VerifyOpcodeF3F7@inst.zir:104
           cycle=19606, step=2878, pc=0x00205378, major=0, minor=2
       Global: no permutation/lookup violations (local-only)
  [36] ✓ LOAD_VAL_MOD @ step 1490: 2 failures, 3394ms, outcome: REJECTED, exit: 101 [proof:GENERATED] G=memory
       r=0.132  T_new=0.00 F_new=0.39 F_rare=0.85 U=0 Q=0.43 Q_l=0.51 Q_g=0.85 dl=2 dg=1
       Value: 0x00000005 -> 0xFFFFFFFA
       Load destination: rd = x14 (a4)
       zkVM errors (1 lines):
         • [prover_impl.rs:280] verify segment (internal proof verification failed)
       Local constraints hit (2 unique):
         - MemoryWrite@mem.zir:100
           cycle=18134, step=1490, pc=0x002184C4, major=5, minor=3
         - MemoryWrite@mem.zir:99
           cycle=18134, step=1490, pc=0x002184C4, major=5, minor=3
       Global: memory permutation violated
         x14/a4: wrote 0xfffffffa, expected 0x00000005 (cycle 36269)
  [37] ✓ INSTR_TYPE_MOD @ step 1660: 5 failures, 3234ms, outcome: REJECTED, exit: 101 [proof:GENERATED] [+1 new] G=memory|cycle
       r=0.039  T_new=0.00 F_new=0.99 F_rare=1.00 U=0 Q=0.08 Q_l=0.19 Q_g=0.43 dl=5 dg=5
       Value: 0x00000007 -> 0x00060000
       Original: AddI [major=0, minor=7]
       Mutated:  Sb [major=6, minor=0]
       zkVM errors (3 lines):
         • [prover_impl.rs:280] verify segment (internal proof verification failed)
         • [ffi.cpp:113] address mismatch at cycle 18304: preflight=0x3fffc02c, actual=0x00000003
         • [kernels/cxx/ffi.cpp:208] SKIP THROW: memory peek not in preflight
       Local constraints hit (5 unique):
         - AddrDecomposeBits@u32.zir:87
           cycle=18304, step=1660, pc=0x0020AF34, major=6, minor=0
         - IsRead@mem.zir:79
           cycle=18304, step=1660, pc=0x0020AF34, major=6, minor=0
         - MemoryWrite@mem.zir:100
           cycle=18304, step=1660, pc=0x0020AF34, major=6, minor=0
         - MemoryWrite@mem.zir:99
           cycle=18304, step=1660, pc=0x0020AF34, major=6, minor=0
         - VerifyOpcodeF3@inst.zir:96
           cycle=18304, step=1660, pc=0x0020AF34, major=6, minor=0
       Global: memory permutation violated
         0x0000000C (data): expected write missing, needed 0xffffe097 (cycle 22694)
         x12/a2: unexpected write 0x00000001 (cycle 36560)
       Global: cycle lookup violated (3 indices broken)
         index 47: 18 provides, 1 uses (imbalanced)
         index 48: 7 provides, 1 uses (imbalanced)
         index 13914: 1 provides, 1 uses (imbalanced)
  [38] ✓ INSTR_TYPE_MOD @ step 3589: 3 failures, 3180ms, outcome: REJECTED, exit: 101 [proof:GENERATED] [+55 touch]
       r=0.244  T_new=0.79 F_new=0.78 F_rare=1.00 U=0 Q=0.37 Q_l=0.37 Q_g=1.00 dl=3 dg=0
       Value: 0x00000007 -> 0x00040006
       Original: AddI [major=0, minor=7]
       Mutated:  Rem [major=4, minor=6]
       zkVM errors (1 lines):
         • [prover_impl.rs:280] verify segment (internal proof verification failed)
       Local constraints hit (3 unique):
         - VerifyOpcodeF3F7@inst.zir:102
           cycle=20465, step=3589, pc=0x00205678, major=4, minor=6
         - VerifyOpcodeF3F7@inst.zir:103
           cycle=20465, step=3589, pc=0x00205678, major=4, minor=6
         - VerifyOpcodeF3F7@inst.zir:104
           cycle=20465, step=3589, pc=0x00205678, major=4, minor=6
       Global: no permutation/lookup violations (local-only)
  [39] ✓ INSTR_TYPE_MOD @ step 3412: 2 failures, 3257ms, outcome: REJECTED, exit: 101 [proof:GENERATED] G=memory|cycle
       r=0.100  T_new=0.00 F_new=0.86 F_rare=1.00 U=0 Q=0.22 Q_l=0.51 Q_g=0.43 dl=2 dg=5
       Value: 0x00060002 -> 0x00020001
       Original: Sw [major=6, minor=2]
       Mutated:  BltU [major=2, minor=1]
       zkVM errors (3 lines):
         • [prover_impl.rs:280] verify segment (internal proof verification failed)
         • [ffi.cpp:113] address mismatch at cycle 20214: preflight=0x0008856f, actual=0x3fffc060
         • [kernels/cxx/ffi.cpp:208] SKIP THROW: memory peek not in preflight
       Local constraints hit (2 unique):
         - VerifyOpcodeF3@inst.zir:96
           cycle=20214, step=3412, pc=0x0020342C, major=2, minor=1
         - VerifyOpcodeF3@inst.zir:97
           cycle=20214, step=3412, pc=0x0020342C, major=2, minor=1
       Global: memory permutation violated
         0xFFFF0180 (data): expected write missing, needed 0x00000000 (cycle 29538)
         0x002215BC (code): unexpected write 0x00000000 (cycle 29538)
       Global: cycle lookup violated (3 indices broken)
         index 0: 2254 provides, 1 uses (imbalanced)
         index 10889: orphan use (1 entries, no matching provide)
         index 10890: 1 provides, 1 uses (imbalanced)
  [40] ✓ STORE_OUT_MOD @ step 2359: 2 failures, 3203ms, outcome: REJECTED, exit: 101 [proof:GENERATED] G=memory
       r=0.132  T_new=0.00 F_new=0.39 F_rare=0.85 U=0 Q=0.43 Q_l=0.51 Q_g=0.85 dl=2 dg=1
       Value: 0x00000000 -> 0x80102493
       Store address: 0x00200314
       zkVM errors (1 lines):
         • [prover_impl.rs:280] verify segment (internal proof verification failed)
       Local constraints hit (2 unique):
         - MemoryWrite@mem.zir:100
           cycle=19013, step=2359, pc=0x00203274, major=6, minor=2
         - MemoryWrite@mem.zir:99
           cycle=19013, step=2359, pc=0x00203274, major=6, minor=2
       Global: memory permutation violated
         0x00200314 (data): wrote 0x80102493, expected 0x00000000 (cycle 38027)
  [41] ✓ MEM_VAL_MOD @ step 1699: 4 failures, 3195ms, outcome: REJECTED, exit: 101 [proof:GENERATED] G=memory
       r=0.024  T_new=0.00 F_new=1.00 F_rare=1.00 U=0 Q=0.05 Q_l=0.26 Q_g=0.19 dl=4 dg=10
       Value: 0x4F0080E7 -> 0x00400000
       Transaction: other_mem_read (READ) at address 0x00205fcc
       zkVM errors (3 lines):
         • [prover_impl.rs:280] verify segment (internal proof verification failed)
         • [ffi.cpp:113] address mismatch at cycle 18343: preflight=0x3fffc021, actual=0x3fffc020
         • [kernels/cxx/ffi.cpp:208] SKIP THROW: memory peek not in preflight
       Local constraints hit (4 unique):
         - IsRead@mem.zir:79
           cycle=18343, step=1699, pc=0x002184B8, major=2, minor=4
         - IsRead@mem.zir:80
           cycle=18343, step=1699, pc=0x002184B8, major=2, minor=4
         - MemoryWrite@mem.zir:99
           cycle=18472, step=1828, pc=0x00205FD0, major=2, minor=4
         - VerifyOpcodeF3@inst.zir:96
           cycle=18343, step=1699, pc=0x002184B8, major=2, minor=4
       Global: memory permutation violated (26 addrs: 4 register, 21 code, 1 data)
         x0/zero: expected write missing, needed 0x00217fc8 (cycle 36685)
         x1/ra: unexpected write 0x00217fc8 (cycle 36685)
         x4/tp: expected write missing, needed 0xabd9831f (cycle 36588)
         + 21 code addresses diverged (instruction fetch cascade)
         + 2 more addresses
  [42] ✓ PRE_EXEC_REG_MOD @ step 27: 4 failures, 3228ms, outcome: REJECTED, exit: 101 [proof:GENERATED] G=memory
       r=0.062  T_new=0.00 F_new=0.39 F_rare=0.75 U=0 Q=0.22 Q_l=0.26 Q_g=0.85 dl=4 dg=1
       Value: 0x00200400 -> 0xACCF5B64
       Register: x2 (sp), READ, strategy=next_read
       zkVM errors (1 lines):
         • [prover_impl.rs:280] verify segment (internal proof verification failed)
       Local constraints hit (4 unique):
         - IsRead@mem.zir:79
           cycle=16600, step=27, pc=0x00203F58, major=0, minor=7
         - IsRead@mem.zir:80
           cycle=16600, step=27, pc=0x00203F58, major=0, minor=7
         - MemoryWrite@mem.zir:100
           cycle=16600, step=27, pc=0x00203F58, major=0, minor=7
         - MemoryWrite@mem.zir:99
           cycle=16600, step=27, pc=0x00203F58, major=0, minor=7
       Global: memory permutation violated
         x2/sp: wrote 0xaccf5b64, expected 0x00200400 (cycle 33200)
  [43] ✓ MEM_VAL_MOD @ step 2421: 2 failures, 3210ms, outcome: REJECTED, exit: 101 [proof:GENERATED] G=memory
       r=0.171  T_new=0.00 F_new=0.63 F_rare=1.00 U=0 Q=0.43 Q_l=0.51 Q_g=0.85 dl=2 dg=1
       Value: 0x00000000 -> 0xE290FF80
       Transaction: store_rmw_read (READ) at address 0x002002f4
       zkVM errors (1 lines):
         • [prover_impl.rs:280] verify segment (internal proof verification failed)
       Local constraints hit (2 unique):
         - IsRead@mem.zir:79
           cycle=19075, step=2421, pc=0x00205568, major=6, minor=2
         - IsRead@mem.zir:80
           cycle=19075, step=2421, pc=0x00205568, major=6, minor=2
       Global: memory permutation violated
         0x002002F4 (data): wrote 0xe290ff80, expected 0x00000000 (cycle 38150)
  [44] ✓ INSTR_TYPE_MOD @ step 413: 4 failures, 3192ms, outcome: REJECTED, exit: 101 [proof:GENERATED] [+2 new] [+31 touch] G=memory
       r=0.124  T_new=0.59 F_new=0.95 F_rare=1.00 U=0 Q=0.19 Q_l=0.26 Q_g=0.72 dl=4 dg=2
       Value: 0x00000007 -> 0x0005000C
       Original: AddI [major=0, minor=7]
       Mutated:  Unknown(5,12) [major=5, minor=12] ⚠INVALID
       zkVM errors (3 lines):
         • [prover_impl.rs:280] verify segment (internal proof verification failed)
         • [ffi.cpp:113] address mismatch at cycle 17004: preflight=0x3fffc020, actual=0x000800db
         • [kernels/cxx/ffi.cpp:208] SKIP THROW: memory peek not in preflight
       Local constraints hit (4 unique):
         - MemoryWrite@mem.zir:100
           cycle=17004, step=413, pc=0x002031AC, major=5, minor=12
         - MemoryWrite@mem.zir:99
           cycle=17004, step=413, pc=0x002031AC, major=5, minor=12
         - OneHot@one_hot.zir:11
           cycle=17004, step=413, pc=0x002031AC, major=5, minor=12
         - OneHot@one_hot.zir:9
           cycle=17004, step=413, pc=0x002031AC, major=5, minor=12
       Global: memory permutation violated
         0x0020036C (data): expected write missing, needed 0x00000000 (cycle 34006)
         x0/zero: unexpected write 0x00000000 (cycle 34006)
  [45] ✓ INSTR_TYPE_MOD @ step 3926: 7 failures, 3262ms, outcome: REJECTED, exit: 101 [proof:GENERATED] [+1 new] [+35 touch] G=memory|cycle
       r=0.029  T_new=0.63 F_new=1.00 F_rare=1.00 U=0 Q=0.04 Q_l=0.10 Q_g=0.43 dl=7 dg=5
       Value: 0x00010002 -> 0x00060001
       Original: AndI [major=1, minor=2]
       Mutated:  Sh [major=6, minor=1]
       zkVM errors (3 lines):
         • [prover_impl.rs:280] verify segment (internal proof verification failed)
         • [ffi.cpp:113] address mismatch at cycle 20876: preflight=0x3fffc005, actual=0x00000039
         • [kernels/cxx/ffi.cpp:208] SKIP THROW: memory peek not in preflight
       Local constraints hit (7 unique):
         - AddrDecomposeBits@u32.zir:87
           cycle=20876, step=3926, pc=0xC00000F0, major=6, minor=1
         - IsRead@mem.zir:79
           cycle=20876, step=3926, pc=0xC00000F0, major=6, minor=1
         - IsRead@mem.zir:80
           cycle=20876, step=3926, pc=0xC00000F0, major=6, minor=1
         - MemoryWrite@mem.zir:99
           cycle=20876, step=3926, pc=0xC00000F0, major=6, minor=1
         - OpSH@inst_mem.zir:148
           cycle=20876, step=3926, pc=0xC00000F0, major=6, minor=1
         - VerifyOpcodeF3@inst.zir:96
           cycle=20876, step=3926, pc=0xC00000F0, major=6, minor=1
         - VerifyOpcodeF3@inst.zir:97
           cycle=20876, step=3926, pc=0xC00000F0, major=6, minor=1
       Global: memory permutation violated
         0x000000E4 (data): expected write missing, needed 0x00000593 (cycle 30062)
         0xFFFF0014 (data): unexpected write 0x0020038c (cycle 41736)
       Global: cycle lookup violated (3 indices broken)
         index 15: 113 provides, 1 uses (imbalanced)
         index 16: 110 provides, 1 uses (imbalanced)
         index 11690: 1 provides, 1 uses (imbalanced)
  [46] ✓ MEM_VAL_MOD @ step 1539: 3 failures, 3202ms, outcome: REJECTED, exit: 101 [proof:GENERATED] G=memory
       r=0.133  T_new=0.00 F_new=0.78 F_rare=1.00 U=0 Q=0.31 Q_l=0.37 Q_g=0.85 dl=3 dg=1
       Value: 0x19CDE05B -> 0xBE951694
       Transaction: load_mem_read (READ) at address 0x00219e90
       zkVM errors (1 lines):
         • [prover_impl.rs:280] verify segment (internal proof verification failed)
       Local constraints hit (3 unique):
         - IsRead@mem.zir:79
           cycle=18183, step=1539, pc=0x002184C4, major=5, minor=3
         - IsRead@mem.zir:80
           cycle=18183, step=1539, pc=0x002184C4, major=5, minor=3
         - MemoryWrite@mem.zir:99
           cycle=18183, step=1539, pc=0x002184C4, major=5, minor=3
       Global: memory permutation violated
         0x00219E90 (code): wrote 0xbe951694, expected 0x19cde05b (cycle 36366)
  [47] ✓ INSTR_TYPE_MOD @ step 3800: 7 failures, 3193ms, outcome: REJECTED, exit: 101 [proof:GENERATED] [+1 new] G=memory
       r=0.009  T_new=0.00 F_new=1.00 F_rare=1.00 U=0 Q=0.02 Q_l=0.10 Q_g=0.19 dl=7 dg=10
       Value: 0x00020001 -> 0x00050002
       Original: BltU [major=2, minor=1]
       Mutated:  Lw [major=5, minor=2]
       zkVM errors (3 lines):
         • [prover_impl.rs:280] verify segment (internal proof verification failed)
         • [ffi.cpp:113] address mismatch at cycle 20676: preflight=0x3fffc00a, actual=0x00000002
         • [kernels/cxx/ffi.cpp:208] SKIP THROW: memory peek not in preflight
       Local constraints hit (6 unique):
         - AddrDecomposeBits@u32.zir:87
           cycle=20676, step=3800, pc=0xC0000540, major=5, minor=2
         - MemoryWrite@mem.zir:99 (x2)
           cycle=20676, step=3800, pc=0xC0000540, major=5, minor=2
         - OpLW@inst_mem.zir:108
           cycle=20676, step=3800, pc=0xC0000540, major=5, minor=2
         - OpLW@inst_mem.zir:109
           cycle=20676, step=3800, pc=0xC0000540, major=5, minor=2
         - VerifyOpcodeF3@inst.zir:96
           cycle=20676, step=3800, pc=0xC0000540, major=5, minor=2
         - VerifyOpcodeF3@inst.zir:97
           cycle=20676, step=3800, pc=0xC0000540, major=5, minor=2
       Global: memory permutation violated (14 addrs: 14 data)
         0x00000008 (data): expected write missing, needed 0x0000000a (cycle 41349)
         0xC000053C (data): expected write missing, needed 0xc0002737 (cycle 40710)
         0xC0000540 (data): unexpected write 0xc0002737 (cycle 40710)
         + 11 more addresses
  [48] ✓ INSTR_TYPE_MOD @ step 0: 5 failures, 3313ms, outcome: REJECTED, exit: 101 [proof:GENERATED] [+3 new] [+35 touch] G=memory|cycle
       r=0.077  T_new=0.63 F_new=0.98 F_rare=1.00 U=0 Q=0.11 Q_l=0.19 Q_g=0.61 dl=5 dg=3
       Value: 0x00020006 -> 0x00000008
       Original: Auipc [major=2, minor=6]
       Mutated:  XorI [major=0, minor=8] ⚠INVALID
       zkVM errors (3 lines):
         • [prover_impl.rs:280] verify segment (internal proof verification failed)
         • [ffi.cpp:113] address mismatch at cycle 0: preflight=0x44000000, actual=0x00000000
         • [kernels/cxx/ffi.cpp:208] SKIP THROW: memory peek not in preflight
       Local constraints hit (5 unique):
         - AddrDecompose@u32.zir:67
           cycle=0, step=0, pc=0x00000000, major=0, minor=8
         - ControlLoadRootAndNonce@inst_control.zir:23
           cycle=1, step=0, pc=0x00000000, major=7, minor=0
         - MiscInput@inst_misc.zir:7
           cycle=0, step=0, pc=0x00000000, major=0, minor=8
         - OneHot@one_hot.zir:11
           cycle=0, step=0, pc=0x00000000, major=0, minor=8
         - OneHot@one_hot.zir:9
           cycle=0, step=0, pc=0x00000000, major=0, minor=8
       Global: memory permutation violated
         0xFFFF0100 (data): expected write missing, needed 0x00000000 (cycle 0)
       Global: cycle lookup violated (2 indices broken)
         index 0: 2256 provides, 1 uses (imbalanced)
         index 2013265920: orphan provide (2 entries, no matching use)
  [49] ✓ MEM_VAL_MOD @ step 0: 10 failures, 3208ms, outcome: REJECTED, exit: 101 [proof:GENERATED] G=memory
       r=0.122  T_new=0.00 F_new=0.63 F_rare=1.00 U=0 Q=0.31 Q_l=0.37 Q_g=0.85 dl=3 dg=1
       Value: 0x002228E7 -> 0xFFDDD719
       Transaction: other_mem_read (READ) at address 0x107fef328
       zkVM errors (2 lines):
         • [prover_impl.rs:280] verify segment (internal proof verification failed)
         • [kernels/cxx/buffers.h:43] SKIP THROW: Inconsistent set
       Local constraints hit (3 unique):
         - IsRead@mem.zir:79
           cycle=1642, step=0, pc=0x00000000, major=9, minor=2
         - IsRead@mem.zir:80
           cycle=1642, step=0, pc=0x00000000, major=9, minor=2
         - PoseidonCheckOut@inst_p2.zir:265 (x8)
           cycle=1653, step=0, pc=0x00000000, major=9, minor=5
       Global: memory permutation violated
         0x107FEF328 (data): wrote 0xffddd719, expected 0x002228e7 (cycle 3284)
  [50] ✓ INSTR_TYPE_MOD @ step 1433: 3 failures, 3282ms, outcome: REJECTED, exit: 101 [proof:GENERATED] [+1 new] [+37 touch]
       r=0.232  T_new=0.65 F_new=0.78 F_rare=1.00 U=0 Q=0.37 Q_l=0.37 Q_g=1.00 dl=3 dg=0
       Value: 0x00050003 -> 0x00050001
       Original: LbU [major=5, minor=3]
       Mutated:  Lh [major=5, minor=1]
       zkVM errors (1 lines):
         • [prover_impl.rs:280] verify segment (internal proof verification failed)
       Local constraints hit (3 unique):
         - MemoryWrite@mem.zir:99
           cycle=18077, step=1433, pc=0x002184C0, major=5, minor=1
         - OpLH@inst_mem.zir:98
           cycle=18077, step=1433, pc=0x002184C0, major=5, minor=1
         - VerifyOpcodeF3@inst.zir:97
           cycle=18077, step=1433, pc=0x002184C0, major=5, minor=1
       Global: no permutation/lookup violations (local-only)
  [51] ✓ STORE_OUT_MOD @ step 1161: 2 failures, 3270ms, outcome: REJECTED, exit: 101 [proof:GENERATED] G=memory
       r=0.131  T_new=0.00 F_new=0.39 F_rare=0.85 U=0 Q=0.43 Q_l=0.51 Q_g=0.85 dl=2 dg=1
       Value: 0x00000000 -> 0x1C028438
       Store address: 0x002003cc
       zkVM errors (1 lines):
         • [prover_impl.rs:280] verify segment (internal proof verification failed)
       Local constraints hit (2 unique):
         - MemoryWrite@mem.zir:100
           cycle=17805, step=1161, pc=0x00209A58, major=6, minor=0
         - MemoryWrite@mem.zir:99
           cycle=17805, step=1161, pc=0x00209A58, major=6, minor=0
       Global: memory permutation violated
         0x002003CC (data): wrote 0x1c028438, expected 0x00000000 (cycle 35611)
  [52] ✓ INSTR_TYPE_MOD @ step 557: 3 failures, 3168ms, outcome: REJECTED, exit: 101 [proof:GENERATED]
       r=0.157  T_new=0.00 F_new=0.78 F_rare=1.00 U=0 Q=0.37 Q_l=0.37 Q_g=1.00 dl=3 dg=0
       Value: 0x00000007 -> 0x00000003
       Original: AddI [major=0, minor=7]
       Mutated:  Or [major=0, minor=3]
       zkVM errors (1 lines):
         • [prover_impl.rs:280] verify segment (internal proof verification failed)
       Local constraints hit (3 unique):
         - MemoryWrite@mem.zir:99
           cycle=17160, step=557, pc=0x00200930, major=0, minor=3
         - VerifyOpcodeF3F7@inst.zir:102
           cycle=17160, step=557, pc=0x00200930, major=0, minor=3
         - VerifyOpcodeF3F7@inst.zir:103
           cycle=17160, step=557, pc=0x00200930, major=0, minor=3
       Global: no permutation/lookup violations (local-only)
  [53] ✓ MEM_VAL_MOD @ step 858: 4 failures, 3234ms, outcome: REJECTED, exit: 101 [proof:GENERATED] G=memory
       r=0.067  T_new=0.00 F_new=0.39 F_rare=0.85 U=0 Q=0.22 Q_l=0.26 Q_g=0.85 dl=4 dg=1
       Value: 0x00000000 -> 0xA74C2BA7
       Transaction: load_mem_read (READ) at address 0x00200354
       zkVM errors (1 lines):
         • [prover_impl.rs:280] verify segment (internal proof verification failed)
       Local constraints hit (4 unique):
         - IsRead@mem.zir:79
           cycle=17485, step=858, pc=0x002031F4, major=5, minor=2
         - IsRead@mem.zir:80
           cycle=17485, step=858, pc=0x002031F4, major=5, minor=2
         - MemoryWrite@mem.zir:100
           cycle=17485, step=858, pc=0x002031F4, major=5, minor=2
         - MemoryWrite@mem.zir:99
           cycle=17485, step=858, pc=0x002031F4, major=5, minor=2
       Global: memory permutation violated
         0x00200354 (data): wrote 0xa74c2ba7, expected 0x00000000 (cycle 34970)
  [54] ✓ INSTR_TYPE_MOD @ step 427: 4 failures, 3216ms, outcome: REJECTED, exit: 101 [proof:GENERATED] [+42 touch]
       r=0.174  T_new=0.70 F_new=0.86 F_rare=1.00 U=0 Q=0.26 Q_l=0.26 Q_g=1.00 dl=4 dg=0
       Value: 0x00000007 -> 0x00030003
       Original: AddI [major=0, minor=7]
       Mutated:  MulH [major=3, minor=3]
       zkVM errors (1 lines):
         • [prover_impl.rs:280] verify segment (internal proof verification failed)
       Local constraints hit (4 unique):
         - MemoryWrite@mem.zir:99
           cycle=17018, step=427, pc=0x0020615C, major=3, minor=3
         - VerifyOpcodeF3F7@inst.zir:102
           cycle=17018, step=427, pc=0x0020615C, major=3, minor=3
         - VerifyOpcodeF3F7@inst.zir:103
           cycle=17018, step=427, pc=0x0020615C, major=3, minor=3
         - VerifyOpcodeF3F7@inst.zir:104
           cycle=17018, step=427, pc=0x0020615C, major=3, minor=3
       Global: no permutation/lookup violations (local-only)
  [55] ✓ PRE_EXEC_REG_MOD @ step 2619: 2 failures, 3213ms, outcome: REJECTED, exit: 101 [proof:GENERATED] G=memory
       r=0.133  T_new=0.00 F_new=0.78 F_rare=1.00 U=0 Q=0.31 Q_l=0.51 Q_g=0.61 dl=2 dg=3
       Value: 0x002002F0 -> 0x00080000
       Register: x2 (sp), READ, strategy=next_read
       zkVM errors (3 lines):
         • [prover_impl.rs:280] verify segment (internal proof verification failed)
         • [ffi.cpp:113] address mismatch at cycle 19347: preflight=0x000800be, actual=0x00020002
         • [kernels/cxx/ffi.cpp:208] SKIP THROW: memory peek not in preflight
       Local constraints hit (2 unique):
         - IsRead@mem.zir:79
           cycle=19347, step=2619, pc=0x002052F0, major=6, minor=2
         - IsRead@mem.zir:80
           cycle=19347, step=2619, pc=0x002052F0, major=6, minor=2
       Global: memory permutation violated
         0x00080008 (data): expected write missing, needed 0x00000000 (cycle 38476)
         0x002002F8 (data): unexpected write 0x00000000 (cycle 38476)
         x2/sp: wrote 0x00080000, expected 0x002002f0 (cycle 38694)
  [56] ✓ MEM_VAL_MOD @ step 3785: 7 failures, 3242ms, outcome: REJECTED, exit: 101 [proof:GENERATED] G=memory
       r=0.009  T_new=0.00 F_new=1.00 F_rare=1.00 U=0 Q=0.02 Q_l=0.10 Q_g=0.19 dl=7 dg=10
       Value: 0x1140006F -> 0x7706FF54
       Transaction: other_mem_read (READ) at address 0xc000005c
       zkVM errors (3 lines):
         • [prover_impl.rs:280] verify segment (internal proof verification failed)
         • [ffi.cpp:113] address mismatch at cycle 20661: preflight=0x3fffc000, actual=0x3fffc00d
         • [kernels/cxx/ffi.cpp:208] SKIP THROW: memory peek not in preflight
       Local constraints hit (5 unique):
         - IsRead@mem.zir:79
           cycle=20661, step=3785, pc=0xC0000170, major=2, minor=3
         - IsRead@mem.zir:80
           cycle=20661, step=3785, pc=0xC0000170, major=2, minor=3
         - MemoryWrite@mem.zir:100 (x2)
           cycle=20667, step=3791, pc=0xC0000188, major=2, minor=6
         - MemoryWrite@mem.zir:99 (x2)
           cycle=20667, step=3791, pc=0xC0000188, major=2, minor=6
         - VerifyOpcode@inst.zir:91
           cycle=20661, step=3785, pc=0xC0000170, major=2, minor=3
       Global: memory permutation violated (21 addrs: 21 data)
         0xC000005C (data): wrote 0x7706ff54, expected 0x1140006f (cycle 41322)
         0xC0000170 (data): unexpected write 0x02822503 (cycle 40680)
         0xC0000174 (data): unexpected write 0x02c22583 (cycle 40682)
         + 18 more addresses
  [57] ✓ INSTR_TYPE_MOD @ step 3548: 18 failures, 3265ms, outcome: REJECTED, exit: 101 [proof:GENERATED] [+32 touch] G=memory
       r=0.002  T_new=0.60 F_new=1.00 F_rare=1.00 U=0 Q=0.00 Q_l=0.01 Q_g=0.19 dl=13 dg=10
       Value: 0x00000007 -> 0x0000000D
       Original: AddI [major=0, minor=7]
       Mutated:  Beq [major=0, minor=13] ⚠INVALID
       zkVM errors (3 lines):
         • [prover_impl.rs:280] verify segment (internal proof verification failed)
         • [ffi.cpp:113] address mismatch at cycle 20350: preflight=0x3fffc00b, actual=0x3fffc040
         • [kernels/cxx/ffi.cpp:208] SKIP THROW: memory peek not in preflight
       Local constraints hit (6 unique):
         - AddrDecompose@u32.zir:67 (x11)
           cycle=20351, step=3549, pc=0xC0000530, major=1, minor=5
         - AddrDecomposeBits@u32.zir:87
           cycle=20359, step=3557, pc=0xC0000554, major=8, minor=0
         - MemoryWrite@mem.zir:100 (x2)
           cycle=20350, step=3548, pc=0xC00004A0, major=0, minor=13
         - MemoryWrite@mem.zir:99 (x2)
           cycle=20350, step=3548, pc=0xC00004A0, major=0, minor=13
         - OneHot@one_hot.zir:11
           cycle=20350, step=3548, pc=0xC00004A0, major=0, minor=13
         - OneHot@one_hot.zir:9
           cycle=20350, step=3548, pc=0xC00004A0, major=0, minor=13
       Global: memory permutation violated (26 addrs: 26 data)
         0x00000000 (data): expected write missing, needed 0x08d88863 (cycle 39746)
         0x00000090 (data): expected write missing, needed 0x00a00513 (cycle 39748)
         0x00000094 (data): expected write missing, needed 0x00078693 (cycle 39750)
         + 23 more addresses
  [58] ✓ INSTR_TYPE_MOD @ step 2029: 3 failures, 3274ms, outcome: REJECTED, exit: 101 [proof:GENERATED]
       r=0.157  T_new=0.00 F_new=0.78 F_rare=1.00 U=0 Q=0.37 Q_l=0.37 Q_g=1.00 dl=3 dg=0
       Value: 0x00010006 -> 0x00010004
       Original: Bne [major=1, minor=6]
       Mutated:  SltIU [major=1, minor=4]
       zkVM errors (1 lines):
         • [prover_impl.rs:280] verify segment (internal proof verification failed)
       Local constraints hit (3 unique):
         - MemoryWrite@mem.zir:99
           cycle=18678, step=2029, pc=0x00205FD4, major=1, minor=4
         - VerifyOpcodeF3@inst.zir:96
           cycle=18678, step=2029, pc=0x00205FD4, major=1, minor=4
         - VerifyOpcodeF3@inst.zir:97
           cycle=18678, step=2029, pc=0x00205FD4, major=1, minor=4
       Global: no permutation/lookup violations (local-only)
  [59] ✓ INSTR_TYPE_MOD @ step 942: 3 failures, 3196ms, outcome: REJECTED, exit: 101 [proof:GENERATED] [+35 touch] G=memory
       r=0.174  T_new=0.63 F_new=0.92 F_rare=1.00 U=0 Q=0.26 Q_l=0.37 Q_g=0.72 dl=3 dg=2
       Value: 0x00010006 -> 0x00010003
       Original: Bne [major=1, minor=6]
       Mutated:  SltI [major=1, minor=3]
       zkVM errors (3 lines):
         • [prover_impl.rs:280] verify segment (internal proof verification failed)
         • [ffi.cpp:113] address mismatch at cycle 17575: preflight=0x3fffc060, actual=0x3fffc028
         • [kernels/cxx/ffi.cpp:208] SKIP THROW: memory peek not in preflight
       Local constraints hit (3 unique):
         - MemoryWrite@mem.zir:99
           cycle=17575, step=942, pc=0x00200A34, major=1, minor=3
         - VerifyOpcodeF3@inst.zir:96
           cycle=17575, step=942, pc=0x00200A34, major=1, minor=3
         - VerifyOpcodeF3@inst.zir:97
           cycle=17575, step=942, pc=0x00200A34, major=1, minor=3
       Global: memory permutation violated
         x8/s0: expected write missing, needed 0x002031fc (cycle 35143)
         0xFFFF0180 (data): unexpected write 0x002031fc (cycle 35143)
  [60] ✓ INSTR_TYPE_MOD @ step 2539: 7 failures, 3260ms, outcome: REJECTED, exit: 101 [proof:GENERATED] [+1 new] G=memory|cycle
       r=0.020  T_new=0.00 F_new=0.97 F_rare=1.00 U=0 Q=0.04 Q_l=0.10 Q_g=0.43 dl=7 dg=5
       Value: 0x00030001 -> 0x00060002
       Original: SllI [major=3, minor=1]
       Mutated:  Sw [major=6, minor=2]
       zkVM errors (3 lines):
         • [prover_impl.rs:280] verify segment (internal proof verification failed)
         • [ffi.cpp:113] address mismatch at cycle 19267: preflight=0x3fffc02b, actual=0x0000000e
         • [kernels/cxx/ffi.cpp:208] SKIP THROW: memory peek not in preflight
       Local constraints hit (7 unique):
         - AddrDecomposeBits@u32.zir:87
           cycle=19267, step=2539, pc=0x00201498, major=6, minor=2
         - IsRead@mem.zir:79
           cycle=19267, step=2539, pc=0x00201498, major=6, minor=2
         - MemoryWrite@mem.zir:100
           cycle=19267, step=2539, pc=0x00201498, major=6, minor=2
         - MemoryWrite@mem.zir:99
           cycle=19267, step=2539, pc=0x00201498, major=6, minor=2
         - OpSW@inst_mem.zir:161
           cycle=19267, step=2539, pc=0x00201498, major=6, minor=2
         - VerifyOpcodeF3@inst.zir:96
           cycle=19267, step=2539, pc=0x00201498, major=6, minor=2
         - VerifyOpcodeF3@inst.zir:97
           cycle=19267, step=2539, pc=0x00201498, major=6, minor=2
       Global: memory permutation violated
         0x00000038 (data): expected write missing, needed 0x01061613 (cycle 6818)
         x11/a1: unexpected write 0x0000002f (cycle 38534)
       Global: cycle lookup violated (3 indices broken)
         index 0: 2254 provides, 1 uses (imbalanced)
         index 31716: 1 provides, 1 uses (imbalanced)
         index 2013265920: orphan provide (1 entries, no matching use)
  [61] ✓ INSTR_TYPE_MOD @ step 0: 6 failures, 3263ms, outcome: REJECTED, exit: 101 [proof:GENERATED] [+1 new] [+1 touch] G=memory|cycle
       r=0.036  T_new=0.03 F_new=0.78 F_rare=1.00 U=0 Q=0.08 Q_l=0.14 Q_g=0.61 dl=6 dg=3
       Value: 0x00020006 -> 0x00050002
       Original: Auipc [major=2, minor=6]
       Mutated:  Lw [major=5, minor=2]
       zkVM errors (3 lines):
         • [prover_impl.rs:280] verify segment (internal proof verification failed)
         • [ffi.cpp:113] address mismatch at cycle 0: preflight=0x44000000, actual=0x00000000
         • [kernels/cxx/ffi.cpp:208] SKIP THROW: memory peek not in preflight
       Local constraints hit (6 unique):
         - AddrDecompose@u32.zir:67
           cycle=0, step=0, pc=0x00000000, major=5, minor=2
         - AddrDecomposeBits@u32.zir:87
           cycle=0, step=0, pc=0x00000000, major=5, minor=2
         - ControlLoadRootAndNonce@inst_control.zir:23
           cycle=1, step=0, pc=0x00000000, major=7, minor=0
         - MemLoadInput@inst_mem.zir:8
           cycle=0, step=0, pc=0x00000000, major=5, minor=2
         - VerifyOpcodeF3@inst.zir:96
           cycle=0, step=0, pc=0x00000000, major=5, minor=2
         - VerifyOpcodeF3@inst.zir:97
           cycle=0, step=0, pc=0x00000000, major=5, minor=2
       Global: memory permutation violated
         0xFFFF0100 (data): expected write missing, needed 0x00000000 (cycle 0)
       Global: cycle lookup violated (2 indices broken)
         index 0: 2256 provides, 1 uses (imbalanced)
         index 2013265920: orphan provide (3 entries, no matching use)
  [62] ✓ INSTR_TYPE_MOD @ step 602: 4 failures, 3198ms, outcome: REJECTED, exit: 101 [proof:GENERATED]
       r=0.103  T_new=0.00 F_new=0.63 F_rare=1.00 U=0 Q=0.26 Q_l=0.26 Q_g=1.00 dl=4 dg=0
       Value: 0x00030001 -> 0x00000000
       Original: SllI [major=3, minor=1]
       Mutated:  Add [major=0, minor=0]
       zkVM errors (1 lines):
         • [prover_impl.rs:280] verify segment (internal proof verification failed)
       Local constraints hit (4 unique):
         - MemoryWrite@mem.zir:100
           cycle=17205, step=602, pc=0xC0000148, major=0, minor=0
         - MemoryWrite@mem.zir:99
           cycle=17205, step=602, pc=0xC0000148, major=0, minor=0
         - VerifyOpcodeF3F7@inst.zir:102
           cycle=17205, step=602, pc=0xC0000148, major=0, minor=0
         - VerifyOpcodeF3F7@inst.zir:103
           cycle=17205, step=602, pc=0xC0000148, major=0, minor=0
       Global: no permutation/lookup violations (local-only)
  [63] ✓ INSTR_TYPE_MOD @ step 2534: 4 failures, 3286ms, outcome: REJECTED, exit: 101 [proof:GENERATED] G=memory|cycle
       r=0.054  T_new=0.00 F_new=0.98 F_rare=1.00 U=0 Q=0.11 Q_l=0.26 Q_g=0.43 dl=4 dg=5
       Value: 0x00060002 -> 0x00030001
       Original: Sw [major=6, minor=2]
       Mutated:  SllI [major=3, minor=1]
       zkVM errors (3 lines):
         • [prover_impl.rs:280] verify segment (internal proof verification failed)
         • [ffi.cpp:113] address mismatch at cycle 19262: preflight=0x000800ea, actual=0x3fffc028
         • [kernels/cxx/ffi.cpp:208] SKIP THROW: memory peek not in preflight
       Local constraints hit (4 unique):
         - MemoryWrite@mem.zir:100
           cycle=19262, step=2534, pc=0x00201484, major=3, minor=1
         - VerifyOpcodeF3F7@inst.zir:102
           cycle=19262, step=2534, pc=0x00201484, major=3, minor=1
         - VerifyOpcodeF3F7@inst.zir:103
           cycle=19262, step=2534, pc=0x00201484, major=3, minor=1
         - VerifyOpcodeF3F7@inst.zir:104
           cycle=19262, step=2534, pc=0x00201484, major=3, minor=1
       Global: memory permutation violated
         0x002003A8 (data): unexpected write 0x00000000 (cycle 4742)
         x8/s0: expected write missing, needed 0x00000000 (cycle 4742)
       Global: cycle lookup violated (3 indices broken)
         index 0: 2254 provides, 1 uses (imbalanced)
         index 33781: orphan use (1 entries, no matching provide)
         index 33782: 1 provides, 1 uses (imbalanced)
  [64] ✓ INSTR_TYPE_MOD @ step 1822: 18 failures, 3222ms, outcome: REJECTED, exit: 101 [proof:GENERATED] [+1 new] G=memory
       r=0.003  T_new=0.00 F_new=1.00 F_rare=1.00 U=0 Q=0.01 Q_l=0.04 Q_g=0.19 dl=10 dg=10
       Value: 0x00010006 -> 0x00020004
       Original: Bne [major=1, minor=6]
       Mutated:  JalR [major=2, minor=4]
       zkVM errors (3 lines):
         • [prover_impl.rs:280] verify segment (internal proof verification failed)
         • [ffi.cpp:113] address mismatch at cycle 18466: preflight=0x3fffc060, actual=0x3fffc03c
         • [kernels/cxx/ffi.cpp:208] SKIP THROW: memory peek not in preflight
       Local constraints hit (6 unique):
         - AddrDecompose@u32.zir:67 (x6)
           cycle=18467, step=1823, pc=0x002184CC, major=0, minor=7
         - DecodeInst@inst.zir:29 (x6)
           cycle=18467, step=1823, pc=0x002184CC, major=0, minor=7
         - MemoryWrite@mem.zir:100 (x2)
           cycle=18466, step=1822, pc=0x002184C8, major=2, minor=4
         - MemoryWrite@mem.zir:99 (x2)
           cycle=18466, step=1822, pc=0x002184C8, major=2, minor=4
         - VerifyOpcodeF3@inst.zir:96
           cycle=18466, step=1822, pc=0x002184C8, major=2, minor=4
         - VerifyOpcodeF3@inst.zir:97
           cycle=18466, step=1822, pc=0x002184C8, major=2, minor=4
       Global: memory permutation violated (14 addrs: 1 register, 6 code, 7 data)
         0x00000050 (data): expected write missing, needed 0x00158593 (cycle 36920)
         0x00000054 (data): expected write missing, needed 0xfff60613 (cycle 36922)
         0x00000058 (data): expected write missing, needed 0x00150513 (cycle 36924)
         + 6 code addresses diverged (instruction fetch cascade)
         + 5 more addresses
  [65] ✓ INSTR_TYPE_MOD @ step 703: 2 failures, 3256ms, outcome: REJECTED, exit: 101 [proof:GENERATED] G=memory
       r=0.164  T_new=0.00 F_new=0.86 F_rare=1.00 U=0 Q=0.37 Q_l=0.51 Q_g=0.72 dl=2 dg=2
       Value: 0x00050002 -> 0x00000006
       Original: Lw [major=5, minor=2]
       Mutated:  SltU [major=0, minor=6]
       zkVM errors (3 lines):
         • [prover_impl.rs:280] verify segment (internal proof verification failed)
         • [ffi.cpp:113] address mismatch at cycle 17318: preflight=0x000800d5, actual=0x3fffc024
         • [kernels/cxx/ffi.cpp:208] SKIP THROW: memory peek not in preflight
       Local constraints hit (2 unique):
         - VerifyOpcodeF3F7@inst.zir:102
           cycle=17318, step=703, pc=0x002031F4, major=0, minor=6
         - VerifyOpcodeF3F7@inst.zir:103
           cycle=17318, step=703, pc=0x002031F4, major=0, minor=6
       Global: memory permutation violated
         0x00200354 (data): unexpected write 0x00000000 (cycle 34507)
         x4/tp: expected write missing, needed 0x00000000 (cycle 34507)
  [66] ✓ INSTR_TYPE_MOD @ step 3461: 4 failures, 3171ms, outcome: REJECTED, exit: 101 [proof:GENERATED]
       r=0.055  T_new=0.00 F_new=0.00 F_rare=0.71 U=0 Q=0.26 Q_l=0.26 Q_g=1.00 dl=4 dg=0
       Value: 0x00000007 -> 0x00030003
       Original: AddI [major=0, minor=7]
       Mutated:  MulH [major=3, minor=3]
       zkVM errors (1 lines):
         • [prover_impl.rs:280] verify segment (internal proof verification failed)
       Local constraints hit (4 unique):
         - MemoryWrite@mem.zir:99
           cycle=20263, step=3461, pc=0x00218150, major=3, minor=3
         - VerifyOpcodeF3F7@inst.zir:102
           cycle=20263, step=3461, pc=0x00218150, major=3, minor=3
         - VerifyOpcodeF3F7@inst.zir:103
           cycle=20263, step=3461, pc=0x00218150, major=3, minor=3
         - VerifyOpcodeF3F7@inst.zir:104
           cycle=20263, step=3461, pc=0x00218150, major=3, minor=3
       Global: no permutation/lookup violations (local-only)
  [67] ✓ COMP_OUT_MOD @ step 198: 1 failures, 3202ms, outcome: REJECTED, exit: 101 [proof:GENERATED] G=memory
       r=0.164  T_new=0.00 F_new=0.39 F_rare=0.72 U=0 Q=0.61 Q_l=0.72 Q_g=0.85 dl=1 dg=1
       Value: 0x00000003 -> 0xFFFF0003
       Destination: rd = x12 (a2)
       zkVM errors (1 lines):
         • [prover_impl.rs:280] verify segment (internal proof verification failed)
       Local constraints hit (1 unique):
         - MemoryWrite@mem.zir:100
           cycle=16777, step=198, pc=0x0020B8A4, major=0, minor=7
       Global: memory permutation violated
         x12/a2: wrote 0xffff0003, expected 0x00000003 (cycle 33555)
  [68] ✓ MEM_VAL_MOD @ step 3929: 2 failures, 3213ms, outcome: REJECTED, exit: 101 [proof:GENERATED] G=memory
       r=0.185  T_new=0.00 F_new=0.78 F_rare=1.00 U=0 Q=0.43 Q_l=0.51 Q_g=0.85 dl=2 dg=1
       Value: 0x6D43F365 -> 0xC348B15F
       Transaction: other_mem_write (WRITE) at address 0x10ffe0038
       zkVM errors (2 lines):
         • [prover_impl.rs:280] verify segment (internal proof verification failed)
         • [kernels/cxx/buffers.h:43] SKIP THROW: Inconsistent set
       Local constraints hit (2 unique):
         - MemoryWrite@mem.zir:100
           cycle=22883, step=3929, pc=0x00000000, major=9, minor=5
         - MemoryWrite@mem.zir:99
           cycle=22883, step=3929, pc=0x00000000, major=9, minor=5
       Global: memory permutation violated
         0x10FFE0038 (data): wrote 0xc348b15f, expected 0x6d43f365 (cycle 45767)
  [69] ✓ INSTR_TYPE_MOD @ step 3928: 2 failures, 3205ms, outcome: REJECTED, exit: 101 [proof:GENERATED] [+38 touch] G=memory
       r=0.178  T_new=0.66 F_new=0.95 F_rare=1.00 U=0 Q=0.26 Q_l=0.51 Q_g=0.51 dl=2 dg=4
       Value: 0x00000007 -> 0x00020007
       Original: AddI [major=0, minor=7]
       Mutated:  Unknown(2,7) [major=2, minor=7] ⚠INVALID
       zkVM errors (3 lines):
         • [prover_impl.rs:280] verify segment (internal proof verification failed)
         • [ffi.cpp:113] address mismatch at cycle 20878: preflight=0x3fffc011, actual=0x3fffc040
         • [kernels/cxx/ffi.cpp:208] SKIP THROW: memory peek not in preflight
       Local constraints hit (2 unique):
         - MemoryWrite@mem.zir:99
           cycle=20881, step=3929, pc=0x00000000, major=7, minor=4
         - VerifyOpcodeF3F7@inst.zir:102
           cycle=20878, step=3928, pc=0xC00000F8, major=2, minor=7
       Global: memory permutation violated
         0xC00000F4 (data): wrote 0x00000893, expected 0x00000073 (cycle 30062)
         0xC00000F8 (data): unexpected write 0x00000073 (cycle 30062)
         0xFFFF0044 (data): unexpected write 0x00000004 (cycle 41362)
         0xFFFF0100 (data): expected write missing, needed 0x00000004 (cycle 41362)
  [70] ✓ INSTR_TYPE_MOD @ step 2802: 2 failures, 3186ms, outcome: REJECTED, exit: 101 [proof:GENERATED] [+35 touch]
       r=0.304  T_new=0.63 F_new=0.63 F_rare=1.00 U=0 Q=0.51 Q_l=0.51 Q_g=1.00 dl=2 dg=0
       Value: 0x00060002 -> 0x0006000C
       Original: Sw [major=6, minor=2]
       Mutated:  Unknown(6,12) [major=6, minor=12] ⚠INVALID
       zkVM errors (1 lines):
         • [prover_impl.rs:280] verify segment (internal proof verification failed)
       Local constraints hit (2 unique):
         - OneHot@one_hot.zir:11
           cycle=19530, step=2802, pc=0x00203880, major=6, minor=12
         - OneHot@one_hot.zir:9
           cycle=19530, step=2802, pc=0x00203880, major=6, minor=12
       Global: no permutation/lookup violations (local-only)
  [71] ✓ INSTR_TYPE_MOD @ step 2900: 2 failures, 3182ms, outcome: REJECTED, exit: 101 [proof:GENERATED] [+36 touch]
       r=0.305  T_new=0.64 F_new=0.63 F_rare=1.00 U=0 Q=0.51 Q_l=0.51 Q_g=1.00 dl=2 dg=0
       Value: 0x00050002 -> 0x00050004
       Original: Lw [major=5, minor=2]
       Mutated:  LhU [major=5, minor=4]
       zkVM errors (1 lines):
         • [prover_impl.rs:280] verify segment (internal proof verification failed)
       Local constraints hit (2 unique):
         - MemoryWrite@mem.zir:100
           cycle=19628, step=2900, pc=0x00205DF4, major=5, minor=4
         - VerifyOpcodeF3@inst.zir:97
           cycle=19628, step=2900, pc=0x00205DF4, major=5, minor=4
       Global: no permutation/lookup violations (local-only)
  [72] ✓ MEM_VAL_MOD @ step 0: 10 failures, 3241ms, outcome: REJECTED, exit: 101 [proof:GENERATED] G=memory
       r=0.094  T_new=0.00 F_new=0.39 F_rare=0.85 U=0 Q=0.31 Q_l=0.37 Q_g=0.85 dl=3 dg=1
       Value: 0x04912A23 -> 0x09225446
       Transaction: other_mem_read (READ) at address 0x00204e44
       zkVM errors (2 lines):
         • [prover_impl.rs:280] verify segment (internal proof verification failed)
         • [kernels/cxx/buffers.h:43] SKIP THROW: Inconsistent set
       Local constraints hit (3 unique):
         - IsRead@mem.zir:79
           cycle=7413, step=0, pc=0x00000000, major=9, minor=2
         - IsRead@mem.zir:80
           cycle=7413, step=0, pc=0x00000000, major=9, minor=2
         - PoseidonCheckOut@inst_p2.zir:265 (x8)
           cycle=7553, step=0, pc=0x00000000, major=9, minor=5
       Global: memory permutation violated
         0x00204E44 (code): wrote 0x09225446, expected 0x04912a23 (cycle 14826)
  [73] 💥 INSTR_TYPE_MOD @ step 3288: 0 failures, 600ms, outcome: CRASH, exit: -11 [proof:NOT_GENERATED]
       r=0.000  T_new=0.00 F_new=0.00 F_rare=0.00 U=0 Q=0.00 Q_l=0.00 Q_g=1.00 dl=0 dg=0
       Value: 0x00000007 -> 0x00060007
       Original: AddI [major=0, minor=7]
       Mutated:  Unknown(6,7) [major=6, minor=7] ⚠INVALID
       No constraint failures (mutation may have been ineffective)
  [74] ✓ MEM_VAL_MOD @ step 915: 0 failures, 3218ms, outcome: REJECTED, exit: 101 [proof:GENERATED] G=memory[GO]
       r=0.283  T_new=0.00 F_new=0.39 F_rare=1.00 U=0 Q=0.85 Q_l=1.00 Q_g=0.85 dl=0 dg=1
       Value: 0x00000000 -> 0xDFEDFFBF
       Transaction: other_mem_write (WRITE) at address 0xffff0104
       zkVM errors (1 lines):
         • [prover_impl.rs:280] verify segment (internal proof verification failed)
       Global: memory permutation violated [GLOBAL-ONLY]
         0xFFFF0104 (data): wrote 0xdfedffbf, expected 0x00000000 (cycle 35089)
  [75] ✓ INSTR_TYPE_MOD @ step 2415: 7 failures, 3215ms, outcome: REJECTED, exit: 101 [proof:GENERATED] G=memory
       r=0.024  T_new=0.00 F_new=0.99 F_rare=1.00 U=0 Q=0.05 Q_l=0.10 Q_g=0.51 dl=7 dg=4
       Value: 0x00020003 -> 0x00000004
       Original: Jal [major=2, minor=3]
       Mutated:  And [major=0, minor=4]
       zkVM errors (3 lines):
         • [prover_impl.rs:280] verify segment (internal proof verification failed)
         • [ffi.cpp:113] address mismatch at cycle 19070: preflight=0x0008050e, actual=0x00080504
         • [kernels/cxx/buffers.h:43] SKIP THROW: Inconsistent set
       Local constraints hit (5 unique):
         - MemoryWrite@mem.zir:100
           cycle=19069, step=2415, pc=0x00201438, major=0, minor=4
         - MemoryWrite@mem.zir:99 (x3)
           cycle=19069, step=2415, pc=0x00201438, major=0, minor=4
         - VerifyOpcodeF3F7@inst.zir:102
           cycle=19069, step=2415, pc=0x00201438, major=0, minor=4
         - VerifyOpcodeF3F7@inst.zir:103
           cycle=19069, step=2415, pc=0x00201438, major=0, minor=4
         - VerifyOpcodeF3F7@inst.zir:104
           cycle=19069, step=2415, pc=0x00201438, major=0, minor=4
       Global: memory permutation violated
         0x00201410 (code): expected write missing, needed 0x00004097 (cycle 6758)
         0x00201414 (code): expected write missing, needed 0x120080e7 (cycle 6758)
         0x00201438 (code): unexpected write 0x00004097 (cycle 6758)
         0x0020143C (code): unexpected write 0x120080e7 (cycle 6758)
  [76] ✓ MEM_VAL_MOD @ step 2479: 2 failures, 3211ms, outcome: REJECTED, exit: 101 [proof:GENERATED] G=memory
       r=0.185  T_new=0.00 F_new=0.78 F_rare=1.00 U=0 Q=0.43 Q_l=0.51 Q_g=0.85 dl=2 dg=1
       Value: 0x00000008 -> 0x00040000
       Transaction: other_mem_read (READ) at address 0xffff0048
       zkVM errors (1 lines):
         • [prover_impl.rs:280] verify segment (internal proof verification failed)
       Local constraints hit (2 unique):
         - IsRead@mem.zir:79
           cycle=19133, step=2479, pc=0xC0000078, major=2, minor=0
         - IsRead@mem.zir:80
           cycle=19133, step=2479, pc=0xC0000078, major=2, minor=0
       Global: memory permutation violated
         0xFFFF0048 (data): wrote 0x00040000, expected 0x00000008 (cycle 38266)
  [77] ✓ INSTR_TYPE_MOD @ step 2262: 3 failures, 3212ms, outcome: REJECTED, exit: 101 [proof:GENERATED] G=memory
       r=0.103  T_new=0.00 F_new=0.63 F_rare=1.00 U=0 Q=0.26 Q_l=0.37 Q_g=0.72 dl=3 dg=2
       Value: 0x00050002 -> 0x00040002
       Original: Lw [major=5, minor=2]
       Mutated:  SrlI [major=4, minor=2]
       zkVM errors (3 lines):
         • [prover_impl.rs:280] verify segment (internal proof verification failed)
         • [ffi.cpp:113] address mismatch at cycle 18916: preflight=0x000884f5, actual=0x3fffc028
         • [kernels/cxx/ffi.cpp:208] SKIP THROW: memory peek not in preflight
       Local constraints hit (3 unique):
         - MemoryWrite@mem.zir:99
           cycle=18916, step=2262, pc=0x00203424, major=4, minor=2
         - VerifyOpcodeF3F7@inst.zir:102
           cycle=18916, step=2262, pc=0x00203424, major=4, minor=2
         - VerifyOpcodeF3F7@inst.zir:103
           cycle=18916, step=2262, pc=0x00203424, major=4, minor=2
       Global: memory permutation violated
         x8/s0: expected write missing, needed 0x00000000 (cycle 33353)
         0x002213D4 (code): unexpected write 0x00000000 (cycle 33353)
  [78] ✓ INSTR_TYPE_MOD @ step 1967: 4 failures, 3202ms, outcome: REJECTED, exit: 101 [proof:GENERATED]
       r=0.046  T_new=0.00 F_new=0.00 F_rare=0.71 U=0 Q=0.26 Q_l=0.26 Q_g=1.00 dl=4 dg=0
       Value: 0x00000007 -> 0x00000004
       Original: AddI [major=0, minor=7]
       Mutated:  And [major=0, minor=4]
       zkVM errors (1 lines):
         • [prover_impl.rs:280] verify segment (internal proof verification failed)
       Local constraints hit (4 unique):
         - MemoryWrite@mem.zir:100
           cycle=18616, step=1967, pc=0x002184CC, major=0, minor=4
         - MemoryWrite@mem.zir:99
           cycle=18616, step=1967, pc=0x002184CC, major=0, minor=4
         - VerifyOpcodeF3F7@inst.zir:102
           cycle=18616, step=1967, pc=0x002184CC, major=0, minor=4
         - VerifyOpcodeF3F7@inst.zir:103
           cycle=18616, step=1967, pc=0x002184CC, major=0, minor=4
       Global: no permutation/lookup violations (local-only)
  [79] ✓ INSTR_TYPE_MOD @ step 2688: 4 failures, 3244ms, outcome: REJECTED, exit: 101 [proof:GENERATED] G=memory|cycle
       r=0.051  T_new=0.00 F_new=0.86 F_rare=1.00 U=0 Q=0.11 Q_l=0.26 Q_g=0.43 dl=4 dg=5
       Value: 0x00060002 -> 0x00000004
       Original: Sw [major=6, minor=2]
       Mutated:  And [major=0, minor=4]
       zkVM errors (3 lines):
         • [prover_impl.rs:280] verify segment (internal proof verification failed)
         • [ffi.cpp:113] address mismatch at cycle 19416: preflight=0x000800d8, actual=0x3fffc060
         • [kernels/cxx/ffi.cpp:208] SKIP THROW: memory peek not in preflight
       Local constraints hit (4 unique):
         - MemoryWrite@mem.zir:99
           cycle=19416, step=2688, pc=0x002015FC, major=0, minor=4
         - VerifyOpcodeF3F7@inst.zir:102
           cycle=19416, step=2688, pc=0x002015FC, major=0, minor=4
         - VerifyOpcodeF3F7@inst.zir:103
           cycle=19416, step=2688, pc=0x002015FC, major=0, minor=4
         - VerifyOpcodeF3F7@inst.zir:104
           cycle=19416, step=2688, pc=0x002015FC, major=0, minor=4
       Global: memory permutation violated
         0x00200360 (data): unexpected write 0x00000000 (cycle 4702)
         0xFFFF0180 (data): expected write missing, needed 0x00000000 (cycle 4702)
       Global: cycle lookup violated (3 indices broken)
         index 0: 2254 provides, 1 uses (imbalanced)
         index 34129: orphan use (1 entries, no matching provide)
         index 34130: 1 provides, 1 uses (imbalanced)
  [80] ✓ INSTR_TYPE_MOD @ step 3002: 6 failures, 3272ms, outcome: REJECTED, exit: 101 [proof:GENERATED] G=memory|cycle
       r=0.027  T_new=0.00 F_new=0.92 F_rare=1.00 U=0 Q=0.06 Q_l=0.14 Q_g=0.43 dl=6 dg=5
       Value: 0x00000007 -> 0x00060002
       Original: AddI [major=0, minor=7]
       Mutated:  Sw [major=6, minor=2]
       zkVM errors (3 lines):
         • [prover_impl.rs:280] verify segment (internal proof verification failed)
         • [ffi.cpp:113] address mismatch at cycle 19730: preflight=0x3fffc02c, actual=0x00086b4e
         • [kernels/cxx/ffi.cpp:208] SKIP THROW: memory peek not in preflight
       Local constraints hit (6 unique):
         - IsRead@mem.zir:79
           cycle=19730, step=3002, pc=0x002056D0, major=6, minor=2
         - IsRead@mem.zir:80
           cycle=19730, step=3002, pc=0x002056D0, major=6, minor=2
         - MemoryWrite@mem.zir:100
           cycle=19730, step=3002, pc=0x002056D0, major=6, minor=2
         - MemoryWrite@mem.zir:99
           cycle=19730, step=3002, pc=0x002056D0, major=6, minor=2
         - VerifyOpcodeF3@inst.zir:96
           cycle=19730, step=3002, pc=0x002056D0, major=6, minor=2
         - VerifyOpcodeF3@inst.zir:97
           cycle=19730, step=3002, pc=0x002056D0, major=6, minor=2
       Global: memory permutation violated
         x12/a2: unexpected write 0x00221000 (cycle 39448)
         0x0021AD38 (code): expected write missing, needed 0x073afa63 (cycle 16194)
       Global: cycle lookup violated (3 indices broken)
         index 11: 211 provides, 1 uses (imbalanced)
         index 12: 188 provides, 1 uses (imbalanced)
         index 23266: 1 provides, 1 uses (imbalanced)
  [81] ✓ INSTR_TYPE_MOD @ step 1575: 5 failures, 3195ms, outcome: REJECTED, exit: 101 [proof:GENERATED] [+48 touch] G=memory
       r=0.094  T_new=0.75 F_new=0.97 F_rare=1.00 U=0 Q=0.14 Q_l=0.19 Q_g=0.72 dl=5 dg=2
       Value: 0x00050002 -> 0x00040004
       Original: Lw [major=5, minor=2]
       Mutated:  Div [major=4, minor=4]
       zkVM errors (3 lines):
         • [prover_impl.rs:280] verify segment (internal proof verification failed)
         • [ffi.cpp:113] address mismatch at cycle 18219: preflight=0x0008006d, actual=0x3fffc034
         • [kernels/cxx/ffi.cpp:208] SKIP THROW: memory peek not in preflight
       Local constraints hit (5 unique):
         - MemoryWrite@mem.zir:100
           cycle=18219, step=1575, pc=0x00202EC0, major=4, minor=4
         - MemoryWrite@mem.zir:99
           cycle=18219, step=1575, pc=0x00202EC0, major=4, minor=4
         - VerifyOpcodeF3F7@inst.zir:102
           cycle=18219, step=1575, pc=0x00202EC0, major=4, minor=4
         - VerifyOpcodeF3F7@inst.zir:103
           cycle=18219, step=1575, pc=0x00202EC0, major=4, minor=4
         - VerifyOpcodeF3F7@inst.zir:104
           cycle=18219, step=1575, pc=0x00202EC0, major=4, minor=4
       Global: memory permutation violated
         0x002001B4 (data): unexpected write 0x0022133c (cycle 35949)
         x20/s4: expected write missing, needed 0x0022133c (cycle 35949)
  [82] ✓ INSTR_TYPE_MOD @ step 821: 2 failures, 3155ms, outcome: REJECTED, exit: 101 [proof:GENERATED]
       r=0.089  T_new=0.00 F_new=0.00 F_rare=0.71 U=0 Q=0.51 Q_l=0.51 Q_g=1.00 dl=2 dg=0
       Value: 0x00000007 -> 0x00000001
       Original: AddI [major=0, minor=7]
       Mutated:  Sub [major=0, minor=1]
       zkVM errors (1 lines):
         • [prover_impl.rs:280] verify segment (internal proof verification failed)
       Local constraints hit (2 unique):
         - VerifyOpcodeF3F7@inst.zir:102
           cycle=17442, step=821, pc=0x00206168, major=0, minor=1
         - VerifyOpcodeF3F7@inst.zir:104
           cycle=17442, step=821, pc=0x00206168, major=0, minor=1
       Global: no permutation/lookup violations (local-only)
  [83] ✓ INSTR_TYPE_MOD @ step 3540: 3 failures, 3173ms, outcome: REJECTED, exit: 101 [proof:GENERATED]
       r=0.105  T_new=0.00 F_new=0.39 F_rare=0.79 U=0 Q=0.37 Q_l=0.37 Q_g=1.00 dl=3 dg=0
       Value: 0x00050002 -> 0x00050003
       Original: Lw [major=5, minor=2]
       Mutated:  LbU [major=5, minor=3]
       zkVM errors (1 lines):
         • [prover_impl.rs:280] verify segment (internal proof verification failed)
       Local constraints hit (3 unique):
         - MemoryWrite@mem.zir:100
           cycle=20342, step=3540, pc=0xC000017C, major=5, minor=3
         - MemoryWrite@mem.zir:99
           cycle=20342, step=3540, pc=0xC000017C, major=5, minor=3
         - VerifyOpcodeF3@inst.zir:97
           cycle=20342, step=3540, pc=0xC000017C, major=5, minor=3
       Global: no permutation/lookup violations (local-only)
  [84] ✓ MEM_VAL_MOD @ step 443: 4 failures, 3207ms, outcome: REJECTED, exit: 101 [proof:GENERATED] G=memory
       r=0.068  T_new=0.00 F_new=0.78 F_rare=1.00 U=0 Q=0.16 Q_l=0.26 Q_g=0.61 dl=4 dg=3
       Value: 0xFFFF0080 -> 0x0000FFFF
       Transaction: load_mem_read (READ) at address 0xffff0010
       zkVM errors (3 lines):
         • [prover_impl.rs:280] verify segment (internal proof verification failed)
         • [ffi.cpp:113] address mismatch at cycle 17034: preflight=0x3fffc02b, actual=0x0000400a
         • [kernels/cxx/ffi.cpp:208] SKIP THROW: memory peek not in preflight
       Local constraints hit (4 unique):
         - IsRead@mem.zir:79
           cycle=17034, step=443, pc=0xC0000144, major=5, minor=2
         - IsRead@mem.zir:80
           cycle=17034, step=443, pc=0xC0000144, major=5, minor=2
         - OpLW@inst_mem.zir:108
           cycle=17034, step=443, pc=0xC0000144, major=5, minor=2
         - OpLW@inst_mem.zir:109
           cycle=17034, step=443, pc=0xC0000144, major=5, minor=2
       Global: memory permutation violated
         0x00010028 (data): expected write missing, needed 0x00000001 (cycle 34043)
         0xFFFF0010 (data): wrote 0x0000ffff, expected 0xffff0080 (cycle 34068)
         x11/a1: unexpected write 0x00000001 (cycle 34043)
  [85] ✓ MEM_VAL_MOD @ step 1648: 2 failures, 3205ms, outcome: REJECTED, exit: 101 [proof:GENERATED] G=memory
       r=0.117  T_new=0.00 F_new=0.39 F_rare=0.72 U=0 Q=0.43 Q_l=0.51 Q_g=0.85 dl=2 dg=1
       Value: 0x00000000 -> 0xBFB2638F
       Transaction: store_rmw_read (READ) at address 0x002000cc
       zkVM errors (1 lines):
         • [prover_impl.rs:280] verify segment (internal proof verification failed)
       Local constraints hit (2 unique):
         - IsRead@mem.zir:79
           cycle=18292, step=1648, pc=0x0020AF04, major=6, minor=2
         - IsRead@mem.zir:80
           cycle=18292, step=1648, pc=0x0020AF04, major=6, minor=2
       Global: memory permutation violated
         0x002000CC (data): wrote 0xbfb2638f, expected 0x00000000 (cycle 36584)
  [86] ✓ INSTR_TYPE_MOD @ step 3891: 5 failures, 3204ms, outcome: REJECTED, exit: 101 [proof:GENERATED] G=memory
       r=0.033  T_new=0.00 F_new=0.98 F_rare=1.00 U=0 Q=0.07 Q_l=0.19 Q_g=0.37 dl=5 dg=6
       Value: 0x00020004 -> 0x00010004
       Original: JalR [major=2, minor=4]
       Mutated:  SltIU [major=1, minor=4]
       zkVM errors (3 lines):
         • [prover_impl.rs:280] verify segment (internal proof verification failed)
         • [ffi.cpp:113] address mismatch at cycle 20842: preflight=0x00081818, actual=0x000805ec
         • [kernels/cxx/buffers.h:43] SKIP THROW: Inconsistent set
       Local constraints hit (4 unique):
         - MemoryWrite@mem.zir:100
           cycle=20841, step=3891, pc=0x00206060, major=1, minor=4
         - MemoryWrite@mem.zir:99 (x2)
           cycle=20841, step=3891, pc=0x00206060, major=1, minor=4
         - VerifyOpcodeF3@inst.zir:96
           cycle=20841, step=3891, pc=0x00206060, major=1, minor=4
         - VerifyOpcodeF3@inst.zir:97
           cycle=20841, step=3891, pc=0x00206060, major=1, minor=4
       Global: memory permutation violated
         0x002017B0 (code): expected write missing, needed 0x00851513 (cycle 17746)
         0x002017B4 (code): expected write missing, needed 0x00000293 (cycle 17746)
         0x002017B8 (code): expected write missing, needed 0x00000073 (cycle 17746)
         0x00206060 (code): unexpected write 0x00851513 (cycle 17746)
         0x00206064 (code): unexpected write 0x00000293 (cycle 17746)
         0x00206068 (code): unexpected write 0x00000073 (cycle 17746)
  [87] ✓ INSTR_WORD_MOD_FULL @ step 1790: 1 failures, 3195ms, outcome: REJECTED, exit: 101 [proof:GENERATED] G=memory
       r=0.184  T_new=0.00 F_new=0.78 F_rare=1.00 U=0 Q=0.43 Q_l=0.72 Q_g=0.61 dl=1 dg=3
       Value: 0x00150513 -> 0x00050513
       Original: ADDI x10, x10, 1
       Mutated:  ADDI x10, x10, 0
       zkVM errors (3 lines):
         • [prover_impl.rs:280] verify segment (internal proof verification failed)
         • [ffi.cpp:113] address mismatch at cycle 18434: preflight=0x3fffc021, actual=0x3fffc020
         • [kernels/cxx/ffi.cpp:208] SKIP THROW: memory peek not in preflight
       Local constraints hit (1 unique):
         - MemoryWrite@mem.zir:99
           cycle=18434, step=1790, pc=0x002184D4, major=0, minor=7
       Global: memory permutation violated
         x0/zero: expected write missing, needed 0x00205fd0 (cycle 36864)
         x1/ra: unexpected write 0x00205fd0 (cycle 36864)
         0x002184D0 (code): wrote 0x00150513, expected 0x00050513 (cycle 36854)
  [88] ✓ PRE_EXEC_REG_MOD @ step 3049: 2 failures, 3243ms, outcome: REJECTED, exit: 101 [proof:GENERATED] G=memory
       r=0.184  T_new=0.00 F_new=0.78 F_rare=1.00 U=0 Q=0.43 Q_l=0.51 Q_g=0.85 dl=2 dg=1
       Value: 0x00000033 -> 0x20000000
       Register: x12 (a2), READ, strategy=next_read
       zkVM errors (1 lines):
         • [prover_impl.rs:280] verify segment (internal proof verification failed)
       Local constraints hit (2 unique):
         - IsRead@mem.zir:79
           cycle=19777, step=3049, pc=0x00203200, major=1, minor=5
         - IsRead@mem.zir:80
           cycle=19777, step=3049, pc=0x00203200, major=1, minor=5
       Global: memory permutation violated
         x12/a2: wrote 0x20000000, expected 0x00000033 (cycle 39554)
  [89] ✓ INSTR_TYPE_MOD @ step 1193: 4 failures, 3297ms, outcome: REJECTED, exit: 101 [proof:GENERATED] [+41 touch] G=memory|cycle
       r=0.079  T_new=0.69 F_new=0.98 F_rare=1.00 U=0 Q=0.11 Q_l=0.26 Q_g=0.43 dl=4 dg=5
       Value: 0x00060000 -> 0x00030000
       Original: Sb [major=6, minor=0]
       Mutated:  Sll [major=3, minor=0]
       zkVM errors (3 lines):
         • [prover_impl.rs:280] verify segment (internal proof verification failed)
         • [ffi.cpp:113] address mismatch at cycle 17837: preflight=0x00088503, actual=0x3fffc02c
         • [kernels/cxx/ffi.cpp:208] SKIP THROW: memory peek not in preflight
       Local constraints hit (4 unique):
         - MemoryWrite@mem.zir:100
           cycle=17837, step=1193, pc=0x00209C54, major=3, minor=0
         - MemoryWrite@mem.zir:99
           cycle=17837, step=1193, pc=0x00209C54, major=3, minor=0
         - VerifyOpcodeF3F7@inst.zir:102
           cycle=17837, step=1193, pc=0x00209C54, major=3, minor=0
         - VerifyOpcodeF3F7@inst.zir:103
           cycle=17837, step=1193, pc=0x00209C54, major=3, minor=0
       Global: memory permutation violated
         x12/a2: expected write missing, needed 0x00000000 (cycle 29278)
         0x0022140C (code): unexpected write 0x00000000 (cycle 29278)
       Global: cycle lookup violated (3 indices broken)
         index 0: 2254 provides, 1 uses (imbalanced)
         index 6395: orphan use (1 entries, no matching provide)
         index 6396: 1 provides, 1 uses (imbalanced)
  [90] ✓ MEM_VAL_MOD @ step 1072: 9 failures, 3219ms, outcome: REJECTED, exit: 101 [proof:GENERATED] G=memory
       r=0.004  T_new=0.00 F_new=1.00 F_rare=1.00 U=0 Q=0.01 Q_l=0.05 Q_g=0.19 dl=9 dg=10
       Value: 0xC0000070 -> 0x33D4BD7A
       Transaction: other_mem_read (READ) at address 0xffff1000
       zkVM errors (3 lines):
         • [prover_impl.rs:280] verify segment (internal proof verification failed)
         • [ffi.cpp:113] address mismatch at cycle 17712: preflight=0x3000001c, actual=0x0cf52f5e
         • [kernels/cxx/buffers.h:43] SKIP THROW: Inconsistent set
       Local constraints hit (5 unique):
         - DecodeInst@inst.zir:29 (x5)
           cycle=17712, step=1073, pc=0xC0000074, major=5, minor=2
         - IsRead@mem.zir:79
           cycle=17711, step=1072, pc=0xC0000070, major=7, minor=2
         - IsRead@mem.zir:80
           cycle=17711, step=1072, pc=0xC0000070, major=7, minor=2
         - MemoryWrite@mem.zir:100
           cycle=17716, step=1077, pc=0xC0000058, major=2, minor=4
         - MemoryWrite@mem.zir:99
           cycle=17716, step=1077, pc=0xC0000058, major=2, minor=4
       Global: memory permutation violated (11 addrs: 11 data)
         0x33D4BD78 (data): expected write missing, needed 0x01422503 (cycle 35232)
         0x33D4BD7C (data): expected write missing, needed 0x01255863 (cycle 35234)
         0x33D4BD80 (data): expected write missing, needed 0x00251513 (cycle 35236)
         + 8 more addresses
  [91] ✓ INSTR_WORD_MOD_SUR @ step 1858: 0 failures, 3219ms, outcome: REJECTED, exit: 101 [proof:GENERATED] G=memory[GO]
       r=0.257  T_new=0.00 F_new=0.78 F_rare=1.00 U=0 Q=0.61 Q_l=1.00 Q_g=0.61 dl=0 dg=3
       Value: 0x00C12983 -> 0x00C12203
       Surgical: rd = 19 -> 4
       Original: LW x19, 12(x2)
       Mutated:  LW x4, 12(x2)
       zkVM errors (3 lines):
         • [prover_impl.rs:280] verify segment (internal proof verification failed)
         • [ffi.cpp:113] address mismatch at cycle 18507: preflight=0x3fffc033, actual=0x3fffc024
         • [kernels/cxx/ffi.cpp:208] SKIP THROW: memory peek not in preflight
       Global: memory permutation violated [GLOBAL-ONLY]
         x4/tp: expected write missing, needed 0x00000000 (cycle 36954)
         x19/s3: unexpected write 0x00000000 (cycle 36954)
         0x00206004 (code): wrote 0x00c12983, expected 0x00c12203 (cycle 17686)
  [92] ✓ INSTR_TYPE_MOD @ step 3816: 4 failures, 3177ms, outcome: REJECTED, exit: 101 [proof:GENERATED] G=memory
       r=0.080  T_new=0.00 F_new=0.78 F_rare=1.00 U=0 Q=0.19 Q_l=0.26 Q_g=0.72 dl=4 dg=2
       Value: 0x00050002 -> 0x00000003
       Original: Lw [major=5, minor=2]
       Mutated:  Or [major=0, minor=3]
       zkVM errors (3 lines):
         • [prover_impl.rs:280] verify segment (internal proof verification failed)
         • [ffi.cpp:113] address mismatch at cycle 20766: preflight=0x00080067, actual=0x3fffc03c
         • [kernels/cxx/ffi.cpp:208] SKIP THROW: memory peek not in preflight
       Local constraints hit (4 unique):
         - MemoryWrite@mem.zir:99
           cycle=20766, step=3816, pc=0x00205820, major=0, minor=3
         - VerifyOpcodeF3F7@inst.zir:102
           cycle=20766, step=3816, pc=0x00205820, major=0, minor=3
         - VerifyOpcodeF3F7@inst.zir:103
           cycle=20766, step=3816, pc=0x00205820, major=0, minor=3
         - VerifyOpcodeF3F7@inst.zir:104
           cycle=20766, step=3816, pc=0x00205820, major=0, minor=3
       Global: memory permutation violated
         0x0020019C (data): unexpected write 0x00205460 (cycle 40899)
         x28/t3: expected write missing, needed 0x00205460 (cycle 40899)
  [93] ✓ STORE_OUT_MOD @ step 1667: 1 failures, 3208ms, outcome: REJECTED, exit: 101 [proof:GENERATED] G=memory
       r=0.163  T_new=0.00 F_new=0.39 F_rare=0.72 U=0 Q=0.61 Q_l=0.72 Q_g=0.85 dl=1 dg=1
       Value: 0x00000000 -> 0x00000100
       Store address: 0x00200090
       zkVM errors (1 lines):
         • [prover_impl.rs:280] verify segment (internal proof verification failed)
       Local constraints hit (1 unique):
         - MemoryWrite@mem.zir:99
           cycle=18311, step=1667, pc=0x002096C4, major=6, minor=2
       Global: memory permutation violated
         0x00200090 (data): wrote 0x00000100, expected 0x00000000 (cycle 36623)
  [94] ✓ INSTR_TYPE_MOD @ step 3551: 3 failures, 3185ms, outcome: REJECTED, exit: 101 [proof:GENERATED]
       r=0.156  T_new=0.00 F_new=0.78 F_rare=1.00 U=0 Q=0.37 Q_l=0.37 Q_g=1.00 dl=3 dg=0
       Value: 0x00000007 -> 0x00030002
       Original: AddI [major=0, minor=7]
       Mutated:  Mul [major=3, minor=2]
       zkVM errors (1 lines):
         • [prover_impl.rs:280] verify segment (internal proof verification failed)
       Local constraints hit (3 unique):
         - MemoryWrite@mem.zir:99
           cycle=20353, step=3551, pc=0xC0000538, major=3, minor=2
         - VerifyOpcodeF3F7@inst.zir:102
           cycle=20353, step=3551, pc=0xC0000538, major=3, minor=2
         - VerifyOpcodeF3F7@inst.zir:104
           cycle=20353, step=3551, pc=0xC0000538, major=3, minor=2
       Global: no permutation/lookup violations (local-only)
  [95] ✓ INSTR_TYPE_MOD @ step 316: 3 failures, 3183ms, outcome: REJECTED, exit: 101 [proof:GENERATED]
       r=0.077  T_new=0.00 F_new=0.00 F_rare=0.71 U=0 Q=0.37 Q_l=0.37 Q_g=1.00 dl=3 dg=0
       Value: 0x00010006 -> 0x00010003
       Original: Bne [major=1, minor=6]
       Mutated:  SltI [major=1, minor=3]
       zkVM errors (1 lines):
         • [prover_impl.rs:280] verify segment (internal proof verification failed)
       Local constraints hit (3 unique):
         - MemoryWrite@mem.zir:99
           cycle=16901, step=316, pc=0x0020085C, major=1, minor=3
         - VerifyOpcodeF3@inst.zir:96
           cycle=16901, step=316, pc=0x0020085C, major=1, minor=3
         - VerifyOpcodeF3@inst.zir:97
           cycle=16901, step=316, pc=0x0020085C, major=1, minor=3
       Global: no permutation/lookup violations (local-only)
  [96] ✓ MEM_VAL_MOD @ step 3929: 0 failures, 3205ms, outcome: REJECTED, exit: 101 [proof:GENERATED] G=memory[GO]
       r=0.283  T_new=0.00 F_new=0.39 F_rare=1.00 U=0 Q=0.85 Q_l=1.00 Q_g=0.85 dl=0 dg=1
       Value: 0x06EEEA3D -> 0x3B28BA76
       Transaction: other_mem_read (READ) at address 0x10fc00058
       zkVM errors (2 lines):
         • [prover_impl.rs:280] verify segment (internal proof verification failed)
         • [kernels/cxx/buffers.h:43] SKIP THROW: Inconsistent set
       Global: memory permutation violated [GLOBAL-ONLY]
         0x10FC00058 (data): wrote 0x3b28ba76, expected 0x06eeea3d (cycle 45512)
  [97] ✓ MEM_VAL_MOD @ step 3869: 4 failures, 3209ms, outcome: REJECTED, exit: 101 [proof:GENERATED] G=memory
       r=0.061  T_new=0.00 F_new=0.39 F_rare=0.75 U=0 Q=0.22 Q_l=0.26 Q_g=0.85 dl=4 dg=1
       Value: 0x00000000 -> 0x80629121
       Transaction: load_mem_read (READ) at address 0x0020020c
       zkVM errors (1 lines):
         • [prover_impl.rs:280] verify segment (internal proof verification failed)
       Local constraints hit (4 unique):
         - IsRead@mem.zir:79
           cycle=20819, step=3869, pc=0x00204DA8, major=5, minor=2
         - IsRead@mem.zir:80
           cycle=20819, step=3869, pc=0x00204DA8, major=5, minor=2
         - MemoryWrite@mem.zir:100
           cycle=20819, step=3869, pc=0x00204DA8, major=5, minor=2
         - MemoryWrite@mem.zir:99
           cycle=20819, step=3869, pc=0x00204DA8, major=5, minor=2
       Global: memory permutation violated
         0x0020020C (data): wrote 0x80629121, expected 0x00000000 (cycle 41638)
  [98] ✓ MEM_VAL_MOD @ step 514: 1 failures, 3193ms, outcome: REJECTED, exit: 101 [proof:GENERATED] G=memory
       r=0.237  T_new=0.00 F_new=0.63 F_rare=1.00 U=0 Q=0.61 Q_l=0.72 Q_g=0.85 dl=1 dg=1
       Value: 0x00000008 -> 0x00000006
       Transaction: other_mem_write (WRITE) at address 0xffff0028
       zkVM errors (1 lines):
         • [prover_impl.rs:280] verify segment (internal proof verification failed)
       Local constraints hit (1 unique):
         - MemoryWrite@mem.zir:99
           cycle=17111, step=514, pc=0xC000007C, major=3, minor=1
       Global: memory permutation violated
         0xFFFF0028 (data): wrote 0x00000006, expected 0x00000008 (cycle 34223)
  [99] 💥 INSTR_TYPE_MOD @ step 1765: 8 failures, 543ms, outcome: CRASH, exit: -11 [proof:NOT_GENERATED]
       r=0.000  T_new=0.00 F_new=0.00 F_rare=0.00 U=0 Q=0.00 Q_l=0.00 Q_g=1.00 dl=0 dg=0
       Value: 0x00050003 -> 0x00000008
       Original: LbU [major=5, minor=3]
       Mutated:  XorI [major=0, minor=8] ⚠INVALID
       zkVM errors (2 lines):
         • [ffi.cpp:113] address mismatch at cycle 18409: preflight=0x00086ea0, actual=0x3fffc020
         • [kernels/cxx/ffi.cpp:208] SKIP THROW: memory peek not in preflight
       Local constraints hit (4 unique):
         - AddrDecompose@u32.zir:67 (x5)
           cycle=18410, step=1766, pc=0x002184C8, major=1, minor=6
         - MemoryWrite@mem.zir:99
           cycle=18409, step=1765, pc=0x002184C4, major=0, minor=8
         - OneHot@one_hot.zir:11
           cycle=18409, step=1765, pc=0x002184C4, major=0, minor=8
         - OneHot@one_hot.zir:9
           cycle=18409, step=1765, pc=0x002184C4, major=0, minor=8
       Global: no permutation/lookup violations (local-only)
  [100] ✓ INSTR_TYPE_MOD @ step 0: 5 failures, 3444ms, outcome: REJECTED, exit: 101 [proof:GENERATED] [+1 touch] G=memory|cycle
       r=0.046  T_new=0.03 F_new=0.63 F_rare=1.00 U=0 Q=0.11 Q_l=0.19 Q_g=0.61 dl=5 dg=3
       Value: 0x00020006 -> 0x00020003
       Original: Auipc [major=2, minor=6]
       Mutated:  Jal [major=2, minor=3]
       zkVM errors (3 lines):
         • [prover_impl.rs:280] verify segment (internal proof verification failed)
         • [ffi.cpp:113] address mismatch at cycle 0: preflight=0x44000000, actual=0x00000000
         • [kernels/cxx/ffi.cpp:208] SKIP THROW: memory peek not in preflight
       Local constraints hit (5 unique):
         - AddrDecompose@u32.zir:67
           cycle=0, step=0, pc=0x00000000, major=2, minor=3
         - ControlLoadRootAndNonce@inst_control.zir:23
           cycle=1, step=0, pc=0x00000000, major=7, minor=0
         - MemoryWrite@mem.zir:99
           cycle=0, step=0, pc=0x00000000, major=2, minor=3
         - MiscInput@inst_misc.zir:7
           cycle=0, step=0, pc=0x00000000, major=2, minor=3
         - VerifyOpcode@inst.zir:91
           cycle=0, step=0, pc=0x00000000, major=2, minor=3
       Global: memory permutation violated
         0xFFFF0100 (data): expected write missing, needed 0x00000000 (cycle 0)
       Global: cycle lookup violated (2 indices broken)
         index 0: 2256 provides, 1 uses (imbalanced)
         index 2013265920: orphan provide (2 entries, no matching use)
  [101] ✓ INSTR_TYPE_MOD @ step 3928: 2 failures, 3196ms, outcome: REJECTED, exit: 101 [proof:GENERATED] [+39 touch]
       r=0.309  T_new=0.67 F_new=0.63 F_rare=1.00 U=0 Q=0.51 Q_l=0.51 Q_g=1.00 dl=2 dg=0
       Value: 0x00000007 -> 0x00000005
       Original: AddI [major=0, minor=7]
       Mutated:  Slt [major=0, minor=5]
       zkVM errors (1 lines):
         • [prover_impl.rs:280] verify segment (internal proof verification failed)
       Local constraints hit (2 unique):
         - VerifyOpcodeF3F7@inst.zir:102
           cycle=20878, step=3928, pc=0xC00000F8, major=0, minor=5
         - VerifyOpcodeF3F7@inst.zir:103
           cycle=20878, step=3928, pc=0xC00000F8, major=0, minor=5
       Global: no permutation/lookup violations (local-only)
  [102] ✓ INSTR_TYPE_MOD @ step 2746: 1 failures, 3174ms, outcome: REJECTED, exit: 101 [proof:GENERATED]
       r=0.239  T_new=0.00 F_new=0.39 F_rare=1.00 U=0 Q=0.72 Q_l=0.72 Q_g=1.00 dl=1 dg=0
       Value: 0x00060002 -> 0x00060000
       Original: Sw [major=6, minor=2]
       Mutated:  Sb [major=6, minor=0]
       zkVM errors (1 lines):
         • [prover_impl.rs:280] verify segment (internal proof verification failed)
       Local constraints hit (1 unique):
         - VerifyOpcodeF3@inst.zir:97
           cycle=19474, step=2746, pc=0x002016F4, major=6, minor=0
       Global: no permutation/lookup violations (local-only)
  [103] ✓ INSTR_TYPE_MOD @ step 2241: 5 failures, 3238ms, outcome: REJECTED, exit: 101 [proof:GENERATED] G=memory|cycle
       r=0.041  T_new=0.00 F_new=0.95 F_rare=1.00 U=0 Q=0.08 Q_l=0.19 Q_g=0.43 dl=5 dg=5
       Value: 0x00060002 -> 0x00040006
       Original: Sw [major=6, minor=2]
       Mutated:  Rem [major=4, minor=6]
       zkVM errors (3 lines):
         • [prover_impl.rs:280] verify segment (internal proof verification failed)
         • [ffi.cpp:113] address mismatch at cycle 18895: preflight=0x000800c1, actual=0x3fffc024
         • [kernels/cxx/ffi.cpp:208] SKIP THROW: memory peek not in preflight
       Local constraints hit (5 unique):
         - MemoryWrite@mem.zir:100
           cycle=18895, step=2241, pc=0x00203430, major=4, minor=6
         - MemoryWrite@mem.zir:99
           cycle=18895, step=2241, pc=0x00203430, major=4, minor=6
         - VerifyOpcodeF3F7@inst.zir:102
           cycle=18895, step=2241, pc=0x00203430, major=4, minor=6
         - VerifyOpcodeF3F7@inst.zir:103
           cycle=18895, step=2241, pc=0x00203430, major=4, minor=6
         - VerifyOpcodeF3F7@inst.zir:104
           cycle=18895, step=2241, pc=0x00203430, major=4, minor=6
       Global: memory permutation violated
         0x00200304 (data): unexpected write 0x00000004 (cycle 36450)
         x4/tp: expected write missing, needed 0x00000004 (cycle 36450)
       Global: cycle lookup violated (3 indices broken)
         index 0: 2254 provides, 1 uses (imbalanced)
         index 1339: 3 provides, 1 uses (imbalanced)
         index 1340: 1 provides, 1 uses (imbalanced)
  [104] ✓ MEM_VAL_MOD @ step 1531: 3 failures, 3211ms, outcome: REJECTED, exit: 101 [proof:GENERATED] G=memory
       r=0.093  T_new=0.00 F_new=0.39 F_rare=0.85 U=0 Q=0.31 Q_l=0.37 Q_g=0.85 dl=3 dg=1
       Value: 0xABD9831F -> 0xC5E7A9B2
       Transaction: load_mem_read (READ) at address 0x00200328
       zkVM errors (1 lines):
         • [prover_impl.rs:280] verify segment (internal proof verification failed)
       Local constraints hit (3 unique):
         - IsRead@mem.zir:79
           cycle=18175, step=1531, pc=0x002184C0, major=5, minor=3
         - IsRead@mem.zir:80
           cycle=18175, step=1531, pc=0x002184C0, major=5, minor=3
         - MemoryWrite@mem.zir:99
           cycle=18175, step=1531, pc=0x002184C0, major=5, minor=3
       Global: memory permutation violated
         0x00200328 (data): wrote 0xc5e7a9b2, expected 0xabd9831f (cycle 36350)
  [105] ✓ PRE_EXEC_REG_MOD @ step 2286: 2 failures, 3197ms, outcome: REJECTED, exit: 101 [proof:GENERATED] G=memory
       r=0.132  T_new=0.00 F_new=0.78 F_rare=1.00 U=0 Q=0.31 Q_l=0.51 Q_g=0.61 dl=2 dg=3
       Value: 0x002213EC -> 0x20000000
       Register: x14 (a4), READ, strategy=next_read
       zkVM errors (3 lines):
         • [prover_impl.rs:280] verify segment (internal proof verification failed)
         • [ffi.cpp:113] address mismatch at cycle 18940: preflight=0x000884fb, actual=0x08000000
         • [kernels/cxx/ffi.cpp:208] SKIP THROW: memory peek not in preflight
       Local constraints hit (2 unique):
         - IsRead@mem.zir:79
           cycle=18940, step=2286, pc=0x00203454, major=5, minor=2
         - IsRead@mem.zir:80
           cycle=18940, step=2286, pc=0x00203454, major=5, minor=2
       Global: memory permutation violated
         0x20000000 (data): expected write missing, needed 0x00000000 (cycle 33313)
         x14/a4: wrote 0x20000000, expected 0x002213ec (cycle 37880)
         0x002213EC (code): unexpected write 0x00000000 (cycle 33313)
  [106] ✓ PRE_EXEC_REG_MOD @ step 1707: 2 failures, 3207ms, outcome: REJECTED, exit: 101 [proof:GENERATED] G=memory
       r=0.184  T_new=0.00 F_new=0.78 F_rare=1.00 U=0 Q=0.43 Q_l=0.51 Q_g=0.85 dl=2 dg=1
       Value: 0x00000000 -> 0x1BEBA342
       Register: x0 (zero), READ, strategy=next_read
       zkVM errors (1 lines):
         • [prover_impl.rs:280] verify segment (internal proof verification failed)
       Local constraints hit (2 unique):
         - IsRead@mem.zir:79
           cycle=18351, step=1707, pc=0x002184BC, major=1, minor=6
         - IsRead@mem.zir:80
           cycle=18351, step=1707, pc=0x002184BC, major=1, minor=6
       Global: memory permutation violated
         x0/zero: wrote 0x1beba342, expected 0x00000000 (cycle 36702)
  [107] ✓ PRE_EXEC_REG_MOD @ step 1859: 4 failures, 3180ms, outcome: REJECTED, exit: 101 [proof:GENERATED] G=memory
       r=0.060  T_new=0.00 F_new=0.39 F_rare=0.72 U=0 Q=0.22 Q_l=0.26 Q_g=0.85 dl=4 dg=1
       Value: 0x00200060 -> 0x0B8815C3
       Register: x2 (sp), READ, strategy=next_read
       zkVM errors (1 lines):
         • [prover_impl.rs:280] verify segment (internal proof verification failed)
       Local constraints hit (4 unique):
         - IsRead@mem.zir:79
           cycle=18508, step=1859, pc=0x0020600C, major=0, minor=7
         - IsRead@mem.zir:80
           cycle=18508, step=1859, pc=0x0020600C, major=0, minor=7
         - MemoryWrite@mem.zir:100
           cycle=18508, step=1859, pc=0x0020600C, major=0, minor=7
         - MemoryWrite@mem.zir:99
           cycle=18508, step=1859, pc=0x0020600C, major=0, minor=7
       Global: memory permutation violated
         x2/sp: wrote 0x0b8815c3, expected 0x00200060 (cycle 37016)
  [108] ✓ PRE_EXEC_REG_MOD @ step 1189: 4 failures, 3208ms, outcome: REJECTED, exit: 101 [proof:GENERATED] G=memory
       r=0.059  T_new=0.00 F_new=0.39 F_rare=0.70 U=0 Q=0.22 Q_l=0.26 Q_g=0.85 dl=4 dg=1
       Value: 0x00000000 -> 0x2BEDE9B6
       Register: x0 (zero), READ, strategy=next_read
       zkVM errors (1 lines):
         • [prover_impl.rs:280] verify segment (internal proof verification failed)
       Local constraints hit (4 unique):
         - IsRead@mem.zir:79
           cycle=17833, step=1189, pc=0x00209C44, major=0, minor=7
         - IsRead@mem.zir:80
           cycle=17833, step=1189, pc=0x00209C44, major=0, minor=7
         - MemoryWrite@mem.zir:100
           cycle=17833, step=1189, pc=0x00209C44, major=0, minor=7
         - MemoryWrite@mem.zir:99
           cycle=17833, step=1189, pc=0x00209C44, major=0, minor=7
       Global: memory permutation violated
         x0/zero: wrote 0x2bede9b6, expected 0x00000000 (cycle 35666)
  [109] ✓ LOAD_VAL_MOD @ step 1447: 2 failures, 3208ms, outcome: REJECTED, exit: 101 [proof:GENERATED] G=memory
       r=0.119  T_new=0.00 F_new=0.39 F_rare=0.75 U=0 Q=0.43 Q_l=0.51 Q_g=0.85 dl=2 dg=1
       Value: 0x0000003A -> 0x20000000
       Load destination: rd = x13 (a3)
       zkVM errors (1 lines):
         • [prover_impl.rs:280] verify segment (internal proof verification failed)
       Local constraints hit (2 unique):
         - MemoryWrite@mem.zir:100
           cycle=18091, step=1447, pc=0x002184C0, major=5, minor=3
         - MemoryWrite@mem.zir:99
           cycle=18091, step=1447, pc=0x002184C0, major=5, minor=3
       Global: memory permutation violated
         x13/a3: wrote 0x20000000, expected 0x0000003a (cycle 36183)
  [110] ✓ INSTR_TYPE_MOD @ step 3581: 3 failures, 3220ms, outcome: REJECTED, exit: 101 [proof:GENERATED]
       r=0.058  T_new=0.00 F_new=0.00 F_rare=0.64 U=0 Q=0.37 Q_l=0.37 Q_g=1.00 dl=3 dg=0
       Value: 0x00060002 -> 0x00060000
       Original: Sw [major=6, minor=2]
       Mutated:  Sb [major=6, minor=0]
       zkVM errors (1 lines):
         • [prover_impl.rs:280] verify segment (internal proof verification failed)
       Local constraints hit (3 unique):
         - MemoryWrite@mem.zir:100
           cycle=20457, step=3581, pc=0x00205638, major=6, minor=0
         - MemoryWrite@mem.zir:99
           cycle=20457, step=3581, pc=0x00205638, major=6, minor=0
         - VerifyOpcodeF3@inst.zir:97
           cycle=20457, step=3581, pc=0x00205638, major=6, minor=0
       Global: no permutation/lookup violations (local-only)
  [111] ✓ PRE_EXEC_REG_MOD @ step 2950: 2 failures, 3248ms, outcome: REJECTED, exit: 101 [proof:GENERATED] G=memory
       r=0.132  T_new=0.00 F_new=0.78 F_rare=1.00 U=0 Q=0.31 Q_l=0.51 Q_g=0.61 dl=2 dg=3
       Value: 0x00200160 -> 0x9BAF96C8
       Register: x2 (sp), READ, strategy=next_read
       zkVM errors (3 lines):
         • [prover_impl.rs:280] verify segment (internal proof verification failed)
         • [ffi.cpp:113] address mismatch at cycle 19678: preflight=0x0008005f, actual=0x26ebe5b9
         • [kernels/cxx/ffi.cpp:208] SKIP THROW: memory peek not in preflight
       Local constraints hit (2 unique):
         - IsRead@mem.zir:79
           cycle=19678, step=2950, pc=0x00205638, major=6, minor=2
         - IsRead@mem.zir:80
           cycle=19678, step=2950, pc=0x00205638, major=6, minor=2
       Global: memory permutation violated
         0x0020017C (data): unexpected write 0x00000000 (cycle 4382)
         0x9BAF96E4 (data): expected write missing, needed 0x00000000 (cycle 4382)
         x2/sp: wrote 0x9baf96c8, expected 0x00200160 (cycle 39356)
  [112] ✓ INSTR_TYPE_MOD @ step 2673: 5 failures, 3223ms, outcome: REJECTED, exit: 101 [proof:GENERATED] [+50 touch] G=memory
       r=0.095  T_new=0.76 F_new=0.97 F_rare=1.00 U=0 Q=0.14 Q_l=0.19 Q_g=0.72 dl=5 dg=2
       Value: 0x00050002 -> 0x00040001
       Original: Lw [major=5, minor=2]
       Mutated:  Sra [major=4, minor=1]
       zkVM errors (3 lines):
         • [prover_impl.rs:280] verify segment (internal proof verification failed)
         • [ffi.cpp:113] address mismatch at cycle 19401: preflight=0x000800bf, actual=0x3fffc02c
         • [kernels/cxx/ffi.cpp:208] SKIP THROW: memory peek not in preflight
       Local constraints hit (5 unique):
         - MemoryWrite@mem.zir:100
           cycle=19401, step=2673, pc=0x00205314, major=4, minor=1
         - MemoryWrite@mem.zir:99
           cycle=19401, step=2673, pc=0x00205314, major=4, minor=1
         - VerifyOpcodeF3F7@inst.zir:102
           cycle=19401, step=2673, pc=0x00205314, major=4, minor=1
         - VerifyOpcodeF3F7@inst.zir:103
           cycle=19401, step=2673, pc=0x00205314, major=4, minor=1
         - VerifyOpcodeF3F7@inst.zir:104
           cycle=19401, step=2673, pc=0x00205314, major=4, minor=1
       Global: memory permutation violated
         0x002002FC (data): unexpected write 0x002015cc (cycle 38693)
         x12/a2: expected write missing, needed 0x002015cc (cycle 38693)
  [113] ✓ INSTR_TYPE_MOD @ step 248: 5 failures, 3196ms, outcome: REJECTED, exit: 101 [proof:GENERATED] [+49 touch]
       r=0.130  T_new=0.75 F_new=0.92 F_rare=1.00 U=0 Q=0.19 Q_l=0.19 Q_g=1.00 dl=5 dg=0
       Value: 0x00000007 -> 0x00040007
       Original: AddI [major=0, minor=7]
       Mutated:  RemU [major=4, minor=7]
       zkVM errors (1 lines):
         • [prover_impl.rs:280] verify segment (internal proof verification failed)
       Local constraints hit (5 unique):
         - MemoryWrite@mem.zir:100
           cycle=16827, step=248, pc=0x0020318C, major=4, minor=7
         - MemoryWrite@mem.zir:99
           cycle=16827, step=248, pc=0x0020318C, major=4, minor=7
         - VerifyOpcodeF3F7@inst.zir:102
           cycle=16827, step=248, pc=0x0020318C, major=4, minor=7
         - VerifyOpcodeF3F7@inst.zir:103
           cycle=16827, step=248, pc=0x0020318C, major=4, minor=7
         - VerifyOpcodeF3F7@inst.zir:104
           cycle=16827, step=248, pc=0x0020318C, major=4, minor=7
       Global: no permutation/lookup violations (local-only)
  [114] ✓ INSTR_TYPE_MOD @ step 3627: 5 failures, 3235ms, outcome: REJECTED, exit: 101 [proof:GENERATED] G=memory|cycle
       r=0.036  T_new=0.00 F_new=0.86 F_rare=1.00 U=0 Q=0.08 Q_l=0.19 Q_g=0.43 dl=5 dg=5
       Value: 0x00060002 -> 0x00040002
       Original: Sw [major=6, minor=2]
       Mutated:  SrlI [major=4, minor=2]
       zkVM errors (3 lines):
         • [prover_impl.rs:280] verify segment (internal proof verification failed)
         • [ffi.cpp:113] address mismatch at cycle 20503: preflight=0x000884ff, actual=0x3fffc03c
         • [kernels/cxx/ffi.cpp:208] SKIP THROW: memory peek not in preflight
       Local constraints hit (5 unique):
         - MemoryWrite@mem.zir:100
           cycle=20503, step=3627, pc=0x00205E38, major=4, minor=2
         - MemoryWrite@mem.zir:99
           cycle=20503, step=3627, pc=0x00205E38, major=4, minor=2
         - VerifyOpcodeF3F7@inst.zir:102
           cycle=20503, step=3627, pc=0x00205E38, major=4, minor=2
         - VerifyOpcodeF3F7@inst.zir:103
           cycle=20503, step=3627, pc=0x00205E38, major=4, minor=2
         - VerifyOpcodeF3F7@inst.zir:104
           cycle=20503, step=3627, pc=0x00205E38, major=4, minor=2
       Global: memory permutation violated
         x28/t3: expected write missing, needed 0x00221610 (cycle 40972)
         0x002213FC (code): unexpected write 0x00221610 (cycle 40972)
       Global: cycle lookup violated (3 indices broken)
         index 0: 2254 provides, 1 uses (imbalanced)
         index 33: 36 provides, 1 uses (imbalanced)
         index 34: 25 provides, 1 uses (imbalanced)
  [115] ✓ PRE_EXEC_REG_MOD @ step 124: 2 failures, 3266ms, outcome: REJECTED, exit: 101 [proof:GENERATED] G=memory
       r=0.130  T_new=0.00 F_new=0.39 F_rare=0.85 U=0 Q=0.43 Q_l=0.51 Q_g=0.85 dl=2 dg=1
       Value: 0x00000000 -> 0x3A4A7F0E
       Register: x19 (s3), READ, strategy=next_read
       zkVM errors (1 lines):
         • [prover_impl.rs:280] verify segment (internal proof verification failed)
       Local constraints hit (2 unique):
         - IsRead@mem.zir:79
           cycle=16697, step=124, pc=0x002010B0, major=2, minor=5
         - IsRead@mem.zir:80
           cycle=16697, step=124, pc=0x002010B0, major=2, minor=5
       Global: memory permutation violated
         x19/s3: wrote 0x3a4a7f0e, expected 0x00000000 (cycle 33394)
  [116] ✓ INSTR_TYPE_MOD @ step 0: 6 failures, 3272ms, outcome: REJECTED, exit: 101 [proof:GENERATED] [+1 touch] G=memory|cycle
       r=0.037  T_new=0.03 F_new=0.86 F_rare=1.00 U=0 Q=0.08 Q_l=0.14 Q_g=0.61 dl=6 dg=3
       Value: 0x00020006 -> 0x00050003
       Original: Auipc [major=2, minor=6]
       Mutated:  LbU [major=5, minor=3]
       zkVM errors (3 lines):
         • [prover_impl.rs:280] verify segment (internal proof verification failed)
         • [ffi.cpp:113] address mismatch at cycle 0: preflight=0x44000000, actual=0x00000000
         • [kernels/cxx/ffi.cpp:208] SKIP THROW: memory peek not in preflight
       Local constraints hit (6 unique):
         - AddrDecompose@u32.zir:67
           cycle=0, step=0, pc=0x00000000, major=5, minor=3
         - AddrDecomposeBits@u32.zir:87
           cycle=0, step=0, pc=0x00000000, major=5, minor=3
         - ControlLoadRootAndNonce@inst_control.zir:23
           cycle=1, step=0, pc=0x00000000, major=7, minor=0
         - MemLoadInput@inst_mem.zir:8
           cycle=0, step=0, pc=0x00000000, major=5, minor=3
         - VerifyOpcodeF3@inst.zir:96
           cycle=0, step=0, pc=0x00000000, major=5, minor=3
         - VerifyOpcodeF3@inst.zir:97
           cycle=0, step=0, pc=0x00000000, major=5, minor=3
       Global: memory permutation violated
         0xFFFF0100 (data): expected write missing, needed 0x00000000 (cycle 0)
       Global: cycle lookup violated (2 indices broken)
         index 0: 2256 provides, 1 uses (imbalanced)
         index 2013265920: orphan provide (3 entries, no matching use)
  [117] ✓ INSTR_TYPE_MOD @ step 2698: 2 failures, 3189ms, outcome: REJECTED, exit: 101 [proof:GENERATED] [+31 touch]
       r=0.298  T_new=0.59 F_new=0.63 F_rare=1.00 U=0 Q=0.51 Q_l=0.51 Q_g=1.00 dl=2 dg=0
       Value: 0x00050002 -> 0x0005000A
       Original: Lw [major=5, minor=2]
       Mutated:  Sw [major=5, minor=10] ⚠INVALID
       zkVM errors (1 lines):
         • [prover_impl.rs:280] verify segment (internal proof verification failed)
       Local constraints hit (2 unique):
         - OneHot@one_hot.zir:11
           cycle=19426, step=2698, pc=0x00201624, major=5, minor=10
         - OneHot@one_hot.zir:9
           cycle=19426, step=2698, pc=0x00201624, major=5, minor=10
       Global: no permutation/lookup violations (local-only)
  [118] ✓ INSTR_TYPE_MOD @ step 2068: 5 failures, 3212ms, outcome: REJECTED, exit: 101 [proof:GENERATED] G=memory
       r=0.058  T_new=0.00 F_new=0.63 F_rare=1.00 U=0 Q=0.14 Q_l=0.19 Q_g=0.72 dl=5 dg=2
       Value: 0x00050002 -> 0x00040004
       Original: Lw [major=5, minor=2]
       Mutated:  Div [major=4, minor=4]
       zkVM errors (3 lines):
         • [prover_impl.rs:280] verify segment (internal proof verification failed)
         • [ffi.cpp:113] address mismatch at cycle 18722: preflight=0x00080025, actual=0x3fffc034
         • [kernels/cxx/ffi.cpp:208] SKIP THROW: memory peek not in preflight
       Local constraints hit (5 unique):
         - MemoryWrite@mem.zir:100
           cycle=18722, step=2068, pc=0x002097BC, major=4, minor=4
         - MemoryWrite@mem.zir:99
           cycle=18722, step=2068, pc=0x002097BC, major=4, minor=4
         - VerifyOpcodeF3F7@inst.zir:102
           cycle=18722, step=2068, pc=0x002097BC, major=4, minor=4
         - VerifyOpcodeF3F7@inst.zir:103
           cycle=18722, step=2068, pc=0x002097BC, major=4, minor=4
         - VerifyOpcodeF3F7@inst.zir:104
           cycle=18722, step=2068, pc=0x002097BC, major=4, minor=4
       Global: memory permutation violated
         0x00200094 (data): unexpected write 0x002000fc (cycle 37077)
         x20/s4: expected write missing, needed 0x002000fc (cycle 37077)
  [119] ✓ MEM_VAL_MOD @ step 2943: 1 failures, 3216ms, outcome: REJECTED, exit: 101 [proof:GENERATED] G=memory
       r=0.156  T_new=0.00 F_new=0.39 F_rare=0.68 U=0 Q=0.61 Q_l=0.72 Q_g=0.85 dl=1 dg=1
       Value: 0x00000000 -> 0x01000000
       Transaction: store_rmw_read (READ) at address 0x00200198
       zkVM errors (1 lines):
         • [prover_impl.rs:280] verify segment (internal proof verification failed)
       Local constraints hit (1 unique):
         - IsRead@mem.zir:80
           cycle=19671, step=2943, pc=0x0020561C, major=6, minor=2
       Global: memory permutation violated
         0x00200198 (data): wrote 0x01000000, expected 0x00000000 (cycle 39342)
  [120] ✓ INSTR_WORD_MOD_SUR @ step 314: 1 failures, 3282ms, outcome: REJECTED, exit: 101 [proof:GENERATED] G=memory
       r=0.181  T_new=0.00 F_new=0.39 F_rare=0.85 U=0 Q=0.61 Q_l=0.72 Q_g=0.85 dl=1 dg=1
       Value: 0x800005B7 -> 0x80000597
       Surgical: opcode = 55 -> 23
       Original: LUI x11, 0x80000000
       Mutated:  AUIPC x11, 0x80000000
       zkVM errors (1 lines):
         • [prover_impl.rs:280] verify segment (internal proof verification failed)
       Local constraints hit (1 unique):
         - VerifyOpcode@inst.zir:91
           cycle=16899, step=314, pc=0x00200854, major=2, minor=5
       Global: memory permutation violated
         0x00200850 (code): wrote 0x800005b7, expected 0x80000597 (cycle 4846)
  [121] ✓ INSTR_TYPE_MOD @ step 2636: 5 failures, 3262ms, outcome: REJECTED, exit: 101 [proof:GENERATED] G=memory|cycle
       r=0.037  T_new=0.00 F_new=0.92 F_rare=1.00 U=0 Q=0.08 Q_l=0.19 Q_g=0.43 dl=5 dg=5
       Value: 0x00000007 -> 0x00060000
       Original: AddI [major=0, minor=7]
       Mutated:  Sb [major=6, minor=0]
       zkVM errors (3 lines):
         • [prover_impl.rs:280] verify segment (internal proof verification failed)
         • [ffi.cpp:113] address mismatch at cycle 19364: preflight=0x3fffc02b, actual=0x00000002
         • [kernels/cxx/ffi.cpp:208] SKIP THROW: memory peek not in preflight
       Local constraints hit (5 unique):
         - AddrDecomposeBits@u32.zir:87
           cycle=19364, step=2636, pc=0x00203410, major=6, minor=0
         - IsRead@mem.zir:79
           cycle=19364, step=2636, pc=0x00203410, major=6, minor=0
         - MemoryWrite@mem.zir:100
           cycle=19364, step=2636, pc=0x00203410, major=6, minor=0
         - MemoryWrite@mem.zir:99
           cycle=19364, step=2636, pc=0x00203410, major=6, minor=0
         - VerifyOpcodeF3@inst.zir:96
           cycle=19364, step=2636, pc=0x00203410, major=6, minor=0
       Global: memory permutation violated
         0x00000008 (data): expected write missing, needed 0x02b66c63 (cycle 37776)
         x11/a1: unexpected write 0x00000000 (cycle 38726)
       Global: cycle lookup violated (3 indices broken)
         index 1: 1798 provides, 1 uses (imbalanced)
         index 2: 861 provides, 1 uses (imbalanced)
         index 952: 1 provides, 1 uses (imbalanced)
  [122] ✓ INSTR_TYPE_MOD @ step 1499: 6 failures, 3257ms, outcome: REJECTED, exit: 101 [proof:GENERATED] [+1 new] G=memory|cycle
       r=0.026  T_new=0.00 F_new=0.86 F_rare=1.00 U=0 Q=0.06 Q_l=0.14 Q_g=0.43 dl=6 dg=5
       Value: 0x00000007 -> 0x00060002
       Original: AddI [major=0, minor=7]
       Mutated:  Sw [major=6, minor=2]
       zkVM errors (3 lines):
         • [prover_impl.rs:280] verify segment (internal proof verification failed)
         • [ffi.cpp:113] address mismatch at cycle 18143: preflight=0x3fffc02b, actual=0x000867a5
         • [kernels/cxx/ffi.cpp:208] SKIP THROW: memory peek not in preflight
       Local constraints hit (6 unique):
         - IsRead@mem.zir:79
           cycle=18143, step=1499, pc=0x002184CC, major=6, minor=2
         - MemoryWrite@mem.zir:100
           cycle=18143, step=1499, pc=0x002184CC, major=6, minor=2
         - MemoryWrite@mem.zir:99
           cycle=18143, step=1499, pc=0x002184CC, major=6, minor=2
         - OpSW@inst_mem.zir:160
           cycle=18143, step=1499, pc=0x002184CC, major=6, minor=2
         - VerifyOpcodeF3@inst.zir:96
           cycle=18143, step=1499, pc=0x002184CC, major=6, minor=2
         - VerifyOpcodeF3@inst.zir:97
           cycle=18143, step=1499, pc=0x002184CC, major=6, minor=2
       Global: memory permutation violated
         x11/a1: unexpected write 0x00219e8a (cycle 36286)
         0x00219E94 (code): expected write missing, needed 0xfff60613 (cycle 36274)
       Global: cycle lookup violated (3 indices broken)
         index 0: 2254 provides, 1 uses (imbalanced)
         index 12: 190 provides, 1 uses (imbalanced)
         index 2013265920: orphan provide (1 entries, no matching use)
  [123] ✓ INSTR_TYPE_MOD @ step 2639: 4 failures, 3185ms, outcome: REJECTED, exit: 101 [proof:GENERATED] G=memory
       r=0.074  T_new=0.00 F_new=0.63 F_rare=1.00 U=0 Q=0.19 Q_l=0.26 Q_g=0.72 dl=4 dg=2
       Value: 0x00050002 -> 0x00010002
       Original: Lw [major=5, minor=2]
       Mutated:  AndI [major=1, minor=2]
       zkVM errors (3 lines):
         • [prover_impl.rs:280] verify segment (internal proof verification failed)
         • [ffi.cpp:113] address mismatch at cycle 19367: preflight=0x000800e3, actual=0x3fffc020
         • [kernels/cxx/ffi.cpp:208] SKIP THROW: memory peek not in preflight
       Local constraints hit (4 unique):
         - MemoryWrite@mem.zir:100
           cycle=19367, step=2639, pc=0x0020341C, major=1, minor=2
         - MemoryWrite@mem.zir:99
           cycle=19367, step=2639, pc=0x0020341C, major=1, minor=2
         - VerifyOpcodeF3@inst.zir:96
           cycle=19367, step=2639, pc=0x0020341C, major=1, minor=2
         - VerifyOpcodeF3@inst.zir:97
           cycle=19367, step=2639, pc=0x0020341C, major=1, minor=2
       Global: memory permutation violated
         0x0020038C (data): unexpected write 0xc3d4e0d9 (cycle 38679)
         x0/zero: expected write missing, needed 0xc3d4e0d9 (cycle 38679)
  [124] ✓ MEM_VAL_MOD @ step 1865: 17 failures, 3261ms, outcome: REJECTED, exit: 101 [proof:GENERATED] G=memory|cycle
       r=0.002  T_new=0.00 F_new=1.00 F_rare=1.00 U=0 Q=0.00 Q_l=0.04 Q_g=0.11 dl=10 dg=13
       Value: 0x0540006F -> 0xCBAD0737
       Transaction: other_mem_read (READ) at address 0x0020975c
       zkVM errors (3 lines):
         • [prover_impl.rs:280] verify segment (internal proof verification failed)
         • [ffi.cpp:113] address mismatch at cycle 18514: preflight=0x3fffc020, actual=0x3fffc03a
         • [kernels/cxx/ffi.cpp:208] SKIP THROW: memory peek not in preflight
       Local constraints hit (6 unique):
         - DecodeInst@inst.zir:29 (x10)
           cycle=18515, step=1866, pc=0x002097B4, major=5, minor=2
         - IsRead@mem.zir:79
           cycle=18514, step=1865, pc=0x002097B0, major=2, minor=3
         - IsRead@mem.zir:80
           cycle=18514, step=1865, pc=0x002097B0, major=2, minor=3
         - MemoryWrite@mem.zir:100 (x2)
           cycle=18514, step=1865, pc=0x002097B0, major=2, minor=3
         - MemoryWrite@mem.zir:99 (x2)
           cycle=18514, step=1865, pc=0x002097B0, major=2, minor=3
         - VerifyOpcode@inst.zir:91
           cycle=18514, step=1865, pc=0x002097B0, major=2, minor=3
       Global: memory permutation violated (26 addrs: 4 register, 11 code, 11 data)
         0x001D9C14 (data): expected write missing, needed 0x01c12083 (cycle 20842)
         0x001D9C18 (data): expected write missing, needed 0x01812403 (cycle 20842)
         0x001D9C1C (data): expected write missing, needed 0x01412483 (cycle 20842)
         + 11 code addresses diverged (instruction fetch cascade)
         + 12 more addresses
       Global: cycle lookup violated (3 indices broken)
         index 5: 348 provides, 1 uses (imbalanced)
         index 381: 1 provides, 1 uses (imbalanced)
         index 382: 1 provides, 1 uses (imbalanced)
  [125] ✓ INSTR_TYPE_MOD @ step 183: 4 failures, 3243ms, outcome: REJECTED, exit: 101 [proof:GENERATED] G=memory|cycle
       r=0.044  T_new=0.00 F_new=0.92 F_rare=1.00 U=0 Q=0.10 Q_l=0.26 Q_g=0.37 dl=4 dg=6
       Value: 0x00060002 -> 0x00050002
       Original: Sw [major=6, minor=2]
       Mutated:  Lw [major=5, minor=2]
       zkVM errors (3 lines):
         • [prover_impl.rs:280] verify segment (internal proof verification failed)
         • [ffi.cpp:113] address mismatch at cycle 16762: preflight=0x3fffc02a, actual=0x000800fa
         • [kernels/cxx/ffi.cpp:208] SKIP THROW: memory peek not in preflight
       Local constraints hit (4 unique):
         - MemoryWrite@mem.zir:100
           cycle=16762, step=183, pc=0x00200EC0, major=5, minor=2
         - MemoryWrite@mem.zir:99
           cycle=16762, step=183, pc=0x00200EC0, major=5, minor=2
         - OpLW@inst_mem.zir:109
           cycle=16762, step=183, pc=0x00200EC0, major=5, minor=2
         - VerifyOpcodeF3@inst.zir:96
           cycle=16762, step=183, pc=0x00200EC0, major=5, minor=2
       Global: memory permutation violated
         0x002003E8 (data): unexpected write 0x00000000 (cycle 4782)
         x8/s0: expected write missing, needed 0x00000000 (cycle 4782)
         x10/a0: unexpected write 0x00200800 (cycle 33523)
       Global: cycle lookup violated (3 indices broken)
         index 0: 2254 provides, 1 uses (imbalanced)
         index 28741: orphan use (1 entries, no matching provide)
         index 28742: 1 provides, 1 uses (imbalanced)
  [126] ✓ INSTR_TYPE_MOD @ step 1149: 3 failures, 3291ms, outcome: REJECTED, exit: 101 [proof:GENERATED] [+1 new] [+36 touch]
       r=0.231  T_new=0.64 F_new=0.78 F_rare=1.00 U=0 Q=0.37 Q_l=0.37 Q_g=1.00 dl=3 dg=0
       Value: 0x00060002 -> 0x00060004
       Original: Sw [major=6, minor=2]
       Mutated:  Unknown(6,4) [major=6, minor=4] ⚠INVALID
       zkVM errors (1 lines):
         • [prover_impl.rs:280] verify segment (internal proof verification failed)
       Local constraints hit (3 unique):
         - IllegalStoreOp@inst_mem.zir:45
           cycle=17793, step=1149, pc=0x00209A24, major=6, minor=4
         - MemoryWrite@mem.zir:100
           cycle=17793, step=1149, pc=0x00209A24, major=6, minor=4
         - MemoryWrite@mem.zir:99
           cycle=17793, step=1149, pc=0x00209A24, major=6, minor=4
       Global: no permutation/lookup violations (local-only)
  [127] ✓ INSTR_TYPE_MOD @ step 1457: 4 failures, 3177ms, outcome: REJECTED, exit: 101 [proof:GENERATED]
       r=0.103  T_new=0.00 F_new=0.63 F_rare=1.00 U=0 Q=0.26 Q_l=0.26 Q_g=1.00 dl=4 dg=0
       Value: 0x00000007 -> 0x00000006
       Original: AddI [major=0, minor=7]
       Mutated:  SltU [major=0, minor=6]
       zkVM errors (1 lines):
         • [prover_impl.rs:280] verify segment (internal proof verification failed)
       Local constraints hit (4 unique):
         - MemoryWrite@mem.zir:100
           cycle=18101, step=1457, pc=0x002184CC, major=0, minor=6
         - MemoryWrite@mem.zir:99
           cycle=18101, step=1457, pc=0x002184CC, major=0, minor=6
         - VerifyOpcodeF3F7@inst.zir:102
           cycle=18101, step=1457, pc=0x002184CC, major=0, minor=6
         - VerifyOpcodeF3F7@inst.zir:103
           cycle=18101, step=1457, pc=0x002184CC, major=0, minor=6
       Global: no permutation/lookup violations (local-only)
  [128] ✓ STORE_OUT_MOD @ step 1150: 2 failures, 3261ms, outcome: REJECTED, exit: 101 [proof:GENERATED] G=memory
       r=0.115  T_new=0.00 F_new=0.39 F_rare=0.70 U=0 Q=0.43 Q_l=0.51 Q_g=0.85 dl=2 dg=1
       Value: 0x00000000 -> 0x3524BCB8
       Store address: 0x002003b4
       zkVM errors (1 lines):
         • [prover_impl.rs:280] verify segment (internal proof verification failed)
       Local constraints hit (2 unique):
         - MemoryWrite@mem.zir:100
           cycle=17794, step=1150, pc=0x00209A28, major=6, minor=2
         - MemoryWrite@mem.zir:99
           cycle=17794, step=1150, pc=0x00209A28, major=6, minor=2
       Global: memory permutation violated
         0x002003B4 (data): wrote 0x3524bcb8, expected 0x00000000 (cycle 35589)
  [129] ✓ INSTR_TYPE_MOD @ step 2109: 1 failures, 3194ms, outcome: REJECTED, exit: 101 [proof:GENERATED] [+34 touch]
       r=0.382  T_new=0.62 F_new=0.39 F_rare=1.00 U=0 Q=0.72 Q_l=0.72 Q_g=1.00 dl=1 dg=0
       Value: 0x00060002 -> 0x00060003
       Original: Sw [major=6, minor=2]
       Mutated:  Unknown(6,3) [major=6, minor=3] ⚠INVALID
       zkVM errors (1 lines):
         • [prover_impl.rs:280] verify segment (internal proof verification failed)
       Local constraints hit (1 unique):
         - IllegalStoreOp@inst_mem.zir:45
           cycle=18763, step=2109, pc=0x00202510, major=6, minor=3
       Global: no permutation/lookup violations (local-only)
  [130] ✓ INSTR_TYPE_MOD @ step 0: 5 failures, 3324ms, outcome: REJECTED, exit: 101 [proof:GENERATED] G=memory|cycle
       r=0.020  T_new=0.00 F_new=0.00 F_rare=0.71 U=0 Q=0.11 Q_l=0.19 Q_g=0.61 dl=5 dg=3
       Value: 0x00020006 -> 0x00020003
       Original: Auipc [major=2, minor=6]
       Mutated:  Jal [major=2, minor=3]
       zkVM errors (3 lines):
         • [prover_impl.rs:280] verify segment (internal proof verification failed)
         • [ffi.cpp:113] address mismatch at cycle 0: preflight=0x44000000, actual=0x00000000
         • [kernels/cxx/ffi.cpp:208] SKIP THROW: memory peek not in preflight
       Local constraints hit (5 unique):
         - AddrDecompose@u32.zir:67
           cycle=0, step=0, pc=0x00000000, major=2, minor=3
         - ControlLoadRootAndNonce@inst_control.zir:23
           cycle=1, step=0, pc=0x00000000, major=7, minor=0
         - MemoryWrite@mem.zir:99
           cycle=0, step=0, pc=0x00000000, major=2, minor=3
         - MiscInput@inst_misc.zir:7
           cycle=0, step=0, pc=0x00000000, major=2, minor=3
         - VerifyOpcode@inst.zir:91
           cycle=0, step=0, pc=0x00000000, major=2, minor=3
       Global: memory permutation violated
         0xFFFF0100 (data): expected write missing, needed 0x00000000 (cycle 0)
       Global: cycle lookup violated (2 indices broken)
         index 0: 2256 provides, 1 uses (imbalanced)
         index 2013265920: orphan provide (2 entries, no matching use)
  [131] ✓ PRE_EXEC_REG_MOD @ step 639: 1 failures, 3227ms, outcome: REJECTED, exit: 101 [proof:GENERATED] G=memory
       r=0.236  T_new=0.00 F_new=0.63 F_rare=1.00 U=0 Q=0.61 Q_l=0.72 Q_g=0.85 dl=1 dg=1
       Value: 0x00000000 -> 0x000000FF
       Register: x0 (zero), READ, strategy=next_read
       zkVM errors (1 lines):
         • [prover_impl.rs:280] verify segment (internal proof verification failed)
       Local constraints hit (1 unique):
         - IsRead@mem.zir:79
           cycle=17248, step=639, pc=0x00200974, major=2, minor=6
       Global: memory permutation violated
         x0/zero: wrote 0x000000ff, expected 0x00000000 (cycle 34496)
  [132] ✓ INSTR_TYPE_MOD @ step 2624: 4 failures, 3178ms, outcome: REJECTED, exit: 101 [proof:GENERATED] [+2 touch]
       r=0.046  T_new=0.06 F_new=0.00 F_rare=0.64 U=0 Q=0.26 Q_l=0.26 Q_g=1.00 dl=4 dg=0
       Value: 0x00000007 -> 0x00000003
       Original: AddI [major=0, minor=7]
       Mutated:  Or [major=0, minor=3]
       zkVM errors (1 lines):
         • [prover_impl.rs:280] verify segment (internal proof verification failed)
       Local constraints hit (4 unique):
         - MemoryWrite@mem.zir:99
           cycle=19352, step=2624, pc=0x00205304, major=0, minor=3
         - VerifyOpcodeF3F7@inst.zir:102
           cycle=19352, step=2624, pc=0x00205304, major=0, minor=3
         - VerifyOpcodeF3F7@inst.zir:103
           cycle=19352, step=2624, pc=0x00205304, major=0, minor=3
         - VerifyOpcodeF3F7@inst.zir:104
           cycle=19352, step=2624, pc=0x00205304, major=0, minor=3
       Global: no permutation/lookup violations (local-only)
  [133] ✓ INSTR_TYPE_MOD @ step 1685: 2 failures, 3165ms, outcome: REJECTED, exit: 101 [proof:GENERATED]
       r=0.065  T_new=0.00 F_new=0.00 F_rare=0.51 U=0 Q=0.51 Q_l=0.51 Q_g=1.00 dl=2 dg=0
       Value: 0x00060002 -> 0x00060000
       Original: Sw [major=6, minor=2]
       Mutated:  Sb [major=6, minor=0]
       zkVM errors (1 lines):
         • [prover_impl.rs:280] verify segment (internal proof verification failed)
       Local constraints hit (2 unique):
         - MemoryWrite@mem.zir:100
           cycle=18329, step=1685, pc=0x00205F68, major=6, minor=0
         - VerifyOpcodeF3@inst.zir:97
           cycle=18329, step=1685, pc=0x00205F68, major=6, minor=0
       Global: no permutation/lookup violations (local-only)
  [134] ✓ PRE_EXEC_REG_MOD @ step 2724: 3 failures, 3218ms, outcome: REJECTED, exit: 101 [proof:GENERATED] G=memory
       r=0.094  T_new=0.00 F_new=0.78 F_rare=1.00 U=0 Q=0.22 Q_l=0.37 Q_g=0.61 dl=3 dg=3
       Value: 0x00200300 -> 0x4823DD0A
       Register: x2 (sp), READ, strategy=next_read
       zkVM errors (3 lines):
         • [prover_impl.rs:280] verify segment (internal proof verification failed)
         • [ffi.cpp:113] address mismatch at cycle 19452: preflight=0x000800d0, actual=0x1208f752
         • [kernels/cxx/ffi.cpp:208] SKIP THROW: memory peek not in preflight
       Local constraints hit (3 unique):
         - IsRead@mem.zir:79
           cycle=19452, step=2724, pc=0x0020169C, major=6, minor=2
         - IsRead@mem.zir:80
           cycle=19452, step=2724, pc=0x0020169C, major=6, minor=2
         - OpSW@inst_mem.zir:161
           cycle=19452, step=2724, pc=0x0020169C, major=6, minor=2
       Global: memory permutation violated
         0x00200340 (data): unexpected write 0x00000000 (cycle 38354)
         0x4823DD48 (data): expected write missing, needed 0x00000000 (cycle 38354)
         x2/sp: wrote 0x4823dd0a, expected 0x00200300 (cycle 38904)
  [135] ✓ INSTR_TYPE_MOD @ step 1070: 3 failures, 3217ms, outcome: REJECTED, exit: 101 [proof:GENERATED]
       r=0.063  T_new=0.00 F_new=0.00 F_rare=0.58 U=0 Q=0.37 Q_l=0.37 Q_g=1.00 dl=3 dg=0
       Value: 0x00000007 -> 0x00040006
       Original: AddI [major=0, minor=7]
       Mutated:  Rem [major=4, minor=6]
       zkVM errors (1 lines):
         • [prover_impl.rs:280] verify segment (internal proof verification failed)
       Local constraints hit (3 unique):
         - VerifyOpcodeF3F7@inst.zir:102
           cycle=17709, step=1070, pc=0x0020633C, major=4, minor=6
         - VerifyOpcodeF3F7@inst.zir:103
           cycle=17709, step=1070, pc=0x0020633C, major=4, minor=6
         - VerifyOpcodeF3F7@inst.zir:104
           cycle=17709, step=1070, pc=0x0020633C, major=4, minor=6
       Global: no permutation/lookup violations (local-only)
  [136] 💥 PRE_EXEC_REG_MOD @ step 3057: 2 failures, 590ms, outcome: CRASH, exit: -11 [proof:NOT_GENERATED]
       r=0.000  T_new=0.00 F_new=0.00 F_rare=0.00 U=0 Q=0.00 Q_l=0.00 Q_g=1.00 dl=0 dg=0
       Value: 0x0022156C -> 0xF79DA21B
       Register: x13 (a3), READ, strategy=next_read
       Local constraints hit (2 unique):
         - IsRead@mem.zir:79
           cycle=19785, step=3057, pc=0x00203220, major=6, minor=0
         - IsRead@mem.zir:80
           cycle=19785, step=3057, pc=0x00203220, major=6, minor=0
       Global: no permutation/lookup violations (local-only)
  [137] ✓ INSTR_TYPE_MOD @ step 0: 4 failures, 3241ms, outcome: REJECTED, exit: 101 [proof:GENERATED] [+1 touch] G=memory|cycle
       r=0.049  T_new=0.03 F_new=0.39 F_rare=0.85 U=0 Q=0.16 Q_l=0.26 Q_g=0.61 dl=4 dg=3
       Value: 0x00020006 -> 0x00020005
       Original: Auipc [major=2, minor=6]
       Mutated:  Lui [major=2, minor=5]
       zkVM errors (3 lines):
         • [prover_impl.rs:280] verify segment (internal proof verification failed)
         • [ffi.cpp:113] address mismatch at cycle 0: preflight=0x44000000, actual=0x00000000
         • [kernels/cxx/ffi.cpp:208] SKIP THROW: memory peek not in preflight
       Local constraints hit (4 unique):
         - AddrDecompose@u32.zir:67
           cycle=0, step=0, pc=0x00000000, major=2, minor=5
         - ControlLoadRootAndNonce@inst_control.zir:23
           cycle=1, step=0, pc=0x00000000, major=7, minor=0
         - MiscInput@inst_misc.zir:7
           cycle=0, step=0, pc=0x00000000, major=2, minor=5
         - VerifyOpcode@inst.zir:91
           cycle=0, step=0, pc=0x00000000, major=2, minor=5
       Global: memory permutation violated
         0xFFFF0100 (data): expected write missing, needed 0x00000000 (cycle 0)
       Global: cycle lookup violated (2 indices broken)
         index 0: 2256 provides, 1 uses (imbalanced)
         index 2013265920: orphan provide (2 entries, no matching use)
  [138] ✓ MEM_VAL_MOD @ step 1570: 4 failures, 3202ms, outcome: REJECTED, exit: 101 [proof:GENERATED] G=memory
       r=0.059  T_new=0.00 F_new=0.39 F_rare=0.70 U=0 Q=0.22 Q_l=0.26 Q_g=0.85 dl=4 dg=1
       Value: 0x00200300 -> 0x3EEBFBC6
       Transaction: load_mem_read (READ) at address 0x002001c8
       zkVM errors (1 lines):
         • [prover_impl.rs:280] verify segment (internal proof verification failed)
       Local constraints hit (4 unique):
         - IsRead@mem.zir:79
           cycle=18214, step=1570, pc=0x00202EAC, major=5, minor=2
         - IsRead@mem.zir:80
           cycle=18214, step=1570, pc=0x00202EAC, major=5, minor=2
         - MemoryWrite@mem.zir:100
           cycle=18214, step=1570, pc=0x00202EAC, major=5, minor=2
         - MemoryWrite@mem.zir:99
           cycle=18214, step=1570, pc=0x00202EAC, major=5, minor=2
       Global: memory permutation violated
         0x002001C8 (data): wrote 0x3eebfbc6, expected 0x00200300 (cycle 36428)
  [139] ✓ PRE_EXEC_REG_MOD @ step 781: 4 failures, 3202ms, outcome: REJECTED, exit: 101 [proof:GENERATED] G=memory
       r=0.058  T_new=0.00 F_new=0.39 F_rare=0.69 U=0 Q=0.22 Q_l=0.26 Q_g=0.85 dl=4 dg=1
       Value: 0x00200350 -> 0x97265810
       Register: x2 (sp), READ, strategy=next_read
       zkVM errors (1 lines):
         • [prover_impl.rs:280] verify segment (internal proof verification failed)
       Local constraints hit (4 unique):
         - IsRead@mem.zir:79
           cycle=17402, step=781, pc=0x002031F8, major=0, minor=7
         - IsRead@mem.zir:80
           cycle=17402, step=781, pc=0x002031F8, major=0, minor=7
         - MemoryWrite@mem.zir:100
           cycle=17402, step=781, pc=0x002031F8, major=0, minor=7
         - MemoryWrite@mem.zir:99
           cycle=17402, step=781, pc=0x002031F8, major=0, minor=7
       Global: memory permutation violated
         x2/sp: wrote 0x97265810, expected 0x00200350 (cycle 34804)
  [140] ✓ INSTR_TYPE_MOD @ step 2962: 3 failures, 3182ms, outcome: REJECTED, exit: 101 [proof:GENERATED]
       r=0.045  T_new=0.00 F_new=0.00 F_rare=0.50 U=0 Q=0.37 Q_l=0.37 Q_g=1.00 dl=3 dg=0
       Value: 0x00000007 -> 0x00000004
       Original: AddI [major=0, minor=7]
       Mutated:  And [major=0, minor=4]
       zkVM errors (1 lines):
         • [prover_impl.rs:280] verify segment (internal proof verification failed)
       Local constraints hit (3 unique):
         - MemoryWrite@mem.zir:99
           cycle=19690, step=2962, pc=0x00205688, major=0, minor=4
         - VerifyOpcodeF3F7@inst.zir:102
           cycle=19690, step=2962, pc=0x00205688, major=0, minor=4
         - VerifyOpcodeF3F7@inst.zir:103
           cycle=19690, step=2962, pc=0x00205688, major=0, minor=4
       Global: no permutation/lookup violations (local-only)
  [141] ✓ INSTR_TYPE_MOD @ step 548: 22 failures, 3200ms, outcome: REJECTED, exit: 101 [proof:GENERATED] [+33 touch] G=memory
       r=0.001  T_new=0.61 F_new=1.00 F_rare=1.00 U=0 Q=0.00 Q_l=0.00 Q_g=0.19 dl=16 dg=10
       Value: 0x00050002 -> 0x0002000C
       Original: Lw [major=5, minor=2]
       Mutated:  MulHSU [major=2, minor=12] ⚠INVALID
       zkVM errors (3 lines):
         • [prover_impl.rs:280] verify segment (internal proof verification failed)
         • [ffi.cpp:113] address mismatch at cycle 17151: preflight=0x000800dc, actual=0x3fffc030
         • [kernels/cxx/ffi.cpp:208] SKIP THROW: memory peek not in preflight
       Local constraints hit (5 unique):
         - AddrDecompose@u32.zir:67 (x14)
           cycle=17152, step=549, pc=0x00200908, major=2, minor=5
         - MemoryWrite@mem.zir:100 (x3)
           cycle=17151, step=548, pc=0x00200904, major=2, minor=12
         - MemoryWrite@mem.zir:99 (x3)
           cycle=17151, step=548, pc=0x00200904, major=2, minor=12
         - OneHot@one_hot.zir:11
           cycle=17151, step=548, pc=0x00200904, major=2, minor=12
         - OneHot@one_hot.zir:9
           cycle=17151, step=548, pc=0x00200904, major=2, minor=12
       Global: memory permutation violated (32 addrs: 2 register, 14 code, 16 data)
         0x00000000 (data): expected write missing, needed 0x800005b7 (cycle 4966)
         0x00000004 (data): expected write missing, needed 0x00758593 (cycle 4966)
         0x00000008 (data): expected write missing, needed 0x3ab51663 (cycle 4966)
         + 14 code addresses diverged (instruction fetch cascade)
         + 15 more addresses
  [142] ✓ INSTR_TYPE_MOD @ step 2832: 5 failures, 3208ms, outcome: REJECTED, exit: 101 [proof:GENERATED] G=memory
       r=0.058  T_new=0.00 F_new=0.63 F_rare=1.00 U=0 Q=0.14 Q_l=0.19 Q_g=0.72 dl=5 dg=2
       Value: 0x00050002 -> 0x00040001
       Original: Lw [major=5, minor=2]
       Mutated:  Sra [major=4, minor=1]
       zkVM errors (3 lines):
         • [prover_impl.rs:280] verify segment (internal proof verification failed)
         • [ffi.cpp:113] address mismatch at cycle 19560: preflight=0x0008009e, actual=0x3fffc028
         • [kernels/cxx/ffi.cpp:208] SKIP THROW: memory peek not in preflight
       Local constraints hit (5 unique):
         - MemoryWrite@mem.zir:100
           cycle=19560, step=2832, pc=0x00203BB0, major=4, minor=1
         - MemoryWrite@mem.zir:99
           cycle=19560, step=2832, pc=0x00203BB0, major=4, minor=1
         - VerifyOpcodeF3F7@inst.zir:102
           cycle=19560, step=2832, pc=0x00203BB0, major=4, minor=1
         - VerifyOpcodeF3F7@inst.zir:103
           cycle=19560, step=2832, pc=0x00203BB0, major=4, minor=1
         - VerifyOpcodeF3F7@inst.zir:104
           cycle=19560, step=2832, pc=0x00203BB0, major=4, minor=1
       Global: memory permutation violated
         0x00200278 (data): unexpected write 0x00000000 (cycle 39047)
         x8/s0: expected write missing, needed 0x00000000 (cycle 39047)
  [143] ✓ INSTR_TYPE_MOD @ step 3899: 8 failures, 3254ms, outcome: REJECTED, exit: 101 [proof:GENERATED] G=memory|cycle
       r=0.004  T_new=0.00 F_new=1.00 F_rare=1.00 U=0 Q=0.01 Q_l=0.07 Q_g=0.11 dl=8 dg=13
       Value: 0x00020004 -> 0x00060001
       Original: JalR [major=2, minor=4]
       Mutated:  Sh [major=6, minor=1]
       zkVM errors (3 lines):
         • [prover_impl.rs:280] verify segment (internal proof verification failed)
         • [ffi.cpp:113] address mismatch at cycle 20849: preflight=0x3fffc040, actual=0x30000014
         • [kernels/cxx/ffi.cpp:208] SKIP THROW: memory peek not in preflight
       Local constraints hit (6 unique):
         - IsRead@mem.zir:79
           cycle=20849, step=3899, pc=0xC0000050, major=6, minor=1
         - IsRead@mem.zir:80
           cycle=20849, step=3899, pc=0xC0000050, major=6, minor=1
         - MemoryWrite@mem.zir:100
           cycle=20849, step=3899, pc=0xC0000050, major=6, minor=1
         - MemoryWrite@mem.zir:99 (x3)
           cycle=20849, step=3899, pc=0xC0000050, major=6, minor=1
         - VerifyOpcodeF3@inst.zir:96
           cycle=20849, step=3899, pc=0xC0000050, major=6, minor=1
         - VerifyOpcodeF3@inst.zir:97
           cycle=20849, step=3899, pc=0xC0000050, major=6, minor=1
       Global: memory permutation violated (45 addrs: 45 data)
         0xC0000050 (data): expected write missing, needed 0x00000000 (cycle 41693)
         0xC0000084 (data): expected write missing, needed 0x0380006f (cycle 29962)
         0xC0000088 (data): unexpected write 0x02c22283 (cycle 30002)
         + 42 more addresses
       Global: cycle lookup violated (3 indices broken)
         index 4: 253 provides, 1 uses (imbalanced)
         index 5: 348 provides, 1 uses (imbalanced)
         index 11736: 1 provides, 1 uses (imbalanced)
  [144] ✓ INSTR_TYPE_MOD @ step 3164: 3 failures, 3191ms, outcome: REJECTED, exit: 101 [proof:GENERATED] G=memory
       r=0.117  T_new=0.00 F_new=0.86 F_rare=1.00 U=0 Q=0.26 Q_l=0.37 Q_g=0.72 dl=3 dg=2
       Value: 0x00050002 -> 0x00000007
       Original: Lw [major=5, minor=2]
       Mutated:  AddI [major=0, minor=7]
       zkVM errors (3 lines):
         • [prover_impl.rs:280] verify segment (internal proof verification failed)
         • [ffi.cpp:113] address mismatch at cycle 19966: preflight=0x00080067, actual=0x3fffc03c
         • [kernels/cxx/ffi.cpp:208] SKIP THROW: memory peek not in preflight
       Local constraints hit (3 unique):
         - MemoryWrite@mem.zir:99
           cycle=19966, step=3164, pc=0x00205820, major=0, minor=7
         - VerifyOpcodeF3@inst.zir:96
           cycle=19966, step=3164, pc=0x00205820, major=0, minor=7
         - VerifyOpcodeF3@inst.zir:97
           cycle=19966, step=3164, pc=0x00205820, major=0, minor=7
       Global: memory permutation violated
         0x0020019C (data): unexpected write 0x00205460 (cycle 39341)
         x28/t3: expected write missing, needed 0x00205460 (cycle 39341)
  [145] ✓ INSTR_TYPE_MOD @ step 2850: 5 failures, 3241ms, outcome: REJECTED, exit: 101 [proof:GENERATED] G=memory|cycle
       r=0.039  T_new=0.00 F_new=0.86 F_rare=1.00 U=0 Q=0.08 Q_l=0.19 Q_g=0.43 dl=5 dg=5
       Value: 0x00060002 -> 0x00040007
       Original: Sw [major=6, minor=2]
       Mutated:  RemU [major=4, minor=7]
       zkVM errors (3 lines):
         • [prover_impl.rs:280] verify segment (internal proof verification failed)
         • [ffi.cpp:113] address mismatch at cycle 19578: preflight=0x00080089, actual=0x3fffc024
         • [kernels/cxx/ffi.cpp:208] SKIP THROW: memory peek not in preflight
       Local constraints hit (5 unique):
         - MemoryWrite@mem.zir:100
           cycle=19578, step=2850, pc=0x00204ADC, major=4, minor=7
         - MemoryWrite@mem.zir:99
           cycle=19578, step=2850, pc=0x00204ADC, major=4, minor=7
         - VerifyOpcodeF3F7@inst.zir:102
           cycle=19578, step=2850, pc=0x00204ADC, major=4, minor=7
         - VerifyOpcodeF3F7@inst.zir:103
           cycle=19578, step=2850, pc=0x00204ADC, major=4, minor=7
         - VerifyOpcodeF3F7@inst.zir:104
           cycle=19578, step=2850, pc=0x00204ADC, major=4, minor=7
       Global: memory permutation violated
         0x00200224 (data): unexpected write 0x00000000 (cycle 4502)
         x4/tp: expected write missing, needed 0x00000000 (cycle 4502)
       Global: cycle lookup violated (3 indices broken)
         index 0: 2254 provides, 1 uses (imbalanced)
         index 34653: orphan use (1 entries, no matching provide)
         index 34654: 1 provides, 1 uses (imbalanced)
  [146] ✓ INSTR_TYPE_MOD @ step 974: 4 failures, 3145ms, outcome: REJECTED, exit: 101 [proof:GENERATED]
       r=0.103  T_new=0.00 F_new=0.63 F_rare=1.00 U=0 Q=0.26 Q_l=0.26 Q_g=1.00 dl=4 dg=0
       Value: 0x00000007 -> 0x00000001
       Original: AddI [major=0, minor=7]
       Mutated:  Sub [major=0, minor=1]
       zkVM errors (1 lines):
         • [prover_impl.rs:280] verify segment (internal proof verification failed)
       Local constraints hit (4 unique):
         - MemoryWrite@mem.zir:100
           cycle=17607, step=974, pc=0x00206154, major=0, minor=1
         - MemoryWrite@mem.zir:99
           cycle=17607, step=974, pc=0x00206154, major=0, minor=1
         - VerifyOpcodeF3F7@inst.zir:102
           cycle=17607, step=974, pc=0x00206154, major=0, minor=1
         - VerifyOpcodeF3F7@inst.zir:104
           cycle=17607, step=974, pc=0x00206154, major=0, minor=1
       Global: no permutation/lookup violations (local-only)
  [147] ✓ INSTR_TYPE_MOD @ step 0: 5 failures, 3239ms, outcome: REJECTED, exit: 101 [proof:GENERATED] [+36 touch] G=memory|cycle
       r=0.074  T_new=0.64 F_new=0.86 F_rare=1.00 U=0 Q=0.11 Q_l=0.19 Q_g=0.61 dl=5 dg=3
       Value: 0x00020006 -> 0x0001000A
       Original: Auipc [major=2, minor=6]
       Mutated:  BgeU [major=1, minor=10] ⚠INVALID
       zkVM errors (3 lines):
         • [prover_impl.rs:280] verify segment (internal proof verification failed)
         • [ffi.cpp:113] address mismatch at cycle 0: preflight=0x44000000, actual=0x00000000
         • [kernels/cxx/ffi.cpp:208] SKIP THROW: memory peek not in preflight
       Local constraints hit (5 unique):
         - AddrDecompose@u32.zir:67
           cycle=0, step=0, pc=0x00000000, major=1, minor=10
         - ControlLoadRootAndNonce@inst_control.zir:23
           cycle=1, step=0, pc=0x00000000, major=7, minor=0
         - MiscInput@inst_misc.zir:7
           cycle=0, step=0, pc=0x00000000, major=1, minor=10
         - OneHot@one_hot.zir:11
           cycle=0, step=0, pc=0x00000000, major=1, minor=10
         - OneHot@one_hot.zir:9
           cycle=0, step=0, pc=0x00000000, major=1, minor=10
       Global: memory permutation violated
         0xFFFF0100 (data): expected write missing, needed 0x00000000 (cycle 0)
       Global: cycle lookup violated (2 indices broken)
         index 0: 2256 provides, 1 uses (imbalanced)
         index 2013265920: orphan provide (2 entries, no matching use)
  [148] ✓ INSTR_TYPE_MOD @ step 3090: 3 failures, 3276ms, outcome: REJECTED, exit: 101 [proof:GENERATED] G=memory|cycle
       r=0.073  T_new=0.00 F_new=0.92 F_rare=1.00 U=0 Q=0.16 Q_l=0.37 Q_g=0.43 dl=3 dg=5
       Value: 0x00060002 -> 0x00030002
       Original: Sw [major=6, minor=2]
       Mutated:  Mul [major=3, minor=2]
       zkVM errors (3 lines):
         • [prover_impl.rs:280] verify segment (internal proof verification failed)
         • [ffi.cpp:113] address mismatch at cycle 19818: preflight=0x00088556, actual=0x3fffc02c
         • [kernels/cxx/ffi.cpp:208] SKIP THROW: memory peek not in preflight
       Local constraints hit (3 unique):
         - VerifyOpcodeF3F7@inst.zir:102
           cycle=19818, step=3090, pc=0x002032A4, major=3, minor=2
         - VerifyOpcodeF3F7@inst.zir:103
           cycle=19818, step=3090, pc=0x002032A4, major=3, minor=2
         - VerifyOpcodeF3F7@inst.zir:104
           cycle=19818, step=3090, pc=0x002032A4, major=3, minor=2
       Global: memory permutation violated
         x12/a2: expected write missing, needed 0x00000000 (cycle 29478)
         0x00221558 (code): unexpected write 0x00000000 (cycle 29478)
       Global: cycle lookup violated (3 indices broken)
         index 0: 2254 provides, 1 uses (imbalanced)
         index 10157: orphan use (1 entries, no matching provide)
         index 10158: 1 provides, 1 uses (imbalanced)
  [149] ✓ INSTR_TYPE_MOD @ step 3213: 5 failures, 3266ms, outcome: REJECTED, exit: 101 [proof:GENERATED] [+38 touch] G=memory|cycle
       r=0.056  T_new=0.66 F_new=0.99 F_rare=1.00 U=0 Q=0.08 Q_l=0.19 Q_g=0.43 dl=5 dg=5
       Value: 0x00020006 -> 0x00060006
       Original: Auipc [major=2, minor=6]
       Mutated:  Unknown(6,6) [major=6, minor=6] ⚠INVALID
       zkVM errors (3 lines):
         • [prover_impl.rs:280] verify segment (internal proof verification failed)
         • [ffi.cpp:113] address mismatch at cycle 20015: preflight=0x3fffc021, actual=0x00000000
         • [kernels/cxx/ffi.cpp:208] SKIP THROW: memory peek not in preflight
       Local constraints hit (5 unique):
         - AddrDecomposeBits@u32.zir:87
           cycle=20015, step=3213, pc=0x00204BB0, major=6, minor=6
         - IllegalStoreOp@inst_mem.zir:45
           cycle=20015, step=3213, pc=0x00204BB0, major=6, minor=6
         - IsRead@mem.zir:79
           cycle=20015, step=3213, pc=0x00204BB0, major=6, minor=6
         - MemoryWrite@mem.zir:100
           cycle=20015, step=3213, pc=0x00204BB0, major=6, minor=6
         - MemoryWrite@mem.zir:99
           cycle=20015, step=3213, pc=0x00204BB0, major=6, minor=6
       Global: memory permutation violated
         0x00000000 (data): expected write missing, needed 0x240080e7 (cycle 14402)
         x1/ra: unexpected write 0x00204ba0 (cycle 40026)
       Global: cycle lookup violated (3 indices broken)
         index 3: 698 provides, 1 uses (imbalanced)
         index 4: 251 provides, 1 uses (imbalanced)
         index 25628: 1 provides, 1 uses (imbalanced)
  [150] ✓ INSTR_TYPE_MOD @ step 2479: 2 failures, 3215ms, outcome: REJECTED, exit: 101 [proof:GENERATED] G=memory
       r=0.143  T_new=0.00 F_new=0.63 F_rare=1.00 U=0 Q=0.37 Q_l=0.51 Q_g=0.72 dl=2 dg=2
       Value: 0x00020000 -> 0x00000004
       Original: Bge [major=2, minor=0]
       Mutated:  And [major=0, minor=4]
       zkVM errors (3 lines):
         • [prover_impl.rs:280] verify segment (internal proof verification failed)
         • [ffi.cpp:113] address mismatch at cycle 19133: preflight=0x3fffc040, actual=0x3fffc010
         • [kernels/cxx/ffi.cpp:208] SKIP THROW: memory peek not in preflight
       Local constraints hit (2 unique):
         - VerifyOpcodeF3F7@inst.zir:102
           cycle=19133, step=2479, pc=0xC0000078, major=0, minor=4
         - VerifyOpcodeF3F7@inst.zir:103
           cycle=19133, step=2479, pc=0xC0000078, major=0, minor=4
       Global: memory permutation violated
         0xFFFF0040 (data): expected write missing, needed 0x00000000 (cycle 37397)
         0xFFFF0100 (data): unexpected write 0x00000000 (cycle 37397)
  [151] ✓ INSTR_TYPE_MOD @ step 3004: 12 failures, 3243ms, outcome: REJECTED, exit: 101 [proof:GENERATED] [+32 touch] G=memory
       r=0.003  T_new=0.60 F_new=1.00 F_rare=1.00 U=0 Q=0.00 Q_l=0.03 Q_g=0.19 dl=11 dg=10
       Value: 0x00000007 -> 0x0000000C
       Original: AddI [major=0, minor=7]
       Mutated:  SltIU [major=0, minor=12] ⚠INVALID
       zkVM errors (3 lines):
         • [prover_impl.rs:280] verify segment (internal proof verification failed)
         • [ffi.cpp:113] address mismatch at cycle 19732: preflight=0x3fffc02a, actual=0x3fffc060
         • [kernels/cxx/ffi.cpp:208] SKIP THROW: memory peek not in preflight
       Local constraints hit (5 unique):
         - AddrDecompose@u32.zir:67 (x4)
           cycle=19733, step=3005, pc=0x0020574C, major=0, minor=7
         - MemoryWrite@mem.zir:100 (x3)
           cycle=19732, step=3004, pc=0x00205748, major=0, minor=12
         - MemoryWrite@mem.zir:99 (x3)
           cycle=19732, step=3004, pc=0x00205748, major=0, minor=12
         - OneHot@one_hot.zir:11
           cycle=19732, step=3004, pc=0x00205748, major=0, minor=12
         - OneHot@one_hot.zir:9
           cycle=19732, step=3004, pc=0x00205748, major=0, minor=12
       Global: memory permutation violated (10 addrs: 1 register, 4 code, 5 data)
         0x00000000 (data): expected write missing, needed 0x00060593 (cycle 16274)
         0x00000004 (data): expected write missing, needed 0x00098613 (cycle 16274)
         0x00000008 (data): expected write missing, needed 0xffffe097 (cycle 16274)
         + 4 code addresses diverged (instruction fetch cascade)
         + 3 more addresses
  [152] ✓ INSTR_TYPE_MOD @ step 151: 5 failures, 3169ms, outcome: REJECTED, exit: 101 [proof:GENERATED] [+48 touch]
       r=0.130  T_new=0.75 F_new=0.92 F_rare=1.00 U=0 Q=0.19 Q_l=0.19 Q_g=1.00 dl=5 dg=0
       Value: 0x00000007 -> 0x00040000
       Original: AddI [major=0, minor=7]
       Mutated:  Srl [major=4, minor=0]
       zkVM errors (1 lines):
         • [prover_impl.rs:280] verify segment (internal proof verification failed)
       Local constraints hit (5 unique):
         - MemoryWrite@mem.zir:100
           cycle=16724, step=151, pc=0x0020111C, major=4, minor=0
         - MemoryWrite@mem.zir:99
           cycle=16724, step=151, pc=0x0020111C, major=4, minor=0
         - VerifyOpcodeF3F7@inst.zir:102
           cycle=16724, step=151, pc=0x0020111C, major=4, minor=0
         - VerifyOpcodeF3F7@inst.zir:103
           cycle=16724, step=151, pc=0x0020111C, major=4, minor=0
         - VerifyOpcodeF3F7@inst.zir:104
           cycle=16724, step=151, pc=0x0020111C, major=4, minor=0
       Global: no permutation/lookup violations (local-only)
  [153] ✓ INSTR_TYPE_MOD @ step 3747: 4 failures, 3250ms, outcome: REJECTED, exit: 101 [proof:GENERATED] G=memory|cycle
       r=0.054  T_new=0.00 F_new=0.98 F_rare=1.00 U=0 Q=0.11 Q_l=0.26 Q_g=0.43 dl=4 dg=5
       Value: 0x00060002 -> 0x00010000
       Original: Sw [major=6, minor=2]
       Mutated:  XorI [major=1, minor=0]
       zkVM errors (3 lines):
         • [prover_impl.rs:280] verify segment (internal proof verification failed)
         • [ffi.cpp:113] address mismatch at cycle 20623: preflight=0x00088590, actual=0x3fffc030
         • [kernels/cxx/ffi.cpp:208] SKIP THROW: memory peek not in preflight
       Local constraints hit (4 unique):
         - MemoryWrite@mem.zir:100
           cycle=20623, step=3747, pc=0x002032B8, major=1, minor=0
         - MemoryWrite@mem.zir:99
           cycle=20623, step=3747, pc=0x002032B8, major=1, minor=0
         - VerifyOpcodeF3@inst.zir:96
           cycle=20623, step=3747, pc=0x002032B8, major=1, minor=0
         - VerifyOpcodeF3@inst.zir:97
           cycle=20623, step=3747, pc=0x002032B8, major=1, minor=0
       Global: memory permutation violated
         x16/a6: expected write missing, needed 0x00000000 (cycle 41225)
         0x00221640 (code): unexpected write 0x00000000 (cycle 41225)
       Global: cycle lookup violated (3 indices broken)
         index 0: 2254 provides, 1 uses (imbalanced)
         index 20: 65 provides, 1 uses (imbalanced)
         index 21: 82 provides, 1 uses (imbalanced)
  [154] ✓ INSTR_TYPE_MOD @ step 0: 5 failures, 3255ms, outcome: REJECTED, exit: 101 [proof:GENERATED] [+1 touch] G=memory|cycle
       r=0.035  T_new=0.03 F_new=0.39 F_rare=0.85 U=0 Q=0.11 Q_l=0.19 Q_g=0.61 dl=5 dg=3
       Value: 0x00020006 -> 0x00000001
       Original: Auipc [major=2, minor=6]
       Mutated:  Sub [major=0, minor=1]
       zkVM errors (3 lines):
         • [prover_impl.rs:280] verify segment (internal proof verification failed)
         • [ffi.cpp:113] address mismatch at cycle 0: preflight=0x44000000, actual=0x00000000
         • [kernels/cxx/ffi.cpp:208] SKIP THROW: memory peek not in preflight
       Local constraints hit (5 unique):
         - AddrDecompose@u32.zir:67
           cycle=0, step=0, pc=0x00000000, major=0, minor=1
         - ControlLoadRootAndNonce@inst_control.zir:23
           cycle=1, step=0, pc=0x00000000, major=7, minor=0
         - MiscInput@inst_misc.zir:7
           cycle=0, step=0, pc=0x00000000, major=0, minor=1
         - VerifyOpcodeF3F7@inst.zir:102
           cycle=0, step=0, pc=0x00000000, major=0, minor=1
         - VerifyOpcodeF3F7@inst.zir:104
           cycle=0, step=0, pc=0x00000000, major=0, minor=1
       Global: memory permutation violated
         0xFFFF0100 (data): expected write missing, needed 0x00000000 (cycle 0)
       Global: cycle lookup violated (2 indices broken)
         index 0: 2256 provides, 1 uses (imbalanced)
         index 2013265920: orphan provide (2 entries, no matching use)
  [155] ✓ INSTR_WORD_MOD_SUR @ step 631: 1 failures, 3197ms, outcome: REJECTED, exit: 101 [proof:GENERATED] G=memory
       r=0.236  T_new=0.00 F_new=0.63 F_rare=1.00 U=0 Q=0.61 Q_l=0.72 Q_g=0.85 dl=1 dg=1
       Value: 0x37451463 -> 0x37452463
       Surgical: funct3 = 1 -> 2
       Original: BNE x10, x20, 872
       Mutated:  BRANCH.2 x10, x20, 872
       zkVM errors (1 lines):
         • [prover_impl.rs:280] verify segment (internal proof verification failed)
       Local constraints hit (1 unique):
         - VerifyOpcodeF3@inst.zir:97
           cycle=17240, step=631, pc=0x00200954, major=1, minor=6
       Global: memory permutation violated
         0x00200950 (code): wrote 0x37451463, expected 0x37452463 (cycle 5006)
  [156] ✓ INSTR_TYPE_MOD @ step 2383: 3 failures, 3256ms, outcome: REJECTED, exit: 101 [proof:GENERATED] G=memory|cycle
       r=0.058  T_new=0.00 F_new=0.97 F_rare=1.00 U=0 Q=0.11 Q_l=0.37 Q_g=0.31 dl=3 dg=7
       Value: 0x00060002 -> 0x00050001
       Original: Sw [major=6, minor=2]
       Mutated:  Lh [major=5, minor=1]
       zkVM errors (3 lines):
         • [prover_impl.rs:280] verify segment (internal proof verification failed)
         • [ffi.cpp:113] address mismatch at cycle 19037: preflight=0x3fffc02b, actual=0x000800cc
         • [kernels/cxx/ffi.cpp:208] SKIP THROW: memory peek not in preflight
       Local constraints hit (3 unique):
         - OpLH@inst_mem.zir:98
           cycle=19037, step=2383, pc=0x002032D4, major=5, minor=1
         - VerifyOpcodeF3@inst.zir:96
           cycle=19037, step=2383, pc=0x002032D4, major=5, minor=1
         - VerifyOpcodeF3@inst.zir:97
           cycle=19037, step=2383, pc=0x002032D4, major=5, minor=1
       Global: memory permutation violated
         0x00200330 (data): unexpected write 0x00000000 (cycle 38074)
         0x00200334 (data): unexpected write 0x00000000 (cycle 38051)
         x11/a1: unexpected write 0x00000000 (cycle 38072)
         x12/a2: expected write missing, needed 0x00000000 (cycle 38051)
       Global: cycle lookup violated (3 indices broken)
         index 0: 2254 provides, 1 uses (imbalanced)
         index 22: 84 provides, 1 uses (imbalanced)
         index 23: 184 provides, 1 uses (imbalanced)
  [157] ✓ MEM_VAL_MOD @ step 1468: 3 failures, 3189ms, outcome: REJECTED, exit: 101 [proof:GENERATED] G=memory
       r=0.088  T_new=0.00 F_new=0.39 F_rare=0.79 U=0 Q=0.31 Q_l=0.37 Q_g=0.85 dl=3 dg=1
       Value: 0x7F520E51 -> 0x7E532ED9
       Transaction: load_mem_read (READ) at address 0x00200320
       zkVM errors (1 lines):
         • [prover_impl.rs:280] verify segment (internal proof verification failed)
       Local constraints hit (3 unique):
         - IsRead@mem.zir:79
           cycle=18112, step=1468, pc=0x002184C0, major=5, minor=3
         - IsRead@mem.zir:80
           cycle=18112, step=1468, pc=0x002184C0, major=5, minor=3
         - MemoryWrite@mem.zir:99
           cycle=18112, step=1468, pc=0x002184C0, major=5, minor=3
       Global: memory permutation violated
         0x00200320 (data): wrote 0x7e532ed9, expected 0x7f520e51 (cycle 36224)
  [158] ✓ INSTR_TYPE_MOD @ step 2982: 3 failures, 3189ms, outcome: REJECTED, exit: 101 [proof:GENERATED]
       r=0.052  T_new=0.00 F_new=0.00 F_rare=0.58 U=0 Q=0.37 Q_l=0.37 Q_g=1.00 dl=3 dg=0
       Value: 0x00000007 -> 0x00000002
       Original: AddI [major=0, minor=7]
       Mutated:  Xor [major=0, minor=2]
       zkVM errors (1 lines):
         • [prover_impl.rs:280] verify segment (internal proof verification failed)
       Local constraints hit (3 unique):
         - MemoryWrite@mem.zir:99
           cycle=19710, step=2982, pc=0x00205E00, major=0, minor=2
         - VerifyOpcodeF3F7@inst.zir:102
           cycle=19710, step=2982, pc=0x00205E00, major=0, minor=2
         - VerifyOpcodeF3F7@inst.zir:103
           cycle=19710, step=2982, pc=0x00205E00, major=0, minor=2
       Global: no permutation/lookup violations (local-only)
  [159] ✓ INSTR_TYPE_MOD @ step 2672: 4 failures, 3254ms, outcome: REJECTED, exit: 101 [proof:GENERATED] G=memory|cycle
       r=0.051  T_new=0.00 F_new=0.86 F_rare=1.00 U=0 Q=0.11 Q_l=0.26 Q_g=0.43 dl=4 dg=5
       Value: 0x00060002 -> 0x00000006
       Original: Sw [major=6, minor=2]
       Mutated:  SltU [major=0, minor=6]
       zkVM errors (3 lines):
         • [prover_impl.rs:280] verify segment (internal proof verification failed)
         • [ffi.cpp:113] address mismatch at cycle 19400: preflight=0x000800c0, actual=0x3fffc060
         • [kernels/cxx/ffi.cpp:208] SKIP THROW: memory peek not in preflight
       Local constraints hit (4 unique):
         - MemoryWrite@mem.zir:100
           cycle=19400, step=2672, pc=0x00205310, major=0, minor=6
         - MemoryWrite@mem.zir:99
           cycle=19400, step=2672, pc=0x00205310, major=0, minor=6
         - VerifyOpcodeF3F7@inst.zir:102
           cycle=19400, step=2672, pc=0x00205310, major=0, minor=6
         - VerifyOpcodeF3F7@inst.zir:103
           cycle=19400, step=2672, pc=0x00205310, major=0, minor=6
       Global: memory permutation violated
         0x00200300 (data): unexpected write 0x002214ac (cycle 38489)
         0xFFFF0180 (data): expected write missing, needed 0x002214ac (cycle 38489)
       Global: cycle lookup violated (3 indices broken)
         index 0: 2254 provides, 1 uses (imbalanced)
         index 310: 1 provides, 1 uses (imbalanced)
         index 311: 1 provides, 1 uses (imbalanced)
  [160] ✓ INSTR_TYPE_MOD @ step 2601: 3 failures, 3219ms, outcome: REJECTED, exit: 101 [proof:GENERATED] G=memory
       r=0.112  T_new=0.00 F_new=0.63 F_rare=1.00 U=0 Q=0.26 Q_l=0.37 Q_g=0.72 dl=3 dg=2
       Value: 0x00050003 -> 0x00040000
       Original: LbU [major=5, minor=3]
       Mutated:  Srl [major=4, minor=0]
       zkVM errors (3 lines):
         • [prover_impl.rs:280] verify segment (internal proof verification failed)
         • [ffi.cpp:113] address mismatch at cycle 19329: preflight=0x0008852b, actual=0x3fffc021
         • [kernels/cxx/ffi.cpp:208] SKIP THROW: memory peek not in preflight
       Local constraints hit (3 unique):
         - MemoryWrite@mem.zir:99
           cycle=19329, step=2601, pc=0x00201590, major=4, minor=0
         - VerifyOpcodeF3F7@inst.zir:102
           cycle=19329, step=2601, pc=0x00201590, major=4, minor=0
         - VerifyOpcodeF3F7@inst.zir:103
           cycle=19329, step=2601, pc=0x00201590, major=4, minor=0
       Global: memory permutation violated
         x1/ra: expected write missing, needed 0xc3d4e0d9 (cycle 38461)
         0x002214AC (code): unexpected write 0xc3d4e0d9 (cycle 38461)
  [161] ✓ INSTR_TYPE_MOD @ step 707: 4 failures, 3217ms, outcome: REJECTED, exit: 101 [proof:GENERATED] G=memory
       r=0.079  T_new=0.00 F_new=0.63 F_rare=1.00 U=0 Q=0.19 Q_l=0.26 Q_g=0.72 dl=4 dg=2
       Value: 0x00010006 -> 0x00040000
       Original: Bne [major=1, minor=6]
       Mutated:  Srl [major=4, minor=0]
       zkVM errors (3 lines):
         • [prover_impl.rs:280] verify segment (internal proof verification failed)
         • [ffi.cpp:113] address mismatch at cycle 17322: preflight=0x3fffc060, actual=0x3fffc03c
         • [kernels/cxx/ffi.cpp:208] SKIP THROW: memory peek not in preflight
       Local constraints hit (4 unique):
         - MemoryWrite@mem.zir:100
           cycle=17322, step=707, pc=0x00200980, major=4, minor=0
         - VerifyOpcodeF3F7@inst.zir:102
           cycle=17322, step=707, pc=0x00200980, major=4, minor=0
         - VerifyOpcodeF3F7@inst.zir:103
           cycle=17322, step=707, pc=0x00200980, major=4, minor=0
         - VerifyOpcodeF3F7@inst.zir:104
           cycle=17322, step=707, pc=0x00200980, major=4, minor=0
       Global: memory permutation violated
         x28/t3: expected write missing, needed 0x002031fc (cycle 34641)
         0xFFFF0180 (data): unexpected write 0x002031fc (cycle 34641)
  [162] ✓ INSTR_TYPE_MOD @ step 237: 5 failures, 3260ms, outcome: REJECTED, exit: 101 [proof:GENERATED] G=memory|cycle
       r=0.037  T_new=0.00 F_new=0.92 F_rare=1.00 U=0 Q=0.08 Q_l=0.19 Q_g=0.43 dl=5 dg=5
       Value: 0x00060002 -> 0x00000001
       Original: Sw [major=6, minor=2]
       Mutated:  Sub [major=0, minor=1]
       zkVM errors (3 lines):
         • [prover_impl.rs:280] verify segment (internal proof verification failed)
         • [ffi.cpp:113] address mismatch at cycle 16816: preflight=0x000800e0, actual=0x3fffc060
         • [kernels/cxx/ffi.cpp:208] SKIP THROW: memory peek not in preflight
       Local constraints hit (5 unique):
         - MemoryWrite@mem.zir:100
           cycle=16816, step=237, pc=0x00200824, major=0, minor=1
         - MemoryWrite@mem.zir:99
           cycle=16816, step=237, pc=0x00200824, major=0, minor=1
         - VerifyOpcodeF3F7@inst.zir:102
           cycle=16816, step=237, pc=0x00200824, major=0, minor=1
         - VerifyOpcodeF3F7@inst.zir:103
           cycle=16816, step=237, pc=0x00200824, major=0, minor=1
         - VerifyOpcodeF3F7@inst.zir:104
           cycle=16816, step=237, pc=0x00200824, major=0, minor=1
       Global: memory permutation violated
         0x00200380 (data): unexpected write 0x00000000 (cycle 4722)
         0xFFFF0180 (data): expected write missing, needed 0x00000000 (cycle 4722)
       Global: cycle lookup violated (3 indices broken)
         index 0: 2254 provides, 1 uses (imbalanced)
         index 28909: orphan use (1 entries, no matching provide)
         index 28910: 1 provides, 1 uses (imbalanced)
  [163] ✓ INSTR_TYPE_MOD @ step 701: 4 failures, 3176ms, outcome: REJECTED, exit: 101 [proof:GENERATED]
       r=0.112  T_new=0.00 F_new=0.63 F_rare=1.00 U=0 Q=0.26 Q_l=0.26 Q_g=1.00 dl=4 dg=0
       Value: 0x00050002 -> 0x0005000A
       Original: Lw [major=5, minor=2]
       Mutated:  Sw [major=5, minor=10] ⚠INVALID
       zkVM errors (1 lines):
         • [prover_impl.rs:280] verify segment (internal proof verification failed)
       Local constraints hit (4 unique):
         - MemoryWrite@mem.zir:100
           cycle=17316, step=701, pc=0x002031EC, major=5, minor=10
         - MemoryWrite@mem.zir:99
           cycle=17316, step=701, pc=0x002031EC, major=5, minor=10
         - OneHot@one_hot.zir:11
           cycle=17316, step=701, pc=0x002031EC, major=5, minor=10
         - OneHot@one_hot.zir:9
           cycle=17316, step=701, pc=0x002031EC, major=5, minor=10
       Global: no permutation/lookup violations (local-only)
  [164] ✓ INSTR_TYPE_MOD @ step 3030: 3 failures, 3190ms, outcome: REJECTED, exit: 101 [proof:GENERATED]
       r=0.156  T_new=0.00 F_new=0.78 F_rare=1.00 U=0 Q=0.37 Q_l=0.37 Q_g=1.00 dl=3 dg=0
       Value: 0x00050002 -> 0x00050000
       Original: Lw [major=5, minor=2]
       Mutated:  Lb [major=5, minor=0]
       zkVM errors (1 lines):
         • [prover_impl.rs:280] verify segment (internal proof verification failed)
       Local constraints hit (3 unique):
         - MemoryWrite@mem.zir:100
           cycle=19758, step=3030, pc=0x00203474, major=5, minor=0
         - MemoryWrite@mem.zir:99
           cycle=19758, step=3030, pc=0x00203474, major=5, minor=0
         - VerifyOpcodeF3@inst.zir:97
           cycle=19758, step=3030, pc=0x00203474, major=5, minor=0
       Global: no permutation/lookup violations (local-only)
  [165] ✓ INSTR_TYPE_MOD @ step 3491: 4 failures, 3176ms, outcome: REJECTED, exit: 101 [proof:GENERATED]
       r=0.041  T_new=0.00 F_new=0.00 F_rare=0.64 U=0 Q=0.26 Q_l=0.26 Q_g=1.00 dl=4 dg=0
       Value: 0x00020001 -> 0x00000001
       Original: BltU [major=2, minor=1]
       Mutated:  Sub [major=0, minor=1]
       zkVM errors (1 lines):
         • [prover_impl.rs:280] verify segment (internal proof verification failed)
       Local constraints hit (4 unique):
         - MemoryWrite@mem.zir:99
           cycle=20293, step=3491, pc=0x00205E24, major=0, minor=1
         - VerifyOpcodeF3F7@inst.zir:102
           cycle=20293, step=3491, pc=0x00205E24, major=0, minor=1
         - VerifyOpcodeF3F7@inst.zir:103
           cycle=20293, step=3491, pc=0x00205E24, major=0, minor=1
         - VerifyOpcodeF3F7@inst.zir:104
           cycle=20293, step=3491, pc=0x00205E24, major=0, minor=1
       Global: no permutation/lookup violations (local-only)
  [166] ✓ MEM_VAL_MOD @ step 3929: 0 failures, 3216ms, outcome: REJECTED, exit: 101 [proof:GENERATED] G=memory[GO]
       r=0.281  T_new=0.00 F_new=0.39 F_rare=1.00 U=0 Q=0.85 Q_l=1.00 Q_g=0.85 dl=0 dg=1
       Value: 0x1758F7EF -> 0x1758F8EF
       Transaction: other_mem_read (READ) at address 0x10dffbc08
       zkVM errors (2 lines):
         • [prover_impl.rs:280] verify segment (internal proof verification failed)
         • [kernels/cxx/buffers.h:43] SKIP THROW: Inconsistent set
       Global: memory permutation violated [GLOBAL-ONLY]
         0x10DFFBC08 (data): wrote 0x1758f8ef, expected 0x1758f7ef (cycle 45226)
  [167] ✓ INSTR_TYPE_MOD @ step 2322: 3 failures, 3213ms, outcome: REJECTED, exit: 101 [proof:GENERATED]
       r=0.048  T_new=0.00 F_new=0.00 F_rare=0.54 U=0 Q=0.37 Q_l=0.37 Q_g=1.00 dl=3 dg=0
       Value: 0x00000003 -> 0x00040002
       Original: Or [major=0, minor=3]
       Mutated:  SrlI [major=4, minor=2]
       zkVM errors (1 lines):
         • [prover_impl.rs:280] verify segment (internal proof verification failed)
       Local constraints hit (3 unique):
         - MemoryWrite@mem.zir:100
           cycle=18976, step=2322, pc=0x002012E8, major=4, minor=2
         - VerifyOpcodeF3F7@inst.zir:102
           cycle=18976, step=2322, pc=0x002012E8, major=4, minor=2
         - VerifyOpcodeF3F7@inst.zir:103
           cycle=18976, step=2322, pc=0x002012E8, major=4, minor=2
       Global: no permutation/lookup violations (local-only)
  [168] ✓ INSTR_TYPE_MOD @ step 1176: 4 failures, 3173ms, outcome: REJECTED, exit: 101 [proof:GENERATED] [+43 touch]
       r=0.175  T_new=0.71 F_new=0.86 F_rare=1.00 U=0 Q=0.26 Q_l=0.26 Q_g=1.00 dl=4 dg=0
       Value: 0x00000007 -> 0x00030004
       Original: AddI [major=0, minor=7]
       Mutated:  MulHSU [major=3, minor=4]
       zkVM errors (1 lines):
         • [prover_impl.rs:280] verify segment (internal proof verification failed)
       Local constraints hit (4 unique):
         - MemoryWrite@mem.zir:99
           cycle=17820, step=1176, pc=0x00208AE4, major=3, minor=4
         - VerifyOpcodeF3F7@inst.zir:102
           cycle=17820, step=1176, pc=0x00208AE4, major=3, minor=4
         - VerifyOpcodeF3F7@inst.zir:103
           cycle=17820, step=1176, pc=0x00208AE4, major=3, minor=4
         - VerifyOpcodeF3F7@inst.zir:104
           cycle=17820, step=1176, pc=0x00208AE4, major=3, minor=4
       Global: no permutation/lookup violations (local-only)
  [169] ✓ INSTR_TYPE_MOD @ step 1123: 3 failures, 3163ms, outcome: REJECTED, exit: 101 [proof:GENERATED]
       r=0.040  T_new=0.00 F_new=0.00 F_rare=0.44 U=0 Q=0.37 Q_l=0.37 Q_g=1.00 dl=3 dg=0
       Value: 0x00000007 -> 0x00000001
       Original: AddI [major=0, minor=7]
       Mutated:  Sub [major=0, minor=1]
       zkVM errors (1 lines):
         • [prover_impl.rs:280] verify segment (internal proof verification failed)
       Local constraints hit (3 unique):
         - MemoryWrite@mem.zir:99
           cycle=17767, step=1123, pc=0x00200D44, major=0, minor=1
         - VerifyOpcodeF3F7@inst.zir:102
           cycle=17767, step=1123, pc=0x00200D44, major=0, minor=1
         - VerifyOpcodeF3F7@inst.zir:104
           cycle=17767, step=1123, pc=0x00200D44, major=0, minor=1
       Global: no permutation/lookup violations (local-only)
  [170] ✓ INSTR_TYPE_MOD @ step 852: 13 failures, 3220ms, outcome: REJECTED, exit: 101 [proof:GENERATED] [+34 touch] G=memory
       r=0.005  T_new=0.62 F_new=1.00 F_rare=1.00 U=0 Q=0.01 Q_l=0.04 Q_g=0.19 dl=10 dg=10
       Value: 0x00020005 -> 0x00020008
       Original: Lui [major=2, minor=5]
       Mutated:  Sll [major=2, minor=8] ⚠INVALID
       zkVM errors (3 lines):
         • [prover_impl.rs:280] verify segment (internal proof verification failed)
         • [ffi.cpp:113] address mismatch at cycle 17479: preflight=0x3fffc02b, actual=0x3fffc060
         • [kernels/cxx/ffi.cpp:208] SKIP THROW: memory peek not in preflight
       Local constraints hit (5 unique):
         - AddrDecompose@u32.zir:67 (x8)
           cycle=17480, step=853, pc=0x002031E0, major=1, minor=5
         - MemoryWrite@mem.zir:100 (x2)
           cycle=17479, step=852, pc=0x002031C0, major=2, minor=8
         - MemoryWrite@mem.zir:99
           cycle=17487, step=860, pc=0x002009E8, major=2, minor=4
         - OneHot@one_hot.zir:11
           cycle=17479, step=852, pc=0x002031C0, major=2, minor=8
         - OneHot@one_hot.zir:9
           cycle=17479, step=852, pc=0x002031C0, major=2, minor=8
       Global: memory permutation violated (18 addrs: 1 register, 8 code, 9 data)
         0x00000000 (data): expected write missing, needed 0x02950063 (cycle 34792)
         0x00000020 (data): expected write missing, needed 0x00758513 (cycle 34794)
         0x00000024 (data): expected write missing, needed 0x00a42023 (cycle 34796)
         + 8 code addresses diverged (instruction fetch cascade)
         + 7 more addresses
  [171] ✓ INSTR_WORD_MOD_SUR @ step 326: 0 failures, 3191ms, outcome: REJECTED, exit: 101 [proof:GENERATED] G=memory[GO]
       r=0.256  T_new=0.00 F_new=0.78 F_rare=1.00 U=0 Q=0.61 Q_l=1.00 Q_g=0.61 dl=0 dg=3
       Value: 0x900080E7 -> 0x900680E7
       Surgical: rs1 = 1 -> 13
       Original: JALR x1, x1, -1792
       Mutated:  JALR x1, x13, -1792
       zkVM errors (3 lines):
         • [prover_impl.rs:280] verify segment (internal proof verification failed)
         • [ffi.cpp:113] address mismatch at cycle 16911: preflight=0x3fffc021, actual=0x3fffc02d
         • [kernels/cxx/ffi.cpp:208] SKIP THROW: memory peek not in preflight
       Global: memory permutation violated [GLOBAL-ONLY]
         x1/ra: unexpected write 0x00203888 (cycle 33821)
         x13/a3: expected write missing, needed 0x00203888 (cycle 33821)
         0x0020088C (code): wrote 0x900080e7, expected 0x900680e7 (cycle 4886)
  [172] ✓ PRE_EXEC_REG_MOD @ step 3340: 2 failures, 3195ms, outcome: REJECTED, exit: 101 [proof:GENERATED] G=memory
       r=0.111  T_new=0.00 F_new=0.39 F_rare=0.68 U=0 Q=0.43 Q_l=0.51 Q_g=0.85 dl=2 dg=1
       Value: 0x30A10A85 -> 0x85085428
       Register: x16 (a6), READ, strategy=next_read
       zkVM errors (1 lines):
         • [prover_impl.rs:280] verify segment (internal proof verification failed)
       Local constraints hit (2 unique):
         - IsRead@mem.zir:79
           cycle=20142, step=3340, pc=0x00203440, major=0, minor=7
         - IsRead@mem.zir:80
           cycle=20142, step=3340, pc=0x00203440, major=0, minor=7
       Global: memory permutation violated
         x16/a6: wrote 0x85085428, expected 0x30a10a85 (cycle 40284)
  [173] ✓ INSTR_TYPE_MOD @ step 3055: 3 failures, 3258ms, outcome: REJECTED, exit: 101 [proof:GENERATED] G=memory|cycle
       r=0.071  T_new=0.00 F_new=0.86 F_rare=1.00 U=0 Q=0.16 Q_l=0.37 Q_g=0.43 dl=3 dg=5
       Value: 0x00060000 -> 0x00010002
       Original: Sb [major=6, minor=0]
       Mutated:  AndI [major=1, minor=2]
       zkVM errors (3 lines):
         • [prover_impl.rs:280] verify segment (internal proof verification failed)
         • [ffi.cpp:113] address mismatch at cycle 19783: preflight=0x0008854e, actual=0x3fffc021
         • [kernels/cxx/ffi.cpp:208] SKIP THROW: memory peek not in preflight
       Local constraints hit (3 unique):
         - MemoryWrite@mem.zir:99
           cycle=19783, step=3055, pc=0x00203218, major=1, minor=2
         - VerifyOpcodeF3@inst.zir:96
           cycle=19783, step=3055, pc=0x00203218, major=1, minor=2
         - VerifyOpcodeF3@inst.zir:97
           cycle=19783, step=3055, pc=0x00203218, major=1, minor=2
       Global: memory permutation violated
         x1/ra: expected write missing, needed 0x00000080 (cycle 39557)
         0x00221538 (code): unexpected write 0x00000080 (cycle 39557)
       Global: cycle lookup violated (3 indices broken)
         index 0: 2254 provides, 1 uses (imbalanced)
         index 8: 324 provides, 1 uses (imbalanced)
         index 9: 344 provides, 1 uses (imbalanced)
  [174] ✓ INSTR_TYPE_MOD @ step 3052: 3 failures, 3200ms, outcome: REJECTED, exit: 101 [proof:GENERATED] [+33 touch]
       r=0.228  T_new=0.61 F_new=0.78 F_rare=1.00 U=0 Q=0.37 Q_l=0.37 Q_g=1.00 dl=3 dg=0
       Value: 0x00000007 -> 0x0003000C
       Original: AddI [major=0, minor=7]
       Mutated:  Div [major=3, minor=12] ⚠INVALID
       zkVM errors (1 lines):
         • [prover_impl.rs:280] verify segment (internal proof verification failed)
       Local constraints hit (3 unique):
         - MemoryWrite@mem.zir:99
           cycle=19780, step=3052, pc=0x0020320C, major=3, minor=12
         - OneHot@one_hot.zir:11
           cycle=19780, step=3052, pc=0x0020320C, major=3, minor=12
         - OneHot@one_hot.zir:9
           cycle=19780, step=3052, pc=0x0020320C, major=3, minor=12
       Global: no permutation/lookup violations (local-only)
  [175] ✓ INSTR_TYPE_MOD @ step 1353: 8 failures, 3333ms, outcome: REJECTED, exit: 101 [proof:GENERATED] G=memory|cycle
       r=0.012  T_new=0.00 F_new=0.63 F_rare=1.00 U=0 Q=0.03 Q_l=0.07 Q_g=0.43 dl=8 dg=5
       Value: 0x00000007 -> 0x00060002
       Original: AddI [major=0, minor=7]
       Mutated:  Sw [major=6, minor=2]
       zkVM errors (3 lines):
         • [prover_impl.rs:280] verify segment (internal proof verification failed)
         • [ffi.cpp:113] address mismatch at cycle 17997: preflight=0x3fffc02c, actual=0x00000002
         • [kernels/cxx/ffi.cpp:208] SKIP THROW: memory peek not in preflight
       Local constraints hit (8 unique):
         - AddrDecomposeBits@u32.zir:87
           cycle=17997, step=1353, pc=0x002184D0, major=6, minor=2
         - IsRead@mem.zir:79
           cycle=17997, step=1353, pc=0x002184D0, major=6, minor=2
         - MemoryWrite@mem.zir:100
           cycle=17997, step=1353, pc=0x002184D0, major=6, minor=2
         - MemoryWrite@mem.zir:99
           cycle=17997, step=1353, pc=0x002184D0, major=6, minor=2
         - OpSW@inst_mem.zir:160
           cycle=17997, step=1353, pc=0x002184D0, major=6, minor=2
         - OpSW@inst_mem.zir:161
           cycle=17997, step=1353, pc=0x002184D0, major=6, minor=2
         - VerifyOpcodeF3@inst.zir:96
           cycle=17997, step=1353, pc=0x002184D0, major=6, minor=2
         - VerifyOpcodeF3@inst.zir:97
           cycle=17997, step=1353, pc=0x002184D0, major=6, minor=2
       Global: memory permutation violated
         0x00000008 (data): expected write missing, needed 0x00150513 (cycle 35982)
         x12/a2: unexpected write 0x0000001f (cycle 35994)
       Global: cycle lookup violated (3 indices broken)
         index 0: 2254 provides, 1 uses (imbalanced)
         index 12: 190 provides, 1 uses (imbalanced)
         index 2013265920: orphan provide (1 entries, no matching use)
  [176] ✓ INSTR_TYPE_MOD @ step 2154: 4 failures, 3284ms, outcome: REJECTED, exit: 101 [proof:GENERATED] G=memory|cycle
       r=0.051  T_new=0.00 F_new=0.86 F_rare=1.00 U=0 Q=0.11 Q_l=0.26 Q_g=0.43 dl=4 dg=5
       Value: 0x00060002 -> 0x00000002
       Original: Sw [major=6, minor=2]
       Mutated:  Xor [major=0, minor=2]
       zkVM errors (3 lines):
         • [prover_impl.rs:280] verify segment (internal proof verification failed)
         • [ffi.cpp:113] address mismatch at cycle 18808: preflight=0x00088526, actual=0x3fffc030
         • [kernels/cxx/ffi.cpp:208] SKIP THROW: memory peek not in preflight
       Local constraints hit (4 unique):
         - MemoryWrite@mem.zir:100
           cycle=18808, step=2154, pc=0x0020256C, major=0, minor=2
         - MemoryWrite@mem.zir:99
           cycle=18808, step=2154, pc=0x0020256C, major=0, minor=2
         - VerifyOpcodeF3F7@inst.zir:102
           cycle=18808, step=2154, pc=0x0020256C, major=0, minor=2
         - VerifyOpcodeF3F7@inst.zir:103
           cycle=18808, step=2154, pc=0x0020256C, major=0, minor=2
       Global: memory permutation violated
         x16/a6: expected write missing, needed 0x00000000 (cycle 29358)
         0x00221498 (code): unexpected write 0x00000000 (cycle 29358)
       Global: cycle lookup violated (3 indices broken)
         index 0: 2254 provides, 1 uses (imbalanced)
         index 8257: orphan use (1 entries, no matching provide)
         index 8258: 1 provides, 1 uses (imbalanced)
  [177] ✓ MEM_VAL_MOD @ step 798: 1 failures, 3223ms, outcome: REJECTED, exit: 101 [proof:GENERATED] G=memory
       r=0.153  T_new=0.00 F_new=0.39 F_rare=0.66 U=0 Q=0.61 Q_l=0.72 Q_g=0.85 dl=1 dg=1
       Value: 0x00000001 -> 0xFFFF0001
       Transaction: store_rmw_read (READ) at address 0x00200358
       zkVM errors (1 lines):
         • [prover_impl.rs:280] verify segment (internal proof verification failed)
       Local constraints hit (1 unique):
         - IsRead@mem.zir:80
           cycle=17419, step=798, pc=0x00203194, major=6, minor=2
       Global: memory permutation violated
         0x00200358 (data): wrote 0xffff0001, expected 0x00000001 (cycle 34838)
  [178] ✓ INSTR_TYPE_MOD @ step 2183: 5 failures, 3226ms, outcome: REJECTED, exit: 101 [proof:GENERATED] G=memory
       r=0.057  T_new=0.00 F_new=0.78 F_rare=1.00 U=0 Q=0.14 Q_l=0.19 Q_g=0.72 dl=5 dg=2
       Value: 0x00050002 -> 0x00000000
       Original: Lw [major=5, minor=2]
       Mutated:  Add [major=0, minor=0]
       zkVM errors (3 lines):
         • [prover_impl.rs:280] verify segment (internal proof verification failed)
         • [ffi.cpp:113] address mismatch at cycle 18837: preflight=0x0008006b, actual=0x3fffc02c
         • [kernels/cxx/ffi.cpp:208] SKIP THROW: memory peek not in preflight
       Local constraints hit (5 unique):
         - MemoryWrite@mem.zir:100
           cycle=18837, step=2183, pc=0x00204194, major=0, minor=0
         - MemoryWrite@mem.zir:99
           cycle=18837, step=2183, pc=0x00204194, major=0, minor=0
         - VerifyOpcodeF3F7@inst.zir:102
           cycle=18837, step=2183, pc=0x00204194, major=0, minor=0
         - VerifyOpcodeF3F7@inst.zir:103
           cycle=18837, step=2183, pc=0x00204194, major=0, minor=0
         - VerifyOpcodeF3F7@inst.zir:104
           cycle=18837, step=2183, pc=0x00204194, major=0, minor=0
       Global: memory permutation violated
         0x002001AC (data): unexpected write 0x00000000 (cycle 36491)
         x12/a2: expected write missing, needed 0x00000000 (cycle 36491)
  [179] ✓ INSTR_TYPE_MOD @ step 3651: 3 failures, 3176ms, outcome: REJECTED, exit: 101 [proof:GENERATED] G=memory
       r=0.036  T_new=0.00 F_new=1.00 F_rare=1.00 U=0 Q=0.07 Q_l=0.37 Q_g=0.19 dl=3 dg=10
       Value: 0x00000007 -> 0x00020007
       Original: AddI [major=0, minor=7]
       Mutated:  Unknown(2,7) [major=2, minor=7] ⚠INVALID
       zkVM errors (3 lines):
         • [prover_impl.rs:280] verify segment (internal proof verification failed)
         • [ffi.cpp:113] address mismatch at cycle 20527: preflight=0x3fffc02b, actual=0x3fffc060
         • [kernels/cxx/ffi.cpp:208] SKIP THROW: memory peek not in preflight
       Local constraints hit (2 unique):
         - MemoryWrite@mem.zir:99 (x2)
           cycle=20527, step=3651, pc=0x00203418, major=2, minor=7
         - VerifyOpcodeF3F7@inst.zir:102
           cycle=20527, step=3651, pc=0x00203418, major=2, minor=7
       Global: memory permutation violated (34 addrs: 1 register, 32 code, 1 data)
         x11/a1: unexpected write 0x00000010 (cycle 41052)
         0xFFFF0180 (data): expected write missing, needed 0x00000010 (cycle 41052)
         + 32 code addresses diverged (instruction fetch cascade)
  [180] ✓ INSTR_TYPE_MOD @ step 732: 4 failures, 3284ms, outcome: REJECTED, exit: 101 [proof:GENERATED]
       r=0.055  T_new=0.00 F_new=0.00 F_rare=0.71 U=0 Q=0.26 Q_l=0.26 Q_g=1.00 dl=4 dg=0
       Value: 0x00000007 -> 0x00030004
       Original: AddI [major=0, minor=7]
       Mutated:  MulHSU [major=3, minor=4]
       zkVM errors (1 lines):
         • [prover_impl.rs:280] verify segment (internal proof verification failed)
       Local constraints hit (4 unique):
         - MemoryWrite@mem.zir:99
           cycle=17347, step=732, pc=0x0020613C, major=3, minor=4
         - VerifyOpcodeF3F7@inst.zir:102
           cycle=17347, step=732, pc=0x0020613C, major=3, minor=4
         - VerifyOpcodeF3F7@inst.zir:103
           cycle=17347, step=732, pc=0x0020613C, major=3, minor=4
         - VerifyOpcodeF3F7@inst.zir:104
           cycle=17347, step=732, pc=0x0020613C, major=3, minor=4
       Global: no permutation/lookup violations (local-only)
  [181] ✓ INSTR_TYPE_MOD @ step 2368: 1 failures, 3187ms, outcome: REJECTED, exit: 101 [proof:GENERATED]
       r=0.087  T_new=0.00 F_new=0.00 F_rare=0.50 U=0 Q=0.72 Q_l=0.72 Q_g=1.00 dl=1 dg=0
       Value: 0x00060002 -> 0x00060000
       Original: Sw [major=6, minor=2]
       Mutated:  Sb [major=6, minor=0]
       zkVM errors (1 lines):
         • [prover_impl.rs:280] verify segment (internal proof verification failed)
       Local constraints hit (1 unique):
         - VerifyOpcodeF3@inst.zir:97
           cycle=19022, step=2368, pc=0x00203298, major=6, minor=0
       Global: no permutation/lookup violations (local-only)
  [182] ✓ LOAD_VAL_MOD @ step 2006: 2 failures, 3210ms, outcome: REJECTED, exit: 101 [proof:GENERATED] G=memory
       r=0.116  T_new=0.00 F_new=0.39 F_rare=0.72 U=0 Q=0.43 Q_l=0.51 Q_g=0.85 dl=2 dg=1
       Value: 0x00000041 -> 0xDC00C35D
       Load destination: rd = x13 (a3)
       zkVM errors (1 lines):
         • [prover_impl.rs:280] verify segment (internal proof verification failed)
       Local constraints hit (2 unique):
         - MemoryWrite@mem.zir:100
           cycle=18655, step=2006, pc=0x002184C0, major=5, minor=3
         - MemoryWrite@mem.zir:99
           cycle=18655, step=2006, pc=0x002184C0, major=5, minor=3
       Global: memory permutation violated
         x13/a3: wrote 0xdc00c35d, expected 0x00000041 (cycle 37311)
  [183] ✓ INSTR_TYPE_MOD @ step 3476: 6 failures, 3295ms, outcome: REJECTED, exit: 101 [proof:GENERATED] [+2 touch] G=memory|cycle
       r=0.029  T_new=0.06 F_new=0.92 F_rare=1.00 U=0 Q=0.06 Q_l=0.14 Q_g=0.43 dl=6 dg=5
       Value: 0x00020006 -> 0x00060001
       Original: Auipc [major=2, minor=6]
       Mutated:  Sh [major=6, minor=1]
       zkVM errors (3 lines):
         • [prover_impl.rs:280] verify segment (internal proof verification failed)
         • [ffi.cpp:113] address mismatch at cycle 20278: preflight=0x3fffc021, actual=0x00000000
         • [kernels/cxx/ffi.cpp:208] SKIP THROW: memory peek not in preflight
       Local constraints hit (6 unique):
         - AddrDecomposeBits@u32.zir:87
           cycle=20278, step=3476, pc=0x0020539C, major=6, minor=1
         - IsRead@mem.zir:79
           cycle=20278, step=3476, pc=0x0020539C, major=6, minor=1
         - MemoryWrite@mem.zir:100
           cycle=20278, step=3476, pc=0x0020539C, major=6, minor=1
         - MemoryWrite@mem.zir:99
           cycle=20278, step=3476, pc=0x0020539C, major=6, minor=1
         - OpSH@inst_mem.zir:148
           cycle=20278, step=3476, pc=0x0020539C, major=6, minor=1
         - VerifyOpcodeF3@inst.zir:96
           cycle=20278, step=3476, pc=0x0020539C, major=6, minor=1
       Global: memory permutation violated
         0x00000000 (data): expected write missing, needed 0xa54080e7 (cycle 39252)
         x1/ra: unexpected write 0x00205390 (cycle 40550)
       Global: cycle lookup violated (3 indices broken)
         index 5: 350 provides, 1 uses (imbalanced)
         index 6: 413 provides, 1 uses (imbalanced)
         index 1304: 1 provides, 1 uses (imbalanced)
  [184] ✓ INSTR_TYPE_MOD @ step 450: 5 failures, 3248ms, outcome: REJECTED, exit: 101 [proof:GENERATED] G=memory|cycle
       r=0.035  T_new=0.00 F_new=0.78 F_rare=1.00 U=0 Q=0.08 Q_l=0.19 Q_g=0.43 dl=5 dg=5
       Value: 0x00000000 -> 0x00060000
       Original: Add [major=0, minor=0]
       Mutated:  Sb [major=6, minor=0]
       zkVM errors (3 lines):
         • [prover_impl.rs:280] verify segment (internal proof verification failed)
         • [ffi.cpp:113] address mismatch at cycle 17047: preflight=0x3fffc030, actual=0x00000005
         • [kernels/cxx/ffi.cpp:208] SKIP THROW: memory peek not in preflight
       Local constraints hit (5 unique):
         - AddrDecomposeBits@u32.zir:87
           cycle=17047, step=450, pc=0x00206178, major=6, minor=0
         - IsRead@mem.zir:79
           cycle=17047, step=450, pc=0x00206178, major=6, minor=0
         - MemoryWrite@mem.zir:100
           cycle=17047, step=450, pc=0x00206178, major=6, minor=0
         - MemoryWrite@mem.zir:99
           cycle=17047, step=450, pc=0x00206178, major=6, minor=0
         - VerifyOpcodeF3@inst.zir:96
           cycle=17047, step=450, pc=0x00206178, major=6, minor=0
       Global: memory permutation violated
         0x00000014 (data): expected write missing, needed 0x02e57663 (cycle 33928)
         x16/a6: unexpected write 0x00000000 (cycle 34094)
       Global: cycle lookup violated (3 indices broken)
         index 0: 2254 provides, 1 uses (imbalanced)
         index 166: 4 provides, 1 uses (imbalanced)
         index 2013265920: orphan provide (1 entries, no matching use)
  [185] ✓ INSTR_WORD_MOD_FULL @ step 3929: 1 failures, 3197ms, outcome: REJECTED, exit: 101 [proof:GENERATED] G=memory
       r=0.181  T_new=0.00 F_new=0.39 F_rare=0.85 U=0 Q=0.61 Q_l=0.72 Q_g=0.85 dl=1 dg=1
       Value: 0x00000073 -> 0x00000063
       Original: ECALL x0, x0, 0
       Mutated:  BEQ x0, x0, 0
       Format changed: I -> B
       zkVM errors (1 lines):
         • [prover_impl.rs:280] verify segment (internal proof verification failed)
       Local constraints hit (1 unique):
         - MachineECall@inst_ecall.zir:29
           cycle=20879, step=3929, pc=0xC00000F8, major=8, minor=0
       Global: memory permutation violated
         0xC00000F8 (data): wrote 0x00000073, expected 0x00000063 (cycle 30062)
  [186] ✓ INSTR_TYPE_MOD @ step 3442: 7 failures, 3250ms, outcome: REJECTED, exit: 101 [proof:GENERATED] G=memory
       r=0.009  T_new=0.00 F_new=0.99 F_rare=1.00 U=0 Q=0.02 Q_l=0.10 Q_g=0.19 dl=7 dg=10
       Value: 0x00000000 -> 0x00020003
       Original: Add [major=0, minor=0]
       Mutated:  Jal [major=2, minor=3]
       zkVM errors (3 lines):
         • [prover_impl.rs:280] verify segment (internal proof verification failed)
         • [ffi.cpp:113] address mismatch at cycle 20245: preflight=0x00081345, actual=0x000a7549
         • [kernels/cxx/buffers.h:43] SKIP THROW: Inconsistent set
       Local constraints hit (3 unique):
         - MemoryWrite@mem.zir:100 (x3)
           cycle=20244, step=3442, pc=0x00204D14, major=2, minor=3
         - MemoryWrite@mem.zir:99 (x3)
           cycle=20244, step=3442, pc=0x00204D14, major=2, minor=3
         - VerifyOpcode@inst.zir:91
           cycle=20244, step=3442, pc=0x00204D14, major=2, minor=3
       Global: memory permutation violated (12 addrs: 12 code)
         + 12 code addresses diverged (instruction fetch cascade)
  [187] ✓ INSTR_TYPE_MOD @ step 1429: 4 failures, 3251ms, outcome: REJECTED, exit: 101 [proof:GENERATED] G=memory|cycle
       r=0.044  T_new=0.00 F_new=0.63 F_rare=1.00 U=0 Q=0.11 Q_l=0.26 Q_g=0.43 dl=4 dg=5
       Value: 0x00000007 -> 0x00060000
       Original: AddI [major=0, minor=7]
       Mutated:  Sb [major=6, minor=0]
       zkVM errors (3 lines):
         • [prover_impl.rs:280] verify segment (internal proof verification failed)
         • [ffi.cpp:113] address mismatch at cycle 18073: preflight=0x3fffc02b, actual=0x000867a2
         • [kernels/cxx/ffi.cpp:208] SKIP THROW: memory peek not in preflight
       Local constraints hit (4 unique):
         - IsRead@mem.zir:79
           cycle=18073, step=1429, pc=0x002184CC, major=6, minor=0
         - MemoryWrite@mem.zir:100
           cycle=18073, step=1429, pc=0x002184CC, major=6, minor=0
         - MemoryWrite@mem.zir:99
           cycle=18073, step=1429, pc=0x002184CC, major=6, minor=0
         - VerifyOpcodeF3@inst.zir:96
           cycle=18073, step=1429, pc=0x002184CC, major=6, minor=0
       Global: memory permutation violated
         x11/a1: unexpected write 0x00219e80 (cycle 36146)
         0x00219E88 (code): expected write missing, needed 0xfff60613 (cycle 36134)
       Global: cycle lookup violated (3 indices broken)
         index 0: 2254 provides, 1 uses (imbalanced)
         index 12: 190 provides, 1 uses (imbalanced)
         index 2013265920: orphan provide (1 entries, no matching use)
  [188] ✓ INSTR_TYPE_MOD @ step 3175: 6 failures, 3250ms, outcome: REJECTED, exit: 101 [proof:GENERATED] [+2 touch] G=memory
       r=0.047  T_new=0.06 F_new=0.95 F_rare=1.00 U=0 Q=0.10 Q_l=0.14 Q_g=0.72 dl=6 dg=2
       Value: 0x00020006 -> 0x00020000
       Original: Auipc [major=2, minor=6]
       Mutated:  Bge [major=2, minor=0]
       zkVM errors (3 lines):
         • [prover_impl.rs:280] verify segment (internal proof verification failed)
         • [ffi.cpp:113] address mismatch at cycle 19977: preflight=0x3fffc026, actual=0x3fffc060
         • [kernels/cxx/ffi.cpp:208] SKIP THROW: memory peek not in preflight
       Local constraints hit (5 unique):
         - DecodeInst@inst.zir:29
           cycle=19978, step=3176, pc=0x00205E54, major=2, minor=4
         - MemoryWrite@mem.zir:100
           cycle=19977, step=3175, pc=0x0020584C, major=2, minor=0
         - MemoryWrite@mem.zir:99 (x2)
           cycle=19977, step=3175, pc=0x0020584C, major=2, minor=0
         - VerifyOpcodeF3@inst.zir:96
           cycle=19977, step=3175, pc=0x0020584C, major=2, minor=0
         - VerifyOpcodeF3@inst.zir:97
           cycle=19977, step=3175, pc=0x0020584C, major=2, minor=0
       Global: memory permutation violated
         x6/t1: unexpected write 0x17e32f5a (cycle 38946)
         0xFFFF0180 (data): expected write missing, needed 0x17e32f5a (cycle 38946)
  [189] ✓ PRE_EXEC_REG_MOD @ step 2010: 2 failures, 3317ms, outcome: REJECTED, exit: 101 [proof:GENERATED] G=memory
       r=0.110  T_new=0.00 F_new=0.39 F_rare=0.67 U=0 Q=0.43 Q_l=0.51 Q_g=0.85 dl=2 dg=1
       Value: 0x00000000 -> 0x9F47F9FB
       Register: x31 (t6), READ, strategy=next_read
       zkVM errors (1 lines):
         • [prover_impl.rs:280] verify segment (internal proof verification failed)
       Local constraints hit (2 unique):
         - IsRead@mem.zir:79
           cycle=18659, step=2010, pc=0x002184D0, major=0, minor=7
         - IsRead@mem.zir:80
           cycle=18659, step=2010, pc=0x002184D0, major=0, minor=7
       Global: memory permutation violated
         x31/t6: wrote 0x9f47f9fb, expected 0x00000000 (cycle 37318)
  [190] ✓ INSTR_TYPE_MOD @ step 1389: 4 failures, 3220ms, outcome: REJECTED, exit: 101 [proof:GENERATED]
       r=0.033  T_new=0.00 F_new=0.00 F_rare=0.51 U=0 Q=0.26 Q_l=0.26 Q_g=1.00 dl=4 dg=0
       Value: 0x00000007 -> 0x00000001
       Original: AddI [major=0, minor=7]
       Mutated:  Sub [major=0, minor=1]
       zkVM errors (1 lines):
         • [prover_impl.rs:280] verify segment (internal proof verification failed)
       Local constraints hit (4 unique):
         - MemoryWrite@mem.zir:100
           cycle=18033, step=1389, pc=0x002184D4, major=0, minor=1
         - MemoryWrite@mem.zir:99
           cycle=18033, step=1389, pc=0x002184D4, major=0, minor=1
         - VerifyOpcodeF3F7@inst.zir:102
           cycle=18033, step=1389, pc=0x002184D4, major=0, minor=1
         - VerifyOpcodeF3F7@inst.zir:104
           cycle=18033, step=1389, pc=0x002184D4, major=0, minor=1
       Global: no permutation/lookup violations (local-only)
  [191] ✓ LOAD_VAL_MOD @ step 1929: 2 failures, 3191ms, outcome: REJECTED, exit: 101 [proof:GENERATED] G=memory
       r=0.114  T_new=0.00 F_new=0.39 F_rare=0.70 U=0 Q=0.43 Q_l=0.51 Q_g=0.85 dl=2 dg=1
       Value: 0x00000052 -> 0x20000000
       Load destination: rd = x13 (a3)
       zkVM errors (1 lines):
         • [prover_impl.rs:280] verify segment (internal proof verification failed)
       Local constraints hit (2 unique):
         - MemoryWrite@mem.zir:100
           cycle=18578, step=1929, pc=0x002184C0, major=5, minor=3
         - MemoryWrite@mem.zir:99
           cycle=18578, step=1929, pc=0x002184C0, major=5, minor=3
       Global: memory permutation violated
         x13/a3: wrote 0x20000000, expected 0x00000052 (cycle 37157)
  [192] ✓ INSTR_TYPE_MOD @ step 2140: 4 failures, 3221ms, outcome: REJECTED, exit: 101 [proof:GENERATED] G=memory
       r=0.024  T_new=0.00 F_new=0.99 F_rare=1.00 U=0 Q=0.05 Q_l=0.26 Q_g=0.19 dl=4 dg=10
       Value: 0x00020004 -> 0x00010000
       Original: JalR [major=2, minor=4]
       Mutated:  XorI [major=1, minor=0]
       zkVM errors (3 lines):
         • [prover_impl.rs:280] verify segment (internal proof verification failed)
         • [ffi.cpp:113] address mismatch at cycle 18795: preflight=0x0008094d, actual=0x00081790
         • [kernels/cxx/buffers.h:43] SKIP THROW: Inconsistent set
       Local constraints hit (3 unique):
         - MemoryWrite@mem.zir:99 (x2)
           cycle=18794, step=2140, pc=0x00202534, major=1, minor=0
         - VerifyOpcodeF3@inst.zir:96
           cycle=18794, step=2140, pc=0x00202534, major=1, minor=0
         - VerifyOpcodeF3@inst.zir:97
           cycle=18794, step=2140, pc=0x00202534, major=1, minor=0
       Global: memory permutation violated (48 addrs: 48 code)
         + 48 code addresses diverged (instruction fetch cascade)
  [193] ✓ MEM_VAL_MOD @ step 2556: 2 failures, 3198ms, outcome: REJECTED, exit: 101 [proof:GENERATED] G=memory
       r=0.109  T_new=0.00 F_new=0.39 F_rare=0.66 U=0 Q=0.43 Q_l=0.51 Q_g=0.85 dl=2 dg=1
       Value: 0x00000000 -> 0x8041D300
       Transaction: store_rmw_read (READ) at address 0x002003a0
       zkVM errors (1 lines):
         • [prover_impl.rs:280] verify segment (internal proof verification failed)
       Local constraints hit (2 unique):
         - IsRead@mem.zir:79
           cycle=19284, step=2556, pc=0x002014DC, major=6, minor=2
         - IsRead@mem.zir:80
           cycle=19284, step=2556, pc=0x002014DC, major=6, minor=2
       Global: memory permutation violated
         0x002003A0 (data): wrote 0x8041d300, expected 0x00000000 (cycle 38568)
  [194] ✓ PRE_EXEC_REG_MOD @ step 3539: 4 failures, 3255ms, outcome: REJECTED, exit: 101 [proof:GENERATED] G=memory
       r=0.058  T_new=0.00 F_new=0.39 F_rare=0.69 U=0 Q=0.22 Q_l=0.26 Q_g=0.85 dl=4 dg=1
       Value: 0x00219E74 -> 0xFFDE618C
       Register: x11 (a1), READ, strategy=next_read
       zkVM errors (1 lines):
         • [prover_impl.rs:280] verify segment (internal proof verification failed)
       Local constraints hit (4 unique):
         - IsRead@mem.zir:79
           cycle=20341, step=3539, pc=0xC0000178, major=5, minor=2
         - IsRead@mem.zir:80
           cycle=20341, step=3539, pc=0xC0000178, major=5, minor=2
         - MemoryWrite@mem.zir:100
           cycle=20341, step=3539, pc=0xC0000178, major=5, minor=2
         - MemoryWrite@mem.zir:99
           cycle=20341, step=3539, pc=0xC0000178, major=5, minor=2
       Global: memory permutation violated
         x11/a1: wrote 0xffde618c, expected 0x00219e74 (cycle 40682)
  [195] ✓ INSTR_TYPE_MOD @ step 3261: 4 failures, 3220ms, outcome: REJECTED, exit: 101 [proof:GENERATED] G=memory
       r=0.073  T_new=0.00 F_new=0.63 F_rare=1.00 U=0 Q=0.19 Q_l=0.26 Q_g=0.72 dl=4 dg=2
       Value: 0x00000007 -> 0x00050002
       Original: AddI [major=0, minor=7]
       Mutated:  Lw [major=5, minor=2]
       zkVM errors (3 lines):
         • [prover_impl.rs:280] verify segment (internal proof verification failed)
         • [ffi.cpp:113] address mismatch at cycle 20063: preflight=0x3fffc020, actual=0x00080073
         • [kernels/cxx/ffi.cpp:208] SKIP THROW: memory peek not in preflight
       Local constraints hit (4 unique):
         - MemoryWrite@mem.zir:100
           cycle=20063, step=3261, pc=0x00203404, major=5, minor=2
         - MemoryWrite@mem.zir:99
           cycle=20063, step=3261, pc=0x00203404, major=5, minor=2
         - VerifyOpcodeF3@inst.zir:96
           cycle=20063, step=3261, pc=0x00203404, major=5, minor=2
         - VerifyOpcodeF3@inst.zir:97
           cycle=20063, step=3261, pc=0x00203404, major=5, minor=2
       Global: memory permutation violated
         0x002001CC (data): expected write missing, needed 0x00000000 (cycle 40124)
         x0/zero: unexpected write 0x00000000 (cycle 40124)
  [196] ✓ INSTR_TYPE_MOD @ step 399: 4 failures, 3158ms, outcome: REJECTED, exit: 101 [proof:GENERATED]
       r=0.055  T_new=0.00 F_new=0.00 F_rare=0.71 U=0 Q=0.26 Q_l=0.26 Q_g=1.00 dl=4 dg=0
       Value: 0x00000007 -> 0x00030000
       Original: AddI [major=0, minor=7]
       Mutated:  Sll [major=3, minor=0]
       zkVM errors (1 lines):
         • [prover_impl.rs:280] verify segment (internal proof verification failed)
       Local constraints hit (4 unique):
         - MemoryWrite@mem.zir:100
           cycle=16990, step=399, pc=0x002008B0, major=3, minor=0
         - MemoryWrite@mem.zir:99
           cycle=16990, step=399, pc=0x002008B0, major=3, minor=0
         - VerifyOpcodeF3F7@inst.zir:102
           cycle=16990, step=399, pc=0x002008B0, major=3, minor=0
         - VerifyOpcodeF3F7@inst.zir:103
           cycle=16990, step=399, pc=0x002008B0, major=3, minor=0
       Global: no permutation/lookup violations (local-only)
  [197] ✓ MEM_VAL_MOD @ step 3408: 2 failures, 3225ms, outcome: REJECTED, exit: 101 [proof:GENERATED] G=memory
       r=0.111  T_new=0.00 F_new=0.39 F_rare=0.68 U=0 Q=0.43 Q_l=0.51 Q_g=0.85 dl=2 dg=1
       Value: 0x00000000 -> 0x00000004
       Transaction: load_mem_read (READ) at address 0x002002ac
       zkVM errors (1 lines):
         • [prover_impl.rs:280] verify segment (internal proof verification failed)
       Local constraints hit (2 unique):
         - IsRead@mem.zir:79
           cycle=20210, step=3408, pc=0x0020341C, major=5, minor=2
         - MemoryWrite@mem.zir:99
           cycle=20210, step=3408, pc=0x0020341C, major=5, minor=2
       Global: memory permutation violated
         0x002002AC (data): wrote 0x00000004, expected 0x00000000 (cycle 40420)
  [198] ✓ INSTR_TYPE_MOD @ step 3386: 45 failures, 3259ms, outcome: REJECTED, exit: 101 [proof:GENERATED] G=memory
       r=0.001  T_new=0.00 F_new=1.00 F_rare=1.00 U=0 Q=0.00 Q_l=0.02 Q_g=0.19 dl=12 dg=10
       Value: 0x00010004 -> 0x00010007
       Original: SltIU [major=1, minor=4]
       Mutated:  Blt [major=1, minor=7]
       zkVM errors (3 lines):
         • [prover_impl.rs:280] verify segment (internal proof verification failed)
         • [ffi.cpp:113] address mismatch at cycle 20188: preflight=0x3fffc02e, actual=0x3fffc060
         • [kernels/cxx/ffi.cpp:208] SKIP THROW: memory peek not in preflight
       Local constraints hit (4 unique):
         - DecodeInst@inst.zir:29 (x42)
           cycle=20189, step=3387, pc=0x00203304, major=0, minor=3
         - MemoryWrite@mem.zir:99
           cycle=20230, step=3428, pc=0x00204C68, major=2, minor=4
         - VerifyOpcodeF3@inst.zir:96
           cycle=20188, step=3386, pc=0x00203300, major=1, minor=7
         - VerifyOpcodeF3@inst.zir:97
           cycle=20188, step=3386, pc=0x00203300, major=1, minor=7
       Global: memory permutation violated (40 addrs: 1 register, 38 code, 1 data)
         x14/a4: unexpected write 0x0020029c (cycle 40307)
         0xFFFF0180 (data): expected write missing, needed 0x0020029c (cycle 40307)
         + 38 code addresses diverged (instruction fetch cascade)
  [199] ✓ INSTR_TYPE_MOD @ step 637: 2 failures, 3230ms, outcome: REJECTED, exit: 101 [proof:GENERATED] G=memory
       r=0.163  T_new=0.00 F_new=0.86 F_rare=1.00 U=0 Q=0.37 Q_l=0.51 Q_g=0.72 dl=2 dg=2
       Value: 0x00000007 -> 0x00010005
       Original: AddI [major=0, minor=7]
       Mutated:  Beq [major=1, minor=5]
       zkVM errors (3 lines):
         • [prover_impl.rs:280] verify segment (internal proof verification failed)
         • [ffi.cpp:113] address mismatch at cycle 17246: preflight=0x3fffc02d, actual=0x3fffc060
         • [kernels/cxx/ffi.cpp:208] SKIP THROW: memory peek not in preflight
       Local constraints hit (2 unique):
         - MemoryWrite@mem.zir:99
           cycle=17246, step=637, pc=0x0020096C, major=1, minor=5
         - VerifyOpcodeF3@inst.zir:96
           cycle=17246, step=637, pc=0x0020096C, major=1, minor=5
       Global: memory permutation violated
         x13/a3: unexpected write 0x00000000 (cycle 34365)
         0xFFFF0180 (data): expected write missing, needed 0x00000000 (cycle 34365)
  [200] ✓ INSTR_TYPE_MOD @ step 424: 4 failures, 3224ms, outcome: REJECTED, exit: 101 [proof:GENERATED]
       r=0.035  T_new=0.00 F_new=0.00 F_rare=0.54 U=0 Q=0.26 Q_l=0.26 Q_g=1.00 dl=4 dg=0
       Value: 0x00000007 -> 0x00000003
       Original: AddI [major=0, minor=7]
       Mutated:  Or [major=0, minor=3]
       zkVM errors (1 lines):
         • [prover_impl.rs:280] verify segment (internal proof verification failed)
       Local constraints hit (4 unique):
         - MemoryWrite@mem.zir:99
           cycle=17015, step=424, pc=0x00206150, major=0, minor=3
         - VerifyOpcodeF3F7@inst.zir:102
           cycle=17015, step=424, pc=0x00206150, major=0, minor=3
         - VerifyOpcodeF3F7@inst.zir:103
           cycle=17015, step=424, pc=0x00206150, major=0, minor=3
         - VerifyOpcodeF3F7@inst.zir:104
           cycle=17015, step=424, pc=0x00206150, major=0, minor=3
       Global: no permutation/lookup violations (local-only)

============================================================
Campaign Summary
============================================================
Total mutations:     200
Successful (caused failures): 196
Skipped (no valid target):    0
Total failures:      779
Unique constraints:  28
New coverage:        28
New touch:           2650
Distinct touched:    2650

Global Constraint Summary:
  Mutations with global violations: 153
  Global-only (no local failures):  12
  Local-only (no global violations):46
Execution time:      643110ms

Outcome breakdown:
  REJECTED (mutation detected): 196
  CRASH (segfault, etc.):       4
  NO_EFFECT:                    0
  ACCEPTED (BUG!):              0 
  SKIPPED:                      0

Mutations by kind:
  COMP_OUT_MOD: 3
  INSTR_TYPE_MOD: 117
  INSTR_WORD_MOD_FULL: 6
  INSTR_WORD_MOD_SUR: 10
  LOAD_VAL_MOD: 7
  MEM_VAL_MOD: 29
  PRE_EXEC_REG_MOD: 23
  STORE_OUT_MOD: 5
[run_campaign_pos] campaign rc=0
[run_campaign_pos] EXIT trap firing, rc=0
