[run_campaign_pos] node=meld  run_id=pos_audit_b11_kindTS_zoned_v2_seed999_n500
[run_campaign_pos] params: strat=kindTS_zoned_v2 seed=999 num=500 b_count=16
[run_campaign_pos] host_args: --in1 5 --in4 10
[run_campaign_pos] WORK=/root/a4_campaign REPO=/root/a4_campaign/repo HOST=/root/a4_campaign/bin/risc0-host
[run_campaign_pos] expected host sha: 6873e5887dd98a84885ebe0dfb88ae2b05b113810b76ca586d9a7a19805cc444
[run_campaign_pos] actual   host sha: 6873e5887dd98a84885ebe0dfb88ae2b05b113810b76ca586d9a7a19805cc444
[run_campaign_pos] python: /usr/bin/python3 (Python 3.13.5)
[run_campaign_pos] mapping strategy 'kindTS_zoned_v2' -> selector 'kindTS_zoned_v2'
[run_campaign_pos] command: /usr/bin/python3 -m a4.standalone.cli fuzz --host /root/a4_campaign/bin/risc0-host --selector kindTS_zoned_v2 --num 500 --seed 999 --db /root/results_pos_audit_b11_kindTS_zoned_v2_seed999_n500/pos_audit_b11_kindTS_zoned_v2_seed999_n500.db --telemetry-level full --debug-bandit-trace /root/results_pos_audit_b11_kindTS_zoned_v2_seed999_n500/pos_audit_b11_kindTS_zoned_v2_seed999_n500.bandit_trace.jsonl -- --in1 5 --in4 10
A4 Standalone Fuzzer
============================================================
Running inspection on /root/a4_campaign/bin/risc0-host...
  Args: --in1 5 --in4 10
Inspection Data Summary:
  Total cycles: 32768
  Total steps: 3930
  Total transactions: 34724
    - Register transactions: 8780
    - Memory transactions: 25944
  Cycles by major category:
    MISC0: 1386
    MISC1: 442
    MISC2: 664
    MUL0: 100
    DIV0: 23
    MEM0 (load): 680
    MEM1 (store): 596
    CONTROL0: 9641
    ECALL0: 87
    POSEIDON0: 2486
    POSEIDON1: 16371
    SHA0: 292

Starting campaign 1
  Mutations: 500
  Kind: all
  Seed: 999


--- V2 BANDIT SETUP (kindTS_zoned_v2) ---
  Baseline: 1599 bitmap buckets
--- V2 BANDIT READY (8 arms, budget 500) ---

  [1] ✓ COMP_OUT_MOD @ step 3313: 2 failures, 4199ms, outcome: REJECTED, exit: 101 [proof:GENERATED] [+2 new] [+1599 touch] G=memory
       r=0.200  T_new=0.00 F_new=0.78 F_rare=1.00 U=0 Q=0.43 Q_l=0.51 Q_g=0.85 dl=2 dg=1
       Value: 0x0020029C -> 0x80000000
       Destination: rd = x20 (s4)
       zkVM errors (1 lines):
         • [prover_impl.rs:280] verify segment (internal proof verification failed)
       Local constraints hit (2 unique):
         - MemoryWrite@mem.zir:100
           cycle=20115, step=3313, pc=0x00204C54, major=0, minor=7
         - MemoryWrite@mem.zir:99
           cycle=20115, step=3313, pc=0x00204C54, major=0, minor=7
       Global: memory permutation violated
         x20/s4: wrote 0x80000000, expected 0x0020029c (cycle 40231)
  [2] ✓ MEM_VAL_MOD @ step 3929: 0 failures, 4824ms, outcome: REJECTED, exit: 101 [proof:GENERATED] G=memory[GO]
       r=0.306  T_new=0.00 F_new=0.39 F_rare=1.00 U=0 Q=0.85 Q_l=1.00 Q_g=0.85 dl=0 dg=1
       Value: 0x00000000 -> 0x7D9510A7
       Transaction: other_mem_read (READ) at address 0xffff0144
       zkVM errors (2 lines):
         • [prover_impl.rs:280] verify segment (internal proof verification failed)
         • [kernels/cxx/buffers.h:43] SKIP THROW: Inconsistent set
       Global: memory permutation violated [GLOBAL-ONLY]
         0xFFFF0144 (data): wrote 0x7d9510a7, expected 0x00000000 (cycle 42614)
  [3] ✓ MEM_VAL_MOD @ step 2783: 1 failures, 4224ms, outcome: REJECTED, exit: 101 [proof:GENERATED] [+1 new] G=memory
       r=0.251  T_new=0.00 F_new=0.63 F_rare=1.00 U=0 Q=0.61 Q_l=0.72 Q_g=0.85 dl=1 dg=1
       Value: 0x00000000 -> 0x00010000
       Transaction: store_rmw_read (READ) at address 0x0020023c
       zkVM errors (1 lines):
         • [prover_impl.rs:280] verify segment (internal proof verification failed)
       Local constraints hit (1 unique):
         - IsRead@mem.zir:80
           cycle=19511, step=2783, pc=0x00203834, major=6, minor=2
       Global: memory permutation violated
         0x0020023C (data): wrote 0x00010000, expected 0x00000000 (cycle 39022)
  [4] ✓ COMP_OUT_MOD @ step 2187: 2 failures, 4115ms, outcome: REJECTED, exit: 101 [proof:GENERATED] G=memory
       r=0.139  T_new=0.00 F_new=0.39 F_rare=0.85 U=0 Q=0.43 Q_l=0.51 Q_g=0.85 dl=2 dg=1
       Value: 0x002001D4 -> 0x7FFEFCAF
       Destination: rd = x10 (a0)
       zkVM errors (1 lines):
         • [prover_impl.rs:280] verify segment (internal proof verification failed)
       Local constraints hit (2 unique):
         - MemoryWrite@mem.zir:100
           cycle=18841, step=2187, pc=0x00202F4C, major=0, minor=7
         - MemoryWrite@mem.zir:99
           cycle=18841, step=2187, pc=0x00202F4C, major=0, minor=7
       Global: memory permutation violated
         x10/a0: wrote 0x7ffefcaf, expected 0x002001d4 (cycle 37683)
  [5] ✓ LOAD_VAL_MOD @ step 2680: 2 failures, 4161ms, outcome: REJECTED, exit: 101 [proof:GENERATED] G=memory
       r=0.192  T_new=0.00 F_new=0.78 F_rare=1.00 U=0 Q=0.43 Q_l=0.51 Q_g=0.85 dl=2 dg=1
       Value: 0xDFC17121 -> 0x20BE8EDE
       Load destination: rd = x11 (a1)
       zkVM errors (1 lines):
         • [prover_impl.rs:280] verify segment (internal proof verification failed)
       Local constraints hit (2 unique):
         - MemoryWrite@mem.zir:100
           cycle=19408, step=2680, pc=0x002015DC, major=5, minor=2
         - MemoryWrite@mem.zir:99
           cycle=19408, step=2680, pc=0x002015DC, major=5, minor=2
       Global: memory permutation violated
         x11/a1: wrote 0x20be8ede, expected 0xdfc17121 (cycle 38817)
  [6] ✓ INSTR_WORD_MOD_SUR @ step 2797: 0 failures, 4377ms, outcome: REJECTED, exit: 101 [proof:GENERATED] G=memory[GO]
       r=0.267  T_new=0.00 F_new=0.78 F_rare=1.00 U=0 Q=0.61 Q_l=1.00 Q_g=0.61 dl=0 dg=3
       Value: 0x02C4A583 -> 0x02C42583
       Surgical: rs1 = 9 -> 8
       Original: LW x11, 44(x9)
       Mutated:  LW x11, 44(x8)
       zkVM errors (3 lines):
         • [prover_impl.rs:280] verify segment (internal proof verification failed)
         • [ffi.cpp:113] address mismatch at cycle 19525: preflight=0x3fffc029, actual=0x3fffc028
         • [kernels/cxx/ffi.cpp:208] SKIP THROW: memory peek not in preflight
       Global: memory permutation violated [GLOBAL-ONLY]
         x8/s0: expected write missing, needed 0x00200300 (cycle 39048)
         x9/s1: unexpected write 0x00200300 (cycle 39048)
         0x00203868 (code): wrote 0x02c4a583, expected 0x02c42583 (cycle 11306)
  [7] ✓ INSTR_WORD_MOD_FULL @ step 3929: 2 failures, 4620ms, outcome: REJECTED, exit: 101 [proof:GENERATED] [+2 new] G=memory
       r=0.191  T_new=0.00 F_new=0.78 F_rare=1.00 U=0 Q=0.43 Q_l=0.51 Q_g=0.85 dl=2 dg=1
       Value: 0x00000073 -> 0x1DD6D7EF
       Original: ECALL x0, x0, 0
       Mutated:  JAL x15, 448988
       Format changed: I -> J
       zkVM errors (1 lines):
         • [prover_impl.rs:280] verify segment (internal proof verification failed)
       Local constraints hit (2 unique):
         - MachineECall@inst_ecall.zir:28
           cycle=20879, step=3929, pc=0xC00000F8, major=8, minor=0
         - MachineECall@inst_ecall.zir:29
           cycle=20879, step=3929, pc=0xC00000F8, major=8, minor=0
       Global: memory permutation violated
         0xC00000F8 (data): wrote 0x00000073, expected 0x1dd6d7ef (cycle 30062)
  [8] ✓ INSTR_WORD_MOD_SUR @ step 2943: 1 failures, 4219ms, outcome: REJECTED, exit: 101 [proof:GENERATED] [+1 new] G=memory
       r=0.245  T_new=0.00 F_new=0.63 F_rare=1.00 U=0 Q=0.61 Q_l=0.72 Q_g=0.85 dl=1 dg=1
       Value: 0x02812C23 -> 0x02812C6F
       Surgical: opcode = 35 -> 111
       Original: SW x8, 56(x2)
       Mutated:  JAL x24, 73768
       zkVM errors (1 lines):
         • [prover_impl.rs:280] verify segment (internal proof verification failed)
       Local constraints hit (1 unique):
         - VerifyOpcodeF3@inst.zir:96
           cycle=19671, step=2943, pc=0x0020561C, major=6, minor=2
       Global: memory permutation violated
         0x00205618 (code): wrote 0x02812c23, expected 0x02812c6f (cycle 16074)
  [9] ✓ LOAD_VAL_MOD @ step 1489: 2 failures, 4145ms, outcome: REJECTED, exit: 101 [proof:GENERATED] G=memory
       r=0.190  T_new=0.00 F_new=0.78 F_rare=1.00 U=0 Q=0.43 Q_l=0.51 Q_g=0.85 dl=2 dg=1
       Value: 0x00000005 -> 0x3020F69D
       Load destination: rd = x13 (a3)
       zkVM errors (1 lines):
         • [prover_impl.rs:280] verify segment (internal proof verification failed)
       Local constraints hit (2 unique):
         - MemoryWrite@mem.zir:100
           cycle=18133, step=1489, pc=0x002184C0, major=5, minor=3
         - MemoryWrite@mem.zir:99
           cycle=18133, step=1489, pc=0x002184C0, major=5, minor=3
       Global: memory permutation violated
         x13/a3: wrote 0x3020f69d, expected 0x00000005 (cycle 36267)
  [10] ✓ INSTR_WORD_MOD_FULL @ step 3177: 0 failures, 4168ms, outcome: REJECTED, exit: 101 [proof:GENERATED] G=memory[GO]
       r=0.264  T_new=0.00 F_new=0.78 F_rare=1.00 U=0 Q=0.61 Q_l=1.00 Q_g=0.61 dl=0 dg=3
       Value: 0x00008067 -> 0x00008167
       Original: JALR x0, x1, 0
       Mutated:  JALR x2, x1, 0
       zkVM errors (3 lines):
         • [prover_impl.rs:280] verify segment (internal proof verification failed)
         • [ffi.cpp:113] address mismatch at cycle 19979: preflight=0x3fffc060, actual=0x3fffc022
         • [kernels/cxx/ffi.cpp:208] SKIP THROW: memory peek not in preflight
       Global: memory permutation violated [GLOBAL-ONLY]
         x2/sp: expected write missing, needed 0x00205850 (cycle 39957)
         0xFFFF0180 (data): unexpected write 0x00205850 (cycle 39957)
         0x00205E54 (code): wrote 0x00008067, expected 0x00008167 (cycle 37724)
  [11] ✓ INSTR_TYPE_MOD @ step 2260: 2 failures, 4131ms, outcome: REJECTED, exit: 101 [proof:GENERATED] [+1 new] G=memory
       r=0.125  T_new=0.00 F_new=0.95 F_rare=1.00 U=0 Q=0.26 Q_l=0.51 Q_g=0.51 dl=2 dg=4
       Value: 0x00050002 -> 0x00020001
       Original: Lw [major=5, minor=2]
       Mutated:  BltU [major=2, minor=1]
       zkVM errors (3 lines):
         • [prover_impl.rs:280] verify segment (internal proof verification failed)
         • [ffi.cpp:113] address mismatch at cycle 18914: preflight=0x000884f3, actual=0x3fffc020
         • [kernels/cxx/ffi.cpp:208] SKIP THROW: memory peek not in preflight
       Local constraints hit (2 unique):
         - VerifyOpcodeF3@inst.zir:96
           cycle=18914, step=2260, pc=0x0020341C, major=2, minor=1
         - VerifyOpcodeF3@inst.zir:97
           cycle=18914, step=2260, pc=0x0020341C, major=2, minor=1
       Global: memory permutation violated
         x0/zero: expected write missing, needed 0x00000000 (cycle 33349)
         x15/a5: unexpected write 0x00000000 (cycle 37812)
         0xFFFF0180 (data): expected write missing, needed 0x00000000 (cycle 37812)
         0x002213CC (code): unexpected write 0x00000000 (cycle 33349)
  [12] ✓ INSTR_WORD_MOD_SUR @ step 2879: 0 failures, 4164ms, outcome: REJECTED, exit: 101 [proof:GENERATED] G=memory[GO]
       r=0.263  T_new=0.00 F_new=0.78 F_rare=1.00 U=0 Q=0.61 Q_l=1.00 Q_g=0.61 dl=0 dg=3
       Value: 0x00400593 -> 0x00400F13
       Surgical: rd = 11 -> 30
       Original: ADDI x11, x0, 4
       Mutated:  ADDI x30, x0, 4
       zkVM errors (3 lines):
         • [prover_impl.rs:280] verify segment (internal proof verification failed)
         • [ffi.cpp:113] address mismatch at cycle 19607: preflight=0x3fffc02b, actual=0x3fffc03e
         • [kernels/cxx/ffi.cpp:208] SKIP THROW: memory peek not in preflight
       Global: memory permutation violated [GLOBAL-ONLY]
         x11/a1: unexpected write 0x0000000c (cycle 39208)
         x30/t5: expected write missing, needed 0x0000000c (cycle 39208)
         0x00205378 (code): wrote 0x00400593, expected 0x00400f13 (cycle 15650)
  [13] ✓ INSTR_WORD_MOD_SUR @ step 1045: 1 failures, 4146ms, outcome: REJECTED, exit: 101 [proof:GENERATED] G=memory
       r=0.189  T_new=0.00 F_new=0.78 F_rare=1.00 U=0 Q=0.43 Q_l=0.72 Q_g=0.61 dl=1 dg=3
       Value: 0x00050693 -> 0x2D650693
       Surgical: imm = 0 -> 726
       Original: ADDI x13, x10, 0
       Mutated:  ADDI x13, x10, 726
       zkVM errors (3 lines):
         • [prover_impl.rs:280] verify segment (internal proof verification failed)
         • [ffi.cpp:113] address mismatch at cycle 17684: preflight=0x3fffc020, actual=0x3fffc036
         • [kernels/cxx/ffi.cpp:208] SKIP THROW: memory peek not in preflight
       Local constraints hit (1 unique):
         - MemoryWrite@mem.zir:99
           cycle=17684, step=1045, pc=0x00200B48, major=0, minor=7
       Global: memory permutation violated
         x0/zero: unexpected write 0x00000000 (cycle 35354)
         x22/s6: expected write missing, needed 0x00000000 (cycle 35354)
         0x00200B44 (code): wrote 0x00050693, expected 0x2d650693 (cycle 5326)
  [14] ✓ INSTR_TYPE_MOD @ step 388: 4 failures, 4153ms, outcome: REJECTED, exit: 101 [proof:GENERATED] [+2 new] G=memory
       r=0.090  T_new=0.00 F_new=0.95 F_rare=1.00 U=0 Q=0.19 Q_l=0.26 Q_g=0.72 dl=4 dg=2
       Value: 0x00050002 -> 0x00000002
       Original: Lw [major=5, minor=2]
       Mutated:  Xor [major=0, minor=2]
       zkVM errors (3 lines):
         • [prover_impl.rs:280] verify segment (internal proof verification failed)
         • [ffi.cpp:113] address mismatch at cycle 16979: preflight=0x000800d6, actual=0x3fffc028
         • [kernels/cxx/ffi.cpp:208] SKIP THROW: memory peek not in preflight
       Local constraints hit (4 unique):
         - MemoryWrite@mem.zir:100
           cycle=16979, step=388, pc=0x002031F0, major=0, minor=2
         - MemoryWrite@mem.zir:99
           cycle=16979, step=388, pc=0x002031F0, major=0, minor=2
         - VerifyOpcodeF3F7@inst.zir:102
           cycle=16979, step=388, pc=0x002031F0, major=0, minor=2
         - VerifyOpcodeF3F7@inst.zir:103
           cycle=16979, step=388, pc=0x002031F0, major=0, minor=2
       Global: memory permutation violated
         0x00200358 (data): unexpected write 0x00000001 (cycle 33829)
         x8/s0: expected write missing, needed 0x00000001 (cycle 33829)
  [15] ✓ PRE_EXEC_REG_MOD @ step 0: 9 failures, 4195ms, outcome: REJECTED, exit: 101 [proof:GENERATED] [+1 new] G=memory
       r=0.188  T_new=0.00 F_new=0.78 F_rare=1.00 U=0 Q=0.43 Q_l=0.51 Q_g=0.85 dl=2 dg=1
       Value: 0x00000000 -> 0x80000000
       Register: x26 (s10), READ, strategy=next_read
       zkVM errors (2 lines):
         • [prover_impl.rs:280] verify segment (internal proof verification failed)
         • [kernels/cxx/buffers.h:43] SKIP THROW: Inconsistent set
       Local constraints hit (2 unique):
         - IsRead@mem.zir:80
           cycle=15997, step=0, pc=0x00000000, major=9, minor=2
         - PoseidonCheckOut@inst_p2.zir:265 (x8)
           cycle=16247, step=0, pc=0x00000000, major=9, minor=5
       Global: memory permutation violated
         x26/s10: wrote 0x80000000, expected 0x00000000 (cycle 31994)
  [16] ✓ PRE_EXEC_REG_MOD @ step 3229: 2 failures, 4147ms, outcome: REJECTED, exit: 101 [proof:GENERATED] [+1 new] G=memory
       r=0.188  T_new=0.00 F_new=0.78 F_rare=1.00 U=0 Q=0.43 Q_l=0.51 Q_g=0.85 dl=2 dg=1
       Value: 0x00000000 -> 0xBFFBE7FB
       Register: x0 (zero), READ, strategy=next_read
       zkVM errors (1 lines):
         • [prover_impl.rs:280] verify segment (internal proof verification failed)
       Local constraints hit (2 unique):
         - IsRead@mem.zir:79
           cycle=20031, step=3229, pc=0x00205E28, major=2, minor=5
         - IsRead@mem.zir:80
           cycle=20031, step=3229, pc=0x00205E28, major=2, minor=5
       Global: memory permutation violated
         x0/zero: wrote 0xbffbe7fb, expected 0x00000000 (cycle 40062)
  [17] ✓ INSTR_WORD_MOD_FULL @ step 493: 0 failures, 4159ms, outcome: REJECTED, exit: 101 [proof:GENERATED] G=memory[GO]
       r=0.262  T_new=0.00 F_new=0.78 F_rare=1.00 U=0 Q=0.61 Q_l=1.00 Q_g=0.61 dl=0 dg=3
       Value: 0x00003097 -> 0x00003497
       Original: AUIPC x1, 0x3000
       Mutated:  AUIPC x9, 0x3000
       zkVM errors (3 lines):
         • [prover_impl.rs:280] verify segment (internal proof verification failed)
         • [ffi.cpp:113] address mismatch at cycle 17090: preflight=0x3fffc021, actual=0x3fffc029
         • [kernels/cxx/ffi.cpp:208] SKIP THROW: memory peek not in preflight
       Global: memory permutation violated [GLOBAL-ONLY]
         x1/ra: unexpected write 0x00200900 (cycle 34162)
         x9/s1: expected write missing, needed 0x00200900 (cycle 34162)
         0x002031B0 (code): wrote 0x00003097, expected 0x00003497 (cycle 34012)
  [18] ✓ MEM_VAL_MOD @ step 1197: 1 failures, 4173ms, outcome: REJECTED, exit: 101 [proof:GENERATED] G=memory
       r=0.186  T_new=0.00 F_new=0.39 F_rare=0.85 U=0 Q=0.61 Q_l=0.72 Q_g=0.85 dl=1 dg=1
       Value: 0x00000000 -> 0x01000000
       Transaction: store_rmw_read (READ) at address 0x00221414
       zkVM errors (1 lines):
         • [prover_impl.rs:280] verify segment (internal proof verification failed)
       Local constraints hit (1 unique):
         - IsRead@mem.zir:80
           cycle=17841, step=1197, pc=0x00209C64, major=6, minor=2
       Global: memory permutation violated
         0x00221414 (code): wrote 0x01000000, expected 0x00000000 (cycle 35682)
  [19] ✓ INSTR_TYPE_MOD @ step 2729: 5 failures, 4236ms, outcome: REJECTED, exit: 101 [proof:GENERATED] [+1 new] G=memory
       r=0.065  T_new=0.00 F_new=0.97 F_rare=1.00 U=0 Q=0.14 Q_l=0.19 Q_g=0.72 dl=5 dg=2
       Value: 0x00050002 -> 0x00040002
       Original: Lw [major=5, minor=2]
       Mutated:  SrlI [major=4, minor=2]
       zkVM errors (3 lines):
         • [prover_impl.rs:280] verify segment (internal proof verification failed)
         • [ffi.cpp:113] address mismatch at cycle 19457: preflight=0x000800da, actual=0x3fffc028
         • [kernels/cxx/ffi.cpp:208] SKIP THROW: memory peek not in preflight
       Local constraints hit (5 unique):
         - MemoryWrite@mem.zir:100
           cycle=19457, step=2729, pc=0x002016B0, major=4, minor=2
         - MemoryWrite@mem.zir:99
           cycle=19457, step=2729, pc=0x002016B0, major=4, minor=2
         - VerifyOpcodeF3F7@inst.zir:102
           cycle=19457, step=2729, pc=0x002016B0, major=4, minor=2
         - VerifyOpcodeF3F7@inst.zir:103
           cycle=19457, step=2729, pc=0x002016B0, major=4, minor=2
         - VerifyOpcodeF3F7@inst.zir:104
           cycle=19457, step=2729, pc=0x002016B0, major=4, minor=2
       Global: memory permutation violated
         0x00200368 (data): unexpected write 0x0f4bd989 (cycle 38837)
         x8/s0: expected write missing, needed 0x0f4bd989 (cycle 38837)
  [20] 💥 PRE_EXEC_REG_MOD @ step 1489: 2 failures, 603ms, outcome: CRASH, exit: -11 [proof:NOT_GENERATED]
       r=0.000  T_new=0.00 F_new=0.00 F_rare=0.00 U=0 Q=0.00 Q_l=0.00 Q_g=1.00 dl=0 dg=0
       Value: 0x00200325 -> 0xFFDFFCDA
       Register: x10 (a0), READ, strategy=next_read
       Local constraints hit (2 unique):
         - IsRead@mem.zir:79
           cycle=18133, step=1489, pc=0x002184C0, major=5, minor=3
         - IsRead@mem.zir:80
           cycle=18133, step=1489, pc=0x002184C0, major=5, minor=3
       Global: no permutation/lookup violations (local-only)
  [21] ✓ PRE_EXEC_REG_MOD @ step 3703: 4 failures, 4187ms, outcome: REJECTED, exit: 101 [proof:GENERATED] G=memory
       r=0.104  T_new=0.00 F_new=0.92 F_rare=1.00 U=0 Q=0.22 Q_l=0.26 Q_g=0.85 dl=4 dg=1
       Value: 0x00221633 -> 0x92290D1A
       Register: x10 (a0), READ, strategy=next_read
       zkVM errors (1 lines):
         • [prover_impl.rs:280] verify segment (internal proof verification failed)
       Local constraints hit (4 unique):
         - IsRead@mem.zir:79
           cycle=20579, step=3703, pc=0x00203208, major=0, minor=0
         - IsRead@mem.zir:80
           cycle=20579, step=3703, pc=0x00203208, major=0, minor=0
         - MemoryWrite@mem.zir:100
           cycle=20579, step=3703, pc=0x00203208, major=0, minor=0
         - MemoryWrite@mem.zir:99
           cycle=20579, step=3703, pc=0x00203208, major=0, minor=0
       Global: memory permutation violated
         x10/a0: wrote 0x92290d1a, expected 0x00221633 (cycle 41158)
  [22] ✓ INSTR_TYPE_MOD @ step 3928: 2 failures, 4187ms, outcome: REJECTED, exit: 101 [proof:GENERATED] [+2 touch]
       r=0.212  T_new=0.06 F_new=0.63 F_rare=1.00 U=0 Q=0.51 Q_l=0.51 Q_g=1.00 dl=2 dg=0
       Value: 0x00000007 -> 0x00000001
       Original: AddI [major=0, minor=7]
       Mutated:  Sub [major=0, minor=1]
       zkVM errors (1 lines):
         • [prover_impl.rs:280] verify segment (internal proof verification failed)
       Local constraints hit (2 unique):
         - VerifyOpcodeF3F7@inst.zir:102
           cycle=20878, step=3928, pc=0xC00000F8, major=0, minor=1
         - VerifyOpcodeF3F7@inst.zir:104
           cycle=20878, step=3928, pc=0xC00000F8, major=0, minor=1
       Global: no permutation/lookup violations (local-only)
  [23] ✓ INSTR_TYPE_MOD @ step 1904: 7 failures, 4200ms, outcome: REJECTED, exit: 101 [proof:GENERATED] G=memory
       r=0.009  T_new=0.00 F_new=1.00 F_rare=1.00 U=0 Q=0.02 Q_l=0.10 Q_g=0.19 dl=7 dg=10
       Value: 0x00020004 -> 0x00050002
       Original: JalR [major=2, minor=4]
       Mutated:  Lw [major=5, minor=2]
       zkVM errors (3 lines):
         • [prover_impl.rs:280] verify segment (internal proof verification failed)
         • [ffi.cpp:113] address mismatch at cycle 18553: preflight=0x3fffc024, actual=0x000817d6
         • [kernels/cxx/ffi.cpp:208] SKIP THROW: memory peek not in preflight
       Local constraints hit (4 unique):
         - MemoryWrite@mem.zir:100
           cycle=18553, step=1904, pc=0x00205F58, major=5, minor=2
         - MemoryWrite@mem.zir:99 (x4)
           cycle=18553, step=1904, pc=0x00205F58, major=5, minor=2
         - VerifyOpcodeF3@inst.zir:96
           cycle=18553, step=1904, pc=0x00205F58, major=5, minor=2
         - VerifyOpcodeF3@inst.zir:97
           cycle=18553, step=1904, pc=0x00205F58, major=5, minor=2
       Global: memory permutation violated (47 addrs: 1 register, 46 code)
         x4/tp: unexpected write 0x00000000 (cycle 36678)
         + 46 code addresses diverged (instruction fetch cascade)
  [24] ✓ PRE_EXEC_REG_MOD @ step 2471: 4 failures, 4154ms, outcome: REJECTED, exit: 101 [proof:GENERATED] G=memory
       r=0.096  T_new=0.00 F_new=0.78 F_rare=1.00 U=0 Q=0.22 Q_l=0.26 Q_g=0.85 dl=4 dg=1
       Value: 0x00200308 -> 0xFFDFFCF7
       Register: x9 (s1), READ, strategy=next_read
       zkVM errors (1 lines):
         • [prover_impl.rs:280] verify segment (internal proof verification failed)
       Local constraints hit (4 unique):
         - IsRead@mem.zir:79
           cycle=19125, step=2471, pc=0x002055B4, major=0, minor=7
         - IsRead@mem.zir:80
           cycle=19125, step=2471, pc=0x002055B4, major=0, minor=7
         - MemoryWrite@mem.zir:100
           cycle=19125, step=2471, pc=0x002055B4, major=0, minor=7
         - MemoryWrite@mem.zir:99
           cycle=19125, step=2471, pc=0x002055B4, major=0, minor=7
       Global: memory permutation violated
         x9/s1: wrote 0xffdffcf7, expected 0x00200308 (cycle 38250)
  [25] ✓ PRE_EXEC_REG_MOD @ step 1373: 2 failures, 4146ms, outcome: REJECTED, exit: 101 [proof:GENERATED] G=memory
       r=0.133  T_new=0.00 F_new=0.39 F_rare=0.85 U=0 Q=0.43 Q_l=0.51 Q_g=0.85 dl=2 dg=1
       Value: 0x00202C04 -> 0x40F2CFEA
       Register: x1 (ra), READ, strategy=next_read
       zkVM errors (1 lines):
         • [prover_impl.rs:280] verify segment (internal proof verification failed)
       Local constraints hit (2 unique):
         - IsRead@mem.zir:79
           cycle=18017, step=1373, pc=0x002184CC, major=0, minor=7
         - IsRead@mem.zir:80
           cycle=18017, step=1373, pc=0x002184CC, major=0, minor=7
       Global: memory permutation violated
         x1/ra: wrote 0x40f2cfea, expected 0x00202c04 (cycle 36034)
  [26] ✓ LOAD_VAL_MOD @ step 2642: 2 failures, 4174ms, outcome: REJECTED, exit: 101 [proof:GENERATED] G=memory
       r=0.126  T_new=0.00 F_new=0.39 F_rare=0.79 U=0 Q=0.43 Q_l=0.51 Q_g=0.85 dl=2 dg=1
       Value: 0x98EAEBAF -> 0xA19CBA54
       Load destination: rd = x5 (t0)
       zkVM errors (1 lines):
         • [prover_impl.rs:280] verify segment (internal proof verification failed)
       Local constraints hit (2 unique):
         - MemoryWrite@mem.zir:100
           cycle=19370, step=2642, pc=0x00203428, major=5, minor=2
         - MemoryWrite@mem.zir:99
           cycle=19370, step=2642, pc=0x00203428, major=5, minor=2
       Global: memory permutation violated
         x5/t0: wrote 0xa19cba54, expected 0x98eaebaf (cycle 38741)
  [27] ✓ INSTR_TYPE_MOD @ step 313: 4 failures, 4191ms, outcome: REJECTED, exit: 101 [proof:GENERATED] G=memory
       r=0.089  T_new=0.00 F_new=0.95 F_rare=1.00 U=0 Q=0.19 Q_l=0.26 Q_g=0.72 dl=4 dg=2
       Value: 0x00050002 -> 0x00010002
       Original: Lw [major=5, minor=2]
       Mutated:  AndI [major=1, minor=2]
       zkVM errors (3 lines):
         • [prover_impl.rs:280] verify segment (internal proof verification failed)
         • [ffi.cpp:113] address mismatch at cycle 16898: preflight=0x000800dc, actual=0x3fffc030
         • [kernels/cxx/ffi.cpp:208] SKIP THROW: memory peek not in preflight
       Local constraints hit (4 unique):
         - MemoryWrite@mem.zir:100
           cycle=16898, step=313, pc=0x00200850, major=1, minor=2
         - MemoryWrite@mem.zir:99
           cycle=16898, step=313, pc=0x00200850, major=1, minor=2
         - VerifyOpcodeF3@inst.zir:96
           cycle=16898, step=313, pc=0x00200850, major=1, minor=2
         - VerifyOpcodeF3@inst.zir:97
           cycle=16898, step=313, pc=0x00200850, major=1, minor=2
       Global: memory permutation violated
         0x00200370 (data): unexpected write 0x80000007 (cycle 33785)
         x16/a6: expected write missing, needed 0x80000007 (cycle 33785)
  [28] ✓ INSTR_WORD_MOD_FULL @ step 3367: 2 failures, 4151ms, outcome: REJECTED, exit: 101 [proof:GENERATED] G=memory
       r=0.076  T_new=0.00 F_new=0.97 F_rare=1.00 U=0 Q=0.16 Q_l=0.51 Q_g=0.31 dl=2 dg=7
       Value: 0xFA0D1EE3 -> 0xF20D1EE3
       Original: BNE x26, x0, -68
       Mutated:  BNE x26, x0, -196
       zkVM errors (3 lines):
         • [prover_impl.rs:280] verify segment (internal proof verification failed)
         • [ffi.cpp:113] address mismatch at cycle 20170: preflight=0x0008130c, actual=0x000812ec
         • [kernels/cxx/buffers.h:43] SKIP THROW: Inconsistent set
       Local constraints hit (1 unique):
         - MemoryWrite@mem.zir:99 (x2)
           cycle=20171, step=3369, pc=0x00204C38, major=2, minor=6
       Global: memory permutation violated
         0x00204BB0 (code): expected write missing, needed 0x000a0513 (cycle 40210)
         0x00204BB4 (code): expected write missing, needed 0x00000097 (cycle 40212)
         0x00204BB8 (code): expected write missing, needed 0x6a8080e7 (cycle 40214)
         0x00204C30 (code): unexpected write 0x000a0513 (cycle 40210)
         0x00204C34 (code): unexpected write 0x00000097 (cycle 40212)
         0x00204C38 (code): unexpected write 0x6a8080e7 (cycle 40214)
         0x00204C74 (code): wrote 0xfa0d1ee3, expected 0xf20d1ee3 (cycle 14526)
  [29] ✓ INSTR_WORD_MOD_SUR @ step 3755: 0 failures, 4090ms, outcome: REJECTED, exit: 101 [proof:GENERATED] G=memory[GO]
       r=0.260  T_new=0.00 F_new=0.78 F_rare=1.00 U=0 Q=0.61 Q_l=1.00 Q_g=0.61 dl=0 dg=3
       Value: 0x018A5693 -> 0x018A5E13
       Surgical: rd = 13 -> 28
       Original: SRLI x13, x20, 24
       Mutated:  SRLI x28, x20, 24
       zkVM errors (3 lines):
         • [prover_impl.rs:280] verify segment (internal proof verification failed)
         • [ffi.cpp:113] address mismatch at cycle 20631: preflight=0x3fffc02d, actual=0x3fffc03c
         • [kernels/cxx/ffi.cpp:208] SKIP THROW: memory peek not in preflight
       Global: memory permutation violated [GLOBAL-ONLY]
         x13/a3: unexpected write 0x00221634 (cycle 41238)
         x28/t3: expected write missing, needed 0x00221634 (cycle 41238)
         0x00205790 (code): wrote 0x018a5693, expected 0x018a5e13 (cycle 39662)
  [30] ✓ MEM_VAL_MOD @ step 518: 2 failures, 4165ms, outcome: REJECTED, exit: 101 [proof:GENERATED] G=memory
       r=0.126  T_new=0.00 F_new=0.39 F_rare=0.79 U=0 Q=0.43 Q_l=0.51 Q_g=0.85 dl=2 dg=1
       Value: 0x00000000 -> 0x687FD74A
       Transaction: other_mem_read (READ) at address 0xffff0004
       zkVM errors (1 lines):
         • [prover_impl.rs:280] verify segment (internal proof verification failed)
       Local constraints hit (2 unique):
         - IsRead@mem.zir:79
           cycle=17115, step=518, pc=0xC0000138, major=0, minor=7
         - IsRead@mem.zir:80
           cycle=17115, step=518, pc=0xC0000138, major=0, minor=7
       Global: memory permutation violated
         0xFFFF0004 (data): wrote 0x687fd74a, expected 0x00000000 (cycle 34230)
  [31] ✓ INSTR_WORD_MOD_SUR @ step 3626: 0 failures, 4130ms, outcome: REJECTED, exit: 101 [proof:GENERATED] G=memory[GO]
       r=0.260  T_new=0.00 F_new=0.78 F_rare=1.00 U=0 Q=0.61 Q_l=1.00 Q_g=0.61 dl=0 dg=3
       Value: 0x00221637 -> 0x002217B7
       Surgical: rd = 12 -> 15
       Original: LUI x12, 0x221000
       Mutated:  LUI x15, 0x221000
       zkVM errors (3 lines):
         • [prover_impl.rs:280] verify segment (internal proof verification failed)
         • [ffi.cpp:113] address mismatch at cycle 20502: preflight=0x3fffc02c, actual=0x3fffc02f
         • [kernels/cxx/ffi.cpp:208] SKIP THROW: memory peek not in preflight
       Global: memory permutation violated [GLOBAL-ONLY]
         x12/a2: unexpected write 0xc0000001 (cycle 41002)
         x15/a5: expected write missing, needed 0xc0000001 (cycle 41002)
         0x00205E30 (code): wrote 0x00221637, expected 0x002217b7 (cycle 40594)
  [32] ✓ STORE_OUT_MOD @ step 3349: 2 failures, 4162ms, outcome: REJECTED, exit: 101 [proof:GENERATED] G=memory
       r=0.186  T_new=0.00 F_new=0.78 F_rare=1.00 U=0 Q=0.43 Q_l=0.51 Q_g=0.85 dl=2 dg=1
       Value: 0x17E32F5A -> 0x01000000
       Store address: 0x002215a4
       zkVM errors (1 lines):
         • [prover_impl.rs:280] verify segment (internal proof verification failed)
       Local constraints hit (2 unique):
         - MemoryWrite@mem.zir:100
           cycle=20151, step=3349, pc=0x00203434, major=6, minor=2
         - MemoryWrite@mem.zir:99
           cycle=20151, step=3349, pc=0x00203434, major=6, minor=2
       Global: memory permutation violated
         0x002215A4 (code): wrote 0x01000000, expected 0x17e32f5a (cycle 40303)
  [33] ✓ INSTR_TYPE_MOD @ step 3732: 3 failures, 4215ms, outcome: REJECTED, exit: 101 [proof:GENERATED] [+1 new] G=memory|cycle
       r=0.076  T_new=0.00 F_new=0.98 F_rare=1.00 U=0 Q=0.16 Q_l=0.37 Q_g=0.43 dl=3 dg=5
       Value: 0x00060002 -> 0x00020005
       Original: Sw [major=6, minor=2]
       Mutated:  Lui [major=2, minor=5]
       zkVM errors (3 lines):
         • [prover_impl.rs:280] verify segment (internal proof verification failed)
         • [ffi.cpp:113] address mismatch at cycle 20608: preflight=0x00088591, actual=0x3fffc034
         • [kernels/cxx/ffi.cpp:208] SKIP THROW: memory peek not in preflight
       Local constraints hit (3 unique):
         - MemoryWrite@mem.zir:100
           cycle=20608, step=3732, pc=0x0020327C, major=2, minor=5
         - MemoryWrite@mem.zir:99
           cycle=20608, step=3732, pc=0x0020327C, major=2, minor=5
         - VerifyOpcode@inst.zir:91
           cycle=20608, step=3732, pc=0x0020327C, major=2, minor=5
       Global: memory permutation violated
         x20/s4: expected write missing, needed 0x00000000 (cycle 29638)
         0x00221644 (code): unexpected write 0x00000000 (cycle 29638)
       Global: cycle lookup violated (3 indices broken)
         index 0: 2254 provides, 1 uses (imbalanced)
         index 11577: orphan use (1 entries, no matching provide)
         index 11578: 1 provides, 1 uses (imbalanced)
  [34] ✓ PRE_EXEC_REG_MOD @ step 1223: 3 failures, 4129ms, outcome: REJECTED, exit: 101 [proof:GENERATED] [+1 new] G=memory
       r=0.105  T_new=0.00 F_new=0.95 F_rare=1.00 U=0 Q=0.22 Q_l=0.37 Q_g=0.61 dl=3 dg=3
       Value: 0x002003C0 -> 0x132A306A
       Register: x2 (sp), READ, strategy=next_read
       zkVM errors (3 lines):
         • [prover_impl.rs:280] verify segment (internal proof verification failed)
         • [ffi.cpp:113] address mismatch at cycle 17867: preflight=0x000800f6, actual=0x04ca8c20
         • [kernels/cxx/ffi.cpp:208] SKIP THROW: memory peek not in preflight
       Local constraints hit (3 unique):
         - IsRead@mem.zir:79
           cycle=17867, step=1223, pc=0x0020B970, major=5, minor=2
         - IsRead@mem.zir:80
           cycle=17867, step=1223, pc=0x0020B970, major=5, minor=2
         - OpLW@inst_mem.zir:109
           cycle=17867, step=1223, pc=0x0020B970, major=5, minor=2
       Global: memory permutation violated
         0x002003D8 (data): unexpected write 0x00000000 (cycle 33543)
         0x132A3080 (data): expected write missing, needed 0x00000000 (cycle 33543)
         x2/sp: wrote 0x132a306a, expected 0x002003c0 (cycle 35734)
  [35] ✓ INSTR_TYPE_MOD @ step 2878: 4 failures, 4180ms, outcome: REJECTED, exit: 101 [proof:GENERATED] [+2 touch]
       r=0.084  T_new=0.06 F_new=0.39 F_rare=0.85 U=0 Q=0.26 Q_l=0.26 Q_g=1.00 dl=4 dg=0
       Value: 0x00000007 -> 0x00000002
       Original: AddI [major=0, minor=7]
       Mutated:  Xor [major=0, minor=2]
       zkVM errors (1 lines):
         • [prover_impl.rs:280] verify segment (internal proof verification failed)
       Local constraints hit (4 unique):
         - MemoryWrite@mem.zir:99
           cycle=19606, step=2878, pc=0x00205378, major=0, minor=2
         - VerifyOpcodeF3F7@inst.zir:102
           cycle=19606, step=2878, pc=0x00205378, major=0, minor=2
         - VerifyOpcodeF3F7@inst.zir:103
           cycle=19606, step=2878, pc=0x00205378, major=0, minor=2
         - VerifyOpcodeF3F7@inst.zir:104
           cycle=19606, step=2878, pc=0x00205378, major=0, minor=2
       Global: no permutation/lookup violations (local-only)
  [36] ✓ LOAD_VAL_MOD @ step 1490: 2 failures, 4141ms, outcome: REJECTED, exit: 101 [proof:GENERATED] G=memory
       r=0.132  T_new=0.00 F_new=0.39 F_rare=0.85 U=0 Q=0.43 Q_l=0.51 Q_g=0.85 dl=2 dg=1
       Value: 0x00000005 -> 0xFFFFFFFA
       Load destination: rd = x14 (a4)
       zkVM errors (1 lines):
         • [prover_impl.rs:280] verify segment (internal proof verification failed)
       Local constraints hit (2 unique):
         - MemoryWrite@mem.zir:100
           cycle=18134, step=1490, pc=0x002184C4, major=5, minor=3
         - MemoryWrite@mem.zir:99
           cycle=18134, step=1490, pc=0x002184C4, major=5, minor=3
       Global: memory permutation violated
         x14/a4: wrote 0xfffffffa, expected 0x00000005 (cycle 36269)
  [37] ✓ INSTR_TYPE_MOD @ step 1660: 5 failures, 4230ms, outcome: REJECTED, exit: 101 [proof:GENERATED] [+1 new] G=memory|cycle
       r=0.039  T_new=0.00 F_new=0.99 F_rare=1.00 U=0 Q=0.08 Q_l=0.19 Q_g=0.43 dl=5 dg=5
       Value: 0x00000007 -> 0x00060000
       Original: AddI [major=0, minor=7]
       Mutated:  Sb [major=6, minor=0]
       zkVM errors (3 lines):
         • [prover_impl.rs:280] verify segment (internal proof verification failed)
         • [ffi.cpp:113] address mismatch at cycle 18304: preflight=0x3fffc02c, actual=0x00000003
         • [kernels/cxx/ffi.cpp:208] SKIP THROW: memory peek not in preflight
       Local constraints hit (5 unique):
         - AddrDecomposeBits@u32.zir:87
           cycle=18304, step=1660, pc=0x0020AF34, major=6, minor=0
         - IsRead@mem.zir:79
           cycle=18304, step=1660, pc=0x0020AF34, major=6, minor=0
         - MemoryWrite@mem.zir:100
           cycle=18304, step=1660, pc=0x0020AF34, major=6, minor=0
         - MemoryWrite@mem.zir:99
           cycle=18304, step=1660, pc=0x0020AF34, major=6, minor=0
         - VerifyOpcodeF3@inst.zir:96
           cycle=18304, step=1660, pc=0x0020AF34, major=6, minor=0
       Global: memory permutation violated
         0x0000000C (data): expected write missing, needed 0xffffe097 (cycle 22694)
         x12/a2: unexpected write 0x00000001 (cycle 36560)
       Global: cycle lookup violated (3 indices broken)
         index 47: 18 provides, 1 uses (imbalanced)
         index 48: 7 provides, 1 uses (imbalanced)
         index 13914: 1 provides, 1 uses (imbalanced)
  [38] ✓ INSTR_TYPE_MOD @ step 3589: 3 failures, 4137ms, outcome: REJECTED, exit: 101 [proof:GENERATED] [+55 touch]
       r=0.244  T_new=0.79 F_new=0.78 F_rare=1.00 U=0 Q=0.37 Q_l=0.37 Q_g=1.00 dl=3 dg=0
       Value: 0x00000007 -> 0x00040006
       Original: AddI [major=0, minor=7]
       Mutated:  Rem [major=4, minor=6]
       zkVM errors (1 lines):
         • [prover_impl.rs:280] verify segment (internal proof verification failed)
       Local constraints hit (3 unique):
         - VerifyOpcodeF3F7@inst.zir:102
           cycle=20465, step=3589, pc=0x00205678, major=4, minor=6
         - VerifyOpcodeF3F7@inst.zir:103
           cycle=20465, step=3589, pc=0x00205678, major=4, minor=6
         - VerifyOpcodeF3F7@inst.zir:104
           cycle=20465, step=3589, pc=0x00205678, major=4, minor=6
       Global: no permutation/lookup violations (local-only)
  [39] ✓ INSTR_TYPE_MOD @ step 3412: 2 failures, 4198ms, outcome: REJECTED, exit: 101 [proof:GENERATED] G=memory|cycle
       r=0.100  T_new=0.00 F_new=0.86 F_rare=1.00 U=0 Q=0.22 Q_l=0.51 Q_g=0.43 dl=2 dg=5
       Value: 0x00060002 -> 0x00020001
       Original: Sw [major=6, minor=2]
       Mutated:  BltU [major=2, minor=1]
       zkVM errors (3 lines):
         • [prover_impl.rs:280] verify segment (internal proof verification failed)
         • [ffi.cpp:113] address mismatch at cycle 20214: preflight=0x0008856f, actual=0x3fffc060
         • [kernels/cxx/ffi.cpp:208] SKIP THROW: memory peek not in preflight
       Local constraints hit (2 unique):
         - VerifyOpcodeF3@inst.zir:96
           cycle=20214, step=3412, pc=0x0020342C, major=2, minor=1
         - VerifyOpcodeF3@inst.zir:97
           cycle=20214, step=3412, pc=0x0020342C, major=2, minor=1
       Global: memory permutation violated
         0xFFFF0180 (data): expected write missing, needed 0x00000000 (cycle 29538)
         0x002215BC (code): unexpected write 0x00000000 (cycle 29538)
       Global: cycle lookup violated (3 indices broken)
         index 0: 2254 provides, 1 uses (imbalanced)
         index 10889: orphan use (1 entries, no matching provide)
         index 10890: 1 provides, 1 uses (imbalanced)
  [40] ✓ STORE_OUT_MOD @ step 2359: 2 failures, 4141ms, outcome: REJECTED, exit: 101 [proof:GENERATED] G=memory
       r=0.132  T_new=0.00 F_new=0.39 F_rare=0.85 U=0 Q=0.43 Q_l=0.51 Q_g=0.85 dl=2 dg=1
       Value: 0x00000000 -> 0x80102493
       Store address: 0x00200314
       zkVM errors (1 lines):
         • [prover_impl.rs:280] verify segment (internal proof verification failed)
       Local constraints hit (2 unique):
         - MemoryWrite@mem.zir:100
           cycle=19013, step=2359, pc=0x00203274, major=6, minor=2
         - MemoryWrite@mem.zir:99
           cycle=19013, step=2359, pc=0x00203274, major=6, minor=2
       Global: memory permutation violated
         0x00200314 (data): wrote 0x80102493, expected 0x00000000 (cycle 38027)
  [41] ✓ MEM_VAL_MOD @ step 1699: 4 failures, 4148ms, outcome: REJECTED, exit: 101 [proof:GENERATED] G=memory
       r=0.024  T_new=0.00 F_new=1.00 F_rare=1.00 U=0 Q=0.05 Q_l=0.26 Q_g=0.19 dl=4 dg=10
       Value: 0x4F0080E7 -> 0x00400000
       Transaction: other_mem_read (READ) at address 0x00205fcc
       zkVM errors (3 lines):
         • [prover_impl.rs:280] verify segment (internal proof verification failed)
         • [ffi.cpp:113] address mismatch at cycle 18343: preflight=0x3fffc021, actual=0x3fffc020
         • [kernels/cxx/ffi.cpp:208] SKIP THROW: memory peek not in preflight
       Local constraints hit (4 unique):
         - IsRead@mem.zir:79
           cycle=18343, step=1699, pc=0x002184B8, major=2, minor=4
         - IsRead@mem.zir:80
           cycle=18343, step=1699, pc=0x002184B8, major=2, minor=4
         - MemoryWrite@mem.zir:99
           cycle=18472, step=1828, pc=0x00205FD0, major=2, minor=4
         - VerifyOpcodeF3@inst.zir:96
           cycle=18343, step=1699, pc=0x002184B8, major=2, minor=4
       Global: memory permutation violated (26 addrs: 4 register, 21 code, 1 data)
         x0/zero: expected write missing, needed 0x00217fc8 (cycle 36685)
         x1/ra: unexpected write 0x00217fc8 (cycle 36685)
         x4/tp: expected write missing, needed 0xabd9831f (cycle 36588)
         + 21 code addresses diverged (instruction fetch cascade)
         + 2 more addresses
  [42] ✓ PRE_EXEC_REG_MOD @ step 27: 4 failures, 4171ms, outcome: REJECTED, exit: 101 [proof:GENERATED] G=memory
       r=0.062  T_new=0.00 F_new=0.39 F_rare=0.75 U=0 Q=0.22 Q_l=0.26 Q_g=0.85 dl=4 dg=1
       Value: 0x00200400 -> 0xACCF5B64
       Register: x2 (sp), READ, strategy=next_read
       zkVM errors (1 lines):
         • [prover_impl.rs:280] verify segment (internal proof verification failed)
       Local constraints hit (4 unique):
         - IsRead@mem.zir:79
           cycle=16600, step=27, pc=0x00203F58, major=0, minor=7
         - IsRead@mem.zir:80
           cycle=16600, step=27, pc=0x00203F58, major=0, minor=7
         - MemoryWrite@mem.zir:100
           cycle=16600, step=27, pc=0x00203F58, major=0, minor=7
         - MemoryWrite@mem.zir:99
           cycle=16600, step=27, pc=0x00203F58, major=0, minor=7
       Global: memory permutation violated
         x2/sp: wrote 0xaccf5b64, expected 0x00200400 (cycle 33200)
  [43] ✓ MEM_VAL_MOD @ step 2421: 2 failures, 4114ms, outcome: REJECTED, exit: 101 [proof:GENERATED] G=memory
       r=0.171  T_new=0.00 F_new=0.63 F_rare=1.00 U=0 Q=0.43 Q_l=0.51 Q_g=0.85 dl=2 dg=1
       Value: 0x00000000 -> 0xE290FF80
       Transaction: store_rmw_read (READ) at address 0x002002f4
       zkVM errors (1 lines):
         • [prover_impl.rs:280] verify segment (internal proof verification failed)
       Local constraints hit (2 unique):
         - IsRead@mem.zir:79
           cycle=19075, step=2421, pc=0x00205568, major=6, minor=2
         - IsRead@mem.zir:80
           cycle=19075, step=2421, pc=0x00205568, major=6, minor=2
       Global: memory permutation violated
         0x002002F4 (data): wrote 0xe290ff80, expected 0x00000000 (cycle 38150)
  [44] ✓ INSTR_TYPE_MOD @ step 413: 4 failures, 4207ms, outcome: REJECTED, exit: 101 [proof:GENERATED] [+2 new] [+31 touch] G=memory
       r=0.124  T_new=0.59 F_new=0.95 F_rare=1.00 U=0 Q=0.19 Q_l=0.26 Q_g=0.72 dl=4 dg=2
       Value: 0x00000007 -> 0x0005000C
       Original: AddI [major=0, minor=7]
       Mutated:  Unknown(5,12) [major=5, minor=12] ⚠INVALID
       zkVM errors (3 lines):
         • [prover_impl.rs:280] verify segment (internal proof verification failed)
         • [ffi.cpp:113] address mismatch at cycle 17004: preflight=0x3fffc020, actual=0x000800db
         • [kernels/cxx/ffi.cpp:208] SKIP THROW: memory peek not in preflight
       Local constraints hit (4 unique):
         - MemoryWrite@mem.zir:100
           cycle=17004, step=413, pc=0x002031AC, major=5, minor=12
         - MemoryWrite@mem.zir:99
           cycle=17004, step=413, pc=0x002031AC, major=5, minor=12
         - OneHot@one_hot.zir:11
           cycle=17004, step=413, pc=0x002031AC, major=5, minor=12
         - OneHot@one_hot.zir:9
           cycle=17004, step=413, pc=0x002031AC, major=5, minor=12
       Global: memory permutation violated
         0x0020036C (data): expected write missing, needed 0x00000000 (cycle 34006)
         x0/zero: unexpected write 0x00000000 (cycle 34006)
  [45] ✓ INSTR_TYPE_MOD @ step 3926: 7 failures, 4158ms, outcome: REJECTED, exit: 101 [proof:GENERATED] [+1 new] [+35 touch] G=memory|cycle
       r=0.029  T_new=0.63 F_new=1.00 F_rare=1.00 U=0 Q=0.04 Q_l=0.10 Q_g=0.43 dl=7 dg=5
       Value: 0x00010002 -> 0x00060001
       Original: AndI [major=1, minor=2]
       Mutated:  Sh [major=6, minor=1]
       zkVM errors (3 lines):
         • [prover_impl.rs:280] verify segment (internal proof verification failed)
         • [ffi.cpp:113] address mismatch at cycle 20876: preflight=0x3fffc005, actual=0x00000039
         • [kernels/cxx/ffi.cpp:208] SKIP THROW: memory peek not in preflight
       Local constraints hit (7 unique):
         - AddrDecomposeBits@u32.zir:87
           cycle=20876, step=3926, pc=0xC00000F0, major=6, minor=1
         - IsRead@mem.zir:79
           cycle=20876, step=3926, pc=0xC00000F0, major=6, minor=1
         - IsRead@mem.zir:80
           cycle=20876, step=3926, pc=0xC00000F0, major=6, minor=1
         - MemoryWrite@mem.zir:99
           cycle=20876, step=3926, pc=0xC00000F0, major=6, minor=1
         - OpSH@inst_mem.zir:148
           cycle=20876, step=3926, pc=0xC00000F0, major=6, minor=1
         - VerifyOpcodeF3@inst.zir:96
           cycle=20876, step=3926, pc=0xC00000F0, major=6, minor=1
         - VerifyOpcodeF3@inst.zir:97
           cycle=20876, step=3926, pc=0xC00000F0, major=6, minor=1
       Global: memory permutation violated
         0x000000E4 (data): expected write missing, needed 0x00000593 (cycle 30062)
         0xFFFF0014 (data): unexpected write 0x0020038c (cycle 41736)
       Global: cycle lookup violated (3 indices broken)
         index 15: 113 provides, 1 uses (imbalanced)
         index 16: 110 provides, 1 uses (imbalanced)
         index 11690: 1 provides, 1 uses (imbalanced)
  [46] ✓ MEM_VAL_MOD @ step 1539: 3 failures, 4132ms, outcome: REJECTED, exit: 101 [proof:GENERATED] G=memory
       r=0.133  T_new=0.00 F_new=0.78 F_rare=1.00 U=0 Q=0.31 Q_l=0.37 Q_g=0.85 dl=3 dg=1
       Value: 0x19CDE05B -> 0xBE951694
       Transaction: load_mem_read (READ) at address 0x00219e90
       zkVM errors (1 lines):
         • [prover_impl.rs:280] verify segment (internal proof verification failed)
       Local constraints hit (3 unique):
         - IsRead@mem.zir:79
           cycle=18183, step=1539, pc=0x002184C4, major=5, minor=3
         - IsRead@mem.zir:80
           cycle=18183, step=1539, pc=0x002184C4, major=5, minor=3
         - MemoryWrite@mem.zir:99
           cycle=18183, step=1539, pc=0x002184C4, major=5, minor=3
       Global: memory permutation violated
         0x00219E90 (code): wrote 0xbe951694, expected 0x19cde05b (cycle 36366)
  [47] ✓ INSTR_TYPE_MOD @ step 3800: 7 failures, 4123ms, outcome: REJECTED, exit: 101 [proof:GENERATED] [+1 new] G=memory
       r=0.009  T_new=0.00 F_new=1.00 F_rare=1.00 U=0 Q=0.02 Q_l=0.10 Q_g=0.19 dl=7 dg=10
       Value: 0x00020001 -> 0x00050002
       Original: BltU [major=2, minor=1]
       Mutated:  Lw [major=5, minor=2]
       zkVM errors (3 lines):
         • [prover_impl.rs:280] verify segment (internal proof verification failed)
         • [ffi.cpp:113] address mismatch at cycle 20676: preflight=0x3fffc00a, actual=0x00000002
         • [kernels/cxx/ffi.cpp:208] SKIP THROW: memory peek not in preflight
       Local constraints hit (6 unique):
         - AddrDecomposeBits@u32.zir:87
           cycle=20676, step=3800, pc=0xC0000540, major=5, minor=2
         - MemoryWrite@mem.zir:99 (x2)
           cycle=20676, step=3800, pc=0xC0000540, major=5, minor=2
         - OpLW@inst_mem.zir:108
           cycle=20676, step=3800, pc=0xC0000540, major=5, minor=2
         - OpLW@inst_mem.zir:109
           cycle=20676, step=3800, pc=0xC0000540, major=5, minor=2
         - VerifyOpcodeF3@inst.zir:96
           cycle=20676, step=3800, pc=0xC0000540, major=5, minor=2
         - VerifyOpcodeF3@inst.zir:97
           cycle=20676, step=3800, pc=0xC0000540, major=5, minor=2
       Global: memory permutation violated (14 addrs: 14 data)
         0x00000008 (data): expected write missing, needed 0x0000000a (cycle 41349)
         0xC000053C (data): expected write missing, needed 0xc0002737 (cycle 40710)
         0xC0000540 (data): unexpected write 0xc0002737 (cycle 40710)
         + 11 more addresses
  [48] ✓ INSTR_TYPE_MOD @ step 0: 5 failures, 4195ms, outcome: REJECTED, exit: 101 [proof:GENERATED] [+3 new] [+35 touch] G=memory|cycle
       r=0.077  T_new=0.63 F_new=0.98 F_rare=1.00 U=0 Q=0.11 Q_l=0.19 Q_g=0.61 dl=5 dg=3
       Value: 0x00020006 -> 0x00000008
       Original: Auipc [major=2, minor=6]
       Mutated:  XorI [major=0, minor=8] ⚠INVALID
       zkVM errors (3 lines):
         • [prover_impl.rs:280] verify segment (internal proof verification failed)
         • [ffi.cpp:113] address mismatch at cycle 0: preflight=0x44000000, actual=0x00000000
         • [kernels/cxx/ffi.cpp:208] SKIP THROW: memory peek not in preflight
       Local constraints hit (5 unique):
         - AddrDecompose@u32.zir:67
           cycle=0, step=0, pc=0x00000000, major=0, minor=8
         - ControlLoadRootAndNonce@inst_control.zir:23
           cycle=1, step=0, pc=0x00000000, major=7, minor=0
         - MiscInput@inst_misc.zir:7
           cycle=0, step=0, pc=0x00000000, major=0, minor=8
         - OneHot@one_hot.zir:11
           cycle=0, step=0, pc=0x00000000, major=0, minor=8
         - OneHot@one_hot.zir:9
           cycle=0, step=0, pc=0x00000000, major=0, minor=8
       Global: memory permutation violated
         0xFFFF0100 (data): expected write missing, needed 0x00000000 (cycle 0)
       Global: cycle lookup violated (2 indices broken)
         index 0: 2256 provides, 1 uses (imbalanced)
         index 2013265920: orphan provide (2 entries, no matching use)
  [49] ✓ MEM_VAL_MOD @ step 0: 10 failures, 4203ms, outcome: REJECTED, exit: 101 [proof:GENERATED] G=memory
       r=0.122  T_new=0.00 F_new=0.63 F_rare=1.00 U=0 Q=0.31 Q_l=0.37 Q_g=0.85 dl=3 dg=1
       Value: 0x002228E7 -> 0xFFDDD719
       Transaction: other_mem_read (READ) at address 0x107fef328
       zkVM errors (2 lines):
         • [prover_impl.rs:280] verify segment (internal proof verification failed)
         • [kernels/cxx/buffers.h:43] SKIP THROW: Inconsistent set
       Local constraints hit (3 unique):
         - IsRead@mem.zir:79
           cycle=1642, step=0, pc=0x00000000, major=9, minor=2
         - IsRead@mem.zir:80
           cycle=1642, step=0, pc=0x00000000, major=9, minor=2
         - PoseidonCheckOut@inst_p2.zir:265 (x8)
           cycle=1653, step=0, pc=0x00000000, major=9, minor=5
       Global: memory permutation violated
         0x107FEF328 (data): wrote 0xffddd719, expected 0x002228e7 (cycle 3284)
  [50] ✓ INSTR_TYPE_MOD @ step 1433: 3 failures, 4142ms, outcome: REJECTED, exit: 101 [proof:GENERATED] [+1 new] [+37 touch]
       r=0.232  T_new=0.65 F_new=0.78 F_rare=1.00 U=0 Q=0.37 Q_l=0.37 Q_g=1.00 dl=3 dg=0
       Value: 0x00050003 -> 0x00050001
       Original: LbU [major=5, minor=3]
       Mutated:  Lh [major=5, minor=1]
       zkVM errors (1 lines):
         • [prover_impl.rs:280] verify segment (internal proof verification failed)
       Local constraints hit (3 unique):
         - MemoryWrite@mem.zir:99
           cycle=18077, step=1433, pc=0x002184C0, major=5, minor=1
         - OpLH@inst_mem.zir:98
           cycle=18077, step=1433, pc=0x002184C0, major=5, minor=1
         - VerifyOpcodeF3@inst.zir:97
           cycle=18077, step=1433, pc=0x002184C0, major=5, minor=1
       Global: no permutation/lookup violations (local-only)
  [51] ✓ STORE_OUT_MOD @ step 1161: 2 failures, 4150ms, outcome: REJECTED, exit: 101 [proof:GENERATED] G=memory
       r=0.131  T_new=0.00 F_new=0.39 F_rare=0.85 U=0 Q=0.43 Q_l=0.51 Q_g=0.85 dl=2 dg=1
       Value: 0x00000000 -> 0x1C028438
       Store address: 0x002003cc
       zkVM errors (1 lines):
         • [prover_impl.rs:280] verify segment (internal proof verification failed)
       Local constraints hit (2 unique):
         - MemoryWrite@mem.zir:100
           cycle=17805, step=1161, pc=0x00209A58, major=6, minor=0
         - MemoryWrite@mem.zir:99
           cycle=17805, step=1161, pc=0x00209A58, major=6, minor=0
       Global: memory permutation violated
         0x002003CC (data): wrote 0x1c028438, expected 0x00000000 (cycle 35611)
  [52] ✓ INSTR_TYPE_MOD @ step 557: 3 failures, 4087ms, outcome: REJECTED, exit: 101 [proof:GENERATED]
       r=0.157  T_new=0.00 F_new=0.78 F_rare=1.00 U=0 Q=0.37 Q_l=0.37 Q_g=1.00 dl=3 dg=0
       Value: 0x00000007 -> 0x00000003
       Original: AddI [major=0, minor=7]
       Mutated:  Or [major=0, minor=3]
       zkVM errors (1 lines):
         • [prover_impl.rs:280] verify segment (internal proof verification failed)
       Local constraints hit (3 unique):
         - MemoryWrite@mem.zir:99
           cycle=17160, step=557, pc=0x00200930, major=0, minor=3
         - VerifyOpcodeF3F7@inst.zir:102
           cycle=17160, step=557, pc=0x00200930, major=0, minor=3
         - VerifyOpcodeF3F7@inst.zir:103
           cycle=17160, step=557, pc=0x00200930, major=0, minor=3
       Global: no permutation/lookup violations (local-only)
  [53] ✓ MEM_VAL_MOD @ step 858: 4 failures, 4217ms, outcome: REJECTED, exit: 101 [proof:GENERATED] G=memory
       r=0.067  T_new=0.00 F_new=0.39 F_rare=0.85 U=0 Q=0.22 Q_l=0.26 Q_g=0.85 dl=4 dg=1
       Value: 0x00000000 -> 0xA74C2BA7
       Transaction: load_mem_read (READ) at address 0x00200354
       zkVM errors (1 lines):
         • [prover_impl.rs:280] verify segment (internal proof verification failed)
       Local constraints hit (4 unique):
         - IsRead@mem.zir:79
           cycle=17485, step=858, pc=0x002031F4, major=5, minor=2
         - IsRead@mem.zir:80
           cycle=17485, step=858, pc=0x002031F4, major=5, minor=2
         - MemoryWrite@mem.zir:100
           cycle=17485, step=858, pc=0x002031F4, major=5, minor=2
         - MemoryWrite@mem.zir:99
           cycle=17485, step=858, pc=0x002031F4, major=5, minor=2
       Global: memory permutation violated
         0x00200354 (data): wrote 0xa74c2ba7, expected 0x00000000 (cycle 34970)
  [54] ✓ INSTR_TYPE_MOD @ step 427: 4 failures, 4201ms, outcome: REJECTED, exit: 101 [proof:GENERATED] [+42 touch]
       r=0.174  T_new=0.70 F_new=0.86 F_rare=1.00 U=0 Q=0.26 Q_l=0.26 Q_g=1.00 dl=4 dg=0
       Value: 0x00000007 -> 0x00030003
       Original: AddI [major=0, minor=7]
       Mutated:  MulH [major=3, minor=3]
       zkVM errors (1 lines):
         • [prover_impl.rs:280] verify segment (internal proof verification failed)
       Local constraints hit (4 unique):
         - MemoryWrite@mem.zir:99
           cycle=17018, step=427, pc=0x0020615C, major=3, minor=3
         - VerifyOpcodeF3F7@inst.zir:102
           cycle=17018, step=427, pc=0x0020615C, major=3, minor=3
         - VerifyOpcodeF3F7@inst.zir:103
           cycle=17018, step=427, pc=0x0020615C, major=3, minor=3
         - VerifyOpcodeF3F7@inst.zir:104
           cycle=17018, step=427, pc=0x0020615C, major=3, minor=3
       Global: no permutation/lookup violations (local-only)
  [55] ✓ PRE_EXEC_REG_MOD @ step 2619: 2 failures, 4165ms, outcome: REJECTED, exit: 101 [proof:GENERATED] G=memory
       r=0.133  T_new=0.00 F_new=0.78 F_rare=1.00 U=0 Q=0.31 Q_l=0.51 Q_g=0.61 dl=2 dg=3
       Value: 0x002002F0 -> 0x00080000
       Register: x2 (sp), READ, strategy=next_read
       zkVM errors (3 lines):
         • [prover_impl.rs:280] verify segment (internal proof verification failed)
         • [ffi.cpp:113] address mismatch at cycle 19347: preflight=0x000800be, actual=0x00020002
         • [kernels/cxx/ffi.cpp:208] SKIP THROW: memory peek not in preflight
       Local constraints hit (2 unique):
         - IsRead@mem.zir:79
           cycle=19347, step=2619, pc=0x002052F0, major=6, minor=2
         - IsRead@mem.zir:80
           cycle=19347, step=2619, pc=0x002052F0, major=6, minor=2
       Global: memory permutation violated
         0x00080008 (data): expected write missing, needed 0x00000000 (cycle 38476)
         0x002002F8 (data): unexpected write 0x00000000 (cycle 38476)
         x2/sp: wrote 0x00080000, expected 0x002002f0 (cycle 38694)
  [56] ✓ MEM_VAL_MOD @ step 3785: 7 failures, 4182ms, outcome: REJECTED, exit: 101 [proof:GENERATED] G=memory
       r=0.009  T_new=0.00 F_new=1.00 F_rare=1.00 U=0 Q=0.02 Q_l=0.10 Q_g=0.19 dl=7 dg=10
       Value: 0x1140006F -> 0x7706FF54
       Transaction: other_mem_read (READ) at address 0xc000005c
       zkVM errors (3 lines):
         • [prover_impl.rs:280] verify segment (internal proof verification failed)
         • [ffi.cpp:113] address mismatch at cycle 20661: preflight=0x3fffc000, actual=0x3fffc00d
         • [kernels/cxx/ffi.cpp:208] SKIP THROW: memory peek not in preflight
       Local constraints hit (5 unique):
         - IsRead@mem.zir:79
           cycle=20661, step=3785, pc=0xC0000170, major=2, minor=3
         - IsRead@mem.zir:80
           cycle=20661, step=3785, pc=0xC0000170, major=2, minor=3
         - MemoryWrite@mem.zir:100 (x2)
           cycle=20667, step=3791, pc=0xC0000188, major=2, minor=6
         - MemoryWrite@mem.zir:99 (x2)
           cycle=20667, step=3791, pc=0xC0000188, major=2, minor=6
         - VerifyOpcode@inst.zir:91
           cycle=20661, step=3785, pc=0xC0000170, major=2, minor=3
       Global: memory permutation violated (21 addrs: 21 data)
         0xC000005C (data): wrote 0x7706ff54, expected 0x1140006f (cycle 41322)
         0xC0000170 (data): unexpected write 0x02822503 (cycle 40680)
         0xC0000174 (data): unexpected write 0x02c22583 (cycle 40682)
         + 18 more addresses
  [57] ✓ INSTR_TYPE_MOD @ step 3548: 18 failures, 4173ms, outcome: REJECTED, exit: 101 [proof:GENERATED] [+32 touch] G=memory
       r=0.002  T_new=0.60 F_new=1.00 F_rare=1.00 U=0 Q=0.00 Q_l=0.01 Q_g=0.19 dl=13 dg=10
       Value: 0x00000007 -> 0x0000000D
       Original: AddI [major=0, minor=7]
       Mutated:  Beq [major=0, minor=13] ⚠INVALID
       zkVM errors (3 lines):
         • [prover_impl.rs:280] verify segment (internal proof verification failed)
         • [ffi.cpp:113] address mismatch at cycle 20350: preflight=0x3fffc00b, actual=0x3fffc040
         • [kernels/cxx/ffi.cpp:208] SKIP THROW: memory peek not in preflight
       Local constraints hit (6 unique):
         - AddrDecompose@u32.zir:67 (x11)
           cycle=20351, step=3549, pc=0xC0000530, major=1, minor=5
         - AddrDecomposeBits@u32.zir:87
           cycle=20359, step=3557, pc=0xC0000554, major=8, minor=0
         - MemoryWrite@mem.zir:100 (x2)
           cycle=20350, step=3548, pc=0xC00004A0, major=0, minor=13
         - MemoryWrite@mem.zir:99 (x2)
           cycle=20350, step=3548, pc=0xC00004A0, major=0, minor=13
         - OneHot@one_hot.zir:11
           cycle=20350, step=3548, pc=0xC00004A0, major=0, minor=13
         - OneHot@one_hot.zir:9
           cycle=20350, step=3548, pc=0xC00004A0, major=0, minor=13
       Global: memory permutation violated (26 addrs: 26 data)
         0x00000000 (data): expected write missing, needed 0x08d88863 (cycle 39746)
         0x00000090 (data): expected write missing, needed 0x00a00513 (cycle 39748)
         0x00000094 (data): expected write missing, needed 0x00078693 (cycle 39750)
         + 23 more addresses
  [58] ✓ INSTR_TYPE_MOD @ step 2029: 3 failures, 4137ms, outcome: REJECTED, exit: 101 [proof:GENERATED]
       r=0.157  T_new=0.00 F_new=0.78 F_rare=1.00 U=0 Q=0.37 Q_l=0.37 Q_g=1.00 dl=3 dg=0
       Value: 0x00010006 -> 0x00010004
       Original: Bne [major=1, minor=6]
       Mutated:  SltIU [major=1, minor=4]
       zkVM errors (1 lines):
         • [prover_impl.rs:280] verify segment (internal proof verification failed)
       Local constraints hit (3 unique):
         - MemoryWrite@mem.zir:99
           cycle=18678, step=2029, pc=0x00205FD4, major=1, minor=4
         - VerifyOpcodeF3@inst.zir:96
           cycle=18678, step=2029, pc=0x00205FD4, major=1, minor=4
         - VerifyOpcodeF3@inst.zir:97
           cycle=18678, step=2029, pc=0x00205FD4, major=1, minor=4
       Global: no permutation/lookup violations (local-only)
  [59] ✓ INSTR_TYPE_MOD @ step 942: 3 failures, 4147ms, outcome: REJECTED, exit: 101 [proof:GENERATED] [+35 touch] G=memory
       r=0.174  T_new=0.63 F_new=0.92 F_rare=1.00 U=0 Q=0.26 Q_l=0.37 Q_g=0.72 dl=3 dg=2
       Value: 0x00010006 -> 0x00010003
       Original: Bne [major=1, minor=6]
       Mutated:  SltI [major=1, minor=3]
       zkVM errors (3 lines):
         • [prover_impl.rs:280] verify segment (internal proof verification failed)
         • [ffi.cpp:113] address mismatch at cycle 17575: preflight=0x3fffc060, actual=0x3fffc028
         • [kernels/cxx/ffi.cpp:208] SKIP THROW: memory peek not in preflight
       Local constraints hit (3 unique):
         - MemoryWrite@mem.zir:99
           cycle=17575, step=942, pc=0x00200A34, major=1, minor=3
         - VerifyOpcodeF3@inst.zir:96
           cycle=17575, step=942, pc=0x00200A34, major=1, minor=3
         - VerifyOpcodeF3@inst.zir:97
           cycle=17575, step=942, pc=0x00200A34, major=1, minor=3
       Global: memory permutation violated
         x8/s0: expected write missing, needed 0x002031fc (cycle 35143)
         0xFFFF0180 (data): unexpected write 0x002031fc (cycle 35143)
  [60] ✓ INSTR_TYPE_MOD @ step 2539: 7 failures, 4226ms, outcome: REJECTED, exit: 101 [proof:GENERATED] [+1 new] G=memory|cycle
       r=0.020  T_new=0.00 F_new=0.97 F_rare=1.00 U=0 Q=0.04 Q_l=0.10 Q_g=0.43 dl=7 dg=5
       Value: 0x00030001 -> 0x00060002
       Original: SllI [major=3, minor=1]
       Mutated:  Sw [major=6, minor=2]
       zkVM errors (3 lines):
         • [prover_impl.rs:280] verify segment (internal proof verification failed)
         • [ffi.cpp:113] address mismatch at cycle 19267: preflight=0x3fffc02b, actual=0x0000000e
         • [kernels/cxx/ffi.cpp:208] SKIP THROW: memory peek not in preflight
       Local constraints hit (7 unique):
         - AddrDecomposeBits@u32.zir:87
           cycle=19267, step=2539, pc=0x00201498, major=6, minor=2
         - IsRead@mem.zir:79
           cycle=19267, step=2539, pc=0x00201498, major=6, minor=2
         - MemoryWrite@mem.zir:100
           cycle=19267, step=2539, pc=0x00201498, major=6, minor=2
         - MemoryWrite@mem.zir:99
           cycle=19267, step=2539, pc=0x00201498, major=6, minor=2
         - OpSW@inst_mem.zir:161
           cycle=19267, step=2539, pc=0x00201498, major=6, minor=2
         - VerifyOpcodeF3@inst.zir:96
           cycle=19267, step=2539, pc=0x00201498, major=6, minor=2
         - VerifyOpcodeF3@inst.zir:97
           cycle=19267, step=2539, pc=0x00201498, major=6, minor=2
       Global: memory permutation violated
         0x00000038 (data): expected write missing, needed 0x01061613 (cycle 6818)
         x11/a1: unexpected write 0x0000002f (cycle 38534)
       Global: cycle lookup violated (3 indices broken)
         index 0: 2254 provides, 1 uses (imbalanced)
         index 31716: 1 provides, 1 uses (imbalanced)
         index 2013265920: orphan provide (1 entries, no matching use)
  [61] ✓ INSTR_TYPE_MOD @ step 0: 6 failures, 4223ms, outcome: REJECTED, exit: 101 [proof:GENERATED] [+1 new] [+1 touch] G=memory|cycle
       r=0.036  T_new=0.03 F_new=0.78 F_rare=1.00 U=0 Q=0.08 Q_l=0.14 Q_g=0.61 dl=6 dg=3
       Value: 0x00020006 -> 0x00050002
       Original: Auipc [major=2, minor=6]
       Mutated:  Lw [major=5, minor=2]
       zkVM errors (3 lines):
         • [prover_impl.rs:280] verify segment (internal proof verification failed)
         • [ffi.cpp:113] address mismatch at cycle 0: preflight=0x44000000, actual=0x00000000
         • [kernels/cxx/ffi.cpp:208] SKIP THROW: memory peek not in preflight
       Local constraints hit (6 unique):
         - AddrDecompose@u32.zir:67
           cycle=0, step=0, pc=0x00000000, major=5, minor=2
         - AddrDecomposeBits@u32.zir:87
           cycle=0, step=0, pc=0x00000000, major=5, minor=2
         - ControlLoadRootAndNonce@inst_control.zir:23
           cycle=1, step=0, pc=0x00000000, major=7, minor=0
         - MemLoadInput@inst_mem.zir:8
           cycle=0, step=0, pc=0x00000000, major=5, minor=2
         - VerifyOpcodeF3@inst.zir:96
           cycle=0, step=0, pc=0x00000000, major=5, minor=2
         - VerifyOpcodeF3@inst.zir:97
           cycle=0, step=0, pc=0x00000000, major=5, minor=2
       Global: memory permutation violated
         0xFFFF0100 (data): expected write missing, needed 0x00000000 (cycle 0)
       Global: cycle lookup violated (2 indices broken)
         index 0: 2256 provides, 1 uses (imbalanced)
         index 2013265920: orphan provide (3 entries, no matching use)
  [62] ✓ INSTR_TYPE_MOD @ step 602: 4 failures, 4099ms, outcome: REJECTED, exit: 101 [proof:GENERATED]
       r=0.103  T_new=0.00 F_new=0.63 F_rare=1.00 U=0 Q=0.26 Q_l=0.26 Q_g=1.00 dl=4 dg=0
       Value: 0x00030001 -> 0x00000000
       Original: SllI [major=3, minor=1]
       Mutated:  Add [major=0, minor=0]
       zkVM errors (1 lines):
         • [prover_impl.rs:280] verify segment (internal proof verification failed)
       Local constraints hit (4 unique):
         - MemoryWrite@mem.zir:100
           cycle=17205, step=602, pc=0xC0000148, major=0, minor=0
         - MemoryWrite@mem.zir:99
           cycle=17205, step=602, pc=0xC0000148, major=0, minor=0
         - VerifyOpcodeF3F7@inst.zir:102
           cycle=17205, step=602, pc=0xC0000148, major=0, minor=0
         - VerifyOpcodeF3F7@inst.zir:103
           cycle=17205, step=602, pc=0xC0000148, major=0, minor=0
       Global: no permutation/lookup violations (local-only)
  [63] ✓ INSTR_TYPE_MOD @ step 2534: 4 failures, 4208ms, outcome: REJECTED, exit: 101 [proof:GENERATED] G=memory|cycle
       r=0.054  T_new=0.00 F_new=0.98 F_rare=1.00 U=0 Q=0.11 Q_l=0.26 Q_g=0.43 dl=4 dg=5
       Value: 0x00060002 -> 0x00030001
       Original: Sw [major=6, minor=2]
       Mutated:  SllI [major=3, minor=1]
       zkVM errors (3 lines):
         • [prover_impl.rs:280] verify segment (internal proof verification failed)
         • [ffi.cpp:113] address mismatch at cycle 19262: preflight=0x000800ea, actual=0x3fffc028
         • [kernels/cxx/ffi.cpp:208] SKIP THROW: memory peek not in preflight
       Local constraints hit (4 unique):
         - MemoryWrite@mem.zir:100
           cycle=19262, step=2534, pc=0x00201484, major=3, minor=1
         - VerifyOpcodeF3F7@inst.zir:102
           cycle=19262, step=2534, pc=0x00201484, major=3, minor=1
         - VerifyOpcodeF3F7@inst.zir:103
           cycle=19262, step=2534, pc=0x00201484, major=3, minor=1
         - VerifyOpcodeF3F7@inst.zir:104
           cycle=19262, step=2534, pc=0x00201484, major=3, minor=1
       Global: memory permutation violated
         0x002003A8 (data): unexpected write 0x00000000 (cycle 4742)
         x8/s0: expected write missing, needed 0x00000000 (cycle 4742)
       Global: cycle lookup violated (3 indices broken)
         index 0: 2254 provides, 1 uses (imbalanced)
         index 33781: orphan use (1 entries, no matching provide)
         index 33782: 1 provides, 1 uses (imbalanced)
  [64] ✓ INSTR_TYPE_MOD @ step 1822: 18 failures, 4158ms, outcome: REJECTED, exit: 101 [proof:GENERATED] [+1 new] G=memory
       r=0.003  T_new=0.00 F_new=1.00 F_rare=1.00 U=0 Q=0.01 Q_l=0.04 Q_g=0.19 dl=10 dg=10
       Value: 0x00010006 -> 0x00020004
       Original: Bne [major=1, minor=6]
       Mutated:  JalR [major=2, minor=4]
       zkVM errors (3 lines):
         • [prover_impl.rs:280] verify segment (internal proof verification failed)
         • [ffi.cpp:113] address mismatch at cycle 18466: preflight=0x3fffc060, actual=0x3fffc03c
         • [kernels/cxx/ffi.cpp:208] SKIP THROW: memory peek not in preflight
       Local constraints hit (6 unique):
         - AddrDecompose@u32.zir:67 (x6)
           cycle=18467, step=1823, pc=0x002184CC, major=0, minor=7
         - DecodeInst@inst.zir:29 (x6)
           cycle=18467, step=1823, pc=0x002184CC, major=0, minor=7
         - MemoryWrite@mem.zir:100 (x2)
           cycle=18466, step=1822, pc=0x002184C8, major=2, minor=4
         - MemoryWrite@mem.zir:99 (x2)
           cycle=18466, step=1822, pc=0x002184C8, major=2, minor=4
         - VerifyOpcodeF3@inst.zir:96
           cycle=18466, step=1822, pc=0x002184C8, major=2, minor=4
         - VerifyOpcodeF3@inst.zir:97
           cycle=18466, step=1822, pc=0x002184C8, major=2, minor=4
       Global: memory permutation violated (14 addrs: 1 register, 6 code, 7 data)
         0x00000050 (data): expected write missing, needed 0x00158593 (cycle 36920)
         0x00000054 (data): expected write missing, needed 0xfff60613 (cycle 36922)
         0x00000058 (data): expected write missing, needed 0x00150513 (cycle 36924)
         + 6 code addresses diverged (instruction fetch cascade)
         + 5 more addresses
  [65] ✓ INSTR_TYPE_MOD @ step 703: 2 failures, 4112ms, outcome: REJECTED, exit: 101 [proof:GENERATED] G=memory
       r=0.164  T_new=0.00 F_new=0.86 F_rare=1.00 U=0 Q=0.37 Q_l=0.51 Q_g=0.72 dl=2 dg=2
       Value: 0x00050002 -> 0x00000006
       Original: Lw [major=5, minor=2]
       Mutated:  SltU [major=0, minor=6]
       zkVM errors (3 lines):
         • [prover_impl.rs:280] verify segment (internal proof verification failed)
         • [ffi.cpp:113] address mismatch at cycle 17318: preflight=0x000800d5, actual=0x3fffc024
         • [kernels/cxx/ffi.cpp:208] SKIP THROW: memory peek not in preflight
       Local constraints hit (2 unique):
         - VerifyOpcodeF3F7@inst.zir:102
           cycle=17318, step=703, pc=0x002031F4, major=0, minor=6
         - VerifyOpcodeF3F7@inst.zir:103
           cycle=17318, step=703, pc=0x002031F4, major=0, minor=6
       Global: memory permutation violated
         0x00200354 (data): unexpected write 0x00000000 (cycle 34507)
         x4/tp: expected write missing, needed 0x00000000 (cycle 34507)
  [66] ✓ INSTR_TYPE_MOD @ step 3461: 4 failures, 4141ms, outcome: REJECTED, exit: 101 [proof:GENERATED]
       r=0.055  T_new=0.00 F_new=0.00 F_rare=0.71 U=0 Q=0.26 Q_l=0.26 Q_g=1.00 dl=4 dg=0
       Value: 0x00000007 -> 0x00030003
       Original: AddI [major=0, minor=7]
       Mutated:  MulH [major=3, minor=3]
       zkVM errors (1 lines):
         • [prover_impl.rs:280] verify segment (internal proof verification failed)
       Local constraints hit (4 unique):
         - MemoryWrite@mem.zir:99
           cycle=20263, step=3461, pc=0x00218150, major=3, minor=3
         - VerifyOpcodeF3F7@inst.zir:102
           cycle=20263, step=3461, pc=0x00218150, major=3, minor=3
         - VerifyOpcodeF3F7@inst.zir:103
           cycle=20263, step=3461, pc=0x00218150, major=3, minor=3
         - VerifyOpcodeF3F7@inst.zir:104
           cycle=20263, step=3461, pc=0x00218150, major=3, minor=3
       Global: no permutation/lookup violations (local-only)
  [67] ✓ COMP_OUT_MOD @ step 198: 1 failures, 4159ms, outcome: REJECTED, exit: 101 [proof:GENERATED] G=memory
       r=0.164  T_new=0.00 F_new=0.39 F_rare=0.72 U=0 Q=0.61 Q_l=0.72 Q_g=0.85 dl=1 dg=1
       Value: 0x00000003 -> 0xFFFF0003
       Destination: rd = x12 (a2)
       zkVM errors (1 lines):
         • [prover_impl.rs:280] verify segment (internal proof verification failed)
       Local constraints hit (1 unique):
         - MemoryWrite@mem.zir:100
           cycle=16777, step=198, pc=0x0020B8A4, major=0, minor=7
       Global: memory permutation violated
         x12/a2: wrote 0xffff0003, expected 0x00000003 (cycle 33555)
  [68] ✓ MEM_VAL_MOD @ step 3929: 2 failures, 4106ms, outcome: REJECTED, exit: 101 [proof:GENERATED] G=memory
       r=0.185  T_new=0.00 F_new=0.78 F_rare=1.00 U=0 Q=0.43 Q_l=0.51 Q_g=0.85 dl=2 dg=1
       Value: 0x6D43F365 -> 0xC348B15F
       Transaction: other_mem_write (WRITE) at address 0x10ffe0038
       zkVM errors (2 lines):
         • [prover_impl.rs:280] verify segment (internal proof verification failed)
         • [kernels/cxx/buffers.h:43] SKIP THROW: Inconsistent set
       Local constraints hit (2 unique):
         - MemoryWrite@mem.zir:100
           cycle=22883, step=3929, pc=0x00000000, major=9, minor=5
         - MemoryWrite@mem.zir:99
           cycle=22883, step=3929, pc=0x00000000, major=9, minor=5
       Global: memory permutation violated
         0x10FFE0038 (data): wrote 0xc348b15f, expected 0x6d43f365 (cycle 45767)
  [69] ✓ INSTR_TYPE_MOD @ step 3928: 2 failures, 4176ms, outcome: REJECTED, exit: 101 [proof:GENERATED] [+38 touch] G=memory
       r=0.178  T_new=0.66 F_new=0.95 F_rare=1.00 U=0 Q=0.26 Q_l=0.51 Q_g=0.51 dl=2 dg=4
       Value: 0x00000007 -> 0x00020007
       Original: AddI [major=0, minor=7]
       Mutated:  Unknown(2,7) [major=2, minor=7] ⚠INVALID
       zkVM errors (3 lines):
         • [prover_impl.rs:280] verify segment (internal proof verification failed)
         • [ffi.cpp:113] address mismatch at cycle 20878: preflight=0x3fffc011, actual=0x3fffc040
         • [kernels/cxx/ffi.cpp:208] SKIP THROW: memory peek not in preflight
       Local constraints hit (2 unique):
         - MemoryWrite@mem.zir:99
           cycle=20881, step=3929, pc=0x00000000, major=7, minor=4
         - VerifyOpcodeF3F7@inst.zir:102
           cycle=20878, step=3928, pc=0xC00000F8, major=2, minor=7
       Global: memory permutation violated
         0xC00000F4 (data): wrote 0x00000893, expected 0x00000073 (cycle 30062)
         0xC00000F8 (data): unexpected write 0x00000073 (cycle 30062)
         0xFFFF0044 (data): unexpected write 0x00000004 (cycle 41362)
         0xFFFF0100 (data): expected write missing, needed 0x00000004 (cycle 41362)
  [70] ✓ INSTR_TYPE_MOD @ step 2802: 2 failures, 4118ms, outcome: REJECTED, exit: 101 [proof:GENERATED] [+35 touch]
       r=0.304  T_new=0.63 F_new=0.63 F_rare=1.00 U=0 Q=0.51 Q_l=0.51 Q_g=1.00 dl=2 dg=0
       Value: 0x00060002 -> 0x0006000C
       Original: Sw [major=6, minor=2]
       Mutated:  Unknown(6,12) [major=6, minor=12] ⚠INVALID
       zkVM errors (1 lines):
         • [prover_impl.rs:280] verify segment (internal proof verification failed)
       Local constraints hit (2 unique):
         - OneHot@one_hot.zir:11
           cycle=19530, step=2802, pc=0x00203880, major=6, minor=12
         - OneHot@one_hot.zir:9
           cycle=19530, step=2802, pc=0x00203880, major=6, minor=12
       Global: no permutation/lookup violations (local-only)
  [71] ✓ INSTR_TYPE_MOD @ step 2900: 2 failures, 4114ms, outcome: REJECTED, exit: 101 [proof:GENERATED] [+36 touch]
       r=0.305  T_new=0.64 F_new=0.63 F_rare=1.00 U=0 Q=0.51 Q_l=0.51 Q_g=1.00 dl=2 dg=0
       Value: 0x00050002 -> 0x00050004
       Original: Lw [major=5, minor=2]
       Mutated:  LhU [major=5, minor=4]
       zkVM errors (1 lines):
         • [prover_impl.rs:280] verify segment (internal proof verification failed)
       Local constraints hit (2 unique):
         - MemoryWrite@mem.zir:100
           cycle=19628, step=2900, pc=0x00205DF4, major=5, minor=4
         - VerifyOpcodeF3@inst.zir:97
           cycle=19628, step=2900, pc=0x00205DF4, major=5, minor=4
       Global: no permutation/lookup violations (local-only)
  [72] ✓ MEM_VAL_MOD @ step 0: 10 failures, 4184ms, outcome: REJECTED, exit: 101 [proof:GENERATED] G=memory
       r=0.094  T_new=0.00 F_new=0.39 F_rare=0.85 U=0 Q=0.31 Q_l=0.37 Q_g=0.85 dl=3 dg=1
       Value: 0x04912A23 -> 0x09225446
       Transaction: other_mem_read (READ) at address 0x00204e44
       zkVM errors (2 lines):
         • [prover_impl.rs:280] verify segment (internal proof verification failed)
         • [kernels/cxx/buffers.h:43] SKIP THROW: Inconsistent set
       Local constraints hit (3 unique):
         - IsRead@mem.zir:79
           cycle=7413, step=0, pc=0x00000000, major=9, minor=2
         - IsRead@mem.zir:80
           cycle=7413, step=0, pc=0x00000000, major=9, minor=2
         - PoseidonCheckOut@inst_p2.zir:265 (x8)
           cycle=7553, step=0, pc=0x00000000, major=9, minor=5
       Global: memory permutation violated
         0x00204E44 (code): wrote 0x09225446, expected 0x04912a23 (cycle 14826)
  [73] 💥 INSTR_TYPE_MOD @ step 3288: 0 failures, 674ms, outcome: CRASH, exit: -11 [proof:NOT_GENERATED]
       r=0.000  T_new=0.00 F_new=0.00 F_rare=0.00 U=0 Q=0.00 Q_l=0.00 Q_g=1.00 dl=0 dg=0
       Value: 0x00000007 -> 0x00060007
       Original: AddI [major=0, minor=7]
       Mutated:  Unknown(6,7) [major=6, minor=7] ⚠INVALID
       No constraint failures (mutation may have been ineffective)
  [74] ✓ MEM_VAL_MOD @ step 915: 0 failures, 4170ms, outcome: REJECTED, exit: 101 [proof:GENERATED] G=memory[GO]
       r=0.283  T_new=0.00 F_new=0.39 F_rare=1.00 U=0 Q=0.85 Q_l=1.00 Q_g=0.85 dl=0 dg=1
       Value: 0x00000000 -> 0xDFEDFFBF
       Transaction: other_mem_write (WRITE) at address 0xffff0104
       zkVM errors (1 lines):
         • [prover_impl.rs:280] verify segment (internal proof verification failed)
       Global: memory permutation violated [GLOBAL-ONLY]
         0xFFFF0104 (data): wrote 0xdfedffbf, expected 0x00000000 (cycle 35089)
  [75] ✓ INSTR_TYPE_MOD @ step 2415: 7 failures, 4157ms, outcome: REJECTED, exit: 101 [proof:GENERATED] G=memory
       r=0.024  T_new=0.00 F_new=0.99 F_rare=1.00 U=0 Q=0.05 Q_l=0.10 Q_g=0.51 dl=7 dg=4
       Value: 0x00020003 -> 0x00000004
       Original: Jal [major=2, minor=3]
       Mutated:  And [major=0, minor=4]
       zkVM errors (3 lines):
         • [prover_impl.rs:280] verify segment (internal proof verification failed)
         • [ffi.cpp:113] address mismatch at cycle 19070: preflight=0x0008050e, actual=0x00080504
         • [kernels/cxx/buffers.h:43] SKIP THROW: Inconsistent set
       Local constraints hit (5 unique):
         - MemoryWrite@mem.zir:100
           cycle=19069, step=2415, pc=0x00201438, major=0, minor=4
         - MemoryWrite@mem.zir:99 (x3)
           cycle=19069, step=2415, pc=0x00201438, major=0, minor=4
         - VerifyOpcodeF3F7@inst.zir:102
           cycle=19069, step=2415, pc=0x00201438, major=0, minor=4
         - VerifyOpcodeF3F7@inst.zir:103
           cycle=19069, step=2415, pc=0x00201438, major=0, minor=4
         - VerifyOpcodeF3F7@inst.zir:104
           cycle=19069, step=2415, pc=0x00201438, major=0, minor=4
       Global: memory permutation violated
         0x00201410 (code): expected write missing, needed 0x00004097 (cycle 6758)
         0x00201414 (code): expected write missing, needed 0x120080e7 (cycle 6758)
         0x00201438 (code): unexpected write 0x00004097 (cycle 6758)
         0x0020143C (code): unexpected write 0x120080e7 (cycle 6758)
  [76] ✓ MEM_VAL_MOD @ step 2479: 2 failures, 4154ms, outcome: REJECTED, exit: 101 [proof:GENERATED] G=memory
       r=0.185  T_new=0.00 F_new=0.78 F_rare=1.00 U=0 Q=0.43 Q_l=0.51 Q_g=0.85 dl=2 dg=1
       Value: 0x00000008 -> 0x00040000
       Transaction: other_mem_read (READ) at address 0xffff0048
       zkVM errors (1 lines):
         • [prover_impl.rs:280] verify segment (internal proof verification failed)
       Local constraints hit (2 unique):
         - IsRead@mem.zir:79
           cycle=19133, step=2479, pc=0xC0000078, major=2, minor=0
         - IsRead@mem.zir:80
           cycle=19133, step=2479, pc=0xC0000078, major=2, minor=0
       Global: memory permutation violated
         0xFFFF0048 (data): wrote 0x00040000, expected 0x00000008 (cycle 38266)
  [77] ✓ INSTR_TYPE_MOD @ step 2262: 3 failures, 4162ms, outcome: REJECTED, exit: 101 [proof:GENERATED] G=memory
       r=0.103  T_new=0.00 F_new=0.63 F_rare=1.00 U=0 Q=0.26 Q_l=0.37 Q_g=0.72 dl=3 dg=2
       Value: 0x00050002 -> 0x00040002
       Original: Lw [major=5, minor=2]
       Mutated:  SrlI [major=4, minor=2]
       zkVM errors (3 lines):
         • [prover_impl.rs:280] verify segment (internal proof verification failed)
         • [ffi.cpp:113] address mismatch at cycle 18916: preflight=0x000884f5, actual=0x3fffc028
         • [kernels/cxx/ffi.cpp:208] SKIP THROW: memory peek not in preflight
       Local constraints hit (3 unique):
         - MemoryWrite@mem.zir:99
           cycle=18916, step=2262, pc=0x00203424, major=4, minor=2
         - VerifyOpcodeF3F7@inst.zir:102
           cycle=18916, step=2262, pc=0x00203424, major=4, minor=2
         - VerifyOpcodeF3F7@inst.zir:103
           cycle=18916, step=2262, pc=0x00203424, major=4, minor=2
       Global: memory permutation violated
         x8/s0: expected write missing, needed 0x00000000 (cycle 33353)
         0x002213D4 (code): unexpected write 0x00000000 (cycle 33353)
  [78] ✓ INSTR_TYPE_MOD @ step 1967: 4 failures, 4128ms, outcome: REJECTED, exit: 101 [proof:GENERATED]
       r=0.046  T_new=0.00 F_new=0.00 F_rare=0.71 U=0 Q=0.26 Q_l=0.26 Q_g=1.00 dl=4 dg=0
       Value: 0x00000007 -> 0x00000004
       Original: AddI [major=0, minor=7]
       Mutated:  And [major=0, minor=4]
       zkVM errors (1 lines):
         • [prover_impl.rs:280] verify segment (internal proof verification failed)
       Local constraints hit (4 unique):
         - MemoryWrite@mem.zir:100
           cycle=18616, step=1967, pc=0x002184CC, major=0, minor=4
         - MemoryWrite@mem.zir:99
           cycle=18616, step=1967, pc=0x002184CC, major=0, minor=4
         - VerifyOpcodeF3F7@inst.zir:102
           cycle=18616, step=1967, pc=0x002184CC, major=0, minor=4
         - VerifyOpcodeF3F7@inst.zir:103
           cycle=18616, step=1967, pc=0x002184CC, major=0, minor=4
       Global: no permutation/lookup violations (local-only)
  [79] ✓ INSTR_TYPE_MOD @ step 2688: 4 failures, 4174ms, outcome: REJECTED, exit: 101 [proof:GENERATED] G=memory|cycle
       r=0.051  T_new=0.00 F_new=0.86 F_rare=1.00 U=0 Q=0.11 Q_l=0.26 Q_g=0.43 dl=4 dg=5
       Value: 0x00060002 -> 0x00000004
       Original: Sw [major=6, minor=2]
       Mutated:  And [major=0, minor=4]
       zkVM errors (3 lines):
         • [prover_impl.rs:280] verify segment (internal proof verification failed)
         • [ffi.cpp:113] address mismatch at cycle 19416: preflight=0x000800d8, actual=0x3fffc060
         • [kernels/cxx/ffi.cpp:208] SKIP THROW: memory peek not in preflight
       Local constraints hit (4 unique):
         - MemoryWrite@mem.zir:99
           cycle=19416, step=2688, pc=0x002015FC, major=0, minor=4
         - VerifyOpcodeF3F7@inst.zir:102
           cycle=19416, step=2688, pc=0x002015FC, major=0, minor=4
         - VerifyOpcodeF3F7@inst.zir:103
           cycle=19416, step=2688, pc=0x002015FC, major=0, minor=4
         - VerifyOpcodeF3F7@inst.zir:104
           cycle=19416, step=2688, pc=0x002015FC, major=0, minor=4
       Global: memory permutation violated
         0x00200360 (data): unexpected write 0x00000000 (cycle 4702)
         0xFFFF0180 (data): expected write missing, needed 0x00000000 (cycle 4702)
       Global: cycle lookup violated (3 indices broken)
         index 0: 2254 provides, 1 uses (imbalanced)
         index 34129: orphan use (1 entries, no matching provide)
         index 34130: 1 provides, 1 uses (imbalanced)
  [80] ✓ INSTR_TYPE_MOD @ step 3002: 6 failures, 4202ms, outcome: REJECTED, exit: 101 [proof:GENERATED] G=memory|cycle
       r=0.027  T_new=0.00 F_new=0.92 F_rare=1.00 U=0 Q=0.06 Q_l=0.14 Q_g=0.43 dl=6 dg=5
       Value: 0x00000007 -> 0x00060002
       Original: AddI [major=0, minor=7]
       Mutated:  Sw [major=6, minor=2]
       zkVM errors (3 lines):
         • [prover_impl.rs:280] verify segment (internal proof verification failed)
         • [ffi.cpp:113] address mismatch at cycle 19730: preflight=0x3fffc02c, actual=0x00086b4e
         • [kernels/cxx/ffi.cpp:208] SKIP THROW: memory peek not in preflight
       Local constraints hit (6 unique):
         - IsRead@mem.zir:79
           cycle=19730, step=3002, pc=0x002056D0, major=6, minor=2
         - IsRead@mem.zir:80
           cycle=19730, step=3002, pc=0x002056D0, major=6, minor=2
         - MemoryWrite@mem.zir:100
           cycle=19730, step=3002, pc=0x002056D0, major=6, minor=2
         - MemoryWrite@mem.zir:99
           cycle=19730, step=3002, pc=0x002056D0, major=6, minor=2
         - VerifyOpcodeF3@inst.zir:96
           cycle=19730, step=3002, pc=0x002056D0, major=6, minor=2
         - VerifyOpcodeF3@inst.zir:97
           cycle=19730, step=3002, pc=0x002056D0, major=6, minor=2
       Global: memory permutation violated
         x12/a2: unexpected write 0x00221000 (cycle 39448)
         0x0021AD38 (code): expected write missing, needed 0x073afa63 (cycle 16194)
       Global: cycle lookup violated (3 indices broken)
         index 11: 211 provides, 1 uses (imbalanced)
         index 12: 188 provides, 1 uses (imbalanced)
         index 23266: 1 provides, 1 uses (imbalanced)
  [81] ✓ INSTR_TYPE_MOD @ step 1575: 5 failures, 4157ms, outcome: REJECTED, exit: 101 [proof:GENERATED] [+48 touch] G=memory
       r=0.094  T_new=0.75 F_new=0.97 F_rare=1.00 U=0 Q=0.14 Q_l=0.19 Q_g=0.72 dl=5 dg=2
       Value: 0x00050002 -> 0x00040004
       Original: Lw [major=5, minor=2]
       Mutated:  Div [major=4, minor=4]
       zkVM errors (3 lines):
         • [prover_impl.rs:280] verify segment (internal proof verification failed)
         • [ffi.cpp:113] address mismatch at cycle 18219: preflight=0x0008006d, actual=0x3fffc034
         • [kernels/cxx/ffi.cpp:208] SKIP THROW: memory peek not in preflight
       Local constraints hit (5 unique):
         - MemoryWrite@mem.zir:100
           cycle=18219, step=1575, pc=0x00202EC0, major=4, minor=4
         - MemoryWrite@mem.zir:99
           cycle=18219, step=1575, pc=0x00202EC0, major=4, minor=4
         - VerifyOpcodeF3F7@inst.zir:102
           cycle=18219, step=1575, pc=0x00202EC0, major=4, minor=4
         - VerifyOpcodeF3F7@inst.zir:103
           cycle=18219, step=1575, pc=0x00202EC0, major=4, minor=4
         - VerifyOpcodeF3F7@inst.zir:104
           cycle=18219, step=1575, pc=0x00202EC0, major=4, minor=4
       Global: memory permutation violated
         0x002001B4 (data): unexpected write 0x0022133c (cycle 35949)
         x20/s4: expected write missing, needed 0x0022133c (cycle 35949)
  [82] ✓ INSTR_TYPE_MOD @ step 821: 2 failures, 4117ms, outcome: REJECTED, exit: 101 [proof:GENERATED]
       r=0.089  T_new=0.00 F_new=0.00 F_rare=0.71 U=0 Q=0.51 Q_l=0.51 Q_g=1.00 dl=2 dg=0
       Value: 0x00000007 -> 0x00000001
       Original: AddI [major=0, minor=7]
       Mutated:  Sub [major=0, minor=1]
       zkVM errors (1 lines):
         • [prover_impl.rs:280] verify segment (internal proof verification failed)
       Local constraints hit (2 unique):
         - VerifyOpcodeF3F7@inst.zir:102
           cycle=17442, step=821, pc=0x00206168, major=0, minor=1
         - VerifyOpcodeF3F7@inst.zir:104
           cycle=17442, step=821, pc=0x00206168, major=0, minor=1
       Global: no permutation/lookup violations (local-only)
  [83] ✓ INSTR_TYPE_MOD @ step 3540: 3 failures, 4137ms, outcome: REJECTED, exit: 101 [proof:GENERATED]
       r=0.105  T_new=0.00 F_new=0.39 F_rare=0.79 U=0 Q=0.37 Q_l=0.37 Q_g=1.00 dl=3 dg=0
       Value: 0x00050002 -> 0x00050003
       Original: Lw [major=5, minor=2]
       Mutated:  LbU [major=5, minor=3]
       zkVM errors (1 lines):
         • [prover_impl.rs:280] verify segment (internal proof verification failed)
       Local constraints hit (3 unique):
         - MemoryWrite@mem.zir:100
           cycle=20342, step=3540, pc=0xC000017C, major=5, minor=3
         - MemoryWrite@mem.zir:99
           cycle=20342, step=3540, pc=0xC000017C, major=5, minor=3
         - VerifyOpcodeF3@inst.zir:97
           cycle=20342, step=3540, pc=0xC000017C, major=5, minor=3
       Global: no permutation/lookup violations (local-only)
  [84] ✓ MEM_VAL_MOD @ step 443: 4 failures, 4198ms, outcome: REJECTED, exit: 101 [proof:GENERATED] G=memory
       r=0.068  T_new=0.00 F_new=0.78 F_rare=1.00 U=0 Q=0.16 Q_l=0.26 Q_g=0.61 dl=4 dg=3
       Value: 0xFFFF0080 -> 0x0000FFFF
       Transaction: load_mem_read (READ) at address 0xffff0010
       zkVM errors (3 lines):
         • [prover_impl.rs:280] verify segment (internal proof verification failed)
         • [ffi.cpp:113] address mismatch at cycle 17034: preflight=0x3fffc02b, actual=0x0000400a
         • [kernels/cxx/ffi.cpp:208] SKIP THROW: memory peek not in preflight
       Local constraints hit (4 unique):
         - IsRead@mem.zir:79
           cycle=17034, step=443, pc=0xC0000144, major=5, minor=2
         - IsRead@mem.zir:80
           cycle=17034, step=443, pc=0xC0000144, major=5, minor=2
         - OpLW@inst_mem.zir:108
           cycle=17034, step=443, pc=0xC0000144, major=5, minor=2
         - OpLW@inst_mem.zir:109
           cycle=17034, step=443, pc=0xC0000144, major=5, minor=2
       Global: memory permutation violated
         0x00010028 (data): expected write missing, needed 0x00000001 (cycle 34043)
         0xFFFF0010 (data): wrote 0x0000ffff, expected 0xffff0080 (cycle 34068)
         x11/a1: unexpected write 0x00000001 (cycle 34043)
  [85] ✓ MEM_VAL_MOD @ step 1648: 2 failures, 4131ms, outcome: REJECTED, exit: 101 [proof:GENERATED] G=memory
       r=0.117  T_new=0.00 F_new=0.39 F_rare=0.72 U=0 Q=0.43 Q_l=0.51 Q_g=0.85 dl=2 dg=1
       Value: 0x00000000 -> 0xBFB2638F
       Transaction: store_rmw_read (READ) at address 0x002000cc
       zkVM errors (1 lines):
         • [prover_impl.rs:280] verify segment (internal proof verification failed)
       Local constraints hit (2 unique):
         - IsRead@mem.zir:79
           cycle=18292, step=1648, pc=0x0020AF04, major=6, minor=2
         - IsRead@mem.zir:80
           cycle=18292, step=1648, pc=0x0020AF04, major=6, minor=2
       Global: memory permutation violated
         0x002000CC (data): wrote 0xbfb2638f, expected 0x00000000 (cycle 36584)
  [86] ✓ INSTR_TYPE_MOD @ step 3891: 5 failures, 4271ms, outcome: REJECTED, exit: 101 [proof:GENERATED] G=memory
       r=0.033  T_new=0.00 F_new=0.98 F_rare=1.00 U=0 Q=0.07 Q_l=0.19 Q_g=0.37 dl=5 dg=6
       Value: 0x00020004 -> 0x00010004
       Original: JalR [major=2, minor=4]
       Mutated:  SltIU [major=1, minor=4]
       zkVM errors (3 lines):
         • [prover_impl.rs:280] verify segment (internal proof verification failed)
         • [ffi.cpp:113] address mismatch at cycle 20842: preflight=0x00081818, actual=0x000805ec
         • [kernels/cxx/buffers.h:43] SKIP THROW: Inconsistent set
       Local constraints hit (4 unique):
         - MemoryWrite@mem.zir:100
           cycle=20841, step=3891, pc=0x00206060, major=1, minor=4
         - MemoryWrite@mem.zir:99 (x2)
           cycle=20841, step=3891, pc=0x00206060, major=1, minor=4
         - VerifyOpcodeF3@inst.zir:96
           cycle=20841, step=3891, pc=0x00206060, major=1, minor=4
         - VerifyOpcodeF3@inst.zir:97
           cycle=20841, step=3891, pc=0x00206060, major=1, minor=4
       Global: memory permutation violated
         0x002017B0 (code): expected write missing, needed 0x00851513 (cycle 17746)
         0x002017B4 (code): expected write missing, needed 0x00000293 (cycle 17746)
         0x002017B8 (code): expected write missing, needed 0x00000073 (cycle 17746)
         0x00206060 (code): unexpected write 0x00851513 (cycle 17746)
         0x00206064 (code): unexpected write 0x00000293 (cycle 17746)
         0x00206068 (code): unexpected write 0x00000073 (cycle 17746)
  [87] ✓ INSTR_WORD_MOD_FULL @ step 1790: 1 failures, 4214ms, outcome: REJECTED, exit: 101 [proof:GENERATED] G=memory
       r=0.184  T_new=0.00 F_new=0.78 F_rare=1.00 U=0 Q=0.43 Q_l=0.72 Q_g=0.61 dl=1 dg=3
       Value: 0x00150513 -> 0x00050513
       Original: ADDI x10, x10, 1
       Mutated:  ADDI x10, x10, 0
       zkVM errors (3 lines):
         • [prover_impl.rs:280] verify segment (internal proof verification failed)
         • [ffi.cpp:113] address mismatch at cycle 18434: preflight=0x3fffc021, actual=0x3fffc020
         • [kernels/cxx/ffi.cpp:208] SKIP THROW: memory peek not in preflight
       Local constraints hit (1 unique):
         - MemoryWrite@mem.zir:99
           cycle=18434, step=1790, pc=0x002184D4, major=0, minor=7
       Global: memory permutation violated
         x0/zero: expected write missing, needed 0x00205fd0 (cycle 36864)
         x1/ra: unexpected write 0x00205fd0 (cycle 36864)
         0x002184D0 (code): wrote 0x00150513, expected 0x00050513 (cycle 36854)
  [88] ✓ PRE_EXEC_REG_MOD @ step 3049: 2 failures, 4137ms, outcome: REJECTED, exit: 101 [proof:GENERATED] G=memory
       r=0.184  T_new=0.00 F_new=0.78 F_rare=1.00 U=0 Q=0.43 Q_l=0.51 Q_g=0.85 dl=2 dg=1
       Value: 0x00000033 -> 0x20000000
       Register: x12 (a2), READ, strategy=next_read
       zkVM errors (1 lines):
         • [prover_impl.rs:280] verify segment (internal proof verification failed)
       Local constraints hit (2 unique):
         - IsRead@mem.zir:79
           cycle=19777, step=3049, pc=0x00203200, major=1, minor=5
         - IsRead@mem.zir:80
           cycle=19777, step=3049, pc=0x00203200, major=1, minor=5
       Global: memory permutation violated
         x12/a2: wrote 0x20000000, expected 0x00000033 (cycle 39554)
  [89] ✓ INSTR_TYPE_MOD @ step 1193: 4 failures, 4202ms, outcome: REJECTED, exit: 101 [proof:GENERATED] [+41 touch] G=memory|cycle
       r=0.079  T_new=0.69 F_new=0.98 F_rare=1.00 U=0 Q=0.11 Q_l=0.26 Q_g=0.43 dl=4 dg=5
       Value: 0x00060000 -> 0x00030000
       Original: Sb [major=6, minor=0]
       Mutated:  Sll [major=3, minor=0]
       zkVM errors (3 lines):
         • [prover_impl.rs:280] verify segment (internal proof verification failed)
         • [ffi.cpp:113] address mismatch at cycle 17837: preflight=0x00088503, actual=0x3fffc02c
         • [kernels/cxx/ffi.cpp:208] SKIP THROW: memory peek not in preflight
       Local constraints hit (4 unique):
         - MemoryWrite@mem.zir:100
           cycle=17837, step=1193, pc=0x00209C54, major=3, minor=0
         - MemoryWrite@mem.zir:99
           cycle=17837, step=1193, pc=0x00209C54, major=3, minor=0
         - VerifyOpcodeF3F7@inst.zir:102
           cycle=17837, step=1193, pc=0x00209C54, major=3, minor=0
         - VerifyOpcodeF3F7@inst.zir:103
           cycle=17837, step=1193, pc=0x00209C54, major=3, minor=0
       Global: memory permutation violated
         x12/a2: expected write missing, needed 0x00000000 (cycle 29278)
         0x0022140C (code): unexpected write 0x00000000 (cycle 29278)
       Global: cycle lookup violated (3 indices broken)
         index 0: 2254 provides, 1 uses (imbalanced)
         index 6395: orphan use (1 entries, no matching provide)
         index 6396: 1 provides, 1 uses (imbalanced)
  [90] ✓ MEM_VAL_MOD @ step 1072: 9 failures, 4204ms, outcome: REJECTED, exit: 101 [proof:GENERATED] G=memory
       r=0.004  T_new=0.00 F_new=1.00 F_rare=1.00 U=0 Q=0.01 Q_l=0.05 Q_g=0.19 dl=9 dg=10
       Value: 0xC0000070 -> 0x33D4BD7A
       Transaction: other_mem_read (READ) at address 0xffff1000
       zkVM errors (3 lines):
         • [prover_impl.rs:280] verify segment (internal proof verification failed)
         • [ffi.cpp:113] address mismatch at cycle 17712: preflight=0x3000001c, actual=0x0cf52f5e
         • [kernels/cxx/buffers.h:43] SKIP THROW: Inconsistent set
       Local constraints hit (5 unique):
         - DecodeInst@inst.zir:29 (x5)
           cycle=17712, step=1073, pc=0xC0000074, major=5, minor=2
         - IsRead@mem.zir:79
           cycle=17711, step=1072, pc=0xC0000070, major=7, minor=2
         - IsRead@mem.zir:80
           cycle=17711, step=1072, pc=0xC0000070, major=7, minor=2
         - MemoryWrite@mem.zir:100
           cycle=17716, step=1077, pc=0xC0000058, major=2, minor=4
         - MemoryWrite@mem.zir:99
           cycle=17716, step=1077, pc=0xC0000058, major=2, minor=4
       Global: memory permutation violated (11 addrs: 11 data)
         0x33D4BD78 (data): expected write missing, needed 0x01422503 (cycle 35232)
         0x33D4BD7C (data): expected write missing, needed 0x01255863 (cycle 35234)
         0x33D4BD80 (data): expected write missing, needed 0x00251513 (cycle 35236)
         + 8 more addresses
  [91] ✓ INSTR_WORD_MOD_SUR @ step 1858: 0 failures, 4139ms, outcome: REJECTED, exit: 101 [proof:GENERATED] G=memory[GO]
       r=0.257  T_new=0.00 F_new=0.78 F_rare=1.00 U=0 Q=0.61 Q_l=1.00 Q_g=0.61 dl=0 dg=3
       Value: 0x00C12983 -> 0x00C12203
       Surgical: rd = 19 -> 4
       Original: LW x19, 12(x2)
       Mutated:  LW x4, 12(x2)
       zkVM errors (3 lines):
         • [prover_impl.rs:280] verify segment (internal proof verification failed)
         • [ffi.cpp:113] address mismatch at cycle 18507: preflight=0x3fffc033, actual=0x3fffc024
         • [kernels/cxx/ffi.cpp:208] SKIP THROW: memory peek not in preflight
       Global: memory permutation violated [GLOBAL-ONLY]
         x4/tp: expected write missing, needed 0x00000000 (cycle 36954)
         x19/s3: unexpected write 0x00000000 (cycle 36954)
         0x00206004 (code): wrote 0x00c12983, expected 0x00c12203 (cycle 17686)
  [92] ✓ INSTR_TYPE_MOD @ step 3816: 4 failures, 4175ms, outcome: REJECTED, exit: 101 [proof:GENERATED] G=memory
       r=0.080  T_new=0.00 F_new=0.78 F_rare=1.00 U=0 Q=0.19 Q_l=0.26 Q_g=0.72 dl=4 dg=2
       Value: 0x00050002 -> 0x00000003
       Original: Lw [major=5, minor=2]
       Mutated:  Or [major=0, minor=3]
       zkVM errors (3 lines):
         • [prover_impl.rs:280] verify segment (internal proof verification failed)
         • [ffi.cpp:113] address mismatch at cycle 20766: preflight=0x00080067, actual=0x3fffc03c
         • [kernels/cxx/ffi.cpp:208] SKIP THROW: memory peek not in preflight
       Local constraints hit (4 unique):
         - MemoryWrite@mem.zir:99
           cycle=20766, step=3816, pc=0x00205820, major=0, minor=3
         - VerifyOpcodeF3F7@inst.zir:102
           cycle=20766, step=3816, pc=0x00205820, major=0, minor=3
         - VerifyOpcodeF3F7@inst.zir:103
           cycle=20766, step=3816, pc=0x00205820, major=0, minor=3
         - VerifyOpcodeF3F7@inst.zir:104
           cycle=20766, step=3816, pc=0x00205820, major=0, minor=3
       Global: memory permutation violated
         0x0020019C (data): unexpected write 0x00205460 (cycle 40899)
         x28/t3: expected write missing, needed 0x00205460 (cycle 40899)
  [93] ✓ STORE_OUT_MOD @ step 1667: 1 failures, 4170ms, outcome: REJECTED, exit: 101 [proof:GENERATED] G=memory
       r=0.163  T_new=0.00 F_new=0.39 F_rare=0.72 U=0 Q=0.61 Q_l=0.72 Q_g=0.85 dl=1 dg=1
       Value: 0x00000000 -> 0x00000100
       Store address: 0x00200090
       zkVM errors (1 lines):
         • [prover_impl.rs:280] verify segment (internal proof verification failed)
       Local constraints hit (1 unique):
         - MemoryWrite@mem.zir:99
           cycle=18311, step=1667, pc=0x002096C4, major=6, minor=2
       Global: memory permutation violated
         0x00200090 (data): wrote 0x00000100, expected 0x00000000 (cycle 36623)
  [94] ✓ INSTR_TYPE_MOD @ step 3551: 3 failures, 4125ms, outcome: REJECTED, exit: 101 [proof:GENERATED]
       r=0.156  T_new=0.00 F_new=0.78 F_rare=1.00 U=0 Q=0.37 Q_l=0.37 Q_g=1.00 dl=3 dg=0
       Value: 0x00000007 -> 0x00030002
       Original: AddI [major=0, minor=7]
       Mutated:  Mul [major=3, minor=2]
       zkVM errors (1 lines):
         • [prover_impl.rs:280] verify segment (internal proof verification failed)
       Local constraints hit (3 unique):
         - MemoryWrite@mem.zir:99
           cycle=20353, step=3551, pc=0xC0000538, major=3, minor=2
         - VerifyOpcodeF3F7@inst.zir:102
           cycle=20353, step=3551, pc=0xC0000538, major=3, minor=2
         - VerifyOpcodeF3F7@inst.zir:104
           cycle=20353, step=3551, pc=0xC0000538, major=3, minor=2
       Global: no permutation/lookup violations (local-only)
  [95] ✓ INSTR_TYPE_MOD @ step 316: 3 failures, 4116ms, outcome: REJECTED, exit: 101 [proof:GENERATED]
       r=0.077  T_new=0.00 F_new=0.00 F_rare=0.71 U=0 Q=0.37 Q_l=0.37 Q_g=1.00 dl=3 dg=0
       Value: 0x00010006 -> 0x00010003
       Original: Bne [major=1, minor=6]
       Mutated:  SltI [major=1, minor=3]
       zkVM errors (1 lines):
         • [prover_impl.rs:280] verify segment (internal proof verification failed)
       Local constraints hit (3 unique):
         - MemoryWrite@mem.zir:99
           cycle=16901, step=316, pc=0x0020085C, major=1, minor=3
         - VerifyOpcodeF3@inst.zir:96
           cycle=16901, step=316, pc=0x0020085C, major=1, minor=3
         - VerifyOpcodeF3@inst.zir:97
           cycle=16901, step=316, pc=0x0020085C, major=1, minor=3
       Global: no permutation/lookup violations (local-only)
  [96] ✓ MEM_VAL_MOD @ step 3929: 0 failures, 4192ms, outcome: REJECTED, exit: 101 [proof:GENERATED] G=memory[GO]
       r=0.283  T_new=0.00 F_new=0.39 F_rare=1.00 U=0 Q=0.85 Q_l=1.00 Q_g=0.85 dl=0 dg=1
       Value: 0x06EEEA3D -> 0x3B28BA76
       Transaction: other_mem_read (READ) at address 0x10fc00058
       zkVM errors (2 lines):
         • [prover_impl.rs:280] verify segment (internal proof verification failed)
         • [kernels/cxx/buffers.h:43] SKIP THROW: Inconsistent set
       Global: memory permutation violated [GLOBAL-ONLY]
         0x10FC00058 (data): wrote 0x3b28ba76, expected 0x06eeea3d (cycle 45512)
  [97] ✓ MEM_VAL_MOD @ step 3869: 4 failures, 4152ms, outcome: REJECTED, exit: 101 [proof:GENERATED] G=memory
       r=0.061  T_new=0.00 F_new=0.39 F_rare=0.75 U=0 Q=0.22 Q_l=0.26 Q_g=0.85 dl=4 dg=1
       Value: 0x00000000 -> 0x80629121
       Transaction: load_mem_read (READ) at address 0x0020020c
       zkVM errors (1 lines):
         • [prover_impl.rs:280] verify segment (internal proof verification failed)
       Local constraints hit (4 unique):
         - IsRead@mem.zir:79
           cycle=20819, step=3869, pc=0x00204DA8, major=5, minor=2
         - IsRead@mem.zir:80
           cycle=20819, step=3869, pc=0x00204DA8, major=5, minor=2
         - MemoryWrite@mem.zir:100
           cycle=20819, step=3869, pc=0x00204DA8, major=5, minor=2
         - MemoryWrite@mem.zir:99
           cycle=20819, step=3869, pc=0x00204DA8, major=5, minor=2
       Global: memory permutation violated
         0x0020020C (data): wrote 0x80629121, expected 0x00000000 (cycle 41638)
  [98] ✓ MEM_VAL_MOD @ step 514: 1 failures, 4150ms, outcome: REJECTED, exit: 101 [proof:GENERATED] G=memory
       r=0.237  T_new=0.00 F_new=0.63 F_rare=1.00 U=0 Q=0.61 Q_l=0.72 Q_g=0.85 dl=1 dg=1
       Value: 0x00000008 -> 0x00000006
       Transaction: other_mem_write (WRITE) at address 0xffff0028
       zkVM errors (1 lines):
         • [prover_impl.rs:280] verify segment (internal proof verification failed)
       Local constraints hit (1 unique):
         - MemoryWrite@mem.zir:99
           cycle=17111, step=514, pc=0xC000007C, major=3, minor=1
       Global: memory permutation violated
         0xFFFF0028 (data): wrote 0x00000006, expected 0x00000008 (cycle 34223)
  [99] 💥 INSTR_TYPE_MOD @ step 1765: 8 failures, 610ms, outcome: CRASH, exit: -11 [proof:NOT_GENERATED]
       r=0.000  T_new=0.00 F_new=0.00 F_rare=0.00 U=0 Q=0.00 Q_l=0.00 Q_g=1.00 dl=0 dg=0
       Value: 0x00050003 -> 0x00000008
       Original: LbU [major=5, minor=3]
       Mutated:  XorI [major=0, minor=8] ⚠INVALID
       zkVM errors (2 lines):
         • [ffi.cpp:113] address mismatch at cycle 18409: preflight=0x00086ea0, actual=0x3fffc020
         • [kernels/cxx/ffi.cpp:208] SKIP THROW: memory peek not in preflight
       Local constraints hit (4 unique):
         - AddrDecompose@u32.zir:67 (x5)
           cycle=18410, step=1766, pc=0x002184C8, major=1, minor=6
         - MemoryWrite@mem.zir:99
           cycle=18409, step=1765, pc=0x002184C4, major=0, minor=8
         - OneHot@one_hot.zir:11
           cycle=18409, step=1765, pc=0x002184C4, major=0, minor=8
         - OneHot@one_hot.zir:9
           cycle=18409, step=1765, pc=0x002184C4, major=0, minor=8
       Global: no permutation/lookup violations (local-only)
  [100] ✓ INSTR_TYPE_MOD @ step 0: 5 failures, 4234ms, outcome: REJECTED, exit: 101 [proof:GENERATED] [+1 touch] G=memory|cycle
       r=0.046  T_new=0.03 F_new=0.63 F_rare=1.00 U=0 Q=0.11 Q_l=0.19 Q_g=0.61 dl=5 dg=3
       Value: 0x00020006 -> 0x00020003
       Original: Auipc [major=2, minor=6]
       Mutated:  Jal [major=2, minor=3]
       zkVM errors (3 lines):
         • [prover_impl.rs:280] verify segment (internal proof verification failed)
         • [ffi.cpp:113] address mismatch at cycle 0: preflight=0x44000000, actual=0x00000000
         • [kernels/cxx/ffi.cpp:208] SKIP THROW: memory peek not in preflight
       Local constraints hit (5 unique):
         - AddrDecompose@u32.zir:67
           cycle=0, step=0, pc=0x00000000, major=2, minor=3
         - ControlLoadRootAndNonce@inst_control.zir:23
           cycle=1, step=0, pc=0x00000000, major=7, minor=0
         - MemoryWrite@mem.zir:99
           cycle=0, step=0, pc=0x00000000, major=2, minor=3
         - MiscInput@inst_misc.zir:7
           cycle=0, step=0, pc=0x00000000, major=2, minor=3
         - VerifyOpcode@inst.zir:91
           cycle=0, step=0, pc=0x00000000, major=2, minor=3
       Global: memory permutation violated
         0xFFFF0100 (data): expected write missing, needed 0x00000000 (cycle 0)
       Global: cycle lookup violated (2 indices broken)
         index 0: 2256 provides, 1 uses (imbalanced)
         index 2013265920: orphan provide (2 entries, no matching use)
  [101] ✓ INSTR_TYPE_MOD @ step 3928: 2 failures, 4122ms, outcome: REJECTED, exit: 101 [proof:GENERATED] [+39 touch]
       r=0.309  T_new=0.67 F_new=0.63 F_rare=1.00 U=0 Q=0.51 Q_l=0.51 Q_g=1.00 dl=2 dg=0
       Value: 0x00000007 -> 0x00000005
       Original: AddI [major=0, minor=7]
       Mutated:  Slt [major=0, minor=5]
       zkVM errors (1 lines):
         • [prover_impl.rs:280] verify segment (internal proof verification failed)
       Local constraints hit (2 unique):
         - VerifyOpcodeF3F7@inst.zir:102
           cycle=20878, step=3928, pc=0xC00000F8, major=0, minor=5
         - VerifyOpcodeF3F7@inst.zir:103
           cycle=20878, step=3928, pc=0xC00000F8, major=0, minor=5
       Global: no permutation/lookup violations (local-only)
  [102] ✓ INSTR_TYPE_MOD @ step 2746: 1 failures, 4127ms, outcome: REJECTED, exit: 101 [proof:GENERATED]
       r=0.239  T_new=0.00 F_new=0.39 F_rare=1.00 U=0 Q=0.72 Q_l=0.72 Q_g=1.00 dl=1 dg=0
       Value: 0x00060002 -> 0x00060000
       Original: Sw [major=6, minor=2]
       Mutated:  Sb [major=6, minor=0]
       zkVM errors (1 lines):
         • [prover_impl.rs:280] verify segment (internal proof verification failed)
       Local constraints hit (1 unique):
         - VerifyOpcodeF3@inst.zir:97
           cycle=19474, step=2746, pc=0x002016F4, major=6, minor=0
       Global: no permutation/lookup violations (local-only)
  [103] ✓ INSTR_TYPE_MOD @ step 2241: 5 failures, 4258ms, outcome: REJECTED, exit: 101 [proof:GENERATED] G=memory|cycle
       r=0.041  T_new=0.00 F_new=0.95 F_rare=1.00 U=0 Q=0.08 Q_l=0.19 Q_g=0.43 dl=5 dg=5
       Value: 0x00060002 -> 0x00040006
       Original: Sw [major=6, minor=2]
       Mutated:  Rem [major=4, minor=6]
       zkVM errors (3 lines):
         • [prover_impl.rs:280] verify segment (internal proof verification failed)
         • [ffi.cpp:113] address mismatch at cycle 18895: preflight=0x000800c1, actual=0x3fffc024
         • [kernels/cxx/ffi.cpp:208] SKIP THROW: memory peek not in preflight
       Local constraints hit (5 unique):
         - MemoryWrite@mem.zir:100
           cycle=18895, step=2241, pc=0x00203430, major=4, minor=6
         - MemoryWrite@mem.zir:99
           cycle=18895, step=2241, pc=0x00203430, major=4, minor=6
         - VerifyOpcodeF3F7@inst.zir:102
           cycle=18895, step=2241, pc=0x00203430, major=4, minor=6
         - VerifyOpcodeF3F7@inst.zir:103
           cycle=18895, step=2241, pc=0x00203430, major=4, minor=6
         - VerifyOpcodeF3F7@inst.zir:104
           cycle=18895, step=2241, pc=0x00203430, major=4, minor=6
       Global: memory permutation violated
         0x00200304 (data): unexpected write 0x00000004 (cycle 36450)
         x4/tp: expected write missing, needed 0x00000004 (cycle 36450)
       Global: cycle lookup violated (3 indices broken)
         index 0: 2254 provides, 1 uses (imbalanced)
         index 1339: 3 provides, 1 uses (imbalanced)
         index 1340: 1 provides, 1 uses (imbalanced)
  [104] ✓ MEM_VAL_MOD @ step 1531: 3 failures, 4151ms, outcome: REJECTED, exit: 101 [proof:GENERATED] G=memory
       r=0.093  T_new=0.00 F_new=0.39 F_rare=0.85 U=0 Q=0.31 Q_l=0.37 Q_g=0.85 dl=3 dg=1
       Value: 0xABD9831F -> 0xC5E7A9B2
       Transaction: load_mem_read (READ) at address 0x00200328
       zkVM errors (1 lines):
         • [prover_impl.rs:280] verify segment (internal proof verification failed)
       Local constraints hit (3 unique):
         - IsRead@mem.zir:79
           cycle=18175, step=1531, pc=0x002184C0, major=5, minor=3
         - IsRead@mem.zir:80
           cycle=18175, step=1531, pc=0x002184C0, major=5, minor=3
         - MemoryWrite@mem.zir:99
           cycle=18175, step=1531, pc=0x002184C0, major=5, minor=3
       Global: memory permutation violated
         0x00200328 (data): wrote 0xc5e7a9b2, expected 0xabd9831f (cycle 36350)
  [105] ✓ PRE_EXEC_REG_MOD @ step 2286: 2 failures, 4186ms, outcome: REJECTED, exit: 101 [proof:GENERATED] G=memory
       r=0.132  T_new=0.00 F_new=0.78 F_rare=1.00 U=0 Q=0.31 Q_l=0.51 Q_g=0.61 dl=2 dg=3
       Value: 0x002213EC -> 0x20000000
       Register: x14 (a4), READ, strategy=next_read
       zkVM errors (3 lines):
         • [prover_impl.rs:280] verify segment (internal proof verification failed)
         • [ffi.cpp:113] address mismatch at cycle 18940: preflight=0x000884fb, actual=0x08000000
         • [kernels/cxx/ffi.cpp:208] SKIP THROW: memory peek not in preflight
       Local constraints hit (2 unique):
         - IsRead@mem.zir:79
           cycle=18940, step=2286, pc=0x00203454, major=5, minor=2
         - IsRead@mem.zir:80
           cycle=18940, step=2286, pc=0x00203454, major=5, minor=2
       Global: memory permutation violated
         0x20000000 (data): expected write missing, needed 0x00000000 (cycle 33313)
         x14/a4: wrote 0x20000000, expected 0x002213ec (cycle 37880)
         0x002213EC (code): unexpected write 0x00000000 (cycle 33313)
  [106] ✓ PRE_EXEC_REG_MOD @ step 1707: 2 failures, 4154ms, outcome: REJECTED, exit: 101 [proof:GENERATED] G=memory
       r=0.184  T_new=0.00 F_new=0.78 F_rare=1.00 U=0 Q=0.43 Q_l=0.51 Q_g=0.85 dl=2 dg=1
       Value: 0x00000000 -> 0x1BEBA342
       Register: x0 (zero), READ, strategy=next_read
       zkVM errors (1 lines):
         • [prover_impl.rs:280] verify segment (internal proof verification failed)
       Local constraints hit (2 unique):
         - IsRead@mem.zir:79
           cycle=18351, step=1707, pc=0x002184BC, major=1, minor=6
         - IsRead@mem.zir:80
           cycle=18351, step=1707, pc=0x002184BC, major=1, minor=6
       Global: memory permutation violated
         x0/zero: wrote 0x1beba342, expected 0x00000000 (cycle 36702)
  [107] ✓ PRE_EXEC_REG_MOD @ step 1859: 4 failures, 4133ms, outcome: REJECTED, exit: 101 [proof:GENERATED] G=memory
       r=0.060  T_new=0.00 F_new=0.39 F_rare=0.72 U=0 Q=0.22 Q_l=0.26 Q_g=0.85 dl=4 dg=1
       Value: 0x00200060 -> 0x0B8815C3
       Register: x2 (sp), READ, strategy=next_read
       zkVM errors (1 lines):
         • [prover_impl.rs:280] verify segment (internal proof verification failed)
       Local constraints hit (4 unique):
         - IsRead@mem.zir:79
           cycle=18508, step=1859, pc=0x0020600C, major=0, minor=7
         - IsRead@mem.zir:80
           cycle=18508, step=1859, pc=0x0020600C, major=0, minor=7
         - MemoryWrite@mem.zir:100
           cycle=18508, step=1859, pc=0x0020600C, major=0, minor=7
         - MemoryWrite@mem.zir:99
           cycle=18508, step=1859, pc=0x0020600C, major=0, minor=7
       Global: memory permutation violated
         x2/sp: wrote 0x0b8815c3, expected 0x00200060 (cycle 37016)
  [108] ✓ PRE_EXEC_REG_MOD @ step 1189: 4 failures, 4166ms, outcome: REJECTED, exit: 101 [proof:GENERATED] G=memory
       r=0.059  T_new=0.00 F_new=0.39 F_rare=0.70 U=0 Q=0.22 Q_l=0.26 Q_g=0.85 dl=4 dg=1
       Value: 0x00000000 -> 0x2BEDE9B6
       Register: x0 (zero), READ, strategy=next_read
       zkVM errors (1 lines):
         • [prover_impl.rs:280] verify segment (internal proof verification failed)
       Local constraints hit (4 unique):
         - IsRead@mem.zir:79
           cycle=17833, step=1189, pc=0x00209C44, major=0, minor=7
         - IsRead@mem.zir:80
           cycle=17833, step=1189, pc=0x00209C44, major=0, minor=7
         - MemoryWrite@mem.zir:100
           cycle=17833, step=1189, pc=0x00209C44, major=0, minor=7
         - MemoryWrite@mem.zir:99
           cycle=17833, step=1189, pc=0x00209C44, major=0, minor=7
       Global: memory permutation violated
         x0/zero: wrote 0x2bede9b6, expected 0x00000000 (cycle 35666)
  [109] ✓ LOAD_VAL_MOD @ step 1447: 2 failures, 4112ms, outcome: REJECTED, exit: 101 [proof:GENERATED] G=memory
       r=0.119  T_new=0.00 F_new=0.39 F_rare=0.75 U=0 Q=0.43 Q_l=0.51 Q_g=0.85 dl=2 dg=1
       Value: 0x0000003A -> 0x20000000
       Load destination: rd = x13 (a3)
       zkVM errors (1 lines):
         • [prover_impl.rs:280] verify segment (internal proof verification failed)
       Local constraints hit (2 unique):
         - MemoryWrite@mem.zir:100
           cycle=18091, step=1447, pc=0x002184C0, major=5, minor=3
         - MemoryWrite@mem.zir:99
           cycle=18091, step=1447, pc=0x002184C0, major=5, minor=3
       Global: memory permutation violated
         x13/a3: wrote 0x20000000, expected 0x0000003a (cycle 36183)
  [110] ✓ INSTR_TYPE_MOD @ step 3581: 3 failures, 4180ms, outcome: REJECTED, exit: 101 [proof:GENERATED]
       r=0.058  T_new=0.00 F_new=0.00 F_rare=0.64 U=0 Q=0.37 Q_l=0.37 Q_g=1.00 dl=3 dg=0
       Value: 0x00060002 -> 0x00060000
       Original: Sw [major=6, minor=2]
       Mutated:  Sb [major=6, minor=0]
       zkVM errors (1 lines):
         • [prover_impl.rs:280] verify segment (internal proof verification failed)
       Local constraints hit (3 unique):
         - MemoryWrite@mem.zir:100
           cycle=20457, step=3581, pc=0x00205638, major=6, minor=0
         - MemoryWrite@mem.zir:99
           cycle=20457, step=3581, pc=0x00205638, major=6, minor=0
         - VerifyOpcodeF3@inst.zir:97
           cycle=20457, step=3581, pc=0x00205638, major=6, minor=0
       Global: no permutation/lookup violations (local-only)
  [111] ✓ PRE_EXEC_REG_MOD @ step 2950: 2 failures, 4151ms, outcome: REJECTED, exit: 101 [proof:GENERATED] G=memory
       r=0.132  T_new=0.00 F_new=0.78 F_rare=1.00 U=0 Q=0.31 Q_l=0.51 Q_g=0.61 dl=2 dg=3
       Value: 0x00200160 -> 0x9BAF96C8
       Register: x2 (sp), READ, strategy=next_read
       zkVM errors (3 lines):
         • [prover_impl.rs:280] verify segment (internal proof verification failed)
         • [ffi.cpp:113] address mismatch at cycle 19678: preflight=0x0008005f, actual=0x26ebe5b9
         • [kernels/cxx/ffi.cpp:208] SKIP THROW: memory peek not in preflight
       Local constraints hit (2 unique):
         - IsRead@mem.zir:79
           cycle=19678, step=2950, pc=0x00205638, major=6, minor=2
         - IsRead@mem.zir:80
           cycle=19678, step=2950, pc=0x00205638, major=6, minor=2
       Global: memory permutation violated
         0x0020017C (data): unexpected write 0x00000000 (cycle 4382)
         0x9BAF96E4 (data): expected write missing, needed 0x00000000 (cycle 4382)
         x2/sp: wrote 0x9baf96c8, expected 0x00200160 (cycle 39356)
  [112] ✓ INSTR_TYPE_MOD @ step 2673: 5 failures, 4152ms, outcome: REJECTED, exit: 101 [proof:GENERATED] [+50 touch] G=memory
       r=0.095  T_new=0.76 F_new=0.97 F_rare=1.00 U=0 Q=0.14 Q_l=0.19 Q_g=0.72 dl=5 dg=2
       Value: 0x00050002 -> 0x00040001
       Original: Lw [major=5, minor=2]
       Mutated:  Sra [major=4, minor=1]
       zkVM errors (3 lines):
         • [prover_impl.rs:280] verify segment (internal proof verification failed)
         • [ffi.cpp:113] address mismatch at cycle 19401: preflight=0x000800bf, actual=0x3fffc02c
         • [kernels/cxx/ffi.cpp:208] SKIP THROW: memory peek not in preflight
       Local constraints hit (5 unique):
         - MemoryWrite@mem.zir:100
           cycle=19401, step=2673, pc=0x00205314, major=4, minor=1
         - MemoryWrite@mem.zir:99
           cycle=19401, step=2673, pc=0x00205314, major=4, minor=1
         - VerifyOpcodeF3F7@inst.zir:102
           cycle=19401, step=2673, pc=0x00205314, major=4, minor=1
         - VerifyOpcodeF3F7@inst.zir:103
           cycle=19401, step=2673, pc=0x00205314, major=4, minor=1
         - VerifyOpcodeF3F7@inst.zir:104
           cycle=19401, step=2673, pc=0x00205314, major=4, minor=1
       Global: memory permutation violated
         0x002002FC (data): unexpected write 0x002015cc (cycle 38693)
         x12/a2: expected write missing, needed 0x002015cc (cycle 38693)
  [113] ✓ INSTR_TYPE_MOD @ step 248: 5 failures, 4159ms, outcome: REJECTED, exit: 101 [proof:GENERATED] [+49 touch]
       r=0.130  T_new=0.75 F_new=0.92 F_rare=1.00 U=0 Q=0.19 Q_l=0.19 Q_g=1.00 dl=5 dg=0
       Value: 0x00000007 -> 0x00040007
       Original: AddI [major=0, minor=7]
       Mutated:  RemU [major=4, minor=7]
       zkVM errors (1 lines):
         • [prover_impl.rs:280] verify segment (internal proof verification failed)
       Local constraints hit (5 unique):
         - MemoryWrite@mem.zir:100
           cycle=16827, step=248, pc=0x0020318C, major=4, minor=7
         - MemoryWrite@mem.zir:99
           cycle=16827, step=248, pc=0x0020318C, major=4, minor=7
         - VerifyOpcodeF3F7@inst.zir:102
           cycle=16827, step=248, pc=0x0020318C, major=4, minor=7
         - VerifyOpcodeF3F7@inst.zir:103
           cycle=16827, step=248, pc=0x0020318C, major=4, minor=7
         - VerifyOpcodeF3F7@inst.zir:104
           cycle=16827, step=248, pc=0x0020318C, major=4, minor=7
       Global: no permutation/lookup violations (local-only)
  [114] ✓ INSTR_TYPE_MOD @ step 3627: 5 failures, 4267ms, outcome: REJECTED, exit: 101 [proof:GENERATED] G=memory|cycle
       r=0.036  T_new=0.00 F_new=0.86 F_rare=1.00 U=0 Q=0.08 Q_l=0.19 Q_g=0.43 dl=5 dg=5
       Value: 0x00060002 -> 0x00040002
       Original: Sw [major=6, minor=2]
       Mutated:  SrlI [major=4, minor=2]
       zkVM errors (3 lines):
         • [prover_impl.rs:280] verify segment (internal proof verification failed)
         • [ffi.cpp:113] address mismatch at cycle 20503: preflight=0x000884ff, actual=0x3fffc03c
         • [kernels/cxx/ffi.cpp:208] SKIP THROW: memory peek not in preflight
       Local constraints hit (5 unique):
         - MemoryWrite@mem.zir:100
           cycle=20503, step=3627, pc=0x00205E38, major=4, minor=2
         - MemoryWrite@mem.zir:99
           cycle=20503, step=3627, pc=0x00205E38, major=4, minor=2
         - VerifyOpcodeF3F7@inst.zir:102
           cycle=20503, step=3627, pc=0x00205E38, major=4, minor=2
         - VerifyOpcodeF3F7@inst.zir:103
           cycle=20503, step=3627, pc=0x00205E38, major=4, minor=2
         - VerifyOpcodeF3F7@inst.zir:104
           cycle=20503, step=3627, pc=0x00205E38, major=4, minor=2
       Global: memory permutation violated
         x28/t3: expected write missing, needed 0x00221610 (cycle 40972)
         0x002213FC (code): unexpected write 0x00221610 (cycle 40972)
       Global: cycle lookup violated (3 indices broken)
         index 0: 2254 provides, 1 uses (imbalanced)
         index 33: 36 provides, 1 uses (imbalanced)
         index 34: 25 provides, 1 uses (imbalanced)
  [115] ✓ PRE_EXEC_REG_MOD @ step 124: 2 failures, 4180ms, outcome: REJECTED, exit: 101 [proof:GENERATED] G=memory
       r=0.130  T_new=0.00 F_new=0.39 F_rare=0.85 U=0 Q=0.43 Q_l=0.51 Q_g=0.85 dl=2 dg=1
       Value: 0x00000000 -> 0x3A4A7F0E
       Register: x19 (s3), READ, strategy=next_read
       zkVM errors (1 lines):
         • [prover_impl.rs:280] verify segment (internal proof verification failed)
       Local constraints hit (2 unique):
         - IsRead@mem.zir:79
           cycle=16697, step=124, pc=0x002010B0, major=2, minor=5
         - IsRead@mem.zir:80
           cycle=16697, step=124, pc=0x002010B0, major=2, minor=5
       Global: memory permutation violated
         x19/s3: wrote 0x3a4a7f0e, expected 0x00000000 (cycle 33394)
  [116] ✓ INSTR_TYPE_MOD @ step 0: 6 failures, 4187ms, outcome: REJECTED, exit: 101 [proof:GENERATED] [+1 touch] G=memory|cycle
       r=0.037  T_new=0.03 F_new=0.86 F_rare=1.00 U=0 Q=0.08 Q_l=0.14 Q_g=0.61 dl=6 dg=3
       Value: 0x00020006 -> 0x00050003
       Original: Auipc [major=2, minor=6]
       Mutated:  LbU [major=5, minor=3]
       zkVM errors (3 lines):
         • [prover_impl.rs:280] verify segment (internal proof verification failed)
         • [ffi.cpp:113] address mismatch at cycle 0: preflight=0x44000000, actual=0x00000000
         • [kernels/cxx/ffi.cpp:208] SKIP THROW: memory peek not in preflight
       Local constraints hit (6 unique):
         - AddrDecompose@u32.zir:67
           cycle=0, step=0, pc=0x00000000, major=5, minor=3
         - AddrDecomposeBits@u32.zir:87
           cycle=0, step=0, pc=0x00000000, major=5, minor=3
         - ControlLoadRootAndNonce@inst_control.zir:23
           cycle=1, step=0, pc=0x00000000, major=7, minor=0
         - MemLoadInput@inst_mem.zir:8
           cycle=0, step=0, pc=0x00000000, major=5, minor=3
         - VerifyOpcodeF3@inst.zir:96
           cycle=0, step=0, pc=0x00000000, major=5, minor=3
         - VerifyOpcodeF3@inst.zir:97
           cycle=0, step=0, pc=0x00000000, major=5, minor=3
       Global: memory permutation violated
         0xFFFF0100 (data): expected write missing, needed 0x00000000 (cycle 0)
       Global: cycle lookup violated (2 indices broken)
         index 0: 2256 provides, 1 uses (imbalanced)
         index 2013265920: orphan provide (3 entries, no matching use)
  [117] ✓ INSTR_TYPE_MOD @ step 2698: 2 failures, 4102ms, outcome: REJECTED, exit: 101 [proof:GENERATED] [+31 touch]
       r=0.298  T_new=0.59 F_new=0.63 F_rare=1.00 U=0 Q=0.51 Q_l=0.51 Q_g=1.00 dl=2 dg=0
       Value: 0x00050002 -> 0x0005000A
       Original: Lw [major=5, minor=2]
       Mutated:  Sw [major=5, minor=10] ⚠INVALID
       zkVM errors (1 lines):
         • [prover_impl.rs:280] verify segment (internal proof verification failed)
       Local constraints hit (2 unique):
         - OneHot@one_hot.zir:11
           cycle=19426, step=2698, pc=0x00201624, major=5, minor=10
         - OneHot@one_hot.zir:9
           cycle=19426, step=2698, pc=0x00201624, major=5, minor=10
       Global: no permutation/lookup violations (local-only)
  [118] ✓ INSTR_TYPE_MOD @ step 2068: 5 failures, 4130ms, outcome: REJECTED, exit: 101 [proof:GENERATED] G=memory
       r=0.058  T_new=0.00 F_new=0.63 F_rare=1.00 U=0 Q=0.14 Q_l=0.19 Q_g=0.72 dl=5 dg=2
       Value: 0x00050002 -> 0x00040004
       Original: Lw [major=5, minor=2]
       Mutated:  Div [major=4, minor=4]
       zkVM errors (3 lines):
         • [prover_impl.rs:280] verify segment (internal proof verification failed)
         • [ffi.cpp:113] address mismatch at cycle 18722: preflight=0x00080025, actual=0x3fffc034
         • [kernels/cxx/ffi.cpp:208] SKIP THROW: memory peek not in preflight
       Local constraints hit (5 unique):
         - MemoryWrite@mem.zir:100
           cycle=18722, step=2068, pc=0x002097BC, major=4, minor=4
         - MemoryWrite@mem.zir:99
           cycle=18722, step=2068, pc=0x002097BC, major=4, minor=4
         - VerifyOpcodeF3F7@inst.zir:102
           cycle=18722, step=2068, pc=0x002097BC, major=4, minor=4
         - VerifyOpcodeF3F7@inst.zir:103
           cycle=18722, step=2068, pc=0x002097BC, major=4, minor=4
         - VerifyOpcodeF3F7@inst.zir:104
           cycle=18722, step=2068, pc=0x002097BC, major=4, minor=4
       Global: memory permutation violated
         0x00200094 (data): unexpected write 0x002000fc (cycle 37077)
         x20/s4: expected write missing, needed 0x002000fc (cycle 37077)
  [119] ✓ MEM_VAL_MOD @ step 2943: 1 failures, 4162ms, outcome: REJECTED, exit: 101 [proof:GENERATED] G=memory
       r=0.156  T_new=0.00 F_new=0.39 F_rare=0.68 U=0 Q=0.61 Q_l=0.72 Q_g=0.85 dl=1 dg=1
       Value: 0x00000000 -> 0x01000000
       Transaction: store_rmw_read (READ) at address 0x00200198
       zkVM errors (1 lines):
         • [prover_impl.rs:280] verify segment (internal proof verification failed)
       Local constraints hit (1 unique):
         - IsRead@mem.zir:80
           cycle=19671, step=2943, pc=0x0020561C, major=6, minor=2
       Global: memory permutation violated
         0x00200198 (data): wrote 0x01000000, expected 0x00000000 (cycle 39342)
  [120] ✓ INSTR_WORD_MOD_SUR @ step 314: 1 failures, 4138ms, outcome: REJECTED, exit: 101 [proof:GENERATED] G=memory
       r=0.181  T_new=0.00 F_new=0.39 F_rare=0.85 U=0 Q=0.61 Q_l=0.72 Q_g=0.85 dl=1 dg=1
       Value: 0x800005B7 -> 0x80000597
       Surgical: opcode = 55 -> 23
       Original: LUI x11, 0x80000000
       Mutated:  AUIPC x11, 0x80000000
       zkVM errors (1 lines):
         • [prover_impl.rs:280] verify segment (internal proof verification failed)
       Local constraints hit (1 unique):
         - VerifyOpcode@inst.zir:91
           cycle=16899, step=314, pc=0x00200854, major=2, minor=5
       Global: memory permutation violated
         0x00200850 (code): wrote 0x800005b7, expected 0x80000597 (cycle 4846)
  [121] ✓ INSTR_TYPE_MOD @ step 2636: 5 failures, 4253ms, outcome: REJECTED, exit: 101 [proof:GENERATED] G=memory|cycle
       r=0.037  T_new=0.00 F_new=0.92 F_rare=1.00 U=0 Q=0.08 Q_l=0.19 Q_g=0.43 dl=5 dg=5
       Value: 0x00000007 -> 0x00060000
       Original: AddI [major=0, minor=7]
       Mutated:  Sb [major=6, minor=0]
       zkVM errors (3 lines):
         • [prover_impl.rs:280] verify segment (internal proof verification failed)
         • [ffi.cpp:113] address mismatch at cycle 19364: preflight=0x3fffc02b, actual=0x00000002
         • [kernels/cxx/ffi.cpp:208] SKIP THROW: memory peek not in preflight
       Local constraints hit (5 unique):
         - AddrDecomposeBits@u32.zir:87
           cycle=19364, step=2636, pc=0x00203410, major=6, minor=0
         - IsRead@mem.zir:79
           cycle=19364, step=2636, pc=0x00203410, major=6, minor=0
         - MemoryWrite@mem.zir:100
           cycle=19364, step=2636, pc=0x00203410, major=6, minor=0
         - MemoryWrite@mem.zir:99
           cycle=19364, step=2636, pc=0x00203410, major=6, minor=0
         - VerifyOpcodeF3@inst.zir:96
           cycle=19364, step=2636, pc=0x00203410, major=6, minor=0
       Global: memory permutation violated
         0x00000008 (data): expected write missing, needed 0x02b66c63 (cycle 37776)
         x11/a1: unexpected write 0x00000000 (cycle 38726)
       Global: cycle lookup violated (3 indices broken)
         index 1: 1798 provides, 1 uses (imbalanced)
         index 2: 861 provides, 1 uses (imbalanced)
         index 952: 1 provides, 1 uses (imbalanced)
  [122] ✓ INSTR_TYPE_MOD @ step 1499: 6 failures, 4203ms, outcome: REJECTED, exit: 101 [proof:GENERATED] [+1 new] G=memory|cycle
       r=0.026  T_new=0.00 F_new=0.86 F_rare=1.00 U=0 Q=0.06 Q_l=0.14 Q_g=0.43 dl=6 dg=5
       Value: 0x00000007 -> 0x00060002
       Original: AddI [major=0, minor=7]
       Mutated:  Sw [major=6, minor=2]
       zkVM errors (3 lines):
         • [prover_impl.rs:280] verify segment (internal proof verification failed)
         • [ffi.cpp:113] address mismatch at cycle 18143: preflight=0x3fffc02b, actual=0x000867a5
         • [kernels/cxx/ffi.cpp:208] SKIP THROW: memory peek not in preflight
       Local constraints hit (6 unique):
         - IsRead@mem.zir:79
           cycle=18143, step=1499, pc=0x002184CC, major=6, minor=2
         - MemoryWrite@mem.zir:100
           cycle=18143, step=1499, pc=0x002184CC, major=6, minor=2
         - MemoryWrite@mem.zir:99
           cycle=18143, step=1499, pc=0x002184CC, major=6, minor=2
         - OpSW@inst_mem.zir:160
           cycle=18143, step=1499, pc=0x002184CC, major=6, minor=2
         - VerifyOpcodeF3@inst.zir:96
           cycle=18143, step=1499, pc=0x002184CC, major=6, minor=2
         - VerifyOpcodeF3@inst.zir:97
           cycle=18143, step=1499, pc=0x002184CC, major=6, minor=2
       Global: memory permutation violated
         x11/a1: unexpected write 0x00219e8a (cycle 36286)
         0x00219E94 (code): expected write missing, needed 0xfff60613 (cycle 36274)
       Global: cycle lookup violated (3 indices broken)
         index 0: 2254 provides, 1 uses (imbalanced)
         index 12: 190 provides, 1 uses (imbalanced)
         index 2013265920: orphan provide (1 entries, no matching use)
  [123] ✓ INSTR_TYPE_MOD @ step 2639: 4 failures, 4129ms, outcome: REJECTED, exit: 101 [proof:GENERATED] G=memory
       r=0.074  T_new=0.00 F_new=0.63 F_rare=1.00 U=0 Q=0.19 Q_l=0.26 Q_g=0.72 dl=4 dg=2
       Value: 0x00050002 -> 0x00010002
       Original: Lw [major=5, minor=2]
       Mutated:  AndI [major=1, minor=2]
       zkVM errors (3 lines):
         • [prover_impl.rs:280] verify segment (internal proof verification failed)
         • [ffi.cpp:113] address mismatch at cycle 19367: preflight=0x000800e3, actual=0x3fffc020
         • [kernels/cxx/ffi.cpp:208] SKIP THROW: memory peek not in preflight
       Local constraints hit (4 unique):
         - MemoryWrite@mem.zir:100
           cycle=19367, step=2639, pc=0x0020341C, major=1, minor=2
         - MemoryWrite@mem.zir:99
           cycle=19367, step=2639, pc=0x0020341C, major=1, minor=2
         - VerifyOpcodeF3@inst.zir:96
           cycle=19367, step=2639, pc=0x0020341C, major=1, minor=2
         - VerifyOpcodeF3@inst.zir:97
           cycle=19367, step=2639, pc=0x0020341C, major=1, minor=2
       Global: memory permutation violated
         0x0020038C (data): unexpected write 0xc3d4e0d9 (cycle 38679)
         x0/zero: expected write missing, needed 0xc3d4e0d9 (cycle 38679)
  [124] ✓ MEM_VAL_MOD @ step 1865: 17 failures, 4191ms, outcome: REJECTED, exit: 101 [proof:GENERATED] G=memory|cycle
       r=0.002  T_new=0.00 F_new=1.00 F_rare=1.00 U=0 Q=0.00 Q_l=0.04 Q_g=0.11 dl=10 dg=13
       Value: 0x0540006F -> 0xCBAD0737
       Transaction: other_mem_read (READ) at address 0x0020975c
       zkVM errors (3 lines):
         • [prover_impl.rs:280] verify segment (internal proof verification failed)
         • [ffi.cpp:113] address mismatch at cycle 18514: preflight=0x3fffc020, actual=0x3fffc03a
         • [kernels/cxx/ffi.cpp:208] SKIP THROW: memory peek not in preflight
       Local constraints hit (6 unique):
         - DecodeInst@inst.zir:29 (x10)
           cycle=18515, step=1866, pc=0x002097B4, major=5, minor=2
         - IsRead@mem.zir:79
           cycle=18514, step=1865, pc=0x002097B0, major=2, minor=3
         - IsRead@mem.zir:80
           cycle=18514, step=1865, pc=0x002097B0, major=2, minor=3
         - MemoryWrite@mem.zir:100 (x2)
           cycle=18514, step=1865, pc=0x002097B0, major=2, minor=3
         - MemoryWrite@mem.zir:99 (x2)
           cycle=18514, step=1865, pc=0x002097B0, major=2, minor=3
         - VerifyOpcode@inst.zir:91
           cycle=18514, step=1865, pc=0x002097B0, major=2, minor=3
       Global: memory permutation violated (26 addrs: 4 register, 11 code, 11 data)
         0x001D9C14 (data): expected write missing, needed 0x01c12083 (cycle 20842)
         0x001D9C18 (data): expected write missing, needed 0x01812403 (cycle 20842)
         0x001D9C1C (data): expected write missing, needed 0x01412483 (cycle 20842)
         + 11 code addresses diverged (instruction fetch cascade)
         + 12 more addresses
       Global: cycle lookup violated (3 indices broken)
         index 5: 348 provides, 1 uses (imbalanced)
         index 381: 1 provides, 1 uses (imbalanced)
         index 382: 1 provides, 1 uses (imbalanced)
  [125] ✓ INSTR_TYPE_MOD @ step 183: 4 failures, 4217ms, outcome: REJECTED, exit: 101 [proof:GENERATED] G=memory|cycle
       r=0.044  T_new=0.00 F_new=0.92 F_rare=1.00 U=0 Q=0.10 Q_l=0.26 Q_g=0.37 dl=4 dg=6
       Value: 0x00060002 -> 0x00050002
       Original: Sw [major=6, minor=2]
       Mutated:  Lw [major=5, minor=2]
       zkVM errors (3 lines):
         • [prover_impl.rs:280] verify segment (internal proof verification failed)
         • [ffi.cpp:113] address mismatch at cycle 16762: preflight=0x3fffc02a, actual=0x000800fa
         • [kernels/cxx/ffi.cpp:208] SKIP THROW: memory peek not in preflight
       Local constraints hit (4 unique):
         - MemoryWrite@mem.zir:100
           cycle=16762, step=183, pc=0x00200EC0, major=5, minor=2
         - MemoryWrite@mem.zir:99
           cycle=16762, step=183, pc=0x00200EC0, major=5, minor=2
         - OpLW@inst_mem.zir:109
           cycle=16762, step=183, pc=0x00200EC0, major=5, minor=2
         - VerifyOpcodeF3@inst.zir:96
           cycle=16762, step=183, pc=0x00200EC0, major=5, minor=2
       Global: memory permutation violated
         0x002003E8 (data): unexpected write 0x00000000 (cycle 4782)
         x8/s0: expected write missing, needed 0x00000000 (cycle 4782)
         x10/a0: unexpected write 0x00200800 (cycle 33523)
       Global: cycle lookup violated (3 indices broken)
         index 0: 2254 provides, 1 uses (imbalanced)
         index 28741: orphan use (1 entries, no matching provide)
         index 28742: 1 provides, 1 uses (imbalanced)
  [126] ✓ INSTR_TYPE_MOD @ step 1149: 3 failures, 4150ms, outcome: REJECTED, exit: 101 [proof:GENERATED] [+1 new] [+36 touch]
       r=0.231  T_new=0.64 F_new=0.78 F_rare=1.00 U=0 Q=0.37 Q_l=0.37 Q_g=1.00 dl=3 dg=0
       Value: 0x00060002 -> 0x00060004
       Original: Sw [major=6, minor=2]
       Mutated:  Unknown(6,4) [major=6, minor=4] ⚠INVALID
       zkVM errors (1 lines):
         • [prover_impl.rs:280] verify segment (internal proof verification failed)
       Local constraints hit (3 unique):
         - IllegalStoreOp@inst_mem.zir:45
           cycle=17793, step=1149, pc=0x00209A24, major=6, minor=4
         - MemoryWrite@mem.zir:100
           cycle=17793, step=1149, pc=0x00209A24, major=6, minor=4
         - MemoryWrite@mem.zir:99
           cycle=17793, step=1149, pc=0x00209A24, major=6, minor=4
       Global: no permutation/lookup violations (local-only)
  [127] ✓ INSTR_TYPE_MOD @ step 1457: 4 failures, 4135ms, outcome: REJECTED, exit: 101 [proof:GENERATED]
       r=0.103  T_new=0.00 F_new=0.63 F_rare=1.00 U=0 Q=0.26 Q_l=0.26 Q_g=1.00 dl=4 dg=0
       Value: 0x00000007 -> 0x00000006
       Original: AddI [major=0, minor=7]
       Mutated:  SltU [major=0, minor=6]
       zkVM errors (1 lines):
         • [prover_impl.rs:280] verify segment (internal proof verification failed)
       Local constraints hit (4 unique):
         - MemoryWrite@mem.zir:100
           cycle=18101, step=1457, pc=0x002184CC, major=0, minor=6
         - MemoryWrite@mem.zir:99
           cycle=18101, step=1457, pc=0x002184CC, major=0, minor=6
         - VerifyOpcodeF3F7@inst.zir:102
           cycle=18101, step=1457, pc=0x002184CC, major=0, minor=6
         - VerifyOpcodeF3F7@inst.zir:103
           cycle=18101, step=1457, pc=0x002184CC, major=0, minor=6
       Global: no permutation/lookup violations (local-only)
  [128] ✓ STORE_OUT_MOD @ step 1150: 2 failures, 4121ms, outcome: REJECTED, exit: 101 [proof:GENERATED] G=memory
       r=0.115  T_new=0.00 F_new=0.39 F_rare=0.70 U=0 Q=0.43 Q_l=0.51 Q_g=0.85 dl=2 dg=1
       Value: 0x00000000 -> 0x3524BCB8
       Store address: 0x002003b4
       zkVM errors (1 lines):
         • [prover_impl.rs:280] verify segment (internal proof verification failed)
       Local constraints hit (2 unique):
         - MemoryWrite@mem.zir:100
           cycle=17794, step=1150, pc=0x00209A28, major=6, minor=2
         - MemoryWrite@mem.zir:99
           cycle=17794, step=1150, pc=0x00209A28, major=6, minor=2
       Global: memory permutation violated
         0x002003B4 (data): wrote 0x3524bcb8, expected 0x00000000 (cycle 35589)
  [129] ✓ INSTR_TYPE_MOD @ step 2109: 1 failures, 4104ms, outcome: REJECTED, exit: 101 [proof:GENERATED] [+34 touch]
       r=0.382  T_new=0.62 F_new=0.39 F_rare=1.00 U=0 Q=0.72 Q_l=0.72 Q_g=1.00 dl=1 dg=0
       Value: 0x00060002 -> 0x00060003
       Original: Sw [major=6, minor=2]
       Mutated:  Unknown(6,3) [major=6, minor=3] ⚠INVALID
       zkVM errors (1 lines):
         • [prover_impl.rs:280] verify segment (internal proof verification failed)
       Local constraints hit (1 unique):
         - IllegalStoreOp@inst_mem.zir:45
           cycle=18763, step=2109, pc=0x00202510, major=6, minor=3
       Global: no permutation/lookup violations (local-only)
  [130] ✓ INSTR_TYPE_MOD @ step 0: 5 failures, 4268ms, outcome: REJECTED, exit: 101 [proof:GENERATED] G=memory|cycle
       r=0.020  T_new=0.00 F_new=0.00 F_rare=0.71 U=0 Q=0.11 Q_l=0.19 Q_g=0.61 dl=5 dg=3
       Value: 0x00020006 -> 0x00020003
       Original: Auipc [major=2, minor=6]
       Mutated:  Jal [major=2, minor=3]
       zkVM errors (3 lines):
         • [prover_impl.rs:280] verify segment (internal proof verification failed)
         • [ffi.cpp:113] address mismatch at cycle 0: preflight=0x44000000, actual=0x00000000
         • [kernels/cxx/ffi.cpp:208] SKIP THROW: memory peek not in preflight
       Local constraints hit (5 unique):
         - AddrDecompose@u32.zir:67
           cycle=0, step=0, pc=0x00000000, major=2, minor=3
         - ControlLoadRootAndNonce@inst_control.zir:23
           cycle=1, step=0, pc=0x00000000, major=7, minor=0
         - MemoryWrite@mem.zir:99
           cycle=0, step=0, pc=0x00000000, major=2, minor=3
         - MiscInput@inst_misc.zir:7
           cycle=0, step=0, pc=0x00000000, major=2, minor=3
         - VerifyOpcode@inst.zir:91
           cycle=0, step=0, pc=0x00000000, major=2, minor=3
       Global: memory permutation violated
         0xFFFF0100 (data): expected write missing, needed 0x00000000 (cycle 0)
       Global: cycle lookup violated (2 indices broken)
         index 0: 2256 provides, 1 uses (imbalanced)
         index 2013265920: orphan provide (2 entries, no matching use)
  [131] ✓ PRE_EXEC_REG_MOD @ step 639: 1 failures, 4230ms, outcome: REJECTED, exit: 101 [proof:GENERATED] G=memory
       r=0.236  T_new=0.00 F_new=0.63 F_rare=1.00 U=0 Q=0.61 Q_l=0.72 Q_g=0.85 dl=1 dg=1
       Value: 0x00000000 -> 0x000000FF
       Register: x0 (zero), READ, strategy=next_read
       zkVM errors (1 lines):
         • [prover_impl.rs:280] verify segment (internal proof verification failed)
       Local constraints hit (1 unique):
         - IsRead@mem.zir:79
           cycle=17248, step=639, pc=0x00200974, major=2, minor=6
       Global: memory permutation violated
         x0/zero: wrote 0x000000ff, expected 0x00000000 (cycle 34496)
  [132] ✓ INSTR_TYPE_MOD @ step 2624: 4 failures, 4174ms, outcome: REJECTED, exit: 101 [proof:GENERATED] [+2 touch]
       r=0.046  T_new=0.06 F_new=0.00 F_rare=0.64 U=0 Q=0.26 Q_l=0.26 Q_g=1.00 dl=4 dg=0
       Value: 0x00000007 -> 0x00000003
       Original: AddI [major=0, minor=7]
       Mutated:  Or [major=0, minor=3]
       zkVM errors (1 lines):
         • [prover_impl.rs:280] verify segment (internal proof verification failed)
       Local constraints hit (4 unique):
         - MemoryWrite@mem.zir:99
           cycle=19352, step=2624, pc=0x00205304, major=0, minor=3
         - VerifyOpcodeF3F7@inst.zir:102
           cycle=19352, step=2624, pc=0x00205304, major=0, minor=3
         - VerifyOpcodeF3F7@inst.zir:103
           cycle=19352, step=2624, pc=0x00205304, major=0, minor=3
         - VerifyOpcodeF3F7@inst.zir:104
           cycle=19352, step=2624, pc=0x00205304, major=0, minor=3
       Global: no permutation/lookup violations (local-only)
  [133] ✓ INSTR_TYPE_MOD @ step 1685: 2 failures, 4100ms, outcome: REJECTED, exit: 101 [proof:GENERATED]
       r=0.065  T_new=0.00 F_new=0.00 F_rare=0.51 U=0 Q=0.51 Q_l=0.51 Q_g=1.00 dl=2 dg=0
       Value: 0x00060002 -> 0x00060000
       Original: Sw [major=6, minor=2]
       Mutated:  Sb [major=6, minor=0]
       zkVM errors (1 lines):
         • [prover_impl.rs:280] verify segment (internal proof verification failed)
       Local constraints hit (2 unique):
         - MemoryWrite@mem.zir:100
           cycle=18329, step=1685, pc=0x00205F68, major=6, minor=0
         - VerifyOpcodeF3@inst.zir:97
           cycle=18329, step=1685, pc=0x00205F68, major=6, minor=0
       Global: no permutation/lookup violations (local-only)
  [134] ✓ PRE_EXEC_REG_MOD @ step 2724: 3 failures, 4143ms, outcome: REJECTED, exit: 101 [proof:GENERATED] G=memory
       r=0.094  T_new=0.00 F_new=0.78 F_rare=1.00 U=0 Q=0.22 Q_l=0.37 Q_g=0.61 dl=3 dg=3
       Value: 0x00200300 -> 0x4823DD0A
       Register: x2 (sp), READ, strategy=next_read
       zkVM errors (3 lines):
         • [prover_impl.rs:280] verify segment (internal proof verification failed)
         • [ffi.cpp:113] address mismatch at cycle 19452: preflight=0x000800d0, actual=0x1208f752
         • [kernels/cxx/ffi.cpp:208] SKIP THROW: memory peek not in preflight
       Local constraints hit (3 unique):
         - IsRead@mem.zir:79
           cycle=19452, step=2724, pc=0x0020169C, major=6, minor=2
         - IsRead@mem.zir:80
           cycle=19452, step=2724, pc=0x0020169C, major=6, minor=2
         - OpSW@inst_mem.zir:161
           cycle=19452, step=2724, pc=0x0020169C, major=6, minor=2
       Global: memory permutation violated
         0x00200340 (data): unexpected write 0x00000000 (cycle 38354)
         0x4823DD48 (data): expected write missing, needed 0x00000000 (cycle 38354)
         x2/sp: wrote 0x4823dd0a, expected 0x00200300 (cycle 38904)
  [135] ✓ INSTR_TYPE_MOD @ step 1070: 3 failures, 4096ms, outcome: REJECTED, exit: 101 [proof:GENERATED]
       r=0.063  T_new=0.00 F_new=0.00 F_rare=0.58 U=0 Q=0.37 Q_l=0.37 Q_g=1.00 dl=3 dg=0
       Value: 0x00000007 -> 0x00040006
       Original: AddI [major=0, minor=7]
       Mutated:  Rem [major=4, minor=6]
       zkVM errors (1 lines):
         • [prover_impl.rs:280] verify segment (internal proof verification failed)
       Local constraints hit (3 unique):
         - VerifyOpcodeF3F7@inst.zir:102
           cycle=17709, step=1070, pc=0x0020633C, major=4, minor=6
         - VerifyOpcodeF3F7@inst.zir:103
           cycle=17709, step=1070, pc=0x0020633C, major=4, minor=6
         - VerifyOpcodeF3F7@inst.zir:104
           cycle=17709, step=1070, pc=0x0020633C, major=4, minor=6
       Global: no permutation/lookup violations (local-only)
  [136] 💥 PRE_EXEC_REG_MOD @ step 3057: 2 failures, 658ms, outcome: CRASH, exit: -11 [proof:NOT_GENERATED]
       r=0.000  T_new=0.00 F_new=0.00 F_rare=0.00 U=0 Q=0.00 Q_l=0.00 Q_g=1.00 dl=0 dg=0
       Value: 0x0022156C -> 0xF79DA21B
       Register: x13 (a3), READ, strategy=next_read
       Local constraints hit (2 unique):
         - IsRead@mem.zir:79
           cycle=19785, step=3057, pc=0x00203220, major=6, minor=0
         - IsRead@mem.zir:80
           cycle=19785, step=3057, pc=0x00203220, major=6, minor=0
       Global: no permutation/lookup violations (local-only)
  [137] ✓ INSTR_TYPE_MOD @ step 0: 4 failures, 4199ms, outcome: REJECTED, exit: 101 [proof:GENERATED] [+1 touch] G=memory|cycle
       r=0.049  T_new=0.03 F_new=0.39 F_rare=0.85 U=0 Q=0.16 Q_l=0.26 Q_g=0.61 dl=4 dg=3
       Value: 0x00020006 -> 0x00020005
       Original: Auipc [major=2, minor=6]
       Mutated:  Lui [major=2, minor=5]
       zkVM errors (3 lines):
         • [prover_impl.rs:280] verify segment (internal proof verification failed)
         • [ffi.cpp:113] address mismatch at cycle 0: preflight=0x44000000, actual=0x00000000
         • [kernels/cxx/ffi.cpp:208] SKIP THROW: memory peek not in preflight
       Local constraints hit (4 unique):
         - AddrDecompose@u32.zir:67
           cycle=0, step=0, pc=0x00000000, major=2, minor=5
         - ControlLoadRootAndNonce@inst_control.zir:23
           cycle=1, step=0, pc=0x00000000, major=7, minor=0
         - MiscInput@inst_misc.zir:7
           cycle=0, step=0, pc=0x00000000, major=2, minor=5
         - VerifyOpcode@inst.zir:91
           cycle=0, step=0, pc=0x00000000, major=2, minor=5
       Global: memory permutation violated
         0xFFFF0100 (data): expected write missing, needed 0x00000000 (cycle 0)
       Global: cycle lookup violated (2 indices broken)
         index 0: 2256 provides, 1 uses (imbalanced)
         index 2013265920: orphan provide (2 entries, no matching use)
  [138] ✓ MEM_VAL_MOD @ step 1570: 4 failures, 4150ms, outcome: REJECTED, exit: 101 [proof:GENERATED] G=memory
       r=0.059  T_new=0.00 F_new=0.39 F_rare=0.70 U=0 Q=0.22 Q_l=0.26 Q_g=0.85 dl=4 dg=1
       Value: 0x00200300 -> 0x3EEBFBC6
       Transaction: load_mem_read (READ) at address 0x002001c8
       zkVM errors (1 lines):
         • [prover_impl.rs:280] verify segment (internal proof verification failed)
       Local constraints hit (4 unique):
         - IsRead@mem.zir:79
           cycle=18214, step=1570, pc=0x00202EAC, major=5, minor=2
         - IsRead@mem.zir:80
           cycle=18214, step=1570, pc=0x00202EAC, major=5, minor=2
         - MemoryWrite@mem.zir:100
           cycle=18214, step=1570, pc=0x00202EAC, major=5, minor=2
         - MemoryWrite@mem.zir:99
           cycle=18214, step=1570, pc=0x00202EAC, major=5, minor=2
       Global: memory permutation violated
         0x002001C8 (data): wrote 0x3eebfbc6, expected 0x00200300 (cycle 36428)
  [139] ✓ PRE_EXEC_REG_MOD @ step 781: 4 failures, 4150ms, outcome: REJECTED, exit: 101 [proof:GENERATED] G=memory
       r=0.058  T_new=0.00 F_new=0.39 F_rare=0.69 U=0 Q=0.22 Q_l=0.26 Q_g=0.85 dl=4 dg=1
       Value: 0x00200350 -> 0x97265810
       Register: x2 (sp), READ, strategy=next_read
       zkVM errors (1 lines):
         • [prover_impl.rs:280] verify segment (internal proof verification failed)
       Local constraints hit (4 unique):
         - IsRead@mem.zir:79
           cycle=17402, step=781, pc=0x002031F8, major=0, minor=7
         - IsRead@mem.zir:80
           cycle=17402, step=781, pc=0x002031F8, major=0, minor=7
         - MemoryWrite@mem.zir:100
           cycle=17402, step=781, pc=0x002031F8, major=0, minor=7
         - MemoryWrite@mem.zir:99
           cycle=17402, step=781, pc=0x002031F8, major=0, minor=7
       Global: memory permutation violated
         x2/sp: wrote 0x97265810, expected 0x00200350 (cycle 34804)
  [140] ✓ INSTR_TYPE_MOD @ step 2962: 3 failures, 4110ms, outcome: REJECTED, exit: 101 [proof:GENERATED]
       r=0.045  T_new=0.00 F_new=0.00 F_rare=0.50 U=0 Q=0.37 Q_l=0.37 Q_g=1.00 dl=3 dg=0
       Value: 0x00000007 -> 0x00000004
       Original: AddI [major=0, minor=7]
       Mutated:  And [major=0, minor=4]
       zkVM errors (1 lines):
         • [prover_impl.rs:280] verify segment (internal proof verification failed)
       Local constraints hit (3 unique):
         - MemoryWrite@mem.zir:99
           cycle=19690, step=2962, pc=0x00205688, major=0, minor=4
         - VerifyOpcodeF3F7@inst.zir:102
           cycle=19690, step=2962, pc=0x00205688, major=0, minor=4
         - VerifyOpcodeF3F7@inst.zir:103
           cycle=19690, step=2962, pc=0x00205688, major=0, minor=4
       Global: no permutation/lookup violations (local-only)
  [141] ✓ INSTR_TYPE_MOD @ step 548: 22 failures, 4109ms, outcome: REJECTED, exit: 101 [proof:GENERATED] [+33 touch] G=memory
       r=0.001  T_new=0.61 F_new=1.00 F_rare=1.00 U=0 Q=0.00 Q_l=0.00 Q_g=0.19 dl=16 dg=10
       Value: 0x00050002 -> 0x0002000C
       Original: Lw [major=5, minor=2]
       Mutated:  MulHSU [major=2, minor=12] ⚠INVALID
       zkVM errors (3 lines):
         • [prover_impl.rs:280] verify segment (internal proof verification failed)
         • [ffi.cpp:113] address mismatch at cycle 17151: preflight=0x000800dc, actual=0x3fffc030
         • [kernels/cxx/ffi.cpp:208] SKIP THROW: memory peek not in preflight
       Local constraints hit (5 unique):
         - AddrDecompose@u32.zir:67 (x14)
           cycle=17152, step=549, pc=0x00200908, major=2, minor=5
         - MemoryWrite@mem.zir:100 (x3)
           cycle=17151, step=548, pc=0x00200904, major=2, minor=12
         - MemoryWrite@mem.zir:99 (x3)
           cycle=17151, step=548, pc=0x00200904, major=2, minor=12
         - OneHot@one_hot.zir:11
           cycle=17151, step=548, pc=0x00200904, major=2, minor=12
         - OneHot@one_hot.zir:9
           cycle=17151, step=548, pc=0x00200904, major=2, minor=12
       Global: memory permutation violated (32 addrs: 2 register, 14 code, 16 data)
         0x00000000 (data): expected write missing, needed 0x800005b7 (cycle 4966)
         0x00000004 (data): expected write missing, needed 0x00758593 (cycle 4966)
         0x00000008 (data): expected write missing, needed 0x3ab51663 (cycle 4966)
         + 14 code addresses diverged (instruction fetch cascade)
         + 15 more addresses
  [142] ✓ INSTR_TYPE_MOD @ step 2832: 5 failures, 4181ms, outcome: REJECTED, exit: 101 [proof:GENERATED] G=memory
       r=0.058  T_new=0.00 F_new=0.63 F_rare=1.00 U=0 Q=0.14 Q_l=0.19 Q_g=0.72 dl=5 dg=2
       Value: 0x00050002 -> 0x00040001
       Original: Lw [major=5, minor=2]
       Mutated:  Sra [major=4, minor=1]
       zkVM errors (3 lines):
         • [prover_impl.rs:280] verify segment (internal proof verification failed)
         • [ffi.cpp:113] address mismatch at cycle 19560: preflight=0x0008009e, actual=0x3fffc028
         • [kernels/cxx/ffi.cpp:208] SKIP THROW: memory peek not in preflight
       Local constraints hit (5 unique):
         - MemoryWrite@mem.zir:100
           cycle=19560, step=2832, pc=0x00203BB0, major=4, minor=1
         - MemoryWrite@mem.zir:99
           cycle=19560, step=2832, pc=0x00203BB0, major=4, minor=1
         - VerifyOpcodeF3F7@inst.zir:102
           cycle=19560, step=2832, pc=0x00203BB0, major=4, minor=1
         - VerifyOpcodeF3F7@inst.zir:103
           cycle=19560, step=2832, pc=0x00203BB0, major=4, minor=1
         - VerifyOpcodeF3F7@inst.zir:104
           cycle=19560, step=2832, pc=0x00203BB0, major=4, minor=1
       Global: memory permutation violated
         0x00200278 (data): unexpected write 0x00000000 (cycle 39047)
         x8/s0: expected write missing, needed 0x00000000 (cycle 39047)
  [143] ✓ INSTR_TYPE_MOD @ step 3899: 8 failures, 4245ms, outcome: REJECTED, exit: 101 [proof:GENERATED] G=memory|cycle
       r=0.004  T_new=0.00 F_new=1.00 F_rare=1.00 U=0 Q=0.01 Q_l=0.07 Q_g=0.11 dl=8 dg=13
       Value: 0x00020004 -> 0x00060001
       Original: JalR [major=2, minor=4]
       Mutated:  Sh [major=6, minor=1]
       zkVM errors (3 lines):
         • [prover_impl.rs:280] verify segment (internal proof verification failed)
         • [ffi.cpp:113] address mismatch at cycle 20849: preflight=0x3fffc040, actual=0x30000014
         • [kernels/cxx/ffi.cpp:208] SKIP THROW: memory peek not in preflight
       Local constraints hit (6 unique):
         - IsRead@mem.zir:79
           cycle=20849, step=3899, pc=0xC0000050, major=6, minor=1
         - IsRead@mem.zir:80
           cycle=20849, step=3899, pc=0xC0000050, major=6, minor=1
         - MemoryWrite@mem.zir:100
           cycle=20849, step=3899, pc=0xC0000050, major=6, minor=1
         - MemoryWrite@mem.zir:99 (x3)
           cycle=20849, step=3899, pc=0xC0000050, major=6, minor=1
         - VerifyOpcodeF3@inst.zir:96
           cycle=20849, step=3899, pc=0xC0000050, major=6, minor=1
         - VerifyOpcodeF3@inst.zir:97
           cycle=20849, step=3899, pc=0xC0000050, major=6, minor=1
       Global: memory permutation violated (45 addrs: 45 data)
         0xC0000050 (data): expected write missing, needed 0x00000000 (cycle 41693)
         0xC0000084 (data): expected write missing, needed 0x0380006f (cycle 29962)
         0xC0000088 (data): unexpected write 0x02c22283 (cycle 30002)
         + 42 more addresses
       Global: cycle lookup violated (3 indices broken)
         index 4: 253 provides, 1 uses (imbalanced)
         index 5: 348 provides, 1 uses (imbalanced)
         index 11736: 1 provides, 1 uses (imbalanced)
  [144] ✓ INSTR_TYPE_MOD @ step 3164: 3 failures, 4198ms, outcome: REJECTED, exit: 101 [proof:GENERATED] G=memory
       r=0.117  T_new=0.00 F_new=0.86 F_rare=1.00 U=0 Q=0.26 Q_l=0.37 Q_g=0.72 dl=3 dg=2
       Value: 0x00050002 -> 0x00000007
       Original: Lw [major=5, minor=2]
       Mutated:  AddI [major=0, minor=7]
       zkVM errors (3 lines):
         • [prover_impl.rs:280] verify segment (internal proof verification failed)
         • [ffi.cpp:113] address mismatch at cycle 19966: preflight=0x00080067, actual=0x3fffc03c
         • [kernels/cxx/ffi.cpp:208] SKIP THROW: memory peek not in preflight
       Local constraints hit (3 unique):
         - MemoryWrite@mem.zir:99
           cycle=19966, step=3164, pc=0x00205820, major=0, minor=7
         - VerifyOpcodeF3@inst.zir:96
           cycle=19966, step=3164, pc=0x00205820, major=0, minor=7
         - VerifyOpcodeF3@inst.zir:97
           cycle=19966, step=3164, pc=0x00205820, major=0, minor=7
       Global: memory permutation violated
         0x0020019C (data): unexpected write 0x00205460 (cycle 39341)
         x28/t3: expected write missing, needed 0x00205460 (cycle 39341)
  [145] ✓ INSTR_TYPE_MOD @ step 2850: 5 failures, 4196ms, outcome: REJECTED, exit: 101 [proof:GENERATED] G=memory|cycle
       r=0.039  T_new=0.00 F_new=0.86 F_rare=1.00 U=0 Q=0.08 Q_l=0.19 Q_g=0.43 dl=5 dg=5
       Value: 0x00060002 -> 0x00040007
       Original: Sw [major=6, minor=2]
       Mutated:  RemU [major=4, minor=7]
       zkVM errors (3 lines):
         • [prover_impl.rs:280] verify segment (internal proof verification failed)
         • [ffi.cpp:113] address mismatch at cycle 19578: preflight=0x00080089, actual=0x3fffc024
         • [kernels/cxx/ffi.cpp:208] SKIP THROW: memory peek not in preflight
       Local constraints hit (5 unique):
         - MemoryWrite@mem.zir:100
           cycle=19578, step=2850, pc=0x00204ADC, major=4, minor=7
         - MemoryWrite@mem.zir:99
           cycle=19578, step=2850, pc=0x00204ADC, major=4, minor=7
         - VerifyOpcodeF3F7@inst.zir:102
           cycle=19578, step=2850, pc=0x00204ADC, major=4, minor=7
         - VerifyOpcodeF3F7@inst.zir:103
           cycle=19578, step=2850, pc=0x00204ADC, major=4, minor=7
         - VerifyOpcodeF3F7@inst.zir:104
           cycle=19578, step=2850, pc=0x00204ADC, major=4, minor=7
       Global: memory permutation violated
         0x00200224 (data): unexpected write 0x00000000 (cycle 4502)
         x4/tp: expected write missing, needed 0x00000000 (cycle 4502)
       Global: cycle lookup violated (3 indices broken)
         index 0: 2254 provides, 1 uses (imbalanced)
         index 34653: orphan use (1 entries, no matching provide)
         index 34654: 1 provides, 1 uses (imbalanced)
  [146] ✓ INSTR_TYPE_MOD @ step 974: 4 failures, 4067ms, outcome: REJECTED, exit: 101 [proof:GENERATED]
       r=0.103  T_new=0.00 F_new=0.63 F_rare=1.00 U=0 Q=0.26 Q_l=0.26 Q_g=1.00 dl=4 dg=0
       Value: 0x00000007 -> 0x00000001
       Original: AddI [major=0, minor=7]
       Mutated:  Sub [major=0, minor=1]
       zkVM errors (1 lines):
         • [prover_impl.rs:280] verify segment (internal proof verification failed)
       Local constraints hit (4 unique):
         - MemoryWrite@mem.zir:100
           cycle=17607, step=974, pc=0x00206154, major=0, minor=1
         - MemoryWrite@mem.zir:99
           cycle=17607, step=974, pc=0x00206154, major=0, minor=1
         - VerifyOpcodeF3F7@inst.zir:102
           cycle=17607, step=974, pc=0x00206154, major=0, minor=1
         - VerifyOpcodeF3F7@inst.zir:104
           cycle=17607, step=974, pc=0x00206154, major=0, minor=1
       Global: no permutation/lookup violations (local-only)
  [147] ✓ INSTR_TYPE_MOD @ step 0: 5 failures, 4185ms, outcome: REJECTED, exit: 101 [proof:GENERATED] [+36 touch] G=memory|cycle
       r=0.074  T_new=0.64 F_new=0.86 F_rare=1.00 U=0 Q=0.11 Q_l=0.19 Q_g=0.61 dl=5 dg=3
       Value: 0x00020006 -> 0x0001000A
       Original: Auipc [major=2, minor=6]
       Mutated:  BgeU [major=1, minor=10] ⚠INVALID
       zkVM errors (3 lines):
         • [prover_impl.rs:280] verify segment (internal proof verification failed)
         • [ffi.cpp:113] address mismatch at cycle 0: preflight=0x44000000, actual=0x00000000
         • [kernels/cxx/ffi.cpp:208] SKIP THROW: memory peek not in preflight
       Local constraints hit (5 unique):
         - AddrDecompose@u32.zir:67
           cycle=0, step=0, pc=0x00000000, major=1, minor=10
         - ControlLoadRootAndNonce@inst_control.zir:23
           cycle=1, step=0, pc=0x00000000, major=7, minor=0
         - MiscInput@inst_misc.zir:7
           cycle=0, step=0, pc=0x00000000, major=1, minor=10
         - OneHot@one_hot.zir:11
           cycle=0, step=0, pc=0x00000000, major=1, minor=10
         - OneHot@one_hot.zir:9
           cycle=0, step=0, pc=0x00000000, major=1, minor=10
       Global: memory permutation violated
         0xFFFF0100 (data): expected write missing, needed 0x00000000 (cycle 0)
       Global: cycle lookup violated (2 indices broken)
         index 0: 2256 provides, 1 uses (imbalanced)
         index 2013265920: orphan provide (2 entries, no matching use)
  [148] ✓ INSTR_TYPE_MOD @ step 3090: 3 failures, 4170ms, outcome: REJECTED, exit: 101 [proof:GENERATED] G=memory|cycle
       r=0.073  T_new=0.00 F_new=0.92 F_rare=1.00 U=0 Q=0.16 Q_l=0.37 Q_g=0.43 dl=3 dg=5
       Value: 0x00060002 -> 0x00030002
       Original: Sw [major=6, minor=2]
       Mutated:  Mul [major=3, minor=2]
       zkVM errors (3 lines):
         • [prover_impl.rs:280] verify segment (internal proof verification failed)
         • [ffi.cpp:113] address mismatch at cycle 19818: preflight=0x00088556, actual=0x3fffc02c
         • [kernels/cxx/ffi.cpp:208] SKIP THROW: memory peek not in preflight
       Local constraints hit (3 unique):
         - VerifyOpcodeF3F7@inst.zir:102
           cycle=19818, step=3090, pc=0x002032A4, major=3, minor=2
         - VerifyOpcodeF3F7@inst.zir:103
           cycle=19818, step=3090, pc=0x002032A4, major=3, minor=2
         - VerifyOpcodeF3F7@inst.zir:104
           cycle=19818, step=3090, pc=0x002032A4, major=3, minor=2
       Global: memory permutation violated
         x12/a2: expected write missing, needed 0x00000000 (cycle 29478)
         0x00221558 (code): unexpected write 0x00000000 (cycle 29478)
       Global: cycle lookup violated (3 indices broken)
         index 0: 2254 provides, 1 uses (imbalanced)
         index 10157: orphan use (1 entries, no matching provide)
         index 10158: 1 provides, 1 uses (imbalanced)
  [149] ✓ INSTR_TYPE_MOD @ step 3213: 5 failures, 4214ms, outcome: REJECTED, exit: 101 [proof:GENERATED] [+38 touch] G=memory|cycle
       r=0.056  T_new=0.66 F_new=0.99 F_rare=1.00 U=0 Q=0.08 Q_l=0.19 Q_g=0.43 dl=5 dg=5
       Value: 0x00020006 -> 0x00060006
       Original: Auipc [major=2, minor=6]
       Mutated:  Unknown(6,6) [major=6, minor=6] ⚠INVALID
       zkVM errors (3 lines):
         • [prover_impl.rs:280] verify segment (internal proof verification failed)
         • [ffi.cpp:113] address mismatch at cycle 20015: preflight=0x3fffc021, actual=0x00000000
         • [kernels/cxx/ffi.cpp:208] SKIP THROW: memory peek not in preflight
       Local constraints hit (5 unique):
         - AddrDecomposeBits@u32.zir:87
           cycle=20015, step=3213, pc=0x00204BB0, major=6, minor=6
         - IllegalStoreOp@inst_mem.zir:45
           cycle=20015, step=3213, pc=0x00204BB0, major=6, minor=6
         - IsRead@mem.zir:79
           cycle=20015, step=3213, pc=0x00204BB0, major=6, minor=6
         - MemoryWrite@mem.zir:100
           cycle=20015, step=3213, pc=0x00204BB0, major=6, minor=6
         - MemoryWrite@mem.zir:99
           cycle=20015, step=3213, pc=0x00204BB0, major=6, minor=6
       Global: memory permutation violated
         0x00000000 (data): expected write missing, needed 0x240080e7 (cycle 14402)
         x1/ra: unexpected write 0x00204ba0 (cycle 40026)
       Global: cycle lookup violated (3 indices broken)
         index 3: 698 provides, 1 uses (imbalanced)
         index 4: 251 provides, 1 uses (imbalanced)
         index 25628: 1 provides, 1 uses (imbalanced)
  [150] ✓ INSTR_TYPE_MOD @ step 2479: 2 failures, 4155ms, outcome: REJECTED, exit: 101 [proof:GENERATED] G=memory
       r=0.143  T_new=0.00 F_new=0.63 F_rare=1.00 U=0 Q=0.37 Q_l=0.51 Q_g=0.72 dl=2 dg=2
       Value: 0x00020000 -> 0x00000004
       Original: Bge [major=2, minor=0]
       Mutated:  And [major=0, minor=4]
       zkVM errors (3 lines):
         • [prover_impl.rs:280] verify segment (internal proof verification failed)
         • [ffi.cpp:113] address mismatch at cycle 19133: preflight=0x3fffc040, actual=0x3fffc010
         • [kernels/cxx/ffi.cpp:208] SKIP THROW: memory peek not in preflight
       Local constraints hit (2 unique):
         - VerifyOpcodeF3F7@inst.zir:102
           cycle=19133, step=2479, pc=0xC0000078, major=0, minor=4
         - VerifyOpcodeF3F7@inst.zir:103
           cycle=19133, step=2479, pc=0xC0000078, major=0, minor=4
       Global: memory permutation violated
         0xFFFF0040 (data): expected write missing, needed 0x00000000 (cycle 37397)
         0xFFFF0100 (data): unexpected write 0x00000000 (cycle 37397)
  [151] ✓ INSTR_TYPE_MOD @ step 3004: 12 failures, 4162ms, outcome: REJECTED, exit: 101 [proof:GENERATED] [+32 touch] G=memory
       r=0.003  T_new=0.60 F_new=1.00 F_rare=1.00 U=0 Q=0.00 Q_l=0.03 Q_g=0.19 dl=11 dg=10
       Value: 0x00000007 -> 0x0000000C
       Original: AddI [major=0, minor=7]
       Mutated:  SltIU [major=0, minor=12] ⚠INVALID
       zkVM errors (3 lines):
         • [prover_impl.rs:280] verify segment (internal proof verification failed)
         • [ffi.cpp:113] address mismatch at cycle 19732: preflight=0x3fffc02a, actual=0x3fffc060
         • [kernels/cxx/ffi.cpp:208] SKIP THROW: memory peek not in preflight
       Local constraints hit (5 unique):
         - AddrDecompose@u32.zir:67 (x4)
           cycle=19733, step=3005, pc=0x0020574C, major=0, minor=7
         - MemoryWrite@mem.zir:100 (x3)
           cycle=19732, step=3004, pc=0x00205748, major=0, minor=12
         - MemoryWrite@mem.zir:99 (x3)
           cycle=19732, step=3004, pc=0x00205748, major=0, minor=12
         - OneHot@one_hot.zir:11
           cycle=19732, step=3004, pc=0x00205748, major=0, minor=12
         - OneHot@one_hot.zir:9
           cycle=19732, step=3004, pc=0x00205748, major=0, minor=12
       Global: memory permutation violated (10 addrs: 1 register, 4 code, 5 data)
         0x00000000 (data): expected write missing, needed 0x00060593 (cycle 16274)
         0x00000004 (data): expected write missing, needed 0x00098613 (cycle 16274)
         0x00000008 (data): expected write missing, needed 0xffffe097 (cycle 16274)
         + 4 code addresses diverged (instruction fetch cascade)
         + 3 more addresses
  [152] ✓ INSTR_TYPE_MOD @ step 151: 5 failures, 4127ms, outcome: REJECTED, exit: 101 [proof:GENERATED] [+48 touch]
       r=0.130  T_new=0.75 F_new=0.92 F_rare=1.00 U=0 Q=0.19 Q_l=0.19 Q_g=1.00 dl=5 dg=0
       Value: 0x00000007 -> 0x00040000
       Original: AddI [major=0, minor=7]
       Mutated:  Srl [major=4, minor=0]
       zkVM errors (1 lines):
         • [prover_impl.rs:280] verify segment (internal proof verification failed)
       Local constraints hit (5 unique):
         - MemoryWrite@mem.zir:100
           cycle=16724, step=151, pc=0x0020111C, major=4, minor=0
         - MemoryWrite@mem.zir:99
           cycle=16724, step=151, pc=0x0020111C, major=4, minor=0
         - VerifyOpcodeF3F7@inst.zir:102
           cycle=16724, step=151, pc=0x0020111C, major=4, minor=0
         - VerifyOpcodeF3F7@inst.zir:103
           cycle=16724, step=151, pc=0x0020111C, major=4, minor=0
         - VerifyOpcodeF3F7@inst.zir:104
           cycle=16724, step=151, pc=0x0020111C, major=4, minor=0
       Global: no permutation/lookup violations (local-only)
  [153] ✓ INSTR_TYPE_MOD @ step 3747: 4 failures, 4156ms, outcome: REJECTED, exit: 101 [proof:GENERATED] G=memory|cycle
       r=0.054  T_new=0.00 F_new=0.98 F_rare=1.00 U=0 Q=0.11 Q_l=0.26 Q_g=0.43 dl=4 dg=5
       Value: 0x00060002 -> 0x00010000
       Original: Sw [major=6, minor=2]
       Mutated:  XorI [major=1, minor=0]
       zkVM errors (3 lines):
         • [prover_impl.rs:280] verify segment (internal proof verification failed)
         • [ffi.cpp:113] address mismatch at cycle 20623: preflight=0x00088590, actual=0x3fffc030
         • [kernels/cxx/ffi.cpp:208] SKIP THROW: memory peek not in preflight
       Local constraints hit (4 unique):
         - MemoryWrite@mem.zir:100
           cycle=20623, step=3747, pc=0x002032B8, major=1, minor=0
         - MemoryWrite@mem.zir:99
           cycle=20623, step=3747, pc=0x002032B8, major=1, minor=0
         - VerifyOpcodeF3@inst.zir:96
           cycle=20623, step=3747, pc=0x002032B8, major=1, minor=0
         - VerifyOpcodeF3@inst.zir:97
           cycle=20623, step=3747, pc=0x002032B8, major=1, minor=0
       Global: memory permutation violated
         x16/a6: expected write missing, needed 0x00000000 (cycle 41225)
         0x00221640 (code): unexpected write 0x00000000 (cycle 41225)
       Global: cycle lookup violated (3 indices broken)
         index 0: 2254 provides, 1 uses (imbalanced)
         index 20: 65 provides, 1 uses (imbalanced)
         index 21: 82 provides, 1 uses (imbalanced)
  [154] ✓ INSTR_TYPE_MOD @ step 0: 5 failures, 4205ms, outcome: REJECTED, exit: 101 [proof:GENERATED] [+1 touch] G=memory|cycle
       r=0.035  T_new=0.03 F_new=0.39 F_rare=0.85 U=0 Q=0.11 Q_l=0.19 Q_g=0.61 dl=5 dg=3
       Value: 0x00020006 -> 0x00000001
       Original: Auipc [major=2, minor=6]
       Mutated:  Sub [major=0, minor=1]
       zkVM errors (3 lines):
         • [prover_impl.rs:280] verify segment (internal proof verification failed)
         • [ffi.cpp:113] address mismatch at cycle 0: preflight=0x44000000, actual=0x00000000
         • [kernels/cxx/ffi.cpp:208] SKIP THROW: memory peek not in preflight
       Local constraints hit (5 unique):
         - AddrDecompose@u32.zir:67
           cycle=0, step=0, pc=0x00000000, major=0, minor=1
         - ControlLoadRootAndNonce@inst_control.zir:23
           cycle=1, step=0, pc=0x00000000, major=7, minor=0
         - MiscInput@inst_misc.zir:7
           cycle=0, step=0, pc=0x00000000, major=0, minor=1
         - VerifyOpcodeF3F7@inst.zir:102
           cycle=0, step=0, pc=0x00000000, major=0, minor=1
         - VerifyOpcodeF3F7@inst.zir:104
           cycle=0, step=0, pc=0x00000000, major=0, minor=1
       Global: memory permutation violated
         0xFFFF0100 (data): expected write missing, needed 0x00000000 (cycle 0)
       Global: cycle lookup violated (2 indices broken)
         index 0: 2256 provides, 1 uses (imbalanced)
         index 2013265920: orphan provide (2 entries, no matching use)
  [155] ✓ INSTR_WORD_MOD_SUR @ step 631: 1 failures, 4135ms, outcome: REJECTED, exit: 101 [proof:GENERATED] G=memory
       r=0.236  T_new=0.00 F_new=0.63 F_rare=1.00 U=0 Q=0.61 Q_l=0.72 Q_g=0.85 dl=1 dg=1
       Value: 0x37451463 -> 0x37452463
       Surgical: funct3 = 1 -> 2
       Original: BNE x10, x20, 872
       Mutated:  BRANCH.2 x10, x20, 872
       zkVM errors (1 lines):
         • [prover_impl.rs:280] verify segment (internal proof verification failed)
       Local constraints hit (1 unique):
         - VerifyOpcodeF3@inst.zir:97
           cycle=17240, step=631, pc=0x00200954, major=1, minor=6
       Global: memory permutation violated
         0x00200950 (code): wrote 0x37451463, expected 0x37452463 (cycle 5006)
  [156] ✓ INSTR_TYPE_MOD @ step 2383: 3 failures, 4193ms, outcome: REJECTED, exit: 101 [proof:GENERATED] G=memory|cycle
       r=0.058  T_new=0.00 F_new=0.97 F_rare=1.00 U=0 Q=0.11 Q_l=0.37 Q_g=0.31 dl=3 dg=7
       Value: 0x00060002 -> 0x00050001
       Original: Sw [major=6, minor=2]
       Mutated:  Lh [major=5, minor=1]
       zkVM errors (3 lines):
         • [prover_impl.rs:280] verify segment (internal proof verification failed)
         • [ffi.cpp:113] address mismatch at cycle 19037: preflight=0x3fffc02b, actual=0x000800cc
         • [kernels/cxx/ffi.cpp:208] SKIP THROW: memory peek not in preflight
       Local constraints hit (3 unique):
         - OpLH@inst_mem.zir:98
           cycle=19037, step=2383, pc=0x002032D4, major=5, minor=1
         - VerifyOpcodeF3@inst.zir:96
           cycle=19037, step=2383, pc=0x002032D4, major=5, minor=1
         - VerifyOpcodeF3@inst.zir:97
           cycle=19037, step=2383, pc=0x002032D4, major=5, minor=1
       Global: memory permutation violated
         0x00200330 (data): unexpected write 0x00000000 (cycle 38074)
         0x00200334 (data): unexpected write 0x00000000 (cycle 38051)
         x11/a1: unexpected write 0x00000000 (cycle 38072)
         x12/a2: expected write missing, needed 0x00000000 (cycle 38051)
       Global: cycle lookup violated (3 indices broken)
         index 0: 2254 provides, 1 uses (imbalanced)
         index 22: 84 provides, 1 uses (imbalanced)
         index 23: 184 provides, 1 uses (imbalanced)
  [157] ✓ MEM_VAL_MOD @ step 1468: 3 failures, 4144ms, outcome: REJECTED, exit: 101 [proof:GENERATED] G=memory
       r=0.088  T_new=0.00 F_new=0.39 F_rare=0.79 U=0 Q=0.31 Q_l=0.37 Q_g=0.85 dl=3 dg=1
       Value: 0x7F520E51 -> 0x7E532ED9
       Transaction: load_mem_read (READ) at address 0x00200320
       zkVM errors (1 lines):
         • [prover_impl.rs:280] verify segment (internal proof verification failed)
       Local constraints hit (3 unique):
         - IsRead@mem.zir:79
           cycle=18112, step=1468, pc=0x002184C0, major=5, minor=3
         - IsRead@mem.zir:80
           cycle=18112, step=1468, pc=0x002184C0, major=5, minor=3
         - MemoryWrite@mem.zir:99
           cycle=18112, step=1468, pc=0x002184C0, major=5, minor=3
       Global: memory permutation violated
         0x00200320 (data): wrote 0x7e532ed9, expected 0x7f520e51 (cycle 36224)
  [158] ✓ INSTR_TYPE_MOD @ step 2982: 3 failures, 4099ms, outcome: REJECTED, exit: 101 [proof:GENERATED]
       r=0.052  T_new=0.00 F_new=0.00 F_rare=0.58 U=0 Q=0.37 Q_l=0.37 Q_g=1.00 dl=3 dg=0
       Value: 0x00000007 -> 0x00000002
       Original: AddI [major=0, minor=7]
       Mutated:  Xor [major=0, minor=2]
       zkVM errors (1 lines):
         • [prover_impl.rs:280] verify segment (internal proof verification failed)
       Local constraints hit (3 unique):
         - MemoryWrite@mem.zir:99
           cycle=19710, step=2982, pc=0x00205E00, major=0, minor=2
         - VerifyOpcodeF3F7@inst.zir:102
           cycle=19710, step=2982, pc=0x00205E00, major=0, minor=2
         - VerifyOpcodeF3F7@inst.zir:103
           cycle=19710, step=2982, pc=0x00205E00, major=0, minor=2
       Global: no permutation/lookup violations (local-only)
  [159] ✓ INSTR_TYPE_MOD @ step 2672: 4 failures, 4265ms, outcome: REJECTED, exit: 101 [proof:GENERATED] G=memory|cycle
       r=0.051  T_new=0.00 F_new=0.86 F_rare=1.00 U=0 Q=0.11 Q_l=0.26 Q_g=0.43 dl=4 dg=5
       Value: 0x00060002 -> 0x00000006
       Original: Sw [major=6, minor=2]
       Mutated:  SltU [major=0, minor=6]
       zkVM errors (3 lines):
         • [prover_impl.rs:280] verify segment (internal proof verification failed)
         • [ffi.cpp:113] address mismatch at cycle 19400: preflight=0x000800c0, actual=0x3fffc060
         • [kernels/cxx/ffi.cpp:208] SKIP THROW: memory peek not in preflight
       Local constraints hit (4 unique):
         - MemoryWrite@mem.zir:100
           cycle=19400, step=2672, pc=0x00205310, major=0, minor=6
         - MemoryWrite@mem.zir:99
           cycle=19400, step=2672, pc=0x00205310, major=0, minor=6
         - VerifyOpcodeF3F7@inst.zir:102
           cycle=19400, step=2672, pc=0x00205310, major=0, minor=6
         - VerifyOpcodeF3F7@inst.zir:103
           cycle=19400, step=2672, pc=0x00205310, major=0, minor=6
       Global: memory permutation violated
         0x00200300 (data): unexpected write 0x002214ac (cycle 38489)
         0xFFFF0180 (data): expected write missing, needed 0x002214ac (cycle 38489)
       Global: cycle lookup violated (3 indices broken)
         index 0: 2254 provides, 1 uses (imbalanced)
         index 310: 1 provides, 1 uses (imbalanced)
         index 311: 1 provides, 1 uses (imbalanced)
  [160] ✓ INSTR_TYPE_MOD @ step 2601: 3 failures, 4139ms, outcome: REJECTED, exit: 101 [proof:GENERATED] G=memory
       r=0.112  T_new=0.00 F_new=0.63 F_rare=1.00 U=0 Q=0.26 Q_l=0.37 Q_g=0.72 dl=3 dg=2
       Value: 0x00050003 -> 0x00040000
       Original: LbU [major=5, minor=3]
       Mutated:  Srl [major=4, minor=0]
       zkVM errors (3 lines):
         • [prover_impl.rs:280] verify segment (internal proof verification failed)
         • [ffi.cpp:113] address mismatch at cycle 19329: preflight=0x0008852b, actual=0x3fffc021
         • [kernels/cxx/ffi.cpp:208] SKIP THROW: memory peek not in preflight
       Local constraints hit (3 unique):
         - MemoryWrite@mem.zir:99
           cycle=19329, step=2601, pc=0x00201590, major=4, minor=0
         - VerifyOpcodeF3F7@inst.zir:102
           cycle=19329, step=2601, pc=0x00201590, major=4, minor=0
         - VerifyOpcodeF3F7@inst.zir:103
           cycle=19329, step=2601, pc=0x00201590, major=4, minor=0
       Global: memory permutation violated
         x1/ra: expected write missing, needed 0xc3d4e0d9 (cycle 38461)
         0x002214AC (code): unexpected write 0xc3d4e0d9 (cycle 38461)
  [161] ✓ INSTR_TYPE_MOD @ step 707: 4 failures, 4172ms, outcome: REJECTED, exit: 101 [proof:GENERATED] G=memory
       r=0.079  T_new=0.00 F_new=0.63 F_rare=1.00 U=0 Q=0.19 Q_l=0.26 Q_g=0.72 dl=4 dg=2
       Value: 0x00010006 -> 0x00040000
       Original: Bne [major=1, minor=6]
       Mutated:  Srl [major=4, minor=0]
       zkVM errors (3 lines):
         • [prover_impl.rs:280] verify segment (internal proof verification failed)
         • [ffi.cpp:113] address mismatch at cycle 17322: preflight=0x3fffc060, actual=0x3fffc03c
         • [kernels/cxx/ffi.cpp:208] SKIP THROW: memory peek not in preflight
       Local constraints hit (4 unique):
         - MemoryWrite@mem.zir:100
           cycle=17322, step=707, pc=0x00200980, major=4, minor=0
         - VerifyOpcodeF3F7@inst.zir:102
           cycle=17322, step=707, pc=0x00200980, major=4, minor=0
         - VerifyOpcodeF3F7@inst.zir:103
           cycle=17322, step=707, pc=0x00200980, major=4, minor=0
         - VerifyOpcodeF3F7@inst.zir:104
           cycle=17322, step=707, pc=0x00200980, major=4, minor=0
       Global: memory permutation violated
         x28/t3: expected write missing, needed 0x002031fc (cycle 34641)
         0xFFFF0180 (data): unexpected write 0x002031fc (cycle 34641)
  [162] ✓ INSTR_TYPE_MOD @ step 237: 5 failures, 4248ms, outcome: REJECTED, exit: 101 [proof:GENERATED] G=memory|cycle
       r=0.037  T_new=0.00 F_new=0.92 F_rare=1.00 U=0 Q=0.08 Q_l=0.19 Q_g=0.43 dl=5 dg=5
       Value: 0x00060002 -> 0x00000001
       Original: Sw [major=6, minor=2]
       Mutated:  Sub [major=0, minor=1]
       zkVM errors (3 lines):
         • [prover_impl.rs:280] verify segment (internal proof verification failed)
         • [ffi.cpp:113] address mismatch at cycle 16816: preflight=0x000800e0, actual=0x3fffc060
         • [kernels/cxx/ffi.cpp:208] SKIP THROW: memory peek not in preflight
       Local constraints hit (5 unique):
         - MemoryWrite@mem.zir:100
           cycle=16816, step=237, pc=0x00200824, major=0, minor=1
         - MemoryWrite@mem.zir:99
           cycle=16816, step=237, pc=0x00200824, major=0, minor=1
         - VerifyOpcodeF3F7@inst.zir:102
           cycle=16816, step=237, pc=0x00200824, major=0, minor=1
         - VerifyOpcodeF3F7@inst.zir:103
           cycle=16816, step=237, pc=0x00200824, major=0, minor=1
         - VerifyOpcodeF3F7@inst.zir:104
           cycle=16816, step=237, pc=0x00200824, major=0, minor=1
       Global: memory permutation violated
         0x00200380 (data): unexpected write 0x00000000 (cycle 4722)
         0xFFFF0180 (data): expected write missing, needed 0x00000000 (cycle 4722)
       Global: cycle lookup violated (3 indices broken)
         index 0: 2254 provides, 1 uses (imbalanced)
         index 28909: orphan use (1 entries, no matching provide)
         index 28910: 1 provides, 1 uses (imbalanced)
  [163] ✓ INSTR_TYPE_MOD @ step 701: 4 failures, 4053ms, outcome: REJECTED, exit: 101 [proof:GENERATED]
       r=0.112  T_new=0.00 F_new=0.63 F_rare=1.00 U=0 Q=0.26 Q_l=0.26 Q_g=1.00 dl=4 dg=0
       Value: 0x00050002 -> 0x0005000A
       Original: Lw [major=5, minor=2]
       Mutated:  Sw [major=5, minor=10] ⚠INVALID
       zkVM errors (1 lines):
         • [prover_impl.rs:280] verify segment (internal proof verification failed)
       Local constraints hit (4 unique):
         - MemoryWrite@mem.zir:100
           cycle=17316, step=701, pc=0x002031EC, major=5, minor=10
         - MemoryWrite@mem.zir:99
           cycle=17316, step=701, pc=0x002031EC, major=5, minor=10
         - OneHot@one_hot.zir:11
           cycle=17316, step=701, pc=0x002031EC, major=5, minor=10
         - OneHot@one_hot.zir:9
           cycle=17316, step=701, pc=0x002031EC, major=5, minor=10
       Global: no permutation/lookup violations (local-only)
  [164] ✓ INSTR_TYPE_MOD @ step 3030: 3 failures, 4230ms, outcome: REJECTED, exit: 101 [proof:GENERATED]
       r=0.156  T_new=0.00 F_new=0.78 F_rare=1.00 U=0 Q=0.37 Q_l=0.37 Q_g=1.00 dl=3 dg=0
       Value: 0x00050002 -> 0x00050000
       Original: Lw [major=5, minor=2]
       Mutated:  Lb [major=5, minor=0]
       zkVM errors (1 lines):
         • [prover_impl.rs:280] verify segment (internal proof verification failed)
       Local constraints hit (3 unique):
         - MemoryWrite@mem.zir:100
           cycle=19758, step=3030, pc=0x00203474, major=5, minor=0
         - MemoryWrite@mem.zir:99
           cycle=19758, step=3030, pc=0x00203474, major=5, minor=0
         - VerifyOpcodeF3@inst.zir:97
           cycle=19758, step=3030, pc=0x00203474, major=5, minor=0
       Global: no permutation/lookup violations (local-only)
  [165] ✓ INSTR_TYPE_MOD @ step 3491: 4 failures, 4124ms, outcome: REJECTED, exit: 101 [proof:GENERATED]
       r=0.041  T_new=0.00 F_new=0.00 F_rare=0.64 U=0 Q=0.26 Q_l=0.26 Q_g=1.00 dl=4 dg=0
       Value: 0x00020001 -> 0x00000001
       Original: BltU [major=2, minor=1]
       Mutated:  Sub [major=0, minor=1]
       zkVM errors (1 lines):
         • [prover_impl.rs:280] verify segment (internal proof verification failed)
       Local constraints hit (4 unique):
         - MemoryWrite@mem.zir:99
           cycle=20293, step=3491, pc=0x00205E24, major=0, minor=1
         - VerifyOpcodeF3F7@inst.zir:102
           cycle=20293, step=3491, pc=0x00205E24, major=0, minor=1
         - VerifyOpcodeF3F7@inst.zir:103
           cycle=20293, step=3491, pc=0x00205E24, major=0, minor=1
         - VerifyOpcodeF3F7@inst.zir:104
           cycle=20293, step=3491, pc=0x00205E24, major=0, minor=1
       Global: no permutation/lookup violations (local-only)
  [166] ✓ MEM_VAL_MOD @ step 3929: 0 failures, 4116ms, outcome: REJECTED, exit: 101 [proof:GENERATED] G=memory[GO]
       r=0.281  T_new=0.00 F_new=0.39 F_rare=1.00 U=0 Q=0.85 Q_l=1.00 Q_g=0.85 dl=0 dg=1
       Value: 0x1758F7EF -> 0x1758F8EF
       Transaction: other_mem_read (READ) at address 0x10dffbc08
       zkVM errors (2 lines):
         • [prover_impl.rs:280] verify segment (internal proof verification failed)
         • [kernels/cxx/buffers.h:43] SKIP THROW: Inconsistent set
       Global: memory permutation violated [GLOBAL-ONLY]
         0x10DFFBC08 (data): wrote 0x1758f8ef, expected 0x1758f7ef (cycle 45226)
  [167] ✓ INSTR_TYPE_MOD @ step 2322: 3 failures, 4143ms, outcome: REJECTED, exit: 101 [proof:GENERATED]
       r=0.048  T_new=0.00 F_new=0.00 F_rare=0.54 U=0 Q=0.37 Q_l=0.37 Q_g=1.00 dl=3 dg=0
       Value: 0x00000003 -> 0x00040002
       Original: Or [major=0, minor=3]
       Mutated:  SrlI [major=4, minor=2]
       zkVM errors (1 lines):
         • [prover_impl.rs:280] verify segment (internal proof verification failed)
       Local constraints hit (3 unique):
         - MemoryWrite@mem.zir:100
           cycle=18976, step=2322, pc=0x002012E8, major=4, minor=2
         - VerifyOpcodeF3F7@inst.zir:102
           cycle=18976, step=2322, pc=0x002012E8, major=4, minor=2
         - VerifyOpcodeF3F7@inst.zir:103
           cycle=18976, step=2322, pc=0x002012E8, major=4, minor=2
       Global: no permutation/lookup violations (local-only)
  [168] ✓ INSTR_TYPE_MOD @ step 1176: 4 failures, 4128ms, outcome: REJECTED, exit: 101 [proof:GENERATED] [+43 touch]
       r=0.175  T_new=0.71 F_new=0.86 F_rare=1.00 U=0 Q=0.26 Q_l=0.26 Q_g=1.00 dl=4 dg=0
       Value: 0x00000007 -> 0x00030004
       Original: AddI [major=0, minor=7]
       Mutated:  MulHSU [major=3, minor=4]
       zkVM errors (1 lines):
         • [prover_impl.rs:280] verify segment (internal proof verification failed)
       Local constraints hit (4 unique):
         - MemoryWrite@mem.zir:99
           cycle=17820, step=1176, pc=0x00208AE4, major=3, minor=4
         - VerifyOpcodeF3F7@inst.zir:102
           cycle=17820, step=1176, pc=0x00208AE4, major=3, minor=4
         - VerifyOpcodeF3F7@inst.zir:103
           cycle=17820, step=1176, pc=0x00208AE4, major=3, minor=4
         - VerifyOpcodeF3F7@inst.zir:104
           cycle=17820, step=1176, pc=0x00208AE4, major=3, minor=4
       Global: no permutation/lookup violations (local-only)
  [169] ✓ INSTR_TYPE_MOD @ step 1123: 3 failures, 4133ms, outcome: REJECTED, exit: 101 [proof:GENERATED]
       r=0.040  T_new=0.00 F_new=0.00 F_rare=0.44 U=0 Q=0.37 Q_l=0.37 Q_g=1.00 dl=3 dg=0
       Value: 0x00000007 -> 0x00000001
       Original: AddI [major=0, minor=7]
       Mutated:  Sub [major=0, minor=1]
       zkVM errors (1 lines):
         • [prover_impl.rs:280] verify segment (internal proof verification failed)
       Local constraints hit (3 unique):
         - MemoryWrite@mem.zir:99
           cycle=17767, step=1123, pc=0x00200D44, major=0, minor=1
         - VerifyOpcodeF3F7@inst.zir:102
           cycle=17767, step=1123, pc=0x00200D44, major=0, minor=1
         - VerifyOpcodeF3F7@inst.zir:104
           cycle=17767, step=1123, pc=0x00200D44, major=0, minor=1
       Global: no permutation/lookup violations (local-only)
  [170] ✓ INSTR_TYPE_MOD @ step 852: 13 failures, 4133ms, outcome: REJECTED, exit: 101 [proof:GENERATED] [+34 touch] G=memory
       r=0.005  T_new=0.62 F_new=1.00 F_rare=1.00 U=0 Q=0.01 Q_l=0.04 Q_g=0.19 dl=10 dg=10
       Value: 0x00020005 -> 0x00020008
       Original: Lui [major=2, minor=5]
       Mutated:  Sll [major=2, minor=8] ⚠INVALID
       zkVM errors (3 lines):
         • [prover_impl.rs:280] verify segment (internal proof verification failed)
         • [ffi.cpp:113] address mismatch at cycle 17479: preflight=0x3fffc02b, actual=0x3fffc060
         • [kernels/cxx/ffi.cpp:208] SKIP THROW: memory peek not in preflight
       Local constraints hit (5 unique):
         - AddrDecompose@u32.zir:67 (x8)
           cycle=17480, step=853, pc=0x002031E0, major=1, minor=5
         - MemoryWrite@mem.zir:100 (x2)
           cycle=17479, step=852, pc=0x002031C0, major=2, minor=8
         - MemoryWrite@mem.zir:99
           cycle=17487, step=860, pc=0x002009E8, major=2, minor=4
         - OneHot@one_hot.zir:11
           cycle=17479, step=852, pc=0x002031C0, major=2, minor=8
         - OneHot@one_hot.zir:9
           cycle=17479, step=852, pc=0x002031C0, major=2, minor=8
       Global: memory permutation violated (18 addrs: 1 register, 8 code, 9 data)
         0x00000000 (data): expected write missing, needed 0x02950063 (cycle 34792)
         0x00000020 (data): expected write missing, needed 0x00758513 (cycle 34794)
         0x00000024 (data): expected write missing, needed 0x00a42023 (cycle 34796)
         + 8 code addresses diverged (instruction fetch cascade)
         + 7 more addresses
  [171] ✓ INSTR_WORD_MOD_SUR @ step 326: 0 failures, 4183ms, outcome: REJECTED, exit: 101 [proof:GENERATED] G=memory[GO]
       r=0.256  T_new=0.00 F_new=0.78 F_rare=1.00 U=0 Q=0.61 Q_l=1.00 Q_g=0.61 dl=0 dg=3
       Value: 0x900080E7 -> 0x900680E7
       Surgical: rs1 = 1 -> 13
       Original: JALR x1, x1, -1792
       Mutated:  JALR x1, x13, -1792
       zkVM errors (3 lines):
         • [prover_impl.rs:280] verify segment (internal proof verification failed)
         • [ffi.cpp:113] address mismatch at cycle 16911: preflight=0x3fffc021, actual=0x3fffc02d
         • [kernels/cxx/ffi.cpp:208] SKIP THROW: memory peek not in preflight
       Global: memory permutation violated [GLOBAL-ONLY]
         x1/ra: unexpected write 0x00203888 (cycle 33821)
         x13/a3: expected write missing, needed 0x00203888 (cycle 33821)
         0x0020088C (code): wrote 0x900080e7, expected 0x900680e7 (cycle 4886)
  [172] ✓ PRE_EXEC_REG_MOD @ step 3340: 2 failures, 4102ms, outcome: REJECTED, exit: 101 [proof:GENERATED] G=memory
       r=0.111  T_new=0.00 F_new=0.39 F_rare=0.68 U=0 Q=0.43 Q_l=0.51 Q_g=0.85 dl=2 dg=1
       Value: 0x30A10A85 -> 0x85085428
       Register: x16 (a6), READ, strategy=next_read
       zkVM errors (1 lines):
         • [prover_impl.rs:280] verify segment (internal proof verification failed)
       Local constraints hit (2 unique):
         - IsRead@mem.zir:79
           cycle=20142, step=3340, pc=0x00203440, major=0, minor=7
         - IsRead@mem.zir:80
           cycle=20142, step=3340, pc=0x00203440, major=0, minor=7
       Global: memory permutation violated
         x16/a6: wrote 0x85085428, expected 0x30a10a85 (cycle 40284)
  [173] ✓ INSTR_TYPE_MOD @ step 3055: 3 failures, 4191ms, outcome: REJECTED, exit: 101 [proof:GENERATED] G=memory|cycle
       r=0.071  T_new=0.00 F_new=0.86 F_rare=1.00 U=0 Q=0.16 Q_l=0.37 Q_g=0.43 dl=3 dg=5
       Value: 0x00060000 -> 0x00010002
       Original: Sb [major=6, minor=0]
       Mutated:  AndI [major=1, minor=2]
       zkVM errors (3 lines):
         • [prover_impl.rs:280] verify segment (internal proof verification failed)
         • [ffi.cpp:113] address mismatch at cycle 19783: preflight=0x0008854e, actual=0x3fffc021
         • [kernels/cxx/ffi.cpp:208] SKIP THROW: memory peek not in preflight
       Local constraints hit (3 unique):
         - MemoryWrite@mem.zir:99
           cycle=19783, step=3055, pc=0x00203218, major=1, minor=2
         - VerifyOpcodeF3@inst.zir:96
           cycle=19783, step=3055, pc=0x00203218, major=1, minor=2
         - VerifyOpcodeF3@inst.zir:97
           cycle=19783, step=3055, pc=0x00203218, major=1, minor=2
       Global: memory permutation violated
         x1/ra: expected write missing, needed 0x00000080 (cycle 39557)
         0x00221538 (code): unexpected write 0x00000080 (cycle 39557)
       Global: cycle lookup violated (3 indices broken)
         index 0: 2254 provides, 1 uses (imbalanced)
         index 8: 324 provides, 1 uses (imbalanced)
         index 9: 344 provides, 1 uses (imbalanced)
  [174] ✓ INSTR_TYPE_MOD @ step 3052: 3 failures, 4163ms, outcome: REJECTED, exit: 101 [proof:GENERATED] [+33 touch]
       r=0.228  T_new=0.61 F_new=0.78 F_rare=1.00 U=0 Q=0.37 Q_l=0.37 Q_g=1.00 dl=3 dg=0
       Value: 0x00000007 -> 0x0003000C
       Original: AddI [major=0, minor=7]
       Mutated:  Div [major=3, minor=12] ⚠INVALID
       zkVM errors (1 lines):
         • [prover_impl.rs:280] verify segment (internal proof verification failed)
       Local constraints hit (3 unique):
         - MemoryWrite@mem.zir:99
           cycle=19780, step=3052, pc=0x0020320C, major=3, minor=12
         - OneHot@one_hot.zir:11
           cycle=19780, step=3052, pc=0x0020320C, major=3, minor=12
         - OneHot@one_hot.zir:9
           cycle=19780, step=3052, pc=0x0020320C, major=3, minor=12
       Global: no permutation/lookup violations (local-only)
  [175] ✓ INSTR_TYPE_MOD @ step 1353: 8 failures, 4224ms, outcome: REJECTED, exit: 101 [proof:GENERATED] G=memory|cycle
       r=0.012  T_new=0.00 F_new=0.63 F_rare=1.00 U=0 Q=0.03 Q_l=0.07 Q_g=0.43 dl=8 dg=5
       Value: 0x00000007 -> 0x00060002
       Original: AddI [major=0, minor=7]
       Mutated:  Sw [major=6, minor=2]
       zkVM errors (3 lines):
         • [prover_impl.rs:280] verify segment (internal proof verification failed)
         • [ffi.cpp:113] address mismatch at cycle 17997: preflight=0x3fffc02c, actual=0x00000002
         • [kernels/cxx/ffi.cpp:208] SKIP THROW: memory peek not in preflight
       Local constraints hit (8 unique):
         - AddrDecomposeBits@u32.zir:87
           cycle=17997, step=1353, pc=0x002184D0, major=6, minor=2
         - IsRead@mem.zir:79
           cycle=17997, step=1353, pc=0x002184D0, major=6, minor=2
         - MemoryWrite@mem.zir:100
           cycle=17997, step=1353, pc=0x002184D0, major=6, minor=2
         - MemoryWrite@mem.zir:99
           cycle=17997, step=1353, pc=0x002184D0, major=6, minor=2
         - OpSW@inst_mem.zir:160
           cycle=17997, step=1353, pc=0x002184D0, major=6, minor=2
         - OpSW@inst_mem.zir:161
           cycle=17997, step=1353, pc=0x002184D0, major=6, minor=2
         - VerifyOpcodeF3@inst.zir:96
           cycle=17997, step=1353, pc=0x002184D0, major=6, minor=2
         - VerifyOpcodeF3@inst.zir:97
           cycle=17997, step=1353, pc=0x002184D0, major=6, minor=2
       Global: memory permutation violated
         0x00000008 (data): expected write missing, needed 0x00150513 (cycle 35982)
         x12/a2: unexpected write 0x0000001f (cycle 35994)
       Global: cycle lookup violated (3 indices broken)
         index 0: 2254 provides, 1 uses (imbalanced)
         index 12: 190 provides, 1 uses (imbalanced)
         index 2013265920: orphan provide (1 entries, no matching use)
  [176] ✓ INSTR_TYPE_MOD @ step 2154: 4 failures, 4185ms, outcome: REJECTED, exit: 101 [proof:GENERATED] G=memory|cycle
       r=0.051  T_new=0.00 F_new=0.86 F_rare=1.00 U=0 Q=0.11 Q_l=0.26 Q_g=0.43 dl=4 dg=5
       Value: 0x00060002 -> 0x00000002
       Original: Sw [major=6, minor=2]
       Mutated:  Xor [major=0, minor=2]
       zkVM errors (3 lines):
         • [prover_impl.rs:280] verify segment (internal proof verification failed)
         • [ffi.cpp:113] address mismatch at cycle 18808: preflight=0x00088526, actual=0x3fffc030
         • [kernels/cxx/ffi.cpp:208] SKIP THROW: memory peek not in preflight
       Local constraints hit (4 unique):
         - MemoryWrite@mem.zir:100
           cycle=18808, step=2154, pc=0x0020256C, major=0, minor=2
         - MemoryWrite@mem.zir:99
           cycle=18808, step=2154, pc=0x0020256C, major=0, minor=2
         - VerifyOpcodeF3F7@inst.zir:102
           cycle=18808, step=2154, pc=0x0020256C, major=0, minor=2
         - VerifyOpcodeF3F7@inst.zir:103
           cycle=18808, step=2154, pc=0x0020256C, major=0, minor=2
       Global: memory permutation violated
         x16/a6: expected write missing, needed 0x00000000 (cycle 29358)
         0x00221498 (code): unexpected write 0x00000000 (cycle 29358)
       Global: cycle lookup violated (3 indices broken)
         index 0: 2254 provides, 1 uses (imbalanced)
         index 8257: orphan use (1 entries, no matching provide)
         index 8258: 1 provides, 1 uses (imbalanced)
  [177] ✓ MEM_VAL_MOD @ step 798: 1 failures, 4113ms, outcome: REJECTED, exit: 101 [proof:GENERATED] G=memory
       r=0.153  T_new=0.00 F_new=0.39 F_rare=0.66 U=0 Q=0.61 Q_l=0.72 Q_g=0.85 dl=1 dg=1
       Value: 0x00000001 -> 0xFFFF0001
       Transaction: store_rmw_read (READ) at address 0x00200358
       zkVM errors (1 lines):
         • [prover_impl.rs:280] verify segment (internal proof verification failed)
       Local constraints hit (1 unique):
         - IsRead@mem.zir:80
           cycle=17419, step=798, pc=0x00203194, major=6, minor=2
       Global: memory permutation violated
         0x00200358 (data): wrote 0xffff0001, expected 0x00000001 (cycle 34838)
  [178] ✓ INSTR_TYPE_MOD @ step 2183: 5 failures, 4147ms, outcome: REJECTED, exit: 101 [proof:GENERATED] G=memory
       r=0.057  T_new=0.00 F_new=0.78 F_rare=1.00 U=0 Q=0.14 Q_l=0.19 Q_g=0.72 dl=5 dg=2
       Value: 0x00050002 -> 0x00000000
       Original: Lw [major=5, minor=2]
       Mutated:  Add [major=0, minor=0]
       zkVM errors (3 lines):
         • [prover_impl.rs:280] verify segment (internal proof verification failed)
         • [ffi.cpp:113] address mismatch at cycle 18837: preflight=0x0008006b, actual=0x3fffc02c
         • [kernels/cxx/ffi.cpp:208] SKIP THROW: memory peek not in preflight
       Local constraints hit (5 unique):
         - MemoryWrite@mem.zir:100
           cycle=18837, step=2183, pc=0x00204194, major=0, minor=0
         - MemoryWrite@mem.zir:99
           cycle=18837, step=2183, pc=0x00204194, major=0, minor=0
         - VerifyOpcodeF3F7@inst.zir:102
           cycle=18837, step=2183, pc=0x00204194, major=0, minor=0
         - VerifyOpcodeF3F7@inst.zir:103
           cycle=18837, step=2183, pc=0x00204194, major=0, minor=0
         - VerifyOpcodeF3F7@inst.zir:104
           cycle=18837, step=2183, pc=0x00204194, major=0, minor=0
       Global: memory permutation violated
         0x002001AC (data): unexpected write 0x00000000 (cycle 36491)
         x12/a2: expected write missing, needed 0x00000000 (cycle 36491)
  [179] ✓ INSTR_TYPE_MOD @ step 3651: 3 failures, 4176ms, outcome: REJECTED, exit: 101 [proof:GENERATED] G=memory
       r=0.036  T_new=0.00 F_new=1.00 F_rare=1.00 U=0 Q=0.07 Q_l=0.37 Q_g=0.19 dl=3 dg=10
       Value: 0x00000007 -> 0x00020007
       Original: AddI [major=0, minor=7]
       Mutated:  Unknown(2,7) [major=2, minor=7] ⚠INVALID
       zkVM errors (3 lines):
         • [prover_impl.rs:280] verify segment (internal proof verification failed)
         • [ffi.cpp:113] address mismatch at cycle 20527: preflight=0x3fffc02b, actual=0x3fffc060
         • [kernels/cxx/ffi.cpp:208] SKIP THROW: memory peek not in preflight
       Local constraints hit (2 unique):
         - MemoryWrite@mem.zir:99 (x2)
           cycle=20527, step=3651, pc=0x00203418, major=2, minor=7
         - VerifyOpcodeF3F7@inst.zir:102
           cycle=20527, step=3651, pc=0x00203418, major=2, minor=7
       Global: memory permutation violated (34 addrs: 1 register, 32 code, 1 data)
         x11/a1: unexpected write 0x00000010 (cycle 41052)
         0xFFFF0180 (data): expected write missing, needed 0x00000010 (cycle 41052)
         + 32 code addresses diverged (instruction fetch cascade)
  [180] ✓ INSTR_TYPE_MOD @ step 732: 4 failures, 4169ms, outcome: REJECTED, exit: 101 [proof:GENERATED]
       r=0.055  T_new=0.00 F_new=0.00 F_rare=0.71 U=0 Q=0.26 Q_l=0.26 Q_g=1.00 dl=4 dg=0
       Value: 0x00000007 -> 0x00030004
       Original: AddI [major=0, minor=7]
       Mutated:  MulHSU [major=3, minor=4]
       zkVM errors (1 lines):
         • [prover_impl.rs:280] verify segment (internal proof verification failed)
       Local constraints hit (4 unique):
         - MemoryWrite@mem.zir:99
           cycle=17347, step=732, pc=0x0020613C, major=3, minor=4
         - VerifyOpcodeF3F7@inst.zir:102
           cycle=17347, step=732, pc=0x0020613C, major=3, minor=4
         - VerifyOpcodeF3F7@inst.zir:103
           cycle=17347, step=732, pc=0x0020613C, major=3, minor=4
         - VerifyOpcodeF3F7@inst.zir:104
           cycle=17347, step=732, pc=0x0020613C, major=3, minor=4
       Global: no permutation/lookup violations (local-only)
  [181] ✓ INSTR_TYPE_MOD @ step 2368: 1 failures, 4118ms, outcome: REJECTED, exit: 101 [proof:GENERATED]
       r=0.087  T_new=0.00 F_new=0.00 F_rare=0.50 U=0 Q=0.72 Q_l=0.72 Q_g=1.00 dl=1 dg=0
       Value: 0x00060002 -> 0x00060000
       Original: Sw [major=6, minor=2]
       Mutated:  Sb [major=6, minor=0]
       zkVM errors (1 lines):
         • [prover_impl.rs:280] verify segment (internal proof verification failed)
       Local constraints hit (1 unique):
         - VerifyOpcodeF3@inst.zir:97
           cycle=19022, step=2368, pc=0x00203298, major=6, minor=0
       Global: no permutation/lookup violations (local-only)
  [182] ✓ LOAD_VAL_MOD @ step 2006: 2 failures, 4160ms, outcome: REJECTED, exit: 101 [proof:GENERATED] G=memory
       r=0.116  T_new=0.00 F_new=0.39 F_rare=0.72 U=0 Q=0.43 Q_l=0.51 Q_g=0.85 dl=2 dg=1
       Value: 0x00000041 -> 0xDC00C35D
       Load destination: rd = x13 (a3)
       zkVM errors (1 lines):
         • [prover_impl.rs:280] verify segment (internal proof verification failed)
       Local constraints hit (2 unique):
         - MemoryWrite@mem.zir:100
           cycle=18655, step=2006, pc=0x002184C0, major=5, minor=3
         - MemoryWrite@mem.zir:99
           cycle=18655, step=2006, pc=0x002184C0, major=5, minor=3
       Global: memory permutation violated
         x13/a3: wrote 0xdc00c35d, expected 0x00000041 (cycle 37311)
  [183] ✓ INSTR_TYPE_MOD @ step 3476: 6 failures, 4314ms, outcome: REJECTED, exit: 101 [proof:GENERATED] [+2 touch] G=memory|cycle
       r=0.029  T_new=0.06 F_new=0.92 F_rare=1.00 U=0 Q=0.06 Q_l=0.14 Q_g=0.43 dl=6 dg=5
       Value: 0x00020006 -> 0x00060001
       Original: Auipc [major=2, minor=6]
       Mutated:  Sh [major=6, minor=1]
       zkVM errors (3 lines):
         • [prover_impl.rs:280] verify segment (internal proof verification failed)
         • [ffi.cpp:113] address mismatch at cycle 20278: preflight=0x3fffc021, actual=0x00000000
         • [kernels/cxx/ffi.cpp:208] SKIP THROW: memory peek not in preflight
       Local constraints hit (6 unique):
         - AddrDecomposeBits@u32.zir:87
           cycle=20278, step=3476, pc=0x0020539C, major=6, minor=1
         - IsRead@mem.zir:79
           cycle=20278, step=3476, pc=0x0020539C, major=6, minor=1
         - MemoryWrite@mem.zir:100
           cycle=20278, step=3476, pc=0x0020539C, major=6, minor=1
         - MemoryWrite@mem.zir:99
           cycle=20278, step=3476, pc=0x0020539C, major=6, minor=1
         - OpSH@inst_mem.zir:148
           cycle=20278, step=3476, pc=0x0020539C, major=6, minor=1
         - VerifyOpcodeF3@inst.zir:96
           cycle=20278, step=3476, pc=0x0020539C, major=6, minor=1
       Global: memory permutation violated
         0x00000000 (data): expected write missing, needed 0xa54080e7 (cycle 39252)
         x1/ra: unexpected write 0x00205390 (cycle 40550)
       Global: cycle lookup violated (3 indices broken)
         index 5: 350 provides, 1 uses (imbalanced)
         index 6: 413 provides, 1 uses (imbalanced)
         index 1304: 1 provides, 1 uses (imbalanced)
  [184] ✓ INSTR_TYPE_MOD @ step 450: 5 failures, 4276ms, outcome: REJECTED, exit: 101 [proof:GENERATED] G=memory|cycle
       r=0.035  T_new=0.00 F_new=0.78 F_rare=1.00 U=0 Q=0.08 Q_l=0.19 Q_g=0.43 dl=5 dg=5
       Value: 0x00000000 -> 0x00060000
       Original: Add [major=0, minor=0]
       Mutated:  Sb [major=6, minor=0]
       zkVM errors (3 lines):
         • [prover_impl.rs:280] verify segment (internal proof verification failed)
         • [ffi.cpp:113] address mismatch at cycle 17047: preflight=0x3fffc030, actual=0x00000005
         • [kernels/cxx/ffi.cpp:208] SKIP THROW: memory peek not in preflight
       Local constraints hit (5 unique):
         - AddrDecomposeBits@u32.zir:87
           cycle=17047, step=450, pc=0x00206178, major=6, minor=0
         - IsRead@mem.zir:79
           cycle=17047, step=450, pc=0x00206178, major=6, minor=0
         - MemoryWrite@mem.zir:100
           cycle=17047, step=450, pc=0x00206178, major=6, minor=0
         - MemoryWrite@mem.zir:99
           cycle=17047, step=450, pc=0x00206178, major=6, minor=0
         - VerifyOpcodeF3@inst.zir:96
           cycle=17047, step=450, pc=0x00206178, major=6, minor=0
       Global: memory permutation violated
         0x00000014 (data): expected write missing, needed 0x02e57663 (cycle 33928)
         x16/a6: unexpected write 0x00000000 (cycle 34094)
       Global: cycle lookup violated (3 indices broken)
         index 0: 2254 provides, 1 uses (imbalanced)
         index 166: 4 provides, 1 uses (imbalanced)
         index 2013265920: orphan provide (1 entries, no matching use)
  [185] ✓ INSTR_WORD_MOD_FULL @ step 3929: 1 failures, 4129ms, outcome: REJECTED, exit: 101 [proof:GENERATED] G=memory
       r=0.181  T_new=0.00 F_new=0.39 F_rare=0.85 U=0 Q=0.61 Q_l=0.72 Q_g=0.85 dl=1 dg=1
       Value: 0x00000073 -> 0x00000063
       Original: ECALL x0, x0, 0
       Mutated:  BEQ x0, x0, 0
       Format changed: I -> B
       zkVM errors (1 lines):
         • [prover_impl.rs:280] verify segment (internal proof verification failed)
       Local constraints hit (1 unique):
         - MachineECall@inst_ecall.zir:29
           cycle=20879, step=3929, pc=0xC00000F8, major=8, minor=0
       Global: memory permutation violated
         0xC00000F8 (data): wrote 0x00000073, expected 0x00000063 (cycle 30062)
  [186] ✓ INSTR_TYPE_MOD @ step 3442: 7 failures, 4182ms, outcome: REJECTED, exit: 101 [proof:GENERATED] G=memory
       r=0.009  T_new=0.00 F_new=0.99 F_rare=1.00 U=0 Q=0.02 Q_l=0.10 Q_g=0.19 dl=7 dg=10
       Value: 0x00000000 -> 0x00020003
       Original: Add [major=0, minor=0]
       Mutated:  Jal [major=2, minor=3]
       zkVM errors (3 lines):
         • [prover_impl.rs:280] verify segment (internal proof verification failed)
         • [ffi.cpp:113] address mismatch at cycle 20245: preflight=0x00081345, actual=0x000a7549
         • [kernels/cxx/buffers.h:43] SKIP THROW: Inconsistent set
       Local constraints hit (3 unique):
         - MemoryWrite@mem.zir:100 (x3)
           cycle=20244, step=3442, pc=0x00204D14, major=2, minor=3
         - MemoryWrite@mem.zir:99 (x3)
           cycle=20244, step=3442, pc=0x00204D14, major=2, minor=3
         - VerifyOpcode@inst.zir:91
           cycle=20244, step=3442, pc=0x00204D14, major=2, minor=3
       Global: memory permutation violated (12 addrs: 12 code)
         + 12 code addresses diverged (instruction fetch cascade)
  [187] ✓ INSTR_TYPE_MOD @ step 1429: 4 failures, 4242ms, outcome: REJECTED, exit: 101 [proof:GENERATED] G=memory|cycle
       r=0.044  T_new=0.00 F_new=0.63 F_rare=1.00 U=0 Q=0.11 Q_l=0.26 Q_g=0.43 dl=4 dg=5
       Value: 0x00000007 -> 0x00060000
       Original: AddI [major=0, minor=7]
       Mutated:  Sb [major=6, minor=0]
       zkVM errors (3 lines):
         • [prover_impl.rs:280] verify segment (internal proof verification failed)
         • [ffi.cpp:113] address mismatch at cycle 18073: preflight=0x3fffc02b, actual=0x000867a2
         • [kernels/cxx/ffi.cpp:208] SKIP THROW: memory peek not in preflight
       Local constraints hit (4 unique):
         - IsRead@mem.zir:79
           cycle=18073, step=1429, pc=0x002184CC, major=6, minor=0
         - MemoryWrite@mem.zir:100
           cycle=18073, step=1429, pc=0x002184CC, major=6, minor=0
         - MemoryWrite@mem.zir:99
           cycle=18073, step=1429, pc=0x002184CC, major=6, minor=0
         - VerifyOpcodeF3@inst.zir:96
           cycle=18073, step=1429, pc=0x002184CC, major=6, minor=0
       Global: memory permutation violated
         x11/a1: unexpected write 0x00219e80 (cycle 36146)
         0x00219E88 (code): expected write missing, needed 0xfff60613 (cycle 36134)
       Global: cycle lookup violated (3 indices broken)
         index 0: 2254 provides, 1 uses (imbalanced)
         index 12: 190 provides, 1 uses (imbalanced)
         index 2013265920: orphan provide (1 entries, no matching use)
  [188] ✓ INSTR_TYPE_MOD @ step 3175: 6 failures, 4181ms, outcome: REJECTED, exit: 101 [proof:GENERATED] [+2 touch] G=memory
       r=0.047  T_new=0.06 F_new=0.95 F_rare=1.00 U=0 Q=0.10 Q_l=0.14 Q_g=0.72 dl=6 dg=2
       Value: 0x00020006 -> 0x00020000
       Original: Auipc [major=2, minor=6]
       Mutated:  Bge [major=2, minor=0]
       zkVM errors (3 lines):
         • [prover_impl.rs:280] verify segment (internal proof verification failed)
         • [ffi.cpp:113] address mismatch at cycle 19977: preflight=0x3fffc026, actual=0x3fffc060
         • [kernels/cxx/ffi.cpp:208] SKIP THROW: memory peek not in preflight
       Local constraints hit (5 unique):
         - DecodeInst@inst.zir:29
           cycle=19978, step=3176, pc=0x00205E54, major=2, minor=4
         - MemoryWrite@mem.zir:100
           cycle=19977, step=3175, pc=0x0020584C, major=2, minor=0
         - MemoryWrite@mem.zir:99 (x2)
           cycle=19977, step=3175, pc=0x0020584C, major=2, minor=0
         - VerifyOpcodeF3@inst.zir:96
           cycle=19977, step=3175, pc=0x0020584C, major=2, minor=0
         - VerifyOpcodeF3@inst.zir:97
           cycle=19977, step=3175, pc=0x0020584C, major=2, minor=0
       Global: memory permutation violated
         x6/t1: unexpected write 0x17e32f5a (cycle 38946)
         0xFFFF0180 (data): expected write missing, needed 0x17e32f5a (cycle 38946)
  [189] ✓ PRE_EXEC_REG_MOD @ step 2010: 2 failures, 4105ms, outcome: REJECTED, exit: 101 [proof:GENERATED] G=memory
       r=0.110  T_new=0.00 F_new=0.39 F_rare=0.67 U=0 Q=0.43 Q_l=0.51 Q_g=0.85 dl=2 dg=1
       Value: 0x00000000 -> 0x9F47F9FB
       Register: x31 (t6), READ, strategy=next_read
       zkVM errors (1 lines):
         • [prover_impl.rs:280] verify segment (internal proof verification failed)
       Local constraints hit (2 unique):
         - IsRead@mem.zir:79
           cycle=18659, step=2010, pc=0x002184D0, major=0, minor=7
         - IsRead@mem.zir:80
           cycle=18659, step=2010, pc=0x002184D0, major=0, minor=7
       Global: memory permutation violated
         x31/t6: wrote 0x9f47f9fb, expected 0x00000000 (cycle 37318)
  [190] ✓ INSTR_TYPE_MOD @ step 1389: 4 failures, 4150ms, outcome: REJECTED, exit: 101 [proof:GENERATED]
       r=0.033  T_new=0.00 F_new=0.00 F_rare=0.51 U=0 Q=0.26 Q_l=0.26 Q_g=1.00 dl=4 dg=0
       Value: 0x00000007 -> 0x00000001
       Original: AddI [major=0, minor=7]
       Mutated:  Sub [major=0, minor=1]
       zkVM errors (1 lines):
         • [prover_impl.rs:280] verify segment (internal proof verification failed)
       Local constraints hit (4 unique):
         - MemoryWrite@mem.zir:100
           cycle=18033, step=1389, pc=0x002184D4, major=0, minor=1
         - MemoryWrite@mem.zir:99
           cycle=18033, step=1389, pc=0x002184D4, major=0, minor=1
         - VerifyOpcodeF3F7@inst.zir:102
           cycle=18033, step=1389, pc=0x002184D4, major=0, minor=1
         - VerifyOpcodeF3F7@inst.zir:104
           cycle=18033, step=1389, pc=0x002184D4, major=0, minor=1
       Global: no permutation/lookup violations (local-only)
  [191] ✓ LOAD_VAL_MOD @ step 1929: 2 failures, 4168ms, outcome: REJECTED, exit: 101 [proof:GENERATED] G=memory
       r=0.114  T_new=0.00 F_new=0.39 F_rare=0.70 U=0 Q=0.43 Q_l=0.51 Q_g=0.85 dl=2 dg=1
       Value: 0x00000052 -> 0x20000000
       Load destination: rd = x13 (a3)
       zkVM errors (1 lines):
         • [prover_impl.rs:280] verify segment (internal proof verification failed)
       Local constraints hit (2 unique):
         - MemoryWrite@mem.zir:100
           cycle=18578, step=1929, pc=0x002184C0, major=5, minor=3
         - MemoryWrite@mem.zir:99
           cycle=18578, step=1929, pc=0x002184C0, major=5, minor=3
       Global: memory permutation violated
         x13/a3: wrote 0x20000000, expected 0x00000052 (cycle 37157)
  [192] ✓ INSTR_TYPE_MOD @ step 2140: 4 failures, 4137ms, outcome: REJECTED, exit: 101 [proof:GENERATED] G=memory
       r=0.024  T_new=0.00 F_new=0.99 F_rare=1.00 U=0 Q=0.05 Q_l=0.26 Q_g=0.19 dl=4 dg=10
       Value: 0x00020004 -> 0x00010000
       Original: JalR [major=2, minor=4]
       Mutated:  XorI [major=1, minor=0]
       zkVM errors (3 lines):
         • [prover_impl.rs:280] verify segment (internal proof verification failed)
         • [ffi.cpp:113] address mismatch at cycle 18795: preflight=0x0008094d, actual=0x00081790
         • [kernels/cxx/buffers.h:43] SKIP THROW: Inconsistent set
       Local constraints hit (3 unique):
         - MemoryWrite@mem.zir:99 (x2)
           cycle=18794, step=2140, pc=0x00202534, major=1, minor=0
         - VerifyOpcodeF3@inst.zir:96
           cycle=18794, step=2140, pc=0x00202534, major=1, minor=0
         - VerifyOpcodeF3@inst.zir:97
           cycle=18794, step=2140, pc=0x00202534, major=1, minor=0
       Global: memory permutation violated (48 addrs: 48 code)
         + 48 code addresses diverged (instruction fetch cascade)
  [193] ✓ MEM_VAL_MOD @ step 2556: 2 failures, 4138ms, outcome: REJECTED, exit: 101 [proof:GENERATED] G=memory
       r=0.109  T_new=0.00 F_new=0.39 F_rare=0.66 U=0 Q=0.43 Q_l=0.51 Q_g=0.85 dl=2 dg=1
       Value: 0x00000000 -> 0x8041D300
       Transaction: store_rmw_read (READ) at address 0x002003a0
       zkVM errors (1 lines):
         • [prover_impl.rs:280] verify segment (internal proof verification failed)
       Local constraints hit (2 unique):
         - IsRead@mem.zir:79
           cycle=19284, step=2556, pc=0x002014DC, major=6, minor=2
         - IsRead@mem.zir:80
           cycle=19284, step=2556, pc=0x002014DC, major=6, minor=2
       Global: memory permutation violated
         0x002003A0 (data): wrote 0x8041d300, expected 0x00000000 (cycle 38568)
  [194] ✓ PRE_EXEC_REG_MOD @ step 3539: 4 failures, 4120ms, outcome: REJECTED, exit: 101 [proof:GENERATED] G=memory
       r=0.058  T_new=0.00 F_new=0.39 F_rare=0.69 U=0 Q=0.22 Q_l=0.26 Q_g=0.85 dl=4 dg=1
       Value: 0x00219E74 -> 0xFFDE618C
       Register: x11 (a1), READ, strategy=next_read
       zkVM errors (1 lines):
         • [prover_impl.rs:280] verify segment (internal proof verification failed)
       Local constraints hit (4 unique):
         - IsRead@mem.zir:79
           cycle=20341, step=3539, pc=0xC0000178, major=5, minor=2
         - IsRead@mem.zir:80
           cycle=20341, step=3539, pc=0xC0000178, major=5, minor=2
         - MemoryWrite@mem.zir:100
           cycle=20341, step=3539, pc=0xC0000178, major=5, minor=2
         - MemoryWrite@mem.zir:99
           cycle=20341, step=3539, pc=0xC0000178, major=5, minor=2
       Global: memory permutation violated
         x11/a1: wrote 0xffde618c, expected 0x00219e74 (cycle 40682)
  [195] ✓ INSTR_TYPE_MOD @ step 3261: 4 failures, 4124ms, outcome: REJECTED, exit: 101 [proof:GENERATED] G=memory
       r=0.073  T_new=0.00 F_new=0.63 F_rare=1.00 U=0 Q=0.19 Q_l=0.26 Q_g=0.72 dl=4 dg=2
       Value: 0x00000007 -> 0x00050002
       Original: AddI [major=0, minor=7]
       Mutated:  Lw [major=5, minor=2]
       zkVM errors (3 lines):
         • [prover_impl.rs:280] verify segment (internal proof verification failed)
         • [ffi.cpp:113] address mismatch at cycle 20063: preflight=0x3fffc020, actual=0x00080073
         • [kernels/cxx/ffi.cpp:208] SKIP THROW: memory peek not in preflight
       Local constraints hit (4 unique):
         - MemoryWrite@mem.zir:100
           cycle=20063, step=3261, pc=0x00203404, major=5, minor=2
         - MemoryWrite@mem.zir:99
           cycle=20063, step=3261, pc=0x00203404, major=5, minor=2
         - VerifyOpcodeF3@inst.zir:96
           cycle=20063, step=3261, pc=0x00203404, major=5, minor=2
         - VerifyOpcodeF3@inst.zir:97
           cycle=20063, step=3261, pc=0x00203404, major=5, minor=2
       Global: memory permutation violated
         0x002001CC (data): expected write missing, needed 0x00000000 (cycle 40124)
         x0/zero: unexpected write 0x00000000 (cycle 40124)
  [196] ✓ PRE_EXEC_REG_MOD @ step 399: 2 failures, 4229ms, outcome: REJECTED, exit: 101 [proof:GENERATED] G=memory
       r=0.109  T_new=0.00 F_new=0.39 F_rare=0.66 U=0 Q=0.43 Q_l=0.51 Q_g=0.85 dl=2 dg=1
       Value: 0x00200360 -> 0x00200364
       Register: x2 (sp), READ, strategy=next_read
       zkVM errors (1 lines):
         • [prover_impl.rs:280] verify segment (internal proof verification failed)
       Local constraints hit (2 unique):
         - IsRead@mem.zir:79
           cycle=16990, step=399, pc=0x002008B0, major=0, minor=7
         - MemoryWrite@mem.zir:99
           cycle=16990, step=399, pc=0x002008B0, major=0, minor=7
       Global: memory permutation violated
         x2/sp: wrote 0x00200364, expected 0x00200360 (cycle 33980)
  [197] ✓ MEM_VAL_MOD @ step 3408: 4 failures, 4116ms, outcome: REJECTED, exit: 101 [proof:GENERATED] G=memory
       r=0.057  T_new=0.00 F_new=0.39 F_rare=0.68 U=0 Q=0.22 Q_l=0.26 Q_g=0.85 dl=4 dg=1
       Value: 0x00000000 -> 0xE49E55C7
       Transaction: load_mem_read (READ) at address 0x002002ac
       zkVM errors (1 lines):
         • [prover_impl.rs:280] verify segment (internal proof verification failed)
       Local constraints hit (4 unique):
         - IsRead@mem.zir:79
           cycle=20210, step=3408, pc=0x0020341C, major=5, minor=2
         - IsRead@mem.zir:80
           cycle=20210, step=3408, pc=0x0020341C, major=5, minor=2
         - MemoryWrite@mem.zir:100
           cycle=20210, step=3408, pc=0x0020341C, major=5, minor=2
         - MemoryWrite@mem.zir:99
           cycle=20210, step=3408, pc=0x0020341C, major=5, minor=2
       Global: memory permutation violated
         0x002002AC (data): wrote 0xe49e55c7, expected 0x00000000 (cycle 40420)
  [198] ✓ INSTR_TYPE_MOD @ step 3386: 2 failures, 4161ms, outcome: REJECTED, exit: 101 [proof:GENERATED] G=memory
       r=0.163  T_new=0.00 F_new=0.86 F_rare=1.00 U=0 Q=0.37 Q_l=0.51 Q_g=0.72 dl=2 dg=2
       Value: 0x00010004 -> 0x00010005
       Original: SltIU [major=1, minor=4]
       Mutated:  Beq [major=1, minor=5]
       zkVM errors (3 lines):
         • [prover_impl.rs:280] verify segment (internal proof verification failed)
         • [ffi.cpp:113] address mismatch at cycle 20188: preflight=0x3fffc02e, actual=0x3fffc060
         • [kernels/cxx/ffi.cpp:208] SKIP THROW: memory peek not in preflight
       Local constraints hit (2 unique):
         - VerifyOpcodeF3@inst.zir:96
           cycle=20188, step=3386, pc=0x00203300, major=1, minor=5
         - VerifyOpcodeF3@inst.zir:97
           cycle=20188, step=3386, pc=0x00203300, major=1, minor=5
       Global: memory permutation violated
         x14/a4: unexpected write 0x0020029c (cycle 40307)
         0xFFFF0180 (data): expected write missing, needed 0x0020029c (cycle 40307)
  [199] ✓ INSTR_TYPE_MOD @ step 637: 2 failures, 4164ms, outcome: REJECTED, exit: 101 [proof:GENERATED]
       r=0.107  T_new=0.00 F_new=0.00 F_rare=0.71 U=0 Q=0.51 Q_l=0.51 Q_g=1.00 dl=2 dg=0
       Value: 0x00000007 -> 0x00000005
       Original: AddI [major=0, minor=7]
       Mutated:  Slt [major=0, minor=5]
       zkVM errors (1 lines):
         • [prover_impl.rs:280] verify segment (internal proof verification failed)
       Local constraints hit (2 unique):
         - VerifyOpcodeF3F7@inst.zir:102
           cycle=17246, step=637, pc=0x0020096C, major=0, minor=5
         - VerifyOpcodeF3F7@inst.zir:103
           cycle=17246, step=637, pc=0x0020096C, major=0, minor=5
       Global: no permutation/lookup violations (local-only)
  [200] ✓ INSTR_TYPE_MOD @ step 424: 4 failures, 4099ms, outcome: REJECTED, exit: 101 [proof:GENERATED]
       r=0.041  T_new=0.00 F_new=0.00 F_rare=0.64 U=0 Q=0.26 Q_l=0.26 Q_g=1.00 dl=4 dg=0
       Value: 0x00000007 -> 0x00000000
       Original: AddI [major=0, minor=7]
       Mutated:  Add [major=0, minor=0]
       zkVM errors (1 lines):
         • [prover_impl.rs:280] verify segment (internal proof verification failed)
       Local constraints hit (4 unique):
         - MemoryWrite@mem.zir:100
           cycle=17015, step=424, pc=0x00206150, major=0, minor=0
         - MemoryWrite@mem.zir:99
           cycle=17015, step=424, pc=0x00206150, major=0, minor=0
         - VerifyOpcodeF3F7@inst.zir:102
           cycle=17015, step=424, pc=0x00206150, major=0, minor=0
         - VerifyOpcodeF3F7@inst.zir:104
           cycle=17015, step=424, pc=0x00206150, major=0, minor=0
       Global: no permutation/lookup violations (local-only)
  [201] ✓ INSTR_TYPE_MOD @ step 2590: 3 failures, 4142ms, outcome: REJECTED, exit: 101 [proof:GENERATED]
       r=0.068  T_new=0.00 F_new=0.00 F_rare=0.64 U=0 Q=0.37 Q_l=0.37 Q_g=1.00 dl=3 dg=0
       Value: 0x00050003 -> 0x00050001
       Original: LbU [major=5, minor=3]
       Mutated:  Lh [major=5, minor=1]
       zkVM errors (1 lines):
         • [prover_impl.rs:280] verify segment (internal proof verification failed)
       Local constraints hit (3 unique):
         - MemoryWrite@mem.zir:99
           cycle=19318, step=2590, pc=0x00201564, major=5, minor=1
         - OpLH@inst_mem.zir:98
           cycle=19318, step=2590, pc=0x00201564, major=5, minor=1
         - VerifyOpcodeF3@inst.zir:97
           cycle=19318, step=2590, pc=0x00201564, major=5, minor=1
       Global: no permutation/lookup violations (local-only)
  [202] ✓ INSTR_TYPE_MOD @ step 3896: 2 failures, 4108ms, outcome: REJECTED, exit: 101 [proof:GENERATED] [+47 touch] G=memory
       r=0.247  T_new=0.74 F_new=0.86 F_rare=1.00 U=0 Q=0.37 Q_l=0.51 Q_g=0.72 dl=2 dg=2
       Value: 0x00020000 -> 0x00040005
       Original: Bge [major=2, minor=0]
       Mutated:  DivU [major=4, minor=5]
       zkVM errors (3 lines):
         • [prover_impl.rs:280] verify segment (internal proof verification failed)
         • [ffi.cpp:113] address mismatch at cycle 20846: preflight=0x3fffc040, actual=0x3fffc010
         • [kernels/cxx/ffi.cpp:208] SKIP THROW: memory peek not in preflight
       Local constraints hit (2 unique):
         - VerifyOpcodeF3F7@inst.zir:102
           cycle=20846, step=3896, pc=0xC0000078, major=4, minor=5
         - VerifyOpcodeF3F7@inst.zir:104
           cycle=20846, step=3896, pc=0xC0000078, major=4, minor=5
       Global: memory permutation violated
         0xFFFF0040 (data): expected write missing, needed 0xc0000598 (cycle 41515)
         0xFFFF0100 (data): unexpected write 0xc0000598 (cycle 41515)
  [203] ✓ INSTR_WORD_MOD_SUR @ step 369: 0 failures, 4142ms, outcome: REJECTED, exit: 101 [proof:GENERATED] G=memory[GO]
       r=0.256  T_new=0.00 F_new=0.78 F_rare=1.00 U=0 Q=0.61 Q_l=1.00 Q_g=0.61 dl=0 dg=3
       Value: 0x02820593 -> 0x02830593
       Surgical: rs1 = 4 -> 6
       Original: ADDI x11, x4, 40
       Mutated:  ADDI x11, x6, 40
       zkVM errors (3 lines):
         • [prover_impl.rs:280] verify segment (internal proof verification failed)
         • [ffi.cpp:113] address mismatch at cycle 16957: preflight=0x3fffc004, actual=0x3fffc006
         • [kernels/cxx/ffi.cpp:208] SKIP THROW: memory peek not in preflight
       Global: memory permutation violated [GLOBAL-ONLY]
         0xC0000154 (data): wrote 0x02820593, expected 0x02830593 (cycle 33744)
         0xFFFF0010 (data): unexpected write 0xffff0080 (cycle 33900)
         0xFFFF0018 (data): expected write missing, needed 0xffff0080 (cycle 33900)
  [204] ✓ INSTR_TYPE_MOD @ step 908: 5 failures, 4204ms, outcome: REJECTED, exit: 101 [proof:GENERATED] G=memory
       r=0.018  T_new=0.00 F_new=1.00 F_rare=1.00 U=0 Q=0.04 Q_l=0.19 Q_g=0.19 dl=5 dg=10
       Value: 0x00020003 -> 0x00030004
       Original: Jal [major=2, minor=3]
       Mutated:  MulHSU [major=3, minor=4]
       zkVM errors (3 lines):
         • [prover_impl.rs:280] verify segment (internal proof verification failed)
         • [ffi.cpp:113] address mismatch at cycle 17536: preflight=0x3000004d, actual=0x30000017
         • [kernels/cxx/buffers.h:43] SKIP THROW: Inconsistent set
       Local constraints hit (5 unique):
         - MemoryWrite@mem.zir:100
           cycle=17535, step=908, pc=0xC0000134, major=3, minor=4
         - MemoryWrite@mem.zir:99
           cycle=17535, step=908, pc=0xC0000134, major=3, minor=4
         - VerifyOpcodeF3F7@inst.zir:102
           cycle=17535, step=908, pc=0xC0000134, major=3, minor=4
         - VerifyOpcodeF3F7@inst.zir:103
           cycle=17535, step=908, pc=0xC0000134, major=3, minor=4
         - VerifyOpcodeF3F7@inst.zir:104
           cycle=17535, step=908, pc=0xC0000134, major=3, minor=4
       Global: memory permutation violated (24 addrs: 24 data)
         0xC000005C (data): expected write missing, needed 0x00100893 (cycle 34904)
         0xC0000060 (data): expected write missing, needed 0x03022503 (cycle 34906)
         0xC0000064 (data): expected write missing, needed 0x02822583 (cycle 34908)
         + 21 more addresses
  [205] ✓ INSTR_WORD_MOD_SUR @ step 1665: 1 failures, 4217ms, outcome: REJECTED, exit: 101 [proof:GENERATED] G=memory
       r=0.159  T_new=0.00 F_new=0.39 F_rare=0.70 U=0 Q=0.61 Q_l=0.72 Q_g=0.85 dl=1 dg=1
       Value: 0x00812C23 -> 0x00812C67
       Surgical: opcode = 35 -> 103
       Original: SW x8, 24(x2)
       Mutated:  JALR x24, x2, 8
       zkVM errors (1 lines):
         • [prover_impl.rs:280] verify segment (internal proof verification failed)
       Local constraints hit (1 unique):
         - VerifyOpcodeF3@inst.zir:96
           cycle=18309, step=1665, pc=0x002096BC, major=6, minor=2
       Global: memory permutation violated
         0x002096B8 (code): wrote 0x00812c23, expected 0x00812c67 (cycle 20682)
  [206] ✓ INSTR_TYPE_MOD @ step 459: 5 failures, 4157ms, outcome: REJECTED, exit: 101 [proof:GENERATED] G=memory
       r=0.018  T_new=0.00 F_new=1.00 F_rare=1.00 U=0 Q=0.04 Q_l=0.19 Q_g=0.19 dl=5 dg=10
       Value: 0x00020004 -> 0x0003000C
       Original: JalR [major=2, minor=4]
       Mutated:  Div [major=3, minor=12] ⚠INVALID
       zkVM errors (3 lines):
         • [prover_impl.rs:280] verify segment (internal proof verification failed)
         • [ffi.cpp:113] address mismatch at cycle 17057: preflight=0x00080c6e, actual=0x00081871
         • [kernels/cxx/buffers.h:43] SKIP THROW: Inconsistent set
       Local constraints hit (4 unique):
         - MemoryWrite@mem.zir:100
           cycle=17056, step=459, pc=0x002031B8, major=3, minor=12
         - MemoryWrite@mem.zir:99 (x2)
           cycle=17056, step=459, pc=0x002031B8, major=3, minor=12
         - OneHot@one_hot.zir:11
           cycle=17056, step=459, pc=0x002031B8, major=3, minor=12
         - OneHot@one_hot.zir:9
           cycle=17056, step=459, pc=0x002031B8, major=3, minor=12
       Global: memory permutation violated (20 addrs: 20 code)
         + 20 code addresses diverged (instruction fetch cascade)
  [207] ✓ INSTR_WORD_MOD_FULL @ step 1755: 1 failures, 4114ms, outcome: REJECTED, exit: 101 [proof:GENERATED] G=memory
       r=0.180  T_new=0.00 F_new=0.39 F_rare=0.85 U=0 Q=0.61 Q_l=0.72 Q_g=0.85 dl=1 dg=1
       Value: 0x00150513 -> 0x00150533
       Original: ADDI x10, x10, 1
       Mutated:  ADD x10, x10, x1
       Format changed: I -> R
       zkVM errors (1 lines):
         • [prover_impl.rs:280] verify segment (internal proof verification failed)
       Local constraints hit (1 unique):
         - VerifyOpcodeF3@inst.zir:96
           cycle=18399, step=1755, pc=0x002184D4, major=0, minor=7
       Global: memory permutation violated
         0x002184D0 (code): wrote 0x00150513, expected 0x00150533 (cycle 36784)
  [208] ✓ INSTR_TYPE_MOD @ step 1448: 3 failures, 4162ms, outcome: REJECTED, exit: 101 [proof:GENERATED]
       r=0.077  T_new=0.00 F_new=0.00 F_rare=0.71 U=0 Q=0.37 Q_l=0.37 Q_g=1.00 dl=3 dg=0
       Value: 0x00050003 -> 0x0005000C
       Original: LbU [major=5, minor=3]
       Mutated:  Unknown(5,12) [major=5, minor=12] ⚠INVALID
       zkVM errors (1 lines):
         • [prover_impl.rs:280] verify segment (internal proof verification failed)
       Local constraints hit (3 unique):
         - MemoryWrite@mem.zir:99
           cycle=18092, step=1448, pc=0x002184C4, major=5, minor=12
         - OneHot@one_hot.zir:11
           cycle=18092, step=1448, pc=0x002184C4, major=5, minor=12
         - OneHot@one_hot.zir:9
           cycle=18092, step=1448, pc=0x002184C4, major=5, minor=12
       Global: no permutation/lookup violations (local-only)
  [209] ✓ INSTR_TYPE_MOD @ step 967: 4 failures, 4152ms, outcome: REJECTED, exit: 101 [proof:GENERATED] [+49 touch] G=memory
       r=0.131  T_new=0.75 F_new=0.95 F_rare=1.00 U=0 Q=0.19 Q_l=0.26 Q_g=0.72 dl=4 dg=2
       Value: 0x00010005 -> 0x00040003
       Original: Beq [major=1, minor=5]
       Mutated:  SraI [major=4, minor=3]
       zkVM errors (3 lines):
         • [prover_impl.rs:280] verify segment (internal proof verification failed)
         • [ffi.cpp:113] address mismatch at cycle 17600: preflight=0x3fffc060, actual=0x3fffc030
         • [kernels/cxx/ffi.cpp:208] SKIP THROW: memory peek not in preflight
       Local constraints hit (4 unique):
         - MemoryWrite@mem.zir:99
           cycle=17600, step=967, pc=0x00206138, major=4, minor=3
         - VerifyOpcodeF3F7@inst.zir:102
           cycle=17600, step=967, pc=0x00206138, major=4, minor=3
         - VerifyOpcodeF3F7@inst.zir:103
           cycle=17600, step=967, pc=0x00206138, major=4, minor=3
         - VerifyOpcodeF3F7@inst.zir:104
           cycle=17600, step=967, pc=0x00206138, major=4, minor=3
       Global: memory permutation violated
         x16/a6: expected write missing, needed 0x00000000 (cycle 35157)
         0xFFFF0180 (data): unexpected write 0x00000000 (cycle 35157)
  [210] ✓ COMP_OUT_MOD @ step 2346: 2 failures, 4161ms, outcome: REJECTED, exit: 101 [proof:GENERATED] G=memory
       r=0.119  T_new=0.00 F_new=0.39 F_rare=0.75 U=0 Q=0.43 Q_l=0.51 Q_g=0.85 dl=2 dg=1
       Value: 0xFFDFFCF3 -> 0x0220038C
       Destination: rd = x13 (a3)
       zkVM errors (1 lines):
         • [prover_impl.rs:280] verify segment (internal proof verification failed)
       Local constraints hit (2 unique):
         - MemoryWrite@mem.zir:100
           cycle=19000, step=2346, pc=0x00203240, major=0, minor=1
         - MemoryWrite@mem.zir:99
           cycle=19000, step=2346, pc=0x00203240, major=0, minor=1
       Global: memory permutation violated
         x13/a3: wrote 0x0220038c, expected 0xffdffcf3 (cycle 38001)
  [211] ✓ INSTR_TYPE_MOD @ step 1233: 5 failures, 4169ms, outcome: REJECTED, exit: 101 [proof:GENERATED] G=memory
       r=0.017  T_new=0.00 F_new=0.99 F_rare=1.00 U=0 Q=0.04 Q_l=0.19 Q_g=0.19 dl=5 dg=10
       Value: 0x00020004 -> 0x00000001
       Original: JalR [major=2, minor=4]
       Mutated:  Sub [major=0, minor=1]
       zkVM errors (3 lines):
         • [prover_impl.rs:280] verify segment (internal proof verification failed)
         • [ffi.cpp:113] address mismatch at cycle 17878: preflight=0x00080482, actual=0x00080fe5
         • [kernels/cxx/buffers.h:43] SKIP THROW: Inconsistent set
       Local constraints hit (3 unique):
         - MemoryWrite@mem.zir:99 (x3)
           cycle=17877, step=1233, pc=0x00201208, major=0, minor=1
         - VerifyOpcodeF3F7@inst.zir:102
           cycle=17877, step=1233, pc=0x00201208, major=0, minor=1
         - VerifyOpcodeF3F7@inst.zir:104
           cycle=17877, step=1233, pc=0x00201208, major=0, minor=1
       Global: memory permutation violated (46 addrs: 46 code)
         + 46 code addresses diverged (instruction fetch cascade)
  [212] ✓ INSTR_WORD_MOD_SUR @ step 672: 1 failures, 4149ms, outcome: REJECTED, exit: 101 [proof:GENERATED] G=memory
       r=0.180  T_new=0.00 F_new=0.39 F_rare=0.85 U=0 Q=0.61 Q_l=0.72 Q_g=0.85 dl=1 dg=1
       Value: 0x00251513 -> 0x00251503
       Surgical: opcode = 19 -> 3
       Original: SLLI x10, x10, 2
       Mutated:  LH x10, 2(x10)
       zkVM errors (1 lines):
         • [prover_impl.rs:280] verify segment (internal proof verification failed)
       Local constraints hit (1 unique):
         - VerifyOpcodeF3F7@inst.zir:102
           cycle=17281, step=672, pc=0xC000007C, major=3, minor=1
       Global: memory permutation violated
         0xC0000078 (data): wrote 0x00251513, expected 0x00251503 (cycle 34394)
  [213] ✓ MEM_VAL_MOD @ step 2826: 2 failures, 4176ms, outcome: REJECTED, exit: 101 [proof:GENERATED] G=memory
       r=0.109  T_new=0.00 F_new=0.39 F_rare=0.65 U=0 Q=0.43 Q_l=0.51 Q_g=0.85 dl=2 dg=1
       Value: 0x00000000 -> 0x40241000
       Transaction: store_rmw_read (READ) at address 0x002002a0
       zkVM errors (1 lines):
         • [prover_impl.rs:280] verify segment (internal proof verification failed)
       Local constraints hit (2 unique):
         - IsRead@mem.zir:79
           cycle=19554, step=2826, pc=0x00203B98, major=6, minor=2
         - IsRead@mem.zir:80
           cycle=19554, step=2826, pc=0x00203B98, major=6, minor=2
       Global: memory permutation violated
         0x002002A0 (data): wrote 0x40241000, expected 0x00000000 (cycle 39108)
  [214] ✓ INSTR_TYPE_MOD @ step 601: 3 failures, 4113ms, outcome: REJECTED, exit: 101 [proof:GENERATED] G=memory
       r=0.109  T_new=0.00 F_new=0.63 F_rare=1.00 U=0 Q=0.26 Q_l=0.37 Q_g=0.72 dl=3 dg=2
       Value: 0x00050002 -> 0x00030004
       Original: Lw [major=5, minor=2]
       Mutated:  MulHSU [major=3, minor=4]
       zkVM errors (3 lines):
         • [prover_impl.rs:280] verify segment (internal proof verification failed)
         • [ffi.cpp:113] address mismatch at cycle 17204: preflight=0x3fffc02b, actual=0x3fffc00c
         • [kernels/cxx/ffi.cpp:208] SKIP THROW: memory peek not in preflight
       Local constraints hit (3 unique):
         - MemoryWrite@mem.zir:100
           cycle=17204, step=601, pc=0xC0000144, major=3, minor=4
         - MemoryWrite@mem.zir:99
           cycle=17204, step=601, pc=0xC0000144, major=3, minor=4
         - VerifyOpcodeF3F7@inst.zir:102
           cycle=17204, step=601, pc=0xC0000144, major=3, minor=4
       Global: memory permutation violated
         0xFFFF0030 (data): expected write missing, needed 0x00000001 (cycle 34383)
         x11/a1: unexpected write 0x00000001 (cycle 34383)
  [215] ✓ INSTR_TYPE_MOD @ step 888: 4 failures, 4145ms, outcome: REJECTED, exit: 101 [proof:GENERATED] G=memory
       r=0.073  T_new=0.00 F_new=0.63 F_rare=1.00 U=0 Q=0.19 Q_l=0.26 Q_g=0.72 dl=4 dg=2
       Value: 0x00000007 -> 0x00050003
       Original: AddI [major=0, minor=7]
       Mutated:  LbU [major=5, minor=3]
       zkVM errors (3 lines):
         • [prover_impl.rs:280] verify segment (internal proof verification failed)
         • [ffi.cpp:113] address mismatch at cycle 17515: preflight=0x3fffc020, actual=0x00000000
         • [kernels/cxx/ffi.cpp:208] SKIP THROW: memory peek not in preflight
       Local constraints hit (4 unique):
         - AddrDecomposeBits@u32.zir:87
           cycle=17515, step=888, pc=0x0020613C, major=5, minor=3
         - MemoryWrite@mem.zir:99
           cycle=17515, step=888, pc=0x0020613C, major=5, minor=3
         - VerifyOpcodeF3@inst.zir:96
           cycle=17515, step=888, pc=0x0020613C, major=5, minor=3
         - VerifyOpcodeF3@inst.zir:97
           cycle=17515, step=888, pc=0x0020613C, major=5, minor=3
       Global: memory permutation violated
         0x00000000 (data): expected write missing, needed 0x00000000 (cycle 35028)
         x0/zero: unexpected write 0x00000000 (cycle 35028)
  [216] ✓ INSTR_TYPE_MOD @ step 3902: 33 failures, 4124ms, outcome: REJECTED, exit: 101 [proof:GENERATED] [+1 new] G=memory
       r=0.001  T_new=0.00 F_new=1.00 F_rare=1.00 U=0 Q=0.00 Q_l=0.01 Q_g=0.19 dl=14 dg=10
       Value: 0x00020005 -> 0x00020000
       Original: Lui [major=2, minor=5]
       Mutated:  Bge [major=2, minor=0]
       zkVM errors (3 lines):
         • [prover_impl.rs:280] verify segment (internal proof verification failed)
         • [ffi.cpp:113] address mismatch at cycle 20852: preflight=0x3fffc006, actual=0x3fffc040
         • [kernels/cxx/ffi.cpp:208] SKIP THROW: memory peek not in preflight
       Local constraints hit (6 unique):
         - DecodeInst@inst.zir:29 (x26)
           cycle=20853, step=3903, pc=0xC0000094, major=0, minor=7
         - ECall0@inst_ecall.zir:203 (x2)
           cycle=20879, step=3929, pc=0xC00000F8, major=8, minor=0
         - MemoryWrite@mem.zir:100 (x2)
           cycle=20852, step=3902, pc=0xC0000090, major=2, minor=0
         - MemoryWrite@mem.zir:99
           cycle=20881, step=3929, pc=0x00000000, major=7, minor=4
         - VerifyOpcodeF3@inst.zir:96
           cycle=20852, step=3902, pc=0xC0000090, major=2, minor=0
         - VerifyOpcodeF3@inst.zir:97
           cycle=20852, step=3902, pc=0xC0000090, major=2, minor=0
       Global: memory permutation violated (56 addrs: 56 data)
         0xBFFFF870 (data): expected write missing, needed 0x24030313 (cycle 30002)
         0xBFFFF874 (data): expected write missing, needed 0x0002a383 (cycle 30002)
         0xBFFFF878 (data): expected write missing, needed 0x00732023 (cycle 30002)
         + 53 more addresses
  [217] ✓ INSTR_TYPE_MOD @ step 2033: 2 failures, 4140ms, outcome: REJECTED, exit: 101 [proof:GENERATED]
       r=0.107  T_new=0.00 F_new=0.00 F_rare=0.71 U=0 Q=0.51 Q_l=0.51 Q_g=1.00 dl=2 dg=0
       Value: 0x00000007 -> 0x00040003
       Original: AddI [major=0, minor=7]
       Mutated:  SraI [major=4, minor=3]
       zkVM errors (1 lines):
         • [prover_impl.rs:280] verify segment (internal proof verification failed)
       Local constraints hit (2 unique):
         - VerifyOpcodeF3F7@inst.zir:103
           cycle=18682, step=2033, pc=0x00205FE4, major=4, minor=3
         - VerifyOpcodeF3F7@inst.zir:104
           cycle=18682, step=2033, pc=0x00205FE4, major=4, minor=3
       Global: no permutation/lookup violations (local-only)
  [218] ✓ INSTR_TYPE_MOD @ step 3928: 4 failures, 4219ms, outcome: REJECTED, exit: 101 [proof:GENERATED] [+1 new] [+34 touch] G=memory|cycle
       r=0.077  T_new=0.62 F_new=0.99 F_rare=1.00 U=0 Q=0.11 Q_l=0.26 Q_g=0.43 dl=4 dg=5
       Value: 0x00000007 -> 0x00050007
       Original: AddI [major=0, minor=7]
       Mutated:  Unknown(5,7) [major=5, minor=7] ⚠INVALID
       zkVM errors (3 lines):
         • [prover_impl.rs:280] verify segment (internal proof verification failed)
         • [ffi.cpp:113] address mismatch at cycle 20878: preflight=0x3fffc011, actual=0x00000000
         • [kernels/cxx/ffi.cpp:208] SKIP THROW: memory peek not in preflight
       Local constraints hit (4 unique):
         - AddrDecomposeBits@u32.zir:87
           cycle=20878, step=3928, pc=0xC00000F8, major=5, minor=7
         - IllegalLoadOp@inst_mem.zir:40
           cycle=20878, step=3928, pc=0xC00000F8, major=5, minor=7
         - IsRead@mem.zir:79
           cycle=20878, step=3928, pc=0xC00000F8, major=5, minor=7
         - MemoryWrite@mem.zir:99
           cycle=20878, step=3928, pc=0xC00000F8, major=5, minor=7
       Global: memory permutation violated
         0x00000000 (data): expected write missing, needed 0x00000004 (cycle 41362)
         0xFFFF0044 (data): expected write missing, needed 0x00000073 (cycle 30062)
       Global: cycle lookup violated (3 indices broken)
         index 393: 2 provides, 1 uses (imbalanced)
         index 394: 1 provides, 1 uses (imbalanced)
         index 11694: 1 provides, 1 uses (imbalanced)
  [219] ✓ INSTR_TYPE_MOD @ step 1750: 5 failures, 4147ms, outcome: REJECTED, exit: 101 [proof:GENERATED] G=memory|cycle
       r=0.027  T_new=0.00 F_new=0.92 F_rare=1.00 U=0 Q=0.06 Q_l=0.19 Q_g=0.31 dl=5 dg=7
       Value: 0x00050003 -> 0x00060000
       Original: LbU [major=5, minor=3]
       Mutated:  Sb [major=6, minor=0]
       zkVM errors (3 lines):
         • [prover_impl.rs:280] verify segment (internal proof verification failed)
         • [ffi.cpp:113] address mismatch at cycle 18394: preflight=0x00086c5a, actual=0x3fffc020
         • [kernels/cxx/ffi.cpp:208] SKIP THROW: memory peek not in preflight
       Local constraints hit (5 unique):
         - IsRead@mem.zir:79
           cycle=18394, step=1750, pc=0x002184C0, major=6, minor=0
         - MemoryWrite@mem.zir:100
           cycle=18394, step=1750, pc=0x002184C0, major=6, minor=0
         - MemoryWrite@mem.zir:99
           cycle=18394, step=1750, pc=0x002184C0, major=6, minor=0
         - VerifyOpcodeF3@inst.zir:96
           cycle=18394, step=1750, pc=0x002184C0, major=6, minor=0
         - VerifyOpcodeF3@inst.zir:97
           cycle=18394, step=1750, pc=0x002184C0, major=6, minor=0
       Global: memory permutation violated
         x0/zero: expected write missing, needed 0x42494c5f (cycle 36774)
         x13/a3: unexpected write 0x00000049 (cycle 36778)
         0x0021B168 (code): unexpected write 0x42494c5f (cycle 36774)
         0x0021B178 (code): expected write missing, needed 0x0005c703 (cycle 36776)
       Global: cycle lookup violated (3 indices broken)
         index 9: 344 provides, 1 uses (imbalanced)
         index 10: 228 provides, 1 uses (imbalanced)
         index 12: 190 provides, 1 uses (imbalanced)
  [220] ✓ INSTR_TYPE_MOD @ step 3406: 4 failures, 4109ms, outcome: REJECTED, exit: 101 [proof:GENERATED]
       r=0.110  T_new=0.00 F_new=0.63 F_rare=1.00 U=0 Q=0.26 Q_l=0.26 Q_g=1.00 dl=4 dg=0
       Value: 0x00000007 -> 0x00000005
       Original: AddI [major=0, minor=7]
       Mutated:  Slt [major=0, minor=5]
       zkVM errors (1 lines):
         • [prover_impl.rs:280] verify segment (internal proof verification failed)
       Local constraints hit (4 unique):
         - MemoryWrite@mem.zir:100
           cycle=20208, step=3406, pc=0x00203444, major=0, minor=5
         - MemoryWrite@mem.zir:99
           cycle=20208, step=3406, pc=0x00203444, major=0, minor=5
         - VerifyOpcodeF3F7@inst.zir:102
           cycle=20208, step=3406, pc=0x00203444, major=0, minor=5
         - VerifyOpcodeF3F7@inst.zir:103
           cycle=20208, step=3406, pc=0x00203444, major=0, minor=5
       Global: no permutation/lookup violations (local-only)
  [221] ✓ PRE_EXEC_REG_MOD @ step 1670: 4 failures, 4149ms, outcome: REJECTED, exit: 101 [proof:GENERATED] G=memory
       r=0.057  T_new=0.00 F_new=0.39 F_rare=0.68 U=0 Q=0.22 Q_l=0.26 Q_g=0.85 dl=4 dg=1
       Value: 0x0022133C -> 0x00000001
       Register: x21 (s5), READ, strategy=next_read
       zkVM errors (1 lines):
         • [prover_impl.rs:280] verify segment (internal proof verification failed)
       Local constraints hit (4 unique):
         - IsRead@mem.zir:79
           cycle=18314, step=1670, pc=0x002096D0, major=6, minor=2
         - IsRead@mem.zir:80
           cycle=18314, step=1670, pc=0x002096D0, major=6, minor=2
         - MemoryWrite@mem.zir:100
           cycle=18314, step=1670, pc=0x002096D0, major=6, minor=2
         - MemoryWrite@mem.zir:99
           cycle=18314, step=1670, pc=0x002096D0, major=6, minor=2
       Global: memory permutation violated
         x21/s5: wrote 0x00000001, expected 0x0022133c (cycle 36628)
  [222] ✓ INSTR_TYPE_MOD @ step 1143: 2 failures, 4090ms, outcome: REJECTED, exit: 101 [proof:GENERATED]
       r=0.040  T_new=0.00 F_new=0.00 F_rare=0.32 U=0 Q=0.51 Q_l=0.51 Q_g=1.00 dl=2 dg=0
       Value: 0x00000007 -> 0x00000001
       Original: AddI [major=0, minor=7]
       Mutated:  Sub [major=0, minor=1]
       zkVM errors (1 lines):
         • [prover_impl.rs:280] verify segment (internal proof verification failed)
       Local constraints hit (2 unique):
         - VerifyOpcodeF3F7@inst.zir:102
           cycle=17787, step=1143, pc=0x0020B958, major=0, minor=1
         - VerifyOpcodeF3F7@inst.zir:104
           cycle=17787, step=1143, pc=0x0020B958, major=0, minor=1
       Global: no permutation/lookup violations (local-only)
  [223] ✓ INSTR_TYPE_MOD @ step 3857: 1 failures, 4102ms, outcome: REJECTED, exit: 101 [proof:GENERATED]
       r=0.087  T_new=0.00 F_new=0.00 F_rare=0.50 U=0 Q=0.72 Q_l=0.72 Q_g=1.00 dl=1 dg=0
       Value: 0x00000007 -> 0x00000000
       Original: AddI [major=0, minor=7]
       Mutated:  Add [major=0, minor=0]
       zkVM errors (1 lines):
         • [prover_impl.rs:280] verify segment (internal proof verification failed)
       Local constraints hit (1 unique):
         - VerifyOpcodeF3F7@inst.zir:102
           cycle=20807, step=3857, pc=0x00204D7C, major=0, minor=0
       Global: no permutation/lookup violations (local-only)
  [224] ✓ INSTR_TYPE_MOD @ step 869: 5 failures, 4039ms, outcome: REJECTED, exit: 101 [proof:GENERATED]
       r=0.029  T_new=0.00 F_new=0.00 F_rare=0.54 U=0 Q=0.19 Q_l=0.19 Q_g=1.00 dl=5 dg=0
       Value: 0x00000007 -> 0x00030004
       Original: AddI [major=0, minor=7]
       Mutated:  MulHSU [major=3, minor=4]
       zkVM errors (1 lines):
         • [prover_impl.rs:280] verify segment (internal proof verification failed)
       Local constraints hit (5 unique):
         - MemoryWrite@mem.zir:100
           cycle=17496, step=869, pc=0x00200A14, major=3, minor=4
         - MemoryWrite@mem.zir:99
           cycle=17496, step=869, pc=0x00200A14, major=3, minor=4
         - VerifyOpcodeF3F7@inst.zir:102
           cycle=17496, step=869, pc=0x00200A14, major=3, minor=4
         - VerifyOpcodeF3F7@inst.zir:103
           cycle=17496, step=869, pc=0x00200A14, major=3, minor=4
         - VerifyOpcodeF3F7@inst.zir:104
           cycle=17496, step=869, pc=0x00200A14, major=3, minor=4
       Global: no permutation/lookup violations (local-only)
  [225] ✓ INSTR_TYPE_MOD @ step 297: 2 failures, 4126ms, outcome: REJECTED, exit: 101 [proof:GENERATED]
       r=0.064  T_new=0.00 F_new=0.00 F_rare=0.51 U=0 Q=0.51 Q_l=0.51 Q_g=1.00 dl=2 dg=0
       Value: 0x00000001 -> 0x00000000
       Original: Sub [major=0, minor=1]
       Mutated:  Add [major=0, minor=0]
       zkVM errors (1 lines):
         • [prover_impl.rs:280] verify segment (internal proof verification failed)
       Local constraints hit (2 unique):
         - MemoryWrite@mem.zir:99
           cycle=16882, step=297, pc=0x002061B0, major=0, minor=0
         - VerifyOpcodeF3F7@inst.zir:104
           cycle=16882, step=297, pc=0x002061B0, major=0, minor=0
       Global: no permutation/lookup violations (local-only)
  [226] ✓ MEM_VAL_MOD @ step 2796: 4 failures, 4114ms, outcome: REJECTED, exit: 101 [proof:GENERATED] G=memory
       r=0.057  T_new=0.00 F_new=0.39 F_rare=0.67 U=0 Q=0.22 Q_l=0.26 Q_g=0.85 dl=4 dg=1
       Value: 0x00000000 -> 0x095C7FB7
       Transaction: load_mem_read (READ) at address 0x00200328
       zkVM errors (1 lines):
         • [prover_impl.rs:280] verify segment (internal proof verification failed)
       Local constraints hit (4 unique):
         - IsRead@mem.zir:79
           cycle=19524, step=2796, pc=0x00203868, major=5, minor=2
         - IsRead@mem.zir:80
           cycle=19524, step=2796, pc=0x00203868, major=5, minor=2
         - MemoryWrite@mem.zir:100
           cycle=19524, step=2796, pc=0x00203868, major=5, minor=2
         - MemoryWrite@mem.zir:99
           cycle=19524, step=2796, pc=0x00203868, major=5, minor=2
       Global: memory permutation violated
         0x00200328 (data): wrote 0x095c7fb7, expected 0x00000000 (cycle 39048)
  [227] ✓ INSTR_WORD_MOD_SUR @ step 546: 1 failures, 4193ms, outcome: REJECTED, exit: 101 [proof:GENERATED] G=memory
       r=0.180  T_new=0.00 F_new=0.39 F_rare=0.85 U=0 Q=0.61 Q_l=0.72 Q_g=0.85 dl=1 dg=1
       Value: 0x01010113 -> 0x01012113
       Surgical: funct3 = 0 -> 2
       Original: ADDI x2, x2, 16
       Mutated:  SLTI x2, x2, 16
       zkVM errors (1 lines):
         • [prover_impl.rs:280] verify segment (internal proof verification failed)
       Local constraints hit (1 unique):
         - VerifyOpcodeF3@inst.zir:97
           cycle=17149, step=546, pc=0x002031F8, major=0, minor=7
       Global: memory permutation violated
         0x002031F4 (code): wrote 0x01010113, expected 0x01012113 (cycle 34130)
  [228] ✓ STORE_OUT_MOD @ step 2197: 2 failures, 4110ms, outcome: REJECTED, exit: 101 [proof:GENERATED] G=memory
       r=0.110  T_new=0.00 F_new=0.39 F_rare=0.67 U=0 Q=0.43 Q_l=0.51 Q_g=0.85 dl=2 dg=1
       Value: 0x00200300 -> 0x00010000
       Store address: 0x002001c8
       zkVM errors (1 lines):
         • [prover_impl.rs:280] verify segment (internal proof verification failed)
       Local constraints hit (2 unique):
         - MemoryWrite@mem.zir:100
           cycle=18851, step=2197, pc=0x00201EA8, major=6, minor=2
         - MemoryWrite@mem.zir:99
           cycle=18851, step=2197, pc=0x00201EA8, major=6, minor=2
       Global: memory permutation violated
         0x002001C8 (data): wrote 0x00010000, expected 0x00200300 (cycle 37703)
  [229] ✓ PRE_EXEC_REG_MOD @ step 2783: 2 failures, 4122ms, outcome: REJECTED, exit: 101 [proof:GENERATED] G=memory
       r=0.119  T_new=0.00 F_new=0.39 F_rare=0.75 U=0 Q=0.43 Q_l=0.51 Q_g=0.85 dl=2 dg=1
       Value: 0x00200230 -> 0x00200232
       Register: x2 (sp), READ, strategy=next_read
       zkVM errors (1 lines):
         • [prover_impl.rs:280] verify segment (internal proof verification failed)
       Local constraints hit (2 unique):
         - IsRead@mem.zir:79
           cycle=19511, step=2783, pc=0x00203834, major=6, minor=2
         - OpSW@inst_mem.zir:161
           cycle=19511, step=2783, pc=0x00203834, major=6, minor=2
       Global: memory permutation violated
         x2/sp: wrote 0x00200232, expected 0x00200230 (cycle 39022)
  [230] ✓ INSTR_TYPE_MOD @ step 2716: 3 failures, 4126ms, outcome: REJECTED, exit: 101 [proof:GENERATED] G=memory
       r=0.102  T_new=0.00 F_new=0.63 F_rare=1.00 U=0 Q=0.26 Q_l=0.37 Q_g=0.72 dl=3 dg=2
       Value: 0x00050002 -> 0x00030002
       Original: Lw [major=5, minor=2]
       Mutated:  Mul [major=3, minor=2]
       zkVM errors (3 lines):
         • [prover_impl.rs:280] verify segment (internal proof verification failed)
         • [ffi.cpp:113] address mismatch at cycle 19444: preflight=0x000800e8, actual=0x3fffc020
         • [kernels/cxx/ffi.cpp:208] SKIP THROW: memory peek not in preflight
       Local constraints hit (3 unique):
         - VerifyOpcodeF3F7@inst.zir:102
           cycle=19444, step=2716, pc=0x0020167C, major=3, minor=2
         - VerifyOpcodeF3F7@inst.zir:103
           cycle=19444, step=2716, pc=0x0020167C, major=3, minor=2
         - VerifyOpcodeF3F7@inst.zir:104
           cycle=19444, step=2716, pc=0x0020167C, major=3, minor=2
       Global: memory permutation violated
         0x002003A0 (data): unexpected write 0x00000000 (cycle 38863)
         x0/zero: expected write missing, needed 0x00000000 (cycle 38863)
  [231] ✓ INSTR_WORD_MOD_SUR @ step 3038: 1 failures, 4200ms, outcome: REJECTED, exit: 101 [proof:GENERATED] G=memory
       r=0.235  T_new=0.00 F_new=0.63 F_rare=1.00 U=0 Q=0.61 Q_l=0.72 Q_g=0.85 dl=1 dg=1
       Value: 0x02059663 -> 0x02059615
       Surgical: opcode = 99 -> 21
       Original: BNE x11, x0, 44
       Mutated:  UNKNOWN 0x02059615
       zkVM errors (1 lines):
         • [prover_impl.rs:280] verify segment (internal proof verification failed)
       Local constraints hit (1 unique):
         - VerifyOpcodeF3@inst.zir:96
           cycle=19766, step=3038, pc=0x002035E0, major=1, minor=6
       Global: memory permutation violated
         0x002035DC (code): wrote 0x02059663, expected 0x02059615 (cycle 38796)
  [232] ✓ COMP_OUT_MOD @ step 2660: 2 failures, 4238ms, outcome: REJECTED, exit: 101 [proof:GENERATED] G=memory
       r=0.110  T_new=0.00 F_new=0.39 F_rare=0.67 U=0 Q=0.43 Q_l=0.51 Q_g=0.85 dl=2 dg=1
       Value: 0x00000000 -> 0x860FD81E
       Destination: rd = x12 (a2)
       zkVM errors (1 lines):
         • [prover_impl.rs:280] verify segment (internal proof verification failed)
       Local constraints hit (2 unique):
         - MemoryWrite@mem.zir:100
           cycle=19388, step=2660, pc=0x00203440, major=0, minor=7
         - MemoryWrite@mem.zir:99
           cycle=19388, step=2660, pc=0x00203440, major=0, minor=7
       Global: memory permutation violated
         x12/a2: wrote 0x860fd81e, expected 0x00000000 (cycle 38777)
  [233] ✓ INSTR_TYPE_MOD @ step 2813: 4 failures, 4176ms, outcome: REJECTED, exit: 101 [proof:GENERATED] G=memory
       r=0.073  T_new=0.00 F_new=0.63 F_rare=1.00 U=0 Q=0.19 Q_l=0.26 Q_g=0.72 dl=4 dg=2
       Value: 0x00050002 -> 0x00000007
       Original: Lw [major=5, minor=2]
       Mutated:  AddI [major=0, minor=7]
       zkVM errors (3 lines):
         • [prover_impl.rs:280] verify segment (internal proof verification failed)
         • [ffi.cpp:113] address mismatch at cycle 19541: preflight=0x0008008f, actual=0x3fffc02c
         • [kernels/cxx/ffi.cpp:208] SKIP THROW: memory peek not in preflight
       Local constraints hit (4 unique):
         - MemoryWrite@mem.zir:100
           cycle=19541, step=2813, pc=0x00203B64, major=0, minor=7
         - MemoryWrite@mem.zir:99
           cycle=19541, step=2813, pc=0x00203B64, major=0, minor=7
         - VerifyOpcodeF3@inst.zir:96
           cycle=19541, step=2813, pc=0x00203B64, major=0, minor=7
         - VerifyOpcodeF3@inst.zir:97
           cycle=19541, step=2813, pc=0x00203B64, major=0, minor=7
       Global: memory permutation violated
         0x0020023C (data): unexpected write 0xc3d4e0d9 (cycle 39023)
         x12/a2: expected write missing, needed 0xc3d4e0d9 (cycle 39023)
  [234] ✓ INSTR_TYPE_MOD @ step 1922: 4 failures, 4114ms, outcome: REJECTED, exit: 101 [proof:GENERATED]
       r=0.034  T_new=0.00 F_new=0.00 F_rare=0.54 U=0 Q=0.26 Q_l=0.26 Q_g=1.00 dl=4 dg=0
       Value: 0x00000007 -> 0x00000003
       Original: AddI [major=0, minor=7]
       Mutated:  Or [major=0, minor=3]
       zkVM errors (1 lines):
         • [prover_impl.rs:280] verify segment (internal proof verification failed)
       Local constraints hit (4 unique):
         - MemoryWrite@mem.zir:99
           cycle=18571, step=1922, pc=0x00205FA0, major=0, minor=3
         - VerifyOpcodeF3F7@inst.zir:102
           cycle=18571, step=1922, pc=0x00205FA0, major=0, minor=3
         - VerifyOpcodeF3F7@inst.zir:103
           cycle=18571, step=1922, pc=0x00205FA0, major=0, minor=3
         - VerifyOpcodeF3F7@inst.zir:104
           cycle=18571, step=1922, pc=0x00205FA0, major=0, minor=3
       Global: no permutation/lookup violations (local-only)
  [235] ✓ INSTR_TYPE_MOD @ step 2971: 3 failures, 4207ms, outcome: REJECTED, exit: 101 [proof:GENERATED] [+2 touch] G=memory
       r=0.124  T_new=0.06 F_new=0.92 F_rare=1.00 U=0 Q=0.26 Q_l=0.37 Q_g=0.72 dl=3 dg=2
       Value: 0x00020006 -> 0x00010007
       Original: Auipc [major=2, minor=6]
       Mutated:  Blt [major=1, minor=7]
       zkVM errors (3 lines):
         • [prover_impl.rs:280] verify segment (internal proof verification failed)
         • [ffi.cpp:113] address mismatch at cycle 19699: preflight=0x3fffc021, actual=0x3fffc060
         • [kernels/cxx/ffi.cpp:208] SKIP THROW: memory peek not in preflight
       Local constraints hit (3 unique):
         - MemoryWrite@mem.zir:100
           cycle=19699, step=2971, pc=0x002056AC, major=1, minor=7
         - MemoryWrite@mem.zir:99
           cycle=19699, step=2971, pc=0x002056AC, major=1, minor=7
         - VerifyOpcodeF3@inst.zir:96
           cycle=19699, step=2971, pc=0x002056AC, major=1, minor=7
       Global: memory permutation violated
         x1/ra: unexpected write 0x00205460 (cycle 39362)
         0xFFFF0180 (data): expected write missing, needed 0x00205460 (cycle 39362)
  [236] ✓ INSTR_WORD_MOD_SUR @ step 3920: 0 failures, 4158ms, outcome: REJECTED, exit: 101 [proof:GENERATED] G=memory[GO]
       r=0.256  T_new=0.00 F_new=0.78 F_rare=1.00 U=0 Q=0.61 Q_l=1.00 Q_g=0.61 dl=0 dg=3
       Value: 0x02822503 -> 0x0284A503
       Surgical: rs1 = 4 -> 9
       Original: LW x10, 40(x4)
       Mutated:  LW x10, 40(x9)
       zkVM errors (3 lines):
         • [prover_impl.rs:280] verify segment (internal proof verification failed)
         • [ffi.cpp:113] address mismatch at cycle 20870: preflight=0x3fffc004, actual=0x3fffc009
         • [kernels/cxx/ffi.cpp:208] SKIP THROW: memory peek not in preflight
       Global: memory permutation violated [GLOBAL-ONLY]
         0xC00000D4 (data): wrote 0x02822503, expected 0x0284a503 (cycle 30042)
         0xFFFF0010 (data): unexpected write 0xffff0080 (cycle 41702)
         0xFFFF0024 (data): expected write missing, needed 0xffff0080 (cycle 41702)
  [237] ✓ INSTR_WORD_MOD_SUR @ step 3929: 1 failures, 4132ms, outcome: REJECTED, exit: 101 [proof:GENERATED] G=memory
       r=0.171  T_new=0.00 F_new=0.39 F_rare=0.79 U=0 Q=0.61 Q_l=0.72 Q_g=0.85 dl=1 dg=1
       Value: 0x00000073 -> 0x00000033
       Surgical: opcode = 115 -> 51
       Original: ECALL x0, x0, 0
       Mutated:  ADD x0, x0, x0
       zkVM errors (1 lines):
         • [prover_impl.rs:280] verify segment (internal proof verification failed)
       Local constraints hit (1 unique):
         - MachineECall@inst_ecall.zir:29
           cycle=20879, step=3929, pc=0xC00000F8, major=8, minor=0
       Global: memory permutation violated
         0xC00000F8 (data): wrote 0x00000073, expected 0x00000033 (cycle 30062)
  [238] ✓ INSTR_WORD_MOD_SUR @ step 338: 1 failures, 4145ms, outcome: REJECTED, exit: 101 [proof:GENERATED] G=memory
       r=0.180  T_new=0.00 F_new=0.39 F_rare=0.85 U=0 Q=0.61 Q_l=0.72 Q_g=0.85 dl=1 dg=1
       Value: 0xF80080E7 -> 0xF800F0E7
       Surgical: funct3 = 0 -> 7
       Original: JALR x1, x1, -128
       Mutated:  JALR x1, x1, -128
       zkVM errors (1 lines):
         • [prover_impl.rs:280] verify segment (internal proof verification failed)
       Local constraints hit (1 unique):
         - VerifyOpcodeF3@inst.zir:97
           cycle=16923, step=338, pc=0x00206130, major=2, minor=4
       Global: memory permutation violated
         0x002031B4 (code): wrote 0xf80080e7, expected 0xf800f0e7 (cycle 33676)
  [239] ✓ INSTR_TYPE_MOD @ step 1297: 3 failures, 4187ms, outcome: REJECTED, exit: 101 [proof:GENERATED]
       r=0.034  T_new=0.00 F_new=0.00 F_rare=0.38 U=0 Q=0.37 Q_l=0.37 Q_g=1.00 dl=3 dg=0
       Value: 0x00060002 -> 0x00060000
       Original: Sw [major=6, minor=2]
       Mutated:  Sb [major=6, minor=0]
       zkVM errors (1 lines):
         • [prover_impl.rs:280] verify segment (internal proof verification failed)
       Local constraints hit (3 unique):
         - MemoryWrite@mem.zir:100
           cycle=17941, step=1297, pc=0x0020342C, major=6, minor=0
         - MemoryWrite@mem.zir:99
           cycle=17941, step=1297, pc=0x0020342C, major=6, minor=0
         - VerifyOpcodeF3@inst.zir:97
           cycle=17941, step=1297, pc=0x0020342C, major=6, minor=0
       Global: no permutation/lookup violations (local-only)
  [240] ✓ INSTR_TYPE_MOD @ step 343: 2 failures, 4133ms, outcome: REJECTED, exit: 101 [proof:GENERATED]
       r=0.062  T_new=0.00 F_new=0.00 F_rare=0.50 U=0 Q=0.51 Q_l=0.51 Q_g=1.00 dl=2 dg=0
       Value: 0x00000007 -> 0x00030002
       Original: AddI [major=0, minor=7]
       Mutated:  Mul [major=3, minor=2]
       zkVM errors (1 lines):
         • [prover_impl.rs:280] verify segment (internal proof verification failed)
       Local constraints hit (2 unique):
         - VerifyOpcodeF3F7@inst.zir:102
           cycle=16928, step=343, pc=0x00206144, major=3, minor=2
         - VerifyOpcodeF3F7@inst.zir:104
           cycle=16928, step=343, pc=0x00206144, major=3, minor=2
       Global: no permutation/lookup violations (local-only)
  [241] ✓ INSTR_WORD_MOD_SUR @ step 516: 18 failures, 4130ms, outcome: REJECTED, exit: 101 [proof:GENERATED] [+1 new] G=memory
       r=0.003  T_new=0.00 F_new=1.00 F_rare=1.00 U=0 Q=0.01 Q_l=0.04 Q_g=0.19 dl=10 dg=10
       Value: 0x00058067 -> 0x14958067
       Surgical: imm = 0 -> 329
       Original: JALR x0, x11, 0
       Mutated:  JALR x0, x11, 329
       zkVM errors (3 lines):
         • [prover_impl.rs:280] verify segment (internal proof verification failed)
         • [ffi.cpp:113] address mismatch at cycle 17113: preflight=0x3fffc000, actual=0x3fffc009
         • [kernels/cxx/ffi.cpp:208] SKIP THROW: memory peek not in preflight
       Local constraints hit (4 unique):
         - ControlMRET@inst_control.zir:89
           cycle=17130, step=527, pc=0x00206174, major=7, minor=3
         - DecodeInst@inst.zir:29 (x10)
           cycle=17114, step=517, pc=0xC0000134, major=2, minor=3
         - ECall0@inst_ecall.zir:203 (x6)
           cycle=17121, step=524, pc=0xC000014C, major=8, minor=0
         - MemoryWrite@mem.zir:99
           cycle=17114, step=517, pc=0xC0000134, major=2, minor=3
       Global: memory permutation violated (29 addrs: 29 data)
         0xC0000058 (data): unexpected write 0x0dc0006f (cycle 34060)
         0xC0000080 (data): wrote 0x00058067, expected 0x14958067 (cycle 34058)
         0xC0000134 (data): unexpected write 0x00100893 (cycle 34062)
         + 26 more addresses
  [242] ✓ INSTR_TYPE_MOD @ step 2571: 4 failures, 4144ms, outcome: REJECTED, exit: 101 [proof:GENERATED] G=memory
       r=0.080  T_new=0.00 F_new=0.78 F_rare=1.00 U=0 Q=0.19 Q_l=0.26 Q_g=0.72 dl=4 dg=2
       Value: 0x00050003 -> 0x00000003
       Original: LbU [major=5, minor=3]
       Mutated:  Or [major=0, minor=3]
       zkVM errors (3 lines):
         • [prover_impl.rs:280] verify segment (internal proof verification failed)
         • [ffi.cpp:113] address mismatch at cycle 19299: preflight=0x0008852e, actual=0x3fffc02c
         • [kernels/cxx/ffi.cpp:208] SKIP THROW: memory peek not in preflight
       Local constraints hit (4 unique):
         - MemoryWrite@mem.zir:100
           cycle=19299, step=2571, pc=0x00201518, major=0, minor=3
         - MemoryWrite@mem.zir:99
           cycle=19299, step=2571, pc=0x00201518, major=0, minor=3
         - VerifyOpcodeF3F7@inst.zir:102
           cycle=19299, step=2571, pc=0x00201518, major=0, minor=3
         - VerifyOpcodeF3F7@inst.zir:103
           cycle=19299, step=2571, pc=0x00201518, major=0, minor=3
       Global: memory permutation violated
         x12/a2: expected write missing, needed 0x98eaebaf (cycle 38596)
         0x002214B8 (code): unexpected write 0x98eaebaf (cycle 38596)
  [243] ✓ INSTR_WORD_MOD_SUR @ step 890: 1 failures, 4129ms, outcome: REJECTED, exit: 101 [proof:GENERATED] G=memory
       r=0.165  T_new=0.00 F_new=0.39 F_rare=0.75 U=0 Q=0.61 Q_l=0.72 Q_g=0.85 dl=1 dg=1
       Value: 0x00050693 -> 0x000506BB
       Surgical: opcode = 19 -> 59
       Original: ADDI x13, x10, 0
       Mutated:  UNKNOWN 0x000506bb
       zkVM errors (1 lines):
         • [prover_impl.rs:280] verify segment (internal proof verification failed)
       Local constraints hit (1 unique):
         - VerifyOpcodeF3@inst.zir:96
           cycle=17517, step=890, pc=0x00206144, major=0, minor=7
       Global: memory permutation violated
         0x00206140 (code): wrote 0x00050693, expected 0x000506bb (cycle 34866)
  [244] ✓ INSTR_WORD_MOD_SUR @ step 2010: 1 failures, 4157ms, outcome: REJECTED, exit: 101 [proof:GENERATED] G=memory
       r=0.165  T_new=0.00 F_new=0.39 F_rare=0.75 U=0 Q=0.61 Q_l=0.72 Q_g=0.85 dl=1 dg=1
       Value: 0xFFF60613 -> 0xFFF67613
       Surgical: funct3 = 0 -> 7
       Original: ADDI x12, x12, -1
       Mutated:  ANDI x12, x12, -1
       zkVM errors (1 lines):
         • [prover_impl.rs:280] verify segment (internal proof verification failed)
       Local constraints hit (1 unique):
         - VerifyOpcodeF3@inst.zir:97
           cycle=18659, step=2010, pc=0x002184D0, major=0, minor=7
       Global: memory permutation violated
         0x002184CC (code): wrote 0xfff60613, expected 0xfff67613 (cycle 37304)
  [245] ✓ INSTR_TYPE_MOD @ step 3144: 4 failures, 4136ms, outcome: REJECTED, exit: 101 [proof:GENERATED]
       r=0.052  T_new=0.00 F_new=0.00 F_rare=0.71 U=0 Q=0.26 Q_l=0.26 Q_g=1.00 dl=4 dg=0
       Value: 0x00000007 -> 0x00000005
       Original: AddI [major=0, minor=7]
       Mutated:  Slt [major=0, minor=5]
       zkVM errors (1 lines):
         • [prover_impl.rs:280] verify segment (internal proof verification failed)
       Local constraints hit (4 unique):
         - MemoryWrite@mem.zir:100
           cycle=19872, step=3144, pc=0xC00004A0, major=0, minor=5
         - MemoryWrite@mem.zir:99
           cycle=19872, step=3144, pc=0xC00004A0, major=0, minor=5
         - VerifyOpcodeF3F7@inst.zir:102
           cycle=19872, step=3144, pc=0xC00004A0, major=0, minor=5
         - VerifyOpcodeF3F7@inst.zir:103
           cycle=19872, step=3144, pc=0xC00004A0, major=0, minor=5
       Global: no permutation/lookup violations (local-only)
  [246] ✓ INSTR_TYPE_MOD @ step 539: 3 failures, 4083ms, outcome: REJECTED, exit: 101 [proof:GENERATED]
       r=0.098  T_new=0.00 F_new=0.39 F_rare=0.72 U=0 Q=0.37 Q_l=0.37 Q_g=1.00 dl=3 dg=0
       Value: 0x00020005 -> 0x00020006
       Original: Lui [major=2, minor=5]
       Mutated:  Auipc [major=2, minor=6]
       zkVM errors (1 lines):
         • [prover_impl.rs:280] verify segment (internal proof verification failed)
       Local constraints hit (3 unique):
         - MemoryWrite@mem.zir:100
           cycle=17142, step=539, pc=0x002031C0, major=2, minor=6
         - MemoryWrite@mem.zir:99
           cycle=17142, step=539, pc=0x002031C0, major=2, minor=6
         - VerifyOpcode@inst.zir:91
           cycle=17142, step=539, pc=0x002031C0, major=2, minor=6
       Global: no permutation/lookup violations (local-only)
  [247] ✓ PRE_EXEC_REG_MOD @ step 337: 2 failures, 4154ms, outcome: REJECTED, exit: 101 [proof:GENERATED] G=memory
       r=0.169  T_new=0.00 F_new=0.63 F_rare=1.00 U=0 Q=0.43 Q_l=0.51 Q_g=0.85 dl=2 dg=1
       Value: 0x00000000 -> 0x6BD487FF
       Register: x0 (zero), READ, strategy=next_read
       zkVM errors (1 lines):
         • [prover_impl.rs:280] verify segment (internal proof verification failed)
       Local constraints hit (2 unique):
         - IsRead@mem.zir:79
           cycle=16922, step=337, pc=0x002031B4, major=2, minor=6
         - IsRead@mem.zir:80
           cycle=16922, step=337, pc=0x002031B4, major=2, minor=6
       Global: memory permutation violated
         x0/zero: wrote 0x6bd487ff, expected 0x00000000 (cycle 33844)
  [248] ✓ INSTR_TYPE_MOD @ step 1509: 3 failures, 4161ms, outcome: REJECTED, exit: 101 [proof:GENERATED] G=memory
       r=0.033  T_new=0.00 F_new=0.99 F_rare=1.00 U=0 Q=0.07 Q_l=0.37 Q_g=0.19 dl=3 dg=10
       Value: 0x00010006 -> 0x00010002
       Original: Bne [major=1, minor=6]
       Mutated:  AndI [major=1, minor=2]
       zkVM errors (3 lines):
         • [prover_impl.rs:280] verify segment (internal proof verification failed)
         • [ffi.cpp:113] address mismatch at cycle 18153: preflight=0x3fffc060, actual=0x3fffc029
         • [kernels/cxx/ffi.cpp:208] SKIP THROW: memory peek not in preflight
       Local constraints hit (3 unique):
         - MemoryWrite@mem.zir:99
           cycle=18211, step=1567, pc=0x00202C04, major=2, minor=4
         - VerifyOpcodeF3@inst.zir:96
           cycle=18153, step=1509, pc=0x002184BC, major=1, minor=2
         - VerifyOpcodeF3@inst.zir:97
           cycle=18153, step=1509, pc=0x002184BC, major=1, minor=2
       Global: memory permutation violated (18 addrs: 1 register, 16 code, 1 data)
         x9/s1: expected write missing, needed 0x00000000 (cycle 36299)
         0xFFFF0180 (data): unexpected write 0x00000000 (cycle 36299)
         + 16 code addresses diverged (instruction fetch cascade)
  [249] ✓ INSTR_TYPE_MOD @ step 3776: 4 failures, 4155ms, outcome: REJECTED, exit: 101 [proof:GENERATED] G=memory
       r=0.045  T_new=0.00 F_new=0.95 F_rare=1.00 U=0 Q=0.10 Q_l=0.26 Q_g=0.37 dl=4 dg=6
       Value: 0x00020001 -> 0x00000006
       Original: BltU [major=2, minor=1]
       Mutated:  SltU [major=0, minor=6]
       zkVM errors (3 lines):
         • [prover_impl.rs:280] verify segment (internal proof verification failed)
         • [ffi.cpp:113] address mismatch at cycle 20652: preflight=0x3fffc060, actual=0x3fffc028
         • [kernels/cxx/ffi.cpp:208] SKIP THROW: memory peek not in preflight
       Local constraints hit (3 unique):
         - MemoryWrite@mem.zir:99 (x2)
           cycle=20652, step=3776, pc=0x002061E4, major=0, minor=6
         - VerifyOpcodeF3F7@inst.zir:102
           cycle=20652, step=3776, pc=0x002061E4, major=0, minor=6
         - VerifyOpcodeF3F7@inst.zir:103
           cycle=20652, step=3776, pc=0x002061E4, major=0, minor=6
       Global: memory permutation violated
         x8/s0: expected write missing, needed 0x00000000 (cycle 41297)
         0xFFFF0180 (data): unexpected write 0x00000000 (cycle 41297)
         0x002061E0 (code): expected write missing, needed 0x02060693 (cycle 40662)
         0x002061E4 (code): unexpected write 0x02060693 (cycle 40662)
         0x002061E8 (code): unexpected write 0x00300293 (cycle 40664)
         0x002061EC (code): unexpected write 0x00000073 (cycle 40666)
  [250] ✓ INSTR_TYPE_MOD @ step 1859: 5 failures, 4103ms, outcome: REJECTED, exit: 101 [proof:GENERATED]
       r=0.026  T_new=0.00 F_new=0.00 F_rare=0.58 U=0 Q=0.19 Q_l=0.19 Q_g=1.00 dl=5 dg=0
       Value: 0x00000007 -> 0x00000004
       Original: AddI [major=0, minor=7]
       Mutated:  And [major=0, minor=4]
       zkVM errors (1 lines):
         • [prover_impl.rs:280] verify segment (internal proof verification failed)
       Local constraints hit (5 unique):
         - MemoryWrite@mem.zir:100
           cycle=18508, step=1859, pc=0x0020600C, major=0, minor=4
         - MemoryWrite@mem.zir:99
           cycle=18508, step=1859, pc=0x0020600C, major=0, minor=4
         - VerifyOpcodeF3F7@inst.zir:102
           cycle=18508, step=1859, pc=0x0020600C, major=0, minor=4
         - VerifyOpcodeF3F7@inst.zir:103
           cycle=18508, step=1859, pc=0x0020600C, major=0, minor=4
         - VerifyOpcodeF3F7@inst.zir:104
           cycle=18508, step=1859, pc=0x0020600C, major=0, minor=4
       Global: no permutation/lookup violations (local-only)
  [251] ✓ INSTR_TYPE_MOD @ step 2389: 3 failures, 4115ms, outcome: REJECTED, exit: 101 [proof:GENERATED]
       r=0.063  T_new=0.00 F_new=0.00 F_rare=0.71 U=0 Q=0.37 Q_l=0.37 Q_g=1.00 dl=3 dg=0
       Value: 0x00000007 -> 0x00020005
       Original: AddI [major=0, minor=7]
       Mutated:  Lui [major=2, minor=5]
       zkVM errors (1 lines):
         • [prover_impl.rs:280] verify segment (internal proof verification failed)
       Local constraints hit (3 unique):
         - MemoryWrite@mem.zir:100
           cycle=19043, step=2389, pc=0x002032EC, major=2, minor=5
         - MemoryWrite@mem.zir:99
           cycle=19043, step=2389, pc=0x002032EC, major=2, minor=5
         - VerifyOpcode@inst.zir:91
           cycle=19043, step=2389, pc=0x002032EC, major=2, minor=5
       Global: no permutation/lookup violations (local-only)
  [252] ✓ INSTR_TYPE_MOD @ step 1154: 5 failures, 4205ms, outcome: REJECTED, exit: 101 [proof:GENERATED] [+33 touch] G=memory|cycle
       r=0.055  T_new=0.61 F_new=0.99 F_rare=1.00 U=0 Q=0.08 Q_l=0.19 Q_g=0.43 dl=5 dg=5
       Value: 0x00000007 -> 0x00060007
       Original: AddI [major=0, minor=7]
       Mutated:  Unknown(6,7) [major=6, minor=7] ⚠INVALID
       zkVM errors (3 lines):
         • [prover_impl.rs:280] verify segment (internal proof verification failed)
         • [ffi.cpp:113] address mismatch at cycle 17798: preflight=0x3fffc02e, actual=0x00000003
         • [kernels/cxx/ffi.cpp:208] SKIP THROW: memory peek not in preflight
       Local constraints hit (5 unique):
         - AddrDecomposeBits@u32.zir:87
           cycle=17798, step=1154, pc=0x00209A38, major=6, minor=7
         - IllegalStoreOp@inst_mem.zir:45
           cycle=17798, step=1154, pc=0x00209A38, major=6, minor=7
         - IsRead@mem.zir:79
           cycle=17798, step=1154, pc=0x00209A38, major=6, minor=7
         - MemoryWrite@mem.zir:100
           cycle=17798, step=1154, pc=0x00209A38, major=6, minor=7
         - MemoryWrite@mem.zir:99
           cycle=17798, step=1154, pc=0x00209A38, major=6, minor=7
       Global: memory permutation violated
         0x0000000C (data): expected write missing, needed 0x04a74463 (cycle 21246)
         x14/a4: unexpected write 0x000000be (cycle 35496)
       Global: cycle lookup violated (3 indices broken)
         index 99: 87 provides, 1 uses (imbalanced)
         index 100: 6 provides, 1 uses (imbalanced)
         index 14350: 1 provides, 1 uses (imbalanced)
  [253] ✓ PRE_EXEC_REG_MOD @ step 204: 2 failures, 4172ms, outcome: REJECTED, exit: 101 [proof:GENERATED] G=memory
       r=0.123  T_new=0.00 F_new=0.39 F_rare=0.79 U=0 Q=0.43 Q_l=0.51 Q_g=0.85 dl=2 dg=1
       Value: 0x002003C0 -> 0x00000010
       Register: x2 (sp), READ, strategy=next_read
       zkVM errors (1 lines):
         • [prover_impl.rs:280] verify segment (internal proof verification failed)
       Local constraints hit (2 unique):
         - IsRead@mem.zir:79
           cycle=16783, step=204, pc=0x0020B8C8, major=2, minor=5
         - IsRead@mem.zir:80
           cycle=16783, step=204, pc=0x0020B8C8, major=2, minor=5
       Global: memory permutation violated
         x2/sp: wrote 0x00000010, expected 0x002003c0 (cycle 33566)
  [254] ✓ MEM_VAL_MOD @ step 1079: 2 failures, 4172ms, outcome: REJECTED, exit: 101 [proof:GENERATED] G=memory
       r=0.109  T_new=0.00 F_new=0.39 F_rare=0.66 U=0 Q=0.43 Q_l=0.51 Q_g=0.85 dl=2 dg=1
       Value: 0x00000000 -> 0xFFFFFFFF
       Transaction: other_mem_read (READ) at address 0xffff0004
       zkVM errors (1 lines):
         • [prover_impl.rs:280] verify segment (internal proof verification failed)
       Local constraints hit (2 unique):
         - IsRead@mem.zir:79
           cycle=17718, step=1079, pc=0xC0000138, major=0, minor=7
         - IsRead@mem.zir:80
           cycle=17718, step=1079, pc=0xC0000138, major=0, minor=7
       Global: memory permutation violated
         0xFFFF0004 (data): wrote 0xffffffff, expected 0x00000000 (cycle 35436)
  [255] ✓ INSTR_TYPE_MOD @ step 1023: 7 failures, 4222ms, outcome: REJECTED, exit: 101 [proof:GENERATED] G=memory|cycle
       r=0.019  T_new=0.00 F_new=0.78 F_rare=1.00 U=0 Q=0.04 Q_l=0.10 Q_g=0.43 dl=7 dg=5
       Value: 0x00000007 -> 0x00060001
       Original: AddI [major=0, minor=7]
       Mutated:  Sh [major=6, minor=1]
       zkVM errors (3 lines):
         • [prover_impl.rs:280] verify segment (internal proof verification failed)
         • [ffi.cpp:113] address mismatch at cycle 17662: preflight=0x3fffc02a, actual=0x00000002
         • [kernels/cxx/ffi.cpp:208] SKIP THROW: memory peek not in preflight
       Local constraints hit (7 unique):
         - AddrDecomposeBits@u32.zir:87
           cycle=17662, step=1023, pc=0x00200A7C, major=6, minor=1
         - IsRead@mem.zir:79
           cycle=17662, step=1023, pc=0x00200A7C, major=6, minor=1
         - IsRead@mem.zir:80
           cycle=17662, step=1023, pc=0x00200A7C, major=6, minor=1
         - MemoryWrite@mem.zir:100
           cycle=17662, step=1023, pc=0x00200A7C, major=6, minor=1
         - MemoryWrite@mem.zir:99
           cycle=17662, step=1023, pc=0x00200A7C, major=6, minor=1
         - VerifyOpcodeF3@inst.zir:96
           cycle=17662, step=1023, pc=0x00200A7C, major=6, minor=1
         - VerifyOpcodeF3@inst.zir:97
           cycle=17662, step=1023, pc=0x00200A7C, major=6, minor=1
       Global: memory permutation violated
         0x00000008 (data): expected write missing, needed 0xfff00613 (cycle 5186)
         x10/a0: unexpected write 0x80000007 (cycle 35322)
       Global: cycle lookup violated (3 indices broken)
         index 1: 1798 provides, 1 uses (imbalanced)
         index 2: 861 provides, 1 uses (imbalanced)
         index 30138: 1 provides, 1 uses (imbalanced)
  [256] ✓ INSTR_TYPE_MOD @ step 3928: 2 failures, 4107ms, outcome: REJECTED, exit: 101 [proof:GENERATED]
       r=0.052  T_new=0.00 F_new=0.00 F_rare=0.41 U=0 Q=0.51 Q_l=0.51 Q_g=1.00 dl=2 dg=0
       Value: 0x00000007 -> 0x00000003
       Original: AddI [major=0, minor=7]
       Mutated:  Or [major=0, minor=3]
       zkVM errors (1 lines):
         • [prover_impl.rs:280] verify segment (internal proof verification failed)
       Local constraints hit (2 unique):
         - VerifyOpcodeF3F7@inst.zir:102
           cycle=20878, step=3928, pc=0xC00000F8, major=0, minor=3
         - VerifyOpcodeF3F7@inst.zir:103
           cycle=20878, step=3928, pc=0xC00000F8, major=0, minor=3
       Global: no permutation/lookup violations (local-only)
  [257] ✓ INSTR_TYPE_MOD @ step 3312: 4 failures, 4134ms, outcome: REJECTED, exit: 101 [proof:GENERATED] G=memory
       r=0.073  T_new=0.00 F_new=0.63 F_rare=1.00 U=0 Q=0.19 Q_l=0.26 Q_g=0.72 dl=4 dg=2
       Value: 0x00020001 -> 0x00000001
       Original: BltU [major=2, minor=1]
       Mutated:  Sub [major=0, minor=1]
       zkVM errors (3 lines):
         • [prover_impl.rs:280] verify segment (internal proof verification failed)
         • [ffi.cpp:113] address mismatch at cycle 20114: preflight=0x3fffc060, actual=0x3fffc03d
         • [kernels/cxx/ffi.cpp:208] SKIP THROW: memory peek not in preflight
       Local constraints hit (4 unique):
         - MemoryWrite@mem.zir:99
           cycle=20114, step=3312, pc=0x00204C50, major=0, minor=1
         - VerifyOpcodeF3F7@inst.zir:102
           cycle=20114, step=3312, pc=0x00204C50, major=0, minor=1
         - VerifyOpcodeF3F7@inst.zir:103
           cycle=20114, step=3312, pc=0x00204C50, major=0, minor=1
         - VerifyOpcodeF3F7@inst.zir:104
           cycle=20114, step=3312, pc=0x00204C50, major=0, minor=1
       Global: memory permutation violated
         x29/t4: expected write missing, needed 0x002052e4 (cycle 40219)
         0xFFFF0180 (data): unexpected write 0x002052e4 (cycle 40219)
  [258] ✓ INSTR_WORD_MOD_SUR @ step 679: 0 failures, 4132ms, outcome: REJECTED, exit: 101 [proof:GENERATED] G=memory[GO]
       r=0.256  T_new=0.00 F_new=0.78 F_rare=1.00 U=0 Q=0.61 Q_l=1.00 Q_g=0.61 dl=0 dg=3
       Value: 0x02C22603 -> 0xCC422603
       Surgical: imm = 44 -> 3268
       Original: LW x12, 44(x4)
       Mutated:  LW x12, -828(x4)
       zkVM errors (3 lines):
         • [prover_impl.rs:280] verify segment (internal proof verification failed)
         • [ffi.cpp:113] address mismatch at cycle 17288: preflight=0x3fffc02b, actual=0x3fffbf51
         • [kernels/cxx/ffi.cpp:208] SKIP THROW: memory peek not in preflight
       Global: memory permutation violated [GLOBAL-ONLY]
         0xC0000140 (data): wrote 0x02c22603, expected 0xcc422603 (cycle 34408)
         0xFFFEFD44 (data): expected write missing, needed 0x00000001 (cycle 34551)
         x11/a1: unexpected write 0x00000001 (cycle 34551)
  [259] ✓ COMP_OUT_MOD @ step 587: 2 failures, 4242ms, outcome: REJECTED, exit: 101 [proof:GENERATED] G=memory
       r=0.108  T_new=0.00 F_new=0.39 F_rare=0.65 U=0 Q=0.43 Q_l=0.51 Q_g=0.85 dl=2 dg=1
       Value: 0x00000400 -> 0x01000000
       Destination: rd = x10 (a0)
       zkVM errors (1 lines):
         • [prover_impl.rs:280] verify segment (internal proof verification failed)
       Local constraints hit (2 unique):
         - MemoryWrite@mem.zir:100
           cycle=17190, step=587, pc=0x00206164, major=0, minor=7
         - MemoryWrite@mem.zir:99
           cycle=17190, step=587, pc=0x00206164, major=0, minor=7
       Global: memory permutation violated
         x10/a0: wrote 0x01000000, expected 0x00000400 (cycle 34381)
  [260] ✓ INSTR_TYPE_MOD @ step 499: 6 failures, 4195ms, outcome: REJECTED, exit: 101 [proof:GENERATED] G=memory|cycle
       r=0.026  T_new=0.00 F_new=0.86 F_rare=1.00 U=0 Q=0.06 Q_l=0.14 Q_g=0.43 dl=6 dg=5
       Value: 0x00000007 -> 0x00060002
       Original: AddI [major=0, minor=7]
       Mutated:  Sw [major=6, minor=2]
       zkVM errors (3 lines):
         • [prover_impl.rs:280] verify segment (internal proof verification failed)
         • [ffi.cpp:113] address mismatch at cycle 17096: preflight=0x3fffc02d, actual=0x00000003
         • [kernels/cxx/ffi.cpp:208] SKIP THROW: memory peek not in preflight
       Local constraints hit (6 unique):
         - AddrDecomposeBits@u32.zir:87
           cycle=17096, step=499, pc=0x00206144, major=6, minor=2
         - IsRead@mem.zir:79
           cycle=17096, step=499, pc=0x00206144, major=6, minor=2
         - MemoryWrite@mem.zir:99
           cycle=17096, step=499, pc=0x00206144, major=6, minor=2
         - OpSW@inst_mem.zir:160
           cycle=17096, step=499, pc=0x00206144, major=6, minor=2
         - VerifyOpcodeF3@inst.zir:96
           cycle=17096, step=499, pc=0x00206144, major=6, minor=2
         - VerifyOpcodeF3@inst.zir:97
           cycle=17096, step=499, pc=0x00206144, major=6, minor=2
       Global: memory permutation violated
         0x0000000C (data): expected write missing, needed 0x00000813 (cycle 34026)
         x13/a3: unexpected write 0x00000001 (cycle 34178)
       Global: cycle lookup violated (3 indices broken)
         index 13: 759 provides, 1 uses (imbalanced)
         index 14: 113 provides, 1 uses (imbalanced)
         index 166: 4 provides, 1 uses (imbalanced)
  [261] ✓ PRE_EXEC_REG_MOD @ step 3641: 3 failures, 4167ms, outcome: REJECTED, exit: 101 [proof:GENERATED] G=memory
       r=0.131  T_new=0.00 F_new=0.78 F_rare=1.00 U=0 Q=0.31 Q_l=0.37 Q_g=0.85 dl=3 dg=1
       Value: 0x00000000 -> 0xC50E9482
       Register: x13 (a3), READ, strategy=next_read
       zkVM errors (1 lines):
         • [prover_impl.rs:280] verify segment (internal proof verification failed)
       Local constraints hit (3 unique):
         - IsRead@mem.zir:79
           cycle=20517, step=3641, pc=0x002032FC, major=1, minor=4
         - IsRead@mem.zir:80
           cycle=20517, step=3641, pc=0x002032FC, major=1, minor=4
         - MemoryWrite@mem.zir:99
           cycle=20517, step=3641, pc=0x002032FC, major=1, minor=4
       Global: memory permutation violated
         x13/a3: wrote 0xc50e9482, expected 0x00000000 (cycle 41034)
  [262] ✓ LOAD_VAL_MOD @ step 2073: 2 failures, 4142ms, outcome: REJECTED, exit: 101 [proof:GENERATED] G=memory
       r=0.108  T_new=0.00 F_new=0.39 F_rare=0.64 U=0 Q=0.43 Q_l=0.51 Q_g=0.85 dl=2 dg=1
       Value: 0x00000000 -> 0x917EC95D
       Load destination: rd = x22 (s6)
       zkVM errors (1 lines):
         • [prover_impl.rs:280] verify segment (internal proof verification failed)
       Local constraints hit (2 unique):
         - MemoryWrite@mem.zir:100
           cycle=18727, step=2073, pc=0x002097D0, major=5, minor=2
         - MemoryWrite@mem.zir:99
           cycle=18727, step=2073, pc=0x002097D0, major=5, minor=2
       Global: memory permutation violated
         x22/s6: wrote 0x917ec95d, expected 0x00000000 (cycle 37455)
  [263] ✓ INSTR_TYPE_MOD @ step 0: 5 failures, 4122ms, outcome: REJECTED, exit: 101 [proof:GENERATED] [+1 new] [+36 touch] G=memory|cycle
       r=0.074  T_new=0.64 F_new=0.86 F_rare=1.00 U=0 Q=0.11 Q_l=0.19 Q_g=0.61 dl=5 dg=3
       Value: 0x00020006 -> 0x00030009
       Original: Auipc [major=2, minor=6]
       Mutated:  Sra [major=3, minor=9] ⚠INVALID
       zkVM errors (3 lines):
         • [prover_impl.rs:280] verify segment (internal proof verification failed)
         • [ffi.cpp:113] address mismatch at cycle 0: preflight=0x44000000, actual=0x00000000
         • [kernels/cxx/ffi.cpp:208] SKIP THROW: memory peek not in preflight
       Local constraints hit (5 unique):
         - AddrDecompose@u32.zir:67
           cycle=0, step=0, pc=0x00000000, major=3, minor=9
         - ControlLoadRootAndNonce@inst_control.zir:23
           cycle=1, step=0, pc=0x00000000, major=7, minor=0
         - MulInput@inst_mul.zir:8
           cycle=0, step=0, pc=0x00000000, major=3, minor=9
         - OneHot@one_hot.zir:11
           cycle=0, step=0, pc=0x00000000, major=3, minor=9
         - OneHot@one_hot.zir:9
           cycle=0, step=0, pc=0x00000000, major=3, minor=9
       Global: memory permutation violated
         0xFFFF0100 (data): expected write missing, needed 0x00000000 (cycle 0)
       Global: cycle lookup violated (2 indices broken)
         index 0: 2256 provides, 1 uses (imbalanced)
         index 2013265920: orphan provide (2 entries, no matching use)
  [264] ✓ PRE_EXEC_REG_MOD @ step 3249: 1 failures, 4183ms, outcome: REJECTED, exit: 101 [proof:GENERATED] G=memory
       r=0.235  T_new=0.00 F_new=0.63 F_rare=1.00 U=0 Q=0.61 Q_l=0.72 Q_g=0.85 dl=1 dg=1
       Value: 0x00000020 -> 0x0000001E
       Register: x11 (a1), READ, strategy=next_read
       zkVM errors (1 lines):
         • [prover_impl.rs:280] verify segment (internal proof verification failed)
       Local constraints hit (1 unique):
         - IsRead@mem.zir:79
           cycle=20051, step=3249, pc=0x00204BE4, major=2, minor=1
       Global: memory permutation violated
         x11/a1: wrote 0x0000001e, expected 0x00000020 (cycle 40102)
  [265] ✓ INSTR_TYPE_MOD @ step 2144: 4 failures, 4161ms, outcome: REJECTED, exit: 101 [proof:GENERATED] G=memory
       r=0.087  T_new=0.00 F_new=0.95 F_rare=1.00 U=0 Q=0.19 Q_l=0.26 Q_g=0.72 dl=4 dg=2
       Value: 0x00050002 -> 0x00010001
       Original: Lw [major=5, minor=2]
       Mutated:  OrI [major=1, minor=1]
       zkVM errors (3 lines):
         • [prover_impl.rs:280] verify segment (internal proof verification failed)
         • [ffi.cpp:113] address mismatch at cycle 18798: preflight=0x0008003f, actual=0x3fffc020
         • [kernels/cxx/ffi.cpp:208] SKIP THROW: memory peek not in preflight
       Local constraints hit (4 unique):
         - MemoryWrite@mem.zir:100
           cycle=18798, step=2144, pc=0x00202544, major=1, minor=1
         - MemoryWrite@mem.zir:99
           cycle=18798, step=2144, pc=0x00202544, major=1, minor=1
         - VerifyOpcodeF3@inst.zir:96
           cycle=18798, step=2144, pc=0x00202544, major=1, minor=1
         - VerifyOpcodeF3@inst.zir:97
           cycle=18798, step=2144, pc=0x00202544, major=1, minor=1
       Global: memory permutation violated
         0x002000FC (data): unexpected write 0x00000001 (cycle 37481)
         x0/zero: expected write missing, needed 0x00000001 (cycle 37481)
  [266] ✓ INSTR_WORD_MOD_SUR @ step 1530: 0 failures, 4151ms, outcome: REJECTED, exit: 101 [proof:GENERATED] G=memory[GO]
       r=0.256  T_new=0.00 F_new=0.78 F_rare=1.00 U=0 Q=0.61 Q_l=1.00 Q_g=0.61 dl=0 dg=3
       Value: 0xFE0614E3 -> 0xFF0614E3
       Surgical: rs2 = 0 -> 16
       Original: BNE x12, x0, -24
       Mutated:  BNE x12, x16, -24
       zkVM errors (3 lines):
         • [prover_impl.rs:280] verify segment (internal proof verification failed)
         • [ffi.cpp:113] address mismatch at cycle 18174: preflight=0x3fffc020, actual=0x3fffc030
         • [kernels/cxx/ffi.cpp:208] SKIP THROW: memory peek not in preflight
       Global: memory permutation violated [GLOBAL-ONLY]
         x0/zero: unexpected write 0x00000000 (cycle 36334)
         x16/a6: expected write missing, needed 0x00000000 (cycle 36334)
         0x002184D4 (code): wrote 0xfe0614e3, expected 0xff0614e3 (cycle 36334)
  [267] ✓ INSTR_TYPE_MOD @ step 835: 2 failures, 4094ms, outcome: REJECTED, exit: 101 [proof:GENERATED]
       r=0.107  T_new=0.00 F_new=0.00 F_rare=0.71 U=0 Q=0.51 Q_l=0.51 Q_g=1.00 dl=2 dg=0
       Value: 0x00030001 -> 0x00030000
       Original: SllI [major=3, minor=1]
       Mutated:  Sll [major=3, minor=0]
       zkVM errors (1 lines):
         • [prover_impl.rs:280] verify segment (internal proof verification failed)
       Local constraints hit (2 unique):
         - MemoryWrite@mem.zir:99
           cycle=17456, step=835, pc=0xC0000148, major=3, minor=0
         - VerifyOpcodeF3F7@inst.zir:102
           cycle=17456, step=835, pc=0xC0000148, major=3, minor=0
       Global: no permutation/lookup violations (local-only)
  [268] ✓ MEM_VAL_MOD @ step 484: 2 failures, 4174ms, outcome: REJECTED, exit: 101 [proof:GENERATED] G=memory
       r=0.107  T_new=0.00 F_new=0.39 F_rare=0.63 U=0 Q=0.43 Q_l=0.51 Q_g=0.85 dl=2 dg=1
       Value: 0x002008C4 -> 0x0EADB5FE
       Transaction: store_rmw_read (READ) at address 0x0020035c
       zkVM errors (1 lines):
         • [prover_impl.rs:280] verify segment (internal proof verification failed)
       Local constraints hit (2 unique):
         - IsRead@mem.zir:79
           cycle=17081, step=484, pc=0x00203190, major=6, minor=2
         - IsRead@mem.zir:80
           cycle=17081, step=484, pc=0x00203190, major=6, minor=2
       Global: memory permutation violated
         0x0020035C (data): wrote 0x0eadb5fe, expected 0x002008c4 (cycle 34162)
  [269] ✓ INSTR_TYPE_MOD @ step 934: 5 failures, 4252ms, outcome: REJECTED, exit: 101 [proof:GENERATED] G=memory|cycle
       r=0.026  T_new=0.00 F_new=0.86 F_rare=1.00 U=0 Q=0.06 Q_l=0.19 Q_g=0.31 dl=5 dg=7
       Value: 0x00050002 -> 0x00060002
       Original: Lw [major=5, minor=2]
       Mutated:  Sw [major=6, minor=2]
       zkVM errors (3 lines):
         • [prover_impl.rs:280] verify segment (internal proof verification failed)
         • [ffi.cpp:113] address mismatch at cycle 17567: preflight=0x000800d7, actual=0x3fffc02c
         • [kernels/cxx/ffi.cpp:208] SKIP THROW: memory peek not in preflight
       Local constraints hit (5 unique):
         - IsRead@mem.zir:79
           cycle=17567, step=934, pc=0x002031EC, major=6, minor=2
         - MemoryWrite@mem.zir:100
           cycle=17567, step=934, pc=0x002031EC, major=6, minor=2
         - MemoryWrite@mem.zir:99
           cycle=17567, step=934, pc=0x002031EC, major=6, minor=2
         - OpSW@inst_mem.zir:160
           cycle=17567, step=934, pc=0x002031EC, major=6, minor=2
         - VerifyOpcodeF3@inst.zir:96
           cycle=17567, step=934, pc=0x002031EC, major=6, minor=2
       Global: memory permutation violated
         0x00200350 (data): expected write missing, needed 0x00812403 (cycle 34968)
         0x0020035C (data): unexpected write 0x00200a24 (cycle 35005)
         x1/ra: unexpected write 0x002031b8 (cycle 35122)
         x12/a2: expected write missing, needed 0x00200a24 (cycle 35005)
       Global: cycle lookup violated (3 indices broken)
         index 11: 211 provides, 1 uses (imbalanced)
         index 12: 188 provides, 1 uses (imbalanced)
         index 166: 4 provides, 1 uses (imbalanced)
  [270] ✓ PRE_EXEC_REG_MOD @ step 577: 2 failures, 4135ms, outcome: REJECTED, exit: 101 [proof:GENERATED] G=memory
       r=0.108  T_new=0.00 F_new=0.39 F_rare=0.65 U=0 Q=0.43 Q_l=0.51 Q_g=0.85 dl=2 dg=1
       Value: 0x00000000 -> 0x11C0A2CF
       Register: x0 (zero), READ, strategy=next_read
       zkVM errors (1 lines):
         • [prover_impl.rs:280] verify segment (internal proof verification failed)
       Local constraints hit (2 unique):
         - IsRead@mem.zir:79
           cycle=17180, step=577, pc=0x0020613C, major=0, minor=7
         - IsRead@mem.zir:80
           cycle=17180, step=577, pc=0x0020613C, major=0, minor=7
       Global: memory permutation violated
         x0/zero: wrote 0x11c0a2cf, expected 0x00000000 (cycle 34360)
  [271] ✓ INSTR_TYPE_MOD @ step 2589: 5 failures, 4195ms, outcome: REJECTED, exit: 101 [proof:GENERATED] G=memory|cycle
       r=0.036  T_new=0.00 F_new=0.86 F_rare=1.00 U=0 Q=0.08 Q_l=0.19 Q_g=0.43 dl=5 dg=5
       Value: 0x00060002 -> 0x00000004
       Original: Sw [major=6, minor=2]
       Mutated:  And [major=0, minor=4]
       zkVM errors (3 lines):
         • [prover_impl.rs:280] verify segment (internal proof verification failed)
         • [ffi.cpp:113] address mismatch at cycle 19317: preflight=0x000800e5, actual=0x3fffc034
         • [kernels/cxx/ffi.cpp:208] SKIP THROW: memory peek not in preflight
       Local constraints hit (5 unique):
         - MemoryWrite@mem.zir:100
           cycle=19317, step=2589, pc=0x00201560, major=0, minor=4
         - MemoryWrite@mem.zir:99
           cycle=19317, step=2589, pc=0x00201560, major=0, minor=4
         - VerifyOpcodeF3F7@inst.zir:102
           cycle=19317, step=2589, pc=0x00201560, major=0, minor=4
         - VerifyOpcodeF3F7@inst.zir:103
           cycle=19317, step=2589, pc=0x00201560, major=0, minor=4
         - VerifyOpcodeF3F7@inst.zir:104
           cycle=19317, step=2589, pc=0x00201560, major=0, minor=4
       Global: memory permutation violated
         0x00200394 (data): unexpected write 0x00000000 (cycle 35514)
         x20/s4: expected write missing, needed 0x00000000 (cycle 35514)
       Global: cycle lookup violated (3 indices broken)
         index 0: 2254 provides, 1 uses (imbalanced)
         index 3119: orphan use (1 entries, no matching provide)
         index 3120: 1 provides, 1 uses (imbalanced)
  [272] ✓ LOAD_VAL_MOD @ step 2286: 2 failures, 4145ms, outcome: REJECTED, exit: 101 [proof:GENERATED] G=memory
       r=0.107  T_new=0.00 F_new=0.39 F_rare=0.64 U=0 Q=0.43 Q_l=0.51 Q_g=0.85 dl=2 dg=1
       Value: 0x00000000 -> 0xC50E1A48
       Load destination: rd = x11 (a1)
       zkVM errors (1 lines):
         • [prover_impl.rs:280] verify segment (internal proof verification failed)
       Local constraints hit (2 unique):
         - MemoryWrite@mem.zir:100
           cycle=18940, step=2286, pc=0x00203454, major=5, minor=2
         - MemoryWrite@mem.zir:99
           cycle=18940, step=2286, pc=0x00203454, major=5, minor=2
       Global: memory permutation violated
         x11/a1: wrote 0xc50e1a48, expected 0x00000000 (cycle 37881)
  [273] ✓ INSTR_WORD_MOD_SUR @ step 1824: 0 failures, 4157ms, outcome: REJECTED, exit: 101 [proof:GENERATED] G=memory[GO]
       r=0.256  T_new=0.00 F_new=0.78 F_rare=1.00 U=0 Q=0.61 Q_l=1.00 Q_g=0.61 dl=0 dg=3
       Value: 0xFFF60613 -> 0xFFF90613
       Surgical: rs1 = 12 -> 18
       Original: ADDI x12, x12, -1
       Mutated:  ADDI x12, x18, -1
       zkVM errors (3 lines):
         • [prover_impl.rs:280] verify segment (internal proof verification failed)
         • [ffi.cpp:113] address mismatch at cycle 18468: preflight=0x3fffc02c, actual=0x3fffc032
         • [kernels/cxx/ffi.cpp:208] SKIP THROW: memory peek not in preflight
       Global: memory permutation violated [GLOBAL-ONLY]
         x12/a2: unexpected write 0x00000001 (cycle 36926)
         x18/s2: expected write missing, needed 0x00000001 (cycle 36926)
         0x002184CC (code): wrote 0xfff60613, expected 0xfff90613 (cycle 36922)
  [274] ✓ INSTR_TYPE_MOD @ step 106: 1 failures, 4128ms, outcome: REJECTED, exit: 101 [proof:GENERATED]
       r=0.066  T_new=0.00 F_new=0.00 F_rare=0.38 U=0 Q=0.72 Q_l=0.72 Q_g=1.00 dl=1 dg=0
       Value: 0x00060002 -> 0x00060000
       Original: Sw [major=6, minor=2]
       Mutated:  Sb [major=6, minor=0]
       zkVM errors (1 lines):
         • [prover_impl.rs:280] verify segment (internal proof verification failed)
       Local constraints hit (1 unique):
         - VerifyOpcodeF3@inst.zir:97
           cycle=16679, step=106, pc=0x002032E0, major=6, minor=0
       Global: no permutation/lookup violations (local-only)
  [275] ✓ INSTR_TYPE_MOD @ step 0: 5 failures, 4242ms, outcome: REJECTED, exit: 101 [proof:GENERATED] [+3 touch] G=memory|cycle
       r=0.047  T_new=0.08 F_new=0.63 F_rare=1.00 U=0 Q=0.11 Q_l=0.19 Q_g=0.61 dl=5 dg=3
       Value: 0x00020006 -> 0x00000004
       Original: Auipc [major=2, minor=6]
       Mutated:  And [major=0, minor=4]
       zkVM errors (3 lines):
         • [prover_impl.rs:280] verify segment (internal proof verification failed)
         • [ffi.cpp:113] address mismatch at cycle 0: preflight=0x44000000, actual=0x00000000
         • [kernels/cxx/ffi.cpp:208] SKIP THROW: memory peek not in preflight
       Local constraints hit (5 unique):
         - AddrDecompose@u32.zir:67
           cycle=0, step=0, pc=0x00000000, major=0, minor=4
         - ControlLoadRootAndNonce@inst_control.zir:23
           cycle=1, step=0, pc=0x00000000, major=7, minor=0
         - MiscInput@inst_misc.zir:7
           cycle=0, step=0, pc=0x00000000, major=0, minor=4
         - VerifyOpcodeF3F7@inst.zir:102
           cycle=0, step=0, pc=0x00000000, major=0, minor=4
         - VerifyOpcodeF3F7@inst.zir:103
           cycle=0, step=0, pc=0x00000000, major=0, minor=4
       Global: memory permutation violated
         0xFFFF0100 (data): expected write missing, needed 0x00000000 (cycle 0)
       Global: cycle lookup violated (2 indices broken)
         index 0: 2256 provides, 1 uses (imbalanced)
         index 2013265920: orphan provide (2 entries, no matching use)
  [276] ✓ PRE_EXEC_REG_MOD @ step 770: 3 failures, 4194ms, outcome: REJECTED, exit: 101 [proof:GENERATED] G=memory
       r=0.073  T_new=0.00 F_new=0.92 F_rare=1.00 U=0 Q=0.16 Q_l=0.37 Q_g=0.43 dl=3 dg=5
       Value: 0x00000000 -> 0x938D4F09
       Register: x6 (t1), READ, strategy=next_read
       zkVM errors (3 lines):
         • [prover_impl.rs:280] verify segment (internal proof verification failed)
         • [ffi.cpp:113] address mismatch at cycle 17392: preflight=0x0008186f, actual=0x00081855
         • [kernels/cxx/buffers.h:43] SKIP THROW: Inconsistent set
       Local constraints hit (3 unique):
         - IsRead@mem.zir:79
           cycle=17391, step=770, pc=0x002061BC, major=1, minor=6
         - IsRead@mem.zir:80
           cycle=17391, step=770, pc=0x002061BC, major=1, minor=6
         - MemoryWrite@mem.zir:99
           cycle=17393, step=772, pc=0x002031B8, major=2, minor=4
       Global: memory permutation violated
         x6/t1: wrote 0x938d4f09, expected 0x00000000 (cycle 34782)
         0x00206154 (code): expected write missing, needed 0x00080513 (cycle 34618)
         0x00206158 (code): expected write missing, needed 0x00008067 (cycle 34620)
         0x002061BC (code): unexpected write 0x00080513 (cycle 34618)
         0x002061C0 (code): unexpected write 0x00008067 (cycle 34620)
  [277] ✓ INSTR_TYPE_MOD @ step 3663: 5 failures, 4168ms, outcome: REJECTED, exit: 101 [proof:GENERATED] G=memory
       r=0.018  T_new=0.00 F_new=1.00 F_rare=1.00 U=0 Q=0.04 Q_l=0.19 Q_g=0.19 dl=5 dg=10
       Value: 0x00020001 -> 0x00030000
       Original: BltU [major=2, minor=1]
       Mutated:  Sll [major=3, minor=0]
       zkVM errors (3 lines):
         • [prover_impl.rs:280] verify segment (internal proof verification failed)
         • [ffi.cpp:113] address mismatch at cycle 20539: preflight=0x3fffc060, actual=0x3fffc035
         • [kernels/cxx/ffi.cpp:208] SKIP THROW: memory peek not in preflight
       Local constraints hit (5 unique):
         - MemoryWrite@mem.zir:100
           cycle=20539, step=3663, pc=0x00203418, major=3, minor=0
         - MemoryWrite@mem.zir:99
           cycle=20567, step=3691, pc=0x00205758, major=2, minor=4
         - VerifyOpcodeF3F7@inst.zir:102
           cycle=20539, step=3663, pc=0x00203418, major=3, minor=0
         - VerifyOpcodeF3F7@inst.zir:103
           cycle=20539, step=3663, pc=0x00203418, major=3, minor=0
         - VerifyOpcodeF3F7@inst.zir:104
           cycle=20539, step=3663, pc=0x00203418, major=3, minor=0
       Global: memory permutation violated (52 addrs: 1 register, 50 code, 1 data)
         x21/s5: expected write missing, needed 0x00000000 (cycle 41053)
         0xFFFF0180 (data): unexpected write 0x00000000 (cycle 41053)
         + 50 code addresses diverged (instruction fetch cascade)
  [278] ✓ INSTR_TYPE_MOD @ step 2578: 3 failures, 4112ms, outcome: REJECTED, exit: 101 [proof:GENERATED]
       r=0.031  T_new=0.00 F_new=0.00 F_rare=0.34 U=0 Q=0.37 Q_l=0.37 Q_g=1.00 dl=3 dg=0
       Value: 0x00060002 -> 0x00060000
       Original: Sw [major=6, minor=2]
       Mutated:  Sb [major=6, minor=0]
       zkVM errors (1 lines):
         • [prover_impl.rs:280] verify segment (internal proof verification failed)
       Local constraints hit (3 unique):
         - MemoryWrite@mem.zir:100
           cycle=19306, step=2578, pc=0x00201534, major=6, minor=0
         - MemoryWrite@mem.zir:99
           cycle=19306, step=2578, pc=0x00201534, major=6, minor=0
         - VerifyOpcodeF3@inst.zir:97
           cycle=19306, step=2578, pc=0x00201534, major=6, minor=0
       Global: no permutation/lookup violations (local-only)
  [279] ✓ MEM_VAL_MOD @ step 54: 4 failures, 4120ms, outcome: REJECTED, exit: 101 [proof:GENERATED] G=memory
       r=0.086  T_new=0.00 F_new=0.63 F_rare=1.00 U=0 Q=0.22 Q_l=0.26 Q_g=0.85 dl=4 dg=1
       Value: 0x00000000 -> 0xA24B3E9C
       Transaction: store_rmw_read (READ) at address 0x002213f4
       zkVM errors (1 lines):
         • [prover_impl.rs:280] verify segment (internal proof verification failed)
       Local constraints hit (4 unique):
         - IsRead@mem.zir:79
           cycle=16627, step=54, pc=0x00203210, major=6, minor=0
         - IsRead@mem.zir:80
           cycle=16627, step=54, pc=0x00203210, major=6, minor=0
         - MemoryWrite@mem.zir:100
           cycle=16627, step=54, pc=0x00203210, major=6, minor=0
         - MemoryWrite@mem.zir:99
           cycle=16627, step=54, pc=0x00203210, major=6, minor=0
       Global: memory permutation violated
         0x002213F4 (code): wrote 0xa24b3e9c, expected 0x00000000 (cycle 33254)
  [280] 💥 PRE_EXEC_REG_MOD @ step 2973: 2 failures, 660ms, outcome: CRASH, exit: -11 [proof:NOT_GENERATED]
       r=0.000  T_new=0.00 F_new=0.00 F_rare=0.00 U=0 Q=0.00 Q_l=0.00 Q_g=1.00 dl=0 dg=0
       Value: 0x002056B0 -> 0xEBFDE304
       Register: x1 (ra), READ, strategy=next_read
       Local constraints hit (2 unique):
         - IsRead@mem.zir:79
           cycle=19701, step=2973, pc=0x002056B0, major=2, minor=4
         - IsRead@mem.zir:80
           cycle=19701, step=2973, pc=0x002056B0, major=2, minor=4
       Global: no permutation/lookup violations (local-only)
  [281] ✓ INSTR_TYPE_MOD @ step 2398: 11 failures, 4202ms, outcome: REJECTED, exit: 101 [proof:GENERATED] G=memory
       r=0.003  T_new=0.00 F_new=0.99 F_rare=1.00 U=0 Q=0.01 Q_l=0.04 Q_g=0.19 dl=10 dg=10
       Value: 0x00010006 -> 0x0001000A
       Original: Bne [major=1, minor=6]
       Mutated:  BgeU [major=1, minor=10] ⚠INVALID
       zkVM errors (3 lines):
         • [prover_impl.rs:280] verify segment (internal proof verification failed)
         • [ffi.cpp:113] address mismatch at cycle 19053: preflight=0x000804f7, actual=0x00000000
         • [kernels/cxx/buffers.h:43] SKIP THROW: Inconsistent set
       Local constraints hit (5 unique):
         - AddrDecompose@u32.zir:67 (x5)
           cycle=19053, step=2399, pc=0x002013E0, major=2, minor=5
         - MemoryWrite@mem.zir:100 (x2)
           cycle=19056, step=2402, pc=0x002013EC, major=2, minor=6
         - MemoryWrite@mem.zir:99 (x2)
           cycle=19056, step=2402, pc=0x002013EC, major=2, minor=6
         - OneHot@one_hot.zir:11
           cycle=19052, step=2398, pc=0x002013DC, major=1, minor=10
         - OneHot@one_hot.zir:9
           cycle=19052, step=2398, pc=0x002013DC, major=1, minor=10
       Global: memory permutation violated (10 addrs: 5 code, 5 data)
         0x00000000 (data): expected write missing, needed 0x0021a9b7 (cycle 6694)
         0x00000004 (data): expected write missing, needed 0xe7498993 (cycle 6714)
         0x00000008 (data): expected write missing, needed 0x00090513 (cycle 6714)
         + 5 code addresses diverged (instruction fetch cascade)
         + 2 more addresses
  [282] ✓ STORE_OUT_MOD @ step 1667: 1 failures, 4172ms, outcome: REJECTED, exit: 101 [proof:GENERATED] G=memory
       r=0.149  T_new=0.00 F_new=0.39 F_rare=0.64 U=0 Q=0.61 Q_l=0.72 Q_g=0.85 dl=1 dg=1
       Value: 0x00000000 -> 0x00000010
       Store address: 0x00200090
       zkVM errors (1 lines):
         • [prover_impl.rs:280] verify segment (internal proof verification failed)
       Local constraints hit (1 unique):
         - MemoryWrite@mem.zir:99
           cycle=18311, step=1667, pc=0x002096C4, major=6, minor=2
       Global: memory permutation violated
         0x00200090 (data): wrote 0x00000010, expected 0x00000000 (cycle 36623)
  [283] ✓ INSTR_WORD_MOD_FULL @ step 1064: 1 failures, 4149ms, outcome: REJECTED, exit: 101 [proof:GENERATED] G=memory
       r=0.148  T_new=0.00 F_new=0.39 F_rare=0.63 U=0 Q=0.61 Q_l=0.72 Q_g=0.85 dl=1 dg=1
       Value: 0x07660613 -> 0x03660613
       Original: ADDI x12, x12, 118
       Mutated:  ADDI x12, x12, 54
       zkVM errors (1 lines):
         • [prover_impl.rs:280] verify segment (internal proof verification failed)
       Local constraints hit (1 unique):
         - MemoryWrite@mem.zir:99
           cycle=17703, step=1064, pc=0x00206330, major=0, minor=7
       Global: memory permutation violated
         0x0020632C (code): wrote 0x07660613, expected 0x03660613 (cycle 18186)
  [284] ✓ MEM_VAL_MOD @ step 3581: 2 failures, 4234ms, outcome: REJECTED, exit: 101 [proof:GENERATED] G=memory
       r=0.106  T_new=0.00 F_new=0.39 F_rare=0.63 U=0 Q=0.43 Q_l=0.51 Q_g=0.85 dl=2 dg=1
       Value: 0x00000000 -> 0xFFFFFFFE
       Transaction: store_rmw_read (READ) at address 0x0020017c
       zkVM errors (1 lines):
         • [prover_impl.rs:280] verify segment (internal proof verification failed)
       Local constraints hit (2 unique):
         - IsRead@mem.zir:79
           cycle=20457, step=3581, pc=0x00205638, major=6, minor=2
         - IsRead@mem.zir:80
           cycle=20457, step=3581, pc=0x00205638, major=6, minor=2
       Global: memory permutation violated
         0x0020017C (data): wrote 0xfffffffe, expected 0x00000000 (cycle 40914)
  [285] ✓ LOAD_VAL_MOD @ step 388: 2 failures, 4140ms, outcome: REJECTED, exit: 101 [proof:GENERATED] G=memory
       r=0.107  T_new=0.00 F_new=0.39 F_rare=0.63 U=0 Q=0.43 Q_l=0.51 Q_g=0.85 dl=2 dg=1
       Value: 0x00000001 -> 0x0B87F71C
       Load destination: rd = x8 (s0/fp)
       zkVM errors (1 lines):
         • [prover_impl.rs:280] verify segment (internal proof verification failed)
       Local constraints hit (2 unique):
         - MemoryWrite@mem.zir:100
           cycle=16979, step=388, pc=0x002031F0, major=5, minor=2
         - MemoryWrite@mem.zir:99
           cycle=16979, step=388, pc=0x002031F0, major=5, minor=2
       Global: memory permutation violated
         x8/s0: wrote 0x0b87f71c, expected 0x00000001 (cycle 33959)
  [286] ✓ INSTR_TYPE_MOD @ step 169: 6 failures, 4209ms, outcome: REJECTED, exit: 101 [proof:GENERATED] G=memory|cycle
       r=0.027  T_new=0.00 F_new=0.92 F_rare=1.00 U=0 Q=0.06 Q_l=0.14 Q_g=0.43 dl=6 dg=5
       Value: 0x00020001 -> 0x00060002
       Original: BltU [major=2, minor=1]
       Mutated:  Sw [major=6, minor=2]
       zkVM errors (3 lines):
         • [prover_impl.rs:280] verify segment (internal proof verification failed)
         • [ffi.cpp:113] address mismatch at cycle 16742: preflight=0x3fffc040, actual=0x00000107
         • [kernels/cxx/ffi.cpp:208] SKIP THROW: memory peek not in preflight
       Local constraints hit (6 unique):
         - AddrDecomposeBits@u32.zir:87
           cycle=16742, step=169, pc=0xC000014C, major=6, minor=2
         - IsRead@mem.zir:79
           cycle=16742, step=169, pc=0xC000014C, major=6, minor=2
         - IsRead@mem.zir:80
           cycle=16742, step=169, pc=0xC000014C, major=6, minor=2
         - MemoryWrite@mem.zir:99
           cycle=16742, step=169, pc=0xC000014C, major=6, minor=2
         - VerifyOpcodeF3@inst.zir:96
           cycle=16742, step=169, pc=0xC000014C, major=6, minor=2
         - VerifyOpcodeF3@inst.zir:97
           cycle=16742, step=169, pc=0xC000014C, major=6, minor=2
       Global: memory permutation violated
         0x0000041C (data): expected write missing, needed 0x00000073 (cycle 30122)
         0xFFFF0100 (data): unexpected write 0xc000005c (cycle 33473)
       Global: cycle lookup violated (3 indices broken)
         index 10: 230 provides, 1 uses (imbalanced)
         index 11: 209 provides, 1 uses (imbalanced)
         index 3362: 1 provides, 1 uses (imbalanced)
  [287] ✓ PRE_EXEC_REG_MOD @ step 3376: 4 failures, 4132ms, outcome: REJECTED, exit: 101 [proof:GENERATED] G=memory
       r=0.055  T_new=0.00 F_new=0.39 F_rare=0.64 U=0 Q=0.22 Q_l=0.26 Q_g=0.85 dl=4 dg=1
       Value: 0x00000020 -> 0x5DCDC22C
       Register: x11 (a1), READ, strategy=next_read
       zkVM errors (1 lines):
         • [prover_impl.rs:280] verify segment (internal proof verification failed)
       Local constraints hit (4 unique):
         - IsRead@mem.zir:79
           cycle=20178, step=3376, pc=0x00204C4C, major=0, minor=7
         - IsRead@mem.zir:80
           cycle=20178, step=3376, pc=0x00204C4C, major=0, minor=7
         - MemoryWrite@mem.zir:100
           cycle=20178, step=3376, pc=0x00204C4C, major=0, minor=7
         - MemoryWrite@mem.zir:99
           cycle=20178, step=3376, pc=0x00204C4C, major=0, minor=7
       Global: memory permutation violated
         x11/a1: wrote 0x5dcdc22c, expected 0x00000020 (cycle 40356)
  [288] ✓ INSTR_WORD_MOD_FULL @ step 3488: 0 failures, 4099ms, outcome: REJECTED, exit: 101 [proof:GENERATED] G=memory[GO]
       r=0.256  T_new=0.00 F_new=0.78 F_rare=1.00 U=0 Q=0.61 Q_l=1.00 Q_g=0.61 dl=0 dg=3
       Value: 0x00B775B3 -> 0x00B675B3
       Original: AND x11, x14, x11
       Mutated:  AND x11, x12, x11
       zkVM errors (3 lines):
         • [prover_impl.rs:280] verify segment (internal proof verification failed)
         • [ffi.cpp:113] address mismatch at cycle 20290: preflight=0x3fffc02e, actual=0x3fffc02c
         • [kernels/cxx/ffi.cpp:208] SKIP THROW: memory peek not in preflight
       Global: memory permutation violated [GLOBAL-ONLY]
         x12/a2: expected write missing, needed 0xffffffff (cycle 40579)
         x14/a4: unexpected write 0xffffffff (cycle 40579)
         0x00205E14 (code): wrote 0x00b775b3, expected 0x00b675b3 (cycle 40054)
  [289] ✓ INSTR_WORD_MOD_SUR @ step 3637: 1 failures, 4148ms, outcome: REJECTED, exit: 101 [proof:GENERATED] G=memory
       r=0.162  T_new=0.00 F_new=0.39 F_rare=0.72 U=0 Q=0.61 Q_l=0.72 Q_g=0.85 dl=1 dg=1
       Value: 0x00098613 -> 0x0009C613
       Surgical: funct3 = 0 -> 4
       Original: ADDI x12, x19, 0
       Mutated:  XORI x12, x19, 0
       zkVM errors (1 lines):
         • [prover_impl.rs:280] verify segment (internal proof verification failed)
       Local constraints hit (1 unique):
         - VerifyOpcodeF3@inst.zir:97
           cycle=20513, step=3637, pc=0x00205750, major=0, minor=7
       Global: memory permutation violated
         0x0020574C (code): wrote 0x00098613, expected 0x0009c613 (cycle 39468)
  [290] ✓ INSTR_TYPE_MOD @ step 921: 4 failures, 4091ms, outcome: REJECTED, exit: 101 [proof:GENERATED]
       r=0.045  T_new=0.00 F_new=0.00 F_rare=0.58 U=0 Q=0.26 Q_l=0.26 Q_g=1.00 dl=4 dg=0
       Value: 0x00040002 -> 0x00040004
       Original: SrlI [major=4, minor=2]
       Mutated:  Div [major=4, minor=4]
       zkVM errors (1 lines):
         • [prover_impl.rs:280] verify segment (internal proof verification failed)
       Local constraints hit (4 unique):
         - MemoryWrite@mem.zir:99
           cycle=17554, step=921, pc=0x002061A8, major=4, minor=4
         - VerifyOpcodeF3F7@inst.zir:102
           cycle=17554, step=921, pc=0x002061A8, major=4, minor=4
         - VerifyOpcodeF3F7@inst.zir:103
           cycle=17554, step=921, pc=0x002061A8, major=4, minor=4
         - VerifyOpcodeF3F7@inst.zir:104
           cycle=17554, step=921, pc=0x002061A8, major=4, minor=4
       Global: no permutation/lookup violations (local-only)
  [291] ✓ INSTR_TYPE_MOD @ step 1953: 4 failures, 4234ms, outcome: REJECTED, exit: 101 [proof:GENERATED] G=memory
       r=0.025  T_new=0.00 F_new=1.00 F_rare=1.00 U=0 Q=0.05 Q_l=0.26 Q_g=0.19 dl=4 dg=10
       Value: 0x00000007 -> 0x00020007
       Original: AddI [major=0, minor=7]
       Mutated:  Unknown(2,7) [major=2, minor=7] ⚠INVALID
       zkVM errors (3 lines):
         • [prover_impl.rs:280] verify segment (internal proof verification failed)
         • [ffi.cpp:113] address mismatch at cycle 18602: preflight=0x3fffc02b, actual=0x3fffc060
         • [kernels/cxx/ffi.cpp:208] SKIP THROW: memory peek not in preflight
       Local constraints hit (3 unique):
         - MemoryWrite@mem.zir:100
           cycle=18602, step=1953, pc=0x002184CC, major=2, minor=7
         - MemoryWrite@mem.zir:99 (x2)
           cycle=18602, step=1953, pc=0x002184CC, major=2, minor=7
         - VerifyOpcodeF3F7@inst.zir:102
           cycle=18602, step=1953, pc=0x002184CC, major=2, minor=7
       Global: memory permutation violated (12 addrs: 1 register, 10 code, 1 data)
         x11/a1: unexpected write 0x0021ba8d (cycle 37204)
         0xFFFF0180 (data): expected write missing, needed 0x0021ba8d (cycle 37204)
         + 10 code addresses diverged (instruction fetch cascade)
  [292] ✓ INSTR_TYPE_MOD @ step 2480: 4 failures, 4070ms, outcome: REJECTED, exit: 101 [proof:GENERATED]
       r=0.082  T_new=0.00 F_new=0.39 F_rare=0.79 U=0 Q=0.26 Q_l=0.26 Q_g=1.00 dl=4 dg=0
       Value: 0x00030001 -> 0x00030003
       Original: SllI [major=3, minor=1]
       Mutated:  MulH [major=3, minor=3]
       zkVM errors (1 lines):
         • [prover_impl.rs:280] verify segment (internal proof verification failed)
       Local constraints hit (4 unique):
         - MemoryWrite@mem.zir:100
           cycle=19134, step=2480, pc=0xC000007C, major=3, minor=3
         - MemoryWrite@mem.zir:99
           cycle=19134, step=2480, pc=0xC000007C, major=3, minor=3
         - VerifyOpcodeF3F7@inst.zir:102
           cycle=19134, step=2480, pc=0xC000007C, major=3, minor=3
         - VerifyOpcodeF3F7@inst.zir:104
           cycle=19134, step=2480, pc=0xC000007C, major=3, minor=3
       Global: no permutation/lookup violations (local-only)
  [293] ✓ INSTR_TYPE_MOD @ step 2391: 6 failures, 4103ms, outcome: REJECTED, exit: 101 [proof:GENERATED] G=memory
       r=0.012  T_new=0.00 F_new=0.97 F_rare=1.00 U=0 Q=0.03 Q_l=0.14 Q_g=0.19 dl=6 dg=10
       Value: 0x00020004 -> 0x00000004
       Original: JalR [major=2, minor=4]
       Mutated:  And [major=0, minor=4]
       zkVM errors (3 lines):
         • [prover_impl.rs:280] verify segment (internal proof verification failed)
         • [ffi.cpp:113] address mismatch at cycle 19046: preflight=0x000804c1, actual=0x00080cbd
         • [kernels/cxx/buffers.h:43] SKIP THROW: Inconsistent set
       Local constraints hit (4 unique):
         - MemoryWrite@mem.zir:100
           cycle=19045, step=2391, pc=0x00201304, major=0, minor=4
         - MemoryWrite@mem.zir:99 (x3)
           cycle=19045, step=2391, pc=0x00201304, major=0, minor=4
         - VerifyOpcodeF3F7@inst.zir:102
           cycle=19045, step=2391, pc=0x00201304, major=0, minor=4
         - VerifyOpcodeF3F7@inst.zir:103
           cycle=19045, step=2391, pc=0x00201304, major=0, minor=4
       Global: memory permutation violated (24 addrs: 24 code)
         + 24 code addresses diverged (instruction fetch cascade)
  [294] ✓ INSTR_TYPE_MOD @ step 1347: 5 failures, 4092ms, outcome: REJECTED, exit: 101 [proof:GENERATED]
       r=0.087  T_new=0.00 F_new=0.78 F_rare=1.00 U=0 Q=0.19 Q_l=0.19 Q_g=1.00 dl=5 dg=0
       Value: 0x00000007 -> 0x00040005
       Original: AddI [major=0, minor=7]
       Mutated:  DivU [major=4, minor=5]
       zkVM errors (1 lines):
         • [prover_impl.rs:280] verify segment (internal proof verification failed)
       Local constraints hit (5 unique):
         - MemoryWrite@mem.zir:100
           cycle=17991, step=1347, pc=0x002184D4, major=4, minor=5
         - MemoryWrite@mem.zir:99
           cycle=17991, step=1347, pc=0x002184D4, major=4, minor=5
         - VerifyOpcodeF3F7@inst.zir:102
           cycle=17991, step=1347, pc=0x002184D4, major=4, minor=5
         - VerifyOpcodeF3F7@inst.zir:103
           cycle=17991, step=1347, pc=0x002184D4, major=4, minor=5
         - VerifyOpcodeF3F7@inst.zir:104
           cycle=17991, step=1347, pc=0x002184D4, major=4, minor=5
       Global: no permutation/lookup violations (local-only)
  [295] ✓ INSTR_TYPE_MOD @ step 3163: 5 failures, 4220ms, outcome: REJECTED, exit: 101 [proof:GENERATED]
       r=0.034  T_new=0.00 F_new=0.00 F_rare=0.64 U=0 Q=0.19 Q_l=0.19 Q_g=1.00 dl=5 dg=0
       Value: 0x00000007 -> 0x00030003
       Original: AddI [major=0, minor=7]
       Mutated:  MulH [major=3, minor=3]
       zkVM errors (1 lines):
         • [prover_impl.rs:280] verify segment (internal proof verification failed)
       Local constraints hit (5 unique):
         - MemoryWrite@mem.zir:100
           cycle=19965, step=3163, pc=0x0020581C, major=3, minor=3
         - MemoryWrite@mem.zir:99
           cycle=19965, step=3163, pc=0x0020581C, major=3, minor=3
         - VerifyOpcodeF3F7@inst.zir:102
           cycle=19965, step=3163, pc=0x0020581C, major=3, minor=3
         - VerifyOpcodeF3F7@inst.zir:103
           cycle=19965, step=3163, pc=0x0020581C, major=3, minor=3
         - VerifyOpcodeF3F7@inst.zir:104
           cycle=19965, step=3163, pc=0x0020581C, major=3, minor=3
       Global: no permutation/lookup violations (local-only)
  [296] ✓ INSTR_TYPE_MOD @ step 0: 5 failures, 4231ms, outcome: REJECTED, exit: 101 [proof:GENERATED] [+3 touch] G=memory|cycle
       r=0.047  T_new=0.08 F_new=0.63 F_rare=1.00 U=0 Q=0.11 Q_l=0.19 Q_g=0.61 dl=5 dg=3
       Value: 0x00020006 -> 0x00010004
       Original: Auipc [major=2, minor=6]
       Mutated:  SltIU [major=1, minor=4]
       zkVM errors (3 lines):
         • [prover_impl.rs:280] verify segment (internal proof verification failed)
         • [ffi.cpp:113] address mismatch at cycle 0: preflight=0x44000000, actual=0x00000000
         • [kernels/cxx/ffi.cpp:208] SKIP THROW: memory peek not in preflight
       Local constraints hit (5 unique):
         - AddrDecompose@u32.zir:67
           cycle=0, step=0, pc=0x00000000, major=1, minor=4
         - ControlLoadRootAndNonce@inst_control.zir:23
           cycle=1, step=0, pc=0x00000000, major=7, minor=0
         - MiscInput@inst_misc.zir:7
           cycle=0, step=0, pc=0x00000000, major=1, minor=4
         - VerifyOpcodeF3@inst.zir:96
           cycle=0, step=0, pc=0x00000000, major=1, minor=4
         - VerifyOpcodeF3@inst.zir:97
           cycle=0, step=0, pc=0x00000000, major=1, minor=4
       Global: memory permutation violated
         0xFFFF0100 (data): expected write missing, needed 0x00000000 (cycle 0)
       Global: cycle lookup violated (2 indices broken)
         index 0: 2256 provides, 1 uses (imbalanced)
         index 2013265920: orphan provide (2 entries, no matching use)
  [297] ✓ INSTR_TYPE_MOD @ step 3561: 5 failures, 4193ms, outcome: REJECTED, exit: 101 [proof:GENERATED] G=memory
       r=0.033  T_new=0.00 F_new=0.99 F_rare=1.00 U=0 Q=0.07 Q_l=0.19 Q_g=0.37 dl=5 dg=6
       Value: 0x00000001 -> 0x00020002
       Original: Sub [major=0, minor=1]
       Mutated:  BgeU [major=2, minor=2]
       zkVM errors (3 lines):
         • [prover_impl.rs:280] verify segment (internal proof verification failed)
         • [ffi.cpp:113] address mismatch at cycle 20437: preflight=0x3fffc02f, actual=0x3fffc060
         • [kernels/cxx/ffi.cpp:208] SKIP THROW: memory peek not in preflight
       Local constraints hit (4 unique):
         - DecodeInst@inst.zir:29 (x2)
           cycle=20438, step=3562, pc=0x00206238, major=1, minor=5
         - MemoryWrite@mem.zir:99
           cycle=20439, step=3563, pc=0x00205440, major=2, minor=4
         - VerifyOpcodeF3@inst.zir:96
           cycle=20437, step=3561, pc=0x002061F4, major=2, minor=2
         - VerifyOpcodeF3@inst.zir:97
           cycle=20437, step=3561, pc=0x002061F4, major=2, minor=2
       Global: memory permutation violated
         x15/a5: unexpected write 0x00000001 (cycle 40874)
         0xFFFF0180 (data): expected write missing, needed 0x00000001 (cycle 40874)
         0x002061F4 (code): unexpected write 0x04078263 (cycle 39920)
         0x00206238 (code): unexpected write 0x00008067 (cycle 39922)
         0x00206DFC (code): expected write missing, needed 0x04078263 (cycle 39920)
         0x00206E40 (code): expected write missing, needed 0x00008067 (cycle 39922)
  [298] ✓ INSTR_TYPE_MOD @ step 1509: 4 failures, 4138ms, outcome: REJECTED, exit: 101 [proof:GENERATED] G=memory
       r=0.010  T_new=0.00 F_new=0.00 F_rare=0.71 U=0 Q=0.05 Q_l=0.26 Q_g=0.19 dl=4 dg=10
       Value: 0x00010006 -> 0x00030000
       Original: Bne [major=1, minor=6]
       Mutated:  Sll [major=3, minor=0]
       zkVM errors (3 lines):
         • [prover_impl.rs:280] verify segment (internal proof verification failed)
         • [ffi.cpp:113] address mismatch at cycle 18153: preflight=0x3fffc060, actual=0x3fffc029
         • [kernels/cxx/ffi.cpp:208] SKIP THROW: memory peek not in preflight
       Local constraints hit (3 unique):
         - MemoryWrite@mem.zir:99 (x2)
           cycle=18153, step=1509, pc=0x002184BC, major=3, minor=0
         - VerifyOpcodeF3F7@inst.zir:102
           cycle=18153, step=1509, pc=0x002184BC, major=3, minor=0
         - VerifyOpcodeF3F7@inst.zir:104
           cycle=18153, step=1509, pc=0x002184BC, major=3, minor=0
       Global: memory permutation violated (18 addrs: 1 register, 16 code, 1 data)
         x9/s1: expected write missing, needed 0x00000000 (cycle 36299)
         0xFFFF0180 (data): unexpected write 0x00000000 (cycle 36299)
         + 16 code addresses diverged (instruction fetch cascade)
  [299] ✓ PRE_EXEC_REG_MOD @ step 1368: 4 failures, 4190ms, outcome: REJECTED, exit: 101 [proof:GENERATED] G=memory
       r=0.055  T_new=0.00 F_new=0.39 F_rare=0.64 U=0 Q=0.22 Q_l=0.26 Q_g=0.85 dl=4 dg=1
       Value: 0x00200313 -> 0xDADB5CCC
       Register: x10 (a0), READ, strategy=next_read
       zkVM errors (1 lines):
         • [prover_impl.rs:280] verify segment (internal proof verification failed)
       Local constraints hit (4 unique):
         - IsRead@mem.zir:79
           cycle=18012, step=1368, pc=0x002184D4, major=0, minor=7
         - IsRead@mem.zir:80
           cycle=18012, step=1368, pc=0x002184D4, major=0, minor=7
         - MemoryWrite@mem.zir:100
           cycle=18012, step=1368, pc=0x002184D4, major=0, minor=7
         - MemoryWrite@mem.zir:99
           cycle=18012, step=1368, pc=0x002184D4, major=0, minor=7
       Global: memory permutation violated
         x10/a0: wrote 0xdadb5ccc, expected 0x00200313 (cycle 36024)
  [300] ✓ INSTR_TYPE_MOD @ step 2952: 2 failures, 4078ms, outcome: REJECTED, exit: 101 [proof:GENERATED]
       r=0.056  T_new=0.00 F_new=0.00 F_rare=0.45 U=0 Q=0.51 Q_l=0.51 Q_g=1.00 dl=2 dg=0
       Value: 0x00000007 -> 0x00000002
       Original: AddI [major=0, minor=7]
       Mutated:  Xor [major=0, minor=2]
       zkVM errors (1 lines):
         • [prover_impl.rs:280] verify segment (internal proof verification failed)
       Local constraints hit (2 unique):
         - VerifyOpcodeF3F7@inst.zir:102
           cycle=19680, step=2952, pc=0x00205640, major=0, minor=2
         - VerifyOpcodeF3F7@inst.zir:103
           cycle=19680, step=2952, pc=0x00205640, major=0, minor=2
       Global: no permutation/lookup violations (local-only)
  [301] ✓ INSTR_TYPE_MOD @ step 2753: 9 failures, 4146ms, outcome: REJECTED, exit: 101 [proof:GENERATED] G=memory
       r=0.006  T_new=0.00 F_new=0.99 F_rare=1.00 U=0 Q=0.01 Q_l=0.07 Q_g=0.19 dl=8 dg=10
       Value: 0x00020004 -> 0x00000004
       Original: JalR [major=2, minor=4]
       Mutated:  And [major=0, minor=4]
       zkVM errors (3 lines):
         • [prover_impl.rs:280] verify segment (internal proof verification failed)
         • [ffi.cpp:113] address mismatch at cycle 19482: preflight=0x00080deb, actual=0x000805c4
         • [kernels/cxx/buffers.h:43] SKIP THROW: Inconsistent set
       Local constraints hit (5 unique):
         - MemoryWrite@mem.zir:100
           cycle=19481, step=2753, pc=0x002037AC, major=0, minor=4
         - MemoryWrite@mem.zir:99 (x5)
           cycle=19481, step=2753, pc=0x002037AC, major=0, minor=4
         - VerifyOpcodeF3F7@inst.zir:102
           cycle=19481, step=2753, pc=0x002037AC, major=0, minor=4
         - VerifyOpcodeF3F7@inst.zir:103
           cycle=19481, step=2753, pc=0x002037AC, major=0, minor=4
         - VerifyOpcodeF3F7@inst.zir:104
           cycle=19481, step=2753, pc=0x002037AC, major=0, minor=4
       Global: memory permutation violated (186 addrs: 186 code)
         + 186 code addresses diverged (instruction fetch cascade)
  [302] ✓ INSTR_TYPE_MOD @ step 3866: 5 failures, 4135ms, outcome: REJECTED, exit: 101 [proof:GENERATED] G=memory
       r=0.052  T_new=0.00 F_new=0.63 F_rare=1.00 U=0 Q=0.14 Q_l=0.19 Q_g=0.72 dl=5 dg=2
       Value: 0x00050002 -> 0x00030001
       Original: Lw [major=5, minor=2]
       Mutated:  SllI [major=3, minor=1]
       zkVM errors (3 lines):
         • [prover_impl.rs:280] verify segment (internal proof verification failed)
         • [ffi.cpp:113] address mismatch at cycle 20816: preflight=0x00080086, actual=0x3fffc038
         • [kernels/cxx/ffi.cpp:208] SKIP THROW: memory peek not in preflight
       Local constraints hit (5 unique):
         - MemoryWrite@mem.zir:100
           cycle=20816, step=3866, pc=0x00204D9C, major=3, minor=1
         - MemoryWrite@mem.zir:99
           cycle=20816, step=3866, pc=0x00204D9C, major=3, minor=1
         - VerifyOpcodeF3F7@inst.zir:102
           cycle=20816, step=3866, pc=0x00204D9C, major=3, minor=1
         - VerifyOpcodeF3F7@inst.zir:103
           cycle=20816, step=3866, pc=0x00204D9C, major=3, minor=1
         - VerifyOpcodeF3F7@inst.zir:104
           cycle=20816, step=3866, pc=0x00204D9C, major=3, minor=1
       Global: memory permutation violated
         0x00200218 (data): unexpected write 0x00200308 (cycle 39163)
         x24/s8: expected write missing, needed 0x00200308 (cycle 39163)
  [303] 💥 INSTR_TYPE_MOD @ step 1789: 0 failures, 613ms, outcome: CRASH, exit: -11 [proof:NOT_GENERATED]
       r=0.000  T_new=0.00 F_new=0.00 F_rare=0.00 U=0 Q=0.00 Q_l=0.00 Q_g=1.00 dl=0 dg=0
       Value: 0x00000007 -> 0x00060002
       Original: AddI [major=0, minor=7]
       Mutated:  Sw [major=6, minor=2]
       No constraint failures (mutation may have been ineffective)
  [304] ✓ INSTR_TYPE_MOD @ step 158: 4 failures, 4242ms, outcome: REJECTED, exit: 101 [proof:GENERATED] G=memory
       r=0.079  T_new=0.00 F_new=0.63 F_rare=1.00 U=0 Q=0.19 Q_l=0.26 Q_g=0.72 dl=4 dg=2
       Value: 0x00050002 -> 0x00040007
       Original: Lw [major=5, minor=2]
       Mutated:  RemU [major=4, minor=7]
       zkVM errors (3 lines):
         • [prover_impl.rs:280] verify segment (internal proof verification failed)
         • [ffi.cpp:113] address mismatch at cycle 16731: preflight=0x3fffc025, actual=0x3fffc014
         • [kernels/cxx/ffi.cpp:208] SKIP THROW: memory peek not in preflight
       Local constraints hit (4 unique):
         - MemoryWrite@mem.zir:99
           cycle=16731, step=158, pc=0xC0000074, major=4, minor=7
         - VerifyOpcodeF3F7@inst.zir:102
           cycle=16731, step=158, pc=0xC0000074, major=4, minor=7
         - VerifyOpcodeF3F7@inst.zir:103
           cycle=16731, step=158, pc=0xC0000074, major=4, minor=7
         - VerifyOpcodeF3F7@inst.zir:104
           cycle=16731, step=158, pc=0xC0000074, major=4, minor=7
       Global: memory permutation violated
         0xFFFF0050 (data): expected write missing, needed 0x00000002 (cycle 33459)
         x5/t0: unexpected write 0x00000002 (cycle 33459)
  [305] ✓ INSTR_TYPE_MOD @ step 2617: 3 failures, 4135ms, outcome: REJECTED, exit: 101 [proof:GENERATED]
       r=0.051  T_new=0.00 F_new=0.00 F_rare=0.58 U=0 Q=0.37 Q_l=0.37 Q_g=1.00 dl=3 dg=0
       Value: 0x00000007 -> 0x00020005
       Original: AddI [major=0, minor=7]
       Mutated:  Lui [major=2, minor=5]
       zkVM errors (1 lines):
         • [prover_impl.rs:280] verify segment (internal proof verification failed)
       Local constraints hit (3 unique):
         - MemoryWrite@mem.zir:100
           cycle=19345, step=2617, pc=0x002052E8, major=2, minor=5
         - MemoryWrite@mem.zir:99
           cycle=19345, step=2617, pc=0x002052E8, major=2, minor=5
         - VerifyOpcode@inst.zir:91
           cycle=19345, step=2617, pc=0x002052E8, major=2, minor=5
       Global: no permutation/lookup violations (local-only)
  [306] ✓ INSTR_TYPE_MOD @ step 43: 2 failures, 4132ms, outcome: REJECTED, exit: 101 [proof:GENERATED] [+1 new] [+34 touch]
       r=0.302  T_new=0.62 F_new=0.63 F_rare=1.00 U=0 Q=0.51 Q_l=0.51 Q_g=1.00 dl=2 dg=0
       Value: 0x00000007 -> 0x00030007
       Original: AddI [major=0, minor=7]
       Mutated:  Unknown(3,7) [major=3, minor=7] ⚠INVALID
       zkVM errors (1 lines):
         • [prover_impl.rs:280] verify segment (internal proof verification failed)
       Local constraints hit (2 unique):
         - IllegalMulOp@inst_mul.zir:18
           cycle=16616, step=43, pc=0x00201064, major=3, minor=7
         - MemoryWrite@mem.zir:99
           cycle=16616, step=43, pc=0x00201064, major=3, minor=7
       Global: no permutation/lookup violations (local-only)
  [307] ✓ INSTR_TYPE_MOD @ step 1273: 1 failures, 4167ms, outcome: REJECTED, exit: 101 [proof:GENERATED]
       r=0.059  T_new=0.00 F_new=0.00 F_rare=0.33 U=0 Q=0.72 Q_l=0.72 Q_g=1.00 dl=1 dg=0
       Value: 0x00060002 -> 0x00060000
       Original: Sw [major=6, minor=2]
       Mutated:  Sb [major=6, minor=0]
       zkVM errors (1 lines):
         • [prover_impl.rs:280] verify segment (internal proof verification failed)
       Local constraints hit (1 unique):
         - VerifyOpcodeF3@inst.zir:97
           cycle=17917, step=1273, pc=0x0020342C, major=6, minor=0
       Global: no permutation/lookup violations (local-only)
  [308] ✓ INSTR_TYPE_MOD @ step 2700: 1 failures, 4102ms, outcome: REJECTED, exit: 101 [proof:GENERATED]
       r=0.149  T_new=0.00 F_new=0.00 F_rare=0.71 U=0 Q=0.72 Q_l=0.72 Q_g=1.00 dl=1 dg=0
       Value: 0x00050002 -> 0x00050004
       Original: Lw [major=5, minor=2]
       Mutated:  LhU [major=5, minor=4]
       zkVM errors (1 lines):
         • [prover_impl.rs:280] verify segment (internal proof verification failed)
       Local constraints hit (1 unique):
         - VerifyOpcodeF3@inst.zir:97
           cycle=19428, step=2700, pc=0x0020162C, major=5, minor=4
       Global: no permutation/lookup violations (local-only)
  [309] ✓ INSTR_TYPE_MOD @ step 3279: 4 failures, 4169ms, outcome: REJECTED, exit: 101 [proof:GENERATED] G=memory
       r=0.060  T_new=0.00 F_new=0.86 F_rare=1.00 U=0 Q=0.14 Q_l=0.26 Q_g=0.51 dl=4 dg=4
       Value: 0x00050002 -> 0x00020000
       Original: Lw [major=5, minor=2]
       Mutated:  Bge [major=2, minor=0]
       zkVM errors (3 lines):
         • [prover_impl.rs:280] verify segment (internal proof verification failed)
         • [ffi.cpp:113] address mismatch at cycle 20081: preflight=0x00080077, actual=0x3fffc020
         • [kernels/cxx/ffi.cpp:208] SKIP THROW: memory peek not in preflight
       Local constraints hit (4 unique):
         - MemoryWrite@mem.zir:100
           cycle=20081, step=3279, pc=0x0020341C, major=2, minor=0
         - MemoryWrite@mem.zir:99
           cycle=20081, step=3279, pc=0x0020341C, major=2, minor=0
         - VerifyOpcodeF3@inst.zir:96
           cycle=20081, step=3279, pc=0x0020341C, major=2, minor=0
         - VerifyOpcodeF3@inst.zir:97
           cycle=20081, step=3279, pc=0x0020341C, major=2, minor=0
       Global: memory permutation violated
         0x002001DC (data): unexpected write 0x56f55f08 (cycle 39995)
         x0/zero: expected write missing, needed 0x56f55f08 (cycle 39995)
         x15/a5: unexpected write 0xb3feea77 (cycle 40146)
         0xFFFF0180 (data): expected write missing, needed 0xb3feea77 (cycle 40146)
  [310] ✓ INSTR_TYPE_MOD @ step 2929: 5 failures, 4155ms, outcome: REJECTED, exit: 101 [proof:GENERATED] G=memory
       r=0.061  T_new=0.00 F_new=0.78 F_rare=1.00 U=0 Q=0.14 Q_l=0.19 Q_g=0.72 dl=5 dg=2
       Value: 0x00010002 -> 0x00050001
       Original: AndI [major=1, minor=2]
       Mutated:  Lh [major=5, minor=1]
       zkVM errors (3 lines):
         • [prover_impl.rs:280] verify segment (internal proof verification failed)
         • [ffi.cpp:113] address mismatch at cycle 19657: preflight=0x3fffc03f, actual=0x00000012
         • [kernels/cxx/ffi.cpp:208] SKIP THROW: memory peek not in preflight
       Local constraints hit (5 unique):
         - AddrDecomposeBits@u32.zir:87
           cycle=19657, step=2929, pc=0x002053E0, major=5, minor=1
         - MemoryWrite@mem.zir:99
           cycle=19657, step=2929, pc=0x002053E0, major=5, minor=1
         - OpLH@inst_mem.zir:98
           cycle=19657, step=2929, pc=0x002053E0, major=5, minor=1
         - VerifyOpcodeF3@inst.zir:96
           cycle=19657, step=2929, pc=0x002053E0, major=5, minor=1
         - VerifyOpcodeF3@inst.zir:97
           cycle=19657, step=2929, pc=0x002053E0, major=5, minor=1
       Global: memory permutation violated
         0x00000048 (data): expected write missing, needed 0x00000000 (cycle 39272)
         x31/t6: unexpected write 0x00000000 (cycle 39272)
  [311] 💥 PRE_EXEC_REG_MOD @ step 2194: 2 failures, 627ms, outcome: CRASH, exit: -11 [proof:NOT_GENERATED]
       r=0.000  T_new=0.00 F_new=0.00 F_rare=0.00 U=0 Q=0.00 Q_l=0.00 Q_g=1.00 dl=0 dg=0
       Value: 0x00201E9C -> 0xFFDFE163
       Register: x6 (t1), READ, strategy=next_read
       Local constraints hit (2 unique):
         - IsRead@mem.zir:79
           cycle=18848, step=2194, pc=0x00201E9C, major=2, minor=4
         - IsRead@mem.zir:80
           cycle=18848, step=2194, pc=0x00201E9C, major=2, minor=4
       Global: no permutation/lookup violations (local-only)
  [312] ✓ INSTR_TYPE_MOD @ step 0: 5 failures, 4169ms, outcome: REJECTED, exit: 101 [proof:GENERATED] [+3 touch] G=memory|cycle
       r=0.037  T_new=0.08 F_new=0.39 F_rare=0.85 U=0 Q=0.11 Q_l=0.19 Q_g=0.61 dl=5 dg=3
       Value: 0x00020006 -> 0x00010006
       Original: Auipc [major=2, minor=6]
       Mutated:  Bne [major=1, minor=6]
       zkVM errors (3 lines):
         • [prover_impl.rs:280] verify segment (internal proof verification failed)
         • [ffi.cpp:113] address mismatch at cycle 0: preflight=0x44000000, actual=0x00000000
         • [kernels/cxx/ffi.cpp:208] SKIP THROW: memory peek not in preflight
       Local constraints hit (5 unique):
         - AddrDecompose@u32.zir:67
           cycle=0, step=0, pc=0x00000000, major=1, minor=6
         - ControlLoadRootAndNonce@inst_control.zir:23
           cycle=1, step=0, pc=0x00000000, major=7, minor=0
         - MiscInput@inst_misc.zir:7
           cycle=0, step=0, pc=0x00000000, major=1, minor=6
         - VerifyOpcodeF3@inst.zir:96
           cycle=0, step=0, pc=0x00000000, major=1, minor=6
         - VerifyOpcodeF3@inst.zir:97
           cycle=0, step=0, pc=0x00000000, major=1, minor=6
       Global: memory permutation violated
         0xFFFF0100 (data): expected write missing, needed 0x00000000 (cycle 0)
       Global: cycle lookup violated (2 indices broken)
         index 0: 2256 provides, 1 uses (imbalanced)
         index 2013265920: orphan provide (2 entries, no matching use)
  [313] ✓ INSTR_TYPE_MOD @ step 3447: 4 failures, 4096ms, outcome: REJECTED, exit: 101 [proof:GENERATED] [+2 touch]
       r=0.045  T_new=0.06 F_new=0.00 F_rare=0.64 U=0 Q=0.26 Q_l=0.26 Q_g=1.00 dl=4 dg=0
       Value: 0x00020006 -> 0x00010000
       Original: Auipc [major=2, minor=6]
       Mutated:  XorI [major=1, minor=0]
       zkVM errors (1 lines):
         • [prover_impl.rs:280] verify segment (internal proof verification failed)
       Local constraints hit (4 unique):
         - MemoryWrite@mem.zir:100
           cycle=20249, step=3447, pc=0x00204D28, major=1, minor=0
         - MemoryWrite@mem.zir:99
           cycle=20249, step=3447, pc=0x00204D28, major=1, minor=0
         - VerifyOpcodeF3@inst.zir:96
           cycle=20249, step=3447, pc=0x00204D28, major=1, minor=0
         - VerifyOpcodeF3@inst.zir:97
           cycle=20249, step=3447, pc=0x00204D28, major=1, minor=0
       Global: no permutation/lookup violations (local-only)
  [314] ✓ INSTR_TYPE_MOD @ step 512: 3 failures, 4092ms, outcome: REJECTED, exit: 101 [proof:GENERATED] G=memory
       r=0.086  T_new=0.00 F_new=0.92 F_rare=1.00 U=0 Q=0.19 Q_l=0.37 Q_g=0.51 dl=3 dg=4
       Value: 0x00050002 -> 0x00010005
       Original: Lw [major=5, minor=2]
       Mutated:  Beq [major=1, minor=5]
       zkVM errors (3 lines):
         • [prover_impl.rs:280] verify segment (internal proof verification failed)
         • [ffi.cpp:113] address mismatch at cycle 17109: preflight=0x3fffc025, actual=0x3fffc014
         • [kernels/cxx/ffi.cpp:208] SKIP THROW: memory peek not in preflight
       Local constraints hit (3 unique):
         - MemoryWrite@mem.zir:99
           cycle=17109, step=512, pc=0xC0000074, major=1, minor=5
         - VerifyOpcodeF3@inst.zir:96
           cycle=17109, step=512, pc=0xC0000074, major=1, minor=5
         - VerifyOpcodeF3@inst.zir:97
           cycle=17109, step=512, pc=0xC0000074, major=1, minor=5
       Global: memory permutation violated
         0xFFFF0028 (data): unexpected write 0x00000008 (cycle 34089)
         0xFFFF0050 (data): expected write missing, needed 0x00000002 (cycle 34201)
         x5/t0: unexpected write 0x00000002 (cycle 34201)
         0xFFFF0100 (data): expected write missing, needed 0x00000008 (cycle 34089)
  [315] ✓ INSTR_TYPE_MOD @ step 1408: 4 failures, 4115ms, outcome: REJECTED, exit: 101 [proof:GENERATED]
       r=0.025  T_new=0.00 F_new=0.00 F_rare=0.39 U=0 Q=0.26 Q_l=0.26 Q_g=1.00 dl=4 dg=0
       Value: 0x00000007 -> 0x00000001
       Original: AddI [major=0, minor=7]
       Mutated:  Sub [major=0, minor=1]
       zkVM errors (1 lines):
         • [prover_impl.rs:280] verify segment (internal proof verification failed)
       Local constraints hit (4 unique):
         - MemoryWrite@mem.zir:100
           cycle=18052, step=1408, pc=0x002184CC, major=0, minor=1
         - MemoryWrite@mem.zir:99
           cycle=18052, step=1408, pc=0x002184CC, major=0, minor=1
         - VerifyOpcodeF3F7@inst.zir:102
           cycle=18052, step=1408, pc=0x002184CC, major=0, minor=1
         - VerifyOpcodeF3F7@inst.zir:104
           cycle=18052, step=1408, pc=0x002184CC, major=0, minor=1
       Global: no permutation/lookup violations (local-only)
  [316] ✓ INSTR_TYPE_MOD @ step 2375: 4 failures, 4098ms, outcome: REJECTED, exit: 101 [proof:GENERATED]
       r=0.037  T_new=0.00 F_new=0.00 F_rare=0.58 U=0 Q=0.26 Q_l=0.26 Q_g=1.00 dl=4 dg=0
       Value: 0x00000007 -> 0x00000002
       Original: AddI [major=0, minor=7]
       Mutated:  Xor [major=0, minor=2]
       zkVM errors (1 lines):
         • [prover_impl.rs:280] verify segment (internal proof verification failed)
       Local constraints hit (4 unique):
         - MemoryWrite@mem.zir:99
           cycle=19029, step=2375, pc=0x002032B4, major=0, minor=2
         - VerifyOpcodeF3F7@inst.zir:102
           cycle=19029, step=2375, pc=0x002032B4, major=0, minor=2
         - VerifyOpcodeF3F7@inst.zir:103
           cycle=19029, step=2375, pc=0x002032B4, major=0, minor=2
         - VerifyOpcodeF3F7@inst.zir:104
           cycle=19029, step=2375, pc=0x002032B4, major=0, minor=2
       Global: no permutation/lookup violations (local-only)
  [317] ✓ INSTR_TYPE_MOD @ step 1008: 7 failures, 4201ms, outcome: REJECTED, exit: 101 [proof:GENERATED] G=memory|cycle
       r=0.005  T_new=0.00 F_new=1.00 F_rare=1.00 U=0 Q=0.01 Q_l=0.10 Q_g=0.11 dl=7 dg=13
       Value: 0x00020004 -> 0x00060002
       Original: JalR [major=2, minor=4]
       Mutated:  Sw [major=6, minor=2]
       zkVM errors (3 lines):
         • [prover_impl.rs:280] verify segment (internal proof verification failed)
         • [ffi.cpp:113] address mismatch at cycle 17647: preflight=0x3fffc060, actual=0x00080c6e
         • [kernels/cxx/ffi.cpp:208] SKIP THROW: memory peek not in preflight
       Local constraints hit (6 unique):
         - IsRead@mem.zir:79
           cycle=17647, step=1008, pc=0x002031B8, major=6, minor=2
         - IsRead@mem.zir:80
           cycle=17647, step=1008, pc=0x002031B8, major=6, minor=2
         - MemoryWrite@mem.zir:100
           cycle=17647, step=1008, pc=0x002031B8, major=6, minor=2
         - MemoryWrite@mem.zir:99 (x2)
           cycle=17647, step=1008, pc=0x002031B8, major=6, minor=2
         - VerifyOpcodeF3@inst.zir:96
           cycle=17647, step=1008, pc=0x002031B8, major=6, minor=2
         - VerifyOpcodeF3@inst.zir:97
           cycle=17647, step=1008, pc=0x002031B8, major=6, minor=2
       Global: memory permutation violated (21 addrs: 20 code, 1 data)
         0xFFFF0180 (data): unexpected write 0x00000000 (cycle 35291)
         + 20 code addresses diverged (instruction fetch cascade)
       Global: cycle lookup violated (3 indices broken)
         index 2: 863 provides, 1 uses (imbalanced)
         index 3: 696 provides, 1 uses (imbalanced)
         index 170: 3 provides, 1 uses (imbalanced)
  [318] ✓ INSTR_WORD_MOD_SUR @ step 3929: 1 failures, 4151ms, outcome: REJECTED, exit: 101 [proof:GENERATED] G=memory
       r=0.165  T_new=0.00 F_new=0.39 F_rare=0.75 U=0 Q=0.61 Q_l=0.72 Q_g=0.85 dl=1 dg=1
       Value: 0x00000073 -> 0x00000A73
       Surgical: rd = 0 -> 20
       Original: ECALL x0, x0, 0
       Mutated:  ECALL x20, x0, 0
       zkVM errors (1 lines):
         • [prover_impl.rs:280] verify segment (internal proof verification failed)
       Local constraints hit (1 unique):
         - MachineECall@inst_ecall.zir:29
           cycle=20879, step=3929, pc=0xC00000F8, major=8, minor=0
       Global: memory permutation violated
         0xC00000F8 (data): wrote 0x00000073, expected 0x00000a73 (cycle 30062)
  [319] ✓ INSTR_TYPE_MOD @ step 1156: 3 failures, 4154ms, outcome: REJECTED, exit: 101 [proof:GENERATED] G=memory
       r=0.039  T_new=0.00 F_new=0.99 F_rare=1.00 U=0 Q=0.08 Q_l=0.37 Q_g=0.22 dl=3 dg=9
       Value: 0x00010005 -> 0x00020001
       Original: Beq [major=1, minor=5]
       Mutated:  BltU [major=2, minor=1]
       zkVM errors (3 lines):
         • [prover_impl.rs:280] verify segment (internal proof verification failed)
         • [ffi.cpp:113] address mismatch at cycle 17801: preflight=0x00082691, actual=0x00082690
         • [kernels/cxx/buffers.h:43] SKIP THROW: Inconsistent set
       Local constraints hit (2 unique):
         - MemoryWrite@mem.zir:99 (x2)
           cycle=17807, step=1163, pc=0x00209A60, major=2, minor=6
         - VerifyOpcodeF3@inst.zir:97
           cycle=17800, step=1156, pc=0x00209A44, major=2, minor=1
       Global: memory permutation violated
         0x00209A40 (code): wrote 0x06058c63, expected 0x00062503 (cycle 21266)
         0x00209A44 (code): wrote 0x00062503, expected 0x00200593 (cycle 21266)
         0x00209A48 (code): wrote 0x00200593, expected 0x00b48023 (cycle 21266)
         0x00209A4C (code): wrote 0x00b48023, expected 0x00054583 (cycle 21266)
         0x00209A50 (code): wrote 0x00054583, expected 0x00050023 (cycle 21266)
         0x00209A54 (code): wrote 0x00050023, expected 0x04058263 (cycle 21266)
         0x00209A58 (code): wrote 0x04058263, expected 0xfffff097 (cycle 21266)
         0x00209A5C (code): unexpected write 0xfffff097 (cycle 21266)
         0x00209A60 (code): unexpected write 0x058080e7 (cycle 21286)
  [320] ✓ INSTR_TYPE_MOD @ step 1755: 4 failures, 4114ms, outcome: REJECTED, exit: 101 [proof:GENERATED]
       r=0.043  T_new=0.00 F_new=0.00 F_rare=0.58 U=0 Q=0.26 Q_l=0.26 Q_g=1.00 dl=4 dg=0
       Value: 0x00000007 -> 0x00000005
       Original: AddI [major=0, minor=7]
       Mutated:  Slt [major=0, minor=5]
       zkVM errors (1 lines):
         • [prover_impl.rs:280] verify segment (internal proof verification failed)
       Local constraints hit (4 unique):
         - MemoryWrite@mem.zir:100
           cycle=18399, step=1755, pc=0x002184D4, major=0, minor=5
         - MemoryWrite@mem.zir:99
           cycle=18399, step=1755, pc=0x002184D4, major=0, minor=5
         - VerifyOpcodeF3F7@inst.zir:102
           cycle=18399, step=1755, pc=0x002184D4, major=0, minor=5
         - VerifyOpcodeF3F7@inst.zir:103
           cycle=18399, step=1755, pc=0x002184D4, major=0, minor=5
       Global: no permutation/lookup violations (local-only)
  [321] ✓ INSTR_TYPE_MOD @ step 70: 4 failures, 4143ms, outcome: REJECTED, exit: 101 [proof:GENERATED] G=memory
       r=0.024  T_new=0.00 F_new=1.00 F_rare=1.00 U=0 Q=0.05 Q_l=0.26 Q_g=0.19 dl=4 dg=10
       Value: 0x00010002 -> 0x00010006
       Original: AndI [major=1, minor=2]
       Mutated:  Bne [major=1, minor=6]
       zkVM errors (3 lines):
         • [prover_impl.rs:280] verify segment (internal proof verification failed)
         • [ffi.cpp:113] address mismatch at cycle 16643: preflight=0x3fffc02c, actual=0x3fffc060
         • [kernels/cxx/ffi.cpp:208] SKIP THROW: memory peek not in preflight
       Local constraints hit (3 unique):
         - MemoryWrite@mem.zir:99 (x2)
           cycle=16643, step=70, pc=0x00203250, major=1, minor=6
         - VerifyOpcodeF3@inst.zir:96
           cycle=16643, step=70, pc=0x00203250, major=1, minor=6
         - VerifyOpcodeF3@inst.zir:97
           cycle=16643, step=70, pc=0x00203250, major=1, minor=6
       Global: memory permutation violated (84 addrs: 1 register, 82 code, 1 data)
         x12/a2: unexpected write 0x00000049 (cycle 33286)
         0xFFFF0180 (data): expected write missing, needed 0x00000049 (cycle 33286)
         + 82 code addresses diverged (instruction fetch cascade)
  [322] ✓ PRE_EXEC_REG_MOD @ step 3492: 2 failures, 4202ms, outcome: REJECTED, exit: 101 [proof:GENERATED] G=memory
       r=0.118  T_new=0.00 F_new=0.39 F_rare=0.75 U=0 Q=0.43 Q_l=0.51 Q_g=0.85 dl=2 dg=1
       Value: 0x00000000 -> 0xF7F749F3
       Register: x0 (zero), READ, strategy=next_read
       zkVM errors (1 lines):
         • [prover_impl.rs:280] verify segment (internal proof verification failed)
       Local constraints hit (2 unique):
         - IsRead@mem.zir:79
           cycle=20294, step=3492, pc=0x00205E28, major=2, minor=5
         - IsRead@mem.zir:80
           cycle=20294, step=3492, pc=0x00205E28, major=2, minor=5
       Global: memory permutation violated
         x0/zero: wrote 0xf7f749f3, expected 0x00000000 (cycle 40588)
  [323] ✓ INSTR_TYPE_MOD @ step 1545: 5 failures, 4269ms, outcome: REJECTED, exit: 101 [proof:GENERATED] G=memory|cycle
       r=0.026  T_new=0.00 F_new=0.86 F_rare=1.00 U=0 Q=0.06 Q_l=0.19 Q_g=0.31 dl=5 dg=7
       Value: 0x00050003 -> 0x00060000
       Original: LbU [major=5, minor=3]
       Mutated:  Sb [major=6, minor=0]
       zkVM errors (3 lines):
         • [prover_impl.rs:280] verify segment (internal proof verification failed)
         • [ffi.cpp:113] address mismatch at cycle 18189: preflight=0x000800cb, actual=0x3fffc020
         • [kernels/cxx/ffi.cpp:208] SKIP THROW: memory peek not in preflight
       Local constraints hit (5 unique):
         - IsRead@mem.zir:79
           cycle=18189, step=1545, pc=0x002184C0, major=6, minor=0
         - MemoryWrite@mem.zir:100
           cycle=18189, step=1545, pc=0x002184C0, major=6, minor=0
         - MemoryWrite@mem.zir:99
           cycle=18189, step=1545, pc=0x002184C0, major=6, minor=0
         - VerifyOpcodeF3@inst.zir:96
           cycle=18189, step=1545, pc=0x002184C0, major=6, minor=0
         - VerifyOpcodeF3@inst.zir:97
           cycle=18189, step=1545, pc=0x002184C0, major=6, minor=0
       Global: memory permutation violated
         0x0020032C (data): unexpected write 0x19cde05b (cycle 36364)
         0x00200338 (data): expected write missing, needed 0x0005c703 (cycle 36366)
         x0/zero: expected write missing, needed 0x19cde05b (cycle 36364)
         x13/a3: unexpected write 0x0000005b (cycle 36368)
       Global: cycle lookup violated (3 indices broken)
         index 9: 344 provides, 1 uses (imbalanced)
         index 10: 228 provides, 1 uses (imbalanced)
         index 12: 190 provides, 1 uses (imbalanced)
  [324] ✓ INSTR_TYPE_MOD @ step 1412: 3 failures, 4100ms, outcome: REJECTED, exit: 101 [proof:GENERATED] G=memory
       r=0.102  T_new=0.00 F_new=0.63 F_rare=1.00 U=0 Q=0.26 Q_l=0.37 Q_g=0.72 dl=3 dg=2
       Value: 0x00050003 -> 0x00010000
       Original: LbU [major=5, minor=3]
       Mutated:  XorI [major=1, minor=0]
       zkVM errors (3 lines):
         • [prover_impl.rs:280] verify segment (internal proof verification failed)
         • [ffi.cpp:113] address mismatch at cycle 18056: preflight=0x000800c6, actual=0x3fffc020
         • [kernels/cxx/ffi.cpp:208] SKIP THROW: memory peek not in preflight
       Local constraints hit (3 unique):
         - MemoryWrite@mem.zir:100
           cycle=18056, step=1412, pc=0x002184C0, major=1, minor=0
         - MemoryWrite@mem.zir:99
           cycle=18056, step=1412, pc=0x002184C0, major=1, minor=0
         - VerifyOpcodeF3@inst.zir:96
           cycle=18056, step=1412, pc=0x002184C0, major=1, minor=0
       Global: memory permutation violated
         0x00200318 (data): unexpected write 0x72f36e3c (cycle 36098)
         x0/zero: expected write missing, needed 0x72f36e3c (cycle 36098)
  [325] ✓ MEM_VAL_MOD @ step 2289: 1 failures, 4154ms, outcome: REJECTED, exit: 101 [proof:GENERATED] G=memory
       r=0.145  T_new=0.00 F_new=0.39 F_rare=0.61 U=0 Q=0.61 Q_l=0.72 Q_g=0.85 dl=1 dg=1
       Value: 0x00000000 -> 0x00000010
       Transaction: store_rmw_read (READ) at address 0x00200344
       zkVM errors (1 lines):
         • [prover_impl.rs:280] verify segment (internal proof verification failed)
       Local constraints hit (1 unique):
         - IsRead@mem.zir:79
           cycle=18943, step=2289, pc=0x00203460, major=6, minor=2
       Global: memory permutation violated
         0x00200344 (data): wrote 0x00000010, expected 0x00000000 (cycle 37886)
  [326] 💥 PRE_EXEC_REG_MOD @ step 2272: 2 failures, 627ms, outcome: CRASH, exit: -11 [proof:NOT_GENERATED]
       r=0.000  T_new=0.00 F_new=0.00 F_rare=0.00 U=0 Q=0.00 Q_l=0.00 Q_g=1.00 dl=0 dg=0
       Value: 0x002213DC -> 0xEC520389
       Register: x14 (a4), READ, strategy=next_read
       Local constraints hit (2 unique):
         - IsRead@mem.zir:79
           cycle=18926, step=2272, pc=0x0020341C, major=5, minor=2
         - IsRead@mem.zir:80
           cycle=18926, step=2272, pc=0x0020341C, major=5, minor=2
       Global: no permutation/lookup violations (local-only)
  [327] ✓ INSTR_TYPE_MOD @ step 1555: 4 failures, 4148ms, outcome: REJECTED, exit: 101 [proof:GENERATED] G=memory
       r=0.025  T_new=0.00 F_new=0.99 F_rare=1.00 U=0 Q=0.05 Q_l=0.26 Q_g=0.19 dl=4 dg=10
       Value: 0x00000007 -> 0x00020007
       Original: AddI [major=0, minor=7]
       Mutated:  Unknown(2,7) [major=2, minor=7] ⚠INVALID
       zkVM errors (3 lines):
         • [prover_impl.rs:280] verify segment (internal proof verification failed)
         • [ffi.cpp:113] address mismatch at cycle 18199: preflight=0x3fffc02b, actual=0x3fffc060
         • [kernels/cxx/ffi.cpp:208] SKIP THROW: memory peek not in preflight
       Local constraints hit (3 unique):
         - MemoryWrite@mem.zir:100
           cycle=18199, step=1555, pc=0x002184CC, major=2, minor=7
         - MemoryWrite@mem.zir:99 (x2)
           cycle=18199, step=1555, pc=0x002184CC, major=2, minor=7
         - VerifyOpcodeF3F7@inst.zir:102
           cycle=18199, step=1555, pc=0x002184CC, major=2, minor=7
       Global: memory permutation violated (12 addrs: 1 register, 10 code, 1 data)
         x11/a1: unexpected write 0x00219e92 (cycle 36398)
         0xFFFF0180 (data): expected write missing, needed 0x00219e92 (cycle 36398)
         + 10 code addresses diverged (instruction fetch cascade)
  [328] ✓ INSTR_TYPE_MOD @ step 137: 6 failures, 4150ms, outcome: REJECTED, exit: 101 [proof:GENERATED] G=memory
       r=0.013  T_new=0.00 F_new=1.00 F_rare=1.00 U=0 Q=0.03 Q_l=0.14 Q_g=0.19 dl=6 dg=10
       Value: 0x00000007 -> 0x00020007
       Original: AddI [major=0, minor=7]
       Mutated:  Unknown(2,7) [major=2, minor=7] ⚠INVALID
       zkVM errors (3 lines):
         • [prover_impl.rs:280] verify segment (internal proof verification failed)
         • [ffi.cpp:113] address mismatch at cycle 16710: preflight=0x3fffc02e, actual=0x3fffc060
         • [kernels/cxx/ffi.cpp:208] SKIP THROW: memory peek not in preflight
       Local constraints hit (4 unique):
         - MemoryWrite@mem.zir:100
           cycle=16710, step=137, pc=0x002010E4, major=2, minor=7
         - MemoryWrite@mem.zir:99 (x3)
           cycle=16710, step=137, pc=0x002010E4, major=2, minor=7
         - VerifyOpcodeF3F7@inst.zir:102
           cycle=16710, step=137, pc=0x002010E4, major=2, minor=7
         - VerifyOpcodeF3F7@inst.zir:104
           cycle=16710, step=137, pc=0x002010E4, major=2, minor=7
       Global: memory permutation violated (19 addrs: 1 register, 17 code, 1 data)
         x14/a4: unexpected write 0x72f36e3c (cycle 33410)
         0xFFFF0180 (data): expected write missing, needed 0x72f36e3c (cycle 33410)
         + 17 code addresses diverged (instruction fetch cascade)
  [329] ✓ PRE_EXEC_REG_MOD @ step 2735: 3 failures, 4143ms, outcome: REJECTED, exit: 101 [proof:GENERATED] G=memory
       r=0.094  T_new=0.00 F_new=0.78 F_rare=1.00 U=0 Q=0.22 Q_l=0.37 Q_g=0.61 dl=3 dg=3
       Value: 0x00200300 -> 0xA7DF26F1
       Register: x2 (sp), READ, strategy=next_read
       zkVM errors (3 lines):
         • [prover_impl.rs:280] verify segment (internal proof verification failed)
         • [ffi.cpp:113] address mismatch at cycle 19463: preflight=0x000800d4, actual=0x29f7c9d0
         • [kernels/cxx/ffi.cpp:208] SKIP THROW: memory peek not in preflight
       Local constraints hit (3 unique):
         - IsRead@mem.zir:79
           cycle=19463, step=2735, pc=0x002016C8, major=5, minor=2
         - IsRead@mem.zir:80
           cycle=19463, step=2735, pc=0x002016C8, major=5, minor=2
         - OpLW@inst_mem.zir:108
           cycle=19463, step=2735, pc=0x002016C8, major=5, minor=2
       Global: memory permutation violated
         0x00200350 (data): unexpected write 0x30a10a85 (cycle 38845)
         0xA7DF2740 (data): expected write missing, needed 0x30a10a85 (cycle 38845)
         x2/sp: wrote 0xa7df26f1, expected 0x00200300 (cycle 38926)
  [330] ✓ INSTR_TYPE_MOD @ step 3584: 5 failures, 4255ms, outcome: REJECTED, exit: 101 [proof:GENERATED] G=memory|cycle
       r=0.035  T_new=0.00 F_new=0.78 F_rare=1.00 U=0 Q=0.08 Q_l=0.19 Q_g=0.43 dl=5 dg=5
       Value: 0x00010002 -> 0x00060000
       Original: AndI [major=1, minor=2]
       Mutated:  Sb [major=6, minor=0]
       zkVM errors (3 lines):
         • [prover_impl.rs:280] verify segment (internal proof verification failed)
         • [ffi.cpp:113] address mismatch at cycle 20460: preflight=0x3fffc02e, actual=0x00000003
         • [kernels/cxx/ffi.cpp:208] SKIP THROW: memory peek not in preflight
       Local constraints hit (5 unique):
         - AddrDecomposeBits@u32.zir:87
           cycle=20460, step=3584, pc=0x00205644, major=6, minor=0
         - MemoryWrite@mem.zir:100
           cycle=20460, step=3584, pc=0x00205644, major=6, minor=0
         - MemoryWrite@mem.zir:99
           cycle=20460, step=3584, pc=0x00205644, major=6, minor=0
         - VerifyOpcodeF3@inst.zir:96
           cycle=20460, step=3584, pc=0x00205644, major=6, minor=0
         - VerifyOpcodeF3@inst.zir:97
           cycle=20460, step=3584, pc=0x00205644, major=6, minor=0
       Global: memory permutation violated
         0x0000000C (data): expected write missing, needed 0x02070263 (cycle 39364)
         x14/a4: unexpected write 0x00000000 (cycle 40920)
       Global: cycle lookup violated (3 indices broken)
         index 0: 2254 provides, 1 uses (imbalanced)
         index 1556: 1 provides, 1 uses (imbalanced)
         index 2013265920: orphan provide (1 entries, no matching use)
  [331] ✓ MEM_VAL_MOD @ step 3929: 0 failures, 4227ms, outcome: REJECTED, exit: 101 [proof:GENERATED] G=memory[GO]
       r=0.280  T_new=0.00 F_new=0.39 F_rare=1.00 U=0 Q=0.85 Q_l=1.00 Q_g=0.85 dl=0 dg=1
       Value: 0x619B7996 -> 0x22F6A9A8
       Transaction: other_mem_read (READ) at address 0x10fffc014
       zkVM errors (2 lines):
         • [prover_impl.rs:280] verify segment (internal proof verification failed)
         • [kernels/cxx/buffers.h:43] SKIP THROW: Inconsistent set
       Global: memory permutation violated [GLOBAL-ONLY]
         0x10FFFC014 (data): wrote 0x22f6a9a8, expected 0x619b7996 (cycle 45928)
  [332] ✓ INSTR_TYPE_MOD @ step 1879: 6 failures, 4133ms, outcome: REJECTED, exit: 101 [proof:GENERATED] G=memory
       r=0.017  T_new=0.00 F_new=0.99 F_rare=1.00 U=0 Q=0.04 Q_l=0.14 Q_g=0.26 dl=6 dg=8
       Value: 0x00020003 -> 0x00020001
       Original: Jal [major=2, minor=3]
       Mutated:  BltU [major=2, minor=1]
       zkVM errors (3 lines):
         • [prover_impl.rs:280] verify segment (internal proof verification failed)
         • [ffi.cpp:113] address mismatch at cycle 18529: preflight=0x00082bdc, actual=0x00082bda
         • [kernels/cxx/buffers.h:43] SKIP THROW: Inconsistent set
       Local constraints hit (4 unique):
         - MemoryWrite@mem.zir:100
           cycle=18528, step=1879, pc=0x0020AF70, major=2, minor=1
         - MemoryWrite@mem.zir:99 (x3)
           cycle=18528, step=1879, pc=0x0020AF70, major=2, minor=1
         - VerifyOpcodeF3@inst.zir:96
           cycle=18528, step=1879, pc=0x0020AF70, major=2, minor=1
         - VerifyOpcodeF3@inst.zir:97
           cycle=18528, step=1879, pc=0x0020AF70, major=2, minor=1
       Global: memory permutation violated
         0x0020AF68 (code): wrote 0xfc042503, expected 0x0021c5b7 (cycle 22734)
         0x0020AF6C (code): wrote 0x0a050063, expected 0xa8a58593 (cycle 22734)
         0x0020AF70 (code): wrote 0x0021c5b7, expected 0xfb440513 (cycle 22734)
         0x0020AF74 (code): wrote 0xa8a58593, expected 0x00e00613 (cycle 22734)
         0x0020AF78 (code): unexpected write 0xfb440513 (cycle 22734)
         0x0020AF7C (code): unexpected write 0x00e00613 (cycle 22734)
         0x0020AF80 (code): unexpected write 0xffffe097 (cycle 22754)
         0x0020AF84 (code): unexpected write 0x730080e7 (cycle 22754)
  [333] ✓ MEM_VAL_MOD @ step 3929: 0 failures, 4199ms, outcome: REJECTED, exit: 101 [proof:GENERATED] G=memory[GO]
       r=0.280  T_new=0.00 F_new=0.39 F_rare=1.00 U=0 Q=0.85 Q_l=1.00 Q_g=0.85 dl=0 dg=1
       Value: 0x00000000 -> 0x04613EA3
       Transaction: other_mem_read (READ) at address 0x0022112c
       zkVM errors (2 lines):
         • [prover_impl.rs:280] verify segment (internal proof verification failed)
         • [kernels/cxx/buffers.h:43] SKIP THROW: Inconsistent set
       Global: memory permutation violated [GLOBAL-ONLY]
         0x0022112C (code): wrote 0x04613ea3, expected 0x00000000 (cycle 43882)
  [334] ✓ INSTR_TYPE_MOD @ step 3181: 5 failures, 4207ms, outcome: REJECTED, exit: 101 [proof:GENERATED] G=memory|cycle
       r=0.027  T_new=0.00 F_new=0.97 F_rare=1.00 U=0 Q=0.06 Q_l=0.19 Q_g=0.31 dl=5 dg=7
       Value: 0x00050002 -> 0x00060002
       Original: Lw [major=5, minor=2]
       Mutated:  Sw [major=6, minor=2]
       zkVM errors (3 lines):
         • [prover_impl.rs:280] verify segment (internal proof verification failed)
         • [ffi.cpp:113] address mismatch at cycle 19983: preflight=0x0008006d, actual=0x3fffc034
         • [kernels/cxx/ffi.cpp:208] SKIP THROW: memory peek not in preflight
       Local constraints hit (5 unique):
         - IsRead@mem.zir:79
           cycle=19983, step=3181, pc=0x00205470, major=6, minor=2
         - MemoryWrite@mem.zir:100
           cycle=19983, step=3181, pc=0x00205470, major=6, minor=2
         - MemoryWrite@mem.zir:99
           cycle=19983, step=3181, pc=0x00205470, major=6, minor=2
         - OpSW@inst_mem.zir:160
           cycle=19983, step=3181, pc=0x00205470, major=6, minor=2
         - VerifyOpcodeF3@inst.zir:96
           cycle=19983, step=3181, pc=0x00205470, major=6, minor=2
       Global: memory permutation violated
         0x002001A8 (data): expected write missing, needed 0x01012903 (cycle 15814)
         0x002001B4 (data): unexpected write 0x00000002 (cycle 39203)
         x9/s1: unexpected write 0x0000000c (cycle 39937)
         x20/s4: expected write missing, needed 0x00000002 (cycle 39203)
       Global: cycle lookup violated (3 indices broken)
         index 28: 150 provides, 1 uses (imbalanced)
         index 29: 27 provides, 1 uses (imbalanced)
         index 24152: 1 provides, 1 uses (imbalanced)
  [335] ✓ INSTR_TYPE_MOD @ step 908: 5 failures, 4140ms, outcome: REJECTED, exit: 101 [proof:GENERATED] G=memory
       r=0.007  T_new=0.00 F_new=0.00 F_rare=0.71 U=0 Q=0.04 Q_l=0.19 Q_g=0.19 dl=5 dg=10
       Value: 0x00020003 -> 0x00040001
       Original: Jal [major=2, minor=3]
       Mutated:  Sra [major=4, minor=1]
       zkVM errors (3 lines):
         • [prover_impl.rs:280] verify segment (internal proof verification failed)
         • [ffi.cpp:113] address mismatch at cycle 17536: preflight=0x3000004d, actual=0x30000017
         • [kernels/cxx/buffers.h:43] SKIP THROW: Inconsistent set
       Local constraints hit (5 unique):
         - MemoryWrite@mem.zir:100
           cycle=17535, step=908, pc=0xC0000134, major=4, minor=1
         - MemoryWrite@mem.zir:99
           cycle=17535, step=908, pc=0xC0000134, major=4, minor=1
         - VerifyOpcodeF3F7@inst.zir:102
           cycle=17535, step=908, pc=0xC0000134, major=4, minor=1
         - VerifyOpcodeF3F7@inst.zir:103
           cycle=17535, step=908, pc=0xC0000134, major=4, minor=1
         - VerifyOpcodeF3F7@inst.zir:104
           cycle=17535, step=908, pc=0xC0000134, major=4, minor=1
       Global: memory permutation violated (24 addrs: 24 data)
         0xC000005C (data): expected write missing, needed 0x00100893 (cycle 34904)
         0xC0000060 (data): expected write missing, needed 0x03022503 (cycle 34906)
         0xC0000064 (data): expected write missing, needed 0x02822583 (cycle 34908)
         + 21 more addresses
  [336] ✓ INSTR_TYPE_MOD @ step 393: 7 failures, 4115ms, outcome: REJECTED, exit: 101 [proof:GENERATED] G=memory
       r=0.009  T_new=0.00 F_new=0.99 F_rare=1.00 U=0 Q=0.02 Q_l=0.10 Q_g=0.19 dl=7 dg=10
       Value: 0x00020005 -> 0x00020003
       Original: Lui [major=2, minor=5]
       Mutated:  Jal [major=2, minor=3]
       zkVM errors (3 lines):
         • [prover_impl.rs:280] verify segment (internal proof verification failed)
         • [ffi.cpp:113] address mismatch at cycle 16985: preflight=0x00080226, actual=0x00040225
         • [kernels/cxx/buffers.h:43] SKIP THROW: Inconsistent set
       Local constraints hit (3 unique):
         - MemoryWrite@mem.zir:100 (x3)
           cycle=16984, step=393, pc=0x00200898, major=2, minor=3
         - MemoryWrite@mem.zir:99 (x3)
           cycle=16984, step=393, pc=0x00200898, major=2, minor=3
         - VerifyOpcode@inst.zir:91
           cycle=16984, step=393, pc=0x00200898, major=2, minor=3
       Global: memory permutation violated (22 addrs: 11 code, 11 data)
         0x00100894 (data): expected write missing, needed 0x00748493 (cycle 4886)
         0x00100898 (data): expected write missing, needed 0x40951e63 (cycle 4886)
         0x0010089C (data): expected write missing, needed 0x00c12903 (cycle 4906)
         + 11 code addresses diverged (instruction fetch cascade)
         + 8 more addresses
  [337] ✓ INSTR_TYPE_MOD @ step 0: 5 failures, 4187ms, outcome: REJECTED, exit: 101 [proof:GENERATED] [+1 new] [+1 touch] G=memory|cycle
       r=0.053  T_new=0.03 F_new=0.78 F_rare=1.00 U=0 Q=0.11 Q_l=0.19 Q_g=0.61 dl=5 dg=3
       Value: 0x00020006 -> 0x00060006
       Original: Auipc [major=2, minor=6]
       Mutated:  Unknown(6,6) [major=6, minor=6] ⚠INVALID
       zkVM errors (3 lines):
         • [prover_impl.rs:280] verify segment (internal proof verification failed)
         • [ffi.cpp:113] address mismatch at cycle 0: preflight=0x44000000, actual=0x00000000
         • [kernels/cxx/ffi.cpp:208] SKIP THROW: memory peek not in preflight
       Local constraints hit (5 unique):
         - AddrDecompose@u32.zir:67
           cycle=0, step=0, pc=0x00000000, major=6, minor=6
         - AddrDecomposeBits@u32.zir:87
           cycle=0, step=0, pc=0x00000000, major=6, minor=6
         - ControlLoadRootAndNonce@inst_control.zir:23
           cycle=1, step=0, pc=0x00000000, major=7, minor=0
         - IllegalStoreOp@inst_mem.zir:45
           cycle=0, step=0, pc=0x00000000, major=6, minor=6
         - MemStoreInput@inst_mem.zir:18
           cycle=0, step=0, pc=0x00000000, major=6, minor=6
       Global: memory permutation violated
         0x00000000 (data): unexpected write 0x00000000 (cycle 1)
       Global: cycle lookup violated (2 indices broken)
         index 0: 2256 provides, 1 uses (imbalanced)
         index 2013265920: orphan provide (3 entries, no matching use)
  [338] ✓ INSTR_TYPE_MOD @ step 2016: 5 failures, 4187ms, outcome: REJECTED, exit: 101 [proof:GENERATED] [+35 touch] G=memory|cycle
       r=0.055  T_new=0.63 F_new=0.97 F_rare=1.00 U=0 Q=0.08 Q_l=0.19 Q_g=0.43 dl=5 dg=5
       Value: 0x00000007 -> 0x0006000A
       Original: AddI [major=0, minor=7]
       Mutated:  Unknown(6,10) [major=6, minor=10] ⚠INVALID
       zkVM errors (3 lines):
         • [prover_impl.rs:280] verify segment (internal proof verification failed)
         • [ffi.cpp:113] address mismatch at cycle 18665: preflight=0x3fffc02b, actual=0x00086ea8
         • [kernels/cxx/ffi.cpp:208] SKIP THROW: memory peek not in preflight
       Local constraints hit (5 unique):
         - IsRead@mem.zir:79
           cycle=18665, step=2016, pc=0x002184CC, major=6, minor=10
         - MemoryWrite@mem.zir:100
           cycle=18665, step=2016, pc=0x002184CC, major=6, minor=10
         - MemoryWrite@mem.zir:99
           cycle=18665, step=2016, pc=0x002184CC, major=6, minor=10
         - OneHot@one_hot.zir:11
           cycle=18665, step=2016, pc=0x002184CC, major=6, minor=10
         - OneHot@one_hot.zir:9
           cycle=18665, step=2016, pc=0x002184CC, major=6, minor=10
       Global: memory permutation violated
         x11/a1: unexpected write 0x0021ba96 (cycle 37330)
         0x0021BAA0 (code): expected write missing, needed 0xfff60613 (cycle 37318)
       Global: cycle lookup violated (3 indices broken)
         index 0: 2254 provides, 1 uses (imbalanced)
         index 12: 190 provides, 1 uses (imbalanced)
         index 2013265920: orphan provide (1 entries, no matching use)
  [339] ✓ INSTR_TYPE_MOD @ step 2082: 1 failures, 4117ms, outcome: REJECTED, exit: 101 [proof:GENERATED]
       r=0.122  T_new=0.00 F_new=0.00 F_rare=0.58 U=0 Q=0.72 Q_l=0.72 Q_g=1.00 dl=1 dg=0
       Value: 0x00000007 -> 0x00010003
       Original: AddI [major=0, minor=7]
       Mutated:  SltI [major=1, minor=3]
       zkVM errors (1 lines):
         • [prover_impl.rs:280] verify segment (internal proof verification failed)
       Local constraints hit (1 unique):
         - VerifyOpcodeF3@inst.zir:97
           cycle=18736, step=2082, pc=0x0020AFF8, major=1, minor=3
       Global: no permutation/lookup violations (local-only)
  [340] ✓ PRE_EXEC_REG_MOD @ step 1711: 4 failures, 4178ms, outcome: REJECTED, exit: 101 [proof:GENERATED] G=memory
       r=0.055  T_new=0.00 F_new=0.39 F_rare=0.63 U=0 Q=0.22 Q_l=0.26 Q_g=0.85 dl=4 dg=1
       Value: 0x0021BA79 -> 0x2001BB2B
       Register: x11 (a1), READ, strategy=next_read
       zkVM errors (1 lines):
         • [prover_impl.rs:280] verify segment (internal proof verification failed)
       Local constraints hit (4 unique):
         - IsRead@mem.zir:79
           cycle=18355, step=1711, pc=0x002184CC, major=0, minor=7
         - IsRead@mem.zir:80
           cycle=18355, step=1711, pc=0x002184CC, major=0, minor=7
         - MemoryWrite@mem.zir:100
           cycle=18355, step=1711, pc=0x002184CC, major=0, minor=7
         - MemoryWrite@mem.zir:99
           cycle=18355, step=1711, pc=0x002184CC, major=0, minor=7
       Global: memory permutation violated
         x11/a1: wrote 0x2001bb2b, expected 0x0021ba79 (cycle 36710)
  [341] ✓ INSTR_TYPE_MOD @ step 3884: 1 failures, 4142ms, outcome: REJECTED, exit: 101 [proof:GENERATED]
       r=0.087  T_new=0.00 F_new=0.00 F_rare=0.50 U=0 Q=0.72 Q_l=0.72 Q_g=1.00 dl=1 dg=0
       Value: 0x00050002 -> 0x00050003
       Original: Lw [major=5, minor=2]
       Mutated:  LbU [major=5, minor=3]
       zkVM errors (1 lines):
         • [prover_impl.rs:280] verify segment (internal proof verification failed)
       Local constraints hit (1 unique):
         - VerifyOpcodeF3@inst.zir:97
           cycle=20834, step=3884, pc=0x00203C0C, major=5, minor=3
       Global: no permutation/lookup violations (local-only)
  [342] ✓ INSTR_TYPE_MOD @ step 2694: 5 failures, 4181ms, outcome: REJECTED, exit: 101 [proof:GENERATED] G=memory|cycle
       r=0.036  T_new=0.00 F_new=0.86 F_rare=1.00 U=0 Q=0.08 Q_l=0.19 Q_g=0.43 dl=5 dg=5
       Value: 0x00060002 -> 0x00000001
       Original: Sw [major=6, minor=2]
       Mutated:  Sub [major=0, minor=1]
       zkVM errors (3 lines):
         • [prover_impl.rs:280] verify segment (internal proof verification failed)
         • [ffi.cpp:113] address mismatch at cycle 19422: preflight=0x000800d4, actual=0x3fffc030
         • [kernels/cxx/ffi.cpp:208] SKIP THROW: memory peek not in preflight
       Local constraints hit (5 unique):
         - MemoryWrite@mem.zir:100
           cycle=19422, step=2694, pc=0x00201614, major=0, minor=1
         - MemoryWrite@mem.zir:99
           cycle=19422, step=2694, pc=0x00201614, major=0, minor=1
         - VerifyOpcodeF3F7@inst.zir:102
           cycle=19422, step=2694, pc=0x00201614, major=0, minor=1
         - VerifyOpcodeF3F7@inst.zir:103
           cycle=19422, step=2694, pc=0x00201614, major=0, minor=1
         - VerifyOpcodeF3F7@inst.zir:104
           cycle=19422, step=2694, pc=0x00201614, major=0, minor=1
       Global: memory permutation violated
         0x00200350 (data): unexpected write 0x00000000 (cycle 4682)
         x16/a6: expected write missing, needed 0x00000000 (cycle 4682)
       Global: cycle lookup violated (3 indices broken)
         index 0: 2254 provides, 1 uses (imbalanced)
         index 34161: orphan use (1 entries, no matching provide)
         index 34162: 1 provides, 1 uses (imbalanced)
  [343] ✓ COMP_OUT_MOD @ step 1102: 2 failures, 4196ms, outcome: REJECTED, exit: 101 [proof:GENERATED] G=memory
       r=0.106  T_new=0.00 F_new=0.39 F_rare=0.63 U=0 Q=0.43 Q_l=0.51 Q_g=0.85 dl=2 dg=1
       Value: 0xFFFFFFEF -> 0xB5922849
       Destination: rd = x15 (a5)
       zkVM errors (1 lines):
         • [prover_impl.rs:280] verify segment (internal proof verification failed)
       Local constraints hit (2 unique):
         - MemoryWrite@mem.zir:100
           cycle=17746, step=1102, pc=0x00200C08, major=0, minor=7
         - MemoryWrite@mem.zir:99
           cycle=17746, step=1102, pc=0x00200C08, major=0, minor=7
       Global: memory permutation violated
         x15/a5: wrote 0xb5922849, expected 0xffffffef (cycle 35493)
  [344] ✓ INSTR_TYPE_MOD @ step 3928: 2 failures, 4155ms, outcome: REJECTED, exit: 101 [proof:GENERATED]
       r=0.035  T_new=0.00 F_new=0.00 F_rare=0.27 U=0 Q=0.51 Q_l=0.51 Q_g=1.00 dl=2 dg=0
       Value: 0x00000007 -> 0x00000001
       Original: AddI [major=0, minor=7]
       Mutated:  Sub [major=0, minor=1]
       zkVM errors (1 lines):
         • [prover_impl.rs:280] verify segment (internal proof verification failed)
       Local constraints hit (2 unique):
         - VerifyOpcodeF3F7@inst.zir:102
           cycle=20878, step=3928, pc=0xC00000F8, major=0, minor=1
         - VerifyOpcodeF3F7@inst.zir:104
           cycle=20878, step=3928, pc=0xC00000F8, major=0, minor=1
       Global: no permutation/lookup violations (local-only)
  [345] ✓ INSTR_TYPE_MOD @ step 3696: 3 failures, 4134ms, outcome: REJECTED, exit: 101 [proof:GENERATED] G=memory
       r=0.121  T_new=0.00 F_new=0.78 F_rare=1.00 U=0 Q=0.26 Q_l=0.37 Q_g=0.72 dl=3 dg=2
       Value: 0x00000007 -> 0x00050007
       Original: AddI [major=0, minor=7]
       Mutated:  Unknown(5,7) [major=5, minor=7] ⚠INVALID
       zkVM errors (3 lines):
         • [prover_impl.rs:280] verify segment (internal proof verification failed)
         • [ffi.cpp:113] address mismatch at cycle 20572: preflight=0x3fffc021, actual=0x0008858c
         • [kernels/cxx/ffi.cpp:208] SKIP THROW: memory peek not in preflight
       Local constraints hit (3 unique):
         - IllegalLoadOp@inst_mem.zir:40
           cycle=20572, step=3696, pc=0x0020576C, major=5, minor=7
         - MemoryWrite@mem.zir:100
           cycle=20572, step=3696, pc=0x0020576C, major=5, minor=7
         - MemoryWrite@mem.zir:99
           cycle=20572, step=3696, pc=0x0020576C, major=5, minor=7
       Global: memory permutation violated
         x1/ra: unexpected write 0x00205758 (cycle 41134)
         0x00221630 (code): expected write missing, needed 0x00205758 (cycle 41134)
  [346] ✓ PRE_EXEC_REG_MOD @ step 3694: 2 failures, 4285ms, outcome: REJECTED, exit: 101 [proof:GENERATED] G=memory
       r=0.168  T_new=0.00 F_new=0.63 F_rare=1.00 U=0 Q=0.43 Q_l=0.51 Q_g=0.85 dl=2 dg=1
       Value: 0x00000022 -> 0x00002000
       Register: x19 (s3), READ, strategy=next_read
       zkVM errors (1 lines):
         • [prover_impl.rs:280] verify segment (internal proof verification failed)
       Local constraints hit (2 unique):
         - IsRead@mem.zir:79
           cycle=20570, step=3694, pc=0x00205764, major=1, minor=0
         - MemoryWrite@mem.zir:99
           cycle=20570, step=3694, pc=0x00205764, major=1, minor=0
       Global: memory permutation violated
         x19/s3: wrote 0x00002000, expected 0x00000022 (cycle 41140)
  [347] ✓ INSTR_TYPE_MOD @ step 240: 5 failures, 4254ms, outcome: REJECTED, exit: 101 [proof:GENERATED] G=memory|cycle
       r=0.036  T_new=0.00 F_new=0.86 F_rare=1.00 U=0 Q=0.08 Q_l=0.19 Q_g=0.43 dl=5 dg=5
       Value: 0x00060002 -> 0x00000001
       Original: Sw [major=6, minor=2]
       Mutated:  Sub [major=0, minor=1]
       zkVM errors (3 lines):
         • [prover_impl.rs:280] verify segment (internal proof verification failed)
         • [ffi.cpp:113] address mismatch at cycle 16819: preflight=0x000800db, actual=0x3fffc02c
         • [kernels/cxx/ffi.cpp:208] SKIP THROW: memory peek not in preflight
       Local constraints hit (5 unique):
         - MemoryWrite@mem.zir:100
           cycle=16819, step=240, pc=0x00200830, major=0, minor=1
         - MemoryWrite@mem.zir:99
           cycle=16819, step=240, pc=0x00200830, major=0, minor=1
         - VerifyOpcodeF3F7@inst.zir:102
           cycle=16819, step=240, pc=0x00200830, major=0, minor=1
         - VerifyOpcodeF3F7@inst.zir:103
           cycle=16819, step=240, pc=0x00200830, major=0, minor=1
         - VerifyOpcodeF3F7@inst.zir:104
           cycle=16819, step=240, pc=0x00200830, major=0, minor=1
       Global: memory permutation violated
         0x0020036C (data): unexpected write 0x00000000 (cycle 4702)
         x12/a2: expected write missing, needed 0x00000000 (cycle 4702)
       Global: cycle lookup violated (3 indices broken)
         index 0: 2254 provides, 1 uses (imbalanced)
         index 28935: 1 provides, 1 uses (imbalanced)
         index 28936: 1 provides, 1 uses (imbalanced)
  [348] ✓ INSTR_TYPE_MOD @ step 3883: 4 failures, 4139ms, outcome: REJECTED, exit: 101 [proof:GENERATED] G=memory
       r=0.073  T_new=0.00 F_new=0.63 F_rare=1.00 U=0 Q=0.19 Q_l=0.26 Q_g=0.72 dl=4 dg=2
       Value: 0x00050002 -> 0x00010000
       Original: Lw [major=5, minor=2]
       Mutated:  XorI [major=1, minor=0]
       zkVM errors (3 lines):
         • [prover_impl.rs:280] verify segment (internal proof verification failed)
         • [ffi.cpp:113] address mismatch at cycle 20833: preflight=0x000800b8, actual=0x3fffc030
         • [kernels/cxx/ffi.cpp:208] SKIP THROW: memory peek not in preflight
       Local constraints hit (4 unique):
         - MemoryWrite@mem.zir:100
           cycle=20833, step=3883, pc=0x00203C08, major=1, minor=0
         - MemoryWrite@mem.zir:99
           cycle=20833, step=3883, pc=0x00203C08, major=1, minor=0
         - VerifyOpcodeF3@inst.zir:96
           cycle=20833, step=3883, pc=0x00203C08, major=1, minor=0
         - VerifyOpcodeF3@inst.zir:97
           cycle=20833, step=3883, pc=0x00203C08, major=1, minor=0
       Global: memory permutation violated
         0x002002E0 (data): unexpected write 0x20000000 (cycle 38981)
         x16/a6: expected write missing, needed 0x20000000 (cycle 38981)
  [349] ✓ INSTR_TYPE_MOD @ step 2502: 5 failures, 4165ms, outcome: REJECTED, exit: 101 [proof:GENERATED] G=memory|cycle
       r=0.038  T_new=0.00 F_new=0.86 F_rare=1.00 U=0 Q=0.08 Q_l=0.19 Q_g=0.43 dl=5 dg=5
       Value: 0x00000007 -> 0x00060001
       Original: AddI [major=0, minor=7]
       Mutated:  Sh [major=6, minor=1]
       zkVM errors (3 lines):
         • [prover_impl.rs:280] verify segment (internal proof verification failed)
         • [ffi.cpp:113] address mismatch at cycle 19156: preflight=0x3fffc00a, actual=0x0008679f
         • [kernels/cxx/ffi.cpp:208] SKIP THROW: memory peek not in preflight
       Local constraints hit (5 unique):
         - IsRead@mem.zir:79
           cycle=19156, step=2502, pc=0xC0000550, major=6, minor=1
         - IsRead@mem.zir:80
           cycle=19156, step=2502, pc=0xC0000550, major=6, minor=1
         - MemoryWrite@mem.zir:99
           cycle=19156, step=2502, pc=0xC0000550, major=6, minor=1
         - VerifyOpcodeF3@inst.zir:96
           cycle=19156, step=2502, pc=0xC0000550, major=6, minor=1
         - VerifyOpcodeF3@inst.zir:97
           cycle=19156, step=2502, pc=0xC0000550, major=6, minor=1
       Global: memory permutation violated
         0xFFFF0028 (data): unexpected write 0x0000000a (cycle 38304)
         0x00219E7C (code): expected write missing, needed 0x00000073 (cycle 30766)
       Global: cycle lookup violated (3 indices broken)
         index 7: 280 provides, 1 uses (imbalanced)
         index 8: 324 provides, 1 uses (imbalanced)
         index 7546: 1 provides, 1 uses (imbalanced)
  [350] 💥 INSTR_TYPE_MOD @ step 1930: 8 failures, 624ms, outcome: CRASH, exit: -11 [proof:NOT_GENERATED]
       r=0.000  T_new=0.00 F_new=0.00 F_rare=0.00 U=0 Q=0.00 Q_l=0.00 Q_g=1.00 dl=0 dg=0
       Value: 0x00050003 -> 0x00010008
       Original: LbU [major=5, minor=3]
       Mutated:  Bge [major=1, minor=8] ⚠INVALID
       zkVM errors (2 lines):
         • [ffi.cpp:113] address mismatch at cycle 18579: preflight=0x00086ea2, actual=0x3fffc020
         • [kernels/cxx/ffi.cpp:208] SKIP THROW: memory peek not in preflight
       Local constraints hit (4 unique):
         - AddrDecompose@u32.zir:67 (x5)
           cycle=18580, step=1931, pc=0x002184C8, major=1, minor=6
         - MemoryWrite@mem.zir:99
           cycle=18579, step=1930, pc=0x002184C4, major=1, minor=8
         - OneHot@one_hot.zir:11
           cycle=18579, step=1930, pc=0x002184C4, major=1, minor=8
         - OneHot@one_hot.zir:9
           cycle=18579, step=1930, pc=0x002184C4, major=1, minor=8
       Global: no permutation/lookup violations (local-only)
  [351] ✓ INSTR_TYPE_MOD @ step 3928: 3 failures, 4098ms, outcome: REJECTED, exit: 101 [proof:GENERATED] [+2 touch]
       r=0.056  T_new=0.06 F_new=0.00 F_rare=0.47 U=0 Q=0.37 Q_l=0.37 Q_g=1.00 dl=3 dg=0
       Value: 0x00000007 -> 0x00030003
       Original: AddI [major=0, minor=7]
       Mutated:  MulH [major=3, minor=3]
       zkVM errors (1 lines):
         • [prover_impl.rs:280] verify segment (internal proof verification failed)
       Local constraints hit (3 unique):
         - VerifyOpcodeF3F7@inst.zir:102
           cycle=20878, step=3928, pc=0xC00000F8, major=3, minor=3
         - VerifyOpcodeF3F7@inst.zir:103
           cycle=20878, step=3928, pc=0xC00000F8, major=3, minor=3
         - VerifyOpcodeF3F7@inst.zir:104
           cycle=20878, step=3928, pc=0xC00000F8, major=3, minor=3
       Global: no permutation/lookup violations (local-only)
  [352] ✓ PRE_EXEC_REG_MOD @ step 3818: 1 failures, 4119ms, outcome: REJECTED, exit: 101 [proof:GENERATED] G=memory
       r=0.183  T_new=0.00 F_new=0.78 F_rare=1.00 U=0 Q=0.43 Q_l=0.72 Q_g=0.61 dl=1 dg=3
       Value: 0x00200160 -> 0x00200560
       Register: x2 (sp), READ, strategy=next_read
       zkVM errors (3 lines):
         • [prover_impl.rs:280] verify segment (internal proof verification failed)
         • [ffi.cpp:113] address mismatch at cycle 20768: preflight=0x00080065, actual=0x00080165
         • [kernels/cxx/ffi.cpp:208] SKIP THROW: memory peek not in preflight
       Local constraints hit (1 unique):
         - IsRead@mem.zir:79
           cycle=20768, step=3818, pc=0x00205828, major=5, minor=2
       Global: memory permutation violated
         0x00200194 (data): unexpected write 0x002215ac (cycle 40903)
         0x00200594 (data): expected write missing, needed 0x002215ac (cycle 40903)
         x2/sp: wrote 0x00200560, expected 0x00200160 (cycle 41536)
  [353] ✓ INSTR_TYPE_MOD @ step 3928: 2 failures, 4146ms, outcome: REJECTED, exit: 101 [proof:GENERATED] [+1 touch]
       r=0.060  T_new=0.03 F_new=0.00 F_rare=0.45 U=0 Q=0.51 Q_l=0.51 Q_g=1.00 dl=2 dg=0
       Value: 0x00000007 -> 0x00000006
       Original: AddI [major=0, minor=7]
       Mutated:  SltU [major=0, minor=6]
       zkVM errors (1 lines):
         • [prover_impl.rs:280] verify segment (internal proof verification failed)
       Local constraints hit (2 unique):
         - VerifyOpcodeF3F7@inst.zir:102
           cycle=20878, step=3928, pc=0xC00000F8, major=0, minor=6
         - VerifyOpcodeF3F7@inst.zir:103
           cycle=20878, step=3928, pc=0xC00000F8, major=0, minor=6
       Global: no permutation/lookup violations (local-only)
  [354] ✓ INSTR_TYPE_MOD @ step 1859: 5 failures, 4130ms, outcome: REJECTED, exit: 101 [proof:GENERATED]
       r=0.055  T_new=0.00 F_new=0.39 F_rare=0.75 U=0 Q=0.19 Q_l=0.19 Q_g=1.00 dl=5 dg=0
       Value: 0x00000007 -> 0x00000005
       Original: AddI [major=0, minor=7]
       Mutated:  Slt [major=0, minor=5]
       zkVM errors (1 lines):
         • [prover_impl.rs:280] verify segment (internal proof verification failed)
       Local constraints hit (5 unique):
         - MemoryWrite@mem.zir:100
           cycle=18508, step=1859, pc=0x0020600C, major=0, minor=5
         - MemoryWrite@mem.zir:99
           cycle=18508, step=1859, pc=0x0020600C, major=0, minor=5
         - VerifyOpcodeF3F7@inst.zir:102
           cycle=18508, step=1859, pc=0x0020600C, major=0, minor=5
         - VerifyOpcodeF3F7@inst.zir:103
           cycle=18508, step=1859, pc=0x0020600C, major=0, minor=5
         - VerifyOpcodeF3F7@inst.zir:104
           cycle=18508, step=1859, pc=0x0020600C, major=0, minor=5
       Global: no permutation/lookup violations (local-only)
  [355] ✓ INSTR_TYPE_MOD @ step 3220: 4 failures, 4088ms, outcome: REJECTED, exit: 101 [proof:GENERATED]
       r=0.042  T_new=0.00 F_new=0.00 F_rare=0.58 U=0 Q=0.26 Q_l=0.26 Q_g=1.00 dl=4 dg=0
       Value: 0x00000007 -> 0x00000005
       Original: AddI [major=0, minor=7]
       Mutated:  Slt [major=0, minor=5]
       zkVM errors (1 lines):
         • [prover_impl.rs:280] verify segment (internal proof verification failed)
       Local constraints hit (4 unique):
         - MemoryWrite@mem.zir:99
           cycle=20022, step=3220, pc=0x00205E04, major=0, minor=5
         - VerifyOpcodeF3F7@inst.zir:102
           cycle=20022, step=3220, pc=0x00205E04, major=0, minor=5
         - VerifyOpcodeF3F7@inst.zir:103
           cycle=20022, step=3220, pc=0x00205E04, major=0, minor=5
         - VerifyOpcodeF3F7@inst.zir:104
           cycle=20022, step=3220, pc=0x00205E04, major=0, minor=5
       Global: no permutation/lookup violations (local-only)
  [356] ✓ INSTR_WORD_MOD_FULL @ step 3929: 1 failures, 4156ms, outcome: REJECTED, exit: 101 [proof:GENERATED] G=memory
       r=0.180  T_new=0.00 F_new=0.39 F_rare=0.85 U=0 Q=0.61 Q_l=0.72 Q_g=0.85 dl=1 dg=1
       Value: 0x00000073 -> 0x00040073
       Original: ECALL x0, x0, 0
       Mutated:  ECALL x0, x8, 0
       zkVM errors (1 lines):
         • [prover_impl.rs:280] verify segment (internal proof verification failed)
       Local constraints hit (1 unique):
         - MachineECall@inst_ecall.zir:28
           cycle=20879, step=3929, pc=0xC00000F8, major=8, minor=0
       Global: memory permutation violated
         0xC00000F8 (data): wrote 0x00000073, expected 0x00040073 (cycle 30062)
  [357] ✓ INSTR_TYPE_MOD @ step 68: 3 failures, 4131ms, outcome: REJECTED, exit: 101 [proof:GENERATED]
       r=0.032  T_new=0.00 F_new=0.00 F_rare=0.36 U=0 Q=0.37 Q_l=0.37 Q_g=1.00 dl=3 dg=0
       Value: 0x00000000 -> 0x00000004
       Original: Add [major=0, minor=0]
       Mutated:  And [major=0, minor=4]
       zkVM errors (1 lines):
         • [prover_impl.rs:280] verify segment (internal proof verification failed)
       Local constraints hit (3 unique):
         - MemoryWrite@mem.zir:100
           cycle=16641, step=68, pc=0x00203248, major=0, minor=4
         - MemoryWrite@mem.zir:99
           cycle=16641, step=68, pc=0x00203248, major=0, minor=4
         - VerifyOpcodeF3F7@inst.zir:103
           cycle=16641, step=68, pc=0x00203248, major=0, minor=4
       Global: no permutation/lookup violations (local-only)
  [358] ✓ INSTR_TYPE_MOD @ step 2522: 7 failures, 4257ms, outcome: REJECTED, exit: 101 [proof:GENERATED] G=memory|cycle
       r=0.019  T_new=0.00 F_new=0.92 F_rare=1.00 U=0 Q=0.04 Q_l=0.10 Q_g=0.43 dl=7 dg=5
       Value: 0x00000007 -> 0x00050002
       Original: AddI [major=0, minor=7]
       Mutated:  Lw [major=5, minor=2]
       zkVM errors (3 lines):
         • [prover_impl.rs:280] verify segment (internal proof verification failed)
         • [ffi.cpp:113] address mismatch at cycle 19250: preflight=0x3fffc02c, actual=0x00000008
         • [kernels/cxx/ffi.cpp:208] SKIP THROW: memory peek not in preflight
       Local constraints hit (7 unique):
         - AddrDecomposeBits@u32.zir:87
           cycle=19250, step=2522, pc=0x00201454, major=5, minor=2
         - IsRead@mem.zir:79
           cycle=19250, step=2522, pc=0x00201454, major=5, minor=2
         - IsRead@mem.zir:80
           cycle=19250, step=2522, pc=0x00201454, major=5, minor=2
         - MemoryWrite@mem.zir:100
           cycle=19250, step=2522, pc=0x00201454, major=5, minor=2
         - MemoryWrite@mem.zir:99
           cycle=19250, step=2522, pc=0x00201454, major=5, minor=2
         - VerifyOpcodeF3@inst.zir:96
           cycle=19250, step=2522, pc=0x00201454, major=5, minor=2
         - VerifyOpcodeF3@inst.zir:97
           cycle=19250, step=2522, pc=0x00201454, major=5, minor=2
       Global: memory permutation violated
         0x00000020 (data): expected write missing, needed 0x00200308 (cycle 38280)
         x12/a2: expected write missing, needed 0x30c59c63 (cycle 6778)
       Global: cycle lookup violated (3 indices broken)
         index 219: 2 provides, 1 uses (imbalanced)
         index 220: 1 provides, 1 uses (imbalanced)
         index 31722: 1 provides, 1 uses (imbalanced)
  [359] ✓ INSTR_TYPE_MOD @ step 2682: 3 failures, 4145ms, outcome: REJECTED, exit: 101 [proof:GENERATED]
       r=0.037  T_new=0.00 F_new=0.00 F_rare=0.41 U=0 Q=0.37 Q_l=0.37 Q_g=1.00 dl=3 dg=0
       Value: 0x00050002 -> 0x00050003
       Original: Lw [major=5, minor=2]
       Mutated:  LbU [major=5, minor=3]
       zkVM errors (1 lines):
         • [prover_impl.rs:280] verify segment (internal proof verification failed)
       Local constraints hit (3 unique):
         - MemoryWrite@mem.zir:100
           cycle=19410, step=2682, pc=0x002015E4, major=5, minor=3
         - MemoryWrite@mem.zir:99
           cycle=19410, step=2682, pc=0x002015E4, major=5, minor=3
         - VerifyOpcodeF3@inst.zir:97
           cycle=19410, step=2682, pc=0x002015E4, major=5, minor=3
       Global: no permutation/lookup violations (local-only)
  [360] ✓ INSTR_WORD_MOD_SUR @ step 3929: 1 failures, 4181ms, outcome: REJECTED, exit: 101 [proof:GENERATED] G=memory
       r=0.171  T_new=0.00 F_new=0.39 F_rare=0.79 U=0 Q=0.61 Q_l=0.72 Q_g=0.85 dl=1 dg=1
       Value: 0x00000073 -> 0x81800073
       Surgical: imm = 0 -> 2072
       Original: ECALL x0, x0, 0
       Mutated:  SYSTEM.0 x0, x0, -2024
       zkVM errors (1 lines):
         • [prover_impl.rs:280] verify segment (internal proof verification failed)
       Local constraints hit (1 unique):
         - MachineECall@inst_ecall.zir:28
           cycle=20879, step=3929, pc=0xC00000F8, major=8, minor=0
       Global: memory permutation violated
         0xC00000F8 (data): wrote 0x00000073, expected 0x81800073 (cycle 30062)
  [361] ✓ INSTR_TYPE_MOD @ step 3373: 4 failures, 4232ms, outcome: REJECTED, exit: 101 [proof:GENERATED] G=memory|cycle
       r=0.052  T_new=0.00 F_new=0.92 F_rare=1.00 U=0 Q=0.11 Q_l=0.26 Q_g=0.43 dl=4 dg=5
       Value: 0x00000007 -> 0x00060000
       Original: AddI [major=0, minor=7]
       Mutated:  Sb [major=6, minor=0]
       zkVM errors (3 lines):
         • [prover_impl.rs:280] verify segment (internal proof verification failed)
         • [ffi.cpp:113] address mismatch at cycle 20175: preflight=0x3fffc037, actual=0x000800ac
         • [kernels/cxx/ffi.cpp:208] SKIP THROW: memory peek not in preflight
       Local constraints hit (4 unique):
         - IsRead@mem.zir:79
           cycle=20175, step=3373, pc=0x00204C40, major=6, minor=0
         - MemoryWrite@mem.zir:100
           cycle=20175, step=3373, pc=0x00204C40, major=6, minor=0
         - MemoryWrite@mem.zir:99
           cycle=20175, step=3373, pc=0x00204C40, major=6, minor=0
         - VerifyOpcodeF3@inst.zir:96
           cycle=20175, step=3373, pc=0x00204C40, major=6, minor=0
       Global: memory permutation violated
         0x002002B0 (data): expected write missing, needed 0x02c12503 (cycle 40222)
         x23/s7: unexpected write 0x0020027c (cycle 40234)
       Global: cycle lookup violated (3 indices broken)
         index 115: 3 provides, 1 uses (imbalanced)
         index 116: orphan use (1 entries, no matching provide)
         index 128: 37 provides, 1 uses (imbalanced)
  [362] ✓ INSTR_TYPE_MOD @ step 254: 13 failures, 4150ms, outcome: REJECTED, exit: 101 [proof:GENERATED] [+33 touch] G=memory
       r=0.003  T_new=0.61 F_new=1.00 F_rare=1.00 U=0 Q=0.00 Q_l=0.03 Q_g=0.19 dl=11 dg=10
       Value: 0x00000007 -> 0x0002000B
       Original: AddI [major=0, minor=7]
       Mutated:  MulH [major=2, minor=11] ⚠INVALID
       zkVM errors (3 lines):
         • [prover_impl.rs:280] verify segment (internal proof verification failed)
         • [ffi.cpp:113] address mismatch at cycle 16833: preflight=0x3fffc028, actual=0x3fffc060
         • [kernels/cxx/ffi.cpp:208] SKIP THROW: memory peek not in preflight
       Local constraints hit (5 unique):
         - AddrDecompose@u32.zir:67 (x5)
           cycle=16834, step=255, pc=0x002031A8, major=0, minor=7
         - MemoryWrite@mem.zir:100 (x3)
           cycle=16833, step=254, pc=0x002031A4, major=2, minor=11
         - MemoryWrite@mem.zir:99 (x3)
           cycle=16833, step=254, pc=0x002031A4, major=2, minor=11
         - OneHot@one_hot.zir:11
           cycle=16833, step=254, pc=0x002031A4, major=2, minor=11
         - OneHot@one_hot.zir:9
           cycle=16833, step=254, pc=0x002031A4, major=2, minor=11
       Global: memory permutation violated (12 addrs: 1 register, 5 code, 6 data)
         0x00000000 (data): expected write missing, needed 0x00058513 (cycle 10218)
         0x00000004 (data): expected write missing, needed 0x00060593 (cycle 10218)
         0x00000008 (data): expected write missing, needed 0x00068613 (cycle 10218)
         + 5 code addresses diverged (instruction fetch cascade)
         + 4 more addresses
  [363] ✓ INSTR_TYPE_MOD @ step 487: 3 failures, 4110ms, outcome: REJECTED, exit: 101 [proof:GENERATED]
       r=0.041  T_new=0.00 F_new=0.00 F_rare=0.38 U=0 Q=0.37 Q_l=0.37 Q_g=1.00 dl=3 dg=0
       Value: 0x00000007 -> 0x00000005
       Original: AddI [major=0, minor=7]
       Mutated:  Slt [major=0, minor=5]
       zkVM errors (1 lines):
         • [prover_impl.rs:280] verify segment (internal proof verification failed)
       Local constraints hit (3 unique):
         - MemoryWrite@mem.zir:99
           cycle=17084, step=487, pc=0x0020319C, major=0, minor=5
         - VerifyOpcodeF3F7@inst.zir:102
           cycle=17084, step=487, pc=0x0020319C, major=0, minor=5
         - VerifyOpcodeF3F7@inst.zir:103
           cycle=17084, step=487, pc=0x0020319C, major=0, minor=5
       Global: no permutation/lookup violations (local-only)
  [364] ✓ PRE_EXEC_REG_MOD @ step 3477: 2 failures, 4143ms, outcome: REJECTED, exit: 101 [proof:GENERATED] G=memory
       r=0.129  T_new=0.00 F_new=0.39 F_rare=0.85 U=0 Q=0.43 Q_l=0.51 Q_g=0.85 dl=2 dg=1
       Value: 0x002002BC -> 0x00000004
       Register: x20 (s4), READ, strategy=next_read
       zkVM errors (1 lines):
         • [prover_impl.rs:280] verify segment (internal proof verification failed)
       Local constraints hit (2 unique):
         - IsRead@mem.zir:79
           cycle=20279, step=3477, pc=0x00205DEC, major=2, minor=4
         - IsRead@mem.zir:80
           cycle=20279, step=3477, pc=0x00205DEC, major=2, minor=4
       Global: memory permutation violated
         x20/s4: wrote 0x00000004, expected 0x002002bc (cycle 40558)
  [365] ✓ INSTR_TYPE_MOD @ step 2468: 6 failures, 4203ms, outcome: REJECTED, exit: 101 [proof:GENERATED] G=memory
       r=0.012  T_new=0.00 F_new=0.99 F_rare=1.00 U=0 Q=0.03 Q_l=0.14 Q_g=0.19 dl=6 dg=10
       Value: 0x00020004 -> 0x00050002
       Original: JalR [major=2, minor=4]
       Mutated:  Lw [major=5, minor=2]
       zkVM errors (3 lines):
         • [prover_impl.rs:280] verify segment (internal proof verification failed)
         • [ffi.cpp:113] address mismatch at cycle 19122: preflight=0x3fffc020, actual=0x0008156a
         • [kernels/cxx/ffi.cpp:208] SKIP THROW: memory peek not in preflight
       Local constraints hit (4 unique):
         - MemoryWrite@mem.zir:100
           cycle=19122, step=2468, pc=0x002055A8, major=5, minor=2
         - MemoryWrite@mem.zir:99 (x3)
           cycle=19122, step=2468, pc=0x002055A8, major=5, minor=2
         - VerifyOpcodeF3@inst.zir:96
           cycle=19122, step=2468, pc=0x002055A8, major=5, minor=2
         - VerifyOpcodeF3@inst.zir:97
           cycle=19122, step=2468, pc=0x002055A8, major=5, minor=2
       Global: memory permutation violated (13 addrs: 1 register, 12 code)
         x0/zero: unexpected write 0x00000000 (cycle 38242)
         + 12 code addresses diverged (instruction fetch cascade)
  [366] ✓ PRE_EXEC_REG_MOD @ step 2473: 2 failures, 4147ms, outcome: REJECTED, exit: 101 [proof:GENERATED] G=memory
       r=0.129  T_new=0.00 F_new=0.39 F_rare=0.85 U=0 Q=0.43 Q_l=0.51 Q_g=0.85 dl=2 dg=1
       Value: 0x00000000 -> 0x866BBA45
       Register: x0 (zero), READ, strategy=next_read
       zkVM errors (1 lines):
         • [prover_impl.rs:280] verify segment (internal proof verification failed)
       Local constraints hit (2 unique):
         - IsRead@mem.zir:79
           cycle=19127, step=2473, pc=0x002055BC, major=2, minor=6
         - IsRead@mem.zir:80
           cycle=19127, step=2473, pc=0x002055BC, major=2, minor=6
       Global: memory permutation violated
         x0/zero: wrote 0x866bba45, expected 0x00000000 (cycle 38254)
  [367] ✓ PRE_EXEC_REG_MOD @ step 3053: 3 failures, 4163ms, outcome: REJECTED, exit: 101 [proof:GENERATED] G=memory
       r=0.092  T_new=0.00 F_new=0.39 F_rare=0.85 U=0 Q=0.31 Q_l=0.37 Q_g=0.85 dl=3 dg=1
       Value: 0x00000000 -> 0xDFFF6CFF
       Register: x11 (a1), READ, strategy=next_read
       zkVM errors (1 lines):
         • [prover_impl.rs:280] verify segment (internal proof verification failed)
       Local constraints hit (3 unique):
         - IsRead@mem.zir:79
           cycle=19781, step=3053, pc=0x00203210, major=6, minor=0
         - IsRead@mem.zir:80
           cycle=19781, step=3053, pc=0x00203210, major=6, minor=0
         - MemoryWrite@mem.zir:100
           cycle=19781, step=3053, pc=0x00203210, major=6, minor=0
       Global: memory permutation violated
         x11/a1: wrote 0xdfff6cff, expected 0x00000000 (cycle 39562)
  [368] ✓ INSTR_TYPE_MOD @ step 63: 8 failures, 4269ms, outcome: REJECTED, exit: 101 [proof:GENERATED] G=memory|cycle
       r=0.014  T_new=0.00 F_new=0.92 F_rare=1.00 U=0 Q=0.03 Q_l=0.07 Q_g=0.43 dl=8 dg=5
       Value: 0x00000007 -> 0x00060002
       Original: AddI [major=0, minor=7]
       Mutated:  Sw [major=6, minor=2]
       zkVM errors (3 lines):
         • [prover_impl.rs:280] verify segment (internal proof verification failed)
         • [ffi.cpp:113] address mismatch at cycle 16636: preflight=0x3fffc02f, actual=0x00000003
         • [kernels/cxx/ffi.cpp:208] SKIP THROW: memory peek not in preflight
       Local constraints hit (8 unique):
         - AddrDecomposeBits@u32.zir:87
           cycle=16636, step=63, pc=0x00203234, major=6, minor=2
         - IsRead@mem.zir:79
           cycle=16636, step=63, pc=0x00203234, major=6, minor=2
         - MemoryWrite@mem.zir:100
           cycle=16636, step=63, pc=0x00203234, major=6, minor=2
         - MemoryWrite@mem.zir:99
           cycle=16636, step=63, pc=0x00203234, major=6, minor=2
         - OpSW@inst_mem.zir:160
           cycle=16636, step=63, pc=0x00203234, major=6, minor=2
         - OpSW@inst_mem.zir:161
           cycle=16636, step=63, pc=0x00203234, major=6, minor=2
         - VerifyOpcodeF3@inst.zir:96
           cycle=16636, step=63, pc=0x00203234, major=6, minor=2
         - VerifyOpcodeF3@inst.zir:97
           cycle=16636, step=63, pc=0x00203234, major=6, minor=2
       Global: memory permutation violated
         0x0000000C (data): expected write missing, needed 0xfeb68e23 (cycle 10298)
         x15/a5: unexpected write 0x00000000 (cycle 31954)
       Global: cycle lookup violated (3 indices broken)
         index 1317: 1 provides, 1 uses (imbalanced)
         index 1318: orphan use (1 entries, no matching provide)
         index 22974: 1 provides, 1 uses (imbalanced)
  [369] ✓ INSTR_TYPE_MOD @ step 3789: 7 failures, 4190ms, outcome: REJECTED, exit: 101 [proof:GENERATED] G=memory|cycle
       r=0.015  T_new=0.00 F_new=0.97 F_rare=1.00 U=0 Q=0.03 Q_l=0.10 Q_g=0.31 dl=7 dg=7
       Value: 0x00050002 -> 0x00060001
       Original: Lw [major=5, minor=2]
       Mutated:  Sh [major=6, minor=1]
       zkVM errors (3 lines):
         • [prover_impl.rs:280] verify segment (internal proof verification failed)
         • [ffi.cpp:113] address mismatch at cycle 20665: preflight=0x3fffc02d, actual=0x3fffc014
         • [kernels/cxx/ffi.cpp:208] SKIP THROW: memory peek not in preflight
       Local constraints hit (7 unique):
         - IsRead@mem.zir:79
           cycle=20665, step=3789, pc=0xC0000180, major=6, minor=1
         - IsRead@mem.zir:80
           cycle=20665, step=3789, pc=0xC0000180, major=6, minor=1
         - MemoryWrite@mem.zir:100
           cycle=20665, step=3789, pc=0xC0000180, major=6, minor=1
         - MemoryWrite@mem.zir:99
           cycle=20665, step=3789, pc=0xC0000180, major=6, minor=1
         - OpSH@inst_mem.zir:148
           cycle=20665, step=3789, pc=0xC0000180, major=6, minor=1
         - VerifyOpcodeF3@inst.zir:96
           cycle=20665, step=3789, pc=0xC0000180, major=6, minor=1
         - VerifyOpcodeF3@inst.zir:97
           cycle=20665, step=3789, pc=0xC0000180, major=6, minor=1
       Global: memory permutation violated
         0xFFFF0034 (data): unexpected write 0x00000001 (cycle 40866)
         0xFFFF0050 (data): expected write missing, needed 0x00221630 (cycle 41307)
         x11/a1: expected write missing, needed 0x03822703 (cycle 40688)
         x13/a3: unexpected write 0x00221630 (cycle 41307)
       Global: cycle lookup violated (3 indices broken)
         index 463: 9 provides, 1 uses (imbalanced)
         index 464: 3 provides, 1 uses (imbalanced)
         index 642: 1 provides, 1 uses (imbalanced)
  [370] ✓ INSTR_TYPE_MOD @ step 1840: 7 failures, 4136ms, outcome: REJECTED, exit: 101 [proof:GENERATED] [+32 touch] G=memory
       r=0.024  T_new=0.60 F_new=0.99 F_rare=1.00 U=0 Q=0.04 Q_l=0.10 Q_g=0.37 dl=7 dg=6
       Value: 0x00030001 -> 0x0000000F
       Original: SllI [major=3, minor=1]
       Mutated:  Blt [major=0, minor=15] ⚠INVALID
       zkVM errors (3 lines):
         • [prover_impl.rs:280] verify segment (internal proof verification failed)
         • [ffi.cpp:113] address mismatch at cycle 18484: preflight=0x3fffc00a, actual=0x3fffc040
         • [kernels/cxx/ffi.cpp:208] SKIP THROW: memory peek not in preflight
       Local constraints hit (5 unique):
         - AddrDecompose@u32.zir:67 (x2)
           cycle=18485, step=1841, pc=0xC0000080, major=0, minor=0
         - MemoryWrite@mem.zir:100
           cycle=18486, step=1842, pc=0xC0000058, major=2, minor=4
         - MemoryWrite@mem.zir:99 (x2)
           cycle=18484, step=1840, pc=0xC000007C, major=0, minor=15
         - OneHot@one_hot.zir:11
           cycle=18484, step=1840, pc=0xC000007C, major=0, minor=15
         - OneHot@one_hot.zir:9
           cycle=18484, step=1840, pc=0xC000007C, major=0, minor=15
       Global: memory permutation violated
         0x00000000 (data): expected write missing, needed 0x00a485b3 (cycle 35430)
         0x00000004 (data): expected write missing, needed 0x00058067 (cycle 35432)
         0xC000007C (data): unexpected write 0x00a485b3 (cycle 35430)
         0xC0000080 (data): unexpected write 0x00058067 (cycle 35432)
         0xFFFF0028 (data): unexpected write 0x00000002 (cycle 36968)
         0xFFFF0100 (data): expected write missing, needed 0x00000002 (cycle 36968)
  [371] ✓ PRE_EXEC_REG_MOD @ step 1439: 2 failures, 4154ms, outcome: REJECTED, exit: 101 [proof:GENERATED] G=memory
       r=0.122  T_new=0.00 F_new=0.39 F_rare=0.79 U=0 Q=0.43 Q_l=0.51 Q_g=0.85 dl=2 dg=1
       Value: 0x00000012 -> 0x7D723374
       Register: x12 (a2), READ, strategy=next_read
       zkVM errors (1 lines):
         • [prover_impl.rs:280] verify segment (internal proof verification failed)
       Local constraints hit (2 unique):
         - IsRead@mem.zir:79
           cycle=18083, step=1439, pc=0x002184BC, major=1, minor=6
         - IsRead@mem.zir:80
           cycle=18083, step=1439, pc=0x002184BC, major=1, minor=6
       Global: memory permutation violated
         x12/a2: wrote 0x7d723374, expected 0x00000012 (cycle 36166)
  [372] ✓ INSTR_TYPE_MOD @ step 1322: 26 failures, 4138ms, outcome: REJECTED, exit: 101 [proof:GENERATED] [+31 touch] G=memory
       r=0.001  T_new=0.59 F_new=1.00 F_rare=1.00 U=0 Q=0.00 Q_l=0.01 Q_g=0.19 dl=13 dg=10
       Value: 0x00020004 -> 0x0001000E
       Original: JalR [major=2, minor=4]
       Mutated:  Auipc [major=1, minor=14] ⚠INVALID
       zkVM errors (3 lines):
         • [prover_impl.rs:280] verify segment (internal proof verification failed)
         • [ffi.cpp:113] address mismatch at cycle 17966: preflight=0x3fffc021, actual=0x3fffc060
         • [kernels/cxx/ffi.cpp:208] SKIP THROW: memory peek not in preflight
       Local constraints hit (5 unique):
         - AddrDecompose@u32.zir:67 (x18)
           cycle=17967, step=1323, pc=0x00202BC0, major=0, minor=7
         - MemoryWrite@mem.zir:100 (x3)
           cycle=17966, step=1322, pc=0x00202BBC, major=1, minor=14
         - MemoryWrite@mem.zir:99 (x3)
           cycle=17966, step=1322, pc=0x00202BBC, major=1, minor=14
         - OneHot@one_hot.zir:11
           cycle=17966, step=1322, pc=0x00202BBC, major=1, minor=14
         - OneHot@one_hot.zir:9
           cycle=17966, step=1322, pc=0x00202BBC, major=1, minor=14
       Global: memory permutation violated (38 addrs: 1 register, 18 code, 19 data)
         0x00000000 (data): expected write missing, needed 0xf7010113 (cycle 9250)
         0x00000004 (data): expected write missing, needed 0x08112623 (cycle 9270)
         0x00000008 (data): expected write missing, needed 0x08812423 (cycle 9270)
         + 18 code addresses diverged (instruction fetch cascade)
         + 17 more addresses
  [373] ✓ INSTR_TYPE_MOD @ step 0: 6 failures, 4247ms, outcome: REJECTED, exit: 101 [proof:GENERATED] [+32 touch] G=memory|cycle
       r=0.053  T_new=0.60 F_new=0.92 F_rare=1.00 U=0 Q=0.08 Q_l=0.14 Q_g=0.61 dl=6 dg=3
       Value: 0x00020006 -> 0x00050009
       Original: Auipc [major=2, minor=6]
       Mutated:  Sh [major=5, minor=9] ⚠INVALID
       zkVM errors (3 lines):
         • [prover_impl.rs:280] verify segment (internal proof verification failed)
         • [ffi.cpp:113] address mismatch at cycle 0: preflight=0x44000000, actual=0x00000000
         • [kernels/cxx/ffi.cpp:208] SKIP THROW: memory peek not in preflight
       Local constraints hit (6 unique):
         - AddrDecompose@u32.zir:67
           cycle=0, step=0, pc=0x00000000, major=5, minor=9
         - AddrDecomposeBits@u32.zir:87
           cycle=0, step=0, pc=0x00000000, major=5, minor=9
         - ControlLoadRootAndNonce@inst_control.zir:23
           cycle=1, step=0, pc=0x00000000, major=7, minor=0
         - MemLoadInput@inst_mem.zir:8
           cycle=0, step=0, pc=0x00000000, major=5, minor=9
         - OneHot@one_hot.zir:11
           cycle=0, step=0, pc=0x00000000, major=5, minor=9
         - OneHot@one_hot.zir:9
           cycle=0, step=0, pc=0x00000000, major=5, minor=9
       Global: memory permutation violated
         0xFFFF0100 (data): expected write missing, needed 0x00000000 (cycle 0)
       Global: cycle lookup violated (2 indices broken)
         index 0: 2256 provides, 1 uses (imbalanced)
         index 2013265920: orphan provide (3 entries, no matching use)
  [374] ✓ MEM_VAL_MOD @ step 0: 10 failures, 4184ms, outcome: REJECTED, exit: 101 [proof:GENERATED] G=memory
       r=0.088  T_new=0.00 F_new=0.39 F_rare=0.79 U=0 Q=0.31 Q_l=0.37 Q_g=0.85 dl=3 dg=1
       Value: 0x41590533 -> 0x10000000
       Transaction: other_mem_read (READ) at address 0x00205068
       zkVM errors (2 lines):
         • [prover_impl.rs:280] verify segment (internal proof verification failed)
         • [kernels/cxx/buffers.h:43] SKIP THROW: Inconsistent set
       Local constraints hit (3 unique):
         - IsRead@mem.zir:79
           cycle=7585, step=0, pc=0x00000000, major=9, minor=2
         - IsRead@mem.zir:80
           cycle=7585, step=0, pc=0x00000000, major=9, minor=2
         - PoseidonCheckOut@inst_p2.zir:265 (x8)
           cycle=7875, step=0, pc=0x00000000, major=9, minor=5
       Global: memory permutation violated
         0x00205068 (code): wrote 0x10000000, expected 0x41590533 (cycle 15170)
  [375] ✓ INSTR_TYPE_MOD @ step 1021: 7 failures, 4256ms, outcome: REJECTED, exit: 101 [proof:GENERATED] G=memory|cycle
       r=0.018  T_new=0.00 F_new=0.78 F_rare=1.00 U=0 Q=0.04 Q_l=0.10 Q_g=0.43 dl=7 dg=5
       Value: 0x00000007 -> 0x00060002
       Original: AddI [major=0, minor=7]
       Mutated:  Sw [major=6, minor=2]
       zkVM errors (3 lines):
         • [prover_impl.rs:280] verify segment (internal proof verification failed)
         • [ffi.cpp:113] address mismatch at cycle 17660: preflight=0x3fffc02b, actual=0x20000002
         • [kernels/cxx/ffi.cpp:208] SKIP THROW: memory peek not in preflight
       Local constraints hit (7 unique):
         - IsRead@mem.zir:79
           cycle=17660, step=1021, pc=0x00200A74, major=6, minor=2
         - MemoryWrite@mem.zir:100
           cycle=17660, step=1021, pc=0x00200A74, major=6, minor=2
         - MemoryWrite@mem.zir:99
           cycle=17660, step=1021, pc=0x00200A74, major=6, minor=2
         - OpSW@inst_mem.zir:160
           cycle=17660, step=1021, pc=0x00200A74, major=6, minor=2
         - OpSW@inst_mem.zir:161
           cycle=17660, step=1021, pc=0x00200A74, major=6, minor=2
         - VerifyOpcodeF3@inst.zir:96
           cycle=17660, step=1021, pc=0x00200A74, major=6, minor=2
         - VerifyOpcodeF3@inst.zir:97
           cycle=17660, step=1021, pc=0x00200A74, major=6, minor=2
       Global: memory permutation violated
         0x80000008 (data): expected write missing, needed 0x24b51263 (cycle 5186)
         x11/a1: unexpected write 0x80000000 (cycle 35320)
       Global: cycle lookup violated (3 indices broken)
         index 0: 2254 provides, 1 uses (imbalanced)
         index 30134: 1 provides, 1 uses (imbalanced)
         index 2013265920: orphan provide (1 entries, no matching use)
  [376] ✓ INSTR_TYPE_MOD @ step 674: 23 failures, 4192ms, outcome: REJECTED, exit: 101 [proof:GENERATED] G=memory
       r=0.001  T_new=0.00 F_new=1.00 F_rare=1.00 U=0 Q=0.00 Q_l=0.01 Q_g=0.19 dl=15 dg=10
       Value: 0x00020004 -> 0x0000000C
       Original: JalR [major=2, minor=4]
       Mutated:  SltIU [major=0, minor=12] ⚠INVALID
       zkVM errors (3 lines):
         • [prover_impl.rs:280] verify segment (internal proof verification failed)
         • [ffi.cpp:113] address mismatch at cycle 17284: preflight=0x30000016, actual=0x00000000
         • [kernels/cxx/buffers.h:43] SKIP THROW: Inconsistent set
       Local constraints hit (6 unique):
         - AddrDecompose@u32.zir:67 (x10)
           cycle=17284, step=675, pc=0xC0000134, major=2, minor=3
         - AddrDecomposeBits@u32.zir:87 (x7)
           cycle=17291, step=682, pc=0xC000014C, major=8, minor=0
         - MemoryWrite@mem.zir:100 (x2)
           cycle=17283, step=674, pc=0xC0000058, major=0, minor=12
         - MemoryWrite@mem.zir:99 (x2)
           cycle=17283, step=674, pc=0xC0000058, major=0, minor=12
         - OneHot@one_hot.zir:11
           cycle=17283, step=674, pc=0xC0000058, major=0, minor=12
         - OneHot@one_hot.zir:9
           cycle=17283, step=674, pc=0xC0000058, major=0, minor=12
       Global: memory permutation violated (26 addrs: 26 data)
         0x00000000 (data): expected write missing, needed 0x0dc0006f (cycle 34400)
         0x000000DC (data): expected write missing, needed 0x00100893 (cycle 34402)
         0x000000E0 (data): expected write missing, needed 0x03022503 (cycle 34404)
         + 23 more addresses
  [377] ✓ INSTR_TYPE_MOD @ step 517: 3 failures, 4182ms, outcome: REJECTED, exit: 101 [proof:GENERATED] G=memory
       r=0.033  T_new=0.00 F_new=0.99 F_rare=1.00 U=0 Q=0.07 Q_l=0.37 Q_g=0.19 dl=3 dg=10
       Value: 0x00020003 -> 0x00000007
       Original: Jal [major=2, minor=3]
       Mutated:  AddI [major=0, minor=7]
       zkVM errors (3 lines):
         • [prover_impl.rs:280] verify segment (internal proof verification failed)
         • [ffi.cpp:113] address mismatch at cycle 17115: preflight=0x3000004d, actual=0x30000017
         • [kernels/cxx/buffers.h:43] SKIP THROW: Inconsistent set
       Local constraints hit (3 unique):
         - MemoryWrite@mem.zir:100
           cycle=17114, step=517, pc=0xC0000134, major=0, minor=7
         - MemoryWrite@mem.zir:99
           cycle=17114, step=517, pc=0xC0000134, major=0, minor=7
         - VerifyOpcodeF3@inst.zir:96
           cycle=17114, step=517, pc=0xC0000134, major=0, minor=7
       Global: memory permutation violated (24 addrs: 24 data)
         0xC000005C (data): expected write missing, needed 0x00100893 (cycle 34062)
         0xC0000060 (data): expected write missing, needed 0x03022503 (cycle 34064)
         0xC0000064 (data): expected write missing, needed 0x02822583 (cycle 34066)
         + 21 more addresses
  [378] ✓ INSTR_TYPE_MOD @ step 3829: 4 failures, 4156ms, outcome: REJECTED, exit: 101 [proof:GENERATED] G=memory
       r=0.025  T_new=0.00 F_new=0.99 F_rare=1.00 U=0 Q=0.05 Q_l=0.26 Q_g=0.19 dl=4 dg=10
       Value: 0x00020004 -> 0x00050007
       Original: JalR [major=2, minor=4]
       Mutated:  Unknown(5,7) [major=5, minor=7] ⚠INVALID
       zkVM errors (3 lines):
         • [prover_impl.rs:280] verify segment (internal proof verification failed)
         • [ffi.cpp:113] address mismatch at cycle 20779: preflight=0x3fffc020, actual=0x00081518
         • [kernels/cxx/ffi.cpp:208] SKIP THROW: memory peek not in preflight
       Local constraints hit (3 unique):
         - IllegalLoadOp@inst_mem.zir:40
           cycle=20779, step=3829, pc=0x00205460, major=5, minor=7
         - MemoryWrite@mem.zir:100
           cycle=20779, step=3829, pc=0x00205460, major=5, minor=7
         - MemoryWrite@mem.zir:99 (x2)
           cycle=20779, step=3829, pc=0x00205460, major=5, minor=7
       Global: memory permutation violated (17 addrs: 1 register, 16 code)
         x0/zero: unexpected write 0x00000000 (cycle 41554)
         + 16 code addresses diverged (instruction fetch cascade)
  [379] 💥 PRE_EXEC_REG_MOD @ step 1971: 2 failures, 609ms, outcome: CRASH, exit: -11 [proof:NOT_GENERATED]
       r=0.000  T_new=0.00 F_new=0.00 F_rare=0.00 U=0 Q=0.00 Q_l=0.00 Q_g=1.00 dl=0 dg=0
       Value: 0x0021B15C -> 0xFFDE4EA4
       Register: x10 (a0), READ, strategy=next_read
       Local constraints hit (2 unique):
         - IsRead@mem.zir:79
           cycle=18620, step=1971, pc=0x002184C0, major=5, minor=3
         - IsRead@mem.zir:80
           cycle=18620, step=1971, pc=0x002184C0, major=5, minor=3
       Global: no permutation/lookup violations (local-only)
  [380] ✓ INSTR_TYPE_MOD @ step 2800: 54 failures, 4150ms, outcome: REJECTED, exit: 101 [proof:GENERATED] G=memory|cycle
       r=0.000  T_new=0.00 F_new=1.00 F_rare=1.00 U=0 Q=0.00 Q_l=0.01 Q_g=0.11 dl=15 dg=13
       Value: 0x00060002 -> 0x0001000E
       Original: Sw [major=6, minor=2]
       Mutated:  Auipc [major=1, minor=14] ⚠INVALID
       zkVM errors (3 lines):
         • [prover_impl.rs:280] verify segment (internal proof verification failed)
         • [ffi.cpp:113] address mismatch at cycle 19528: preflight=0x00080097, actual=0x3fffc060
         • [kernels/cxx/ffi.cpp:208] SKIP THROW: memory peek not in preflight
       Local constraints hit (5 unique):
         - AddrDecompose@u32.zir:67 (x46)
           cycle=19529, step=2801, pc=0x0020387C, major=6, minor=2
         - MemoryWrite@mem.zir:100 (x3)
           cycle=19532, step=2804, pc=0x00203B40, major=2, minor=3
         - MemoryWrite@mem.zir:99 (x3)
           cycle=19532, step=2804, pc=0x00203B40, major=2, minor=3
         - OneHot@one_hot.zir:11
           cycle=19528, step=2800, pc=0x00203878, major=1, minor=14
         - OneHot@one_hot.zir:9
           cycle=19528, step=2800, pc=0x00203878, major=1, minor=14
       Global: memory permutation violated (94 addrs: 46 code, 48 data)
         0x00000000 (data): expected write missing, needed 0x02b12823 (cycle 11306)
         0x00000004 (data): expected write missing, needed 0x02c12a23 (cycle 11306)
         0x00000008 (data): expected write missing, needed 0x02d12c23 (cycle 11326)
         + 46 code addresses diverged (instruction fetch cascade)
         + 45 more addresses
       Global: cycle lookup violated (3 indices broken)
         index 0: 2254 provides, 1 uses (imbalanced)
         index 34533: 1 provides, 1 uses (imbalanced)
         index 34534: 1 provides, 1 uses (imbalanced)
  [381] ✓ STORE_OUT_MOD @ step 3233: 2 failures, 4125ms, outcome: REJECTED, exit: 101 [proof:GENERATED] G=memory
       r=0.106  T_new=0.00 F_new=0.39 F_rare=0.63 U=0 Q=0.43 Q_l=0.51 Q_g=0.85 dl=2 dg=1
       Value: 0x002215CE -> 0x00002000
       Store address: 0x002213fc
       zkVM errors (1 lines):
         • [prover_impl.rs:280] verify segment (internal proof verification failed)
       Local constraints hit (2 unique):
         - MemoryWrite@mem.zir:100
           cycle=20035, step=3233, pc=0x00205E38, major=6, minor=2
         - MemoryWrite@mem.zir:99
           cycle=20035, step=3233, pc=0x00205E38, major=6, minor=2
       Global: memory permutation violated
         0x002213FC (code): wrote 0x00002000, expected 0x002215ce (cycle 40071)
  [382] ✓ INSTR_TYPE_MOD @ step 1757: 2 failures, 4115ms, outcome: REJECTED, exit: 101 [proof:GENERATED]
       r=0.071  T_new=0.00 F_new=0.00 F_rare=0.47 U=0 Q=0.51 Q_l=0.51 Q_g=1.00 dl=2 dg=0
       Value: 0x00050003 -> 0x00050001
       Original: LbU [major=5, minor=3]
       Mutated:  Lh [major=5, minor=1]
       zkVM errors (1 lines):
         • [prover_impl.rs:280] verify segment (internal proof verification failed)
       Local constraints hit (2 unique):
         - MemoryWrite@mem.zir:99
           cycle=18401, step=1757, pc=0x002184C0, major=5, minor=1
         - VerifyOpcodeF3@inst.zir:97
           cycle=18401, step=1757, pc=0x002184C0, major=5, minor=1
       Global: no permutation/lookup violations (local-only)
  [383] ✓ INSTR_TYPE_MOD @ step 714: 4 failures, 4125ms, outcome: REJECTED, exit: 101 [proof:GENERATED]
       r=0.031  T_new=0.00 F_new=0.00 F_rare=0.49 U=0 Q=0.26 Q_l=0.26 Q_g=1.00 dl=4 dg=0
       Value: 0x00000007 -> 0x00000002
       Original: AddI [major=0, minor=7]
       Mutated:  Xor [major=0, minor=2]
       zkVM errors (1 lines):
         • [prover_impl.rs:280] verify segment (internal proof verification failed)
       Local constraints hit (4 unique):
         - MemoryWrite@mem.zir:100
           cycle=17329, step=714, pc=0x002009A8, major=0, minor=2
         - MemoryWrite@mem.zir:99
           cycle=17329, step=714, pc=0x002009A8, major=0, minor=2
         - VerifyOpcodeF3F7@inst.zir:102
           cycle=17329, step=714, pc=0x002009A8, major=0, minor=2
         - VerifyOpcodeF3F7@inst.zir:103
           cycle=17329, step=714, pc=0x002009A8, major=0, minor=2
       Global: no permutation/lookup violations (local-only)
  [384] ✓ MEM_VAL_MOD @ step 1736: 3 failures, 4189ms, outcome: REJECTED, exit: 101 [proof:GENERATED] G=memory
       r=0.085  T_new=0.00 F_new=0.39 F_rare=0.75 U=0 Q=0.31 Q_l=0.37 Q_g=0.85 dl=3 dg=1
       Value: 0x42494C5F -> 0x8259CC56
       Transaction: load_mem_read (READ) at address 0x0021b168
       zkVM errors (1 lines):
         • [prover_impl.rs:280] verify segment (internal proof verification failed)
       Local constraints hit (3 unique):
         - IsRead@mem.zir:79
           cycle=18380, step=1736, pc=0x002184C0, major=5, minor=3
         - IsRead@mem.zir:80
           cycle=18380, step=1736, pc=0x002184C0, major=5, minor=3
         - MemoryWrite@mem.zir:99
           cycle=18380, step=1736, pc=0x002184C0, major=5, minor=3
       Global: memory permutation violated
         0x0021B168 (code): wrote 0x8259cc56, expected 0x42494c5f (cycle 36760)
  [385] ✓ INSTR_TYPE_MOD @ step 320: 2 failures, 4257ms, outcome: REJECTED, exit: 101 [proof:GENERATED] G=memory|cycle
       r=0.073  T_new=0.00 F_new=0.92 F_rare=1.00 U=0 Q=0.16 Q_l=0.51 Q_g=0.31 dl=2 dg=7
       Value: 0x00060002 -> 0x00050003
       Original: Sw [major=6, minor=2]
       Mutated:  LbU [major=5, minor=3]
       zkVM errors (3 lines):
         • [prover_impl.rs:280] verify segment (internal proof verification failed)
         • [ffi.cpp:113] address mismatch at cycle 16905: preflight=0x3fffc020, actual=0x000800d8
         • [kernels/cxx/ffi.cpp:208] SKIP THROW: memory peek not in preflight
       Local constraints hit (2 unique):
         - VerifyOpcodeF3@inst.zir:96
           cycle=16905, step=320, pc=0x00200878, major=5, minor=3
         - VerifyOpcodeF3@inst.zir:97
           cycle=16905, step=320, pc=0x00200878, major=5, minor=3
       Global: memory permutation violated
         0x00200360 (data): expected write missing, needed 0x00000000 (cycle 33808)
         0x0020036C (data): unexpected write 0x00000000 (cycle 33804)
         x0/zero: unexpected write 0x00000000 (cycle 33808)
         x12/a2: expected write missing, needed 0x00000000 (cycle 33804)
       Global: cycle lookup violated (3 indices broken)
         index 0: 2254 provides, 1 uses (imbalanced)
         index 5: 348 provides, 1 uses (imbalanced)
         index 6: 415 provides, 1 uses (imbalanced)
  [386] ✓ INSTR_TYPE_MOD @ step 1797: 4 failures, 4174ms, outcome: REJECTED, exit: 101 [proof:GENERATED] G=memory
       r=0.079  T_new=0.00 F_new=0.63 F_rare=1.00 U=0 Q=0.19 Q_l=0.26 Q_g=0.72 dl=4 dg=2
       Value: 0x00000007 -> 0x0005000A
       Original: AddI [major=0, minor=7]
       Mutated:  Sw [major=5, minor=10] ⚠INVALID
       zkVM errors (3 lines):
         • [prover_impl.rs:280] verify segment (internal proof verification failed)
         • [ffi.cpp:113] address mismatch at cycle 18441: preflight=0x3fffc021, actual=0x00086c5c
         • [kernels/cxx/ffi.cpp:208] SKIP THROW: memory peek not in preflight
       Local constraints hit (4 unique):
         - MemoryWrite@mem.zir:100
           cycle=18441, step=1797, pc=0x002184D4, major=5, minor=10
         - MemoryWrite@mem.zir:99
           cycle=18441, step=1797, pc=0x002184D4, major=5, minor=10
         - OneHot@one_hot.zir:11
           cycle=18441, step=1797, pc=0x002184D4, major=5, minor=10
         - OneHot@one_hot.zir:9
           cycle=18441, step=1797, pc=0x002184D4, major=5, minor=10
       Global: memory permutation violated
         x1/ra: unexpected write 0x00205fd0 (cycle 36878)
         0x0021B170 (code): expected write missing, needed 0x00205fd0 (cycle 36878)
  [387] ✓ INSTR_WORD_MOD_SUR @ step 3825: 0 failures, 4160ms, outcome: REJECTED, exit: 101 [proof:GENERATED] G=memory[GO]
       r=0.255  T_new=0.00 F_new=0.78 F_rare=1.00 U=0 Q=0.61 Q_l=1.00 Q_g=0.61 dl=0 dg=3
       Value: 0x01812C03 -> 0x0185AC03
       Surgical: rs1 = 2 -> 11
       Original: LW x24, 24(x2)
       Mutated:  LW x24, 24(x11)
       zkVM errors (3 lines):
         • [prover_impl.rs:280] verify segment (internal proof verification failed)
         • [ffi.cpp:113] address mismatch at cycle 20775: preflight=0x3fffc022, actual=0x3fffc02b
         • [kernels/cxx/ffi.cpp:208] SKIP THROW: memory peek not in preflight
       Global: memory permutation violated [GLOBAL-ONLY]
         x2/sp: unexpected write 0x00200160 (cycle 41548)
         x11/a1: expected write missing, needed 0x00200160 (cycle 41548)
         0x00205840 (code): wrote 0x01812c03, expected 0x0185ac03 (cycle 39950)
  [388] 💥 INSTR_TYPE_MOD @ step 1431: 5 failures, 605ms, outcome: CRASH, exit: -11 [proof:NOT_GENERATED]
       r=0.000  T_new=0.00 F_new=0.00 F_rare=0.00 U=0 Q=0.00 Q_l=0.00 Q_g=1.00 dl=0 dg=0
       Value: 0x00000007 -> 0x00000008
       Original: AddI [major=0, minor=7]
       Mutated:  XorI [major=0, minor=8] ⚠INVALID
       zkVM errors (2 lines):
         • [ffi.cpp:113] address mismatch at cycle 18075: preflight=0x3fffc02a, actual=0x3fffc060
         • [kernels/cxx/ffi.cpp:208] SKIP THROW: memory peek not in preflight
       Local constraints hit (5 unique):
         - AddrDecompose@u32.zir:67
           cycle=18076, step=1432, pc=0x002184BC, major=1, minor=6
         - MemoryWrite@mem.zir:100
           cycle=18075, step=1431, pc=0x002184D4, major=0, minor=8
         - MemoryWrite@mem.zir:99
           cycle=18075, step=1431, pc=0x002184D4, major=0, minor=8
         - OneHot@one_hot.zir:11
           cycle=18075, step=1431, pc=0x002184D4, major=0, minor=8
         - OneHot@one_hot.zir:9
           cycle=18075, step=1431, pc=0x002184D4, major=0, minor=8
       Global: no permutation/lookup violations (local-only)
  [389] ✓ LOAD_VAL_MOD @ step 3198: 2 failures, 4098ms, outcome: REJECTED, exit: 101 [proof:GENERATED] G=memory
       r=0.105  T_new=0.00 F_new=0.39 F_rare=0.62 U=0 Q=0.43 Q_l=0.51 Q_g=0.85 dl=2 dg=1
       Value: 0xA33DE65B -> 0x7FFFFFFF
       Load destination: rd = x11 (a1)
       zkVM errors (1 lines):
         • [prover_impl.rs:280] verify segment (internal proof verification failed)
       Local constraints hit (2 unique):
         - MemoryWrite@mem.zir:100
           cycle=20000, step=3198, pc=0x00204B5C, major=5, minor=2
         - MemoryWrite@mem.zir:99
           cycle=20000, step=3198, pc=0x00204B5C, major=5, minor=2
       Global: memory permutation violated
         x11/a1: wrote 0x7fffffff, expected 0xa33de65b (cycle 40001)
  [390] ✓ INSTR_TYPE_MOD @ step 3244: 4 failures, 4118ms, outcome: REJECTED, exit: 101 [proof:GENERATED]
       r=0.029  T_new=0.00 F_new=0.00 F_rare=0.45 U=0 Q=0.26 Q_l=0.26 Q_g=1.00 dl=4 dg=0
       Value: 0x00000007 -> 0x00000003
       Original: AddI [major=0, minor=7]
       Mutated:  Or [major=0, minor=3]
       zkVM errors (1 lines):
         • [prover_impl.rs:280] verify segment (internal proof verification failed)
       Local constraints hit (4 unique):
         - MemoryWrite@mem.zir:99
           cycle=20046, step=3244, pc=0x002052E0, major=0, minor=3
         - VerifyOpcodeF3F7@inst.zir:102
           cycle=20046, step=3244, pc=0x002052E0, major=0, minor=3
         - VerifyOpcodeF3F7@inst.zir:103
           cycle=20046, step=3244, pc=0x002052E0, major=0, minor=3
         - VerifyOpcodeF3F7@inst.zir:104
           cycle=20046, step=3244, pc=0x002052E0, major=0, minor=3
       Global: no permutation/lookup violations (local-only)
  [391] ✓ INSTR_TYPE_MOD @ step 3479: 3 failures, 4143ms, outcome: REJECTED, exit: 101 [proof:GENERATED]
       r=0.062  T_new=0.00 F_new=0.00 F_rare=0.71 U=0 Q=0.37 Q_l=0.37 Q_g=1.00 dl=3 dg=0
       Value: 0x00050002 -> 0x00050000
       Original: Lw [major=5, minor=2]
       Mutated:  Lb [major=5, minor=0]
       zkVM errors (1 lines):
         • [prover_impl.rs:280] verify segment (internal proof verification failed)
       Local constraints hit (3 unique):
         - MemoryWrite@mem.zir:100
           cycle=20281, step=3479, pc=0x00205DF4, major=5, minor=0
         - MemoryWrite@mem.zir:99
           cycle=20281, step=3479, pc=0x00205DF4, major=5, minor=0
         - VerifyOpcodeF3@inst.zir:97
           cycle=20281, step=3479, pc=0x00205DF4, major=5, minor=0
       Global: no permutation/lookup violations (local-only)
  [392] ✓ INSTR_TYPE_MOD @ step 153: 4 failures, 4139ms, outcome: REJECTED, exit: 101 [proof:GENERATED] G=memory
       r=0.034  T_new=0.00 F_new=0.98 F_rare=1.00 U=0 Q=0.07 Q_l=0.26 Q_g=0.26 dl=4 dg=8
       Value: 0x00020004 -> 0x00040000
       Original: JalR [major=2, minor=4]
       Mutated:  Srl [major=4, minor=0]
       zkVM errors (3 lines):
         • [prover_impl.rs:280] verify segment (internal proof verification failed)
         • [ffi.cpp:113] address mismatch at cycle 16727: preflight=0x00081847, actual=0x00080449
         • [kernels/cxx/buffers.h:43] SKIP THROW: Inconsistent set
       Local constraints hit (3 unique):
         - MemoryWrite@mem.zir:99 (x2)
           cycle=16726, step=153, pc=0x0020611C, major=4, minor=0
         - VerifyOpcodeF3F7@inst.zir:102
           cycle=16726, step=153, pc=0x0020611C, major=4, minor=0
         - VerifyOpcodeF3F7@inst.zir:103
           cycle=16726, step=153, pc=0x0020611C, major=4, minor=0
       Global: memory permutation violated
         0x00201124 (code): expected write missing, needed 0x0021a637 (cycle 17846)
         0x00201128 (code): expected write missing, needed 0x31c60613 (cycle 17866)
         0x0020112C (code): expected write missing, needed 0x00200293 (cycle 17866)
         0x00201130 (code): expected write missing, needed 0x00000073 (cycle 17866)
         0x0020611C (code): unexpected write 0x0021a637 (cycle 17846)
         0x00206120 (code): unexpected write 0x31c60613 (cycle 17866)
         0x00206124 (code): unexpected write 0x00200293 (cycle 17866)
         0x00206128 (code): unexpected write 0x00000073 (cycle 17866)
  [393] ✓ INSTR_TYPE_MOD @ step 2899: 4 failures, 4105ms, outcome: REJECTED, exit: 101 [proof:GENERATED]
       r=0.022  T_new=0.00 F_new=0.00 F_rare=0.33 U=0 Q=0.26 Q_l=0.26 Q_g=1.00 dl=4 dg=0
       Value: 0x00020005 -> 0x00000004
       Original: Lui [major=2, minor=5]
       Mutated:  And [major=0, minor=4]
       zkVM errors (1 lines):
         • [prover_impl.rs:280] verify segment (internal proof verification failed)
       Local constraints hit (4 unique):
         - MemoryWrite@mem.zir:100
           cycle=19627, step=2899, pc=0x00205DF0, major=0, minor=4
         - MemoryWrite@mem.zir:99
           cycle=19627, step=2899, pc=0x00205DF0, major=0, minor=4
         - VerifyOpcodeF3F7@inst.zir:102
           cycle=19627, step=2899, pc=0x00205DF0, major=0, minor=4
         - VerifyOpcodeF3F7@inst.zir:103
           cycle=19627, step=2899, pc=0x00205DF0, major=0, minor=4
       Global: no permutation/lookup violations (local-only)
  [394] ✓ INSTR_TYPE_MOD @ step 1695: 4 failures, 4202ms, outcome: REJECTED, exit: 101 [proof:GENERATED] G=memory|cycle
       r=0.053  T_new=0.00 F_new=0.78 F_rare=1.00 U=0 Q=0.11 Q_l=0.26 Q_g=0.43 dl=4 dg=5
       Value: 0x00000007 -> 0x00060007
       Original: AddI [major=0, minor=7]
       Mutated:  Unknown(6,7) [major=6, minor=7] ⚠INVALID
       zkVM errors (3 lines):
         • [prover_impl.rs:280] verify segment (internal proof verification failed)
         • [ffi.cpp:113] address mismatch at cycle 18339: preflight=0x3fffc02a, actual=0x00086c5a
         • [kernels/cxx/ffi.cpp:208] SKIP THROW: memory peek not in preflight
       Local constraints hit (4 unique):
         - IllegalStoreOp@inst_mem.zir:45
           cycle=18339, step=1695, pc=0x00205FC0, major=6, minor=7
         - IsRead@mem.zir:79
           cycle=18339, step=1695, pc=0x00205FC0, major=6, minor=7
         - MemoryWrite@mem.zir:100
           cycle=18339, step=1695, pc=0x00205FC0, major=6, minor=7
         - MemoryWrite@mem.zir:99
           cycle=18339, step=1695, pc=0x00205FC0, major=6, minor=7
       Global: memory permutation violated
         x10/a0: unexpected write 0x0021b000 (cycle 36678)
         0x0021B168 (code): expected write missing, needed 0x01200613 (cycle 17642)
       Global: cycle lookup violated (3 indices broken)
         index 0: 2254 provides, 1 uses (imbalanced)
         index 19036: 1 provides, 1 uses (imbalanced)
         index 2013265920: orphan provide (1 entries, no matching use)
  [395] ✓ INSTR_TYPE_MOD @ step 3686: 3 failures, 4176ms, outcome: REJECTED, exit: 101 [proof:GENERATED] G=memory
       r=0.109  T_new=0.00 F_new=0.63 F_rare=1.00 U=0 Q=0.26 Q_l=0.37 Q_g=0.72 dl=3 dg=2
       Value: 0x00000007 -> 0x00050007
       Original: AddI [major=0, minor=7]
       Mutated:  Unknown(5,7) [major=5, minor=7] ⚠INVALID
       zkVM errors (3 lines):
         • [prover_impl.rs:280] verify segment (internal proof verification failed)
         • [ffi.cpp:113] address mismatch at cycle 20562: preflight=0x3fffc022, actual=0x0008858c
         • [kernels/cxx/ffi.cpp:208] SKIP THROW: memory peek not in preflight
       Local constraints hit (3 unique):
         - IllegalLoadOp@inst_mem.zir:40
           cycle=20562, step=3686, pc=0x002035F8, major=5, minor=7
         - MemoryWrite@mem.zir:100
           cycle=20562, step=3686, pc=0x002035F8, major=5, minor=7
         - MemoryWrite@mem.zir:99
           cycle=20562, step=3686, pc=0x002035F8, major=5, minor=7
       Global: memory permutation violated
         x2/sp: unexpected write 0x00200160 (cycle 41122)
         0x00221630 (code): expected write missing, needed 0x00200160 (cycle 41122)
  [396] ✓ MEM_VAL_MOD @ step 3312: 2 failures, 4180ms, outcome: REJECTED, exit: 101 [proof:GENERATED] G=memory
       r=0.129  T_new=0.00 F_new=0.39 F_rare=0.85 U=0 Q=0.43 Q_l=0.51 Q_g=0.85 dl=2 dg=1
       Value: 0x00000000 -> 0x245D50AF
       Transaction: other_mem_write (WRITE) at address 0xffff0180
       zkVM errors (1 lines):
         • [prover_impl.rs:280] verify segment (internal proof verification failed)
       Local constraints hit (2 unique):
         - MemoryWrite@mem.zir:100
           cycle=20114, step=3312, pc=0x00204C50, major=2, minor=1
         - MemoryWrite@mem.zir:99
           cycle=20114, step=3312, pc=0x00204C50, major=2, minor=1
       Global: memory permutation violated
         0xFFFF0180 (data): wrote 0x245d50af, expected 0x00000000 (cycle 40229)
  [397] ✓ INSTR_TYPE_MOD @ step 3928: 3 failures, 4130ms, outcome: REJECTED, exit: 101 [proof:GENERATED] [+2 touch]
       r=0.053  T_new=0.06 F_new=0.00 F_rare=0.45 U=0 Q=0.37 Q_l=0.37 Q_g=1.00 dl=3 dg=0
       Value: 0x00000007 -> 0x00030004
       Original: AddI [major=0, minor=7]
       Mutated:  MulHSU [major=3, minor=4]
       zkVM errors (1 lines):
         • [prover_impl.rs:280] verify segment (internal proof verification failed)
       Local constraints hit (3 unique):
         - VerifyOpcodeF3F7@inst.zir:102
           cycle=20878, step=3928, pc=0xC00000F8, major=3, minor=4
         - VerifyOpcodeF3F7@inst.zir:103
           cycle=20878, step=3928, pc=0xC00000F8, major=3, minor=4
         - VerifyOpcodeF3F7@inst.zir:104
           cycle=20878, step=3928, pc=0xC00000F8, major=3, minor=4
       Global: no permutation/lookup violations (local-only)
  [398] ✓ INSTR_TYPE_MOD @ step 3571: 6 failures, 4091ms, outcome: REJECTED, exit: 101 [proof:GENERATED] G=memory
       r=0.013  T_new=0.00 F_new=1.00 F_rare=1.00 U=0 Q=0.03 Q_l=0.14 Q_g=0.19 dl=6 dg=10
       Value: 0x00020004 -> 0x00010003
       Original: JalR [major=2, minor=4]
       Mutated:  SltI [major=1, minor=3]
       zkVM errors (3 lines):
         • [prover_impl.rs:280] verify segment (internal proof verification failed)
         • [ffi.cpp:113] address mismatch at cycle 20448: preflight=0x00081584, actual=0x00081518
         • [kernels/cxx/buffers.h:43] SKIP THROW: Inconsistent set
       Local constraints hit (4 unique):
         - MemoryWrite@mem.zir:100
           cycle=20447, step=3571, pc=0x00205610, major=1, minor=3
         - MemoryWrite@mem.zir:99 (x3)
           cycle=20447, step=3571, pc=0x00205610, major=1, minor=3
         - VerifyOpcodeF3@inst.zir:96
           cycle=20447, step=3571, pc=0x00205610, major=1, minor=3
         - VerifyOpcodeF3@inst.zir:97
           cycle=20447, step=3571, pc=0x00205610, major=1, minor=3
       Global: memory permutation violated (64 addrs: 64 code)
         + 64 code addresses diverged (instruction fetch cascade)
  [399] ✓ INSTR_TYPE_MOD @ step 3623: 4 failures, 4094ms, outcome: REJECTED, exit: 101 [proof:GENERATED] [+2 touch]
       r=0.041  T_new=0.06 F_new=0.00 F_rare=0.58 U=0 Q=0.26 Q_l=0.26 Q_g=1.00 dl=4 dg=0
       Value: 0x00020005 -> 0x00030001
       Original: Lui [major=2, minor=5]
       Mutated:  SllI [major=3, minor=1]
       zkVM errors (1 lines):
         • [prover_impl.rs:280] verify segment (internal proof verification failed)
       Local constraints hit (4 unique):
         - MemoryWrite@mem.zir:100
           cycle=20499, step=3623, pc=0x00205E28, major=3, minor=1
         - VerifyOpcodeF3F7@inst.zir:102
           cycle=20499, step=3623, pc=0x00205E28, major=3, minor=1
         - VerifyOpcodeF3F7@inst.zir:103
           cycle=20499, step=3623, pc=0x00205E28, major=3, minor=1
         - VerifyOpcodeF3F7@inst.zir:104
           cycle=20499, step=3623, pc=0x00205E28, major=3, minor=1
       Global: no permutation/lookup violations (local-only)
  [400] ✓ INSTR_TYPE_MOD @ step 3700: 4 failures, 4176ms, outcome: REJECTED, exit: 101 [proof:GENERATED] G=memory
       r=0.023  T_new=0.00 F_new=0.99 F_rare=1.00 U=0 Q=0.05 Q_l=0.26 Q_g=0.19 dl=4 dg=10
       Value: 0x00020004 -> 0x00020006
       Original: JalR [major=2, minor=4]
       Mutated:  Auipc [major=2, minor=6]
       zkVM errors (3 lines):
         • [prover_impl.rs:280] verify segment (internal proof verification failed)
         • [ffi.cpp:113] address mismatch at cycle 20577: preflight=0x00080c7f, actual=0x000815df
         • [kernels/cxx/buffers.h:43] SKIP THROW: Inconsistent set
       Local constraints hit (3 unique):
         - MemoryWrite@mem.zir:100
           cycle=20576, step=3700, pc=0x002031FC, major=2, minor=6
         - MemoryWrite@mem.zir:99 (x2)
           cycle=20576, step=3700, pc=0x002031FC, major=2, minor=6
         - VerifyOpcode@inst.zir:91
           cycle=20576, step=3700, pc=0x002031FC, major=2, minor=6
       Global: memory permutation violated (98 addrs: 98 code)
         + 98 code addresses diverged (instruction fetch cascade)
  [401] ✓ INSTR_WORD_MOD_SUR @ step 2941: 1 failures, 4132ms, outcome: REJECTED, exit: 101 [proof:GENERATED] G=memory
       r=0.158  T_new=0.00 F_new=0.39 F_rare=0.70 U=0 Q=0.61 Q_l=0.72 Q_g=0.85 dl=1 dg=1
       Value: 0xFC010113 -> 0xFC010163
       Surgical: opcode = 19 -> 99
       Original: ADDI x2, x2, -64
       Mutated:  BEQ x2, x0, -2110
       zkVM errors (1 lines):
         • [prover_impl.rs:280] verify segment (internal proof verification failed)
       Local constraints hit (1 unique):
         - VerifyOpcodeF3@inst.zir:96
           cycle=19669, step=2941, pc=0x00205614, major=0, minor=7
       Global: memory permutation violated
         0x00205610 (code): wrote 0xfc010113, expected 0xfc010163 (cycle 16074)
  [402] ✓ INSTR_TYPE_MOD @ step 1668: 2 failures, 4166ms, outcome: REJECTED, exit: 101 [proof:GENERATED] G=memory|cycle
       r=0.103  T_new=0.00 F_new=0.86 F_rare=1.00 U=0 Q=0.22 Q_l=0.51 Q_g=0.43 dl=2 dg=5
       Value: 0x00060002 -> 0x00030004
       Original: Sw [major=6, minor=2]
       Mutated:  MulHSU [major=3, minor=4]
       zkVM errors (3 lines):
         • [prover_impl.rs:280] verify segment (internal proof verification failed)
         • [ffi.cpp:113] address mismatch at cycle 18312: preflight=0x00080023, actual=0x3fffc02c
         • [kernels/cxx/ffi.cpp:208] SKIP THROW: memory peek not in preflight
       Local constraints hit (2 unique):
         - VerifyOpcodeF3F7@inst.zir:102
           cycle=18312, step=1668, pc=0x002096C8, major=3, minor=4
         - VerifyOpcodeF3F7@inst.zir:104
           cycle=18312, step=1668, pc=0x002096C8, major=3, minor=4
       Global: memory permutation violated
         0x0020008C (data): unexpected write 0x00000000 (cycle 4242)
         x12/a2: expected write missing, needed 0x00000000 (cycle 4242)
       Global: cycle lookup violated (3 indices broken)
         index 0: 2254 provides, 1 uses (imbalanced)
         index 32381: orphan use (1 entries, no matching provide)
         index 32382: 1 provides, 1 uses (imbalanced)
  [403] ✓ INSTR_TYPE_MOD @ step 1967: 3 failures, 4135ms, outcome: REJECTED, exit: 101 [proof:GENERATED]
       r=0.048  T_new=0.00 F_new=0.00 F_rare=0.54 U=0 Q=0.37 Q_l=0.37 Q_g=1.00 dl=3 dg=0
       Value: 0x00000007 -> 0x00030001
       Original: AddI [major=0, minor=7]
       Mutated:  SllI [major=3, minor=1]
       zkVM errors (1 lines):
         • [prover_impl.rs:280] verify segment (internal proof verification failed)
       Local constraints hit (3 unique):
         - MemoryWrite@mem.zir:100
           cycle=18616, step=1967, pc=0x002184CC, major=3, minor=1
         - MemoryWrite@mem.zir:99
           cycle=18616, step=1967, pc=0x002184CC, major=3, minor=1
         - VerifyOpcodeF3F7@inst.zir:103
           cycle=18616, step=1967, pc=0x002184CC, major=3, minor=1
       Global: no permutation/lookup violations (local-only)
  [404] ✓ PRE_EXEC_REG_MOD @ step 808: 2 failures, 4121ms, outcome: REJECTED, exit: 101 [proof:GENERATED] G=memory
       r=0.183  T_new=0.00 F_new=0.78 F_rare=1.00 U=0 Q=0.43 Q_l=0.51 Q_g=0.85 dl=2 dg=1
       Value: 0x00200350 -> 0xBE3A665E
       Register: x2 (sp), READ, strategy=next_read
       zkVM errors (1 lines):
         • [prover_impl.rs:280] verify segment (internal proof verification failed)
       Local constraints hit (2 unique):
         - IsRead@mem.zir:79
           cycle=17429, step=808, pc=0x00206134, major=3, minor=1
         - IsRead@mem.zir:80
           cycle=17429, step=808, pc=0x00206134, major=3, minor=1
       Global: memory permutation violated
         x2/sp: wrote 0xbe3a665e, expected 0x00200350 (cycle 34858)
  [405] ✓ INSTR_WORD_MOD_FULL @ step 167: 1 failures, 4192ms, outcome: REJECTED, exit: 101 [proof:GENERATED] G=memory
       r=0.141  T_new=0.00 F_new=0.92 F_rare=1.00 U=0 Q=0.31 Q_l=0.72 Q_g=0.43 dl=1 dg=5
       Value: 0x02C22603 -> 0x22422693
       Original: LW x12, 44(x4)
       Mutated:  SLTI x13, x4, 548
       zkVM errors (3 lines):
         • [prover_impl.rs:280] verify segment (internal proof verification failed)
         • [ffi.cpp:113] address mismatch at cycle 16740: preflight=0x3fffc02b, actual=0x3fffc0a9
         • [kernels/cxx/ffi.cpp:208] SKIP THROW: memory peek not in preflight
       Local constraints hit (1 unique):
         - VerifyOpcodeF3@inst.zir:96
           cycle=16740, step=167, pc=0xC0000144, major=5, minor=2
       Global: memory permutation violated
         0xC0000140 (data): wrote 0x02c22603, expected 0x22422693 (cycle 30122)
         0xFFFF0030 (data): unexpected write 0x002036fc (cycle 33182)
         0xFFFF0034 (data): expected write missing, needed 0x002036fc (cycle 33182)
         x11/a1: unexpected write 0x00000004 (cycle 33435)
         0xFFFF02A4 (data): expected write missing, needed 0x00000004 (cycle 33435)
  [406] ✓ INSTR_WORD_MOD_FULL @ step 1633: 0 failures, 4159ms, outcome: REJECTED, exit: 101 [proof:GENERATED] G=memory[GO]
       r=0.255  T_new=0.00 F_new=0.78 F_rare=1.00 U=0 Q=0.61 Q_l=1.00 Q_g=0.61 dl=0 dg=3
       Value: 0x02912223 -> 0x82912223
       Original: SW x9, 36(x2)
       Mutated:  SW x9, -2012(x2)
       zkVM errors (3 lines):
         • [prover_impl.rs:280] verify segment (internal proof verification failed)
         • [ffi.cpp:113] address mismatch at cycle 18277: preflight=0x00080045, actual=0x0007fe45
         • [kernels/cxx/ffi.cpp:208] SKIP THROW: memory peek not in preflight
       Global: memory permutation violated [GLOBAL-ONLY]
         0x001FF914 (data): expected write missing, needed 0x00000000 (cycle 4322)
         0x00200114 (data): unexpected write 0x00000000 (cycle 4322)
         0x002024BC (code): wrote 0x02912223, expected 0x82912223 (cycle 8126)
  [407] ✓ MEM_VAL_MOD @ step 2788: 2 failures, 4223ms, outcome: REJECTED, exit: 101 [proof:GENERATED] G=memory
       r=0.107  T_new=0.00 F_new=0.39 F_rare=0.64 U=0 Q=0.43 Q_l=0.51 Q_g=0.85 dl=2 dg=1
       Value: 0x00000000 -> 0x00000020
       Transaction: load_mem_read (READ) at address 0x00200338
       zkVM errors (1 lines):
         • [prover_impl.rs:280] verify segment (internal proof verification failed)
       Local constraints hit (2 unique):
         - IsRead@mem.zir:79
           cycle=19516, step=2788, pc=0x00203848, major=5, minor=2
         - MemoryWrite@mem.zir:99
           cycle=19516, step=2788, pc=0x00203848, major=5, minor=2
       Global: memory permutation violated
         0x00200338 (data): wrote 0x00000020, expected 0x00000000 (cycle 39032)
  [408] ✓ INSTR_TYPE_MOD @ step 872: 5 failures, 4162ms, outcome: REJECTED, exit: 101 [proof:GENERATED] G=memory
       r=0.043  T_new=0.00 F_new=0.86 F_rare=1.00 U=0 Q=0.10 Q_l=0.19 Q_g=0.51 dl=5 dg=4
       Value: 0x00020006 -> 0x00020000
       Original: Auipc [major=2, minor=6]
       Mutated:  Bge [major=2, minor=0]
       zkVM errors (3 lines):
         • [prover_impl.rs:280] verify segment (internal proof verification failed)
         • [ffi.cpp:113] address mismatch at cycle 17499: preflight=0x3fffc021, actual=0x3fffc060
         • [kernels/cxx/ffi.cpp:208] SKIP THROW: memory peek not in preflight
       Local constraints hit (4 unique):
         - MemoryWrite@mem.zir:100
           cycle=17499, step=872, pc=0x00200A20, major=2, minor=0
         - MemoryWrite@mem.zir:99 (x2)
           cycle=17499, step=872, pc=0x00200A20, major=2, minor=0
         - VerifyOpcodeF3@inst.zir:96
           cycle=17499, step=872, pc=0x00200A20, major=2, minor=0
         - VerifyOpcodeF3@inst.zir:97
           cycle=17499, step=872, pc=0x00200A20, major=2, minor=0
       Global: memory permutation violated
         x1/ra: unexpected write 0x002009e8 (cycle 34996)
         0xFFFF0180 (data): expected write missing, needed 0x002009e8 (cycle 34996)
         0x00200A20 (code): unexpected write 0x76c080e7 (cycle 5146)
         0x0020121C (code): expected write missing, needed 0x76c080e7 (cycle 5146)
  [409] ✓ INSTR_TYPE_MOD @ step 2827: 1 failures, 4074ms, outcome: REJECTED, exit: 101 [proof:GENERATED]
       r=0.051  T_new=0.00 F_new=0.00 F_rare=0.29 U=0 Q=0.72 Q_l=0.72 Q_g=1.00 dl=1 dg=0
       Value: 0x00060002 -> 0x00060000
       Original: Sw [major=6, minor=2]
       Mutated:  Sb [major=6, minor=0]
       zkVM errors (1 lines):
         • [prover_impl.rs:280] verify segment (internal proof verification failed)
       Local constraints hit (1 unique):
         - VerifyOpcodeF3@inst.zir:97
           cycle=19555, step=2827, pc=0x00203B9C, major=6, minor=0
       Global: no permutation/lookup violations (local-only)
  [410] ✓ INSTR_TYPE_MOD @ step 3907: 5 failures, 4138ms, outcome: REJECTED, exit: 101 [proof:GENERATED] G=memory|cycle
       r=0.032  T_new=0.00 F_new=0.92 F_rare=1.00 U=0 Q=0.07 Q_l=0.19 Q_g=0.37 dl=5 dg=6
       Value: 0x00060002 -> 0x00050002
       Original: Sw [major=6, minor=2]
       Mutated:  Lw [major=5, minor=2]
       zkVM errors (3 lines):
         • [prover_impl.rs:280] verify segment (internal proof verification failed)
         • [ffi.cpp:113] address mismatch at cycle 20857: preflight=0x3fffc007, actual=0x3fffc091
         • [kernels/cxx/ffi.cpp:208] SKIP THROW: memory peek not in preflight
       Local constraints hit (5 unique):
         - MemoryWrite@mem.zir:100
           cycle=20857, step=3907, pc=0xC00000A4, major=5, minor=2
         - MemoryWrite@mem.zir:99
           cycle=20857, step=3907, pc=0xC00000A4, major=5, minor=2
         - OpLW@inst_mem.zir:108
           cycle=20857, step=3907, pc=0xC00000A4, major=5, minor=2
         - OpLW@inst_mem.zir:109
           cycle=20857, step=3907, pc=0xC00000A4, major=5, minor=2
         - VerifyOpcodeF3@inst.zir:96
           cycle=20857, step=3907, pc=0xC00000A4, major=5, minor=2
       Global: memory permutation violated
         0xFFFF0010 (data): expected write missing, needed 0x00000000 (cycle 32214)
         0xFFFF001C (data): unexpected write 0xc6134480 (cycle 41713)
         0xFFFF0244 (data): unexpected write 0x00000000 (cycle 32214)
       Global: cycle lookup violated (3 indices broken)
         index 0: 2254 provides, 1 uses (imbalanced)
         index 9499: orphan use (1 entries, no matching provide)
         index 9500: 1 provides, 1 uses (imbalanced)
  [411] ✓ INSTR_TYPE_MOD @ step 2783: 2 failures, 4202ms, outcome: REJECTED, exit: 101 [proof:GENERATED] [+29 touch] G=memory|cycle
       r=0.145  T_new=0.56 F_new=0.95 F_rare=1.00 U=0 Q=0.22 Q_l=0.51 Q_g=0.43 dl=2 dg=5
       Value: 0x00060002 -> 0x0003000D
       Original: Sw [major=6, minor=2]
       Mutated:  DivU [major=3, minor=13] ⚠INVALID
       zkVM errors (3 lines):
         • [prover_impl.rs:280] verify segment (internal proof verification failed)
         • [ffi.cpp:113] address mismatch at cycle 19511: preflight=0x0008008f, actual=0x3fffc02c
         • [kernels/cxx/ffi.cpp:208] SKIP THROW: memory peek not in preflight
       Local constraints hit (2 unique):
         - OneHot@one_hot.zir:11
           cycle=19511, step=2783, pc=0x00203834, major=3, minor=13
         - OneHot@one_hot.zir:9
           cycle=19511, step=2783, pc=0x00203834, major=3, minor=13
       Global: memory permutation violated
         0x0020023C (data): unexpected write 0x00000000 (cycle 4502)
         x12/a2: expected write missing, needed 0x00000000 (cycle 4502)
       Global: cycle lookup violated (3 indices broken)
         index 0: 2254 provides, 1 uses (imbalanced)
         index 34519: 1 provides, 1 uses (imbalanced)
         index 34520: 1 provides, 1 uses (imbalanced)
  [412] ✓ INSTR_WORD_MOD_SUR @ step 2896: 1 failures, 4150ms, outcome: REJECTED, exit: 101 [proof:GENERATED] G=memory
       r=0.158  T_new=0.00 F_new=0.39 F_rare=0.70 U=0 Q=0.61 Q_l=0.72 Q_g=0.85 dl=1 dg=1
       Value: 0x00400593 -> 0x00406593
       Surgical: funct3 = 0 -> 6
       Original: ADDI x11, x0, 4
       Mutated:  ORI x11, x0, 4
       zkVM errors (1 lines):
         • [prover_impl.rs:280] verify segment (internal proof verification failed)
       Local constraints hit (1 unique):
         - VerifyOpcodeF3@inst.zir:97
           cycle=19624, step=2896, pc=0x00205398, major=0, minor=7
       Global: memory permutation violated
         0x00205394 (code): wrote 0x00400593, expected 0x00406593 (cycle 15670)
  [413] ✓ INSTR_TYPE_MOD @ step 3135: 5 failures, 4180ms, outcome: REJECTED, exit: 101 [proof:GENERATED] G=memory
       r=0.052  T_new=0.00 F_new=0.63 F_rare=1.00 U=0 Q=0.14 Q_l=0.19 Q_g=0.72 dl=5 dg=2
       Value: 0x00050002 -> 0x00030001
       Original: Lw [major=5, minor=2]
       Mutated:  SllI [major=3, minor=1]
       zkVM errors (3 lines):
         • [prover_impl.rs:280] verify segment (internal proof verification failed)
         • [ffi.cpp:113] address mismatch at cycle 19863: preflight=0x3fffc02b, actual=0x3fffc00c
         • [kernels/cxx/ffi.cpp:208] SKIP THROW: memory peek not in preflight
       Local constraints hit (5 unique):
         - MemoryWrite@mem.zir:100
           cycle=19863, step=3135, pc=0xC0000178, major=3, minor=1
         - MemoryWrite@mem.zir:99
           cycle=19863, step=3135, pc=0xC0000178, major=3, minor=1
         - VerifyOpcodeF3F7@inst.zir:102
           cycle=19863, step=3135, pc=0xC0000178, major=3, minor=1
         - VerifyOpcodeF3F7@inst.zir:103
           cycle=19863, step=3135, pc=0xC0000178, major=3, minor=1
         - VerifyOpcodeF3F7@inst.zir:104
           cycle=19863, step=3135, pc=0xC0000178, major=3, minor=1
       Global: memory permutation violated
         0xFFFF0030 (data): expected write missing, needed 0x00219e74 (cycle 39689)
         x11/a1: unexpected write 0x00219e74 (cycle 39689)
  [414] ✓ INSTR_TYPE_MOD @ step 1295: 4 failures, 4183ms, outcome: REJECTED, exit: 101 [proof:GENERATED]
       r=0.112  T_new=0.00 F_new=0.63 F_rare=1.00 U=0 Q=0.26 Q_l=0.26 Q_g=1.00 dl=4 dg=0
       Value: 0x00050002 -> 0x00050009
       Original: Lw [major=5, minor=2]
       Mutated:  Sh [major=5, minor=9] ⚠INVALID
       zkVM errors (1 lines):
         • [prover_impl.rs:280] verify segment (internal proof verification failed)
       Local constraints hit (4 unique):
         - MemoryWrite@mem.zir:100
           cycle=17939, step=1295, pc=0x00203424, major=5, minor=9
         - MemoryWrite@mem.zir:99
           cycle=17939, step=1295, pc=0x00203424, major=5, minor=9
         - OneHot@one_hot.zir:11
           cycle=17939, step=1295, pc=0x00203424, major=5, minor=9
         - OneHot@one_hot.zir:9
           cycle=17939, step=1295, pc=0x00203424, major=5, minor=9
       Global: no permutation/lookup violations (local-only)
  [415] ✓ INSTR_TYPE_MOD @ step 3346: 3 failures, 4063ms, outcome: REJECTED, exit: 101 [proof:GENERATED]
       r=0.051  T_new=0.00 F_new=0.00 F_rare=0.58 U=0 Q=0.37 Q_l=0.37 Q_g=1.00 dl=3 dg=0
       Value: 0x00050002 -> 0x00050000
       Original: Lw [major=5, minor=2]
       Mutated:  Lb [major=5, minor=0]
       zkVM errors (1 lines):
         • [prover_impl.rs:280] verify segment (internal proof verification failed)
       Local constraints hit (3 unique):
         - MemoryWrite@mem.zir:100
           cycle=20148, step=3346, pc=0x00203428, major=5, minor=0
         - MemoryWrite@mem.zir:99
           cycle=20148, step=3346, pc=0x00203428, major=5, minor=0
         - VerifyOpcodeF3@inst.zir:97
           cycle=20148, step=3346, pc=0x00203428, major=5, minor=0
       Global: no permutation/lookup violations (local-only)
  [416] ✓ INSTR_TYPE_MOD @ step 1323: 5 failures, 4090ms, outcome: REJECTED, exit: 101 [proof:GENERATED]
       r=0.026  T_new=0.00 F_new=0.00 F_rare=0.51 U=0 Q=0.19 Q_l=0.19 Q_g=1.00 dl=5 dg=0
       Value: 0x00000007 -> 0x00000005
       Original: AddI [major=0, minor=7]
       Mutated:  Slt [major=0, minor=5]
       zkVM errors (1 lines):
         • [prover_impl.rs:280] verify segment (internal proof verification failed)
       Local constraints hit (5 unique):
         - MemoryWrite@mem.zir:100
           cycle=17967, step=1323, pc=0x00202BC0, major=0, minor=5
         - MemoryWrite@mem.zir:99
           cycle=17967, step=1323, pc=0x00202BC0, major=0, minor=5
         - VerifyOpcodeF3F7@inst.zir:102
           cycle=17967, step=1323, pc=0x00202BC0, major=0, minor=5
         - VerifyOpcodeF3F7@inst.zir:103
           cycle=17967, step=1323, pc=0x00202BC0, major=0, minor=5
         - VerifyOpcodeF3F7@inst.zir:104
           cycle=17967, step=1323, pc=0x00202BC0, major=0, minor=5
       Global: no permutation/lookup violations (local-only)
  [417] ✓ INSTR_WORD_MOD_FULL @ step 2479: 0 failures, 4186ms, outcome: REJECTED, exit: 101 [proof:GENERATED] G=memory[GO]
       r=0.255  T_new=0.00 F_new=0.78 F_rare=1.00 U=0 Q=0.61 Q_l=1.00 Q_g=0.61 dl=0 dg=3
       Value: 0x01255863 -> 0x58055863
       Original: BGE x10, x18, 16
       Mutated:  BGE x10, x0, 1424
       zkVM errors (3 lines):
         • [prover_impl.rs:280] verify segment (internal proof verification failed)
         • [ffi.cpp:113] address mismatch at cycle 19133: preflight=0x3fffc012, actual=0x3fffc000
         • [kernels/cxx/ffi.cpp:208] SKIP THROW: memory peek not in preflight
       Global: memory permutation violated [GLOBAL-ONLY]
         0xC0000074 (data): wrote 0x01255863, expected 0x58055863 (cycle 37376)
         0xFFFF0000 (data): expected write missing, needed 0x00000008 (cycle 37376)
         0xFFFF0048 (data): unexpected write 0x00000008 (cycle 37376)
  [418] ✓ COMP_OUT_MOD @ step 3615: 2 failures, 4185ms, outcome: REJECTED, exit: 101 [proof:GENERATED] G=memory
       r=0.110  T_new=0.00 F_new=0.39 F_rare=0.67 U=0 Q=0.43 Q_l=0.51 Q_g=0.85 dl=2 dg=1
       Value: 0x00000000 -> 0x2E061496
       Destination: rd = x13 (a3)
       zkVM errors (1 lines):
         • [prover_impl.rs:280] verify segment (internal proof verification failed)
       Local constraints hit (2 unique):
         - MemoryWrite@mem.zir:100
           cycle=20491, step=3615, pc=0x00205E08, major=0, minor=4
         - MemoryWrite@mem.zir:99
           cycle=20491, step=3615, pc=0x00205E08, major=0, minor=4
       Global: memory permutation violated
         x13/a3: wrote 0x2e061496, expected 0x00000000 (cycle 40983)
  [419] ✓ INSTR_TYPE_MOD @ step 2628: 1 failures, 4101ms, outcome: REJECTED, exit: 101 [proof:GENERATED]
       r=0.094  T_new=0.00 F_new=0.00 F_rare=0.45 U=0 Q=0.72 Q_l=0.72 Q_g=1.00 dl=1 dg=0
       Value: 0x00010004 -> 0x00010003
       Original: SltIU [major=1, minor=4]
       Mutated:  SltI [major=1, minor=3]
       zkVM errors (1 lines):
         • [prover_impl.rs:280] verify segment (internal proof verification failed)
       Local constraints hit (1 unique):
         - VerifyOpcodeF3@inst.zir:97
           cycle=19356, step=2628, pc=0x002032FC, major=1, minor=3
       Global: no permutation/lookup violations (local-only)
  [420] ✓ INSTR_TYPE_MOD @ step 3652: 2 failures, 4147ms, outcome: REJECTED, exit: 101 [proof:GENERATED] G=memory
       r=0.142  T_new=0.00 F_new=0.63 F_rare=1.00 U=0 Q=0.37 Q_l=0.51 Q_g=0.72 dl=2 dg=2
       Value: 0x00050002 -> 0x00010002
       Original: Lw [major=5, minor=2]
       Mutated:  AndI [major=1, minor=2]
       zkVM errors (3 lines):
         • [prover_impl.rs:280] verify segment (internal proof verification failed)
         • [ffi.cpp:113] address mismatch at cycle 20528: preflight=0x0008856b, actual=0x3fffc020
         • [kernels/cxx/ffi.cpp:208] SKIP THROW: memory peek not in preflight
       Local constraints hit (2 unique):
         - VerifyOpcodeF3@inst.zir:96
           cycle=20528, step=3652, pc=0x0020341C, major=1, minor=2
         - VerifyOpcodeF3@inst.zir:97
           cycle=20528, step=3652, pc=0x0020341C, major=1, minor=2
       Global: memory permutation violated
         x0/zero: expected write missing, needed 0x00000000 (cycle 40405)
         0x002215AC (code): unexpected write 0x00000000 (cycle 40405)
  [421] ✓ INSTR_TYPE_MOD @ step 3461: 4 failures, 4115ms, outcome: REJECTED, exit: 101 [proof:GENERATED]
       r=0.040  T_new=0.00 F_new=0.00 F_rare=0.54 U=0 Q=0.26 Q_l=0.26 Q_g=1.00 dl=4 dg=0
       Value: 0x00000007 -> 0x00040000
       Original: AddI [major=0, minor=7]
       Mutated:  Srl [major=4, minor=0]
       zkVM errors (1 lines):
         • [prover_impl.rs:280] verify segment (internal proof verification failed)
       Local constraints hit (4 unique):
         - MemoryWrite@mem.zir:99
           cycle=20263, step=3461, pc=0x00218150, major=4, minor=0
         - VerifyOpcodeF3F7@inst.zir:102
           cycle=20263, step=3461, pc=0x00218150, major=4, minor=0
         - VerifyOpcodeF3F7@inst.zir:103
           cycle=20263, step=3461, pc=0x00218150, major=4, minor=0
         - VerifyOpcodeF3F7@inst.zir:104
           cycle=20263, step=3461, pc=0x00218150, major=4, minor=0
       Global: no permutation/lookup violations (local-only)
  [422] ✓ INSTR_TYPE_MOD @ step 3602: 4 failures, 4204ms, outcome: REJECTED, exit: 101 [proof:GENERATED] [+2 touch]
       r=0.048  T_new=0.06 F_new=0.00 F_rare=0.60 U=0 Q=0.26 Q_l=0.26 Q_g=1.00 dl=4 dg=0
       Value: 0x00020006 -> 0x00010003
       Original: Auipc [major=2, minor=6]
       Mutated:  SltI [major=1, minor=3]
       zkVM errors (1 lines):
         • [prover_impl.rs:280] verify segment (internal proof verification failed)
       Local constraints hit (4 unique):
         - MemoryWrite@mem.zir:100
           cycle=20478, step=3602, pc=0x002056AC, major=1, minor=3
         - MemoryWrite@mem.zir:99
           cycle=20478, step=3602, pc=0x002056AC, major=1, minor=3
         - VerifyOpcodeF3@inst.zir:96
           cycle=20478, step=3602, pc=0x002056AC, major=1, minor=3
         - VerifyOpcodeF3@inst.zir:97
           cycle=20478, step=3602, pc=0x002056AC, major=1, minor=3
       Global: no permutation/lookup violations (local-only)
  [423] ✓ INSTR_TYPE_MOD @ step 2559: 5 failures, 4159ms, outcome: REJECTED, exit: 101 [proof:GENERATED] [+41 touch] G=memory
       r=0.093  T_new=0.69 F_new=0.97 F_rare=1.00 U=0 Q=0.14 Q_l=0.19 Q_g=0.72 dl=5 dg=2
       Value: 0x00050003 -> 0x00030005
       Original: LbU [major=5, minor=3]
       Mutated:  MulHU [major=3, minor=5]
       zkVM errors (3 lines):
         • [prover_impl.rs:280] verify segment (internal proof verification failed)
         • [ffi.cpp:113] address mismatch at cycle 19287: preflight=0x0008852f, actual=0x3fffc033
         • [kernels/cxx/ffi.cpp:208] SKIP THROW: memory peek not in preflight
       Local constraints hit (5 unique):
         - MemoryWrite@mem.zir:100
           cycle=19287, step=2559, pc=0x002014E8, major=3, minor=5
         - MemoryWrite@mem.zir:99
           cycle=19287, step=2559, pc=0x002014E8, major=3, minor=5
         - VerifyOpcodeF3F7@inst.zir:102
           cycle=19287, step=2559, pc=0x002014E8, major=3, minor=5
         - VerifyOpcodeF3F7@inst.zir:103
           cycle=19287, step=2559, pc=0x002014E8, major=3, minor=5
         - VerifyOpcodeF3F7@inst.zir:104
           cycle=19287, step=2559, pc=0x002014E8, major=3, minor=5
       Global: memory permutation violated
         x19/s3: expected write missing, needed 0xe00067a1 (cycle 38572)
         0x002214BC (code): unexpected write 0xe00067a1 (cycle 38572)
  [424] ✓ INSTR_TYPE_MOD @ step 3436: 3 failures, 4155ms, outcome: REJECTED, exit: 101 [proof:GENERATED] G=memory
       r=0.106  T_new=0.00 F_new=0.63 F_rare=1.00 U=0 Q=0.26 Q_l=0.37 Q_g=0.72 dl=3 dg=2
       Value: 0x00050002 -> 0x00000005
       Original: Lw [major=5, minor=2]
       Mutated:  Slt [major=0, minor=5]
       zkVM errors (3 lines):
         • [prover_impl.rs:280] verify segment (internal proof verification failed)
         • [ffi.cpp:113] address mismatch at cycle 20238: preflight=0x0008007b, actual=0x3fffc02c
         • [kernels/cxx/ffi.cpp:208] SKIP THROW: memory peek not in preflight
       Local constraints hit (3 unique):
         - MemoryWrite@mem.zir:99
           cycle=20238, step=3436, pc=0x00204CFC, major=0, minor=5
         - VerifyOpcodeF3F7@inst.zir:102
           cycle=20238, step=3436, pc=0x00204CFC, major=0, minor=5
         - VerifyOpcodeF3F7@inst.zir:104
           cycle=20238, step=3436, pc=0x00204CFC, major=0, minor=5
       Global: memory permutation violated
         0x002001EC (data): unexpected write 0x00000062 (cycle 40352)
         x12/a2: expected write missing, needed 0x00000062 (cycle 40352)
  [425] ✓ COMP_OUT_MOD @ step 327: 2 failures, 4178ms, outcome: REJECTED, exit: 101 [proof:GENERATED] G=memory
       r=0.105  T_new=0.00 F_new=0.39 F_rare=0.62 U=0 Q=0.43 Q_l=0.51 Q_g=0.85 dl=2 dg=1
       Value: 0x00200350 -> 0x67917FA3
       Destination: rd = x2 (sp)
       zkVM errors (1 lines):
         • [prover_impl.rs:280] verify segment (internal proof verification failed)
       Local constraints hit (2 unique):
         - MemoryWrite@mem.zir:100
           cycle=16912, step=327, pc=0x0020318C, major=0, minor=7
         - MemoryWrite@mem.zir:99
           cycle=16912, step=327, pc=0x0020318C, major=0, minor=7
       Global: memory permutation violated
         x2/sp: wrote 0x67917fa3, expected 0x00200350 (cycle 33825)
  [426] ✓ INSTR_WORD_MOD_FULL @ step 3878: 4 failures, 4110ms, outcome: REJECTED, exit: 101 [proof:GENERATED] G=memory
       r=0.038  T_new=0.00 F_new=0.97 F_rare=1.00 U=0 Q=0.08 Q_l=0.26 Q_g=0.31 dl=4 dg=7
       Value: 0x0C412483 -> 0x4FB57763
       Original: LW x9, 196(x2)
       Mutated:  BGEU x10, x27, 1262
       Format changed: I -> B
       zkVM errors (3 lines):
         • [prover_impl.rs:280] verify segment (internal proof verification failed)
         • [ffi.cpp:113] address mismatch at cycle 20828: preflight=0x3fffc022, actual=0x3fffc02a
         • [kernels/cxx/ffi.cpp:208] SKIP THROW: memory peek not in preflight
       Local constraints hit (4 unique):
         - OpLW@inst_mem.zir:108
           cycle=20828, step=3878, pc=0x00203BF4, major=5, minor=2
         - OpLW@inst_mem.zir:109
           cycle=20828, step=3878, pc=0x00203BF4, major=5, minor=2
         - VerifyOpcodeF3@inst.zir:96
           cycle=20828, step=3878, pc=0x00203BF4, major=5, minor=2
         - VerifyOpcodeF3@inst.zir:97
           cycle=20828, step=3878, pc=0x00203BF4, major=5, minor=2
       Global: memory permutation violated
         0x002002F4 (data): unexpected write 0x00000001 (cycle 38971)
         0x00200728 (data): expected write missing, needed 0x00000001 (cycle 38971)
         x2/sp: unexpected write 0x00200230 (cycle 41654)
         x9/s1: unexpected write 0x00200300 (cycle 41627)
         x10/a0: expected write missing, needed 0x00200230 (cycle 41654)
         x14/a4: expected write missing, needed 0x00200300 (cycle 41627)
         0x00203BF0 (code): wrote 0x0c412483, expected 0x4fb57763 (cycle 11866)
  [427] ✓ INSTR_WORD_MOD_FULL @ step 775: 1 failures, 4161ms, outcome: REJECTED, exit: 101 [proof:GENERATED] G=memory
       r=0.064  T_new=0.00 F_new=0.99 F_rare=1.00 U=0 Q=0.14 Q_l=0.72 Q_g=0.19 dl=1 dg=10
       Value: 0x02950063 -> 0x62A580E3
       Original: BEQ x10, x9, 32
       Mutated:  BEQ x11, x10, 3616
       zkVM errors (3 lines):
         • [prover_impl.rs:280] verify segment (internal proof verification failed)
         • [ffi.cpp:113] address mismatch at cycle 17396: preflight=0x3fffc02a, actual=0x3fffc02b
         • [kernels/cxx/ffi.cpp:208] SKIP THROW: memory peek not in preflight
       Local constraints hit (1 unique):
         - MemoryWrite@mem.zir:99
           cycle=17403, step=782, pc=0x002009B4, major=2, minor=4
       Global: memory permutation violated (18 addrs: 3 register, 15 code)
         x9/s1: unexpected write 0x00000004 (cycle 34789)
         x10/a0: unexpected write 0x00000004 (cycle 34785)
         x11/a1: expected write missing, needed 0x00000004 (cycle 34785)
         + 15 code addresses diverged (instruction fetch cascade)
  [428] ✓ PRE_EXEC_REG_MOD @ step 2168: 2 failures, 4134ms, outcome: REJECTED, exit: 101 [proof:GENERATED] G=memory
       r=0.106  T_new=0.00 F_new=0.39 F_rare=0.63 U=0 Q=0.43 Q_l=0.51 Q_g=0.85 dl=2 dg=1
       Value: 0x00000000 -> 0x81014210
       Register: x16 (a6), READ, strategy=next_read
       zkVM errors (1 lines):
         • [prover_impl.rs:280] verify segment (internal proof verification failed)
       Local constraints hit (2 unique):
         - IsRead@mem.zir:79
           cycle=18822, step=2168, pc=0x002024F8, major=0, minor=7
         - IsRead@mem.zir:80
           cycle=18822, step=2168, pc=0x002024F8, major=0, minor=7
       Global: memory permutation violated
         x16/a6: wrote 0x81014210, expected 0x00000000 (cycle 37644)
  [429] ✓ INSTR_TYPE_MOD @ step 2918: 2 failures, 4092ms, outcome: REJECTED, exit: 101 [proof:GENERATED]
       r=0.032  T_new=0.00 F_new=0.00 F_rare=0.25 U=0 Q=0.51 Q_l=0.51 Q_g=1.00 dl=2 dg=0
       Value: 0x00000007 -> 0x00000001
       Original: AddI [major=0, minor=7]
       Mutated:  Sub [major=0, minor=1]
       zkVM errors (1 lines):
         • [prover_impl.rs:280] verify segment (internal proof verification failed)
       Local constraints hit (2 unique):
         - VerifyOpcodeF3F7@inst.zir:102
           cycle=19646, step=2918, pc=0x00205E3C, major=0, minor=1
         - VerifyOpcodeF3F7@inst.zir:104
           cycle=19646, step=2918, pc=0x00205E3C, major=0, minor=1
       Global: no permutation/lookup violations (local-only)
  [430] ✓ INSTR_TYPE_MOD @ step 3004: 4 failures, 4094ms, outcome: REJECTED, exit: 101 [proof:GENERATED]
       r=0.028  T_new=0.00 F_new=0.00 F_rare=0.37 U=0 Q=0.26 Q_l=0.26 Q_g=1.00 dl=4 dg=0
       Value: 0x00000007 -> 0x00000005
       Original: AddI [major=0, minor=7]
       Mutated:  Slt [major=0, minor=5]
       zkVM errors (1 lines):
         • [prover_impl.rs:280] verify segment (internal proof verification failed)
       Local constraints hit (4 unique):
         - MemoryWrite@mem.zir:100
           cycle=19732, step=3004, pc=0x00205748, major=0, minor=5
         - MemoryWrite@mem.zir:99
           cycle=19732, step=3004, pc=0x00205748, major=0, minor=5
         - VerifyOpcodeF3F7@inst.zir:102
           cycle=19732, step=3004, pc=0x00205748, major=0, minor=5
         - VerifyOpcodeF3F7@inst.zir:103
           cycle=19732, step=3004, pc=0x00205748, major=0, minor=5
       Global: no permutation/lookup violations (local-only)
  [431] ✓ INSTR_WORD_MOD_FULL @ step 2657: 0 failures, 4178ms, outcome: REJECTED, exit: 101 [proof:GENERATED] G=memory[GO]
       r=0.255  T_new=0.00 F_new=0.78 F_rare=1.00 U=0 Q=0.61 Q_l=1.00 Q_g=0.61 dl=0 dg=3
       Value: 0x0116A423 -> 0x0117A423
       Original: SW x17, 8(x13)
       Mutated:  SW x17, 8(x15)
       zkVM errors (3 lines):
         • [prover_impl.rs:280] verify segment (internal proof verification failed)
         • [ffi.cpp:113] address mismatch at cycle 19385: preflight=0x3fffc02d, actual=0x3fffc02f
         • [kernels/cxx/ffi.cpp:208] SKIP THROW: memory peek not in preflight
       Global: memory permutation violated [GLOBAL-ONLY]
         x13/a3: unexpected write 0x00200314 (cycle 38768)
         x15/a5: expected write missing, needed 0x00200314 (cycle 38768)
         0x00203430 (code): wrote 0x0116a423, expected 0x0117a423 (cycle 38746)
  [432] ✓ PRE_EXEC_REG_MOD @ step 1507: 4 failures, 4123ms, outcome: REJECTED, exit: 101 [proof:GENERATED] G=memory
       r=0.054  T_new=0.00 F_new=0.39 F_rare=0.62 U=0 Q=0.22 Q_l=0.26 Q_g=0.85 dl=4 dg=1
       Value: 0x00000009 -> 0xF9A1AD6B
       Register: x12 (a2), READ, strategy=next_read
       zkVM errors (1 lines):
         • [prover_impl.rs:280] verify segment (internal proof verification failed)
       Local constraints hit (4 unique):
         - IsRead@mem.zir:79
           cycle=18151, step=1507, pc=0x002184D0, major=0, minor=7
         - IsRead@mem.zir:80
           cycle=18151, step=1507, pc=0x002184D0, major=0, minor=7
         - MemoryWrite@mem.zir:100
           cycle=18151, step=1507, pc=0x002184D0, major=0, minor=7
         - MemoryWrite@mem.zir:99
           cycle=18151, step=1507, pc=0x002184D0, major=0, minor=7
       Global: memory permutation violated
         x12/a2: wrote 0xf9a1ad6b, expected 0x00000009 (cycle 36302)
  [433] ✓ INSTR_WORD_MOD_FULL @ step 3929: 2 failures, 4175ms, outcome: REJECTED, exit: 101 [proof:GENERATED] G=memory
       r=0.118  T_new=0.00 F_new=0.39 F_rare=0.75 U=0 Q=0.43 Q_l=0.51 Q_g=0.85 dl=2 dg=1
       Value: 0x00000073 -> 0x3B630FB7
       Original: ECALL x0, x0, 0
       Mutated:  LUI x31, 0x3b630000
       Format changed: I -> U
       zkVM errors (1 lines):
         • [prover_impl.rs:280] verify segment (internal proof verification failed)
       Local constraints hit (2 unique):
         - MachineECall@inst_ecall.zir:28
           cycle=20879, step=3929, pc=0xC00000F8, major=8, minor=0
         - MachineECall@inst_ecall.zir:29
           cycle=20879, step=3929, pc=0xC00000F8, major=8, minor=0
       Global: memory permutation violated
         0xC00000F8 (data): wrote 0x00000073, expected 0x3b630fb7 (cycle 30062)
  [434] ✓ MEM_VAL_MOD @ step 2687: 2 failures, 4152ms, outcome: REJECTED, exit: 101 [proof:GENERATED] G=memory
       r=0.105  T_new=0.00 F_new=0.39 F_rare=0.62 U=0 Q=0.43 Q_l=0.51 Q_g=0.85 dl=2 dg=1
       Value: 0x00200A68 -> 0x00000001
       Transaction: store_rmw_read (READ) at address 0x0020035c
       zkVM errors (1 lines):
         • [prover_impl.rs:280] verify segment (internal proof verification failed)
       Local constraints hit (2 unique):
         - IsRead@mem.zir:79
           cycle=19415, step=2687, pc=0x002015F8, major=6, minor=2
         - IsRead@mem.zir:80
           cycle=19415, step=2687, pc=0x002015F8, major=6, minor=2
       Global: memory permutation violated
         0x0020035C (data): wrote 0x00000001, expected 0x00200a68 (cycle 38830)
  [435] ✓ MEM_VAL_MOD @ step 1356: 2 failures, 4184ms, outcome: REJECTED, exit: 101 [proof:GENERATED] G=memory
       r=0.115  T_new=0.00 F_new=0.39 F_rare=0.72 U=0 Q=0.43 Q_l=0.51 Q_g=0.85 dl=2 dg=1
       Value: 0x67E6096A -> 0x49E60D1E
       Transaction: load_mem_read (READ) at address 0x00200310
       zkVM errors (1 lines):
         • [prover_impl.rs:280] verify segment (internal proof verification failed)
       Local constraints hit (2 unique):
         - IsRead@mem.zir:79
           cycle=18000, step=1356, pc=0x002184C0, major=5, minor=3
         - IsRead@mem.zir:80
           cycle=18000, step=1356, pc=0x002184C0, major=5, minor=3
       Global: memory permutation violated
         0x00200310 (data): wrote 0x49e60d1e, expected 0x67e6096a (cycle 36000)
  [436] ✓ INSTR_TYPE_MOD @ step 3860: 5 failures, 4156ms, outcome: REJECTED, exit: 101 [proof:GENERATED] G=memory
       r=0.018  T_new=0.00 F_new=1.00 F_rare=1.00 U=0 Q=0.04 Q_l=0.19 Q_g=0.19 dl=5 dg=10
       Value: 0x00020004 -> 0x00050001
       Original: JalR [major=2, minor=4]
       Mutated:  Lh [major=5, minor=1]
       zkVM errors (3 lines):
         • [prover_impl.rs:280] verify segment (internal proof verification failed)
         • [ffi.cpp:113] address mismatch at cycle 20810: preflight=0x3fffc020, actual=0x00081361
         • [kernels/cxx/ffi.cpp:208] SKIP THROW: memory peek not in preflight
       Local constraints hit (4 unique):
         - MemoryWrite@mem.zir:100
           cycle=20810, step=3860, pc=0x00204D84, major=5, minor=1
         - MemoryWrite@mem.zir:99 (x2)
           cycle=20810, step=3860, pc=0x00204D84, major=5, minor=1
         - VerifyOpcodeF3@inst.zir:96
           cycle=20810, step=3860, pc=0x00204D84, major=5, minor=1
         - VerifyOpcodeF3@inst.zir:97
           cycle=20810, step=3860, pc=0x00204D84, major=5, minor=1
       Global: memory permutation violated (31 addrs: 1 register, 30 code)
         x0/zero: unexpected write 0x00000000 (cycle 41616)
         + 30 code addresses diverged (instruction fetch cascade)
  [437] ✓ COMP_OUT_MOD @ step 2114: 1 failures, 4067ms, outcome: REJECTED, exit: 101 [proof:GENERATED] G=memory
       r=0.140  T_new=0.00 F_new=0.39 F_rare=0.57 U=0 Q=0.61 Q_l=0.72 Q_g=0.85 dl=1 dg=1
       Value: 0x00202524 -> 0x00202624
       Destination: rd = x1 (ra)
       zkVM errors (1 lines):
         • [prover_impl.rs:280] verify segment (internal proof verification failed)
       Local constraints hit (1 unique):
         - MemoryWrite@mem.zir:99
           cycle=18768, step=2114, pc=0x00200EF4, major=2, minor=4
       Global: memory permutation violated
         x1/ra: wrote 0x00202624, expected 0x00202524 (cycle 37537)
  [438] ✓ INSTR_TYPE_MOD @ step 922: 3 failures, 4099ms, outcome: REJECTED, exit: 101 [proof:GENERATED]
       r=0.068  T_new=0.00 F_new=0.00 F_rare=0.64 U=0 Q=0.37 Q_l=0.37 Q_g=1.00 dl=3 dg=0
       Value: 0x00010002 -> 0x00040003
       Original: AndI [major=1, minor=2]
       Mutated:  SraI [major=4, minor=3]
       zkVM errors (1 lines):
         • [prover_impl.rs:280] verify segment (internal proof verification failed)
       Local constraints hit (3 unique):
         - MemoryWrite@mem.zir:99
           cycle=17555, step=922, pc=0x002061AC, major=4, minor=3
         - VerifyOpcodeF3F7@inst.zir:103
           cycle=17555, step=922, pc=0x002061AC, major=4, minor=3
         - VerifyOpcodeF3F7@inst.zir:104
           cycle=17555, step=922, pc=0x002061AC, major=4, minor=3
       Global: no permutation/lookup violations (local-only)
  [439] ✓ INSTR_WORD_MOD_FULL @ step 2659: 3 failures, 4206ms, outcome: REJECTED, exit: 101 [proof:GENERATED] G=memory
       r=0.062  T_new=0.00 F_new=0.95 F_rare=1.00 U=0 Q=0.14 Q_l=0.37 Q_g=0.37 dl=3 dg=6
       Value: 0x01070713 -> 0xFFF9B0EF
       Original: ADDI x14, x14, 16
       Mutated:  JAL x1, -409602
       Format changed: I -> J
       zkVM errors (3 lines):
         • [prover_impl.rs:280] verify segment (internal proof verification failed)
         • [ffi.cpp:113] address mismatch at cycle 19387: preflight=0x3fffc02e, actual=0x3fffc033
         • [kernels/cxx/ffi.cpp:208] SKIP THROW: memory peek not in preflight
       Local constraints hit (3 unique):
         - MemoryWrite@mem.zir:99
           cycle=19387, step=2659, pc=0x0020343C, major=0, minor=7
         - VerifyOpcodeF3@inst.zir:96
           cycle=19387, step=2659, pc=0x0020343C, major=0, minor=7
         - VerifyOpcodeF3@inst.zir:97
           cycle=19387, step=2659, pc=0x0020343C, major=0, minor=7
       Global: memory permutation violated
         x1/ra: expected write missing, needed 0x0020039c (cycle 38774)
         x14/a4: unexpected write 0x0020039c (cycle 38764)
         x16/a6: unexpected write 0xdfc17121 (cycle 38768)
         x19/s3: expected write missing, needed 0x0020039c (cycle 38764)
         x31/t6: expected write missing, needed 0xdfc17121 (cycle 38768)
         0x00203438 (code): wrote 0x01070713, expected 0xfff9b0ef (cycle 38750)
  [440] ✓ INSTR_WORD_MOD_FULL @ step 3834: 0 failures, 4151ms, outcome: REJECTED, exit: 101 [proof:GENERATED] G=memory[GO]
       r=0.255  T_new=0.00 F_new=0.78 F_rare=1.00 U=0 Q=0.61 Q_l=1.00 Q_g=0.61 dl=0 dg=3
       Value: 0x01012903 -> 0x01412903
       Original: LW x18, 16(x2)
       Mutated:  LW x18, 20(x2)
       zkVM errors (3 lines):
         • [prover_impl.rs:280] verify segment (internal proof verification failed)
         • [ffi.cpp:113] address mismatch at cycle 20784: preflight=0x0008006c, actual=0x0008006d
         • [kernels/cxx/ffi.cpp:208] SKIP THROW: memory peek not in preflight
       Global: memory permutation violated [GLOBAL-ONLY]
         0x002001B0 (data): unexpected write 0x00000062 (cycle 40511)
         0x002001B4 (data): expected write missing, needed 0x00000062 (cycle 40511)
         0x00205470 (code): wrote 0x01012903, expected 0x01412903 (cycle 39968)
  [441] ✓ INSTR_WORD_MOD_FULL @ step 1556: 3 failures, 4147ms, outcome: REJECTED, exit: 101 [proof:GENERATED] G=memory
       r=0.062  T_new=0.00 F_new=0.95 F_rare=1.00 U=0 Q=0.14 Q_l=0.37 Q_g=0.37 dl=3 dg=6
       Value: 0xFFF60613 -> 0x6B5BA817
       Original: ADDI x12, x12, -1
       Mutated:  AUIPC x16, 0x6b5ba000
       Format changed: I -> U
       zkVM errors (3 lines):
         • [prover_impl.rs:280] verify segment (internal proof verification failed)
         • [ffi.cpp:113] address mismatch at cycle 18200: preflight=0x3fffc02c, actual=0x3fffc037
         • [kernels/cxx/ffi.cpp:208] SKIP THROW: memory peek not in preflight
       Local constraints hit (3 unique):
         - MemoryWrite@mem.zir:99
           cycle=18200, step=1556, pc=0x002184D0, major=0, minor=7
         - VerifyOpcodeF3@inst.zir:96
           cycle=18200, step=1556, pc=0x002184D0, major=0, minor=7
         - VerifyOpcodeF3@inst.zir:97
           cycle=18200, step=1556, pc=0x002184D0, major=0, minor=7
       Global: memory permutation violated
         x12/a2: unexpected write 0x00000002 (cycle 36390)
         x16/a6: expected write missing, needed 0x00000002 (cycle 36400)
         x21/s5: expected write missing, needed 0x00000000 (cycle 36386)
         x23/s7: expected write missing, needed 0x00000002 (cycle 36390)
         x31/t6: unexpected write 0x00000000 (cycle 36386)
         0x002184CC (code): wrote 0xfff60613, expected 0x6b5ba817 (cycle 36386)
  [442] ✓ INSTR_TYPE_MOD @ step 3928: 2 failures, 4060ms, outcome: REJECTED, exit: 101 [proof:GENERATED] G=memory
       r=0.110  T_new=0.00 F_new=0.39 F_rare=0.85 U=0 Q=0.37 Q_l=0.51 Q_g=0.72 dl=2 dg=2
       Value: 0x00000007 -> 0x00010007
       Original: AddI [major=0, minor=7]
       Mutated:  Blt [major=1, minor=7]
       zkVM errors (3 lines):
         • [prover_impl.rs:280] verify segment (internal proof verification failed)
         • [ffi.cpp:113] address mismatch at cycle 20878: preflight=0x3fffc011, actual=0x3fffc040
         • [kernels/cxx/ffi.cpp:208] SKIP THROW: memory peek not in preflight
       Local constraints hit (2 unique):
         - VerifyOpcodeF3@inst.zir:96
           cycle=20878, step=3928, pc=0xC00000F8, major=1, minor=7
         - VerifyOpcodeF3@inst.zir:97
           cycle=20878, step=3928, pc=0xC00000F8, major=1, minor=7
       Global: memory permutation violated
         0xFFFF0044 (data): unexpected write 0x00000004 (cycle 41362)
         0xFFFF0100 (data): expected write missing, needed 0x00000004 (cycle 41362)
  [443] ✓ INSTR_TYPE_MOD @ step 1579: 6 failures, 4189ms, outcome: REJECTED, exit: 101 [proof:GENERATED] [+6 touch] G=memory
       r=0.014  T_new=0.16 F_new=0.99 F_rare=1.00 U=0 Q=0.03 Q_l=0.14 Q_g=0.19 dl=6 dg=10
       Value: 0x00020004 -> 0x00040007
       Original: JalR [major=2, minor=4]
       Mutated:  RemU [major=4, minor=7]
       zkVM errors (3 lines):
         • [prover_impl.rs:280] verify segment (internal proof verification failed)
         • [ffi.cpp:113] address mismatch at cycle 18224: preflight=0x00080bc5, actual=0x00080bb4
         • [kernels/cxx/buffers.h:43] SKIP THROW: Inconsistent set
       Local constraints hit (4 unique):
         - MemoryWrite@mem.zir:99 (x3)
           cycle=18223, step=1579, pc=0x00202F14, major=4, minor=7
         - VerifyOpcodeF3F7@inst.zir:102
           cycle=18223, step=1579, pc=0x00202F14, major=4, minor=7
         - VerifyOpcodeF3F7@inst.zir:103
           cycle=18223, step=1579, pc=0x00202F14, major=4, minor=7
         - VerifyOpcodeF3F7@inst.zir:104
           cycle=18223, step=1579, pc=0x00202F14, major=4, minor=7
       Global: memory permutation violated (24 addrs: 24 code)
         + 24 code addresses diverged (instruction fetch cascade)
  [444] ✓ STORE_OUT_MOD @ step 3919: 2 failures, 4162ms, outcome: REJECTED, exit: 101 [proof:GENERATED] G=memory
       r=0.105  T_new=0.00 F_new=0.39 F_rare=0.62 U=0 Q=0.43 Q_l=0.51 Q_g=0.85 dl=2 dg=1
       Value: 0x0F745431 -> 0x00000001
       Store address: 0xffff025c
       zkVM errors (1 lines):
         • [prover_impl.rs:280] verify segment (internal proof verification failed)
       Local constraints hit (2 unique):
         - MemoryWrite@mem.zir:100
           cycle=20869, step=3919, pc=0xC00000D4, major=6, minor=2
         - MemoryWrite@mem.zir:99
           cycle=20869, step=3919, pc=0xC00000D4, major=6, minor=2
       Global: memory permutation violated
         0xFFFF025C (data): wrote 0x00000001, expected 0x0f745431 (cycle 41739)
  [445] ✓ INSTR_TYPE_MOD @ step 1340: 6 failures, 4234ms, outcome: REJECTED, exit: 101 [proof:GENERATED] G=memory
       r=0.012  T_new=0.00 F_new=0.99 F_rare=1.00 U=0 Q=0.03 Q_l=0.14 Q_g=0.19 dl=6 dg=10
       Value: 0x00020004 -> 0x00000000
       Original: JalR [major=2, minor=4]
       Mutated:  Add [major=0, minor=0]
       zkVM errors (3 lines):
         • [prover_impl.rs:280] verify segment (internal proof verification failed)
         • [ffi.cpp:113] address mismatch at cycle 17985: preflight=0x0008612e, actual=0x00080b01
         • [kernels/cxx/buffers.h:43] SKIP THROW: Inconsistent set
       Local constraints hit (4 unique):
         - MemoryWrite@mem.zir:100 (x2)
           cycle=17984, step=1340, pc=0x002184B8, major=0, minor=0
         - MemoryWrite@mem.zir:99 (x2)
           cycle=17984, step=1340, pc=0x002184B8, major=0, minor=0
         - VerifyOpcodeF3F7@inst.zir:102
           cycle=17984, step=1340, pc=0x002184B8, major=0, minor=0
         - VerifyOpcodeF3F7@inst.zir:104
           cycle=17984, step=1340, pc=0x002184B8, major=0, minor=0
       Global: memory permutation violated (20 addrs: 20 code)
         + 20 code addresses diverged (instruction fetch cascade)
  [446] ✓ INSTR_TYPE_MOD @ step 764: 4 failures, 4124ms, outcome: REJECTED, exit: 101 [proof:GENERATED] G=memory
       r=0.023  T_new=0.00 F_new=0.99 F_rare=1.00 U=0 Q=0.05 Q_l=0.26 Q_g=0.19 dl=4 dg=10
       Value: 0x00020002 -> 0x00020005
       Original: BgeU [major=2, minor=2]
       Mutated:  Lui [major=2, minor=5]
       zkVM errors (3 lines):
         • [prover_impl.rs:280] verify segment (internal proof verification failed)
         • [ffi.cpp:113] address mismatch at cycle 17385: preflight=0x3fffc060, actual=0x3fffc02c
         • [kernels/cxx/ffi.cpp:208] SKIP THROW: memory peek not in preflight
       Local constraints hit (3 unique):
         - MemoryWrite@mem.zir:100
           cycle=17385, step=764, pc=0x002061A4, major=2, minor=5
         - MemoryWrite@mem.zir:99 (x2)
           cycle=17385, step=764, pc=0x002061A4, major=2, minor=5
         - VerifyOpcode@inst.zir:91
           cycle=17385, step=764, pc=0x002061A4, major=2, minor=5
       Global: memory permutation violated (18 addrs: 1 register, 16 code, 1 data)
         x12/a2: expected write missing, needed 0x00000000 (cycle 34719)
         0xFFFF0180 (data): unexpected write 0x00000000 (cycle 34719)
         + 16 code addresses diverged (instruction fetch cascade)
  [447] ✓ LOAD_VAL_MOD @ step 2765: 2 failures, 4134ms, outcome: REJECTED, exit: 101 [proof:GENERATED] G=memory
       r=0.104  T_new=0.00 F_new=0.39 F_rare=0.61 U=0 Q=0.43 Q_l=0.51 Q_g=0.85 dl=2 dg=1
       Value: 0x00000001 -> 0x20000000
       Load destination: rd = x11 (a1)
       zkVM errors (1 lines):
         • [prover_impl.rs:280] verify segment (internal proof verification failed)
       Local constraints hit (2 unique):
         - MemoryWrite@mem.zir:100
           cycle=19493, step=2765, pc=0x002037DC, major=5, minor=2
         - MemoryWrite@mem.zir:99
           cycle=19493, step=2765, pc=0x002037DC, major=5, minor=2
       Global: memory permutation violated
         x11/a1: wrote 0x20000000, expected 0x00000001 (cycle 38987)
  [448] ✓ PRE_EXEC_REG_MOD @ step 1992: 3 failures, 4177ms, outcome: REJECTED, exit: 101 [proof:GENERATED] G=memory
       r=0.094  T_new=0.00 F_new=0.78 F_rare=1.00 U=0 Q=0.22 Q_l=0.37 Q_g=0.61 dl=3 dg=3
       Value: 0x0021B15F -> 0x73C1781E
       Register: x10 (a0), READ, strategy=next_read
       zkVM errors (3 lines):
         • [prover_impl.rs:280] verify segment (internal proof verification failed)
         • [ffi.cpp:113] address mismatch at cycle 18641: preflight=0x00086c57, actual=0x1cf05e07
         • [kernels/cxx/ffi.cpp:208] SKIP THROW: memory peek not in preflight
       Local constraints hit (3 unique):
         - IsRead@mem.zir:79
           cycle=18641, step=1992, pc=0x002184C0, major=5, minor=3
         - IsRead@mem.zir:80
           cycle=18641, step=1992, pc=0x002184C0, major=5, minor=3
         - MemoryWrite@mem.zir:99
           cycle=18641, step=1992, pc=0x002184C0, major=5, minor=3
       Global: memory permutation violated
         0x73C1781C (data): expected write missing, needed 0x544b4341 (cycle 37268)
         x10/a0: wrote 0x73c1781e, expected 0x0021b15f (cycle 37282)
         0x0021B15C (code): unexpected write 0x544b4341 (cycle 37268)
  [449] ✓ INSTR_TYPE_MOD @ step 2754: 3 failures, 4097ms, outcome: REJECTED, exit: 101 [proof:GENERATED]
       r=0.062  T_new=0.00 F_new=0.00 F_rare=0.71 U=0 Q=0.37 Q_l=0.37 Q_g=1.00 dl=3 dg=0
       Value: 0x00000007 -> 0x00010001
       Original: AddI [major=0, minor=7]
       Mutated:  OrI [major=1, minor=1]
       zkVM errors (1 lines):
         • [prover_impl.rs:280] verify segment (internal proof verification failed)
       Local constraints hit (3 unique):
         - MemoryWrite@mem.zir:100
           cycle=19482, step=2754, pc=0x002037B0, major=1, minor=1
         - MemoryWrite@mem.zir:99
           cycle=19482, step=2754, pc=0x002037B0, major=1, minor=1
         - VerifyOpcodeF3@inst.zir:97
           cycle=19482, step=2754, pc=0x002037B0, major=1, minor=1
       Global: no permutation/lookup violations (local-only)
  [450] ✓ INSTR_TYPE_MOD @ step 2302: 3 failures, 4123ms, outcome: REJECTED, exit: 101 [proof:GENERATED] G=memory
       r=0.102  T_new=0.00 F_new=0.63 F_rare=1.00 U=0 Q=0.26 Q_l=0.37 Q_g=0.72 dl=3 dg=2
       Value: 0x00010006 -> 0x00000002
       Original: Bne [major=1, minor=6]
       Mutated:  Xor [major=0, minor=2]
       zkVM errors (3 lines):
         • [prover_impl.rs:280] verify segment (internal proof verification failed)
         • [ffi.cpp:113] address mismatch at cycle 18956: preflight=0x3fffc060, actual=0x3fffc02c
         • [kernels/cxx/ffi.cpp:208] SKIP THROW: memory peek not in preflight
       Local constraints hit (3 unique):
         - VerifyOpcodeF3F7@inst.zir:102
           cycle=18956, step=2302, pc=0x002035E0, major=0, minor=2
         - VerifyOpcodeF3F7@inst.zir:103
           cycle=18956, step=2302, pc=0x002035E0, major=0, minor=2
         - VerifyOpcodeF3F7@inst.zir:104
           cycle=18956, step=2302, pc=0x002035E0, major=0, minor=2
       Global: memory permutation violated
         x12/a2: expected write missing, needed 0x00000000 (cycle 37909)
         0xFFFF0180 (data): unexpected write 0x00000000 (cycle 37909)
  [451] ✓ INSTR_TYPE_MOD @ step 247: 7 failures, 4184ms, outcome: REJECTED, exit: 101 [proof:GENERATED] G=memory
       r=0.009  T_new=0.00 F_new=0.99 F_rare=1.00 U=0 Q=0.02 Q_l=0.10 Q_g=0.19 dl=7 dg=10
       Value: 0x00020004 -> 0x00030004
       Original: JalR [major=2, minor=4]
       Mutated:  MulHSU [major=3, minor=4]
       zkVM errors (3 lines):
         • [prover_impl.rs:280] verify segment (internal proof verification failed)
         • [ffi.cpp:113] address mismatch at cycle 16827: preflight=0x00080c62, actual=0x00080213
         • [kernels/cxx/buffers.h:43] SKIP THROW: Inconsistent set
       Local constraints hit (5 unique):
         - MemoryWrite@mem.zir:100
           cycle=16826, step=247, pc=0x00203188, major=3, minor=4
         - MemoryWrite@mem.zir:99 (x3)
           cycle=16826, step=247, pc=0x00203188, major=3, minor=4
         - VerifyOpcodeF3F7@inst.zir:102
           cycle=16826, step=247, pc=0x00203188, major=3, minor=4
         - VerifyOpcodeF3F7@inst.zir:103
           cycle=16826, step=247, pc=0x00203188, major=3, minor=4
         - VerifyOpcodeF3F7@inst.zir:104
           cycle=16826, step=247, pc=0x00203188, major=3, minor=4
       Global: memory permutation violated (24 addrs: 24 code)
         + 24 code addresses diverged (instruction fetch cascade)
  [452] ✓ INSTR_TYPE_MOD @ step 217: 5 failures, 4100ms, outcome: REJECTED, exit: 101 [proof:GENERATED]
       r=0.061  T_new=0.00 F_new=0.39 F_rare=0.85 U=0 Q=0.19 Q_l=0.19 Q_g=1.00 dl=5 dg=0
       Value: 0x00020005 -> 0x00040003
       Original: Lui [major=2, minor=5]
       Mutated:  SraI [major=4, minor=3]
       zkVM errors (1 lines):
         • [prover_impl.rs:280] verify segment (internal proof verification failed)
       Local constraints hit (5 unique):
         - MemoryWrite@mem.zir:100
           cycle=16796, step=217, pc=0x0020B8FC, major=4, minor=3
         - MemoryWrite@mem.zir:99
           cycle=16796, step=217, pc=0x0020B8FC, major=4, minor=3
         - VerifyOpcodeF3F7@inst.zir:102
           cycle=16796, step=217, pc=0x0020B8FC, major=4, minor=3
         - VerifyOpcodeF3F7@inst.zir:103
           cycle=16796, step=217, pc=0x0020B8FC, major=4, minor=3
         - VerifyOpcodeF3F7@inst.zir:104
           cycle=16796, step=217, pc=0x0020B8FC, major=4, minor=3
       Global: no permutation/lookup violations (local-only)
  [453] ✓ INSTR_TYPE_MOD @ step 836: 3 failures, 4138ms, outcome: REJECTED, exit: 101 [proof:GENERATED] G=memory
       r=0.033  T_new=0.00 F_new=0.99 F_rare=1.00 U=0 Q=0.07 Q_l=0.37 Q_g=0.19 dl=3 dg=10
       Value: 0x00020001 -> 0x00020003
       Original: BltU [major=2, minor=1]
       Mutated:  Jal [major=2, minor=3]
       zkVM errors (3 lines):
         • [prover_impl.rs:280] verify segment (internal proof verification failed)
         • [ffi.cpp:113] address mismatch at cycle 17457: preflight=0x3fffc040, actual=0x3fffc01c
         • [kernels/cxx/ffi.cpp:208] SKIP THROW: memory peek not in preflight
       Local constraints hit (3 unique):
         - MemoryWrite@mem.zir:100
           cycle=17457, step=836, pc=0xC000014C, major=2, minor=3
         - MemoryWrite@mem.zir:99
           cycle=17457, step=836, pc=0xC000014C, major=2, minor=3
         - VerifyOpcode@inst.zir:91
           cycle=17457, step=836, pc=0xC000014C, major=2, minor=3
       Global: memory permutation violated (14 addrs: 14 data)
         0xC000014C (data): unexpected write 0x00000073 (cycle 34748)
         0xC0000150 (data): unexpected write 0x00000513 (cycle 34754)
         0xC0000154 (data): unexpected write 0x02820593 (cycle 34756)
         + 11 more addresses
  [454] ✓ INSTR_TYPE_MOD @ step 1672: 5 failures, 4122ms, outcome: REJECTED, exit: 101 [proof:GENERATED]
       r=0.017  T_new=0.00 F_new=0.00 F_rare=0.36 U=0 Q=0.19 Q_l=0.19 Q_g=1.00 dl=5 dg=0
       Value: 0x00000007 -> 0x00000004
       Original: AddI [major=0, minor=7]
       Mutated:  And [major=0, minor=4]
       zkVM errors (1 lines):
         • [prover_impl.rs:280] verify segment (internal proof verification failed)
       Local constraints hit (5 unique):
         - MemoryWrite@mem.zir:100
           cycle=18316, step=1672, pc=0x002096D8, major=0, minor=4
         - MemoryWrite@mem.zir:99
           cycle=18316, step=1672, pc=0x002096D8, major=0, minor=4
         - VerifyOpcodeF3F7@inst.zir:102
           cycle=18316, step=1672, pc=0x002096D8, major=0, minor=4
         - VerifyOpcodeF3F7@inst.zir:103
           cycle=18316, step=1672, pc=0x002096D8, major=0, minor=4
         - VerifyOpcodeF3F7@inst.zir:104
           cycle=18316, step=1672, pc=0x002096D8, major=0, minor=4
       Global: no permutation/lookup violations (local-only)
  [455] ✓ INSTR_TYPE_MOD @ step 911: 7 failures, 4231ms, outcome: REJECTED, exit: 101 [proof:GENERATED] G=memory|cycle
       r=0.015  T_new=0.00 F_new=0.78 F_rare=1.00 U=0 Q=0.04 Q_l=0.10 Q_g=0.37 dl=7 dg=6
       Value: 0x00050002 -> 0x00060002
       Original: Lw [major=5, minor=2]
       Mutated:  Sw [major=6, minor=2]
       zkVM errors (3 lines):
         • [prover_impl.rs:280] verify segment (internal proof verification failed)
         • [ffi.cpp:113] address mismatch at cycle 17538: preflight=0x3fffc02a, actual=0x3fffc008
         • [kernels/cxx/ffi.cpp:208] SKIP THROW: memory peek not in preflight
       Local constraints hit (7 unique):
         - IsRead@mem.zir:79
           cycle=17538, step=911, pc=0xC0000140, major=6, minor=2
         - IsRead@mem.zir:80
           cycle=17538, step=911, pc=0xC0000140, major=6, minor=2
         - MemoryWrite@mem.zir:100
           cycle=17538, step=911, pc=0xC0000140, major=6, minor=2
         - MemoryWrite@mem.zir:99
           cycle=17538, step=911, pc=0xC0000140, major=6, minor=2
         - OpSW@inst_mem.zir:160
           cycle=17538, step=911, pc=0xC0000140, major=6, minor=2
         - OpSW@inst_mem.zir:161
           cycle=17538, step=911, pc=0xC0000140, major=6, minor=2
         - VerifyOpcodeF3@inst.zir:96
           cycle=17538, step=911, pc=0xC0000140, major=6, minor=2
       Global: memory permutation violated
         0xFFFF0020 (data): expected write missing, needed 0x0020036c (cycle 35057)
         0xFFFF002C (data): unexpected write 0xc0000058 (cycle 35068)
         x10/a0: expected write missing, needed 0x02c22603 (cycle 34910)
       Global: cycle lookup violated (3 indices broken)
         index 7: 280 provides, 1 uses (imbalanced)
         index 8: 324 provides, 1 uses (imbalanced)
         index 166: 4 provides, 1 uses (imbalanced)
  [456] ✓ INSTR_TYPE_MOD @ step 3729: 3 failures, 4144ms, outcome: REJECTED, exit: 101 [proof:GENERATED] G=memory
       r=0.102  T_new=0.00 F_new=0.63 F_rare=1.00 U=0 Q=0.26 Q_l=0.37 Q_g=0.72 dl=3 dg=2
       Value: 0x00020001 -> 0x00020005
       Original: BltU [major=2, minor=1]
       Mutated:  Lui [major=2, minor=5]
       zkVM errors (3 lines):
         • [prover_impl.rs:280] verify segment (internal proof verification failed)
         • [ffi.cpp:113] address mismatch at cycle 20605: preflight=0x3fffc060, actual=0x3fffc024
         • [kernels/cxx/ffi.cpp:208] SKIP THROW: memory peek not in preflight
       Local constraints hit (3 unique):
         - MemoryWrite@mem.zir:100
           cycle=20605, step=3729, pc=0x00203270, major=2, minor=5
         - MemoryWrite@mem.zir:99
           cycle=20605, step=3729, pc=0x00203270, major=2, minor=5
         - VerifyOpcode@inst.zir:91
           cycle=20605, step=3729, pc=0x00203270, major=2, minor=5
       Global: memory permutation violated
         x4/tp: expected write missing, needed 0x00000000 (cycle 41185)
         0xFFFF0180 (data): unexpected write 0x00000000 (cycle 41185)
  [457] ✓ INSTR_TYPE_MOD @ step 1114: 5 failures, 4112ms, outcome: REJECTED, exit: 101 [proof:GENERATED] G=memory
       r=0.052  T_new=0.00 F_new=0.63 F_rare=1.00 U=0 Q=0.14 Q_l=0.19 Q_g=0.72 dl=5 dg=2
       Value: 0x00050002 -> 0x00000002
       Original: Lw [major=5, minor=2]
       Mutated:  Xor [major=0, minor=2]
       zkVM errors (3 lines):
         • [prover_impl.rs:280] verify segment (internal proof verification failed)
         • [ffi.cpp:113] address mismatch at cycle 17758: preflight=0x000800e4, actual=0x3fffc030
         • [kernels/cxx/ffi.cpp:208] SKIP THROW: memory peek not in preflight
       Local constraints hit (5 unique):
         - MemoryWrite@mem.zir:100
           cycle=17758, step=1114, pc=0x00200C9C, major=0, minor=2
         - MemoryWrite@mem.zir:99
           cycle=17758, step=1114, pc=0x00200C9C, major=0, minor=2
         - VerifyOpcodeF3F7@inst.zir:102
           cycle=17758, step=1114, pc=0x00200C9C, major=0, minor=2
         - VerifyOpcodeF3F7@inst.zir:103
           cycle=17758, step=1114, pc=0x00200C9C, major=0, minor=2
         - VerifyOpcodeF3F7@inst.zir:104
           cycle=17758, step=1114, pc=0x00200C9C, major=0, minor=2
       Global: memory permutation violated
         0x00200390 (data): unexpected write 0x00000000 (cycle 33625)
         x16/a6: expected write missing, needed 0x00000000 (cycle 33625)
  [458] ✓ INSTR_WORD_MOD_SUR @ step 1076: 1 failures, 4175ms, outcome: REJECTED, exit: 101 [proof:GENERATED] G=memory
       r=0.161  T_new=0.00 F_new=0.39 F_rare=0.72 U=0 Q=0.61 Q_l=0.72 Q_g=0.85 dl=1 dg=1
       Value: 0x00A485B3 -> 0x40A485B3
       Surgical: funct7 = 0 -> 32
       Original: ADD x11, x9, x10
       Mutated:  SUB x11, x9, x10
       zkVM errors (1 lines):
         • [prover_impl.rs:280] verify segment (internal proof verification failed)
       Local constraints hit (1 unique):
         - VerifyOpcodeF3F7@inst.zir:104
           cycle=17715, step=1076, pc=0xC0000080, major=0, minor=0
       Global: memory permutation violated
         0xC000007C (data): wrote 0x00a485b3, expected 0x40a485b3 (cycle 35238)
  [459] ✓ INSTR_TYPE_MOD @ step 1785: 2 failures, 4125ms, outcome: REJECTED, exit: 101 [proof:GENERATED]
       r=0.059  T_new=0.00 F_new=0.00 F_rare=0.39 U=0 Q=0.51 Q_l=0.51 Q_g=1.00 dl=2 dg=0
       Value: 0x00050003 -> 0x00050001
       Original: LbU [major=5, minor=3]
       Mutated:  Lh [major=5, minor=1]
       zkVM errors (1 lines):
         • [prover_impl.rs:280] verify segment (internal proof verification failed)
       Local constraints hit (2 unique):
         - MemoryWrite@mem.zir:99
           cycle=18429, step=1785, pc=0x002184C0, major=5, minor=1
         - VerifyOpcodeF3@inst.zir:97
           cycle=18429, step=1785, pc=0x002184C0, major=5, minor=1
       Global: no permutation/lookup violations (local-only)
  [460] ✓ INSTR_TYPE_MOD @ step 1845: 6 failures, 4195ms, outcome: REJECTED, exit: 101 [proof:GENERATED] G=memory|cycle
       r=0.019  T_new=0.00 F_new=0.92 F_rare=1.00 U=0 Q=0.04 Q_l=0.14 Q_g=0.31 dl=6 dg=7
       Value: 0x00050002 -> 0x00060002
       Original: Lw [major=5, minor=2]
       Mutated:  Sw [major=6, minor=2]
       zkVM errors (3 lines):
         • [prover_impl.rs:280] verify segment (internal proof verification failed)
         • [ffi.cpp:113] address mismatch at cycle 18489: preflight=0x3fffc02c, actual=0x3fffc010
         • [kernels/cxx/ffi.cpp:208] SKIP THROW: memory peek not in preflight
       Local constraints hit (6 unique):
         - IsRead@mem.zir:79
           cycle=18489, step=1845, pc=0xC000013C, major=6, minor=2
         - IsRead@mem.zir:80
           cycle=18489, step=1845, pc=0xC000013C, major=6, minor=2
         - MemoryWrite@mem.zir:100
           cycle=18489, step=1845, pc=0xC000013C, major=6, minor=2
         - MemoryWrite@mem.zir:99
           cycle=18489, step=1845, pc=0xC000013C, major=6, minor=2
         - OpSW@inst_mem.zir:161
           cycle=18489, step=1845, pc=0xC000013C, major=6, minor=2
         - VerifyOpcodeF3@inst.zir:96
           cycle=18489, step=1845, pc=0xC000013C, major=6, minor=2
       Global: memory permutation violated
         0xFFFF0028 (data): unexpected write 0x00000008 (cycle 36970)
         0xFFFF0040 (data): expected write missing, needed 0x0021a0f3 (cycle 36951)
         x10/a0: wrote 0x00000000, expected 0x02822583 (cycle 35440)
         x12/a2: unexpected write 0x0021a0f3 (cycle 36951)
       Global: cycle lookup violated (3 indices broken)
         index 7: 280 provides, 1 uses (imbalanced)
         index 8: 324 provides, 1 uses (imbalanced)
         index 1538: 1 provides, 1 uses (imbalanced)
  [461] ✓ INSTR_WORD_MOD_FULL @ step 1925: 3 failures, 4157ms, outcome: REJECTED, exit: 101 [proof:GENERATED] G=memory
       r=0.053  T_new=0.00 F_new=0.97 F_rare=1.00 U=0 Q=0.11 Q_l=0.37 Q_g=0.31 dl=3 dg=7
       Value: 0x00048593 -> 0xF7FB5A67
       Original: ADDI x11, x9, 0
       Mutated:  JALR x20, x22, -129
       zkVM errors (3 lines):
         • [prover_impl.rs:280] verify segment (internal proof verification failed)
         • [ffi.cpp:113] address mismatch at cycle 18574: preflight=0x3fffc029, actual=0x3fffc036
         • [kernels/cxx/ffi.cpp:208] SKIP THROW: memory peek not in preflight
       Local constraints hit (3 unique):
         - MemoryWrite@mem.zir:99
           cycle=18574, step=1925, pc=0x00205FC8, major=0, minor=7
         - VerifyOpcodeF3@inst.zir:96
           cycle=18574, step=1925, pc=0x00205FC8, major=0, minor=7
         - VerifyOpcodeF3@inst.zir:97
           cycle=18574, step=1925, pc=0x00205FC8, major=0, minor=7
       Global: memory permutation violated
         x0/zero: unexpected write 0x00000000 (cycle 37146)
         x9/s1: unexpected write 0x0021ba8a (cycle 37123)
         x11/a1: unexpected write 0x00000012 (cycle 37130)
         x20/s4: expected write missing, needed 0x00000012 (cycle 37130)
         x22/s6: expected write missing, needed 0x0021ba8a (cycle 37123)
         x31/t6: expected write missing, needed 0x00000000 (cycle 37146)
         0x00205FC4 (code): wrote 0x00048593, expected 0xf7fb5a67 (cycle 36682)
  [462] ✓ INSTR_TYPE_MOD @ step 2774: 3 failures, 4137ms, outcome: REJECTED, exit: 101 [proof:GENERATED]
       r=0.033  T_new=0.00 F_new=0.00 F_rare=0.37 U=0 Q=0.37 Q_l=0.37 Q_g=1.00 dl=3 dg=0
       Value: 0x00050002 -> 0x00050003
       Original: Lw [major=5, minor=2]
       Mutated:  LbU [major=5, minor=3]
       zkVM errors (1 lines):
         • [prover_impl.rs:280] verify segment (internal proof verification failed)
       Local constraints hit (3 unique):
         - MemoryWrite@mem.zir:100
           cycle=19502, step=2774, pc=0x00203810, major=5, minor=3
         - MemoryWrite@mem.zir:99
           cycle=19502, step=2774, pc=0x00203810, major=5, minor=3
         - VerifyOpcodeF3@inst.zir:97
           cycle=19502, step=2774, pc=0x00203810, major=5, minor=3
       Global: no permutation/lookup violations (local-only)
  [463] ✓ INSTR_TYPE_MOD @ step 291: 1 failures, 4103ms, outcome: REJECTED, exit: 101 [proof:GENERATED]
       r=0.099  T_new=0.00 F_new=0.00 F_rare=0.58 U=0 Q=0.72 Q_l=0.72 Q_g=1.00 dl=1 dg=0
       Value: 0x00000007 -> 0x00010001
       Original: AddI [major=0, minor=7]
       Mutated:  OrI [major=1, minor=1]
       zkVM errors (1 lines):
         • [prover_impl.rs:280] verify segment (internal proof verification failed)
       Local constraints hit (1 unique):
         - VerifyOpcodeF3@inst.zir:97
           cycle=16873, step=291, pc=0xC000015C, major=1, minor=1
       Global: no permutation/lookup violations (local-only)
  [464] ✓ MEM_VAL_MOD @ step 0: 3 failures, 4139ms, outcome: REJECTED, exit: 101 [proof:GENERATED] G=memory
       r=0.131  T_new=0.00 F_new=0.78 F_rare=1.00 U=0 Q=0.31 Q_l=0.37 Q_g=0.85 dl=3 dg=1
       Value: 0x63DE3969 -> 0x00100000
       Transaction: other_mem_read (READ) at address 0x10ffe002c
       zkVM errors (1 lines):
         • [prover_impl.rs:280] verify segment (internal proof verification failed)
       Local constraints hit (3 unique):
         - IsRead@mem.zir:79
           cycle=431, step=0, pc=0x00000000, major=9, minor=5
         - IsRead@mem.zir:80
           cycle=431, step=0, pc=0x00000000, major=9, minor=5
         - PoseidonCheckOut@inst_p2.zir:265
           cycle=431, step=0, pc=0x00000000, major=9, minor=5
       Global: memory permutation violated
         0x10FFE002C (data): wrote 0x00100000, expected 0x63de3969 (cycle 862)
  [465] ✓ INSTR_TYPE_MOD @ step 3486: 3 failures, 4147ms, outcome: REJECTED, exit: 101 [proof:GENERATED]
       r=0.100  T_new=0.00 F_new=0.39 F_rare=0.75 U=0 Q=0.37 Q_l=0.37 Q_g=1.00 dl=3 dg=0
       Value: 0x00000001 -> 0x00000006
       Original: Sub [major=0, minor=1]
       Mutated:  SltU [major=0, minor=6]
       zkVM errors (1 lines):
         • [prover_impl.rs:280] verify segment (internal proof verification failed)
       Local constraints hit (3 unique):
         - MemoryWrite@mem.zir:99
           cycle=20288, step=3486, pc=0x00205E10, major=0, minor=6
         - VerifyOpcodeF3F7@inst.zir:103
           cycle=20288, step=3486, pc=0x00205E10, major=0, minor=6
         - VerifyOpcodeF3F7@inst.zir:104
           cycle=20288, step=3486, pc=0x00205E10, major=0, minor=6
       Global: no permutation/lookup violations (local-only)
  [466] ✓ LOAD_VAL_MOD @ step 3186: 2 failures, 4139ms, outcome: REJECTED, exit: 101 [proof:GENERATED] G=memory
       r=0.104  T_new=0.00 F_new=0.39 F_rare=0.61 U=0 Q=0.43 Q_l=0.51 Q_g=0.85 dl=2 dg=1
       Value: 0xB3FEEA77 -> 0x00000002
       Load destination: rd = x11 (a1)
       zkVM errors (1 lines):
         • [prover_impl.rs:280] verify segment (internal proof verification failed)
       Local constraints hit (2 unique):
         - MemoryWrite@mem.zir:100
           cycle=19988, step=3186, pc=0x00204B2C, major=5, minor=2
         - MemoryWrite@mem.zir:99
           cycle=19988, step=3186, pc=0x00204B2C, major=5, minor=2
       Global: memory permutation violated
         x11/a1: wrote 0x00000002, expected 0xb3feea77 (cycle 39977)
  [467] ✓ INSTR_TYPE_MOD @ step 3928: 1 failures, 4162ms, outcome: REJECTED, exit: 101 [proof:GENERATED] [+2 touch]
       r=0.083  T_new=0.06 F_new=0.00 F_rare=0.41 U=0 Q=0.72 Q_l=0.72 Q_g=1.00 dl=1 dg=0
       Value: 0x00000007 -> 0x00010002
       Original: AddI [major=0, minor=7]
       Mutated:  AndI [major=1, minor=2]
       zkVM errors (1 lines):
         • [prover_impl.rs:280] verify segment (internal proof verification failed)
       Local constraints hit (1 unique):
         - VerifyOpcodeF3@inst.zir:97
           cycle=20878, step=3928, pc=0xC00000F8, major=1, minor=2
       Global: no permutation/lookup violations (local-only)
  [468] ✓ INSTR_TYPE_MOD @ step 2951: 1 failures, 4155ms, outcome: REJECTED, exit: 101 [proof:GENERATED]
       r=0.085  T_new=0.00 F_new=0.00 F_rare=0.41 U=0 Q=0.72 Q_l=0.72 Q_g=1.00 dl=1 dg=0
       Value: 0x00060002 -> 0x00060001
       Original: Sw [major=6, minor=2]
       Mutated:  Sh [major=6, minor=1]
       zkVM errors (1 lines):
         • [prover_impl.rs:280] verify segment (internal proof verification failed)
       Local constraints hit (1 unique):
         - VerifyOpcodeF3@inst.zir:97
           cycle=19679, step=2951, pc=0x0020563C, major=6, minor=1
       Global: no permutation/lookup violations (local-only)
  [469] ✓ INSTR_TYPE_MOD @ step 3437: 5 failures, 4200ms, outcome: REJECTED, exit: 101 [proof:GENERATED] G=memory|cycle
       r=0.035  T_new=0.00 F_new=0.78 F_rare=1.00 U=0 Q=0.08 Q_l=0.19 Q_g=0.43 dl=5 dg=5
       Value: 0x00000001 -> 0x00060000
       Original: Sub [major=0, minor=1]
       Mutated:  Sb [major=6, minor=0]
       zkVM errors (3 lines):
         • [prover_impl.rs:280] verify segment (internal proof verification failed)
         • [ffi.cpp:113] address mismatch at cycle 20239: preflight=0x3fffc02a, actual=0x0000011b
         • [kernels/cxx/ffi.cpp:208] SKIP THROW: memory peek not in preflight
       Local constraints hit (5 unique):
         - AddrDecomposeBits@u32.zir:87
           cycle=20239, step=3437, pc=0x00204D00, major=6, minor=0
         - IsRead@mem.zir:79
           cycle=20239, step=3437, pc=0x00204D00, major=6, minor=0
         - MemoryWrite@mem.zir:100
           cycle=20239, step=3437, pc=0x00204D00, major=6, minor=0
         - MemoryWrite@mem.zir:99
           cycle=20239, step=3437, pc=0x00204D00, major=6, minor=0
         - VerifyOpcodeF3@inst.zir:96
           cycle=20239, step=3437, pc=0x00204D00, major=6, minor=0
       Global: memory permutation violated
         0x0000046C (data): expected write missing, needed 0x00100593 (cycle 14626)
         x10/a0: unexpected write 0x00000000 (cycle 40474)
       Global: cycle lookup violated (3 indices broken)
         index 3: 698 provides, 1 uses (imbalanced)
         index 4: 251 provides, 1 uses (imbalanced)
         index 25852: 1 provides, 1 uses (imbalanced)
  [470] ✓ INSTR_TYPE_MOD @ step 0: 5 failures, 4212ms, outcome: REJECTED, exit: 101 [proof:GENERATED] [+3 touch] G=memory|cycle
       r=0.047  T_new=0.08 F_new=0.63 F_rare=1.00 U=0 Q=0.11 Q_l=0.19 Q_g=0.61 dl=5 dg=3
       Value: 0x00020006 -> 0x00020002
       Original: Auipc [major=2, minor=6]
       Mutated:  BgeU [major=2, minor=2]
       zkVM errors (3 lines):
         • [prover_impl.rs:280] verify segment (internal proof verification failed)
         • [ffi.cpp:113] address mismatch at cycle 0: preflight=0x44000000, actual=0x00000000
         • [kernels/cxx/ffi.cpp:208] SKIP THROW: memory peek not in preflight
       Local constraints hit (5 unique):
         - AddrDecompose@u32.zir:67
           cycle=0, step=0, pc=0x00000000, major=2, minor=2
         - ControlLoadRootAndNonce@inst_control.zir:23
           cycle=1, step=0, pc=0x00000000, major=7, minor=0
         - MiscInput@inst_misc.zir:7
           cycle=0, step=0, pc=0x00000000, major=2, minor=2
         - VerifyOpcodeF3@inst.zir:96
           cycle=0, step=0, pc=0x00000000, major=2, minor=2
         - VerifyOpcodeF3@inst.zir:97
           cycle=0, step=0, pc=0x00000000, major=2, minor=2
       Global: memory permutation violated
         0xFFFF0100 (data): expected write missing, needed 0x00000000 (cycle 0)
       Global: cycle lookup violated (2 indices broken)
         index 0: 2256 provides, 1 uses (imbalanced)
         index 2013265920: orphan provide (2 entries, no matching use)
  [471] ✓ MEM_VAL_MOD @ step 205: 2 failures, 4127ms, outcome: REJECTED, exit: 101 [proof:GENERATED] G=memory
       r=0.106  T_new=0.00 F_new=0.39 F_rare=0.63 U=0 Q=0.43 Q_l=0.51 Q_g=0.85 dl=2 dg=1
       Value: 0x00000000 -> 0x00008000
       Transaction: load_mem_read (READ) at address 0x00221480
       zkVM errors (1 lines):
         • [prover_impl.rs:280] verify segment (internal proof verification failed)
       Local constraints hit (2 unique):
         - IsRead@mem.zir:79
           cycle=16784, step=205, pc=0x0020B8CC, major=5, minor=2
         - MemoryWrite@mem.zir:99
           cycle=16784, step=205, pc=0x0020B8CC, major=5, minor=2
       Global: memory permutation violated
         0x00221480 (code): wrote 0x00008000, expected 0x00000000 (cycle 33568)
  [472] ✓ INSTR_TYPE_MOD @ step 780: 4 failures, 4138ms, outcome: REJECTED, exit: 101 [proof:GENERATED] G=memory
       r=0.073  T_new=0.00 F_new=0.63 F_rare=1.00 U=0 Q=0.19 Q_l=0.26 Q_g=0.72 dl=4 dg=2
       Value: 0x00050002 -> 0x00030001
       Original: Lw [major=5, minor=2]
       Mutated:  SllI [major=3, minor=1]
       zkVM errors (3 lines):
         • [prover_impl.rs:280] verify segment (internal proof verification failed)
         • [ffi.cpp:113] address mismatch at cycle 17401: preflight=0x000800d5, actual=0x3fffc024
         • [kernels/cxx/ffi.cpp:208] SKIP THROW: memory peek not in preflight
       Local constraints hit (4 unique):
         - MemoryWrite@mem.zir:100
           cycle=17401, step=780, pc=0x002031F4, major=3, minor=1
         - MemoryWrite@mem.zir:99
           cycle=17401, step=780, pc=0x002031F4, major=3, minor=1
         - VerifyOpcodeF3F7@inst.zir:102
           cycle=17401, step=780, pc=0x002031F4, major=3, minor=1
         - VerifyOpcodeF3F7@inst.zir:103
           cycle=17401, step=780, pc=0x002031F4, major=3, minor=1
       Global: memory permutation violated
         0x00200354 (data): unexpected write 0x00000000 (cycle 34673)
         x4/tp: expected write missing, needed 0x00000000 (cycle 34673)
  [473] ✓ INSTR_WORD_MOD_FULL @ step 1558: 0 failures, 4107ms, outcome: REJECTED, exit: 101 [proof:GENERATED] G=memory[GO]
       r=0.255  T_new=0.00 F_new=0.78 F_rare=1.00 U=0 Q=0.61 Q_l=1.00 Q_g=0.61 dl=0 dg=3
       Value: 0xFE0614E3 -> 0xFF0614E3
       Original: BNE x12, x0, -24
       Mutated:  BNE x12, x16, -24
       zkVM errors (3 lines):
         • [prover_impl.rs:280] verify segment (internal proof verification failed)
         • [ffi.cpp:113] address mismatch at cycle 18202: preflight=0x3fffc020, actual=0x3fffc030
         • [kernels/cxx/ffi.cpp:208] SKIP THROW: memory peek not in preflight
       Global: memory permutation violated [GLOBAL-ONLY]
         x0/zero: unexpected write 0x00000000 (cycle 36390)
         x16/a6: expected write missing, needed 0x00000000 (cycle 36390)
         0x002184D4 (code): wrote 0xfe0614e3, expected 0xff0614e3 (cycle 36390)
  [474] 💥 PRE_EXEC_REG_MOD @ step 2167: 2 failures, 633ms, outcome: CRASH, exit: -11 [proof:NOT_GENERATED]
       r=0.000  T_new=0.00 F_new=0.00 F_rare=0.00 U=0 Q=0.00 Q_l=0.00 Q_g=1.00 dl=0 dg=0
       Value: 0x002000F0 -> 0xF7DFFF0F
       Register: x2 (sp), READ, strategy=next_read
       Local constraints hit (2 unique):
         - IsRead@mem.zir:79
           cycle=18821, step=2167, pc=0x002024F4, major=5, minor=2
         - IsRead@mem.zir:80
           cycle=18821, step=2167, pc=0x002024F4, major=5, minor=2
       Global: no permutation/lookup violations (local-only)
  [475] ✓ INSTR_TYPE_MOD @ step 0: 5 failures, 4178ms, outcome: REJECTED, exit: 101 [proof:GENERATED] [+3 touch] G=memory|cycle
       r=0.035  T_new=0.08 F_new=0.39 F_rare=0.79 U=0 Q=0.11 Q_l=0.19 Q_g=0.61 dl=5 dg=3
       Value: 0x00020006 -> 0x00020004
       Original: Auipc [major=2, minor=6]
       Mutated:  JalR [major=2, minor=4]
       zkVM errors (3 lines):
         • [prover_impl.rs:280] verify segment (internal proof verification failed)
         • [ffi.cpp:113] address mismatch at cycle 0: preflight=0x44000000, actual=0x00000000
         • [kernels/cxx/ffi.cpp:208] SKIP THROW: memory peek not in preflight
       Local constraints hit (5 unique):
         - AddrDecompose@u32.zir:67
           cycle=0, step=0, pc=0x00000000, major=2, minor=4
         - ControlLoadRootAndNonce@inst_control.zir:23
           cycle=1, step=0, pc=0x00000000, major=7, minor=0
         - MemoryWrite@mem.zir:99
           cycle=0, step=0, pc=0x00000000, major=2, minor=4
         - MiscInput@inst_misc.zir:7
           cycle=0, step=0, pc=0x00000000, major=2, minor=4
         - VerifyOpcodeF3@inst.zir:96
           cycle=0, step=0, pc=0x00000000, major=2, minor=4
       Global: memory permutation violated
         0xFFFF0100 (data): expected write missing, needed 0x00000000 (cycle 0)
       Global: cycle lookup violated (2 indices broken)
         index 0: 2256 provides, 1 uses (imbalanced)
         index 2013265920: orphan provide (2 entries, no matching use)
  [476] ✓ INSTR_TYPE_MOD @ step 487: 6 failures, 4183ms, outcome: REJECTED, exit: 101 [proof:GENERATED] G=memory|cycle
       r=0.024  T_new=0.00 F_new=0.63 F_rare=1.00 U=0 Q=0.06 Q_l=0.14 Q_g=0.43 dl=6 dg=5
       Value: 0x00000007 -> 0x00060001
       Original: AddI [major=0, minor=7]
       Mutated:  Sh [major=6, minor=1]
       zkVM errors (3 lines):
         • [prover_impl.rs:280] verify segment (internal proof verification failed)
         • [ffi.cpp:113] address mismatch at cycle 17084: preflight=0x3fffc029, actual=0x00000002
         • [kernels/cxx/ffi.cpp:208] SKIP THROW: memory peek not in preflight
       Local constraints hit (6 unique):
         - AddrDecomposeBits@u32.zir:87
           cycle=17084, step=487, pc=0x0020319C, major=6, minor=1
         - IsRead@mem.zir:79
           cycle=17084, step=487, pc=0x0020319C, major=6, minor=1
         - MemoryWrite@mem.zir:100
           cycle=17084, step=487, pc=0x0020319C, major=6, minor=1
         - MemoryWrite@mem.zir:99
           cycle=17084, step=487, pc=0x0020319C, major=6, minor=1
         - VerifyOpcodeF3@inst.zir:96
           cycle=17084, step=487, pc=0x0020319C, major=6, minor=1
         - VerifyOpcodeF3@inst.zir:97
           cycle=17084, step=487, pc=0x0020319C, major=6, minor=1
       Global: memory permutation violated
         0x00000008 (data): expected write missing, needed 0x0005a583 (cycle 34002)
         x9/s1: unexpected write 0x00000000 (cycle 34166)
       Global: cycle lookup violated (3 indices broken)
         index 1: 1798 provides, 1 uses (imbalanced)
         index 2: 861 provides, 1 uses (imbalanced)
         index 166: 4 provides, 1 uses (imbalanced)
  [477] ✓ INSTR_TYPE_MOD @ step 2675: 4 failures, 4090ms, outcome: REJECTED, exit: 101 [proof:GENERATED] G=memory
       r=0.073  T_new=0.00 F_new=0.63 F_rare=1.00 U=0 Q=0.19 Q_l=0.26 Q_g=0.72 dl=4 dg=2
       Value: 0x00000007 -> 0x00010007
       Original: AddI [major=0, minor=7]
       Mutated:  Blt [major=1, minor=7]
       zkVM errors (3 lines):
         • [prover_impl.rs:280] verify segment (internal proof verification failed)
         • [ffi.cpp:113] address mismatch at cycle 19403: preflight=0x3fffc022, actual=0x3fffc060
         • [kernels/cxx/ffi.cpp:208] SKIP THROW: memory peek not in preflight
       Local constraints hit (4 unique):
         - MemoryWrite@mem.zir:100
           cycle=19403, step=2675, pc=0x0020531C, major=1, minor=7
         - MemoryWrite@mem.zir:99
           cycle=19403, step=2675, pc=0x0020531C, major=1, minor=7
         - VerifyOpcodeF3@inst.zir:96
           cycle=19403, step=2675, pc=0x0020531C, major=1, minor=7
         - VerifyOpcodeF3@inst.zir:97
           cycle=19403, step=2675, pc=0x0020531C, major=1, minor=7
       Global: memory permutation violated
         x2/sp: unexpected write 0x002002f0 (cycle 38806)
         0xFFFF0180 (data): expected write missing, needed 0x002002f0 (cycle 38806)
  [478] ✓ PRE_EXEC_REG_MOD @ step 1058: 2 failures, 4127ms, outcome: REJECTED, exit: 101 [proof:GENERATED] G=memory
       r=0.122  T_new=0.00 F_new=0.39 F_rare=0.79 U=0 Q=0.43 Q_l=0.51 Q_g=0.85 dl=2 dg=1
       Value: 0x00000000 -> 0xFE1EB280
       Register: x0 (zero), READ, strategy=next_read
       zkVM errors (1 lines):
         • [prover_impl.rs:280] verify segment (internal proof verification failed)
       Local constraints hit (2 unique):
         - IsRead@mem.zir:79
           cycle=17697, step=1058, pc=0x00206318, major=2, minor=4
         - IsRead@mem.zir:80
           cycle=17697, step=1058, pc=0x00206318, major=2, minor=4
       Global: memory permutation violated
         x0/zero: wrote 0xfe1eb280, expected 0x00000000 (cycle 35394)
  [479] ✓ INSTR_TYPE_MOD @ step 3074: 4 failures, 4231ms, outcome: REJECTED, exit: 101 [proof:GENERATED] G=memory|cycle
       r=0.053  T_new=0.00 F_new=0.86 F_rare=1.00 U=0 Q=0.11 Q_l=0.26 Q_g=0.43 dl=4 dg=5
       Value: 0x00060002 -> 0x00040000
       Original: Sw [major=6, minor=2]
       Mutated:  Srl [major=4, minor=0]
       zkVM errors (3 lines):
         • [prover_impl.rs:280] verify segment (internal proof verification failed)
         • [ffi.cpp:113] address mismatch at cycle 19802: preflight=0x0008854f, actual=0x3fffc060
         • [kernels/cxx/ffi.cpp:208] SKIP THROW: memory peek not in preflight
       Local constraints hit (4 unique):
         - MemoryWrite@mem.zir:100
           cycle=19802, step=3074, pc=0x00203264, major=4, minor=0
         - MemoryWrite@mem.zir:99
           cycle=19802, step=3074, pc=0x00203264, major=4, minor=0
         - VerifyOpcodeF3F7@inst.zir:102
           cycle=19802, step=3074, pc=0x00203264, major=4, minor=0
         - VerifyOpcodeF3F7@inst.zir:103
           cycle=19802, step=3074, pc=0x00203264, major=4, minor=0
       Global: memory permutation violated
         0xFFFF0180 (data): expected write missing, needed 0x00000000 (cycle 39579)
         0x0022153C (code): unexpected write 0x00000000 (cycle 39579)
       Global: cycle lookup violated (3 indices broken)
         index 0: 2254 provides, 1 uses (imbalanced)
         index 24: 94 provides, 1 uses (imbalanced)
         index 25: 67 provides, 1 uses (imbalanced)
  [480] ✓ PRE_EXEC_REG_MOD @ step 932: 2 failures, 4150ms, outcome: REJECTED, exit: 101 [proof:GENERATED] G=memory
       r=0.105  T_new=0.00 F_new=0.39 F_rare=0.62 U=0 Q=0.43 Q_l=0.51 Q_g=0.85 dl=2 dg=1
       Value: 0x00000000 -> 0xDDBAF6DD
       Register: x7 (t2), READ, strategy=next_read
       zkVM errors (1 lines):
         • [prover_impl.rs:280] verify segment (internal proof verification failed)
       Local constraints hit (2 unique):
         - IsRead@mem.zir:79
           cycle=17565, step=932, pc=0x002031E4, major=0, minor=7
         - IsRead@mem.zir:80
           cycle=17565, step=932, pc=0x002031E4, major=0, minor=7
       Global: memory permutation violated
         x7/t2: wrote 0xddbaf6dd, expected 0x00000000 (cycle 35130)
  [481] ✓ INSTR_TYPE_MOD @ step 1982: 4 failures, 4164ms, outcome: REJECTED, exit: 101 [proof:GENERATED] G=memory
       r=0.023  T_new=0.00 F_new=0.99 F_rare=1.00 U=0 Q=0.05 Q_l=0.26 Q_g=0.19 dl=4 dg=10
       Value: 0x00000007 -> 0x00010006
       Original: AddI [major=0, minor=7]
       Mutated:  Bne [major=1, minor=6]
       zkVM errors (3 lines):
         • [prover_impl.rs:280] verify segment (internal proof verification failed)
         • [ffi.cpp:113] address mismatch at cycle 18631: preflight=0x3fffc02c, actual=0x3fffc060
         • [kernels/cxx/ffi.cpp:208] SKIP THROW: memory peek not in preflight
       Local constraints hit (3 unique):
         - MemoryWrite@mem.zir:99 (x2)
           cycle=18631, step=1982, pc=0x002184D0, major=1, minor=6
         - VerifyOpcodeF3@inst.zir:96
           cycle=18631, step=1982, pc=0x002184D0, major=1, minor=6
         - VerifyOpcodeF3@inst.zir:97
           cycle=18631, step=1982, pc=0x002184D0, major=1, minor=6
       Global: memory permutation violated (20 addrs: 1 register, 18 code, 1 data)
         x12/a2: unexpected write 0x00000007 (cycle 37262)
         0xFFFF0180 (data): expected write missing, needed 0x00000007 (cycle 37262)
         + 18 code addresses diverged (instruction fetch cascade)
  [482] ✓ MEM_VAL_MOD @ step 1166: 1 failures, 4147ms, outcome: REJECTED, exit: 101 [proof:GENERATED] G=memory
       r=0.143  T_new=0.00 F_new=0.39 F_rare=0.60 U=0 Q=0.61 Q_l=0.72 Q_g=0.85 dl=1 dg=1
       Value: 0x00000000 -> 0x00000002
       Transaction: store_rmw_read (READ) at address 0x0020038c
       zkVM errors (1 lines):
         • [prover_impl.rs:280] verify segment (internal proof verification failed)
       Local constraints hit (1 unique):
         - IsRead@mem.zir:79
           cycle=17810, step=1166, pc=0x00208ABC, major=6, minor=2
       Global: memory permutation violated
         0x0020038C (data): wrote 0x00000002, expected 0x00000000 (cycle 35620)
  [483] ✓ STORE_OUT_MOD @ step 556: 1 failures, 4173ms, outcome: REJECTED, exit: 101 [proof:GENERATED] G=memory
       r=0.146  T_new=0.00 F_new=0.39 F_rare=0.61 U=0 Q=0.61 Q_l=0.72 Q_g=0.85 dl=1 dg=1
       Value: 0x00000000 -> 0x80000000
       Store address: 0x0020036c
       zkVM errors (1 lines):
         • [prover_impl.rs:280] verify segment (internal proof verification failed)
       Local constraints hit (1 unique):
         - MemoryWrite@mem.zir:100
           cycle=17159, step=556, pc=0x0020092C, major=6, minor=2
       Global: memory permutation violated
         0x0020036C (data): wrote 0x80000000, expected 0x00000000 (cycle 34319)
  [484] ✓ INSTR_TYPE_MOD @ step 1558: 4 failures, 4153ms, outcome: REJECTED, exit: 101 [proof:GENERATED] G=memory
       r=0.023  T_new=0.00 F_new=0.95 F_rare=1.00 U=0 Q=0.05 Q_l=0.26 Q_g=0.19 dl=4 dg=10
       Value: 0x00010006 -> 0x00020006
       Original: Bne [major=1, minor=6]
       Mutated:  Auipc [major=2, minor=6]
       zkVM errors (3 lines):
         • [prover_impl.rs:280] verify segment (internal proof verification failed)
         • [ffi.cpp:113] address mismatch at cycle 18202: preflight=0x3fffc060, actual=0x3fffc029
         • [kernels/cxx/ffi.cpp:208] SKIP THROW: memory peek not in preflight
       Local constraints hit (3 unique):
         - MemoryWrite@mem.zir:100
           cycle=18202, step=1558, pc=0x002184BC, major=2, minor=6
         - MemoryWrite@mem.zir:99 (x2)
           cycle=18202, step=1558, pc=0x002184BC, major=2, minor=6
         - VerifyOpcode@inst.zir:91
           cycle=18202, step=1558, pc=0x002184BC, major=2, minor=6
       Global: memory permutation violated (18 addrs: 1 register, 16 code, 1 data)
         x9/s1: expected write missing, needed 0x00000000 (cycle 36397)
         0xFFFF0180 (data): unexpected write 0x00000000 (cycle 36397)
         + 16 code addresses diverged (instruction fetch cascade)
  [485] ✓ MEM_VAL_MOD @ step 0: 10 failures, 4181ms, outcome: REJECTED, exit: 101 [proof:GENERATED] G=memory
       r=0.085  T_new=0.00 F_new=0.39 F_rare=0.75 U=0 Q=0.31 Q_l=0.37 Q_g=0.85 dl=3 dg=1
       Value: 0x00C12083 -> 0xDB6209C0
       Transaction: other_mem_read (READ) at address 0x00202868
       zkVM errors (2 lines):
         • [prover_impl.rs:280] verify segment (internal proof verification failed)
         • [kernels/cxx/buffers.h:43] SKIP THROW: Inconsistent set
       Local constraints hit (3 unique):
         - IsRead@mem.zir:79
           cycle=4365, step=0, pc=0x00000000, major=9, minor=2
         - IsRead@mem.zir:80
           cycle=4365, step=0, pc=0x00000000, major=9, minor=2
         - PoseidonCheckOut@inst_p2.zir:265 (x8)
           cycle=4655, step=0, pc=0x00000000, major=9, minor=5
       Global: memory permutation violated
         0x00202868 (code): wrote 0xdb6209c0, expected 0x00c12083 (cycle 8730)
  [486] ✓ INSTR_WORD_MOD_FULL @ step 3929: 2 failures, 4178ms, outcome: REJECTED, exit: 101 [proof:GENERATED] G=memory
       r=0.115  T_new=0.00 F_new=0.39 F_rare=0.72 U=0 Q=0.43 Q_l=0.51 Q_g=0.85 dl=2 dg=1
       Value: 0x00000073 -> 0x76B20A17
       Original: ECALL x0, x0, 0
       Mutated:  AUIPC x20, 0x76b20000
       Format changed: I -> U
       zkVM errors (1 lines):
         • [prover_impl.rs:280] verify segment (internal proof verification failed)
       Local constraints hit (2 unique):
         - MachineECall@inst_ecall.zir:28
           cycle=20879, step=3929, pc=0xC00000F8, major=8, minor=0
         - MachineECall@inst_ecall.zir:29
           cycle=20879, step=3929, pc=0xC00000F8, major=8, minor=0
       Global: memory permutation violated
         0xC00000F8 (data): wrote 0x00000073, expected 0x76b20a17 (cycle 30062)
  [487] ✓ INSTR_TYPE_MOD @ step 3073: 3 failures, 4074ms, outcome: REJECTED, exit: 101 [proof:GENERATED]
       r=0.044  T_new=0.00 F_new=0.00 F_rare=0.50 U=0 Q=0.37 Q_l=0.37 Q_g=1.00 dl=3 dg=0
       Value: 0x00030002 -> 0x00010004
       Original: Mul [major=3, minor=2]
       Mutated:  SltIU [major=1, minor=4]
       zkVM errors (1 lines):
         • [prover_impl.rs:280] verify segment (internal proof verification failed)
       Local constraints hit (3 unique):
         - MemoryWrite@mem.zir:99
           cycle=19801, step=3073, pc=0x00203260, major=1, minor=4
         - VerifyOpcodeF3@inst.zir:96
           cycle=19801, step=3073, pc=0x00203260, major=1, minor=4
         - VerifyOpcodeF3@inst.zir:97
           cycle=19801, step=3073, pc=0x00203260, major=1, minor=4
       Global: no permutation/lookup violations (local-only)
  [488] ✓ INSTR_TYPE_MOD @ step 2380: 4 failures, 4206ms, outcome: REJECTED, exit: 101 [proof:GENERATED] G=memory|cycle
       r=0.044  T_new=0.00 F_new=0.63 F_rare=1.00 U=0 Q=0.11 Q_l=0.26 Q_g=0.43 dl=4 dg=5
       Value: 0x00060002 -> 0x00030001
       Original: Sw [major=6, minor=2]
       Mutated:  SllI [major=3, minor=1]
       zkVM errors (3 lines):
         • [prover_impl.rs:280] verify segment (internal proof verification failed)
         • [ffi.cpp:113] address mismatch at cycle 19034: preflight=0x000800ca, actual=0x3fffc060
         • [kernels/cxx/ffi.cpp:208] SKIP THROW: memory peek not in preflight
       Local constraints hit (4 unique):
         - MemoryWrite@mem.zir:100
           cycle=19034, step=2380, pc=0x002032C8, major=3, minor=1
         - MemoryWrite@mem.zir:99
           cycle=19034, step=2380, pc=0x002032C8, major=3, minor=1
         - VerifyOpcodeF3F7@inst.zir:102
           cycle=19034, step=2380, pc=0x002032C8, major=3, minor=1
         - VerifyOpcodeF3F7@inst.zir:103
           cycle=19034, step=2380, pc=0x002032C8, major=3, minor=1
       Global: memory permutation violated
         0x00200328 (data): unexpected write 0x00000000 (cycle 38045)
         0xFFFF0180 (data): expected write missing, needed 0x00000000 (cycle 38045)
       Global: cycle lookup violated (3 indices broken)
         index 0: 2254 provides, 1 uses (imbalanced)
         index 22: 84 provides, 1 uses (imbalanced)
         index 23: 184 provides, 1 uses (imbalanced)
  [489] ✓ INSTR_TYPE_MOD @ step 2468: 6 failures, 4115ms, outcome: REJECTED, exit: 101 [proof:GENERATED] G=memory
       r=0.012  T_new=0.00 F_new=0.95 F_rare=1.00 U=0 Q=0.03 Q_l=0.14 Q_g=0.19 dl=6 dg=10
       Value: 0x00020004 -> 0x00020002
       Original: JalR [major=2, minor=4]
       Mutated:  BgeU [major=2, minor=2]
       zkVM errors (3 lines):
         • [prover_impl.rs:280] verify segment (internal proof verification failed)
         • [ffi.cpp:113] address mismatch at cycle 19123: preflight=0x0008156a, actual=0x0008178f
         • [kernels/cxx/buffers.h:43] SKIP THROW: Inconsistent set
       Local constraints hit (4 unique):
         - MemoryWrite@mem.zir:100
           cycle=19122, step=2468, pc=0x002055A8, major=2, minor=2
         - MemoryWrite@mem.zir:99 (x3)
           cycle=19122, step=2468, pc=0x002055A8, major=2, minor=2
         - VerifyOpcodeF3@inst.zir:96
           cycle=19122, step=2468, pc=0x002055A8, major=2, minor=2
         - VerifyOpcodeF3@inst.zir:97
           cycle=19122, step=2468, pc=0x002055A8, major=2, minor=2
       Global: memory permutation violated (12 addrs: 12 code)
         + 12 code addresses diverged (instruction fetch cascade)
  [490] ✓ INSTR_TYPE_MOD @ step 509: 2 failures, 4165ms, outcome: REJECTED, exit: 101 [proof:GENERATED] G=memory
       r=0.154  T_new=0.00 F_new=0.63 F_rare=1.00 U=0 Q=0.37 Q_l=0.51 Q_g=0.72 dl=2 dg=2
       Value: 0x00020002 -> 0x00040005
       Original: BgeU [major=2, minor=2]
       Mutated:  DivU [major=4, minor=5]
       zkVM errors (3 lines):
         • [prover_impl.rs:280] verify segment (internal proof verification failed)
         • [ffi.cpp:113] address mismatch at cycle 17106: preflight=0x3fffc060, actual=0x3fffc028
         • [kernels/cxx/ffi.cpp:208] SKIP THROW: memory peek not in preflight
       Local constraints hit (2 unique):
         - VerifyOpcodeF3F7@inst.zir:102
           cycle=17106, step=509, pc=0x0020616C, major=4, minor=5
         - VerifyOpcodeF3F7@inst.zir:103
           cycle=17106, step=509, pc=0x0020616C, major=4, minor=5
       Global: memory permutation violated
         x8/s0: expected write missing, needed 0x00000000 (cycle 34207)
         0xFFFF0180 (data): unexpected write 0x00000000 (cycle 34207)
  [491] ✓ INSTR_TYPE_MOD @ step 3804: 4 failures, 4100ms, outcome: REJECTED, exit: 101 [proof:GENERATED]
       r=0.026  T_new=0.00 F_new=0.00 F_rare=0.35 U=0 Q=0.26 Q_l=0.26 Q_g=1.00 dl=4 dg=0
       Value: 0x00000007 -> 0x00000005
       Original: AddI [major=0, minor=7]
       Mutated:  Slt [major=0, minor=5]
       zkVM errors (1 lines):
         • [prover_impl.rs:280] verify segment (internal proof verification failed)
       Local constraints hit (4 unique):
         - MemoryWrite@mem.zir:100
           cycle=20680, step=3804, pc=0xC0000550, major=0, minor=5
         - MemoryWrite@mem.zir:99
           cycle=20680, step=3804, pc=0xC0000550, major=0, minor=5
         - VerifyOpcodeF3F7@inst.zir:102
           cycle=20680, step=3804, pc=0xC0000550, major=0, minor=5
         - VerifyOpcodeF3F7@inst.zir:103
           cycle=20680, step=3804, pc=0xC0000550, major=0, minor=5
       Global: no permutation/lookup violations (local-only)
  [492] ✓ INSTR_TYPE_MOD @ step 0: 5 failures, 4228ms, outcome: REJECTED, exit: 101 [proof:GENERATED] [+1 touch] G=memory|cycle
       r=0.045  T_new=0.03 F_new=0.63 F_rare=1.00 U=0 Q=0.11 Q_l=0.19 Q_g=0.61 dl=5 dg=3
       Value: 0x00020006 -> 0x00020000
       Original: Auipc [major=2, minor=6]
       Mutated:  Bge [major=2, minor=0]
       zkVM errors (3 lines):
         • [prover_impl.rs:280] verify segment (internal proof verification failed)
         • [ffi.cpp:113] address mismatch at cycle 0: preflight=0x44000000, actual=0x00000000
         • [kernels/cxx/ffi.cpp:208] SKIP THROW: memory peek not in preflight
       Local constraints hit (5 unique):
         - AddrDecompose@u32.zir:67
           cycle=0, step=0, pc=0x00000000, major=2, minor=0
         - ControlLoadRootAndNonce@inst_control.zir:23
           cycle=1, step=0, pc=0x00000000, major=7, minor=0
         - MiscInput@inst_misc.zir:7
           cycle=0, step=0, pc=0x00000000, major=2, minor=0
         - VerifyOpcodeF3@inst.zir:96
           cycle=0, step=0, pc=0x00000000, major=2, minor=0
         - VerifyOpcodeF3@inst.zir:97
           cycle=0, step=0, pc=0x00000000, major=2, minor=0
       Global: memory permutation violated
         0xFFFF0100 (data): expected write missing, needed 0x00000000 (cycle 0)
       Global: cycle lookup violated (2 indices broken)
         index 0: 2256 provides, 1 uses (imbalanced)
         index 2013265920: orphan provide (2 entries, no matching use)
  [493] ✓ INSTR_TYPE_MOD @ step 3928: 1 failures, 4142ms, outcome: REJECTED, exit: 101 [proof:GENERATED]
       r=0.079  T_new=0.00 F_new=0.00 F_rare=0.45 U=0 Q=0.72 Q_l=0.72 Q_g=1.00 dl=1 dg=0
       Value: 0x00000007 -> 0x00010004
       Original: AddI [major=0, minor=7]
       Mutated:  SltIU [major=1, minor=4]
       zkVM errors (1 lines):
         • [prover_impl.rs:280] verify segment (internal proof verification failed)
       Local constraints hit (1 unique):
         - VerifyOpcodeF3@inst.zir:97
           cycle=20878, step=3928, pc=0xC00000F8, major=1, minor=4
       Global: no permutation/lookup violations (local-only)
  [494] ✓ INSTR_WORD_MOD_SUR @ step 3455: 2 failures, 4087ms, outcome: REJECTED, exit: 101 [proof:GENERATED] G=memory
       r=0.131  T_new=0.00 F_new=0.78 F_rare=1.00 U=0 Q=0.31 Q_l=0.51 Q_g=0.61 dl=2 dg=3
       Value: 0x00058493 -> 0x8BD58493
       Surgical: imm = 0 -> 2237
       Original: ADDI x9, x11, 0
       Mutated:  ADDI x9, x11, -1859
       zkVM errors (3 lines):
         • [prover_impl.rs:280] verify segment (internal proof verification failed)
         • [ffi.cpp:113] address mismatch at cycle 20257: preflight=0x3fffc020, actual=0x3fffc03d
         • [kernels/cxx/ffi.cpp:208] SKIP THROW: memory peek not in preflight
       Local constraints hit (2 unique):
         - MemoryWrite@mem.zir:100
           cycle=20257, step=3455, pc=0x00205370, major=0, minor=7
         - MemoryWrite@mem.zir:99
           cycle=20257, step=3455, pc=0x00205370, major=0, minor=7
       Global: memory permutation violated
         x0/zero: unexpected write 0x00000000 (cycle 40502)
         x29/t4: expected write missing, needed 0x00000000 (cycle 40502)
         0x0020536C (code): wrote 0x00058493, expected 0x8bd58493 (cycle 39208)
  [495] ✓ INSTR_TYPE_MOD @ step 1141: 5 failures, 4117ms, outcome: REJECTED, exit: 101 [proof:GENERATED] [+6 touch]
       r=0.045  T_new=0.16 F_new=0.00 F_rare=0.71 U=0 Q=0.19 Q_l=0.19 Q_g=1.00 dl=5 dg=0
       Value: 0x00000007 -> 0x00040005
       Original: AddI [major=0, minor=7]
       Mutated:  DivU [major=4, minor=5]
       zkVM errors (1 lines):
         • [prover_impl.rs:280] verify segment (internal proof verification failed)
       Local constraints hit (5 unique):
         - MemoryWrite@mem.zir:100
           cycle=17785, step=1141, pc=0x0020B950, major=4, minor=5
         - MemoryWrite@mem.zir:99
           cycle=17785, step=1141, pc=0x0020B950, major=4, minor=5
         - VerifyOpcodeF3F7@inst.zir:102
           cycle=17785, step=1141, pc=0x0020B950, major=4, minor=5
         - VerifyOpcodeF3F7@inst.zir:103
           cycle=17785, step=1141, pc=0x0020B950, major=4, minor=5
         - VerifyOpcodeF3F7@inst.zir:104
           cycle=17785, step=1141, pc=0x0020B950, major=4, minor=5
       Global: no permutation/lookup violations (local-only)
  [496] ✓ MEM_VAL_MOD @ step 1845: 2 failures, 4152ms, outcome: REJECTED, exit: 101 [proof:GENERATED] G=memory
       r=0.104  T_new=0.00 F_new=0.39 F_rare=0.61 U=0 Q=0.43 Q_l=0.51 Q_g=0.85 dl=2 dg=1
       Value: 0x0021A0F3 -> 0x00000200
       Transaction: load_mem_read (WRITE) at address 0xffff0028
       zkVM errors (1 lines):
         • [prover_impl.rs:280] verify segment (internal proof verification failed)
       Local constraints hit (2 unique):
         - MemoryWrite@mem.zir:100
           cycle=18489, step=1845, pc=0xC000013C, major=5, minor=2
         - MemoryWrite@mem.zir:99
           cycle=18489, step=1845, pc=0xC000013C, major=5, minor=2
       Global: memory permutation violated
         0xFFFF0028 (data): wrote 0x00000200, expected 0x0021a0f3 (cycle 36979)
  [497] ✓ INSTR_TYPE_MOD @ step 2629: 45 failures, 4180ms, outcome: REJECTED, exit: 101 [proof:GENERATED] G=memory
       r=0.001  T_new=0.00 F_new=0.99 F_rare=1.00 U=0 Q=0.00 Q_l=0.02 Q_g=0.19 dl=12 dg=10
       Value: 0x00010004 -> 0x00010007
       Original: SltIU [major=1, minor=4]
       Mutated:  Blt [major=1, minor=7]
       zkVM errors (3 lines):
         • [prover_impl.rs:280] verify segment (internal proof verification failed)
         • [ffi.cpp:113] address mismatch at cycle 19357: preflight=0x3fffc02e, actual=0x3fffc060
         • [kernels/cxx/ffi.cpp:208] SKIP THROW: memory peek not in preflight
       Local constraints hit (4 unique):
         - DecodeInst@inst.zir:29 (x42)
           cycle=19358, step=2630, pc=0x00203304, major=0, minor=3
         - MemoryWrite@mem.zir:99
           cycle=19399, step=2671, pc=0x0020530C, major=2, minor=4
         - VerifyOpcodeF3@inst.zir:96
           cycle=19357, step=2629, pc=0x00203300, major=1, minor=7
         - VerifyOpcodeF3@inst.zir:97
           cycle=19357, step=2629, pc=0x00203300, major=1, minor=7
       Global: memory permutation violated (40 addrs: 1 register, 38 code, 1 data)
         x14/a4: unexpected write 0x30000000 (cycle 38652)
         0xFFFF0180 (data): expected write missing, needed 0x30000000 (cycle 38652)
         + 38 code addresses diverged (instruction fetch cascade)
  [498] ✓ INSTR_WORD_MOD_SUR @ step 903: 1 failures, 4153ms, outcome: REJECTED, exit: 101 [proof:GENERATED] G=memory
       r=0.154  T_new=0.00 F_new=0.39 F_rare=0.68 U=0 Q=0.61 Q_l=0.72 Q_g=0.85 dl=1 dg=1
       Value: 0x01422503 -> 0x01420503
       Surgical: funct3 = 2 -> 0
       Original: LW x10, 20(x4)
       Mutated:  LB x10, 20(x4)
       zkVM errors (1 lines):
         • [prover_impl.rs:280] verify segment (internal proof verification failed)
       Local constraints hit (1 unique):
         - VerifyOpcodeF3@inst.zir:97
           cycle=17530, step=903, pc=0xC0000074, major=5, minor=2
       Global: memory permutation violated
         0xC0000070 (data): wrote 0x01422503, expected 0x01420503 (cycle 34892)
  [499] ✓ INSTR_TYPE_MOD @ step 3341: 4 failures, 4038ms, outcome: REJECTED, exit: 101 [proof:GENERATED]
       r=0.021  T_new=0.00 F_new=0.00 F_rare=0.32 U=0 Q=0.26 Q_l=0.26 Q_g=1.00 dl=4 dg=0
       Value: 0x00000007 -> 0x00000001
       Original: AddI [major=0, minor=7]
       Mutated:  Sub [major=0, minor=1]
       zkVM errors (1 lines):
         • [prover_impl.rs:280] verify segment (internal proof verification failed)
       Local constraints hit (4 unique):
         - MemoryWrite@mem.zir:100
           cycle=20143, step=3341, pc=0x00203444, major=0, minor=1
         - MemoryWrite@mem.zir:99
           cycle=20143, step=3341, pc=0x00203444, major=0, minor=1
         - VerifyOpcodeF3F7@inst.zir:102
           cycle=20143, step=3341, pc=0x00203444, major=0, minor=1
         - VerifyOpcodeF3F7@inst.zir:104
           cycle=20143, step=3341, pc=0x00203444, major=0, minor=1
       Global: no permutation/lookup violations (local-only)
  [500] ✓ INSTR_TYPE_MOD @ step 2704: 5 failures, 4200ms, outcome: REJECTED, exit: 101 [proof:GENERATED] G=memory|cycle
       r=0.036  T_new=0.00 F_new=0.86 F_rare=1.00 U=0 Q=0.08 Q_l=0.19 Q_g=0.43 dl=5 dg=5
       Value: 0x00060002 -> 0x00000000
       Original: Sw [major=6, minor=2]
       Mutated:  Add [major=0, minor=0]
       zkVM errors (3 lines):
         • [prover_impl.rs:280] verify segment (internal proof verification failed)
         • [ffi.cpp:113] address mismatch at cycle 19432: preflight=0x000800e9, actual=0x3fffc024
         • [kernels/cxx/ffi.cpp:208] SKIP THROW: memory peek not in preflight
       Local constraints hit (5 unique):
         - MemoryWrite@mem.zir:100
           cycle=19432, step=2704, pc=0x0020163C, major=0, minor=0
         - MemoryWrite@mem.zir:99
           cycle=19432, step=2704, pc=0x0020163C, major=0, minor=0
         - VerifyOpcodeF3F7@inst.zir:102
           cycle=19432, step=2704, pc=0x0020163C, major=0, minor=0
         - VerifyOpcodeF3F7@inst.zir:103
           cycle=19432, step=2704, pc=0x0020163C, major=0, minor=0
         - VerifyOpcodeF3F7@inst.zir:104
           cycle=19432, step=2704, pc=0x0020163C, major=0, minor=0
       Global: memory permutation violated
         0x002003A4 (data): unexpected write 0x17e32f5a (cycle 38762)
         x4/tp: expected write missing, needed 0x17e32f5a (cycle 38762)
       Global: cycle lookup violated (3 indices broken)
         index 0: 2254 provides, 1 uses (imbalanced)
         index 101: 11 provides, 1 uses (imbalanced)
         index 102: 8 provides, 1 uses (imbalanced)

============================================================
Campaign Summary
============================================================
Total mutations:     500
Successful (caused failures): 488
Skipped (no valid target):    0
Total failures:      1897
Unique constraints:  34
New coverage:        34
New touch:           3160
Distinct touched:    3160

Global Constraint Summary:
  Mutations with global violations: 371
  Global-only (no local failures):  26
  Local-only (no global violations):127
Execution time:      2067505ms

Outcome breakdown:
  REJECTED (mutation detected): 488
  CRASH (segfault, etc.):       12
  NO_EFFECT:                    0
  ACCEPTED (BUG!):              0 
  SKIPPED:                      0

Mutations by kind:
  COMP_OUT_MOD: 10
  INSTR_TYPE_MOD: 308
  INSTR_WORD_MOD_FULL: 23
  INSTR_WORD_MOD_SUR: 33
  LOAD_VAL_MOD: 13
  MEM_VAL_MOD: 49
  PRE_EXEC_REG_MOD: 54
  STORE_OUT_MOD: 10
[run_campaign_pos] campaign rc=0
[run_campaign_pos] EXIT trap firing, rc=0
