[run_campaign_pos] node=octorand  run_id=pos_audit_b11_kindUCB_zoned_v1_seed999_n500
[run_campaign_pos] params: strat=kindUCB_zoned_v1 seed=999 num=500 b_count=16
[run_campaign_pos] host_args: --in1 5 --in4 10
[run_campaign_pos] WORK=/root/a4_campaign REPO=/root/a4_campaign/repo HOST=/root/a4_campaign/bin/risc0-host
[run_campaign_pos] expected host sha: 6873e5887dd98a84885ebe0dfb88ae2b05b113810b76ca586d9a7a19805cc444
[run_campaign_pos] actual   host sha: 6873e5887dd98a84885ebe0dfb88ae2b05b113810b76ca586d9a7a19805cc444
[run_campaign_pos] python: /usr/bin/python3 (Python 3.13.5)
[run_campaign_pos] mapping strategy 'kindUCB_zoned_v1' -> selector 'kindUCB_zoned_v1'
[run_campaign_pos] command: /usr/bin/python3 -m a4.standalone.cli fuzz --host /root/a4_campaign/bin/risc0-host --selector kindUCB_zoned_v1 --num 500 --seed 999 --db /root/results_pos_audit_b11_kindUCB_zoned_v1_seed999_n500/pos_audit_b11_kindUCB_zoned_v1_seed999_n500.db --telemetry-level full --debug-bandit-trace /root/results_pos_audit_b11_kindUCB_zoned_v1_seed999_n500/pos_audit_b11_kindUCB_zoned_v1_seed999_n500.bandit_trace.jsonl -- --in1 5 --in4 10
A4 Standalone Fuzzer
============================================================
Running inspection on /root/a4_campaign/bin/risc0-host...
  Args: --in1 5 --in4 10
Inspection Data Summary:
  Total cycles: 32768
  Total steps: 3930
  Total transactions: 34724
    - Register transactions: 8780
    - Memory transactions: 25944
  Cycles by major category:
    MISC0: 1386
    MISC1: 442
    MISC2: 664
    MUL0: 100
    DIV0: 23
    MEM0 (load): 680
    MEM1 (store): 596
    CONTROL0: 9641
    ECALL0: 87
    POSEIDON0: 2486
    POSEIDON1: 16371
    SHA0: 292

Starting campaign 1
  Mutations: 500
  Kind: all
  Seed: 999


--- V2 BANDIT SETUP (kindUCB_zoned_v1) ---
  Baseline: 1599 bitmap buckets
--- V2 BANDIT READY (8 arms, budget 500) ---

  [1] ✓ LOAD_VAL_MOD @ step 935: 2 failures, 2961ms, outcome: REJECTED, exit: 101 [proof:GENERATED] [+2 new] [+1599 touch] G=memory
       r=0.200  T_new=0.00 F_new=0.78 F_rare=1.00 U=0 Q=0.43 Q_l=0.51 Q_g=0.85 dl=2 dg=1
       Value: 0x00000001 -> 0x80000000
       Load destination: rd = x8 (s0/fp)
       zkVM errors (1 lines):
         • [prover_impl.rs:280] verify segment (internal proof verification failed)
       Local constraints hit (2 unique):
         - MemoryWrite@mem.zir:100
           cycle=17568, step=935, pc=0x002031F0, major=5, minor=2
         - MemoryWrite@mem.zir:99
           cycle=17568, step=935, pc=0x002031F0, major=5, minor=2
       Global: memory permutation violated
         x8/s0: wrote 0x80000000, expected 0x00000001 (cycle 35137)
  [2] ✓ INSTR_WORD_MOD_SUR @ step 260: 1 failures, 2958ms, outcome: REJECTED, exit: 101 [proof:GENERATED] [+1 new] G=memory
       r=0.254  T_new=0.00 F_new=0.63 F_rare=1.00 U=0 Q=0.61 Q_l=0.72 Q_g=0.85 dl=1 dg=1
       Value: 0x00261313 -> 0x0026137D
       Surgical: opcode = 19 -> 125
       Original: SLLI x6, x12, 2
       Mutated:  UNKNOWN 0x0026137d
       zkVM errors (1 lines):
         • [prover_impl.rs:280] verify segment (internal proof verification failed)
       Local constraints hit (1 unique):
         - VerifyOpcodeF3F7@inst.zir:102
           cycle=16839, step=260, pc=0x00206134, major=3, minor=1
       Global: memory permutation violated
         0x00206130 (code): wrote 0x00261313, expected 0x0026137d (cycle 17866)
  [3] ✓ MEM_VAL_MOD @ step 2191: 4 failures, 2942ms, outcome: REJECTED, exit: 101 [proof:GENERATED] [+2 new] G=memory
       r=0.100  T_new=0.00 F_new=0.78 F_rare=1.00 U=0 Q=0.22 Q_l=0.26 Q_g=0.85 dl=4 dg=1
       Value: 0x00221488 -> 0x7D9510A7
       Transaction: load_mem_read (READ) at address 0x002001d4
       zkVM errors (1 lines):
         • [prover_impl.rs:280] verify segment (internal proof verification failed)
       Local constraints hit (4 unique):
         - IsRead@mem.zir:79
           cycle=18845, step=2191, pc=0x00206884, major=5, minor=2
         - IsRead@mem.zir:80
           cycle=18845, step=2191, pc=0x00206884, major=5, minor=2
         - MemoryWrite@mem.zir:100
           cycle=18845, step=2191, pc=0x00206884, major=5, minor=2
         - MemoryWrite@mem.zir:99
           cycle=18845, step=2191, pc=0x00206884, major=5, minor=2
       Global: memory permutation violated
         0x002001D4 (data): wrote 0x7d9510a7, expected 0x00221488 (cycle 37690)
  [4] ✓ INSTR_WORD_MOD_FULL @ step 3929: 2 failures, 2979ms, outcome: REJECTED, exit: 101 [proof:GENERATED] [+2 new] G=memory
       r=0.193  T_new=0.00 F_new=0.78 F_rare=1.00 U=0 Q=0.43 Q_l=0.51 Q_g=0.85 dl=2 dg=1
       Value: 0x00000073 -> 0x1DD6D7EF
       Original: ECALL x0, x0, 0
       Mutated:  JAL x15, 448988
       Format changed: I -> J
       zkVM errors (1 lines):
         • [prover_impl.rs:280] verify segment (internal proof verification failed)
       Local constraints hit (2 unique):
         - MachineECall@inst_ecall.zir:28
           cycle=20879, step=3929, pc=0xC00000F8, major=8, minor=0
         - MachineECall@inst_ecall.zir:29
           cycle=20879, step=3929, pc=0xC00000F8, major=8, minor=0
       Global: memory permutation violated
         0xC00000F8 (data): wrote 0x00000073, expected 0x1dd6d7ef (cycle 30062)
  [5] ✓ INSTR_TYPE_MOD @ step 2781: 4 failures, 2988ms, outcome: REJECTED, exit: 101 [proof:GENERATED] [+2 new] G=memory|cycle
       r=0.056  T_new=0.00 F_new=0.99 F_rare=1.00 U=0 Q=0.11 Q_l=0.26 Q_g=0.43 dl=4 dg=5
       Value: 0x00060002 -> 0x00040002
       Original: Sw [major=6, minor=2]
       Mutated:  SrlI [major=4, minor=2]
       zkVM errors (3 lines):
         • [prover_impl.rs:280] verify segment (internal proof verification failed)
         • [ffi.cpp:113] address mismatch at cycle 19509: preflight=0x00080096, actual=0x3fffc028
         • [kernels/cxx/ffi.cpp:208] SKIP THROW: memory peek not in preflight
       Local constraints hit (4 unique):
         - MemoryWrite@mem.zir:99
           cycle=19509, step=2781, pc=0x0020382C, major=4, minor=2
         - VerifyOpcodeF3F7@inst.zir:102
           cycle=19509, step=2781, pc=0x0020382C, major=4, minor=2
         - VerifyOpcodeF3F7@inst.zir:103
           cycle=19509, step=2781, pc=0x0020382C, major=4, minor=2
         - VerifyOpcodeF3F7@inst.zir:104
           cycle=19509, step=2781, pc=0x0020382C, major=4, minor=2
       Global: memory permutation violated
         0x00200258 (data): unexpected write 0x00000000 (cycle 4522)
         x8/s0: expected write missing, needed 0x00000000 (cycle 4522)
       Global: cycle lookup violated (3 indices broken)
         index 0: 2254 provides, 1 uses (imbalanced)
         index 34495: orphan use (1 entries, no matching provide)
         index 34496: 1 provides, 1 uses (imbalanced)
  [6] ✓ STORE_OUT_MOD @ step 3271: 1 failures, 3040ms, outcome: REJECTED, exit: 101 [proof:GENERATED] G=memory
       r=0.246  T_new=0.00 F_new=0.63 F_rare=1.00 U=0 Q=0.61 Q_l=0.72 Q_g=0.85 dl=1 dg=1
       Value: 0xB3FEEA77 -> 0xB3FFEA77
       Store address: 0x0022156c
       zkVM errors (1 lines):
         • [prover_impl.rs:280] verify segment (internal proof verification failed)
       Local constraints hit (1 unique):
         - MemoryWrite@mem.zir:100
           cycle=20073, step=3271, pc=0x0020342C, major=6, minor=2
       Global: memory permutation violated
         0x0022156C (code): wrote 0xb3ffea77, expected 0xb3feea77 (cycle 40147)
  [7] ✓ COMP_OUT_MOD @ step 2892: 2 failures, 2946ms, outcome: REJECTED, exit: 101 [proof:GENERATED] G=memory
       r=0.191  T_new=0.00 F_new=0.78 F_rare=1.00 U=0 Q=0.43 Q_l=0.51 Q_g=0.85 dl=2 dg=1
       Value: 0x00201388 -> 0x7FFEEEF3
       Destination: rd = x1 (ra)
       zkVM errors (1 lines):
         • [prover_impl.rs:280] verify segment (internal proof verification failed)
       Local constraints hit (2 unique):
         - MemoryWrite@mem.zir:100
           cycle=19620, step=2892, pc=0x0020538C, major=2, minor=6
         - MemoryWrite@mem.zir:99
           cycle=19620, step=2892, pc=0x0020538C, major=2, minor=6
       Global: memory permutation violated
         x1/ra: wrote 0x7ffeeef3, expected 0x00201388 (cycle 39241)
  [8] ✓ PRE_EXEC_REG_MOD @ step 2811: 4 failures, 2994ms, outcome: REJECTED, exit: 101 [proof:GENERATED] G=memory
       r=0.102  T_new=0.00 F_new=0.86 F_rare=1.00 U=0 Q=0.22 Q_l=0.26 Q_g=0.85 dl=4 dg=1
       Value: 0x17E32F5A -> 0xE89CD0A5
       Register: x12 (a2), READ, strategy=next_read
       zkVM errors (1 lines):
         • [prover_impl.rs:280] verify segment (internal proof verification failed)
       Local constraints hit (4 unique):
         - IsRead@mem.zir:79
           cycle=19539, step=2811, pc=0x00203B5C, major=6, minor=2
         - IsRead@mem.zir:80
           cycle=19539, step=2811, pc=0x00203B5C, major=6, minor=2
         - MemoryWrite@mem.zir:100
           cycle=19539, step=2811, pc=0x00203B5C, major=6, minor=2
         - MemoryWrite@mem.zir:99
           cycle=19539, step=2811, pc=0x00203B5C, major=6, minor=2
       Global: memory permutation violated
         x12/a2: wrote 0xe89cd0a5, expected 0x17e32f5a (cycle 39078)
  [9] ✓ INSTR_WORD_MOD_SUR @ step 3929: 1 failures, 2926ms, outcome: REJECTED, exit: 101 [proof:GENERATED] G=memory
       r=0.189  T_new=0.00 F_new=0.39 F_rare=0.85 U=0 Q=0.61 Q_l=0.72 Q_g=0.85 dl=1 dg=1
       Value: 0x00000073 -> 0x00002073
       Surgical: funct3 = 0 -> 2
       Original: ECALL x0, x0, 0
       Mutated:  SYSTEM.2 x0, x0, 0
       zkVM errors (1 lines):
         • [prover_impl.rs:280] verify segment (internal proof verification failed)
       Local constraints hit (1 unique):
         - MachineECall@inst_ecall.zir:29
           cycle=20879, step=3929, pc=0xC00000F8, major=8, minor=0
       Global: memory permutation violated
         0xC00000F8 (data): wrote 0x00000073, expected 0x00002073 (cycle 30062)
  [10] ✓ STORE_OUT_MOD @ step 2827: 2 failures, 2951ms, outcome: REJECTED, exit: 101 [proof:GENERATED] G=memory
       r=0.135  T_new=0.00 F_new=0.39 F_rare=0.85 U=0 Q=0.43 Q_l=0.51 Q_g=0.85 dl=2 dg=1
       Value: 0x00000000 -> 0x3020F69D
       Store address: 0x002002a4
       zkVM errors (1 lines):
         • [prover_impl.rs:280] verify segment (internal proof verification failed)
       Local constraints hit (2 unique):
         - MemoryWrite@mem.zir:100
           cycle=19555, step=2827, pc=0x00203B9C, major=6, minor=2
         - MemoryWrite@mem.zir:99
           cycle=19555, step=2827, pc=0x00203B9C, major=6, minor=2
       Global: memory permutation violated
         0x002002A4 (data): wrote 0x3020f69d, expected 0x00000000 (cycle 39111)
  [11] ✓ LOAD_VAL_MOD @ step 1489: 2 failures, 2963ms, outcome: REJECTED, exit: 101 [proof:GENERATED] G=memory
       r=0.189  T_new=0.00 F_new=0.78 F_rare=1.00 U=0 Q=0.43 Q_l=0.51 Q_g=0.85 dl=2 dg=1
       Value: 0x00000005 -> 0x80000000
       Load destination: rd = x13 (a3)
       zkVM errors (1 lines):
         • [prover_impl.rs:280] verify segment (internal proof verification failed)
       Local constraints hit (2 unique):
         - MemoryWrite@mem.zir:100
           cycle=18133, step=1489, pc=0x002184C0, major=5, minor=3
         - MemoryWrite@mem.zir:99
           cycle=18133, step=1489, pc=0x002184C0, major=5, minor=3
       Global: memory permutation violated
         x13/a3: wrote 0x80000000, expected 0x00000005 (cycle 36267)
  [12] ✓ INSTR_WORD_MOD_FULL @ step 3177: 1 failures, 2933ms, outcome: REJECTED, exit: 101 [proof:GENERATED] G=memory
       r=0.066  T_new=0.00 F_new=1.00 F_rare=1.00 U=0 Q=0.14 Q_l=0.72 Q_g=0.19 dl=1 dg=10
       Value: 0x00008067 -> 0x02008067
       Original: JALR x0, x1, 0
       Mutated:  JALR x0, x1, 32
       zkVM errors (3 lines):
         • [prover_impl.rs:280] verify segment (internal proof verification failed)
         • [ffi.cpp:113] address mismatch at cycle 19980: preflight=0x00081518, actual=0x00081520
         • [kernels/cxx/buffers.h:43] SKIP THROW: Inconsistent set
       Local constraints hit (1 unique):
         - MemoryWrite@mem.zir:99
           cycle=19987, step=3185, pc=0x00204B28, major=2, minor=4
       Global: memory permutation violated (17 addrs: 17 code)
         + 17 code addresses diverged (instruction fetch cascade)
  [13] ✓ COMP_OUT_MOD @ step 3370: 2 failures, 2982ms, outcome: REJECTED, exit: 101 [proof:GENERATED] G=memory
       r=0.174  T_new=0.00 F_new=0.63 F_rare=1.00 U=0 Q=0.43 Q_l=0.51 Q_g=0.85 dl=2 dg=1
       Value: 0x00204C3C -> 0xBFDBABC7
       Destination: rd = x1 (ra)
       zkVM errors (1 lines):
         • [prover_impl.rs:280] verify segment (internal proof verification failed)
       Local constraints hit (2 unique):
         - MemoryWrite@mem.zir:100
           cycle=20172, step=3370, pc=0x002052DC, major=2, minor=4
         - MemoryWrite@mem.zir:99
           cycle=20172, step=3370, pc=0x002052DC, major=2, minor=4
       Global: memory permutation violated
         x1/ra: wrote 0xbfdbabc7, expected 0x00204c3c (cycle 40345)
  [14] ✓ PRE_EXEC_REG_MOD @ step 2893: 4 failures, 3028ms, outcome: REJECTED, exit: 101 [proof:GENERATED] G=memory
       r=0.075  T_new=0.00 F_new=0.92 F_rare=1.00 U=0 Q=0.16 Q_l=0.26 Q_g=0.61 dl=4 dg=3
       Value: 0x00201388 -> 0x01000000
       Register: x1 (ra), READ, strategy=next_read
       zkVM errors (3 lines):
         • [prover_impl.rs:280] verify segment (internal proof verification failed)
         • [ffi.cpp:113] address mismatch at cycle 19622: preflight=0x000803bd, actual=0x003ffedb
         • [kernels/cxx/buffers.h:43] SKIP THROW: Inconsistent set
       Local constraints hit (4 unique):
         - IsRead@mem.zir:79
           cycle=19621, step=2893, pc=0x00200EF4, major=2, minor=4
         - IsRead@mem.zir:80
           cycle=19621, step=2893, pc=0x00200EF4, major=2, minor=4
         - MemoryWrite@mem.zir:100
           cycle=19622, step=2894, pc=0x00205390, major=2, minor=4
         - MemoryWrite@mem.zir:99
           cycle=19622, step=2894, pc=0x00205390, major=2, minor=4
       Global: memory permutation violated
         0x00FFFB6C (data): expected write missing, needed 0x00008067 (cycle 38194)
         x1/ra: wrote 0x01000000, expected 0x00201388 (cycle 39242)
         0x00200EF4 (code): unexpected write 0x00008067 (cycle 38194)
  [15] ✓ MEM_VAL_MOD @ step 381: 15 failures, 2943ms, outcome: REJECTED, exit: 101 [proof:GENERATED] [+3 new] G=memory
       r=0.002  T_new=0.00 F_new=1.00 F_rare=1.00 U=0 Q=0.00 Q_l=0.02 Q_g=0.19 dl=12 dg=10
       Value: 0x00008067 -> 0xFFFF7F98
       Transaction: other_mem_read (READ) at address 0x002061c0
       zkVM errors (3 lines):
         • [prover_impl.rs:280] verify segment (internal proof verification failed)
         • [ffi.cpp:113] address mismatch at cycle 16972: preflight=0x3fffc021, actual=0x3fffc03e
         • [kernels/cxx/ffi.cpp:208] SKIP THROW: memory peek not in preflight
       Local constraints hit (6 unique):
         - DecodeInst@inst.zir:29 (x10)
           cycle=16973, step=382, pc=0x002031BC, major=3, minor=1
         - IsRead@mem.zir:79
           cycle=16972, step=381, pc=0x002031B8, major=2, minor=4
         - IsRead@mem.zir:80
           cycle=16972, step=381, pc=0x002031B8, major=2, minor=4
         - MemoryWrite@mem.zir:99
           cycle=16982, step=391, pc=0x00200890, major=2, minor=4
         - VerifyOpcodeF3@inst.zir:96
           cycle=16972, step=381, pc=0x002031B8, major=2, minor=4
         - VerifyOpcodeF3@inst.zir:97
           cycle=16972, step=381, pc=0x002031B8, major=2, minor=4
       Global: memory permutation violated (18 addrs: 4 register, 13 code, 1 data)
         x0/zero: unexpected write 0x00000000 (cycle 33942)
         x1/ra: unexpected write 0x002031b8 (cycle 33847)
         x30/t5: expected write missing, needed 0x002031b8 (cycle 33847)
         + 13 code addresses diverged (instruction fetch cascade)
         + 2 more addresses
  [16] ✓ INSTR_WORD_MOD_SUR @ step 1064: 1 failures, 2936ms, outcome: REJECTED, exit: 101 [proof:GENERATED] G=memory
       r=0.242  T_new=0.00 F_new=0.63 F_rare=1.00 U=0 Q=0.61 Q_l=0.72 Q_g=0.85 dl=1 dg=1
       Value: 0x07660613 -> 0x0766063B
       Surgical: opcode = 19 -> 59
       Original: ADDI x12, x12, 118
       Mutated:  UNKNOWN 0x0766063b
       zkVM errors (1 lines):
         • [prover_impl.rs:280] verify segment (internal proof verification failed)
       Local constraints hit (1 unique):
         - VerifyOpcodeF3@inst.zir:96
           cycle=17703, step=1064, pc=0x00206330, major=0, minor=7
       Global: memory permutation violated
         0x0020632C (code): wrote 0x07660613, expected 0x0766063b (cycle 18186)
  [17] ✓ LOAD_VAL_MOD @ step 3183: 2 failures, 2940ms, outcome: REJECTED, exit: 101 [proof:GENERATED] G=memory
       r=0.127  T_new=0.00 F_new=0.39 F_rare=0.79 U=0 Q=0.43 Q_l=0.51 Q_g=0.85 dl=2 dg=1
       Value: 0x00000000 -> 0x92290D1A
       Load destination: rd = x19 (s3)
       zkVM errors (1 lines):
         • [prover_impl.rs:280] verify segment (internal proof verification failed)
       Local constraints hit (2 unique):
         - MemoryWrite@mem.zir:100
           cycle=19985, step=3183, pc=0x00205478, major=5, minor=2
         - MemoryWrite@mem.zir:99
           cycle=19985, step=3183, pc=0x00205478, major=5, minor=2
       Global: memory permutation violated
         x19/s3: wrote 0x92290d1a, expected 0x00000000 (cycle 39971)
  [18] ✓ STORE_OUT_MOD @ step 2336: 2 failures, 2920ms, outcome: REJECTED, exit: 101 [proof:GENERATED] G=memory
       r=0.188  T_new=0.00 F_new=0.78 F_rare=1.00 U=0 Q=0.43 Q_l=0.51 Q_g=0.85 dl=2 dg=1
       Value: 0x00000080 -> 0xFFFFFF7F
       Store address: 0x0020030c
       zkVM errors (1 lines):
         • [prover_impl.rs:280] verify segment (internal proof verification failed)
       Local constraints hit (2 unique):
         - MemoryWrite@mem.zir:100
           cycle=18990, step=2336, pc=0x00203218, major=6, minor=0
         - MemoryWrite@mem.zir:99
           cycle=18990, step=2336, pc=0x00203218, major=6, minor=0
       Global: memory permutation violated
         0x0020030C (data): wrote 0xffffff7f, expected 0x00000080 (cycle 37981)
  [19] ✓ INSTR_TYPE_MOD @ step 2729: 3 failures, 2937ms, outcome: REJECTED, exit: 101 [proof:GENERATED]
       r=0.113  T_new=0.00 F_new=0.39 F_rare=0.85 U=0 Q=0.37 Q_l=0.37 Q_g=1.00 dl=3 dg=0
       Value: 0x00050002 -> 0x00050003
       Original: Lw [major=5, minor=2]
       Mutated:  LbU [major=5, minor=3]
       zkVM errors (1 lines):
         • [prover_impl.rs:280] verify segment (internal proof verification failed)
       Local constraints hit (3 unique):
         - MemoryWrite@mem.zir:100
           cycle=19457, step=2729, pc=0x002016B0, major=5, minor=3
         - MemoryWrite@mem.zir:99
           cycle=19457, step=2729, pc=0x002016B0, major=5, minor=3
         - VerifyOpcodeF3@inst.zir:97
           cycle=19457, step=2729, pc=0x002016B0, major=5, minor=3
       Global: no permutation/lookup violations (local-only)
  [20] ✓ COMP_OUT_MOD @ step 2112: 2 failures, 3130ms, outcome: REJECTED, exit: 101 [proof:GENERATED] G=memory
       r=0.187  T_new=0.00 F_new=0.78 F_rare=1.00 U=0 Q=0.43 Q_l=0.51 Q_g=0.85 dl=2 dg=1
       Value: 0x0021AE5A -> 0x40F2CFEA
       Destination: rd = x9 (s1)
       zkVM errors (1 lines):
         • [prover_impl.rs:280] verify segment (internal proof verification failed)
       Local constraints hit (2 unique):
         - MemoryWrite@mem.zir:100
           cycle=18766, step=2112, pc=0x0020251C, major=0, minor=7
         - MemoryWrite@mem.zir:99
           cycle=18766, step=2112, pc=0x0020251C, major=0, minor=7
       Global: memory permutation violated
         x9/s1: wrote 0x40f2cfea, expected 0x0021ae5a (cycle 37533)
  [21] ✓ INSTR_WORD_MOD_SUR @ step 3689: 1 failures, 2929ms, outcome: REJECTED, exit: 101 [proof:GENERATED] G=memory
       r=0.241  T_new=0.00 F_new=0.63 F_rare=1.00 U=0 Q=0.61 Q_l=0.72 Q_g=0.85 dl=1 dg=1
       Value: 0x00167593 -> 0x001675AA
       Surgical: opcode = 19 -> 42
       Original: ANDI x11, x12, 1
       Mutated:  UNKNOWN 0x001675aa
       zkVM errors (1 lines):
         • [prover_impl.rs:280] verify segment (internal proof verification failed)
       Local constraints hit (1 unique):
         - VerifyOpcodeF3@inst.zir:96
           cycle=20565, step=3689, pc=0x00203604, major=1, minor=2
       Global: memory permutation violated
         0x00203600 (code): wrote 0x00167593, expected 0x001675aa (cycle 10922)
  [22] ✓ INSTR_WORD_MOD_SUR @ step 3929: 1 failures, 2938ms, outcome: REJECTED, exit: 101 [proof:GENERATED] G=memory
       r=0.185  T_new=0.00 F_new=0.39 F_rare=0.85 U=0 Q=0.61 Q_l=0.72 Q_g=0.85 dl=1 dg=1
       Value: 0x00000073 -> 0x00030073
       Surgical: rs1 = 0 -> 6
       Original: ECALL x0, x0, 0
       Mutated:  ECALL x0, x6, 0
       zkVM errors (1 lines):
         • [prover_impl.rs:280] verify segment (internal proof verification failed)
       Local constraints hit (1 unique):
         - MachineECall@inst_ecall.zir:28
           cycle=20879, step=3929, pc=0xC00000F8, major=8, minor=0
       Global: memory permutation violated
         0xC00000F8 (data): wrote 0x00000073, expected 0x00030073 (cycle 30062)
  [23] ✓ STORE_OUT_MOD @ step 3057: 2 failures, 2944ms, outcome: REJECTED, exit: 101 [proof:GENERATED] G=memory
       r=0.133  T_new=0.00 F_new=0.39 F_rare=0.85 U=0 Q=0.43 Q_l=0.51 Q_g=0.85 dl=2 dg=1
       Value: 0x00000000 -> 0xA19CBA54
       Store address: 0x00221568
       zkVM errors (1 lines):
         • [prover_impl.rs:280] verify segment (internal proof verification failed)
       Local constraints hit (2 unique):
         - MemoryWrite@mem.zir:100
           cycle=19785, step=3057, pc=0x00203220, major=6, minor=0
         - MemoryWrite@mem.zir:99
           cycle=19785, step=3057, pc=0x00203220, major=6, minor=0
       Global: memory permutation violated
         0x00221568 (code): wrote 0xa19cba54, expected 0x00000000 (cycle 39571)
  [24] ✓ INSTR_WORD_MOD_FULL @ step 2457: 3 failures, 2927ms, outcome: REJECTED, exit: 101 [proof:GENERATED] G=memory
       r=0.075  T_new=0.00 F_new=0.95 F_rare=1.00 U=0 Q=0.16 Q_l=0.37 Q_g=0.43 dl=3 dg=5
       Value: 0xFFF70713 -> 0x2038F8EF
       Original: ADDI x14, x14, -1
       Mutated:  JAL x17, 588290
       Format changed: I -> J
       zkVM errors (3 lines):
         • [prover_impl.rs:280] verify segment (internal proof verification failed)
         • [ffi.cpp:113] address mismatch at cycle 19111: preflight=0x3fffc02e, actual=0x3fffc031
         • [kernels/cxx/ffi.cpp:208] SKIP THROW: memory peek not in preflight
       Local constraints hit (3 unique):
         - MemoryWrite@mem.zir:99
           cycle=19111, step=2457, pc=0x00205E14, major=0, minor=7
         - VerifyOpcodeF3@inst.zir:96
           cycle=19111, step=2457, pc=0x00205E14, major=0, minor=7
         - VerifyOpcodeF3@inst.zir:97
           cycle=19111, step=2457, pc=0x00205E14, major=0, minor=7
       Global: memory permutation violated
         x3/gp: expected write missing, needed 0x00000000 (cycle 38214)
         x14/a4: unexpected write 0x00000001 (cycle 38219)
         x17/a7: expected write missing, needed 0x00000001 (cycle 38219)
         x31/t6: unexpected write 0x00000000 (cycle 38214)
         0x00205E10 (code): wrote 0xfff70713, expected 0x2038f8ef (cycle 37566)
  [25] ✓ COMP_OUT_MOD @ step 1933: 2 failures, 2933ms, outcome: REJECTED, exit: 101 [proof:GENERATED] G=memory
       r=0.133  T_new=0.00 F_new=0.39 F_rare=0.85 U=0 Q=0.43 Q_l=0.51 Q_g=0.85 dl=2 dg=1
       Value: 0x0000000D -> 0x687FD747
       Destination: rd = x12 (a2)
       zkVM errors (1 lines):
         • [prover_impl.rs:280] verify segment (internal proof verification failed)
       Local constraints hit (2 unique):
         - MemoryWrite@mem.zir:100
           cycle=18582, step=1933, pc=0x002184D0, major=0, minor=7
         - MemoryWrite@mem.zir:99
           cycle=18582, step=1933, pc=0x002184D0, major=0, minor=7
       Global: memory permutation violated
         x12/a2: wrote 0x687fd747, expected 0x0000000d (cycle 37165)
  [26] ✓ LOAD_VAL_MOD @ step 2642: 2 failures, 3051ms, outcome: REJECTED, exit: 101 [proof:GENERATED] G=memory
       r=0.122  T_new=0.00 F_new=0.39 F_rare=0.75 U=0 Q=0.43 Q_l=0.51 Q_g=0.85 dl=2 dg=1
       Value: 0x98EAEBAF -> 0x01000000
       Load destination: rd = x5 (t0)
       zkVM errors (1 lines):
         • [prover_impl.rs:280] verify segment (internal proof verification failed)
       Local constraints hit (2 unique):
         - MemoryWrite@mem.zir:100
           cycle=19370, step=2642, pc=0x00203428, major=5, minor=2
         - MemoryWrite@mem.zir:99
           cycle=19370, step=2642, pc=0x00203428, major=5, minor=2
       Global: memory permutation violated
         x5/t0: wrote 0x01000000, expected 0x98eaebaf (cycle 38741)
  [27] ✓ INSTR_WORD_MOD_SUR @ step 311: 1 failures, 3002ms, outcome: REJECTED, exit: 101 [proof:GENERATED] G=memory
       r=0.185  T_new=0.00 F_new=0.39 F_rare=0.85 U=0 Q=0.61 Q_l=0.72 Q_g=0.85 dl=1 dg=1
       Value: 0x01010113 -> 0x01017113
       Surgical: funct3 = 0 -> 7
       Original: ADDI x2, x2, 16
       Mutated:  ANDI x2, x2, 16
       zkVM errors (1 lines):
         • [prover_impl.rs:280] verify segment (internal proof verification failed)
       Local constraints hit (1 unique):
         - VerifyOpcodeF3@inst.zir:97
           cycle=16896, step=311, pc=0x002031F8, major=0, minor=7
       Global: memory permutation violated
         0x002031F4 (code): wrote 0x01010113, expected 0x01017113 (cycle 10258)
  [28] ✓ PRE_EXEC_REG_MOD @ step 3381: 4 failures, 2976ms, outcome: REJECTED, exit: 101 [proof:GENERATED] G=memory
       r=0.096  T_new=0.00 F_new=0.78 F_rare=1.00 U=0 Q=0.22 Q_l=0.26 Q_g=0.85 dl=4 dg=1
       Value: 0x00000020 -> 0x132A306A
       Register: x24 (s8), READ, strategy=next_read
       zkVM errors (1 lines):
         • [prover_impl.rs:280] verify segment (internal proof verification failed)
       Local constraints hit (4 unique):
         - IsRead@mem.zir:79
           cycle=20183, step=3381, pc=0x00204C60, major=0, minor=7
         - IsRead@mem.zir:80
           cycle=20183, step=3381, pc=0x00204C60, major=0, minor=7
         - MemoryWrite@mem.zir:100
           cycle=20183, step=3381, pc=0x00204C60, major=0, minor=7
         - MemoryWrite@mem.zir:99
           cycle=20183, step=3381, pc=0x00204C60, major=0, minor=7
       Global: memory permutation violated
         x24/s8: wrote 0x132a306a, expected 0x00000020 (cycle 40366)
  [29] ✓ INSTR_TYPE_MOD @ step 3769: 4 failures, 2951ms, outcome: REJECTED, exit: 101 [proof:GENERATED]
       r=0.118  T_new=0.00 F_new=0.86 F_rare=1.00 U=0 Q=0.26 Q_l=0.26 Q_g=1.00 dl=4 dg=0
       Value: 0x00000007 -> 0x00000004
       Original: AddI [major=0, minor=7]
       Mutated:  And [major=0, minor=4]
       zkVM errors (1 lines):
         • [prover_impl.rs:280] verify segment (internal proof verification failed)
       Local constraints hit (4 unique):
         - MemoryWrite@mem.zir:100
           cycle=20645, step=3769, pc=0x00205804, major=0, minor=4
         - MemoryWrite@mem.zir:99
           cycle=20645, step=3769, pc=0x00205804, major=0, minor=4
         - VerifyOpcodeF3F7@inst.zir:102
           cycle=20645, step=3769, pc=0x00205804, major=0, minor=4
         - VerifyOpcodeF3F7@inst.zir:103
           cycle=20645, step=3769, pc=0x00205804, major=0, minor=4
       Global: no permutation/lookup violations (local-only)
  [30] ✓ STORE_OUT_MOD @ step 956: 2 failures, 2946ms, outcome: REJECTED, exit: 101 [proof:GENERATED] G=memory
       r=0.125  T_new=0.00 F_new=0.39 F_rare=0.79 U=0 Q=0.43 Q_l=0.51 Q_g=0.85 dl=2 dg=1
       Value: 0x00000001 -> 0xFFFFFFFE
       Store address: 0x00200358
       zkVM errors (1 lines):
         • [prover_impl.rs:280] verify segment (internal proof verification failed)
       Local constraints hit (2 unique):
         - MemoryWrite@mem.zir:100
           cycle=17589, step=956, pc=0x00203194, major=6, minor=2
         - MemoryWrite@mem.zir:99
           cycle=17589, step=956, pc=0x00203194, major=6, minor=2
       Global: memory permutation violated
         0x00200358 (data): wrote 0xfffffffe, expected 0x00000001 (cycle 35179)
  [31] ✓ INSTR_WORD_MOD_SUR @ step 3626: 0 failures, 2966ms, outcome: REJECTED, exit: 101 [proof:GENERATED] G=memory[GO]
       r=0.260  T_new=0.00 F_new=0.78 F_rare=1.00 U=0 Q=0.61 Q_l=1.00 Q_g=0.61 dl=0 dg=3
       Value: 0x00221637 -> 0x00221437
       Surgical: rd = 12 -> 8
       Original: LUI x12, 0x221000
       Mutated:  LUI x8, 0x221000
       zkVM errors (3 lines):
         • [prover_impl.rs:280] verify segment (internal proof verification failed)
         • [ffi.cpp:113] address mismatch at cycle 20502: preflight=0x3fffc02c, actual=0x3fffc028
         • [kernels/cxx/ffi.cpp:208] SKIP THROW: memory peek not in preflight
       Global: memory permutation violated [GLOBAL-ONLY]
         x8/s0: expected write missing, needed 0xc0000001 (cycle 41002)
         x12/a2: unexpected write 0xc0000001 (cycle 41002)
         0x00205E30 (code): wrote 0x00221637, expected 0x00221437 (cycle 40594)
  [32] ✓ COMP_OUT_MOD @ step 3123: 2 failures, 2942ms, outcome: REJECTED, exit: 101 [proof:GENERATED] G=memory
       r=0.121  T_new=0.00 F_new=0.39 F_rare=0.75 U=0 Q=0.43 Q_l=0.51 Q_g=0.85 dl=2 dg=1
       Value: 0x00000001 -> 0xFFFFFFFF
       Destination: rd = x14 (a4)
       zkVM errors (1 lines):
         • [prover_impl.rs:280] verify segment (internal proof verification failed)
       Local constraints hit (2 unique):
         - MemoryWrite@mem.zir:100
           cycle=19851, step=3123, pc=0x002061DC, major=0, minor=7
         - MemoryWrite@mem.zir:99
           cycle=19851, step=3123, pc=0x002061DC, major=0, minor=7
       Global: memory permutation violated
         x14/a4: wrote 0xffffffff, expected 0x00000001 (cycle 39703)
  [33] ✓ INSTR_WORD_MOD_SUR @ step 3718: 1 failures, 2929ms, outcome: REJECTED, exit: 101 [proof:GENERATED] G=memory
       r=0.239  T_new=0.00 F_new=0.63 F_rare=1.00 U=0 Q=0.61 Q_l=0.72 Q_g=0.85 dl=1 dg=1
       Value: 0x0036F713 -> 0x00368713
       Surgical: funct3 = 7 -> 0
       Original: ANDI x14, x13, 3
       Mutated:  ADDI x14, x13, 3
       zkVM errors (1 lines):
         • [prover_impl.rs:280] verify segment (internal proof verification failed)
       Local constraints hit (1 unique):
         - VerifyOpcodeF3@inst.zir:97
           cycle=20594, step=3718, pc=0x00203244, major=1, minor=2
       Global: memory permutation violated
         0x00203240 (code): wrote 0x0036f713, expected 0x00368713 (cycle 39588)
  [34] ✓ LOAD_VAL_MOD @ step 1873: 2 failures, 2932ms, outcome: REJECTED, exit: 101 [proof:GENERATED] G=memory
       r=0.119  T_new=0.00 F_new=0.39 F_rare=0.72 U=0 Q=0.43 Q_l=0.51 Q_g=0.85 dl=2 dg=1
       Value: 0x00000000 -> 0x80102493
       Load destination: rd = x22 (s6)
       zkVM errors (1 lines):
         • [prover_impl.rs:280] verify segment (internal proof verification failed)
       Local constraints hit (2 unique):
         - MemoryWrite@mem.zir:100
           cycle=18522, step=1873, pc=0x002097D0, major=5, minor=2
         - MemoryWrite@mem.zir:99
           cycle=18522, step=1873, pc=0x002097D0, major=5, minor=2
       Global: memory permutation violated
         x22/s6: wrote 0x80102493, expected 0x00000000 (cycle 37045)
  [35] ✓ INSTR_WORD_MOD_SUR @ step 2864: 0 failures, 2958ms, outcome: REJECTED, exit: 101 [proof:GENERATED] G=memory[GO]
       r=0.260  T_new=0.00 F_new=0.78 F_rare=1.00 U=0 Q=0.61 Q_l=1.00 Q_g=0.61 dl=0 dg=3
       Value: 0x00068A13 -> 0x00068E13
       Surgical: rd = 20 -> 28
       Original: ADDI x20, x13, 0
       Mutated:  ADDI x28, x13, 0
       zkVM errors (3 lines):
         • [prover_impl.rs:280] verify segment (internal proof verification failed)
         • [ffi.cpp:113] address mismatch at cycle 19592: preflight=0x3fffc034, actual=0x3fffc03c
         • [kernels/cxx/ffi.cpp:208] SKIP THROW: memory peek not in preflight
       Global: memory permutation violated [GLOBAL-ONLY]
         x20/s4: unexpected write 0x00200308 (cycle 39162)
         x28/t3: expected write missing, needed 0x00200308 (cycle 39162)
         0x00204B10 (code): wrote 0x00068a13, expected 0x00068e13 (cycle 14302)
  [36] ✓ MEM_VAL_MOD @ step 826: 2 failures, 2965ms, outcome: REJECTED, exit: 101 [proof:GENERATED] G=memory
       r=0.186  T_new=0.00 F_new=0.78 F_rare=1.00 U=0 Q=0.43 Q_l=0.51 Q_g=0.85 dl=2 dg=1
       Value: 0x00000008 -> 0x00400000
       Transaction: other_mem_read (READ) at address 0xffff0048
       zkVM errors (1 lines):
         • [prover_impl.rs:280] verify segment (internal proof verification failed)
       Local constraints hit (2 unique):
         - IsRead@mem.zir:79
           cycle=17447, step=826, pc=0xC0000078, major=2, minor=0
         - IsRead@mem.zir:80
           cycle=17447, step=826, pc=0xC0000078, major=2, minor=0
       Global: memory permutation violated
         0xFFFF0048 (data): wrote 0x00400000, expected 0x00000008 (cycle 34894)
  [37] ✓ INSTR_WORD_MOD_SUR @ step 1648: 0 failures, 2928ms, outcome: REJECTED, exit: 101 [proof:GENERATED] G=memory[GO]
       r=0.259  T_new=0.00 F_new=0.78 F_rare=1.00 U=0 Q=0.61 Q_l=1.00 Q_g=0.61 dl=0 dg=3
       Value: 0x03712623 -> 0x0377A623
       Surgical: rs1 = 2 -> 15
       Original: SW x23, 44(x2)
       Mutated:  SW x23, 44(x15)
       zkVM errors (3 lines):
         • [prover_impl.rs:280] verify segment (internal proof verification failed)
         • [ffi.cpp:113] address mismatch at cycle 18292: preflight=0x3fffc022, actual=0x3fffc02f
         • [kernels/cxx/ffi.cpp:208] SKIP THROW: memory peek not in preflight
       Global: memory permutation violated [GLOBAL-ONLY]
         x2/sp: unexpected write 0x002000a0 (cycle 36582)
         x15/a5: expected write missing, needed 0x002000a0 (cycle 36582)
         0x0020AF00 (code): wrote 0x03712623, expected 0x0377a623 (cycle 22674)
  [38] ✓ INSTR_WORD_MOD_FULL @ step 3575: 0 failures, 2959ms, outcome: REJECTED, exit: 101 [proof:GENERATED] G=memory[GO]
       r=0.259  T_new=0.00 F_new=0.78 F_rare=1.00 U=0 Q=0.61 Q_l=1.00 Q_g=0.61 dl=0 dg=3
       Value: 0x02912A23 -> 0x02992A23
       Original: SW x9, 52(x2)
       Mutated:  SW x9, 52(x18)
       zkVM errors (3 lines):
         • [prover_impl.rs:280] verify segment (internal proof verification failed)
         • [ffi.cpp:113] address mismatch at cycle 20451: preflight=0x3fffc022, actual=0x3fffc032
         • [kernels/cxx/ffi.cpp:208] SKIP THROW: memory peek not in preflight
       Global: memory permutation violated [GLOBAL-ONLY]
         x2/sp: unexpected write 0x00200160 (cycle 40900)
         x18/s2: expected write missing, needed 0x00200160 (cycle 40900)
         0x0020561C (code): wrote 0x02912a23, expected 0x02992a23 (cycle 39344)
  [39] ✓ INSTR_WORD_MOD_FULL @ step 3398: 0 failures, 2956ms, outcome: REJECTED, exit: 101 [proof:GENERATED] G=memory[GO]
       r=0.259  T_new=0.00 F_new=0.78 F_rare=1.00 U=0 Q=0.61 Q_l=1.00 Q_g=0.61 dl=0 dg=3
       Value: 0x00872883 -> 0x02872883
       Original: LW x17, 8(x14)
       Mutated:  LW x17, 40(x14)
       zkVM errors (3 lines):
         • [prover_impl.rs:280] verify segment (internal proof verification failed)
         • [ffi.cpp:113] address mismatch at cycle 20200: preflight=0x000800a9, actual=0x000800b1
         • [kernels/cxx/ffi.cpp:208] SKIP THROW: memory peek not in preflight
       Global: memory permutation violated [GLOBAL-ONLY]
         0x002002A4 (data): unexpected write 0x00000000 (cycle 39111)
         0x002002C4 (data): expected write missing, needed 0x00000000 (cycle 39111)
         0x00203420 (code): wrote 0x00872883, expected 0x02872883 (cycle 40294)
  [40] ✓ INSTR_WORD_MOD_FULL @ step 3677: 17 failures, 2977ms, outcome: REJECTED, exit: 101 [proof:GENERATED] G=memory
       r=0.003  T_new=0.00 F_new=1.00 F_rare=1.00 U=0 Q=0.01 Q_l=0.04 Q_g=0.19 dl=10 dg=10
       Value: 0x00058E63 -> 0x923A7913
       Original: BEQ x11, x0, 28
       Mutated:  ANDI x18, x20, -1757
       Format changed: B -> I
       zkVM errors (3 lines):
         • [prover_impl.rs:280] verify segment (internal proof verification failed)
         • [ffi.cpp:113] address mismatch at cycle 20553: preflight=0x3fffc02b, actual=0x3fffc034
         • [kernels/cxx/ffi.cpp:208] SKIP THROW: memory peek not in preflight
       Local constraints hit (4 unique):
         - DecodeInst@inst.zir:29 (x14)
           cycle=20554, step=3678, pc=0x0020346C, major=1, minor=2
         - MemoryWrite@mem.zir:99
           cycle=20567, step=3691, pc=0x00205758, major=2, minor=4
         - VerifyOpcodeF3@inst.zir:96
           cycle=20553, step=3677, pc=0x00203468, major=1, minor=5
         - VerifyOpcodeF3@inst.zir:97
           cycle=20553, step=3677, pc=0x00203468, major=1, minor=5
       Global: memory permutation violated (33 addrs: 4 register, 29 code)
         x0/zero: unexpected write 0x00000000 (cycle 41054)
         x3/gp: expected write missing, needed 0x00000000 (cycle 41054)
         x11/a1: unexpected write 0x00000000 (cycle 41105)
         + 29 code addresses diverged (instruction fetch cascade)
         + 1 more addresses
  [41] ✓ INSTR_WORD_MOD_SUR @ step 3830: 1 failures, 2942ms, outcome: REJECTED, exit: 101 [proof:GENERATED] G=memory
       r=0.174  T_new=0.00 F_new=0.39 F_rare=0.79 U=0 Q=0.61 Q_l=0.72 Q_g=0.85 dl=1 dg=1
       Value: 0x00040513 -> 0x00046513
       Surgical: funct3 = 0 -> 6
       Original: ADDI x10, x8, 0
       Mutated:  ORI x10, x8, 0
       zkVM errors (1 lines):
         • [prover_impl.rs:280] verify segment (internal proof verification failed)
       Local constraints hit (1 unique):
         - VerifyOpcodeF3@inst.zir:97
           cycle=20780, step=3830, pc=0x00205464, major=0, minor=7
       Global: memory permutation violated
         0x00205460 (code): wrote 0x00040513, expected 0x00046513 (cycle 39960)
  [42] ✓ STORE_OUT_MOD @ step 2421: 2 failures, 2955ms, outcome: REJECTED, exit: 101 [proof:GENERATED] G=memory
       r=0.121  T_new=0.00 F_new=0.39 F_rare=0.75 U=0 Q=0.43 Q_l=0.51 Q_g=0.85 dl=2 dg=1
       Value: 0x00000001 -> 0xACCF5B64
       Store address: 0x002002f4
       zkVM errors (1 lines):
         • [prover_impl.rs:280] verify segment (internal proof verification failed)
       Local constraints hit (2 unique):
         - MemoryWrite@mem.zir:100
           cycle=19075, step=2421, pc=0x00205568, major=6, minor=2
         - MemoryWrite@mem.zir:99
           cycle=19075, step=2421, pc=0x00205568, major=6, minor=2
       Global: memory permutation violated
         0x002002F4 (data): wrote 0xaccf5b64, expected 0x00000001 (cycle 38151)
  [43] ✓ COMP_OUT_MOD @ step 2448: 2 failures, 2957ms, outcome: REJECTED, exit: 101 [proof:GENERATED] G=memory
       r=0.186  T_new=0.00 F_new=0.78 F_rare=1.00 U=0 Q=0.43 Q_l=0.51 Q_g=0.85 dl=2 dg=1
       Value: 0x00221000 -> 0xE290FF80
       Destination: rd = x12 (a2)
       zkVM errors (1 lines):
         • [prover_impl.rs:280] verify segment (internal proof verification failed)
       Local constraints hit (2 unique):
         - MemoryWrite@mem.zir:100
           cycle=19102, step=2448, pc=0x00205DF0, major=2, minor=5
         - MemoryWrite@mem.zir:99
           cycle=19102, step=2448, pc=0x00205DF0, major=2, minor=5
       Global: memory permutation violated
         x12/a2: wrote 0xe290ff80, expected 0x00221000 (cycle 38205)
  [44] ✓ INSTR_TYPE_MOD @ step 1945: 7 failures, 3047ms, outcome: REJECTED, exit: 101 [proof:GENERATED] [+3 new] G=memory|cycle
       r=0.020  T_new=0.00 F_new=0.99 F_rare=1.00 U=0 Q=0.04 Q_l=0.10 Q_g=0.43 dl=7 dg=5
       Value: 0x00010006 -> 0x00060002
       Original: Bne [major=1, minor=6]
       Mutated:  Sw [major=6, minor=2]
       zkVM errors (3 lines):
         • [prover_impl.rs:280] verify segment (internal proof verification failed)
         • [ffi.cpp:113] address mismatch at cycle 18594: preflight=0x3fffc060, actual=0x0000001b
         • [kernels/cxx/ffi.cpp:208] SKIP THROW: memory peek not in preflight
       Local constraints hit (7 unique):
         - AddrDecomposeBits@u32.zir:87
           cycle=18594, step=1945, pc=0x002184C8, major=6, minor=2
         - MemoryWrite@mem.zir:100
           cycle=18594, step=1945, pc=0x002184C8, major=6, minor=2
         - MemoryWrite@mem.zir:99
           cycle=18594, step=1945, pc=0x002184C8, major=6, minor=2
         - OpSW@inst_mem.zir:160
           cycle=18594, step=1945, pc=0x002184C8, major=6, minor=2
         - OpSW@inst_mem.zir:161
           cycle=18594, step=1945, pc=0x002184C8, major=6, minor=2
         - VerifyOpcodeF3@inst.zir:96
           cycle=18594, step=1945, pc=0x002184C8, major=6, minor=2
         - VerifyOpcodeF3@inst.zir:97
           cycle=18594, step=1945, pc=0x002184C8, major=6, minor=2
       Global: memory permutation violated
         0x0000006C (data): expected write missing, needed 0x00158593 (cycle 37176)
         0xFFFF0180 (data): unexpected write 0x00000000 (cycle 37183)
       Global: cycle lookup violated (3 indices broken)
         index 4: 253 provides, 1 uses (imbalanced)
         index 5: 348 provides, 1 uses (imbalanced)
         index 12: 190 provides, 1 uses (imbalanced)
  [45] ✓ MEM_VAL_MOD @ step 1222: 4 failures, 2964ms, outcome: REJECTED, exit: 101 [proof:GENERATED] G=memory
       r=0.067  T_new=0.00 F_new=0.39 F_rare=0.85 U=0 Q=0.22 Q_l=0.26 Q_g=0.85 dl=4 dg=1
       Value: 0x00200ED8 -> 0xBE951694
       Transaction: load_mem_read (READ) at address 0x002003dc
       zkVM errors (1 lines):
         • [prover_impl.rs:280] verify segment (internal proof verification failed)
       Local constraints hit (4 unique):
         - IsRead@mem.zir:79
           cycle=17866, step=1222, pc=0x0020B96C, major=5, minor=2
         - IsRead@mem.zir:80
           cycle=17866, step=1222, pc=0x0020B96C, major=5, minor=2
         - MemoryWrite@mem.zir:100
           cycle=17866, step=1222, pc=0x0020B96C, major=5, minor=2
         - MemoryWrite@mem.zir:99
           cycle=17866, step=1222, pc=0x0020B96C, major=5, minor=2
       Global: memory permutation violated
         0x002003DC (data): wrote 0xbe951694, expected 0x00200ed8 (cycle 35732)
  [46] ✓ PRE_EXEC_REG_MOD @ step 199: 3 failures, 2957ms, outcome: REJECTED, exit: 101 [proof:GENERATED] G=memory
       r=0.033  T_new=0.00 F_new=1.00 F_rare=1.00 U=0 Q=0.07 Q_l=0.37 Q_g=0.19 dl=3 dg=10
       Value: 0x00000000 -> 0x1C028438
       Register: x13 (a3), READ, strategy=next_read
       zkVM errors (3 lines):
         • [prover_impl.rs:280] verify segment (internal proof verification failed)
         • [ffi.cpp:113] address mismatch at cycle 16779: preflight=0x00082e2d, actual=0x00082e2a
         • [kernels/cxx/buffers.h:43] SKIP THROW: Inconsistent set
       Local constraints hit (3 unique):
         - IsRead@mem.zir:79
           cycle=16778, step=199, pc=0x0020B8B4, major=2, minor=1
         - IsRead@mem.zir:80
           cycle=16778, step=199, pc=0x0020B8B4, major=2, minor=1
         - MemoryWrite@mem.zir:99
           cycle=16799, step=220, pc=0x00200D0C, major=2, minor=4
       Global: memory permutation violated (25 addrs: 1 register, 24 code)
         x13/a3: wrote 0x1c028438, expected 0x00000000 (cycle 33556)
         + 24 code addresses diverged (instruction fetch cascade)
  [47] ✓ INSTR_WORD_MOD_SUR @ step 1421: 0 failures, 2956ms, outcome: REJECTED, exit: 101 [proof:GENERATED] G=memory[GO]
       r=0.285  T_new=0.00 F_new=0.39 F_rare=1.00 U=0 Q=0.85 Q_l=1.00 Q_g=0.85 dl=0 dg=1
       Value: 0x00E69E63 -> 0xB6E69E63
       Surgical: imm = 28 -> 4988
       Original: BNE x13, x14, 28
       Mutated:  BNE x13, x14, -3204
       zkVM errors (1 lines):
         • [prover_impl.rs:280] verify segment (internal proof verification failed)
       Global: memory permutation violated [GLOBAL-ONLY]
         0x002184C4 (code): wrote 0x00e69e63, expected 0xb6e69e63 (cycle 36116)
  [48] ✓ INSTR_WORD_MOD_SUR @ step 583: 1 failures, 2941ms, outcome: REJECTED, exit: 101 [proof:GENERATED] G=memory
       r=0.185  T_new=0.00 F_new=0.78 F_rare=1.00 U=0 Q=0.43 Q_l=0.72 Q_g=0.61 dl=1 dg=3
       Value: 0x00200293 -> 0x09400293
       Surgical: imm = 2 -> 148
       Original: ADDI x5, x0, 2
       Mutated:  ADDI x5, x0, 148
       zkVM errors (3 lines):
         • [prover_impl.rs:280] verify segment (internal proof verification failed)
         • [ffi.cpp:113] address mismatch at cycle 17186: preflight=0x3fffc022, actual=0x3fffc034
         • [kernels/cxx/ffi.cpp:208] SKIP THROW: memory peek not in preflight
       Local constraints hit (1 unique):
         - MemoryWrite@mem.zir:99
           cycle=17186, step=583, pc=0x00206154, major=0, minor=7
       Global: memory permutation violated
         x2/sp: unexpected write 0x00200350 (cycle 34368)
         x20/s4: expected write missing, needed 0x00200350 (cycle 34368)
         0x00206150 (code): wrote 0x00200293, expected 0x09400293 (cycle 34200)
  [49] ✓ LOAD_VAL_MOD @ step 1203: 2 failures, 2934ms, outcome: REJECTED, exit: 101 [proof:GENERATED] G=memory
       r=0.124  T_new=0.00 F_new=0.39 F_rare=0.79 U=0 Q=0.43 Q_l=0.51 Q_g=0.85 dl=2 dg=1
       Value: 0x00000001 -> 0xA74C2BA7
       Load destination: rd = x10 (a0)
       zkVM errors (1 lines):
         • [prover_impl.rs:280] verify segment (internal proof verification failed)
       Local constraints hit (2 unique):
         - MemoryWrite@mem.zir:100
           cycle=17847, step=1203, pc=0x00208CE0, major=5, minor=3
         - MemoryWrite@mem.zir:99
           cycle=17847, step=1203, pc=0x00208CE0, major=5, minor=3
       Global: memory permutation violated
         x10/a0: wrote 0xa74c2ba7, expected 0x00000001 (cycle 35695)
  [50] ✓ COMP_OUT_MOD @ step 871: 2 failures, 2941ms, outcome: REJECTED, exit: 101 [proof:GENERATED] G=memory
       r=0.118  T_new=0.00 F_new=0.39 F_rare=0.72 U=0 Q=0.43 Q_l=0.51 Q_g=0.85 dl=2 dg=1
       Value: 0x00000001 -> 0x00080000
       Destination: rd = x13 (a3)
       zkVM errors (1 lines):
         • [prover_impl.rs:280] verify segment (internal proof verification failed)
       Local constraints hit (2 unique):
         - MemoryWrite@mem.zir:100
           cycle=17498, step=871, pc=0x00200A1C, major=0, minor=7
         - MemoryWrite@mem.zir:99
           cycle=17498, step=871, pc=0x00200A1C, major=0, minor=7
       Global: memory permutation violated
         x13/a3: wrote 0x00080000, expected 0x00000001 (cycle 34997)
  [51] ✓ INSTR_WORD_MOD_SUR @ step 3807: 0 failures, 2966ms, outcome: REJECTED, exit: 101 [proof:GENERATED] G=memory[GO]
       r=0.259  T_new=0.00 F_new=0.78 F_rare=1.00 U=0 Q=0.61 Q_l=1.00 Q_g=0.61 dl=0 dg=3
       Value: 0x00008067 -> 0x00008A67
       Surgical: rd = 0 -> 20
       Original: JALR x0, x1, 0
       Mutated:  JALR x20, x1, 0
       zkVM errors (3 lines):
         • [prover_impl.rs:280] verify segment (internal proof verification failed)
         • [ffi.cpp:113] address mismatch at cycle 20757: preflight=0x3fffc040, actual=0x3fffc014
         • [kernels/cxx/ffi.cpp:208] SKIP THROW: memory peek not in preflight
       Global: memory permutation violated [GLOBAL-ONLY]
         0xC0000594 (data): wrote 0x00008067, expected 0x00008a67 (cycle 40870)
         0xFFFF0050 (data): expected write missing, needed 0x00000000 (cycle 41513)
         0xFFFF0100 (data): unexpected write 0x00000000 (cycle 41513)
  [52] ✓ INSTR_WORD_MOD_SUR @ step 3534: 1 failures, 2955ms, outcome: REJECTED, exit: 101 [proof:GENERATED] G=memory
       r=0.183  T_new=0.00 F_new=0.39 F_rare=0.85 U=0 Q=0.61 Q_l=0.72 Q_g=0.85 dl=1 dg=1
       Value: 0x00251513 -> 0x0025156F
       Surgical: opcode = 19 -> 111
       Original: SLLI x10, x10, 2
       Mutated:  JAL x10, 331778
       zkVM errors (1 lines):
         • [prover_impl.rs:280] verify segment (internal proof verification failed)
       Local constraints hit (1 unique):
         - VerifyOpcodeF3F7@inst.zir:102
           cycle=20336, step=3534, pc=0xC000007C, major=3, minor=1
       Global: memory permutation violated
         0xC0000078 (data): wrote 0x00251513, expected 0x0025156f (cycle 39716)
  [53] ✓ STORE_OUT_MOD @ step 3271: 2 failures, 2946ms, outcome: REJECTED, exit: 101 [proof:GENERATED] G=memory
       r=0.116  T_new=0.00 F_new=0.39 F_rare=0.70 U=0 Q=0.43 Q_l=0.51 Q_g=0.85 dl=2 dg=1
       Value: 0xB3FEEA77 -> 0x7706FF54
       Store address: 0x0022156c
       zkVM errors (1 lines):
         • [prover_impl.rs:280] verify segment (internal proof verification failed)
       Local constraints hit (2 unique):
         - MemoryWrite@mem.zir:100
           cycle=20073, step=3271, pc=0x0020342C, major=6, minor=2
         - MemoryWrite@mem.zir:99
           cycle=20073, step=3271, pc=0x0020342C, major=6, minor=2
       Global: memory permutation violated
         0x0022156C (code): wrote 0x7706ff54, expected 0xb3feea77 (cycle 40147)
  [54] ✓ INSTR_WORD_MOD_SUR @ step 932: 0 failures, 3052ms, outcome: REJECTED, exit: 101 [proof:GENERATED] G=memory[GO]
       r=0.258  T_new=0.00 F_new=0.78 F_rare=1.00 U=0 Q=0.61 Q_l=1.00 Q_g=0.61 dl=0 dg=3
       Value: 0x00758513 -> 0x00758413
       Surgical: rd = 10 -> 8
       Original: ADDI x10, x11, 7
       Mutated:  ADDI x8, x11, 7
       zkVM errors (3 lines):
         • [prover_impl.rs:280] verify segment (internal proof verification failed)
         • [ffi.cpp:113] address mismatch at cycle 17565: preflight=0x3fffc02a, actual=0x3fffc028
         • [kernels/cxx/ffi.cpp:208] SKIP THROW: memory peek not in preflight
       Global: memory permutation violated [GLOBAL-ONLY]
         x8/s0: expected write missing, needed 0x00000004 (cycle 35128)
         x10/a0: unexpected write 0x00000004 (cycle 35128)
         0x002031E0 (code): wrote 0x00758513, expected 0x00758413 (cycle 34962)
  [55] ✓ INSTR_WORD_MOD_SUR @ step 2525: 1 failures, 2958ms, outcome: REJECTED, exit: 101 [proof:GENERATED] G=memory
       r=0.183  T_new=0.00 F_new=0.39 F_rare=0.85 U=0 Q=0.61 Q_l=0.72 Q_g=0.85 dl=1 dg=1
       Value: 0x01E54603 -> 0x01E57603
       Surgical: funct3 = 4 -> 7
       Original: LBU x12, 30(x10)
       Mutated:  LOAD.7 x12, 30(x10)
       zkVM errors (1 lines):
         • [prover_impl.rs:280] verify segment (internal proof verification failed)
       Local constraints hit (1 unique):
         - VerifyOpcodeF3@inst.zir:97
           cycle=19253, step=2525, pc=0x00201460, major=5, minor=3
       Global: memory permutation violated
         0x0020145C (code): wrote 0x01e54603, expected 0x01e57603 (cycle 6778)
  [56] ✓ LOAD_VAL_MOD @ step 1223: 1 failures, 2950ms, outcome: REJECTED, exit: 101 [proof:GENERATED] G=memory
       r=0.159  T_new=0.00 F_new=0.39 F_rare=0.69 U=0 Q=0.61 Q_l=0.72 Q_g=0.85 dl=1 dg=1
       Value: 0x00000000 -> 0xFFFF0000
       Load destination: rd = x8 (s0/fp)
       zkVM errors (1 lines):
         • [prover_impl.rs:280] verify segment (internal proof verification failed)
       Local constraints hit (1 unique):
         - MemoryWrite@mem.zir:100
           cycle=17867, step=1223, pc=0x0020B970, major=5, minor=2
       Global: memory permutation violated
         x8/s0: wrote 0xffff0000, expected 0x00000000 (cycle 35735)
  [57] ✓ COMP_OUT_MOD @ step 3720: 2 failures, 2954ms, outcome: REJECTED, exit: 101 [proof:GENERATED] G=memory
       r=0.185  T_new=0.00 F_new=0.78 F_rare=1.00 U=0 Q=0.43 Q_l=0.51 Q_g=0.85 dl=2 dg=1
       Value: 0x0000001C -> 0xAE0B4226
       Destination: rd = x12 (a2)
       zkVM errors (1 lines):
         • [prover_impl.rs:280] verify segment (internal proof verification failed)
       Local constraints hit (2 unique):
         - MemoryWrite@mem.zir:100
           cycle=20596, step=3720, pc=0x0020324C, major=0, minor=1
         - MemoryWrite@mem.zir:99
           cycle=20596, step=3720, pc=0x0020324C, major=0, minor=1
       Global: memory permutation violated
         x12/a2: wrote 0xae0b4226, expected 0x0000001c (cycle 41193)
  [58] ✓ INSTR_WORD_MOD_FULL @ step 1810: 4 failures, 2947ms, outcome: REJECTED, exit: 101 [proof:GENERATED] G=memory
       r=0.045  T_new=0.00 F_new=0.95 F_rare=1.00 U=0 Q=0.10 Q_l=0.26 Q_g=0.37 dl=4 dg=6
       Value: 0xFFF60613 -> 0x8084E0EF
       Original: ADDI x12, x12, -1
       Mutated:  JAL x1, -729080
       Format changed: I -> J
       zkVM errors (3 lines):
         • [prover_impl.rs:280] verify segment (internal proof verification failed)
         • [ffi.cpp:113] address mismatch at cycle 18454: preflight=0x3fffc02c, actual=0x3fffc029
         • [kernels/cxx/ffi.cpp:208] SKIP THROW: memory peek not in preflight
       Local constraints hit (4 unique):
         - MemoryWrite@mem.zir:100
           cycle=18454, step=1810, pc=0x002184D0, major=0, minor=7
         - MemoryWrite@mem.zir:99
           cycle=18454, step=1810, pc=0x002184D0, major=0, minor=7
         - VerifyOpcodeF3@inst.zir:96
           cycle=18454, step=1810, pc=0x002184D0, major=0, minor=7
         - VerifyOpcodeF3@inst.zir:97
           cycle=18454, step=1810, pc=0x002184D0, major=0, minor=7
       Global: memory permutation violated
         x1/ra: expected write missing, needed 0x00000003 (cycle 36908)
         x8/s0: expected write missing, needed 0x00000000 (cycle 36894)
         x9/s1: expected write missing, needed 0x00000003 (cycle 36898)
         x12/a2: unexpected write 0x00000003 (cycle 36898)
         x31/t6: unexpected write 0x00000000 (cycle 36894)
         0x002184CC (code): wrote 0xfff60613, expected 0x8084e0ef (cycle 36894)
  [59] ✓ INSTR_WORD_MOD_SUR @ step 696: 0 failures, 2944ms, outcome: REJECTED, exit: 101 [proof:GENERATED] G=memory[GO]
       r=0.258  T_new=0.00 F_new=0.78 F_rare=1.00 U=0 Q=0.61 Q_l=1.00 Q_g=0.61 dl=0 dg=3
       Value: 0x00249493 -> 0x00249C93
       Surgical: rd = 9 -> 25
       Original: SLLI x9, x9, 2
       Mutated:  SLLI x25, x9, 2
       zkVM errors (3 lines):
         • [prover_impl.rs:280] verify segment (internal proof verification failed)
         • [ffi.cpp:113] address mismatch at cycle 17311: preflight=0x3fffc029, actual=0x3fffc039
         • [kernels/cxx/ffi.cpp:208] SKIP THROW: memory peek not in preflight
       Global: memory permutation violated [GLOBAL-ONLY]
         x9/s1: unexpected write 0x00000001 (cycle 34622)
         x25/s9: expected write missing, needed 0x00000001 (cycle 34622)
         0x002031B8 (code): wrote 0x00249493, expected 0x00249c93 (cycle 34454)
  [60] ✓ INSTR_WORD_MOD_SUR @ step 3447: 1 failures, 2938ms, outcome: REJECTED, exit: 101 [proof:GENERATED] [+1 new] G=memory
       r=0.237  T_new=0.00 F_new=0.63 F_rare=1.00 U=0 Q=0.61 Q_l=0.72 Q_g=0.85 dl=1 dg=1
       Value: 0x00000097 -> 0x00000083
       Surgical: opcode = 23 -> 3
       Original: AUIPC x1, 0x0
       Mutated:  LB x1, 0(x0)
       zkVM errors (1 lines):
         • [prover_impl.rs:280] verify segment (internal proof verification failed)
       Local constraints hit (1 unique):
         - VerifyOpcode@inst.zir:91
           cycle=20249, step=3447, pc=0x00204D28, major=2, minor=6
       Global: memory permutation violated
         0x00204D24 (code): wrote 0x00000097, expected 0x00000083 (cycle 14646)
  [61] ✓ INSTR_WORD_MOD_SUR @ step 2901: 0 failures, 2961ms, outcome: REJECTED, exit: 101 [proof:GENERATED] G=memory[GO]
       r=0.258  T_new=0.00 F_new=0.78 F_rare=1.00 U=0 Q=0.61 Q_l=1.00 Q_g=0.61 dl=0 dg=3
       Value: 0x00400693 -> 0x00400093
       Surgical: rd = 13 -> 1
       Original: ADDI x13, x0, 4
       Mutated:  ADDI x1, x0, 4
       zkVM errors (3 lines):
         • [prover_impl.rs:280] verify segment (internal proof verification failed)
         • [ffi.cpp:113] address mismatch at cycle 19629: preflight=0x3fffc02d, actual=0x3fffc021
         • [kernels/cxx/ffi.cpp:208] SKIP THROW: memory peek not in preflight
       Global: memory permutation violated [GLOBAL-ONLY]
         x1/ra: expected write missing, needed 0x7ffffffc (cycle 39230)
         x13/a3: unexpected write 0x7ffffffc (cycle 39230)
         0x00205DF4 (code): wrote 0x00400693, expected 0x00400093 (cycle 38208)
  [62] ✓ STORE_OUT_MOD @ step 32: 2 failures, 2945ms, outcome: REJECTED, exit: 101 [proof:GENERATED] G=memory
       r=0.114  T_new=0.00 F_new=0.39 F_rare=0.69 U=0 Q=0.43 Q_l=0.51 Q_g=0.85 dl=2 dg=1
       Value: 0x00221488 -> 0x00442910
       Store address: 0x002213f8
       zkVM errors (1 lines):
         • [prover_impl.rs:280] verify segment (internal proof verification failed)
       Local constraints hit (2 unique):
         - MemoryWrite@mem.zir:100
           cycle=16605, step=32, pc=0x00203F6C, major=6, minor=2
         - MemoryWrite@mem.zir:99
           cycle=16605, step=32, pc=0x00203F6C, major=6, minor=2
       Global: memory permutation violated
         0x002213F8 (code): wrote 0x00442910, expected 0x00221488 (cycle 33211)
  [63] ✓ INSTR_WORD_MOD_SUR @ step 3496: 1 failures, 2935ms, outcome: REJECTED, exit: 101 [proof:GENERATED] G=memory
       r=0.182  T_new=0.00 F_new=0.39 F_rare=0.85 U=0 Q=0.61 Q_l=0.72 Q_g=0.85 dl=1 dg=1
       Value: 0x3EA62E23 -> 0x3EA62E17
       Surgical: opcode = 35 -> 23
       Original: SW x10, 1020(x12)
       Mutated:  AUIPC x28, 0x3ea62000
       zkVM errors (1 lines):
         • [prover_impl.rs:280] verify segment (internal proof verification failed)
       Local constraints hit (1 unique):
         - VerifyOpcodeF3@inst.zir:96
           cycle=20298, step=3496, pc=0x00205E38, major=6, minor=2
       Global: memory permutation violated
         0x00205E34 (code): wrote 0x3ea62e23, expected 0x3ea62e17 (cycle 40070)
  [64] ✓ MEM_VAL_MOD @ step 0: 2 failures, 2960ms, outcome: REJECTED, exit: 101 [proof:GENERATED] G=memory
       r=0.131  T_new=0.00 F_new=0.39 F_rare=0.85 U=0 Q=0.43 Q_l=0.51 Q_g=0.85 dl=2 dg=1
       Value: 0x00011000 -> 0xDFECEFBF
       Transaction: other_mem_write (WRITE) at address 0xffff000c
       zkVM errors (1 lines):
         • [prover_impl.rs:280] verify segment (internal proof verification failed)
       Local constraints hit (2 unique):
         - MemoryWrite@mem.zir:100
           cycle=16573, step=0, pc=0xC0000004, major=2, minor=6
         - MemoryWrite@mem.zir:99
           cycle=16573, step=0, pc=0xC0000004, major=2, minor=6
       Global: memory permutation violated
         0xFFFF000C (data): wrote 0xdfecefbf, expected 0x00011000 (cycle 33147)
  [65] ✓ COMP_OUT_MOD @ step 2329: 2 failures, 2934ms, outcome: REJECTED, exit: 101 [proof:GENERATED] G=memory
       r=0.124  T_new=0.00 F_new=0.39 F_rare=0.79 U=0 Q=0.43 Q_l=0.51 Q_g=0.85 dl=2 dg=1
       Value: 0x00201304 -> 0x00040000
       Destination: rd = x1 (ra)
       zkVM errors (1 lines):
         • [prover_impl.rs:280] verify segment (internal proof verification failed)
       Local constraints hit (2 unique):
         - MemoryWrite@mem.zir:100
           cycle=18983, step=2329, pc=0x002031FC, major=2, minor=4
         - MemoryWrite@mem.zir:99
           cycle=18983, step=2329, pc=0x002031FC, major=2, minor=4
       Global: memory permutation violated
         x1/ra: wrote 0x00040000, expected 0x00201304 (cycle 37967)
  [66] ✓ LOAD_VAL_MOD @ step 2728: 2 failures, 2942ms, outcome: REJECTED, exit: 101 [proof:GENERATED] G=memory
       r=0.114  T_new=0.00 F_new=0.39 F_rare=0.69 U=0 Q=0.43 Q_l=0.51 Q_g=0.85 dl=2 dg=1
       Value: 0x17E32F5A -> 0x0000FFFF
       Load destination: rd = x6 (t1)
       zkVM errors (1 lines):
         • [prover_impl.rs:280] verify segment (internal proof verification failed)
       Local constraints hit (2 unique):
         - MemoryWrite@mem.zir:100
           cycle=19456, step=2728, pc=0x002016AC, major=5, minor=2
         - MemoryWrite@mem.zir:99
           cycle=19456, step=2728, pc=0x002016AC, major=5, minor=2
       Global: memory permutation violated
         x6/t1: wrote 0x0000ffff, expected 0x17e32f5a (cycle 38913)
  [67] ✓ INSTR_WORD_MOD_SUR @ step 3929: 2 failures, 2962ms, outcome: REJECTED, exit: 101 [proof:GENERATED] G=memory
       r=0.124  T_new=0.00 F_new=0.39 F_rare=0.79 U=0 Q=0.43 Q_l=0.51 Q_g=0.85 dl=2 dg=1
       Value: 0x00000073 -> 0x00088073
       Surgical: rs1 = 0 -> 17
       Original: ECALL x0, x0, 0
       Mutated:  ECALL x0, x17, 0
       zkVM errors (1 lines):
         • [prover_impl.rs:280] verify segment (internal proof verification failed)
       Local constraints hit (2 unique):
         - MachineECall@inst_ecall.zir:28
           cycle=20879, step=3929, pc=0xC00000F8, major=8, minor=0
         - MachineECall@inst_ecall.zir:29
           cycle=20879, step=3929, pc=0xC00000F8, major=8, minor=0
       Global: memory permutation violated
         0xC00000F8 (data): wrote 0x00000073, expected 0x00088073 (cycle 30062)
  [68] ✓ INSTR_TYPE_MOD @ step 0: 5 failures, 2982ms, outcome: REJECTED, exit: 101 [proof:GENERATED] [+5 new] [+35 touch] G=memory|cycle
       r=0.077  T_new=0.63 F_new=0.98 F_rare=1.00 U=0 Q=0.11 Q_l=0.19 Q_g=0.61 dl=5 dg=3
       Value: 0x00020006 -> 0x0002000D
       Original: Auipc [major=2, minor=6]
       Mutated:  MulHU [major=2, minor=13] ⚠INVALID
       zkVM errors (3 lines):
         • [prover_impl.rs:280] verify segment (internal proof verification failed)
         • [ffi.cpp:113] address mismatch at cycle 0: preflight=0x44000000, actual=0x00000000
         • [kernels/cxx/ffi.cpp:208] SKIP THROW: memory peek not in preflight
       Local constraints hit (5 unique):
         - AddrDecompose@u32.zir:67
           cycle=0, step=0, pc=0x00000000, major=2, minor=13
         - ControlLoadRootAndNonce@inst_control.zir:23
           cycle=1, step=0, pc=0x00000000, major=7, minor=0
         - MiscInput@inst_misc.zir:7
           cycle=0, step=0, pc=0x00000000, major=2, minor=13
         - OneHot@one_hot.zir:11
           cycle=0, step=0, pc=0x00000000, major=2, minor=13
         - OneHot@one_hot.zir:9
           cycle=0, step=0, pc=0x00000000, major=2, minor=13
       Global: memory permutation violated
         0xFFFF0100 (data): expected write missing, needed 0x00000000 (cycle 0)
       Global: cycle lookup violated (2 indices broken)
         index 0: 2256 provides, 1 uses (imbalanced)
         index 2013265920: orphan provide (2 entries, no matching use)
  [69] ✓ PRE_EXEC_REG_MOD @ step 3288: 2 failures, 3034ms, outcome: REJECTED, exit: 101 [proof:GENERATED] G=memory
       r=0.131  T_new=0.00 F_new=0.39 F_rare=0.85 U=0 Q=0.43 Q_l=0.51 Q_g=0.85 dl=2 dg=1
       Value: 0x9A008748 -> 0xBFB2638F
       Register: x16 (a6), READ, strategy=next_read
       zkVM errors (1 lines):
         • [prover_impl.rs:280] verify segment (internal proof verification failed)
       Local constraints hit (2 unique):
         - IsRead@mem.zir:79
           cycle=20090, step=3288, pc=0x00203440, major=0, minor=7
         - IsRead@mem.zir:80
           cycle=20090, step=3288, pc=0x00203440, major=0, minor=7
       Global: memory permutation violated
         x16/a6: wrote 0xbfb2638f, expected 0x9a008748 (cycle 40180)
  [70] ✓ INSTR_WORD_MOD_SUR @ step 1365: 1 failures, 2945ms, outcome: REJECTED, exit: 101 [proof:GENERATED] [+1 touch] G=memory
       r=0.242  T_new=0.03 F_new=0.63 F_rare=1.00 U=0 Q=0.61 Q_l=0.72 Q_g=0.85 dl=1 dg=1
       Value: 0x00E69E63 -> 0x00E69E67
       Surgical: opcode = 99 -> 103
       Original: BNE x13, x14, 28
       Mutated:  JALR x28, x13, 14
       zkVM errors (1 lines):
         • [prover_impl.rs:280] verify segment (internal proof verification failed)
       Local constraints hit (1 unique):
         - VerifyOpcodeF3@inst.zir:96
           cycle=18009, step=1365, pc=0x002184C8, major=1, minor=6
       Global: memory permutation violated
         0x002184C4 (code): wrote 0x00e69e63, expected 0x00e69e67 (cycle 36004)
  [71] ✓ INSTR_WORD_MOD_SUR @ step 1400: 0 failures, 2938ms, outcome: REJECTED, exit: 101 [proof:GENERATED] G=memory[GO]
       r=0.258  T_new=0.00 F_new=0.78 F_rare=1.00 U=0 Q=0.61 Q_l=1.00 Q_g=0.61 dl=0 dg=3
       Value: 0x00E69E63 -> 0x00EC1E63
       Surgical: rs1 = 13 -> 24
       Original: BNE x13, x14, 28
       Mutated:  BNE x24, x14, 28
       zkVM errors (3 lines):
         • [prover_impl.rs:280] verify segment (internal proof verification failed)
         • [ffi.cpp:113] address mismatch at cycle 18044: preflight=0x3fffc02d, actual=0x3fffc038
         • [kernels/cxx/ffi.cpp:208] SKIP THROW: memory peek not in preflight
       Global: memory permutation violated [GLOBAL-ONLY]
         x13/a3: unexpected write 0x0000003c (cycle 36085)
         x24/s8: expected write missing, needed 0x0000003c (cycle 36085)
         0x002184C4 (code): wrote 0x00e69e63, expected 0x00ec1e63 (cycle 36074)
  [72] ✓ INSTR_WORD_MOD_SUR @ step 926: 0 failures, 2960ms, outcome: REJECTED, exit: 101 [proof:GENERATED] G=memory[GO]
       r=0.283  T_new=0.00 F_new=0.39 F_rare=1.00 U=0 Q=0.85 Q_l=1.00 Q_g=0.85 dl=0 dg=1
       Value: 0xF8031EE3 -> 0x5C031AE3
       Surgical: imm = -100 -> 3540
       Original: BNE x6, x0, -100
       Mutated:  BNE x6, x0, 3540
       zkVM errors (1 lines):
         • [prover_impl.rs:280] verify segment (internal proof verification failed)
       Global: memory permutation violated [GLOBAL-ONLY]
         0x002061B8 (code): wrote 0xf8031ee3, expected 0x5c031ae3 (cycle 34950)
  [73] ✓ INSTR_WORD_MOD_SUR @ step 2401: 1 failures, 2942ms, outcome: REJECTED, exit: 101 [proof:GENERATED] G=memory
       r=0.164  T_new=0.00 F_new=0.39 F_rare=0.72 U=0 Q=0.61 Q_l=0.72 Q_g=0.85 dl=1 dg=1
       Value: 0x00090513 -> 0x00097513
       Surgical: funct3 = 0 -> 7
       Original: ADDI x10, x18, 0
       Mutated:  ANDI x10, x18, 0
       zkVM errors (1 lines):
         • [prover_impl.rs:280] verify segment (internal proof verification failed)
       Local constraints hit (1 unique):
         - VerifyOpcodeF3@inst.zir:97
           cycle=19055, step=2401, pc=0x002013E8, major=0, minor=7
       Global: memory permutation violated
         0x002013E4 (code): wrote 0x00090513, expected 0x00097513 (cycle 6714)
  [74] ✓ STORE_OUT_MOD @ step 1150: 1 failures, 2931ms, outcome: REJECTED, exit: 101 [proof:GENERATED] G=memory
       r=0.155  T_new=0.00 F_new=0.39 F_rare=0.67 U=0 Q=0.61 Q_l=0.72 Q_g=0.85 dl=1 dg=1
       Value: 0x00000000 -> 0x20000000
       Store address: 0x002003b4
       zkVM errors (1 lines):
         • [prover_impl.rs:280] verify segment (internal proof verification failed)
       Local constraints hit (1 unique):
         - MemoryWrite@mem.zir:100
           cycle=17794, step=1150, pc=0x00209A28, major=6, minor=2
       Global: memory permutation violated
         0x002003B4 (data): wrote 0x20000000, expected 0x00000000 (cycle 35589)
  [75] ✓ COMP_OUT_MOD @ step 845: 2 failures, 2951ms, outcome: REJECTED, exit: 101 [proof:GENERATED] G=memory
       r=0.130  T_new=0.00 F_new=0.39 F_rare=0.85 U=0 Q=0.43 Q_l=0.51 Q_g=0.85 dl=2 dg=1
       Value: 0x00000000 -> 0xF3D4BD0A
       Destination: rd = x6 (t1)
       zkVM errors (1 lines):
         • [prover_impl.rs:280] verify segment (internal proof verification failed)
       Local constraints hit (2 unique):
         - MemoryWrite@mem.zir:100
           cycle=17472, step=845, pc=0x002061B0, major=0, minor=1
         - MemoryWrite@mem.zir:99
           cycle=17472, step=845, pc=0x002061B0, major=0, minor=1
       Global: memory permutation violated
         x6/t1: wrote 0xf3d4bd0a, expected 0x00000000 (cycle 34945)
  [76] ✓ MEM_VAL_MOD @ step 2657: 1 failures, 2953ms, outcome: REJECTED, exit: 101 [proof:GENERATED] G=memory
       r=0.182  T_new=0.00 F_new=0.39 F_rare=0.85 U=0 Q=0.61 Q_l=0.72 Q_g=0.85 dl=1 dg=1
       Value: 0x00000000 -> 0x00000100
       Transaction: store_rmw_read (READ) at address 0x0020031c
       zkVM errors (1 lines):
         • [prover_impl.rs:280] verify segment (internal proof verification failed)
       Local constraints hit (1 unique):
         - IsRead@mem.zir:79
           cycle=19385, step=2657, pc=0x00203434, major=6, minor=2
       Global: memory permutation violated
         0x0020031C (data): wrote 0x00000100, expected 0x00000000 (cycle 38770)
  [77] ✓ LOAD_VAL_MOD @ step 2204: 2 failures, 2955ms, outcome: REJECTED, exit: 101 [proof:GENERATED] G=memory
       r=0.112  T_new=0.00 F_new=0.39 F_rare=0.68 U=0 Q=0.43 Q_l=0.51 Q_g=0.85 dl=2 dg=1
       Value: 0x00200300 -> 0x3B28BA76
       Load destination: rd = x8 (s0/fp)
       zkVM errors (1 lines):
         • [prover_impl.rs:280] verify segment (internal proof verification failed)
       Local constraints hit (2 unique):
         - MemoryWrite@mem.zir:100
           cycle=18858, step=2204, pc=0x00201ED4, major=5, minor=2
         - MemoryWrite@mem.zir:99
           cycle=18858, step=2204, pc=0x00201ED4, major=5, minor=2
       Global: memory permutation violated
         x8/s0: wrote 0x3b28ba76, expected 0x00200300 (cycle 37717)
  [78] ✓ INSTR_WORD_MOD_SUR @ step 813: 0 failures, 2947ms, outcome: REJECTED, exit: 101 [proof:GENERATED] G=memory[GO]
       r=0.258  T_new=0.00 F_new=0.78 F_rare=1.00 U=0 Q=0.61 Q_l=1.00 Q_g=0.61 dl=0 dg=3
       Value: 0x00000813 -> 0x00000E13
       Surgical: rd = 16 -> 28
       Original: ADDI x16, x0, 0
       Mutated:  ADDI x28, x0, 0
       zkVM errors (3 lines):
         • [prover_impl.rs:280] verify segment (internal proof verification failed)
         • [ffi.cpp:113] address mismatch at cycle 17434: preflight=0x3fffc030, actual=0x3fffc03c
         • [kernels/cxx/ffi.cpp:208] SKIP THROW: memory peek not in preflight
       Global: memory permutation violated [GLOBAL-ONLY]
         x16/a6: unexpected write 0x00000004 (cycle 34834)
         x28/t3: expected write missing, needed 0x00000004 (cycle 34834)
         0x00206144 (code): wrote 0x00000813, expected 0x00000e13 (cycle 34700)
  [79] ✓ INSTR_WORD_MOD_SUR @ step 3525: 0 failures, 2966ms, outcome: REJECTED, exit: 101 [proof:GENERATED] G=memory[GO]
       r=0.258  T_new=0.00 F_new=0.78 F_rare=1.00 U=0 Q=0.61 Q_l=1.00 Q_g=0.61 dl=0 dg=3
       Value: 0x00068793 -> 0x00068013
       Surgical: rd = 15 -> 0
       Original: ADDI x15, x13, 0
       Mutated:  ADDI x0, x13, 0
       zkVM errors (3 lines):
         • [prover_impl.rs:280] verify segment (internal proof verification failed)
         • [ffi.cpp:113] address mismatch at cycle 20327: preflight=0x3fffc02f, actual=0x3fffc060
         • [kernels/cxx/ffi.cpp:208] SKIP THROW: memory peek not in preflight
       Global: memory permutation violated [GLOBAL-ONLY]
         x15/a5: unexpected write 0x00000310 (cycle 40646)
         0xFFFF0180 (data): expected write missing, needed 0x00000310 (cycle 40646)
         0x002061D0 (code): wrote 0x00068793, expected 0x00068013 (cycle 39698)
  [80] ✓ INSTR_WORD_MOD_FULL @ step 448: 0 failures, 2916ms, outcome: REJECTED, exit: 101 [proof:GENERATED] G=memory[GO]
       r=0.258  T_new=0.00 F_new=0.78 F_rare=1.00 U=0 Q=0.61 Q_l=1.00 Q_g=0.61 dl=0 dg=3
       Value: 0x00800613 -> 0x00800E13
       Original: ADDI x12, x0, 8
       Mutated:  ADDI x28, x0, 8
       zkVM errors (3 lines):
         • [prover_impl.rs:280] verify segment (internal proof verification failed)
         • [ffi.cpp:113] address mismatch at cycle 17042: preflight=0x3fffc00c, actual=0x3fffc01c
         • [kernels/cxx/ffi.cpp:208] SKIP THROW: memory peek not in preflight
       Global: memory permutation violated [GLOBAL-ONLY]
         0xC0000158 (data): wrote 0x00800613, expected 0x00800e13 (cycle 33916)
         0xFFFF0030 (data): unexpected write 0x00000004 (cycle 34076)
         0xFFFF0070 (data): expected write missing, needed 0x00000004 (cycle 34076)
  [81] ✓ INSTR_WORD_MOD_FULL @ step 1661: 0 failures, 2931ms, outcome: REJECTED, exit: 101 [proof:GENERATED] G=memory[GO]
       r=0.258  T_new=0.00 F_new=0.78 F_rare=1.00 U=0 Q=0.61 Q_l=1.00 Q_g=0.61 dl=0 dg=3
       Value: 0xFFFFE097 -> 0xFFFFE897
       Original: AUIPC x1, 0xffffe000
       Mutated:  AUIPC x17, 0xffffe000
       zkVM errors (3 lines):
         • [prover_impl.rs:280] verify segment (internal proof verification failed)
         • [ffi.cpp:113] address mismatch at cycle 18305: preflight=0x3fffc021, actual=0x3fffc031
         • [kernels/cxx/ffi.cpp:208] SKIP THROW: memory peek not in preflight
       Global: memory permutation violated [GLOBAL-ONLY]
         x1/ra: unexpected write 0x002024d4 (cycle 36594)
         x17/a7: expected write missing, needed 0x002024d4 (cycle 36594)
         0x0020AF34 (code): wrote 0xffffe097, expected 0xffffe897 (cycle 22694)
  [82] ✓ INSTR_WORD_MOD_FULL @ step 3877: 1 failures, 2946ms, outcome: REJECTED, exit: 101 [proof:GENERATED] [+1 new] G=memory
       r=0.237  T_new=0.00 F_new=0.63 F_rare=1.00 U=0 Q=0.61 Q_l=0.72 Q_g=0.85 dl=1 dg=1
       Value: 0x0C812403 -> 0x0C912403
       Original: LW x8, 200(x2)
       Mutated:  LW x8, 201(x2)
       zkVM errors (1 lines):
         • [prover_impl.rs:280] verify segment (internal proof verification failed)
       Local constraints hit (1 unique):
         - OpLW@inst_mem.zir:108
           cycle=20827, step=3877, pc=0x00203BF0, major=5, minor=2
       Global: memory permutation violated
         0x00203BEC (code): wrote 0x0c812403, expected 0x0c912403 (cycle 11866)
  [83] ✓ INSTR_WORD_MOD_FULL @ step 1790: 1 failures, 2940ms, outcome: REJECTED, exit: 101 [proof:GENERATED] G=memory
       r=0.161  T_new=0.00 F_new=0.39 F_rare=0.70 U=0 Q=0.61 Q_l=0.72 Q_g=0.85 dl=1 dg=1
       Value: 0x00150513 -> 0x00151513
       Original: ADDI x10, x10, 1
       Mutated:  SLLI x10, x10, 1
       zkVM errors (1 lines):
         • [prover_impl.rs:280] verify segment (internal proof verification failed)
       Local constraints hit (1 unique):
         - VerifyOpcodeF3@inst.zir:97
           cycle=18434, step=1790, pc=0x002184D4, major=0, minor=7
       Global: memory permutation violated
         0x002184D0 (code): wrote 0x00150513, expected 0x00151513 (cycle 36854)
  [84] ✓ INSTR_WORD_MOD_SUR @ step 752: 16 failures, 2945ms, outcome: REJECTED, exit: 101 [proof:GENERATED] [+2 new] G=memory
       r=0.006  T_new=0.00 F_new=1.00 F_rare=1.00 U=0 Q=0.01 Q_l=0.07 Q_g=0.19 dl=8 dg=10
       Value: 0x0DC0006F -> 0x7EFE106F
       Surgical: imm = 220 -> 925678
       Original: JAL x0, 220
       Mutated:  JAL x0, 925678
       zkVM errors (3 lines):
         • [prover_impl.rs:280] verify segment (internal proof verification failed)
         • [ffi.cpp:113] address mismatch at cycle 17367: preflight=0x3fffc000, actual=0x3fffc01c
         • [kernels/cxx/ffi.cpp:208] SKIP THROW: memory peek not in preflight
       Local constraints hit (3 unique):
         - ControlMRET@inst_control.zir:89
           cycle=17383, step=762, pc=0x00206174, major=7, minor=3
         - DecodeInst@inst.zir:29 (x9)
           cycle=17368, step=753, pc=0xC0000138, major=0, minor=7
         - ECall0@inst_ecall.zir:203 (x6)
           cycle=17374, step=759, pc=0xC000014C, major=8, minor=0
       Global: memory permutation violated (28 addrs: 28 data)
         0xC0000058 (data): wrote 0x0dc0006f, expected 0x7efe106f (cycle 34568)
         0xC0000134 (data): unexpected write 0x00100893 (cycle 34570)
         0xC0000138 (data): unexpected write 0x03022503 (cycle 34572)
         + 25 more addresses
  [85] ✓ MEM_VAL_MOD @ step 1168: 2 failures, 2943ms, outcome: REJECTED, exit: 101 [proof:GENERATED] G=memory
       r=0.130  T_new=0.00 F_new=0.39 F_rare=0.85 U=0 Q=0.43 Q_l=0.51 Q_g=0.85 dl=2 dg=1
       Value: 0x00000000 -> 0x80629121
       Transaction: store_rmw_read (READ) at address 0x00200384
       zkVM errors (1 lines):
         • [prover_impl.rs:280] verify segment (internal proof verification failed)
       Local constraints hit (2 unique):
         - IsRead@mem.zir:79
           cycle=17812, step=1168, pc=0x00208AC4, major=6, minor=2
         - IsRead@mem.zir:80
           cycle=17812, step=1168, pc=0x00208AC4, major=6, minor=2
       Global: memory permutation violated
         0x00200384 (data): wrote 0x80629121, expected 0x00000000 (cycle 35624)
  [86] ✓ STORE_OUT_MOD @ step 2154: 2 failures, 2941ms, outcome: REJECTED, exit: 101 [proof:GENERATED] G=memory
       r=0.112  T_new=0.00 F_new=0.39 F_rare=0.68 U=0 Q=0.43 Q_l=0.51 Q_g=0.85 dl=2 dg=1
       Value: 0x00000000 -> 0xFFFFFFFE
       Store address: 0x00221498
       zkVM errors (1 lines):
         • [prover_impl.rs:280] verify segment (internal proof verification failed)
       Local constraints hit (2 unique):
         - MemoryWrite@mem.zir:100
           cycle=18808, step=2154, pc=0x0020256C, major=6, minor=2
         - MemoryWrite@mem.zir:99
           cycle=18808, step=2154, pc=0x0020256C, major=6, minor=2
       Global: memory permutation violated
         0x00221498 (code): wrote 0xfffffffe, expected 0x00000000 (cycle 37617)
  [87] ✓ INSTR_WORD_MOD_FULL @ step 1858: 0 failures, 2943ms, outcome: REJECTED, exit: 101 [proof:GENERATED] G=memory[GO]
       r=0.257  T_new=0.00 F_new=0.78 F_rare=1.00 U=0 Q=0.61 Q_l=1.00 Q_g=0.61 dl=0 dg=3
       Value: 0x00C12983 -> 0x00C02983
       Original: LW x19, 12(x2)
       Mutated:  LW x19, 12(x0)
       zkVM errors (3 lines):
         • [prover_impl.rs:280] verify segment (internal proof verification failed)
         • [ffi.cpp:113] address mismatch at cycle 18507: preflight=0x3fffc022, actual=0x3fffc020
         • [kernels/cxx/ffi.cpp:208] SKIP THROW: memory peek not in preflight
       Global: memory permutation violated [GLOBAL-ONLY]
         x0/zero: expected write missing, needed 0x00200060 (cycle 37012)
         x2/sp: unexpected write 0x00200060 (cycle 37012)
         0x00206004 (code): wrote 0x00c12983, expected 0x00c02983 (cycle 17686)
  [88] ✓ INSTR_WORD_MOD_FULL @ step 3801: 1 failures, 2934ms, outcome: REJECTED, exit: 101 [proof:GENERATED] G=memory
       r=0.237  T_new=0.00 F_new=0.63 F_rare=1.00 U=0 Q=0.61 Q_l=0.72 Q_g=0.85 dl=1 dg=1
       Value: 0xC0002737 -> 0xC0002717
       Original: LUI x14, 0xc0002000
       Mutated:  AUIPC x14, 0xc0002000
       zkVM errors (1 lines):
         • [prover_impl.rs:280] verify segment (internal proof verification failed)
       Local constraints hit (1 unique):
         - VerifyOpcode@inst.zir:91
           cycle=20677, step=3801, pc=0xC0000544, major=2, minor=5
       Global: memory permutation violated
         0xC0000540 (data): wrote 0xc0002737, expected 0xc0002717 (cycle 40710)
  [89] ✓ INSTR_WORD_MOD_FULL @ step 938: 1 failures, 2951ms, outcome: REJECTED, exit: 101 [proof:GENERATED] G=memory
       r=0.182  T_new=0.00 F_new=0.39 F_rare=0.85 U=0 Q=0.61 Q_l=0.72 Q_g=0.85 dl=1 dg=1
       Value: 0x00008067 -> 0x0000A067
       Original: JALR x0, x1, 0
       Mutated:  JALR x0, x1, 0
       zkVM errors (1 lines):
         • [prover_impl.rs:280] verify segment (internal proof verification failed)
       Local constraints hit (1 unique):
         - VerifyOpcodeF3@inst.zir:97
           cycle=17571, step=938, pc=0x00200A24, major=2, minor=4
       Global: memory permutation violated
         0x002031F8 (code): wrote 0x00008067, expected 0x0000a067 (cycle 34974)
  [90] ✓ PRE_EXEC_REG_MOD @ step 316: 4 failures, 2940ms, outcome: REJECTED, exit: 101 [proof:GENERATED] G=memory
       r=0.024  T_new=0.00 F_new=1.00 F_rare=1.00 U=0 Q=0.05 Q_l=0.26 Q_g=0.19 dl=4 dg=10
       Value: 0x80000007 -> 0xC5E7A9B2
       Register: x11 (a1), READ, strategy=next_read
       zkVM errors (3 lines):
         • [prover_impl.rs:280] verify segment (internal proof verification failed)
         • [ffi.cpp:113] address mismatch at cycle 16902: preflight=0x00080217, actual=0x0008032e
         • [kernels/cxx/buffers.h:43] SKIP THROW: Inconsistent set
       Local constraints hit (3 unique):
         - IsRead@mem.zir:79
           cycle=16901, step=316, pc=0x0020085C, major=1, minor=6
         - IsRead@mem.zir:80
           cycle=16901, step=316, pc=0x0020085C, major=1, minor=6
         - MemoryWrite@mem.zir:99 (x2)
           cycle=16910, step=325, pc=0x0020088C, major=2, minor=6
       Global: memory permutation violated (21 addrs: 1 register, 20 code)
         x11/a1: wrote 0xc5e7a9b2, expected 0x80000007 (cycle 33802)
         + 20 code addresses diverged (instruction fetch cascade)
  [91] ✓ COMP_OUT_MOD @ step 3357: 1 failures, 2963ms, outcome: REJECTED, exit: 101 [proof:GENERATED] G=memory
       r=0.237  T_new=0.00 F_new=0.63 F_rare=1.00 U=0 Q=0.61 Q_l=0.72 Q_g=0.85 dl=1 dg=1
       Value: 0x00000000 -> 0x20000000
       Destination: rd = x11 (a1)
       zkVM errors (1 lines):
         • [prover_impl.rs:280] verify segment (internal proof verification failed)
       Local constraints hit (1 unique):
         - MemoryWrite@mem.zir:100
           cycle=20159, step=3357, pc=0x0020346C, major=1, minor=2
       Global: memory permutation violated
         x11/a1: wrote 0x20000000, expected 0x00000000 (cycle 40319)
  [92] ✓ COMP_OUT_MOD @ step 534: 2 failures, 2963ms, outcome: REJECTED, exit: 101 [proof:GENERATED] G=memory
       r=0.124  T_new=0.00 F_new=0.39 F_rare=0.79 U=0 Q=0.43 Q_l=0.51 Q_g=0.85 dl=2 dg=1
       Value: 0x00000000 -> 0x1BEBA342
       Destination: rd = x15 (a5)
       zkVM errors (1 lines):
         • [prover_impl.rs:280] verify segment (internal proof verification failed)
       Local constraints hit (2 unique):
         - MemoryWrite@mem.zir:100
           cycle=17137, step=534, pc=0x002061B8, major=0, minor=1
         - MemoryWrite@mem.zir:99
           cycle=17137, step=534, pc=0x002061B8, major=0, minor=1
       Global: memory permutation violated
         x15/a5: wrote 0x1beba342, expected 0x00000000 (cycle 34275)
  [93] ✓ INSTR_WORD_MOD_FULL @ step 602: 5 failures, 2933ms, outcome: REJECTED, exit: 101 [proof:GENERATED] G=memory
       r=0.033  T_new=0.00 F_new=0.99 F_rare=1.00 U=0 Q=0.07 Q_l=0.19 Q_g=0.37 dl=5 dg=6
       Value: 0x00261613 -> 0x9B7FAAA3
       Original: SLLI x12, x12, 2
       Mutated:  SW x23, -1611(x31)
       Format changed: I -> S
       zkVM errors (3 lines):
         • [prover_impl.rs:280] verify segment (internal proof verification failed)
         • [ffi.cpp:113] address mismatch at cycle 17205: preflight=0x3fffc00c, actual=0x3fffc01f
         • [kernels/cxx/ffi.cpp:208] SKIP THROW: memory peek not in preflight
       Local constraints hit (5 unique):
         - MemoryWrite@mem.zir:100
           cycle=17205, step=602, pc=0xC0000148, major=3, minor=1
         - MemoryWrite@mem.zir:99
           cycle=17205, step=602, pc=0xC0000148, major=3, minor=1
         - VerifyOpcodeF3F7@inst.zir:102
           cycle=17205, step=602, pc=0xC0000148, major=3, minor=1
         - VerifyOpcodeF3F7@inst.zir:103
           cycle=17205, step=602, pc=0xC0000148, major=3, minor=1
         - VerifyOpcodeF3F7@inst.zir:104
           cycle=17205, step=602, pc=0xC0000148, major=3, minor=1
       Global: memory permutation violated
         0xC0000144 (data): wrote 0x00261613, expected 0x9b7faaa3 (cycle 34238)
         0xFFFF0008 (data): unexpected write 0xfff00000 (cycle 34394)
         0xFFFF0030 (data): unexpected write 0x00000001 (cycle 34409)
         0xFFFF0054 (data): expected write missing, needed 0x00000001 (cycle 34410)
         0xFFFF005C (data): expected write missing, needed 0xfff00000 (cycle 34394)
         0xFFFF007C (data): expected write missing, needed 0x00000001 (cycle 34409)
  [94] ✓ INSTR_WORD_MOD_SUR @ step 1811: 1 failures, 2980ms, outcome: REJECTED, exit: 101 [proof:GENERATED] G=memory
       r=0.158  T_new=0.00 F_new=0.39 F_rare=0.69 U=0 Q=0.61 Q_l=0.72 Q_g=0.85 dl=1 dg=1
       Value: 0x00150513 -> 0x00157513
       Surgical: funct3 = 0 -> 7
       Original: ADDI x10, x10, 1
       Mutated:  ANDI x10, x10, 1
       zkVM errors (1 lines):
         • [prover_impl.rs:280] verify segment (internal proof verification failed)
       Local constraints hit (1 unique):
         - VerifyOpcodeF3@inst.zir:97
           cycle=18455, step=1811, pc=0x002184D4, major=0, minor=7
       Global: memory permutation violated
         0x002184D0 (code): wrote 0x00150513, expected 0x00157513 (cycle 36896)
  [95] ✓ LOAD_VAL_MOD @ step 3171: 2 failures, 2946ms, outcome: REJECTED, exit: 101 [proof:GENERATED] G=memory
       r=0.111  T_new=0.00 F_new=0.39 F_rare=0.67 U=0 Q=0.43 Q_l=0.51 Q_g=0.85 dl=2 dg=1
       Value: 0x20000000 -> 0x2BA815A3
       Load destination: rd = x22 (s6)
       zkVM errors (1 lines):
         • [prover_impl.rs:280] verify segment (internal proof verification failed)
       Local constraints hit (2 unique):
         - MemoryWrite@mem.zir:100
           cycle=19973, step=3171, pc=0x0020583C, major=5, minor=2
         - MemoryWrite@mem.zir:99
           cycle=19973, step=3171, pc=0x0020583C, major=5, minor=2
       Global: memory permutation violated
         x22/s6: wrote 0x2ba815a3, expected 0x20000000 (cycle 39947)
  [96] ✓ INSTR_TYPE_MOD @ step 2922: 4 failures, 2971ms, outcome: REJECTED, exit: 101 [proof:GENERATED] G=memory
       r=0.088  T_new=0.00 F_new=0.95 F_rare=1.00 U=0 Q=0.19 Q_l=0.26 Q_g=0.72 dl=4 dg=2
       Value: 0x00010002 -> 0x00050000
       Original: AndI [major=1, minor=2]
       Mutated:  Lb [major=5, minor=0]
       zkVM errors (3 lines):
         • [prover_impl.rs:280] verify segment (internal proof verification failed)
         • [ffi.cpp:113] address mismatch at cycle 19650: preflight=0x3fffc03c, actual=0x00086b4a
         • [kernels/cxx/ffi.cpp:208] SKIP THROW: memory peek not in preflight
       Local constraints hit (4 unique):
         - MemoryWrite@mem.zir:100
           cycle=19650, step=2922, pc=0x002053AC, major=5, minor=0
         - MemoryWrite@mem.zir:99
           cycle=19650, step=2922, pc=0x002053AC, major=5, minor=0
         - VerifyOpcodeF3@inst.zir:96
           cycle=19650, step=2922, pc=0x002053AC, major=5, minor=0
         - VerifyOpcodeF3@inst.zir:97
           cycle=19650, step=2922, pc=0x002053AC, major=5, minor=0
       Global: memory permutation violated
         x28/t3: unexpected write 0x00000000 (cycle 39064)
         0x0021AD28 (code): expected write missing, needed 0x00000000 (cycle 39064)
  [97] ✓ MEM_VAL_MOD @ step 795: 18 failures, 2933ms, outcome: REJECTED, exit: 101 [proof:GENERATED] G=memory
       r=0.002  T_new=0.00 F_new=1.00 F_rare=1.00 U=0 Q=0.00 Q_l=0.03 Q_g=0.19 dl=11 dg=10
       Value: 0x7A8080E7 -> 0x2BEDE9B6
       Transaction: other_mem_read (READ) at address 0x002009e4
       zkVM errors (3 lines):
         • [prover_impl.rs:280] verify segment (internal proof verification failed)
         • [ffi.cpp:113] address mismatch at cycle 17416: preflight=0x3fffc021, actual=0x3fffc03b
         • [kernels/cxx/ffi.cpp:208] SKIP THROW: memory peek not in preflight
       Local constraints hit (6 unique):
         - DecodeInst@inst.zir:29 (x12)
           cycle=17417, step=796, pc=0x0020318C, major=0, minor=7
         - IsRead@mem.zir:79
           cycle=17416, step=795, pc=0x00203188, major=2, minor=4
         - IsRead@mem.zir:80
           cycle=17416, step=795, pc=0x00203188, major=2, minor=4
         - MemoryWrite@mem.zir:99 (x2)
           cycle=17427, step=806, pc=0x002031B4, major=2, minor=6
         - VerifyOpcodeF3@inst.zir:96
           cycle=17416, step=795, pc=0x00203188, major=2, minor=4
         - VerifyOpcodeF3@inst.zir:97
           cycle=17416, step=795, pc=0x00203188, major=2, minor=4
       Global: memory permutation violated (30 addrs: 5 register, 25 code)
         x1/ra: unexpected write 0x002029e0 (cycle 34831)
         x8/s0: unexpected write 0x00000001 (cycle 34824)
         x19/s3: expected write missing, needed 0x002029e0 (cycle 34832)
         + 25 code addresses diverged (instruction fetch cascade)
         + 2 more addresses
  [98] ✓ INSTR_WORD_MOD_SUR @ step 3190: 1 failures, 2948ms, outcome: REJECTED, exit: 101 [proof:GENERATED] G=memory
       r=0.237  T_new=0.00 F_new=0.63 F_rare=1.00 U=0 Q=0.61 Q_l=0.72 Q_g=0.85 dl=1 dg=1
       Value: 0x00852583 -> 0x00857583
       Surgical: funct3 = 2 -> 7
       Original: LW x11, 8(x10)
       Mutated:  LOAD.7 x11, 8(x10)
       zkVM errors (1 lines):
         • [prover_impl.rs:280] verify segment (internal proof verification failed)
       Local constraints hit (1 unique):
         - VerifyOpcodeF3@inst.zir:97
           cycle=19992, step=3190, pc=0x00204B3C, major=5, minor=2
       Global: memory permutation violated
         0x00204B38 (code): wrote 0x00852583, expected 0x00857583 (cycle 14322)
  [99] ✓ INSTR_WORD_MOD_SUR @ step 43: 0 failures, 2931ms, outcome: REJECTED, exit: 101 [proof:GENERATED] G=memory[GO]
       r=0.257  T_new=0.00 F_new=0.78 F_rare=1.00 U=0 Q=0.61 Q_l=1.00 Q_g=0.61 dl=0 dg=3
       Value: 0x00100593 -> 0x00100993
       Surgical: rd = 11 -> 19
       Original: ADDI x11, x0, 1
       Mutated:  ADDI x19, x0, 1
       zkVM errors (3 lines):
         • [prover_impl.rs:280] verify segment (internal proof verification failed)
         • [ffi.cpp:113] address mismatch at cycle 16616: preflight=0x3fffc02b, actual=0x3fffc033
         • [kernels/cxx/ffi.cpp:208] SKIP THROW: memory peek not in preflight
       Global: memory permutation violated [GLOBAL-ONLY]
         x11/a1: unexpected write 0x00000000 (cycle 33230)
         x19/s3: expected write missing, needed 0x00000000 (cycle 33230)
         0x00201060 (code): wrote 0x00100593, expected 0x00100993 (cycle 6154)
  [100] ✓ STORE_OUT_MOD @ step 319: 1 failures, 2911ms, outcome: REJECTED, exit: 101 [proof:GENERATED] G=memory
       r=0.153  T_new=0.00 F_new=0.39 F_rare=0.65 U=0 Q=0.61 Q_l=0.72 Q_g=0.85 dl=1 dg=1
       Value: 0x00000000 -> 0x20000000
       Store address: 0x00200368
       zkVM errors (1 lines):
         • [prover_impl.rs:280] verify segment (internal proof verification failed)
       Local constraints hit (1 unique):
         - MemoryWrite@mem.zir:100
           cycle=16904, step=319, pc=0x00200874, major=6, minor=2
       Global: memory permutation violated
         0x00200368 (data): wrote 0x20000000, expected 0x00000000 (cycle 33809)
  [101] ✓ INSTR_WORD_MOD_SUR @ step 2732: 0 failures, 2942ms, outcome: REJECTED, exit: 101 [proof:GENERATED] G=memory[GO]
       r=0.257  T_new=0.00 F_new=0.78 F_rare=1.00 U=0 Q=0.61 Q_l=1.00 Q_g=0.61 dl=0 dg=3
       Value: 0x02A12C23 -> 0x02A6AC23
       Surgical: rs1 = 2 -> 13
       Original: SW x10, 56(x2)
       Mutated:  SW x10, 56(x13)
       zkVM errors (3 lines):
         • [prover_impl.rs:280] verify segment (internal proof verification failed)
         • [ffi.cpp:113] address mismatch at cycle 19460: preflight=0x3fffc022, actual=0x3fffc02d
         • [kernels/cxx/ffi.cpp:208] SKIP THROW: memory peek not in preflight
       Global: memory permutation violated [GLOBAL-ONLY]
         x2/sp: unexpected write 0x00200300 (cycle 38918)
         x13/a3: expected write missing, needed 0x00200300 (cycle 38918)
         0x002016B8 (code): wrote 0x02a12c23, expected 0x02a6ac23 (cycle 7158)
  [102] ✓ COMP_OUT_MOD @ step 3405: 2 failures, 2941ms, outcome: REJECTED, exit: 101 [proof:GENERATED] G=memory
       r=0.113  T_new=0.00 F_new=0.39 F_rare=0.69 U=0 Q=0.43 Q_l=0.51 Q_g=0.85 dl=2 dg=1
       Value: 0x00000010 -> 0x9B8F97B8
       Destination: rd = x12 (a2)
       zkVM errors (1 lines):
         • [prover_impl.rs:280] verify segment (internal proof verification failed)
       Local constraints hit (2 unique):
         - MemoryWrite@mem.zir:100
           cycle=20207, step=3405, pc=0x00203440, major=0, minor=7
         - MemoryWrite@mem.zir:99
           cycle=20207, step=3405, pc=0x00203440, major=0, minor=7
       Global: memory permutation violated
         x12/a2: wrote 0x9b8f97b8, expected 0x00000010 (cycle 40415)
  [103] ✓ INSTR_WORD_MOD_SUR @ step 1695: 1 failures, 2934ms, outcome: REJECTED, exit: 101 [proof:GENERATED] G=memory
       r=0.167  T_new=0.00 F_new=0.39 F_rare=0.75 U=0 Q=0.61 Q_l=0.72 Q_g=0.85 dl=1 dg=1
       Value: 0x16450513 -> 0x16450573
       Surgical: opcode = 19 -> 115
       Original: ADDI x10, x10, 356
       Mutated:  SYSTEM.0 x10, x10, 356
       zkVM errors (1 lines):
         • [prover_impl.rs:280] verify segment (internal proof verification failed)
       Local constraints hit (1 unique):
         - VerifyOpcodeF3@inst.zir:96
           cycle=18339, step=1695, pc=0x00205FC0, major=0, minor=7
       Global: memory permutation violated
         0x00205FBC (code): wrote 0x16450513, expected 0x16450573 (cycle 17622)
  [104] ✓ INSTR_WORD_MOD_SUR @ step 12: 1 failures, 2939ms, outcome: REJECTED, exit: 101 [proof:GENERATED] G=memory
       r=0.156  T_new=0.00 F_new=0.39 F_rare=0.68 U=0 Q=0.61 Q_l=0.72 Q_g=0.85 dl=1 dg=1
       Value: 0x40000993 -> 0x40001993
       Surgical: funct3 = 0 -> 1
       Original: ADDI x19, x0, 1024
       Mutated:  SLLI x19, x0, 1024
       zkVM errors (1 lines):
         • [prover_impl.rs:280] verify segment (internal proof verification failed)
       Local constraints hit (1 unique):
         - VerifyOpcodeF3@inst.zir:97
           cycle=16585, step=12, pc=0xC0000034, major=0, minor=7
       Global: memory permutation violated
         0xC0000030 (data): wrote 0x40000993, expected 0x40001993 (cycle 29942)
  [105] ✓ LOAD_VAL_MOD @ step 2639: 2 failures, 2953ms, outcome: REJECTED, exit: 101 [proof:GENERATED] G=memory
       r=0.110  T_new=0.00 F_new=0.39 F_rare=0.66 U=0 Q=0.43 Q_l=0.51 Q_g=0.85 dl=2 dg=1
       Value: 0xC3D4E0D9 -> 0x3A4A7F0E
       Load destination: rd = x15 (a5)
       zkVM errors (1 lines):
         • [prover_impl.rs:280] verify segment (internal proof verification failed)
       Local constraints hit (2 unique):
         - MemoryWrite@mem.zir:100
           cycle=19367, step=2639, pc=0x0020341C, major=5, minor=2
         - MemoryWrite@mem.zir:99
           cycle=19367, step=2639, pc=0x0020341C, major=5, minor=2
       Global: memory permutation violated
         x15/a5: wrote 0x3a4a7f0e, expected 0xc3d4e0d9 (cycle 38735)
  [106] ✓ INSTR_WORD_MOD_SUR @ step 1177: 0 failures, 2946ms, outcome: REJECTED, exit: 101 [proof:GENERATED] G=memory[GO]
       r=0.257  T_new=0.00 F_new=0.78 F_rare=1.00 U=0 Q=0.61 Q_l=1.00 Q_g=0.61 dl=0 dg=3
       Value: 0xFC040FA3 -> 0xFC048FA3
       Surgical: rs1 = 8 -> 9
       Original: SB x0, -33(x8)
       Mutated:  SB x0, -33(x9)
       zkVM errors (3 lines):
         • [prover_impl.rs:280] verify segment (internal proof verification failed)
         • [ffi.cpp:113] address mismatch at cycle 17821: preflight=0x3fffc028, actual=0x3fffc029
         • [kernels/cxx/ffi.cpp:208] SKIP THROW: memory peek not in preflight
       Global: memory permutation violated [GLOBAL-ONLY]
         x8/s0: unexpected write 0x00200390 (cycle 35633)
         x9/s1: expected write missing, needed 0x00200390 (cycle 35633)
         0x00208AE4 (code): wrote 0xfc040fa3, expected 0xfc048fa3 (cycle 19434)
  [107] ✓ INSTR_WORD_MOD_SUR @ step 784: 3 failures, 2974ms, outcome: REJECTED, exit: 101 [proof:GENERATED] G=memory|cycle
       r=0.046  T_new=0.00 F_new=0.99 F_rare=1.00 U=0 Q=0.10 Q_l=0.37 Q_g=0.26 dl=3 dg=8
       Value: 0x80000A37 -> 0x0FEADA37
       Surgical: imm = 2147483648 -> 267046912
       Original: LUI x20, 0x80000000
       Mutated:  LUI x20, 0xfead000
       zkVM errors (3 lines):
         • [prover_impl.rs:280] verify segment (internal proof verification failed)
         • [ffi.cpp:113] address mismatch at cycle 17405: preflight=0x3fffc020, actual=0x3fffc035
         • [kernels/cxx/ffi.cpp:208] SKIP THROW: memory peek not in preflight
       Local constraints hit (3 unique):
         - IsRead@mem.zir:79
           cycle=17405, step=784, pc=0x002009BC, major=2, minor=5
         - MemoryWrite@mem.zir:100
           cycle=17405, step=784, pc=0x002009BC, major=2, minor=5
         - MemoryWrite@mem.zir:99
           cycle=17405, step=784, pc=0x002009BC, major=2, minor=5
       Global: memory permutation violated
         x0/zero: unexpected write 0x00000000 (cycle 34806)
         x20/s4: expected write missing, needed 0x007a0a13 (cycle 5066)
         x21/s5: expected write missing, needed 0x00000000 (cycle 34806)
         x30/t5: expected write missing, needed 0x80000007 (cycle 34644)
         0x002009B8 (code): wrote 0x80000a37, expected 0x0feada37 (cycle 5066)
       Global: cycle lookup violated (3 indices broken)
         index 165: 83 provides, 1 uses (imbalanced)
         index 166: 2 provides, 1 uses (imbalanced)
         index 29744: 1 provides, 1 uses (imbalanced)
  [108] ✓ STORE_OUT_MOD @ step 232: 1 failures, 2969ms, outcome: REJECTED, exit: 101 [proof:GENERATED] G=memory
       r=0.152  T_new=0.00 F_new=0.39 F_rare=0.64 U=0 Q=0.61 Q_l=0.72 Q_g=0.85 dl=1 dg=1
       Value: 0x00000000 -> 0x01000000
       Store address: 0x00200394
       zkVM errors (1 lines):
         • [prover_impl.rs:280] verify segment (internal proof verification failed)
       Local constraints hit (1 unique):
         - MemoryWrite@mem.zir:100
           cycle=16811, step=232, pc=0x00200810, major=6, minor=2
       Global: memory permutation violated
         0x00200394 (data): wrote 0x01000000, expected 0x00000000 (cycle 33623)
  [109] ✓ INSTR_WORD_MOD_FULL @ step 3306: 5 failures, 3006ms, outcome: REJECTED, exit: 101 [proof:GENERATED] G=memory|cycle
       r=0.023  T_new=0.00 F_new=0.98 F_rare=1.00 U=0 Q=0.05 Q_l=0.19 Q_g=0.26 dl=5 dg=8
       Value: 0x02000593 -> 0x8ABEF717
       Original: ADDI x11, x0, 32
       Mutated:  AUIPC x14, 0x8abef000
       Format changed: I -> U
       zkVM errors (3 lines):
         • [prover_impl.rs:280] verify segment (internal proof verification failed)
         • [ffi.cpp:113] address mismatch at cycle 20108: preflight=0x3fffc020, actual=0x3fffc03d
         • [kernels/cxx/ffi.cpp:208] SKIP THROW: memory peek not in preflight
       Local constraints hit (5 unique):
         - IsRead@mem.zir:79
           cycle=20108, step=3306, pc=0x002052E0, major=0, minor=7
         - MemoryWrite@mem.zir:100
           cycle=20108, step=3306, pc=0x002052E0, major=0, minor=7
         - MemoryWrite@mem.zir:99
           cycle=20108, step=3306, pc=0x002052E0, major=0, minor=7
         - VerifyOpcodeF3@inst.zir:96
           cycle=20108, step=3306, pc=0x002052E0, major=0, minor=7
         - VerifyOpcodeF3@inst.zir:97
           cycle=20108, step=3306, pc=0x002052E0, major=0, minor=7
       Global: memory permutation violated
         x0/zero: unexpected write 0x00000000 (cycle 40212)
         x11/a1: unexpected write 0x00000020 (cycle 40216)
         x14/a4: expected write missing, needed 0x00008067 (cycle 40094)
         x29/t4: expected write missing, needed 0x00000000 (cycle 40212)
         0x002052DC (code): wrote 0x02000593, expected 0x8abef717 (cycle 40092)
       Global: cycle lookup violated (3 indices broken)
         index 15: 113 provides, 1 uses (imbalanced)
         index 16: 110 provides, 1 uses (imbalanced)
         index 122: 8 provides, 1 uses (imbalanced)
  [110] ✓ COMP_OUT_MOD @ step 208: 2 failures, 2941ms, outcome: REJECTED, exit: 101 [proof:GENERATED] G=memory
       r=0.184  T_new=0.00 F_new=0.78 F_rare=1.00 U=0 Q=0.43 Q_l=0.51 Q_g=0.85 dl=2 dg=1
       Value: 0x00000000 -> 0xCBAD0737
       Destination: rd = x16 (a6)
       zkVM errors (1 lines):
         • [prover_impl.rs:280] verify segment (internal proof verification failed)
       Local constraints hit (2 unique):
         - MemoryWrite@mem.zir:100
           cycle=16787, step=208, pc=0x0020B8D8, major=1, minor=4
         - MemoryWrite@mem.zir:99
           cycle=16787, step=208, pc=0x0020B8D8, major=1, minor=4
       Global: memory permutation violated
         x16/a6: wrote 0xcbad0737, expected 0x00000000 (cycle 33575)
  [111] ✓ INSTR_WORD_MOD_SUR @ step 1097: 1 failures, 2942ms, outcome: REJECTED, exit: 101 [proof:GENERATED] G=memory
       r=0.236  T_new=0.00 F_new=0.63 F_rare=1.00 U=0 Q=0.61 Q_l=0.72 Q_g=0.85 dl=1 dg=1
       Value: 0x02B57663 -> 0x02B53663
       Surgical: funct3 = 7 -> 3
       Original: BGEU x10, x11, 44
       Mutated:  BRANCH.3 x10, x11, 44
       zkVM errors (1 lines):
         • [prover_impl.rs:280] verify segment (internal proof verification failed)
       Local constraints hit (1 unique):
         - VerifyOpcodeF3@inst.zir:97
           cycle=17741, step=1097, pc=0x00200BF4, major=2, minor=2
       Global: memory permutation violated
         0x00200BF0 (code): wrote 0x02b57663, expected 0x02b53663 (cycle 5426)
  [112] ✓ COMP_OUT_MOD @ step 734: 2 failures, 3037ms, outcome: REJECTED, exit: 101 [proof:GENERATED] G=memory
       r=0.111  T_new=0.00 F_new=0.39 F_rare=0.67 U=0 Q=0.43 Q_l=0.51 Q_g=0.85 dl=2 dg=1
       Value: 0x00000000 -> 0x3524BCB8
       Destination: rd = x13 (a3)
       zkVM errors (1 lines):
         • [prover_impl.rs:280] verify segment (internal proof verification failed)
       Local constraints hit (2 unique):
         - MemoryWrite@mem.zir:100
           cycle=17349, step=734, pc=0x00206144, major=0, minor=7
         - MemoryWrite@mem.zir:99
           cycle=17349, step=734, pc=0x00206144, major=0, minor=7
       Global: memory permutation violated
         x13/a3: wrote 0x3524bcb8, expected 0x00000000 (cycle 34699)
  [113] ✓ STORE_OUT_MOD @ step 1686: 1 failures, 2904ms, outcome: REJECTED, exit: 101 [proof:GENERATED] G=memory
       r=0.155  T_new=0.00 F_new=0.39 F_rare=0.67 U=0 Q=0.61 Q_l=0.72 Q_g=0.85 dl=1 dg=1
       Value: 0x00000000 -> 0x000000FF
       Store address: 0x00200070
       zkVM errors (1 lines):
         • [prover_impl.rs:280] verify segment (internal proof verification failed)
       Local constraints hit (1 unique):
         - MemoryWrite@mem.zir:99
           cycle=18330, step=1686, pc=0x00205F6C, major=6, minor=2
       Global: memory permutation violated
         0x00200070 (data): wrote 0x000000ff, expected 0x00000000 (cycle 36661)
  [114] ✓ INSTR_WORD_MOD_SUR @ step 2684: 0 failures, 2940ms, outcome: REJECTED, exit: 101 [proof:GENERATED] G=memory[GO]
       r=0.257  T_new=0.00 F_new=0.78 F_rare=1.00 U=0 Q=0.61 Q_l=1.00 Q_g=0.61 dl=0 dg=3
       Value: 0x00812783 -> 0xDF812783
       Surgical: imm = 8 -> 3576
       Original: LW x15, 8(x2)
       Mutated:  LW x15, -520(x2)
       zkVM errors (3 lines):
         • [prover_impl.rs:280] verify segment (internal proof verification failed)
         • [ffi.cpp:113] address mismatch at cycle 19412: preflight=0x000800c2, actual=0x0008003e
         • [kernels/cxx/ffi.cpp:208] SKIP THROW: memory peek not in preflight
       Global: memory permutation violated [GLOBAL-ONLY]
         0x002000F8 (data): expected write missing, needed 0x30a10a85 (cycle 38745)
         0x00200308 (data): unexpected write 0x30a10a85 (cycle 38745)
         0x002015E8 (code): wrote 0x00812783, expected 0xdf812783 (cycle 7038)
  [115] ✓ INSTR_WORD_MOD_SUR @ step 2054: 0 failures, 2956ms, outcome: REJECTED, exit: 101 [proof:GENERATED] G=memory[GO]
       r=0.257  T_new=0.00 F_new=0.78 F_rare=1.00 U=0 Q=0.61 Q_l=1.00 Q_g=0.61 dl=0 dg=3
       Value: 0x01C12083 -> 0x01C12503
       Surgical: rd = 1 -> 10
       Original: LW x1, 28(x2)
       Mutated:  LW x10, 28(x2)
       zkVM errors (3 lines):
         • [prover_impl.rs:280] verify segment (internal proof verification failed)
         • [ffi.cpp:113] address mismatch at cycle 18708: preflight=0x3fffc021, actual=0x3fffc02a
         • [kernels/cxx/ffi.cpp:208] SKIP THROW: memory peek not in preflight
       Global: memory permutation violated [GLOBAL-ONLY]
         x1/ra: unexpected write 0x00205fd0 (cycle 37354)
         x10/a0: expected write missing, needed 0x00205fd0 (cycle 37354)
         0x00205FF4 (code): wrote 0x01c12083, expected 0x01c12503 (cycle 37006)
  [116] ✓ INSTR_WORD_MOD_SUR @ step 2960: 0 failures, 2956ms, outcome: REJECTED, exit: 101 [proof:GENERATED] G=memory[GO]
       r=0.257  T_new=0.00 F_new=0.78 F_rare=1.00 U=0 Q=0.61 Q_l=1.00 Q_g=0.61 dl=0 dg=3
       Value: 0x00275713 -> 0x002E5713
       Surgical: rs1 = 14 -> 28
       Original: SRLI x14, x14, 2
       Mutated:  SRLI x14, x28, 2
       zkVM errors (3 lines):
         • [prover_impl.rs:280] verify segment (internal proof verification failed)
         • [ffi.cpp:113] address mismatch at cycle 19688: preflight=0x3fffc02e, actual=0x3fffc03c
         • [kernels/cxx/ffi.cpp:208] SKIP THROW: memory peek not in preflight
       Global: memory permutation violated [GLOBAL-ONLY]
         x14/a4: unexpected write 0x00000010 (cycle 39374)
         x28/t3: expected write missing, needed 0x00000010 (cycle 39374)
         0x0020567C (code): wrote 0x00275713, expected 0x002e5713 (cycle 16134)
  [117] ✓ INSTR_WORD_MOD_SUR @ step 314: 1 failures, 2930ms, outcome: REJECTED, exit: 101 [proof:GENERATED] G=memory
       r=0.181  T_new=0.00 F_new=0.39 F_rare=0.85 U=0 Q=0.61 Q_l=0.72 Q_g=0.85 dl=1 dg=1
       Value: 0x800005B7 -> 0x800005A3
       Surgical: opcode = 55 -> 35
       Original: LUI x11, 0x80000000
       Mutated:  SB x0, -2037(x0)
       zkVM errors (1 lines):
         • [prover_impl.rs:280] verify segment (internal proof verification failed)
       Local constraints hit (1 unique):
         - VerifyOpcode@inst.zir:91
           cycle=16899, step=314, pc=0x00200854, major=2, minor=5
       Global: memory permutation violated
         0x00200850 (code): wrote 0x800005b7, expected 0x800005a3 (cycle 4846)
  [118] ✓ INSTR_TYPE_MOD @ step 2636: 2 failures, 2915ms, outcome: REJECTED, exit: 101 [proof:GENERATED] [+1 new] [+34 touch]
       r=0.302  T_new=0.62 F_new=0.63 F_rare=1.00 U=0 Q=0.51 Q_l=0.51 Q_g=1.00 dl=2 dg=0
       Value: 0x00000007 -> 0x00030007
       Original: AddI [major=0, minor=7]
       Mutated:  Unknown(3,7) [major=3, minor=7] ⚠INVALID
       zkVM errors (1 lines):
         • [prover_impl.rs:280] verify segment (internal proof verification failed)
       Local constraints hit (2 unique):
         - IllegalMulOp@inst_mul.zir:18
           cycle=19364, step=2636, pc=0x00203410, major=3, minor=7
         - MemoryWrite@mem.zir:99
           cycle=19364, step=2636, pc=0x00203410, major=3, minor=7
       Global: no permutation/lookup violations (local-only)
  [119] ✓ INSTR_TYPE_MOD @ step 1499: 5 failures, 2904ms, outcome: REJECTED, exit: 101 [proof:GENERATED] [+49 touch]
       r=0.130  T_new=0.75 F_new=0.92 F_rare=1.00 U=0 Q=0.19 Q_l=0.19 Q_g=1.00 dl=5 dg=0
       Value: 0x00000007 -> 0x00040006
       Original: AddI [major=0, minor=7]
       Mutated:  Rem [major=4, minor=6]
       zkVM errors (1 lines):
         • [prover_impl.rs:280] verify segment (internal proof verification failed)
       Local constraints hit (5 unique):
         - MemoryWrite@mem.zir:100
           cycle=18143, step=1499, pc=0x002184CC, major=4, minor=6
         - MemoryWrite@mem.zir:99
           cycle=18143, step=1499, pc=0x002184CC, major=4, minor=6
         - VerifyOpcodeF3F7@inst.zir:102
           cycle=18143, step=1499, pc=0x002184CC, major=4, minor=6
         - VerifyOpcodeF3F7@inst.zir:103
           cycle=18143, step=1499, pc=0x002184CC, major=4, minor=6
         - VerifyOpcodeF3F7@inst.zir:104
           cycle=18143, step=1499, pc=0x002184CC, major=4, minor=6
       Global: no permutation/lookup violations (local-only)
  [120] ✓ INSTR_TYPE_MOD @ step 2639: 4 failures, 2920ms, outcome: REJECTED, exit: 101 [proof:GENERATED] G=memory
       r=0.088  T_new=0.00 F_new=0.95 F_rare=1.00 U=0 Q=0.19 Q_l=0.26 Q_g=0.72 dl=4 dg=2
       Value: 0x00050002 -> 0x00000002
       Original: Lw [major=5, minor=2]
       Mutated:  Xor [major=0, minor=2]
       zkVM errors (3 lines):
         • [prover_impl.rs:280] verify segment (internal proof verification failed)
         • [ffi.cpp:113] address mismatch at cycle 19367: preflight=0x000800e3, actual=0x3fffc020
         • [kernels/cxx/ffi.cpp:208] SKIP THROW: memory peek not in preflight
       Local constraints hit (4 unique):
         - MemoryWrite@mem.zir:100
           cycle=19367, step=2639, pc=0x0020341C, major=0, minor=2
         - MemoryWrite@mem.zir:99
           cycle=19367, step=2639, pc=0x0020341C, major=0, minor=2
         - VerifyOpcodeF3F7@inst.zir:102
           cycle=19367, step=2639, pc=0x0020341C, major=0, minor=2
         - VerifyOpcodeF3F7@inst.zir:103
           cycle=19367, step=2639, pc=0x0020341C, major=0, minor=2
       Global: memory permutation violated
         0x0020038C (data): unexpected write 0xc3d4e0d9 (cycle 38679)
         x0/zero: expected write missing, needed 0xc3d4e0d9 (cycle 38679)
  [121] ✓ INSTR_WORD_MOD_SUR @ step 861: 0 failures, 2935ms, outcome: REJECTED, exit: 101 [proof:GENERATED] G=memory[GO]
       r=0.257  T_new=0.00 F_new=0.78 F_rare=1.00 U=0 Q=0.61 Q_l=1.00 Q_g=0.61 dl=0 dg=3
       Value: 0x01012503 -> 0x01012F03
       Surgical: rd = 10 -> 30
       Original: LW x10, 16(x2)
       Mutated:  LW x30, 16(x2)
       zkVM errors (3 lines):
         • [prover_impl.rs:280] verify segment (internal proof verification failed)
         • [ffi.cpp:113] address mismatch at cycle 17488: preflight=0x3fffc02a, actual=0x3fffc03e
         • [kernels/cxx/ffi.cpp:208] SKIP THROW: memory peek not in preflight
       Global: memory permutation violated [GLOBAL-ONLY]
         x10/a0: unexpected write 0x80000007 (cycle 34964)
         x30/t5: expected write missing, needed 0x80000007 (cycle 34964)
         0x002009E8 (code): wrote 0x01012503, expected 0x01012f03 (cycle 5106)
  [122] ✓ INSTR_WORD_MOD_SUR @ step 1879: 0 failures, 2949ms, outcome: REJECTED, exit: 101 [proof:GENERATED] G=memory[GO]
       r=0.257  T_new=0.00 F_new=0.78 F_rare=1.00 U=0 Q=0.61 Q_l=1.00 Q_g=0.61 dl=0 dg=3
       Value: 0x0280006F -> 0x028004EF
       Surgical: rd = 0 -> 9
       Original: JAL x0, 40
       Mutated:  JAL x9, 40
       zkVM errors (3 lines):
         • [prover_impl.rs:280] verify segment (internal proof verification failed)
         • [ffi.cpp:113] address mismatch at cycle 18528: preflight=0x3fffc060, actual=0x3fffc029
         • [kernels/cxx/ffi.cpp:208] SKIP THROW: memory peek not in preflight
       Global: memory permutation violated [GLOBAL-ONLY]
         x9/s1: expected write missing, needed 0x00000000 (cycle 37055)
         0xFFFF0180 (data): unexpected write 0x00000000 (cycle 37055)
         0x0020AF48 (code): wrote 0x0280006f, expected 0x028004ef (cycle 22714)
  [123] ✓ INSTR_WORD_MOD_SUR @ step 182: 0 failures, 2956ms, outcome: REJECTED, exit: 101 [proof:GENERATED] G=memory[GO]
       r=0.257  T_new=0.00 F_new=0.78 F_rare=1.00 U=0 Q=0.61 Q_l=1.00 Q_g=0.61 dl=0 dg=3
       Value: 0x80050513 -> 0x80018513
       Surgical: rs1 = 10 -> 3
       Original: ADDI x10, x10, -2048
       Mutated:  ADDI x10, x3, -2048
       zkVM errors (3 lines):
         • [prover_impl.rs:280] verify segment (internal proof verification failed)
         • [ffi.cpp:113] address mismatch at cycle 16761: preflight=0x3fffc02a, actual=0x3fffc023
         • [kernels/cxx/ffi.cpp:208] SKIP THROW: memory peek not in preflight
       Global: memory permutation violated [GLOBAL-ONLY]
         x3/gp: expected write missing, needed 0x00201000 (cycle 33521)
         x10/a0: unexpected write 0x00201000 (cycle 33521)
         0x00200EB8 (code): wrote 0x80050513, expected 0x80018513 (cycle 5870)
  [124] ✓ INSTR_WORD_MOD_SUR @ step 1137: 1 failures, 2959ms, outcome: REJECTED, exit: 101 [proof:GENERATED] G=memory
       r=0.172  T_new=0.00 F_new=0.39 F_rare=0.79 U=0 Q=0.61 Q_l=0.72 Q_g=0.85 dl=1 dg=1
       Value: 0x002215B7 -> 0x002215EF
       Surgical: opcode = 55 -> 111
       Original: LUI x11, 0x221000
       Mutated:  JAL x11, 135170
       zkVM errors (1 lines):
         • [prover_impl.rs:280] verify segment (internal proof verification failed)
       Local constraints hit (1 unique):
         - VerifyOpcode@inst.zir:91
           cycle=17781, step=1137, pc=0x0020B940, major=2, minor=5
       Global: memory permutation violated
         0x0020B93C (code): wrote 0x002215b7, expected 0x002215ef (cycle 23662)
  [125] ✓ PRE_EXEC_REG_MOD @ step 1457: 2 failures, 2945ms, outcome: REJECTED, exit: 101 [proof:GENERATED] G=memory
       r=0.123  T_new=0.00 F_new=0.39 F_rare=0.79 U=0 Q=0.43 Q_l=0.51 Q_g=0.85 dl=2 dg=1
       Value: 0x00202C04 -> 0x4823DD0A
       Register: x1 (ra), READ, strategy=next_read
       zkVM errors (1 lines):
         • [prover_impl.rs:280] verify segment (internal proof verification failed)
       Local constraints hit (2 unique):
         - IsRead@mem.zir:79
           cycle=18101, step=1457, pc=0x002184CC, major=0, minor=7
         - IsRead@mem.zir:80
           cycle=18101, step=1457, pc=0x002184CC, major=0, minor=7
       Global: memory permutation violated
         x1/ra: wrote 0x4823dd0a, expected 0x00202c04 (cycle 36202)
  [126] ✓ LOAD_VAL_MOD @ step 1211: 2 failures, 2946ms, outcome: REJECTED, exit: 101 [proof:GENERATED] G=memory
       r=0.109  T_new=0.00 F_new=0.39 F_rare=0.65 U=0 Q=0.43 Q_l=0.51 Q_g=0.85 dl=2 dg=1
       Value: 0x00000000 -> 0xF7BFB777
       Load destination: rd = x20 (s4)
       zkVM errors (1 lines):
         • [prover_impl.rs:280] verify segment (internal proof verification failed)
       Local constraints hit (2 unique):
         - MemoryWrite@mem.zir:100
           cycle=17855, step=1211, pc=0x00208C48, major=5, minor=2
         - MemoryWrite@mem.zir:99
           cycle=17855, step=1211, pc=0x00208C48, major=5, minor=2
       Global: memory permutation violated
         x20/s4: wrote 0xf7bfb777, expected 0x00000000 (cycle 35711)
  [127] ✓ INSTR_WORD_MOD_SUR @ step 2095: 0 failures, 2943ms, outcome: REJECTED, exit: 101 [proof:GENERATED] G=memory[GO]
       r=0.257  T_new=0.00 F_new=0.78 F_rare=1.00 U=0 Q=0.61 Q_l=1.00 Q_g=0.61 dl=0 dg=3
       Value: 0x03012B03 -> 0x0303AB03
       Surgical: rs1 = 2 -> 7
       Original: LW x22, 48(x2)
       Mutated:  LW x22, 48(x7)
       zkVM errors (3 lines):
         • [prover_impl.rs:280] verify segment (internal proof verification failed)
         • [ffi.cpp:113] address mismatch at cycle 18749: preflight=0x3fffc022, actual=0x3fffc027
         • [kernels/cxx/ffi.cpp:208] SKIP THROW: memory peek not in preflight
       Global: memory permutation violated [GLOBAL-ONLY]
         x2/sp: unexpected write 0x002000a0 (cycle 37496)
         x7/t2: expected write missing, needed 0x002000a0 (cycle 37496)
         0x0020B104 (code): wrote 0x03012b03, expected 0x0303ab03 (cycle 22998)
  [128] ✓ STORE_OUT_MOD @ step 3273: 2 failures, 2966ms, outcome: REJECTED, exit: 101 [proof:GENERATED] G=memory
       r=0.110  T_new=0.00 F_new=0.39 F_rare=0.66 U=0 Q=0.43 Q_l=0.51 Q_g=0.85 dl=2 dg=1
       Value: 0xD7E07D74 -> 0x3EEBFBC6
       Store address: 0x00221574
       zkVM errors (1 lines):
         • [prover_impl.rs:280] verify segment (internal proof verification failed)
       Local constraints hit (2 unique):
         - MemoryWrite@mem.zir:100
           cycle=20075, step=3273, pc=0x00203434, major=6, minor=2
         - MemoryWrite@mem.zir:99
           cycle=20075, step=3273, pc=0x00203434, major=6, minor=2
       Global: memory permutation violated
         0x00221574 (code): wrote 0x3eebfbc6, expected 0xd7e07d74 (cycle 40151)
  [129] ✓ INSTR_WORD_MOD_SUR @ step 633: 0 failures, 2975ms, outcome: REJECTED, exit: 101 [proof:GENERATED] G=memory[GO]
       r=0.257  T_new=0.00 F_new=0.78 F_rare=1.00 U=0 Q=0.61 Q_l=1.00 Q_g=0.61 dl=0 dg=3
       Value: 0x00012623 -> 0x01612623
       Surgical: rs2 = 0 -> 22
       Original: SW x0, 12(x2)
       Mutated:  SW x22, 12(x2)
       zkVM errors (3 lines):
         • [prover_impl.rs:280] verify segment (internal proof verification failed)
         • [ffi.cpp:113] address mismatch at cycle 17242: preflight=0x3fffc020, actual=0x3fffc036
         • [kernels/cxx/ffi.cpp:208] SKIP THROW: memory peek not in preflight
       Global: memory permutation violated [GLOBAL-ONLY]
         x0/zero: unexpected write 0x00000000 (cycle 34482)
         x22/s6: expected write missing, needed 0x00000000 (cycle 34482)
         0x00200958 (code): wrote 0x00012623, expected 0x01612623 (cycle 5006)
  [130] ✓ INSTR_WORD_MOD_SUR @ step 2610: 1 failures, 2947ms, outcome: REJECTED, exit: 101 [proof:GENERATED] G=memory
       r=0.236  T_new=0.00 F_new=0.63 F_rare=1.00 U=0 Q=0.61 Q_l=0.72 Q_g=0.85 dl=1 dg=1
       Value: 0x00A66533 -> 0xAEA66533
       Surgical: funct7 = 0 -> 87
       Original: OR x10, x12, x10
       Mutated:  OR x10, x12, x10
       zkVM errors (1 lines):
         • [prover_impl.rs:280] verify segment (internal proof verification failed)
       Local constraints hit (1 unique):
         - VerifyOpcodeF3F7@inst.zir:104
           cycle=19338, step=2610, pc=0x002015B4, major=0, minor=3
       Global: memory permutation violated
         0x002015B0 (code): wrote 0x00a66533, expected 0xaea66533 (cycle 6998)
  [131] ✓ INSTR_WORD_MOD_SUR @ step 1673: 0 failures, 2934ms, outcome: REJECTED, exit: 101 [proof:GENERATED] G=memory[GO]
       r=0.257  T_new=0.00 F_new=0.78 F_rare=1.00 U=0 Q=0.61 Q_l=1.00 Q_g=0.61 dl=0 dg=3
       Value: 0x00060A13 -> 0x00070A13
       Surgical: rs1 = 12 -> 14
       Original: ADDI x20, x12, 0
       Mutated:  ADDI x20, x14, 0
       zkVM errors (3 lines):
         • [prover_impl.rs:280] verify segment (internal proof verification failed)
         • [ffi.cpp:113] address mismatch at cycle 18317: preflight=0x3fffc02c, actual=0x3fffc02e
         • [kernels/cxx/ffi.cpp:208] SKIP THROW: memory peek not in preflight
       Global: memory permutation violated [GLOBAL-ONLY]
         x12/a2: unexpected write 0x00000012 (cycle 36609)
         x14/a4: expected write missing, needed 0x00000012 (cycle 36609)
         0x002096D8 (code): wrote 0x00060a13, expected 0x00070a13 (cycle 20702)
  [132] ✓ INSTR_WORD_MOD_SUR @ step 2710: 1 failures, 2949ms, outcome: REJECTED, exit: 101 [proof:GENERATED] G=memory
       r=0.181  T_new=0.00 F_new=0.39 F_rare=0.85 U=0 Q=0.61 Q_l=0.72 Q_g=0.85 dl=1 dg=1
       Value: 0x08A12623 -> 0x08A11623
       Surgical: funct3 = 2 -> 1
       Original: SW x10, 140(x2)
       Mutated:  SH x10, 140(x2)
       zkVM errors (1 lines):
         • [prover_impl.rs:280] verify segment (internal proof verification failed)
       Local constraints hit (1 unique):
         - VerifyOpcodeF3@inst.zir:97
           cycle=19438, step=2710, pc=0x00201654, major=6, minor=2
       Global: memory permutation violated
         0x00201650 (code): wrote 0x08a12623, expected 0x08a11623 (cycle 7098)
  [133] ✓ INSTR_WORD_MOD_SUR @ step 1059: 1 failures, 2930ms, outcome: REJECTED, exit: 101 [proof:GENERATED] G=memory
       r=0.181  T_new=0.00 F_new=0.39 F_rare=0.85 U=0 Q=0.61 Q_l=0.72 Q_g=0.85 dl=1 dg=1
       Value: 0x04060663 -> 0x04064663
       Surgical: funct3 = 0 -> 4
       Original: BEQ x12, x0, 76
       Mutated:  BLT x12, x0, 76
       zkVM errors (1 lines):
         • [prover_impl.rs:280] verify segment (internal proof verification failed)
       Local constraints hit (1 unique):
         - VerifyOpcodeF3@inst.zir:97
           cycle=17698, step=1059, pc=0x0020631C, major=1, minor=5
       Global: memory permutation violated
         0x00206318 (code): wrote 0x04060663, expected 0x04064663 (cycle 18166)
  [134] ✓ INSTR_WORD_MOD_FULL @ step 1838: 0 failures, 2940ms, outcome: REJECTED, exit: 101 [proof:GENERATED] G=memory[GO]
       r=0.257  T_new=0.00 F_new=0.78 F_rare=1.00 U=0 Q=0.61 Q_l=1.00 Q_g=0.61 dl=0 dg=3
       Value: 0x01422503 -> 0x01432503
       Original: LW x10, 20(x4)
       Mutated:  LW x10, 20(x6)
       zkVM errors (3 lines):
         • [prover_impl.rs:280] verify segment (internal proof verification failed)
         • [ffi.cpp:113] address mismatch at cycle 18482: preflight=0x3fffc004, actual=0x3fffc006
         • [kernels/cxx/ffi.cpp:208] SKIP THROW: memory peek not in preflight
       Global: memory permutation violated [GLOBAL-ONLY]
         0xC0000070 (data): wrote 0x01422503, expected 0x01432503 (cycle 35424)
         0xFFFF0010 (data): unexpected write 0xffff0080 (cycle 35454)
         0xFFFF0018 (data): expected write missing, needed 0xffff0080 (cycle 35454)
  [135] ✓ INSTR_WORD_MOD_FULL @ step 3043: 2 failures, 2939ms, outcome: REJECTED, exit: 101 [proof:GENERATED] G=memory
       r=0.075  T_new=0.00 F_new=0.98 F_rare=1.00 U=0 Q=0.16 Q_l=0.51 Q_g=0.31 dl=2 dg=7
       Value: 0x00B50023 -> 0x04071AA3
       Original: SB x11, 0(x10)
       Mutated:  SH x0, 85(x14)
       zkVM errors (3 lines):
         • [prover_impl.rs:280] verify segment (internal proof verification failed)
         • [ffi.cpp:113] address mismatch at cycle 19771: preflight=0x3fffc02a, actual=0x3fffc02e
         • [kernels/cxx/ffi.cpp:208] SKIP THROW: memory peek not in preflight
       Local constraints hit (2 unique):
         - MemoryWrite@mem.zir:99
           cycle=19771, step=3043, pc=0x00205768, major=6, minor=0
         - VerifyOpcodeF3@inst.zir:97
           cycle=19771, step=3043, pc=0x00205768, major=6, minor=0
       Global: memory permutation violated
         x0/zero: expected write missing, needed 0x00000080 (cycle 39539)
         x10/a0: unexpected write 0x00221538 (cycle 39537)
         x11/a1: unexpected write 0x00000080 (cycle 39539)
         x14/a4: expected write missing, needed 0x00221538 (cycle 39537)
         0x00205764 (code): wrote 0x00b50023, expected 0x04071aa3 (cycle 16294)
         0x00221538 (code): unexpected write 0x00000000 (cycle 29458)
         0x0022158C (code): expected write missing, needed 0x00000000 (cycle 29458)
  [136] ✓ COMP_OUT_MOD @ step 894: 2 failures, 2975ms, outcome: REJECTED, exit: 101 [proof:GENERATED] G=memory
       r=0.110  T_new=0.00 F_new=0.39 F_rare=0.66 U=0 Q=0.43 Q_l=0.51 Q_g=0.85 dl=2 dg=1
       Value: 0x00000002 -> 0x97265810
       Destination: rd = x5 (t0)
       zkVM errors (1 lines):
         • [prover_impl.rs:280] verify segment (internal proof verification failed)
       Local constraints hit (2 unique):
         - MemoryWrite@mem.zir:100
           cycle=17521, step=894, pc=0x00206154, major=0, minor=7
         - MemoryWrite@mem.zir:99
           cycle=17521, step=894, pc=0x00206154, major=0, minor=7
       Global: memory permutation violated
         x5/t0: wrote 0x97265810, expected 0x00000002 (cycle 35043)
  [137] ✓ INSTR_WORD_MOD_SUR @ step 1723: 1 failures, 2940ms, outcome: REJECTED, exit: 101 [proof:GENERATED] G=memory
       r=0.184  T_new=0.00 F_new=0.78 F_rare=1.00 U=0 Q=0.43 Q_l=0.72 Q_g=0.61 dl=1 dg=3
       Value: 0x0005C703 -> 0x9FA5C703
       Surgical: imm = 0 -> 2554
       Original: LBU x14, 0(x11)
       Mutated:  LBU x14, -1542(x11)
       zkVM errors (3 lines):
         • [prover_impl.rs:280] verify segment (internal proof verification failed)
         • [ffi.cpp:113] address mismatch at cycle 18367: preflight=0x00086e9e, actual=0x00086d1d
         • [kernels/cxx/ffi.cpp:208] SKIP THROW: memory peek not in preflight
       Local constraints hit (1 unique):
         - MemoryWrite@mem.zir:99
           cycle=18367, step=1723, pc=0x002184C4, major=5, minor=3
       Global: memory permutation violated
         0x002184C0 (code): wrote 0x0005c703, expected 0x9fa5c703 (cycle 36720)
         0x0021B474 (code): expected write missing, needed 0x54535552 (cycle 36720)
         0x0021BA78 (code): unexpected write 0x54535552 (cycle 36720)
  [138] ✓ MEM_VAL_MOD @ step 2115: 6 failures, 2955ms, outcome: REJECTED, exit: 101 [proof:GENERATED] G=memory
       r=0.012  T_new=0.00 F_new=0.99 F_rare=1.00 U=0 Q=0.03 Q_l=0.14 Q_g=0.19 dl=6 dg=10
       Value: 0x00008067 -> 0x0101A0EF
       Transaction: other_mem_read (READ) at address 0x00200ef4
       zkVM errors (3 lines):
         • [prover_impl.rs:280] verify segment (internal proof verification failed)
         • [ffi.cpp:113] address mismatch at cycle 18769: preflight=0x3fffc021, actual=0x3fffc023
         • [kernels/cxx/ffi.cpp:208] SKIP THROW: memory peek not in preflight
       Local constraints hit (5 unique):
         - IsRead@mem.zir:79
           cycle=18769, step=2115, pc=0x00202524, major=2, minor=4
         - IsRead@mem.zir:80
           cycle=18769, step=2115, pc=0x00202524, major=2, minor=4
         - MemoryWrite@mem.zir:99 (x2)
           cycle=18772, step=2118, pc=0x00202530, major=2, minor=6
         - VerifyOpcodeF3@inst.zir:96
           cycle=18769, step=2115, pc=0x00202524, major=2, minor=4
         - VerifyOpcodeF3@inst.zir:97
           cycle=18769, step=2115, pc=0x00202524, major=2, minor=4
       Global: memory permutation violated (14 addrs: 4 register, 9 code, 1 data)
         x0/zero: unexpected write 0x00000000 (cycle 37532)
         x1/ra: expected write missing, needed 0x0020b118 (cycle 37507)
         x3/gp: expected write missing, needed 0x00202524 (cycle 37537)
         + 9 code addresses diverged (instruction fetch cascade)
         + 2 more addresses
  [139] ✓ INSTR_TYPE_MOD @ step 3688: 5 failures, 2939ms, outcome: REJECTED, exit: 101 [proof:GENERATED] G=memory
       r=0.033  T_new=0.00 F_new=0.99 F_rare=1.00 U=0 Q=0.07 Q_l=0.19 Q_g=0.37 dl=5 dg=6
       Value: 0x00000007 -> 0x00020003
       Original: AddI [major=0, minor=7]
       Mutated:  Jal [major=2, minor=3]
       zkVM errors (3 lines):
         • [prover_impl.rs:280] verify segment (internal proof verification failed)
         • [ffi.cpp:113] address mismatch at cycle 20565: preflight=0x00080d80, actual=0x00096d7f
         • [kernels/cxx/buffers.h:43] SKIP THROW: Inconsistent set
       Local constraints hit (3 unique):
         - MemoryWrite@mem.zir:100 (x2)
           cycle=20564, step=3688, pc=0x00203600, major=2, minor=3
         - MemoryWrite@mem.zir:99 (x2)
           cycle=20564, step=3688, pc=0x00203600, major=2, minor=3
         - VerifyOpcode@inst.zir:91
           cycle=20564, step=3688, pc=0x00203600, major=2, minor=3
       Global: memory permutation violated
         0x002035E0 (code): unexpected write 0x00008067 (cycle 40460)
         0x00203600 (code): unexpected write 0x00167593 (cycle 10922)
         0x00203604 (code): unexpected write 0xfc058ee3 (cycle 10922)
         0x0025B5DC (code): expected write missing, needed 0x00008067 (cycle 40460)
         0x0025B5FC (code): expected write missing, needed 0x00167593 (cycle 10922)
         0x0025B600 (code): expected write missing, needed 0xfc058ee3 (cycle 10922)
  [140] ✓ INSTR_WORD_MOD_SUR @ step 543: 0 failures, 2919ms, outcome: REJECTED, exit: 101 [proof:GENERATED] G=memory[GO]
       r=0.257  T_new=0.00 F_new=0.78 F_rare=1.00 U=0 Q=0.61 Q_l=1.00 Q_g=0.61 dl=0 dg=3
       Value: 0x00C12083 -> 0x00C12B83
       Surgical: rd = 1 -> 23
       Original: LW x1, 12(x2)
       Mutated:  LW x23, 12(x2)
       zkVM errors (3 lines):
         • [prover_impl.rs:280] verify segment (internal proof verification failed)
         • [ffi.cpp:113] address mismatch at cycle 17146: preflight=0x3fffc021, actual=0x3fffc037
         • [kernels/cxx/ffi.cpp:208] SKIP THROW: memory peek not in preflight
       Global: memory permutation violated [GLOBAL-ONLY]
         x1/ra: unexpected write 0x002031b8 (cycle 34280)
         x23/s7: expected write missing, needed 0x002031b8 (cycle 34280)
         0x002031E8 (code): wrote 0x00c12083, expected 0x00c12b83 (cycle 34124)
  [141] ✓ INSTR_WORD_MOD_SUR @ step 2818: 0 failures, 2988ms, outcome: REJECTED, exit: 101 [proof:GENERATED] G=memory[GO]
       r=0.257  T_new=0.00 F_new=0.78 F_rare=1.00 U=0 Q=0.61 Q_l=1.00 Q_g=0.61 dl=0 dg=3
       Value: 0x04B12823 -> 0x04112823
       Surgical: rs2 = 11 -> 1
       Original: SW x11, 80(x2)
       Mutated:  SW x1, 80(x2)
       zkVM errors (3 lines):
         • [prover_impl.rs:280] verify segment (internal proof verification failed)
         • [ffi.cpp:113] address mismatch at cycle 19546: preflight=0x3fffc02b, actual=0x3fffc021
         • [kernels/cxx/ffi.cpp:208] SKIP THROW: memory peek not in preflight
       Global: memory permutation violated [GLOBAL-ONLY]
         x1/ra: expected write missing, needed 0x30a10a85 (cycle 39085)
         x11/a1: unexpected write 0x30a10a85 (cycle 39085)
         0x00203B74 (code): wrote 0x04b12823, expected 0x04112823 (cycle 11786)
  [142] ✓ INSTR_WORD_MOD_SUR @ step 3884: 1 failures, 2971ms, outcome: REJECTED, exit: 101 [proof:GENERATED] G=memory
       r=0.181  T_new=0.00 F_new=0.39 F_rare=0.85 U=0 Q=0.61 Q_l=0.72 Q_g=0.85 dl=1 dg=1
       Value: 0x0AC12B83 -> 0x0AC16B83
       Surgical: funct3 = 2 -> 6
       Original: LW x23, 172(x2)
       Mutated:  LOAD.6 x23, 172(x2)
       zkVM errors (1 lines):
         • [prover_impl.rs:280] verify segment (internal proof verification failed)
       Local constraints hit (1 unique):
         - VerifyOpcodeF3@inst.zir:97
           cycle=20834, step=3884, pc=0x00203C0C, major=5, minor=2
       Global: memory permutation violated
         0x00203C08 (code): wrote 0x0ac12b83, expected 0x0ac16b83 (cycle 11890)
  [143] ✓ PRE_EXEC_REG_MOD @ step 3164: 1 failures, 2940ms, outcome: REJECTED, exit: 101 [proof:GENERATED] G=memory
       r=0.184  T_new=0.00 F_new=0.78 F_rare=1.00 U=0 Q=0.43 Q_l=0.72 Q_g=0.61 dl=1 dg=3
       Value: 0x00200160 -> 0x00200260
       Register: x2 (sp), READ, strategy=next_read
       zkVM errors (3 lines):
         • [prover_impl.rs:280] verify segment (internal proof verification failed)
         • [ffi.cpp:113] address mismatch at cycle 19966: preflight=0x00080067, actual=0x000800a7
         • [kernels/cxx/ffi.cpp:208] SKIP THROW: memory peek not in preflight
       Local constraints hit (1 unique):
         - IsRead@mem.zir:79
           cycle=19966, step=3164, pc=0x00205820, major=5, minor=2
       Global: memory permutation violated
         0x0020019C (data): unexpected write 0x00205460 (cycle 39341)
         0x0020029C (data): expected write missing, needed 0x00205460 (cycle 39341)
         x2/sp: wrote 0x00200260, expected 0x00200160 (cycle 39932)
  [144] ✓ LOAD_VAL_MOD @ step 2186: 1 failures, 2936ms, outcome: REJECTED, exit: 101 [proof:GENERATED] G=memory
       r=0.151  T_new=0.00 F_new=0.39 F_rare=0.64 U=0 Q=0.61 Q_l=0.72 Q_g=0.85 dl=1 dg=1
       Value: 0x00000001 -> 0x00000008
       Load destination: rd = x11 (a1)
       zkVM errors (1 lines):
         • [prover_impl.rs:280] verify segment (internal proof verification failed)
       Local constraints hit (1 unique):
         - MemoryWrite@mem.zir:99
           cycle=18840, step=2186, pc=0x00202F48, major=5, minor=2
       Global: memory permutation violated
         x11/a1: wrote 0x00000008, expected 0x00000001 (cycle 37681)
  [145] ✓ INSTR_WORD_MOD_SUR @ step 178: 1 failures, 2928ms, outcome: REJECTED, exit: 101 [proof:GENERATED] G=memory
       r=0.172  T_new=0.00 F_new=0.39 F_rare=0.79 U=0 Q=0.61 Q_l=0.72 Q_g=0.85 dl=1 dg=1
       Value: 0x00112623 -> 0x00112633
       Surgical: opcode = 35 -> 51
       Original: SW x1, 12(x2)
       Mutated:  SLT x12, x2, x1
       zkVM errors (1 lines):
         • [prover_impl.rs:280] verify segment (internal proof verification failed)
       Local constraints hit (1 unique):
         - VerifyOpcodeF3@inst.zir:96
           cycle=16757, step=178, pc=0x00200EAC, major=6, minor=2
       Global: memory permutation violated
         0x00200EA8 (code): wrote 0x00112623, expected 0x00112633 (cycle 5870)
  [146] ✓ PRE_EXEC_REG_MOD @ step 2296: 2 failures, 2947ms, outcome: REJECTED, exit: 101 [proof:GENERATED] G=memory
       r=0.119  T_new=0.00 F_new=0.39 F_rare=0.75 U=0 Q=0.43 Q_l=0.51 Q_g=0.85 dl=2 dg=1
       Value: 0x00200348 -> 0x001F0348
       Register: x13 (a3), READ, strategy=next_read
       zkVM errors (1 lines):
         • [prover_impl.rs:280] verify segment (internal proof verification failed)
       Local constraints hit (2 unique):
         - IsRead@mem.zir:80
           cycle=18950, step=2296, pc=0x0020347C, major=0, minor=7
         - MemoryWrite@mem.zir:100
           cycle=18950, step=2296, pc=0x0020347C, major=0, minor=7
       Global: memory permutation violated
         x13/a3: wrote 0x001f0348, expected 0x00200348 (cycle 37900)
  [147] ✓ STORE_OUT_MOD @ step 3739: 2 failures, 2949ms, outcome: REJECTED, exit: 101 [proof:GENERATED] G=memory
       r=0.109  T_new=0.00 F_new=0.39 F_rare=0.65 U=0 Q=0.43 Q_l=0.51 Q_g=0.85 dl=2 dg=1
       Value: 0x00000000 -> 0xDC00C35D
       Store address: 0x0022164c
       zkVM errors (1 lines):
         • [prover_impl.rs:280] verify segment (internal proof verification failed)
       Local constraints hit (2 unique):
         - MemoryWrite@mem.zir:100
           cycle=20615, step=3739, pc=0x00203298, major=6, minor=2
         - MemoryWrite@mem.zir:99
           cycle=20615, step=3739, pc=0x00203298, major=6, minor=2
       Global: memory permutation violated
         0x0022164C (code): wrote 0xdc00c35d, expected 0x00000000 (cycle 41231)
  [148] ✓ INSTR_WORD_MOD_SUR @ step 1907: 1 failures, 2940ms, outcome: REJECTED, exit: 101 [proof:GENERATED] G=memory
       r=0.172  T_new=0.00 F_new=0.39 F_rare=0.79 U=0 Q=0.61 Q_l=0.72 Q_g=0.85 dl=1 dg=1
       Value: 0x00812C23 -> 0x00810C23
       Surgical: funct3 = 2 -> 0
       Original: SW x8, 24(x2)
       Mutated:  SB x8, 24(x2)
       zkVM errors (1 lines):
         • [prover_impl.rs:280] verify segment (internal proof verification failed)
       Local constraints hit (1 unique):
         - VerifyOpcodeF3@inst.zir:97
           cycle=18556, step=1907, pc=0x00205F64, major=6, minor=2
       Global: memory permutation violated
         0x00205F60 (code): wrote 0x00812c23, expected 0x00810c23 (cycle 36656)
  [149] ✓ INSTR_WORD_MOD_FULL @ step 2464: 0 failures, 2940ms, outcome: REJECTED, exit: 101 [proof:GENERATED] G=memory[GO]
       r=0.282  T_new=0.00 F_new=0.39 F_rare=1.00 U=0 Q=0.85 Q_l=1.00 Q_g=0.85 dl=0 dg=1
       Value: 0x00C57A63 -> 0x20C57A63
       Original: BGEU x10, x12, 20
       Mutated:  BGEU x10, x12, 532
       zkVM errors (1 lines):
         • [prover_impl.rs:280] verify segment (internal proof verification failed)
       Global: memory permutation violated [GLOBAL-ONLY]
         0x00205E2C (code): wrote 0x00c57a63, expected 0x20c57a63 (cycle 37580)
  [150] ✓ INSTR_WORD_MOD_FULL @ step 2990: 2 failures, 2980ms, outcome: REJECTED, exit: 101 [proof:GENERATED] [+2 touch] G=memory|cycle
       r=0.107  T_new=0.06 F_new=0.95 F_rare=1.00 U=0 Q=0.22 Q_l=0.51 Q_g=0.43 dl=2 dg=5
       Value: 0x00A58533 -> 0x00B58533
       Original: ADD x10, x11, x10
       Mutated:  ADD x10, x11, x11
       zkVM errors (1 lines):
         • [prover_impl.rs:280] verify segment (internal proof verification failed)
       Local constraints hit (2 unique):
         - MemoryWrite@mem.zir:100
           cycle=19718, step=2990, pc=0x00205E20, major=0, minor=0
         - MemoryWrite@mem.zir:99
           cycle=19718, step=2990, pc=0x00205E20, major=0, minor=0
       Global: memory permutation violated
         x10/a0: wrote 0x00000040, expected 0x0022156c (cycle 39437)
         0x00205E1C (code): wrote 0x00a58533, expected 0x00b58533 (cycle 39278)
       Global: cycle lookup violated (3 indices broken)
         index 0: 2254 provides, 1 uses (imbalanced)
         index 28: 148 provides, 1 uses (imbalanced)
         index 29: 29 provides, 1 uses (imbalanced)
  [151] ✓ COMP_OUT_MOD @ step 243: 2 failures, 2957ms, outcome: REJECTED, exit: 101 [proof:GENERATED] G=memory
       r=0.108  T_new=0.00 F_new=0.39 F_rare=0.64 U=0 Q=0.43 Q_l=0.51 Q_g=0.85 dl=2 dg=1
       Value: 0x0020036C -> 0x9F67FA97
       Destination: rd = x12 (a2)
       zkVM errors (1 lines):
         • [prover_impl.rs:280] verify segment (internal proof verification failed)
       Local constraints hit (2 unique):
         - MemoryWrite@mem.zir:100
           cycle=16822, step=243, pc=0x0020083C, major=0, minor=7
         - MemoryWrite@mem.zir:99
           cycle=16822, step=243, pc=0x0020083C, major=0, minor=7
       Global: memory permutation violated
         x12/a2: wrote 0x9f67fa97, expected 0x0020036c (cycle 33645)
  [152] ✓ INSTR_WORD_MOD_SUR @ step 3733: 1 failures, 2937ms, outcome: REJECTED, exit: 101 [proof:GENERATED] G=memory
       r=0.160  T_new=0.00 F_new=0.39 F_rare=0.70 U=0 Q=0.61 Q_l=0.72 Q_g=0.85 dl=1 dg=1
       Value: 0x01900793 -> 0x01900792
       Surgical: opcode = 19 -> 18
       Original: ADDI x15, x0, 25
       Mutated:  UNKNOWN 0x01900792
       zkVM errors (1 lines):
         • [prover_impl.rs:280] verify segment (internal proof verification failed)
       Local constraints hit (1 unique):
         - VerifyOpcodeF3@inst.zir:96
           cycle=20609, step=3733, pc=0x00203280, major=0, minor=7
       Global: memory permutation violated
         0x0020327C (code): wrote 0x01900793, expected 0x01900792 (cycle 39618)
  [153] ✓ LOAD_VAL_MOD @ step 1157: 2 failures, 2922ms, outcome: REJECTED, exit: 101 [proof:GENERATED] G=memory
       r=0.108  T_new=0.00 F_new=0.39 F_rare=0.64 U=0 Q=0.43 Q_l=0.51 Q_g=0.85 dl=2 dg=1
       Value: 0x002003CF -> 0x20000000
       Load destination: rd = x10 (a0)
       zkVM errors (1 lines):
         • [prover_impl.rs:280] verify segment (internal proof verification failed)
       Local constraints hit (2 unique):
         - MemoryWrite@mem.zir:100
           cycle=17801, step=1157, pc=0x00209A48, major=5, minor=2
         - MemoryWrite@mem.zir:99
           cycle=17801, step=1157, pc=0x00209A48, major=5, minor=2
       Global: memory permutation violated
         x10/a0: wrote 0x20000000, expected 0x002003cf (cycle 35603)
  [154] ✓ INSTR_WORD_MOD_SUR @ step 631: 1 failures, 2954ms, outcome: REJECTED, exit: 101 [proof:GENERATED] G=memory
       r=0.236  T_new=0.00 F_new=0.63 F_rare=1.00 U=0 Q=0.61 Q_l=0.72 Q_g=0.85 dl=1 dg=1
       Value: 0x37451463 -> 0x37452463
       Surgical: funct3 = 1 -> 2
       Original: BNE x10, x20, 872
       Mutated:  BRANCH.2 x10, x20, 872
       zkVM errors (1 lines):
         • [prover_impl.rs:280] verify segment (internal proof verification failed)
       Local constraints hit (1 unique):
         - VerifyOpcodeF3@inst.zir:97
           cycle=17240, step=631, pc=0x00200954, major=1, minor=6
       Global: memory permutation violated
         0x00200950 (code): wrote 0x37451463, expected 0x37452463 (cycle 5006)
  [155] ✓ INSTR_WORD_MOD_SUR @ step 2369: 1 failures, 2936ms, outcome: REJECTED, exit: 101 [proof:GENERATED] G=memory
       r=0.166  T_new=0.00 F_new=0.39 F_rare=0.75 U=0 Q=0.61 Q_l=0.72 Q_g=0.85 dl=1 dg=1
       Value: 0xFEB72223 -> 0xFEB72267
       Surgical: opcode = 35 -> 103
       Original: SW x11, -28(x14)
       Mutated:  JALR x4, x14, -21
       zkVM errors (1 lines):
         • [prover_impl.rs:280] verify segment (internal proof verification failed)
       Local constraints hit (1 unique):
         - VerifyOpcodeF3@inst.zir:96
           cycle=19023, step=2369, pc=0x0020329C, major=6, minor=2
       Global: memory permutation violated
         0x00203298 (code): wrote 0xfeb72223, expected 0xfeb72267 (cycle 33324)
  [156] ✓ INSTR_WORD_MOD_FULL @ step 1481: 1 failures, 3018ms, outcome: REJECTED, exit: 101 [proof:GENERATED] G=memory
       r=0.181  T_new=0.00 F_new=0.39 F_rare=0.85 U=0 Q=0.61 Q_l=0.72 Q_g=0.85 dl=1 dg=1
       Value: 0xFE0614E3 -> 0xFE0614A3
       Original: BNE x12, x0, -24
       Mutated:  SH x0, -23(x12)
       Format changed: B -> S
       zkVM errors (1 lines):
         • [prover_impl.rs:280] verify segment (internal proof verification failed)
       Local constraints hit (1 unique):
         - VerifyOpcodeF3@inst.zir:96
           cycle=18125, step=1481, pc=0x002184BC, major=1, minor=6
       Global: memory permutation violated
         0x002184D4 (code): wrote 0xfe0614e3, expected 0xfe0614a3 (cycle 36236)
  [157] ✓ INSTR_WORD_MOD_SUR @ step 2968: 0 failures, 3008ms, outcome: REJECTED, exit: 101 [proof:GENERATED] G=memory[GO]
       r=0.256  T_new=0.00 F_new=0.78 F_rare=1.00 U=0 Q=0.61 Q_l=1.00 Q_g=0.61 dl=0 dg=3
       Value: 0x00050913 -> 0x00050993
       Surgical: rd = 18 -> 19
       Original: ADDI x18, x10, 0
       Mutated:  ADDI x19, x10, 0
       zkVM errors (3 lines):
         • [prover_impl.rs:280] verify segment (internal proof verification failed)
         • [ffi.cpp:113] address mismatch at cycle 19696: preflight=0x3fffc032, actual=0x3fffc033
         • [kernels/cxx/ffi.cpp:208] SKIP THROW: memory peek not in preflight
       Global: memory permutation violated [GLOBAL-ONLY]
         x18/s2: unexpected write 0x0021ad2c (cycle 39346)
         x19/s3: expected write missing, needed 0x0021ad2c (cycle 39346)
         0x0020569C (code): wrote 0x00050913, expected 0x00050993 (cycle 16154)
  [158] ✓ INSTR_WORD_MOD_SUR @ step 2658: 0 failures, 2965ms, outcome: REJECTED, exit: 101 [proof:GENERATED] G=memory[GO]
       r=0.256  T_new=0.00 F_new=0.78 F_rare=1.00 U=0 Q=0.61 Q_l=1.00 Q_g=0.61 dl=0 dg=3
       Value: 0x0056A623 -> 0x00502623
       Surgical: rs1 = 13 -> 0
       Original: SW x5, 12(x13)
       Mutated:  SW x5, 12(x0)
       zkVM errors (3 lines):
         • [prover_impl.rs:280] verify segment (internal proof verification failed)
         • [ffi.cpp:113] address mismatch at cycle 19386: preflight=0x3fffc02d, actual=0x3fffc020
         • [kernels/cxx/ffi.cpp:208] SKIP THROW: memory peek not in preflight
       Global: memory permutation violated [GLOBAL-ONLY]
         x0/zero: expected write missing, needed 0x00200314 (cycle 38770)
         x13/a3: unexpected write 0x00200314 (cycle 38770)
         0x00203434 (code): wrote 0x0056a623, expected 0x00502623 (cycle 38748)
  [159] ✓ INSTR_WORD_MOD_SUR @ step 2587: 1 failures, 2988ms, outcome: REJECTED, exit: 101 [proof:GENERATED] G=memory
       r=0.236  T_new=0.00 F_new=0.63 F_rare=1.00 U=0 Q=0.61 Q_l=0.72 Q_g=0.85 dl=1 dg=1
       Value: 0x00C6E633 -> 0x00C6E663
       Surgical: opcode = 51 -> 99
       Original: OR x12, x13, x12
       Mutated:  BLTU x13, x12, 12
       zkVM errors (1 lines):
         • [prover_impl.rs:280] verify segment (internal proof verification failed)
       Local constraints hit (1 unique):
         - VerifyOpcodeF3F7@inst.zir:102
           cycle=19315, step=2587, pc=0x00201558, major=0, minor=3
       Global: memory permutation violated
         0x00201554 (code): wrote 0x00c6e633, expected 0x00c6e663 (cycle 6938)
  [160] ✓ INSTR_WORD_MOD_SUR @ step 700: 0 failures, 3001ms, outcome: REJECTED, exit: 101 [proof:GENERATED] G=memory[GO]
       r=0.256  T_new=0.00 F_new=0.78 F_rare=1.00 U=0 Q=0.61 Q_l=1.00 Q_g=0.61 dl=0 dg=3
       Value: 0x00A42023 -> 0x00A5A023
       Surgical: rs1 = 8 -> 11
       Original: SW x10, 0(x8)
       Mutated:  SW x10, 0(x11)
       zkVM errors (3 lines):
         • [prover_impl.rs:280] verify segment (internal proof verification failed)
         • [ffi.cpp:113] address mismatch at cycle 17315: preflight=0x3fffc028, actual=0x3fffc02b
         • [kernels/cxx/ffi.cpp:208] SKIP THROW: memory peek not in preflight
       Global: memory permutation violated [GLOBAL-ONLY]
         x8/s0: unexpected write 0x00200370 (cycle 34538)
         x11/a1: expected write missing, needed 0x00200370 (cycle 34538)
         0x002031E4 (code): wrote 0x00a42023, expected 0x00a5a023 (cycle 34462)
  [161] ✓ INSTR_WORD_MOD_SUR @ step 236: 2 failures, 2924ms, outcome: REJECTED, exit: 101 [proof:GENERATED] G=memory
       r=0.132  T_new=0.00 F_new=0.78 F_rare=1.00 U=0 Q=0.31 Q_l=0.51 Q_g=0.61 dl=2 dg=3
       Value: 0x03512223 -> 0x815121A3
       Surgical: imm = 36 -> 2051
       Original: SW x21, 36(x2)
       Mutated:  SW x21, -2045(x2)
       zkVM errors (3 lines):
         • [prover_impl.rs:280] verify segment (internal proof verification failed)
         • [ffi.cpp:113] address mismatch at cycle 16815: preflight=0x000800e1, actual=0x0007fed8
         • [kernels/cxx/ffi.cpp:208] SKIP THROW: memory peek not in preflight
       Local constraints hit (2 unique):
         - OpSW@inst_mem.zir:160
           cycle=16815, step=236, pc=0x00200820, major=6, minor=2
         - OpSW@inst_mem.zir:161
           cycle=16815, step=236, pc=0x00200820, major=6, minor=2
       Global: memory permutation violated
         0x001FFB60 (data): expected write missing, needed 0x00000000 (cycle 4722)
         0x00200384 (data): unexpected write 0x00000000 (cycle 4722)
         0x0020081C (code): wrote 0x03512223, expected 0x815121a3 (cycle 4806)
  [162] ✓ INSTR_WORD_MOD_FULL @ step 694: 2 failures, 2993ms, outcome: REJECTED, exit: 101 [proof:GENERATED] G=memory
       r=0.075  T_new=0.00 F_new=0.97 F_rare=1.00 U=0 Q=0.16 Q_l=0.51 Q_g=0.31 dl=2 dg=7
       Value: 0x00080513 -> 0x004A0417
       Original: ADDI x10, x16, 0
       Mutated:  AUIPC x8, 0x4a0000
       Format changed: I -> U
       zkVM errors (3 lines):
         • [prover_impl.rs:280] verify segment (internal proof verification failed)
         • [ffi.cpp:113] address mismatch at cycle 17309: preflight=0x3fffc030, actual=0x3fffc034
         • [kernels/cxx/ffi.cpp:208] SKIP THROW: memory peek not in preflight
       Local constraints hit (2 unique):
         - MemoryWrite@mem.zir:99
           cycle=17309, step=694, pc=0x002061C0, major=0, minor=7
         - VerifyOpcodeF3@inst.zir:96
           cycle=17309, step=694, pc=0x002061C0, major=0, minor=7
       Global: memory permutation violated
         x0/zero: unexpected write 0x00000000 (cycle 34616)
         x4/tp: expected write missing, needed 0x00000000 (cycle 34616)
         x8/s0: expected write missing, needed 0x00000004 (cycle 34610)
         x10/a0: unexpected write 0x00000004 (cycle 34610)
         x16/a6: unexpected write 0x00000004 (cycle 34603)
         x20/s4: expected write missing, needed 0x00000004 (cycle 34603)
         0x002061BC (code): wrote 0x00080513, expected 0x004a0417 (cycle 34450)
  [163] ✓ STORE_OUT_MOD @ step 1299: 2 failures, 2947ms, outcome: REJECTED, exit: 101 [proof:GENERATED] G=memory
       r=0.108  T_new=0.00 F_new=0.39 F_rare=0.64 U=0 Q=0.43 Q_l=0.51 Q_g=0.85 dl=2 dg=1
       Value: 0x19CDE05B -> 0x998C335B
       Store address: 0x0020032c
       zkVM errors (1 lines):
         • [prover_impl.rs:280] verify segment (internal proof verification failed)
       Local constraints hit (2 unique):
         - MemoryWrite@mem.zir:100
           cycle=17943, step=1299, pc=0x00203434, major=6, minor=2
         - MemoryWrite@mem.zir:99
           cycle=17943, step=1299, pc=0x00203434, major=6, minor=2
       Global: memory permutation violated
         0x0020032C (data): wrote 0x998c335b, expected 0x19cde05b (cycle 35887)
  [164] ✓ PRE_EXEC_REG_MOD @ step 2993: 2 failures, 2961ms, outcome: REJECTED, exit: 101 [proof:GENERATED] G=memory
       r=0.116  T_new=0.00 F_new=0.39 F_rare=0.72 U=0 Q=0.43 Q_l=0.51 Q_g=0.85 dl=2 dg=1
       Value: 0xC0000000 -> 0x40000000
       Register: x12 (a2), READ, strategy=next_read
       zkVM errors (1 lines):
         • [prover_impl.rs:280] verify segment (internal proof verification failed)
       Local constraints hit (2 unique):
         - IsRead@mem.zir:80
           cycle=19721, step=2993, pc=0x00205E2C, major=0, minor=7
         - MemoryWrite@mem.zir:100
           cycle=19721, step=2993, pc=0x00205E2C, major=0, minor=7
       Global: memory permutation violated
         x12/a2: wrote 0x40000000, expected 0xc0000000 (cycle 39442)
  [165] ✓ INSTR_WORD_MOD_SUR @ step 3350: 1 failures, 3012ms, outcome: REJECTED, exit: 101 [proof:GENERATED] G=memory
       r=0.162  T_new=0.00 F_new=0.39 F_rare=0.72 U=0 Q=0.61 Q_l=0.72 Q_g=0.85 dl=1 dg=1
       Value: 0x0056A623 -> 0x0056A676
       Surgical: opcode = 35 -> 118
       Original: SW x5, 12(x13)
       Mutated:  UNKNOWN 0x0056a676
       zkVM errors (1 lines):
         • [prover_impl.rs:280] verify segment (internal proof verification failed)
       Local constraints hit (1 unique):
         - VerifyOpcodeF3@inst.zir:96
           cycle=20152, step=3350, pc=0x00203438, major=6, minor=2
       Global: memory permutation violated
         0x00203434 (code): wrote 0x0056a623, expected 0x0056a676 (cycle 40280)
  [166] ✓ COMP_OUT_MOD @ step 1290: 1 failures, 2951ms, outcome: REJECTED, exit: 101 [proof:GENERATED] G=memory
       r=0.149  T_new=0.00 F_new=0.39 F_rare=0.63 U=0 Q=0.61 Q_l=0.72 Q_g=0.85 dl=1 dg=1
       Value: 0x00000010 -> 0x00000014
       Destination: rd = x12 (a2)
       zkVM errors (1 lines):
         • [prover_impl.rs:280] verify segment (internal proof verification failed)
       Local constraints hit (1 unique):
         - MemoryWrite@mem.zir:99
           cycle=17934, step=1290, pc=0x00203440, major=0, minor=7
       Global: memory permutation violated
         x12/a2: wrote 0x00000014, expected 0x00000010 (cycle 35869)
  [167] ✓ INSTR_WORD_MOD_SUR @ step 2512: 1 failures, 2943ms, outcome: REJECTED, exit: 101 [proof:GENERATED] G=memory
       r=0.171  T_new=0.00 F_new=0.39 F_rare=0.79 U=0 Q=0.61 Q_l=0.72 Q_g=0.85 dl=1 dg=1
       Value: 0x01012903 -> 0x01016903
       Surgical: funct3 = 2 -> 6
       Original: LW x18, 16(x2)
       Mutated:  LOAD.6 x18, 16(x2)
       zkVM errors (1 lines):
         • [prover_impl.rs:280] verify segment (internal proof verification failed)
       Local constraints hit (1 unique):
         - VerifyOpcodeF3@inst.zir:97
           cycle=19240, step=2512, pc=0x002055D4, major=5, minor=2
       Global: memory permutation violated
         0x002055D0 (code): wrote 0x01012903, expected 0x01016903 (cycle 16034)
  [168] ✓ INSTR_WORD_MOD_SUR @ step 1480: 0 failures, 2986ms, outcome: REJECTED, exit: 101 [proof:GENERATED] G=memory[GO]
       r=0.256  T_new=0.00 F_new=0.78 F_rare=1.00 U=0 Q=0.61 Q_l=1.00 Q_g=0.61 dl=0 dg=3
       Value: 0x00150513 -> 0x00180513
       Surgical: rs1 = 10 -> 16
       Original: ADDI x10, x10, 1
       Mutated:  ADDI x10, x16, 1
       zkVM errors (3 lines):
         • [prover_impl.rs:280] verify segment (internal proof verification failed)
         • [ffi.cpp:113] address mismatch at cycle 18124: preflight=0x3fffc02a, actual=0x3fffc030
         • [kernels/cxx/ffi.cpp:208] SKIP THROW: memory peek not in preflight
       Global: memory permutation violated [GLOBAL-ONLY]
         x10/a0: unexpected write 0x00200323 (cycle 36238)
         x16/a6: expected write missing, needed 0x00200323 (cycle 36238)
         0x002184D0 (code): wrote 0x00150513, expected 0x00180513 (cycle 36234)
  [169] ✓ INSTR_WORD_MOD_SUR @ step 2437: 2 failures, 2941ms, outcome: REJECTED, exit: 101 [proof:GENERATED] G=memory
       r=0.184  T_new=0.00 F_new=0.78 F_rare=1.00 U=0 Q=0.43 Q_l=0.51 Q_g=0.85 dl=2 dg=1
       Value: 0x00154513 -> 0xB2154513
       Surgical: imm = 1 -> 2849
       Original: XORI x10, x10, 1
       Mutated:  XORI x10, x10, -1247
       zkVM errors (1 lines):
         • [prover_impl.rs:280] verify segment (internal proof verification failed)
       Local constraints hit (2 unique):
         - MemoryWrite@mem.zir:100
           cycle=19091, step=2437, pc=0x00218168, major=1, minor=0
         - MemoryWrite@mem.zir:99
           cycle=19091, step=2437, pc=0x00218168, major=1, minor=0
       Global: memory permutation violated
         0x00218164 (code): wrote 0x00154513, expected 0xb2154513 (cycle 24346)
  [170] ✓ LOAD_VAL_MOD @ step 2198: 2 failures, 2936ms, outcome: REJECTED, exit: 101 [proof:GENERATED] G=memory
       r=0.107  T_new=0.00 F_new=0.39 F_rare=0.63 U=0 Q=0.43 Q_l=0.51 Q_g=0.85 dl=2 dg=1
       Value: 0x00000001 -> 0xE49E55C7
       Load destination: rd = x11 (a1)
       zkVM errors (1 lines):
         • [prover_impl.rs:280] verify segment (internal proof verification failed)
       Local constraints hit (2 unique):
         - MemoryWrite@mem.zir:100
           cycle=18852, step=2198, pc=0x00201EAC, major=5, minor=2
         - MemoryWrite@mem.zir:99
           cycle=18852, step=2198, pc=0x00201EAC, major=5, minor=2
       Global: memory permutation violated
         x11/a1: wrote 0xe49e55c7, expected 0x00000001 (cycle 37705)
  [171] ✓ INSTR_WORD_MOD_SUR @ step 3929: 1 failures, 2973ms, outcome: REJECTED, exit: 101 [proof:GENERATED] G=memory
       r=0.166  T_new=0.00 F_new=0.39 F_rare=0.75 U=0 Q=0.61 Q_l=0.72 Q_g=0.85 dl=1 dg=1
       Value: 0x00000073 -> 0x00000023
       Surgical: opcode = 115 -> 35
       Original: ECALL x0, x0, 0
       Mutated:  SB x0, 0(x0)
       zkVM errors (1 lines):
         • [prover_impl.rs:280] verify segment (internal proof verification failed)
       Local constraints hit (1 unique):
         - MachineECall@inst_ecall.zir:29
           cycle=20879, step=3929, pc=0xC00000F8, major=8, minor=0
       Global: memory permutation violated
         0xC00000F8 (data): wrote 0x00000073, expected 0x00000023 (cycle 30062)
  [172] ✓ COMP_OUT_MOD @ step 2216: 2 failures, 2992ms, outcome: REJECTED, exit: 101 [proof:GENERATED] G=memory
       r=0.169  T_new=0.00 F_new=0.63 F_rare=1.00 U=0 Q=0.43 Q_l=0.51 Q_g=0.85 dl=2 dg=1
       Value: 0x00000001 -> 0xFDFFFF7E
       Destination: rd = x10 (a0)
       zkVM errors (1 lines):
         • [prover_impl.rs:280] verify segment (internal proof verification failed)
       Local constraints hit (2 unique):
         - MemoryWrite@mem.zir:100
           cycle=18870, step=2216, pc=0x00201280, major=1, minor=2
         - MemoryWrite@mem.zir:99
           cycle=18870, step=2216, pc=0x00201280, major=1, minor=2
       Global: memory permutation violated
         x10/a0: wrote 0xfdffff7e, expected 0x00000001 (cycle 37741)
  [173] ✓ INSTR_WORD_MOD_SUR @ step 2924: 1 failures, 2924ms, outcome: REJECTED, exit: 101 [proof:GENERATED] G=memory
       r=0.181  T_new=0.00 F_new=0.39 F_rare=0.85 U=0 Q=0.61 Q_l=0.72 Q_g=0.85 dl=1 dg=1
       Value: 0x00349793 -> 0x00348793
       Surgical: funct3 = 1 -> 0
       Original: SLLI x15, x9, 3
       Mutated:  ADDI x15, x9, 3
       zkVM errors (1 lines):
         • [prover_impl.rs:280] verify segment (internal proof verification failed)
       Local constraints hit (1 unique):
         - VerifyOpcodeF3F7@inst.zir:103
           cycle=19652, step=2924, pc=0x002053B4, major=3, minor=1
       Global: memory permutation violated
         0x002053B0 (code): wrote 0x00349793, expected 0x00348793 (cycle 15690)
  [174] ✓ INSTR_TYPE_MOD @ step 1533: 3 failures, 2921ms, outcome: REJECTED, exit: 101 [proof:GENERATED] G=memory
       r=0.112  T_new=0.00 F_new=0.63 F_rare=1.00 U=0 Q=0.26 Q_l=0.37 Q_g=0.72 dl=3 dg=2
       Value: 0x00010006 -> 0x00040006
       Original: Bne [major=1, minor=6]
       Mutated:  Rem [major=4, minor=6]
       zkVM errors (3 lines):
         • [prover_impl.rs:280] verify segment (internal proof verification failed)
         • [ffi.cpp:113] address mismatch at cycle 18177: preflight=0x3fffc060, actual=0x3fffc03c
         • [kernels/cxx/ffi.cpp:208] SKIP THROW: memory peek not in preflight
       Local constraints hit (3 unique):
         - VerifyOpcodeF3F7@inst.zir:102
           cycle=18177, step=1533, pc=0x002184C8, major=4, minor=6
         - VerifyOpcodeF3F7@inst.zir:103
           cycle=18177, step=1533, pc=0x002184C8, major=4, minor=6
         - VerifyOpcodeF3F7@inst.zir:104
           cycle=18177, step=1533, pc=0x002184C8, major=4, minor=6
       Global: memory permutation violated
         x28/t3: expected write missing, needed 0x00000000 (cycle 36349)
         0xFFFF0180 (data): unexpected write 0x00000000 (cycle 36349)
  [175] ✓ STORE_OUT_MOD @ step 1586: 2 failures, 2912ms, outcome: REJECTED, exit: 101 [proof:GENERATED] G=memory
       r=0.107  T_new=0.00 F_new=0.39 F_rare=0.64 U=0 Q=0.43 Q_l=0.51 Q_g=0.85 dl=2 dg=1
       Value: 0x00000000 -> 0x40241000
       Store address: 0x0020027c
       zkVM errors (1 lines):
         • [prover_impl.rs:280] verify segment (internal proof verification failed)
       Local constraints hit (2 unique):
         - MemoryWrite@mem.zir:100
           cycle=18230, step=1586, pc=0x00202F30, major=6, minor=2
         - MemoryWrite@mem.zir:99
           cycle=18230, step=1586, pc=0x00202F30, major=6, minor=2
       Global: memory permutation violated
         0x0020027C (data): wrote 0x40241000, expected 0x00000000 (cycle 36461)
  [176] ✓ INSTR_WORD_MOD_SUR @ step 2169: 0 failures, 2905ms, outcome: REJECTED, exit: 101 [proof:GENERATED] G=memory[GO]
       r=0.256  T_new=0.00 F_new=0.78 F_rare=1.00 U=0 Q=0.61 Q_l=1.00 Q_g=0.61 dl=0 dg=3
       Value: 0x00008067 -> 0x00008267
       Surgical: rd = 0 -> 4
       Original: JALR x0, x1, 0
       Mutated:  JALR x4, x1, 0
       zkVM errors (3 lines):
         • [prover_impl.rs:280] verify segment (internal proof verification failed)
         • [ffi.cpp:113] address mismatch at cycle 18823: preflight=0x3fffc060, actual=0x3fffc024
         • [kernels/cxx/ffi.cpp:208] SKIP THROW: memory peek not in preflight
       Global: memory permutation violated [GLOBAL-ONLY]
         x4/tp: expected write missing, needed 0x00202594 (cycle 37637)
         0xFFFF0180 (data): unexpected write 0x00202594 (cycle 37637)
         0x002024F8 (code): wrote 0x00008067, expected 0x00008267 (cycle 8166)
  [177] ✓ INSTR_WORD_MOD_SUR @ step 3637: 0 failures, 2968ms, outcome: REJECTED, exit: 101 [proof:GENERATED] G=memory[GO]
       r=0.256  T_new=0.00 F_new=0.78 F_rare=1.00 U=0 Q=0.61 Q_l=1.00 Q_g=0.61 dl=0 dg=3
       Value: 0x00098613 -> 0x00078613
       Surgical: rs1 = 19 -> 15
       Original: ADDI x12, x19, 0
       Mutated:  ADDI x12, x15, 0
       zkVM errors (3 lines):
         • [prover_impl.rs:280] verify segment (internal proof verification failed)
         • [ffi.cpp:113] address mismatch at cycle 20513: preflight=0x3fffc033, actual=0x3fffc02f
         • [kernels/cxx/ffi.cpp:208] SKIP THROW: memory peek not in preflight
       Global: memory permutation violated [GLOBAL-ONLY]
         x15/a5: expected write missing, needed 0x00000022 (cycle 41020)
         x19/s3: unexpected write 0x00000022 (cycle 41020)
         0x0020574C (code): wrote 0x00098613, expected 0x00078613 (cycle 39468)
  [178] ✓ INSTR_WORD_MOD_SUR @ step 725: 1 failures, 2948ms, outcome: REJECTED, exit: 101 [proof:GENERATED] G=memory
       r=0.153  T_new=0.00 F_new=0.39 F_rare=0.66 U=0 Q=0.61 Q_l=0.72 Q_g=0.85 dl=1 dg=1
       Value: 0x00058513 -> 0x0005A513
       Surgical: funct3 = 0 -> 2
       Original: ADDI x10, x11, 0
       Mutated:  SLTI x10, x11, 0
       zkVM errors (1 lines):
         • [prover_impl.rs:280] verify segment (internal proof verification failed)
       Local constraints hit (1 unique):
         - VerifyOpcodeF3@inst.zir:97
           cycle=17340, step=725, pc=0x002031A8, major=0, minor=7
       Global: memory permutation violated
         0x002031A4 (code): wrote 0x00058513, expected 0x0005a513 (cycle 34514)
  [179] ✓ INSTR_WORD_MOD_FULL @ step 2354: 3 failures, 2936ms, outcome: REJECTED, exit: 101 [proof:GENERATED] G=memory
       r=0.064  T_new=0.00 F_new=0.99 F_rare=1.00 U=0 Q=0.14 Q_l=0.37 Q_g=0.37 dl=3 dg=6
       Value: 0x02E585B3 -> 0xC621F863
       Original: ADD x11, x11, x14
       Mutated:  BGEU x3, x2, -2960
       Format changed: R -> B
       zkVM errors (3 lines):
         • [prover_impl.rs:280] verify segment (internal proof verification failed)
         • [ffi.cpp:113] address mismatch at cycle 19008: preflight=0x3fffc02b, actual=0x3fffc023
         • [kernels/cxx/ffi.cpp:208] SKIP THROW: memory peek not in preflight
       Local constraints hit (3 unique):
         - VerifyOpcodeF3F7@inst.zir:102
           cycle=19008, step=2354, pc=0x00203260, major=3, minor=2
         - VerifyOpcodeF3F7@inst.zir:103
           cycle=19008, step=2354, pc=0x00203260, major=3, minor=2
         - VerifyOpcodeF3F7@inst.zir:104
           cycle=19008, step=2354, pc=0x00203260, major=3, minor=2
       Global: memory permutation violated
         x2/sp: expected write missing, needed 0x01010101 (cycle 38015)
         x3/gp: expected write missing, needed 0x00000000 (cycle 38011)
         x11/a1: unexpected write 0x00000000 (cycle 38011)
         x14/a4: unexpected write 0x01010101 (cycle 38015)
         x16/a6: expected write missing, needed 0x00000000 (cycle 38016)
         0x0020325C (code): wrote 0x02e585b3, expected 0xc621f863 (cycle 33294)
  [180] ✓ COMP_OUT_MOD @ step 3202: 1 failures, 2967ms, outcome: REJECTED, exit: 101 [proof:GENERATED] G=memory
       r=0.181  T_new=0.00 F_new=0.39 F_rare=0.85 U=0 Q=0.61 Q_l=0.72 Q_g=0.85 dl=1 dg=1
       Value: 0x00000000 -> 0x00000001
       Destination: rd = x25 (s9)
       zkVM errors (1 lines):
         • [prover_impl.rs:280] verify segment (internal proof verification failed)
       Local constraints hit (1 unique):
         - MemoryWrite@mem.zir:99
           cycle=20004, step=3202, pc=0x00204B6C, major=3, minor=1
       Global: memory permutation violated
         x25/s9: wrote 0x00000001, expected 0x00000000 (cycle 40009)
  [181] ✓ INSTR_WORD_MOD_SUR @ step 3094: 3 failures, 2997ms, outcome: REJECTED, exit: 101 [proof:GENERATED] G=memory|cycle
       r=0.054  T_new=0.00 F_new=0.97 F_rare=1.00 U=0 Q=0.11 Q_l=0.37 Q_g=0.31 dl=3 dg=7
       Value: 0x02000813 -> 0x020F8813
       Surgical: rs1 = 0 -> 31
       Original: ADDI x16, x0, 32
       Mutated:  ADDI x16, x31, 32
       zkVM errors (3 lines):
         • [prover_impl.rs:280] verify segment (internal proof verification failed)
         • [ffi.cpp:113] address mismatch at cycle 19822: preflight=0x3fffc020, actual=0x3fffc03f
         • [kernels/cxx/ffi.cpp:208] SKIP THROW: memory peek not in preflight
       Local constraints hit (3 unique):
         - IsRead@mem.zir:79
           cycle=19822, step=3094, pc=0x002032B4, major=0, minor=7
         - MemoryWrite@mem.zir:100
           cycle=19822, step=3094, pc=0x002032B4, major=0, minor=7
         - MemoryWrite@mem.zir:99
           cycle=19822, step=3094, pc=0x002032B4, major=0, minor=7
       Global: memory permutation violated
         x0/zero: expected write missing, needed 0x00000000 (cycle 39598)
         x16/a6: expected write missing, needed 0xfeb72823 (cycle 38060)
         x31/t6: expected write missing, needed 0x00000000 (cycle 39618)
         0x002032B0 (code): wrote 0x02000813, expected 0x020f8813 (cycle 38058)
       Global: cycle lookup violated (3 indices broken)
         index 45: 22 provides, 1 uses (imbalanced)
         index 46: 34 provides, 1 uses (imbalanced)
         index 1584: 1 provides, 1 uses (imbalanced)
  [182] ✓ PRE_EXEC_REG_MOD @ step 3255: 3 failures, 2935ms, outcome: REJECTED, exit: 101 [proof:GENERATED] G=memory
       r=0.132  T_new=0.00 F_new=0.78 F_rare=1.00 U=0 Q=0.31 Q_l=0.37 Q_g=0.85 dl=3 dg=1
       Value: 0x002001CC -> 0x095C7FB7
       Register: x11 (a1), READ, strategy=next_read
       zkVM errors (1 lines):
         • [prover_impl.rs:280] verify segment (internal proof verification failed)
       Local constraints hit (3 unique):
         - IsRead@mem.zir:79
           cycle=20057, step=3255, pc=0x002032F8, major=1, minor=2
         - IsRead@mem.zir:80
           cycle=20057, step=3255, pc=0x002032F8, major=1, minor=2
         - MemoryWrite@mem.zir:99
           cycle=20057, step=3255, pc=0x002032F8, major=1, minor=2
       Global: memory permutation violated
         x11/a1: wrote 0x095c7fb7, expected 0x002001cc (cycle 40114)
  [183] ✓ MEM_VAL_MOD @ step 3228: 1 failures, 2905ms, outcome: REJECTED, exit: 101 [proof:GENERATED] G=memory
       r=0.236  T_new=0.00 F_new=0.63 F_rare=1.00 U=0 Q=0.61 Q_l=0.72 Q_g=0.85 dl=1 dg=1
       Value: 0x00000000 -> 0x00010000
       Transaction: other_mem_write (WRITE) at address 0xffff0180
       zkVM errors (1 lines):
         • [prover_impl.rs:280] verify segment (internal proof verification failed)
       Local constraints hit (1 unique):
         - MemoryWrite@mem.zir:100
           cycle=20030, step=3228, pc=0x00205E24, major=2, minor=1
       Global: memory permutation violated
         0xFFFF0180 (data): wrote 0x00010000, expected 0x00000000 (cycle 40061)
  [184] ✓ MEM_VAL_MOD @ step 1205: 1 failures, 2933ms, outcome: REJECTED, exit: 101 [proof:GENERATED] G=memory
       r=0.181  T_new=0.00 F_new=0.39 F_rare=0.85 U=0 Q=0.61 Q_l=0.72 Q_g=0.85 dl=1 dg=1
       Value: 0x00208CE8 -> 0x00208CEA
       Transaction: other_mem_write (WRITE) at address 0xffff0180
       zkVM errors (1 lines):
         • [prover_impl.rs:280] verify segment (internal proof verification failed)
       Local constraints hit (1 unique):
         - MemoryWrite@mem.zir:99
           cycle=17849, step=1205, pc=0x00208C30, major=2, minor=3
       Global: memory permutation violated
         0xFFFF0180 (data): wrote 0x00208cea, expected 0x00208ce8 (cycle 35699)
  [185] ✓ MEM_VAL_MOD @ step 2556: 2 failures, 2957ms, outcome: REJECTED, exit: 101 [proof:GENERATED] G=memory
       r=0.123  T_new=0.00 F_new=0.39 F_rare=0.79 U=0 Q=0.43 Q_l=0.51 Q_g=0.85 dl=2 dg=1
       Value: 0x00000000 -> 0x860FD81E
       Transaction: store_rmw_read (READ) at address 0x002003a0
       zkVM errors (1 lines):
         • [prover_impl.rs:280] verify segment (internal proof verification failed)
       Local constraints hit (2 unique):
         - IsRead@mem.zir:79
           cycle=19284, step=2556, pc=0x002014DC, major=6, minor=2
         - IsRead@mem.zir:80
           cycle=19284, step=2556, pc=0x002014DC, major=6, minor=2
       Global: memory permutation violated
         0x002003A0 (data): wrote 0x860fd81e, expected 0x00000000 (cycle 38568)
  [186] ✓ COMP_OUT_MOD @ step 1089: 2 failures, 2943ms, outcome: REJECTED, exit: 101 [proof:GENERATED] G=memory
       r=0.119  T_new=0.00 F_new=0.39 F_rare=0.75 U=0 Q=0.43 Q_l=0.51 Q_g=0.85 dl=2 dg=1
       Value: 0x00000000 -> 0x6BD487FF
       Destination: rd = x16 (a6)
       zkVM errors (1 lines):
         • [prover_impl.rs:280] verify segment (internal proof verification failed)
       Local constraints hit (2 unique):
         - MemoryWrite@mem.zir:100
           cycle=17733, step=1089, pc=0x00206348, major=0, minor=1
         - MemoryWrite@mem.zir:99
           cycle=17733, step=1089, pc=0x00206348, major=0, minor=1
       Global: memory permutation violated
         x16/a6: wrote 0x6bd487ff, expected 0x00000000 (cycle 35467)
  [187] ✓ LOAD_VAL_MOD @ step 1448: 1 failures, 2936ms, outcome: REJECTED, exit: 101 [proof:GENERATED] G=memory
       r=0.162  T_new=0.00 F_new=0.39 F_rare=0.72 U=0 Q=0.61 Q_l=0.72 Q_g=0.85 dl=1 dg=1
       Value: 0x0000003A -> 0x00000010
       Load destination: rd = x14 (a4)
       zkVM errors (1 lines):
         • [prover_impl.rs:280] verify segment (internal proof verification failed)
       Local constraints hit (1 unique):
         - MemoryWrite@mem.zir:99
           cycle=18092, step=1448, pc=0x002184C4, major=5, minor=3
       Global: memory permutation violated
         x14/a4: wrote 0x00000010, expected 0x0000003a (cycle 36185)
  [188] ✓ INSTR_WORD_MOD_SUR @ step 2257: 1 failures, 2936ms, outcome: REJECTED, exit: 101 [proof:GENERATED] G=memory
       r=0.155  T_new=0.00 F_new=0.39 F_rare=0.68 U=0 Q=0.61 Q_l=0.72 Q_g=0.85 dl=1 dg=1
       Value: 0xFF060613 -> 0xFF060622
       Surgical: opcode = 19 -> 34
       Original: ADDI x12, x12, -16
       Mutated:  UNKNOWN 0xff060622
       zkVM errors (1 lines):
         • [prover_impl.rs:280] verify segment (internal proof verification failed)
       Local constraints hit (1 unique):
         - VerifyOpcodeF3@inst.zir:96
           cycle=18911, step=2257, pc=0x00203440, major=0, minor=7
       Global: memory permutation violated
         0x0020343C (code): wrote 0xff060613, expected 0xff060622 (cycle 37798)
  [189] ✓ MEM_VAL_MOD @ step 1643: 2 failures, 2995ms, outcome: REJECTED, exit: 101 [proof:GENERATED] G=memory
       r=0.119  T_new=0.00 F_new=0.39 F_rare=0.75 U=0 Q=0.43 Q_l=0.51 Q_g=0.85 dl=2 dg=1
       Value: 0x00000000 -> 0xFFFFFFFF
       Transaction: store_rmw_read (READ) at address 0x002000e0
       zkVM errors (1 lines):
         • [prover_impl.rs:280] verify segment (internal proof verification failed)
       Local constraints hit (2 unique):
         - IsRead@mem.zir:79
           cycle=18287, step=1643, pc=0x0020AEF0, major=6, minor=2
         - IsRead@mem.zir:80
           cycle=18287, step=1643, pc=0x0020AEF0, major=6, minor=2
       Global: memory permutation violated
         0x002000E0 (data): wrote 0xffffffff, expected 0x00000000 (cycle 36574)
  [190] ✓ INSTR_WORD_MOD_SUR @ step 90: 1 failures, 2909ms, outcome: REJECTED, exit: 101 [proof:GENERATED] G=memory
       r=0.166  T_new=0.00 F_new=0.39 F_rare=0.75 U=0 Q=0.61 Q_l=0.72 Q_g=0.85 dl=1 dg=1
       Value: 0xFEB72423 -> 0xFEB70423
       Surgical: funct3 = 2 -> 0
       Original: SW x11, -24(x14)
       Mutated:  SB x11, -24(x14)
       zkVM errors (1 lines):
         • [prover_impl.rs:280] verify segment (internal proof verification failed)
       Local constraints hit (1 unique):
         - VerifyOpcodeF3@inst.zir:97
           cycle=16663, step=90, pc=0x002032A0, major=6, minor=2
       Global: memory permutation violated
         0x0020329C (code): wrote 0xfeb72423, expected 0xfeb70423 (cycle 10358)
  [191] ✓ STORE_OUT_MOD @ step 3919: 2 failures, 2934ms, outcome: REJECTED, exit: 101 [proof:GENERATED] G=memory
       r=0.107  T_new=0.00 F_new=0.39 F_rare=0.63 U=0 Q=0.43 Q_l=0.51 Q_g=0.85 dl=2 dg=1
       Value: 0x0F745431 -> 0x01000000
       Store address: 0xffff025c
       zkVM errors (1 lines):
         • [prover_impl.rs:280] verify segment (internal proof verification failed)
       Local constraints hit (2 unique):
         - MemoryWrite@mem.zir:100
           cycle=20869, step=3919, pc=0xC00000D4, major=6, minor=2
         - MemoryWrite@mem.zir:99
           cycle=20869, step=3919, pc=0xC00000D4, major=6, minor=2
       Global: memory permutation violated
         0xFFFF025C (data): wrote 0x01000000, expected 0x0f745431 (cycle 41739)
  [192] ✓ INSTR_TYPE_MOD @ step 1915: 1 failures, 2913ms, outcome: REJECTED, exit: 101 [proof:GENERATED]
       r=0.149  T_new=0.00 F_new=0.00 F_rare=0.71 U=0 Q=0.72 Q_l=0.72 Q_g=1.00 dl=1 dg=0
       Value: 0x00000007 -> 0x00030007
       Original: AddI [major=0, minor=7]
       Mutated:  Unknown(3,7) [major=3, minor=7] ⚠INVALID
       zkVM errors (1 lines):
         • [prover_impl.rs:280] verify segment (internal proof verification failed)
       Local constraints hit (1 unique):
         - IllegalMulOp@inst_mul.zir:18
           cycle=18564, step=1915, pc=0x00205F84, major=3, minor=7
       Global: no permutation/lookup violations (local-only)
  [193] ✓ INSTR_WORD_MOD_SUR @ step 369: 1 failures, 2939ms, outcome: REJECTED, exit: 101 [proof:GENERATED] G=memory
       r=0.154  T_new=0.00 F_new=0.39 F_rare=0.67 U=0 Q=0.61 Q_l=0.72 Q_g=0.85 dl=1 dg=1
       Value: 0x02820593 -> 0x02820583
       Surgical: opcode = 19 -> 3
       Original: ADDI x11, x4, 40
       Mutated:  LB x11, 40(x4)
       zkVM errors (1 lines):
         • [prover_impl.rs:280] verify segment (internal proof verification failed)
       Local constraints hit (1 unique):
         - VerifyOpcodeF3@inst.zir:96
           cycle=16957, step=369, pc=0xC0000158, major=0, minor=7
       Global: memory permutation violated
         0xC0000154 (data): wrote 0x02820593, expected 0x02820583 (cycle 33744)
  [194] ✓ LOAD_VAL_MOD @ step 1545: 2 failures, 2964ms, outcome: REJECTED, exit: 101 [proof:GENERATED] G=memory
       r=0.119  T_new=0.00 F_new=0.39 F_rare=0.75 U=0 Q=0.43 Q_l=0.51 Q_g=0.85 dl=2 dg=1
       Value: 0x000000E0 -> 0xC50E9482
       Load destination: rd = x13 (a3)
       zkVM errors (1 lines):
         • [prover_impl.rs:280] verify segment (internal proof verification failed)
       Local constraints hit (2 unique):
         - MemoryWrite@mem.zir:100
           cycle=18189, step=1545, pc=0x002184C0, major=5, minor=3
         - MemoryWrite@mem.zir:99
           cycle=18189, step=1545, pc=0x002184C0, major=5, minor=3
       Global: memory permutation violated
         x13/a3: wrote 0xc50e9482, expected 0x000000e0 (cycle 36379)
  [195] ✓ PRE_EXEC_REG_MOD @ step 0: 10 failures, 2961ms, outcome: REJECTED, exit: 101 [proof:GENERATED] [+1 new] G=memory
       r=0.138  T_new=0.00 F_new=0.86 F_rare=1.00 U=0 Q=0.31 Q_l=0.37 Q_g=0.85 dl=3 dg=1
       Value: 0x00000000 -> 0x917EC95D
       Register: x22 (s6), READ, strategy=next_read
       zkVM errors (2 lines):
         • [prover_impl.rs:280] verify segment (internal proof verification failed)
         • [kernels/cxx/buffers.h:43] SKIP THROW: Inconsistent set
       Local constraints hit (3 unique):
         - IsRead@mem.zir:79
           cycle=15987, step=0, pc=0x00000000, major=9, minor=2
         - IsRead@mem.zir:80
           cycle=15987, step=0, pc=0x00000000, major=9, minor=2
         - PoseidonCheckOut@inst_p2.zir:265 (x8)
           cycle=16247, step=0, pc=0x00000000, major=9, minor=5
       Global: memory permutation violated
         x22/s6: wrote 0x917ec95d, expected 0x00000000 (cycle 31974)
  [196] ✓ INSTR_WORD_MOD_FULL @ step 1665: 0 failures, 2935ms, outcome: REJECTED, exit: 101 [proof:GENERATED] G=memory[GO]
       r=0.256  T_new=0.00 F_new=0.78 F_rare=1.00 U=0 Q=0.61 Q_l=1.00 Q_g=0.61 dl=0 dg=3
       Value: 0x00812C23 -> 0x00812823
       Original: SW x8, 24(x2)
       Mutated:  SW x8, 16(x2)
       zkVM errors (3 lines):
         • [prover_impl.rs:280] verify segment (internal proof verification failed)
         • [ffi.cpp:113] address mismatch at cycle 18309: preflight=0x00080026, actual=0x00080024
         • [kernels/cxx/ffi.cpp:208] SKIP THROW: memory peek not in preflight
       Global: memory permutation violated [GLOBAL-ONLY]
         0x00200090 (data): unexpected write 0x002000f0 (cycle 36619)
         0x00200098 (data): unexpected write 0x00000000 (cycle 4242)
         0x002096B8 (code): wrote 0x00812c23, expected 0x00812823 (cycle 20682)
  [197] ✓ INSTR_WORD_MOD_FULL @ step 455: 0 failures, 2992ms, outcome: REJECTED, exit: 101 [proof:GENERATED] G=memory[GO]
       r=0.256  T_new=0.00 F_new=0.78 F_rare=1.00 U=0 Q=0.61 Q_l=1.00 Q_g=0.61 dl=0 dg=3
       Value: 0x00E888B3 -> 0x00EA88B3
       Original: ADD x17, x17, x14
       Mutated:  ADD x17, x21, x14
       zkVM errors (3 lines):
         • [prover_impl.rs:280] verify segment (internal proof verification failed)
         • [ffi.cpp:113] address mismatch at cycle 17052: preflight=0x3fffc031, actual=0x3fffc035
         • [kernels/cxx/ffi.cpp:208] SKIP THROW: memory peek not in preflight
       Global: memory permutation violated [GLOBAL-ONLY]
         x17/a7: unexpected write 0x0020036c (cycle 34046)
         x21/s5: expected write missing, needed 0x0020036c (cycle 34046)
         0x002061B0 (code): wrote 0x00e888b3, expected 0x00ea88b3 (cycle 33936)
  [198] ✓ INSTR_WORD_MOD_FULL @ step 1755: 0 failures, 2951ms, outcome: REJECTED, exit: 101 [proof:GENERATED] G=memory[GO]
       r=0.256  T_new=0.00 F_new=0.78 F_rare=1.00 U=0 Q=0.61 Q_l=1.00 Q_g=0.61 dl=0 dg=3
       Value: 0x00150513 -> 0x001D0513
       Original: ADDI x10, x10, 1
       Mutated:  ADDI x10, x26, 1
       zkVM errors (3 lines):
         • [prover_impl.rs:280] verify segment (internal proof verification failed)
         • [ffi.cpp:113] address mismatch at cycle 18399: preflight=0x3fffc02a, actual=0x3fffc03a
         • [kernels/cxx/ffi.cpp:208] SKIP THROW: memory peek not in preflight
       Global: memory permutation violated [GLOBAL-ONLY]
         x10/a0: unexpected write 0x0021b16b (cycle 36788)
         x26/s10: expected write missing, needed 0x0021b16b (cycle 36788)
         0x002184D0 (code): wrote 0x00150513, expected 0x001d0513 (cycle 36784)
  [199] ✓ INSTR_WORD_MOD_FULL @ step 1436: 3 failures, 2924ms, outcome: REJECTED, exit: 101 [proof:GENERATED] G=memory
       r=0.073  T_new=0.00 F_new=0.92 F_rare=1.00 U=0 Q=0.16 Q_l=0.37 Q_g=0.43 dl=3 dg=5
       Value: 0x00158593 -> 0xAC8E4E17
       Original: ADDI x11, x11, 1
       Mutated:  AUIPC x28, 0xac8e4000
       Format changed: I -> U
       zkVM errors (3 lines):
         • [prover_impl.rs:280] verify segment (internal proof verification failed)
         • [ffi.cpp:113] address mismatch at cycle 18080: preflight=0x3fffc02b, actual=0x3fffc03c
         • [kernels/cxx/ffi.cpp:208] SKIP THROW: memory peek not in preflight
       Local constraints hit (3 unique):
         - MemoryWrite@mem.zir:99
           cycle=18080, step=1436, pc=0x002184CC, major=0, minor=7
         - VerifyOpcodeF3@inst.zir:96
           cycle=18080, step=1436, pc=0x002184CC, major=0, minor=7
         - VerifyOpcodeF3@inst.zir:97
           cycle=18080, step=1436, pc=0x002184CC, major=0, minor=7
       Global: memory permutation violated
         x1/ra: unexpected write 0x00202c04 (cycle 36150)
         x8/s0: expected write missing, needed 0x00202c04 (cycle 36150)
         x11/a1: unexpected write 0x00219e81 (cycle 36156)
         x28/t3: expected write missing, needed 0x00219e81 (cycle 36156)
         0x002184C8 (code): wrote 0x00158593, expected 0xac8e4e17 (cycle 36146)
  [200] ✓ COMP_OUT_MOD @ step 1322: 1 failures, 2935ms, outcome: REJECTED, exit: 101 [proof:GENERATED] G=memory
       r=0.151  T_new=0.00 F_new=0.39 F_rare=0.64 U=0 Q=0.61 Q_l=0.72 Q_g=0.85 dl=1 dg=1
       Value: 0x00202F14 -> 0x00202F12
       Destination: rd = x1 (ra)
       zkVM errors (1 lines):
         • [prover_impl.rs:280] verify segment (internal proof verification failed)
       Local constraints hit (1 unique):
         - MemoryWrite@mem.zir:99
           cycle=17966, step=1322, pc=0x00202BBC, major=2, minor=4
       Global: memory permutation violated
         x1/ra: wrote 0x00202f12, expected 0x00202f14 (cycle 35933)
  [201] ✓ INSTR_WORD_MOD_SUR @ step 2940: 1 failures, 2953ms, outcome: REJECTED, exit: 101 [proof:GENERATED] G=memory
       r=0.166  T_new=0.00 F_new=0.39 F_rare=0.75 U=0 Q=0.61 Q_l=0.72 Q_g=0.85 dl=1 dg=1
       Value: 0x1B8080E7 -> 0x1B8080B7
       Surgical: opcode = 103 -> 55
       Original: JALR x1, x1, 440
       Mutated:  LUI x1, 0x1b808000
       zkVM errors (1 lines):
         • [prover_impl.rs:280] verify segment (internal proof verification failed)
       Local constraints hit (1 unique):
         - VerifyOpcodeF3@inst.zir:96
           cycle=19668, step=2940, pc=0x00205610, major=2, minor=4
       Global: memory permutation violated
         0x0020545C (code): wrote 0x1b8080e7, expected 0x1b8080b7 (cycle 15794)
  [202] ✓ INSTR_WORD_MOD_FULL @ step 111: 0 failures, 2978ms, outcome: REJECTED, exit: 101 [proof:GENERATED] G=memory[GO]
       r=0.256  T_new=0.00 F_new=0.78 F_rare=1.00 U=0 Q=0.61 Q_l=1.00 Q_g=0.61 dl=0 dg=3
       Value: 0x00008067 -> 0x000080E7
       Original: JALR x0, x1, 0
       Mutated:  JALR x1, x1, 0
       zkVM errors (3 lines):
         • [prover_impl.rs:280] verify segment (internal proof verification failed)
         • [ffi.cpp:113] address mismatch at cycle 16684: preflight=0x3fffc060, actual=0x3fffc021
         • [kernels/cxx/ffi.cpp:208] SKIP THROW: memory peek not in preflight
       Global: memory permutation violated [GLOBAL-ONLY]
         x1/ra: expected write missing, needed 0x00000000 (cycle 33367)
         0xFFFF0180 (data): unexpected write 0x00000000 (cycle 33367)
         0x002032F0 (code): wrote 0x00008067, expected 0x000080e7 (cycle 10418)
  [203] ✓ INSTR_WORD_MOD_FULL @ step 20: 1 failures, 2938ms, outcome: REJECTED, exit: 101 [proof:GENERATED] G=memory
       r=0.183  T_new=0.00 F_new=0.78 F_rare=1.00 U=0 Q=0.43 Q_l=0.72 Q_g=0.61 dl=1 dg=3
       Value: 0xFFE0D197 -> 0xFFA0D197
       Original: AUIPC x3, 0xffe0d000
       Mutated:  AUIPC x3, 0xffa0d000
       zkVM errors (3 lines):
         • [prover_impl.rs:280] verify segment (internal proof verification failed)
         • [ffi.cpp:113] address mismatch at cycle 16593: preflight=0x3fffc03e, actual=0x3fffc03a
         • [kernels/cxx/ffi.cpp:208] SKIP THROW: memory peek not in preflight
       Local constraints hit (1 unique):
         - MemoryWrite@mem.zir:100
           cycle=16593, step=20, pc=0x00203704, major=2, minor=6
       Global: memory permutation violated
         x26/s10: unexpected write 0x00000000 (cycle 33186)
         x30/t5: unexpected write 0x00000000 (cycle 31994)
         0x00203700 (code): wrote 0xffe0d197, expected 0xffa0d197 (cycle 11082)
  [204] ✓ INSTR_WORD_MOD_FULL @ step 2029: 0 failures, 2967ms, outcome: REJECTED, exit: 101 [proof:GENERATED] G=memory[GO]
       r=0.256  T_new=0.00 F_new=0.78 F_rare=1.00 U=0 Q=0.61 Q_l=1.00 Q_g=0.61 dl=0 dg=3
       Value: 0x04051063 -> 0x04041063
       Original: BNE x10, x0, 64
       Mutated:  BNE x8, x0, 64
       zkVM errors (3 lines):
         • [prover_impl.rs:280] verify segment (internal proof verification failed)
         • [ffi.cpp:113] address mismatch at cycle 18678: preflight=0x3fffc02a, actual=0x3fffc028
         • [kernels/cxx/ffi.cpp:208] SKIP THROW: memory peek not in preflight
       Global: memory permutation violated [GLOBAL-ONLY]
         x8/s0: expected write missing, needed 0x00000000 (cycle 37353)
         x10/a0: unexpected write 0x00000000 (cycle 37353)
         0x00205FD0 (code): wrote 0x04051063, expected 0x04041063 (cycle 36946)
  [205] ✓ INSTR_WORD_MOD_FULL @ step 3013: 2 failures, 2973ms, outcome: REJECTED, exit: 101 [proof:GENERATED] G=memory
       r=0.046  T_new=0.00 F_new=0.99 F_rare=1.00 U=0 Q=0.10 Q_l=0.51 Q_g=0.19 dl=2 dg=10
       Value: 0x0E069C63 -> 0x0E069E63
       Original: BNE x13, x0, 248
       Mutated:  BNE x13, x0, 252
       zkVM errors (3 lines):
         • [prover_impl.rs:280] verify segment (internal proof verification failed)
         • [ffi.cpp:113] address mismatch at cycle 19742: preflight=0x00080cff, actual=0x00080d00
         • [kernels/cxx/buffers.h:43] SKIP THROW: Inconsistent set
       Local constraints hit (1 unique):
         - MemoryWrite@mem.zir:99 (x2)
           cycle=19762, step=3034, pc=0x002035D0, major=2, minor=3
       Global: memory permutation violated (30 addrs: 30 code)
         + 30 code addresses diverged (instruction fetch cascade)
  [206] ✓ INSTR_WORD_MOD_SUR @ step 823: 0 failures, 2945ms, outcome: REJECTED, exit: 101 [proof:GENERATED] G=memory[GO]
       r=0.256  T_new=0.00 F_new=0.78 F_rare=1.00 U=0 Q=0.61 Q_l=1.00 Q_g=0.61 dl=0 dg=3
       Value: 0x00088513 -> 0x00088413
       Surgical: rd = 10 -> 8
       Original: ADDI x10, x17, 0
       Mutated:  ADDI x8, x17, 0
       zkVM errors (3 lines):
         • [prover_impl.rs:280] verify segment (internal proof verification failed)
         • [ffi.cpp:113] address mismatch at cycle 17444: preflight=0x3fffc02a, actual=0x3fffc028
         • [kernels/cxx/ffi.cpp:208] SKIP THROW: memory peek not in preflight
       Global: memory permutation violated [GLOBAL-ONLY]
         x8/s0: expected write missing, needed 0x00000400 (cycle 34886)
         x10/a0: unexpected write 0x00000400 (cycle 34886)
         0x0020616C (code): wrote 0x00088513, expected 0x00088413 (cycle 34720)
  [207] ✓ INSTR_WORD_MOD_SUR @ step 210: 1 failures, 2935ms, outcome: REJECTED, exit: 101 [proof:GENERATED] G=memory
       r=0.180  T_new=0.00 F_new=0.39 F_rare=0.85 U=0 Q=0.61 Q_l=0.72 Q_g=0.85 dl=1 dg=1
       Value: 0x00D66833 -> 0x40D66833
       Surgical: funct7 = 0 -> 32
       Original: OR x16, x12, x13
       Mutated:  OR x16, x12, x13
       zkVM errors (1 lines):
         • [prover_impl.rs:280] verify segment (internal proof verification failed)
       Local constraints hit (1 unique):
         - VerifyOpcodeF3F7@inst.zir:104
           cycle=16789, step=210, pc=0x0020B8E0, major=0, minor=3
       Global: memory permutation violated
         0x0020B8DC (code): wrote 0x00d66833, expected 0x40d66833 (cycle 23602)
  [208] ✓ INSTR_TYPE_MOD @ step 2634: 3 failures, 2900ms, outcome: REJECTED, exit: 101 [proof:GENERATED]
       r=0.025  T_new=0.00 F_new=0.00 F_rare=0.27 U=0 Q=0.37 Q_l=0.37 Q_g=1.00 dl=3 dg=0
       Value: 0x00010002 -> 0x00000007
       Original: AndI [major=1, minor=2]
       Mutated:  AddI [major=0, minor=7]
       zkVM errors (1 lines):
         • [prover_impl.rs:280] verify segment (internal proof verification failed)
       Local constraints hit (3 unique):
         - MemoryWrite@mem.zir:100
           cycle=19362, step=2634, pc=0x00203408, major=0, minor=7
         - MemoryWrite@mem.zir:99
           cycle=19362, step=2634, pc=0x00203408, major=0, minor=7
         - VerifyOpcodeF3@inst.zir:97
           cycle=19362, step=2634, pc=0x00203408, major=0, minor=7
       Global: no permutation/lookup violations (local-only)
  [209] ✓ INSTR_WORD_MOD_SUR @ step 388: 1 failures, 2979ms, outcome: REJECTED, exit: 101 [proof:GENERATED] [+1 new] G=memory
       r=0.192  T_new=0.00 F_new=0.86 F_rare=1.00 U=0 Q=0.43 Q_l=0.72 Q_g=0.61 dl=1 dg=3
       Value: 0x00812403 -> 0xB8612403
       Surgical: imm = 8 -> 2950
       Original: LW x8, 8(x2)
       Mutated:  LW x8, -1146(x2)
       zkVM errors (3 lines):
         • [prover_impl.rs:280] verify segment (internal proof verification failed)
         • [ffi.cpp:113] address mismatch at cycle 16979: preflight=0x000800d6, actual=0x0007ffb5
         • [kernels/cxx/ffi.cpp:208] SKIP THROW: memory peek not in preflight
       Local constraints hit (1 unique):
         - OpLW@inst_mem.zir:109
           cycle=16979, step=388, pc=0x002031F0, major=5, minor=2
       Global: memory permutation violated
         0x001FFED4 (data): expected write missing, needed 0x00000001 (cycle 33829)
         0x00200358 (data): unexpected write 0x00000001 (cycle 33829)
         0x002031EC (code): wrote 0x00812403, expected 0xb8612403 (cycle 33788)
  [210] ✓ INSTR_WORD_MOD_SUR @ step 2632: 0 failures, 2947ms, outcome: REJECTED, exit: 101 [proof:GENERATED] G=memory[GO]
       r=0.256  T_new=0.00 F_new=0.78 F_rare=1.00 U=0 Q=0.61 Q_l=1.00 Q_g=0.61 dl=0 dg=3
       Value: 0x00050693 -> 0x00008693
       Surgical: rs1 = 10 -> 1
       Original: ADDI x13, x10, 0
       Mutated:  ADDI x13, x1, 0
       zkVM errors (3 lines):
         • [prover_impl.rs:280] verify segment (internal proof verification failed)
         • [ffi.cpp:113] address mismatch at cycle 19360: preflight=0x3fffc02a, actual=0x3fffc021
         • [kernels/cxx/ffi.cpp:208] SKIP THROW: memory peek not in preflight
       Global: memory permutation violated [GLOBAL-ONLY]
         x1/ra: expected write missing, needed 0x00200304 (cycle 38703)
         x10/a0: unexpected write 0x00200304 (cycle 38703)
         0x002033FC (code): wrote 0x00050693, expected 0x00008693 (cycle 37766)
  [211] ✓ INSTR_WORD_MOD_SUR @ step 698: 0 failures, 2939ms, outcome: REJECTED, exit: 101 [proof:GENERATED] G=memory[GO]
       r=0.256  T_new=0.00 F_new=0.78 F_rare=1.00 U=0 Q=0.61 Q_l=1.00 Q_g=0.61 dl=0 dg=3
       Value: 0x02950063 -> 0x02970063
       Surgical: rs1 = 10 -> 14
       Original: BEQ x10, x9, 32
       Mutated:  BEQ x14, x9, 32
       zkVM errors (3 lines):
         • [prover_impl.rs:280] verify segment (internal proof verification failed)
         • [ffi.cpp:113] address mismatch at cycle 17313: preflight=0x3fffc02a, actual=0x3fffc02e
         • [kernels/cxx/ffi.cpp:208] SKIP THROW: memory peek not in preflight
       Global: memory permutation violated [GLOBAL-ONLY]
         x10/a0: unexpected write 0x00000004 (cycle 34619)
         x14/a4: expected write missing, needed 0x00000004 (cycle 34619)
         0x002031C0 (code): wrote 0x02950063, expected 0x02970063 (cycle 34458)
  [212] ✓ INSTR_WORD_MOD_SUR @ step 3098: 1 failures, 2922ms, outcome: REJECTED, exit: 101 [proof:GENERATED] G=memory
       r=0.235  T_new=0.00 F_new=0.63 F_rare=1.00 U=0 Q=0.61 Q_l=0.72 Q_g=0.85 dl=1 dg=1
       Value: 0x015405B3 -> 0x555405B3
       Surgical: funct7 = 0 -> 42
       Original: ADD x11, x8, x21
       Mutated:  ADD x11, x8, x21
       zkVM errors (1 lines):
         • [prover_impl.rs:280] verify segment (internal proof verification failed)
       Local constraints hit (1 unique):
         - VerifyOpcodeF3F7@inst.zir:104
           cycle=19826, step=3098, pc=0x00205780, major=0, minor=0
       Global: memory permutation violated
         0x0020577C (code): wrote 0x015405b3, expected 0x555405b3 (cycle 16294)
  [213] ✓ INSTR_WORD_MOD_SUR @ step 795: 14 failures, 2928ms, outcome: REJECTED, exit: 101 [proof:GENERATED] G=memory
       r=0.009  T_new=0.00 F_new=0.99 F_rare=1.00 U=0 Q=0.02 Q_l=0.10 Q_g=0.19 dl=7 dg=10
       Value: 0x7A8080E7 -> 0xBBF080E7
       Surgical: imm = 1960 -> 3007
       Original: JALR x1, x1, 1960
       Mutated:  JALR x1, x1, -1089
       zkVM errors (3 lines):
         • [prover_impl.rs:280] verify segment (internal proof verification failed)
         • [ffi.cpp:113] address mismatch at cycle 17416: preflight=0x3fffc028, actual=0x3fffc03f
         • [kernels/cxx/ffi.cpp:208] SKIP THROW: memory peek not in preflight
       Local constraints hit (2 unique):
         - DecodeInst@inst.zir:29 (x12)
           cycle=17417, step=796, pc=0x0020318C, major=0, minor=7
         - MemoryWrite@mem.zir:99 (x2)
           cycle=17427, step=806, pc=0x002031B4, major=2, minor=6
       Global: memory permutation violated (27 addrs: 2 register, 25 code)
         x8/s0: unexpected write 0x00000001 (cycle 34824)
         x31/t6: expected write missing, needed 0x00000001 (cycle 34824)
         + 25 code addresses diverged (instruction fetch cascade)
  [214] ✓ MEM_VAL_MOD @ step 2991: 2 failures, 2928ms, outcome: REJECTED, exit: 101 [proof:GENERATED] G=memory
       r=0.169  T_new=0.00 F_new=0.63 F_rare=1.00 U=0 Q=0.43 Q_l=0.51 Q_g=0.85 dl=2 dg=1
       Value: 0x00000000 -> 0x0EADB5FE
       Transaction: other_mem_write (WRITE) at address 0xffff0180
       zkVM errors (1 lines):
         • [prover_impl.rs:280] verify segment (internal proof verification failed)
       Local constraints hit (2 unique):
         - MemoryWrite@mem.zir:100
           cycle=19719, step=2991, pc=0x00205E24, major=2, minor=1
         - MemoryWrite@mem.zir:99
           cycle=19719, step=2991, pc=0x00205E24, major=2, minor=1
       Global: memory permutation violated
         0xFFFF0180 (data): wrote 0x0eadb5fe, expected 0x00000000 (cycle 39439)
  [215] ✓ COMP_OUT_MOD @ step 976: 2 failures, 2945ms, outcome: REJECTED, exit: 101 [proof:GENERATED] G=memory
       r=0.106  T_new=0.00 F_new=0.39 F_rare=0.62 U=0 Q=0.43 Q_l=0.51 Q_g=0.85 dl=2 dg=1
       Value: 0x00000004 -> 0x11C0A2CB
       Destination: rd = x14 (a4)
       zkVM errors (1 lines):
         • [prover_impl.rs:280] verify segment (internal proof verification failed)
       Local constraints hit (2 unique):
         - MemoryWrite@mem.zir:100
           cycle=17609, step=976, pc=0x0020615C, major=0, minor=7
         - MemoryWrite@mem.zir:99
           cycle=17609, step=976, pc=0x0020615C, major=0, minor=7
       Global: memory permutation violated
         x14/a4: wrote 0x11c0a2cb, expected 0x00000004 (cycle 35219)
  [216] ✓ PRE_EXEC_REG_MOD @ step 2363: 4 failures, 3065ms, outcome: REJECTED, exit: 101 [proof:GENERATED] G=memory
       r=0.060  T_new=0.00 F_new=0.39 F_rare=0.72 U=0 Q=0.22 Q_l=0.26 Q_g=0.85 dl=4 dg=1
       Value: 0x00000000 -> 0xC50E1A48
       Register: x11 (a1), READ, strategy=next_read
       zkVM errors (1 lines):
         • [prover_impl.rs:280] verify segment (internal proof verification failed)
       Local constraints hit (4 unique):
         - IsRead@mem.zir:79
           cycle=19017, step=2363, pc=0x00203284, major=6, minor=2
         - IsRead@mem.zir:80
           cycle=19017, step=2363, pc=0x00203284, major=6, minor=2
         - MemoryWrite@mem.zir:100
           cycle=19017, step=2363, pc=0x00203284, major=6, minor=2
         - MemoryWrite@mem.zir:99
           cycle=19017, step=2363, pc=0x00203284, major=6, minor=2
       Global: memory permutation violated
         x11/a1: wrote 0xc50e1a48, expected 0x00000000 (cycle 38034)
  [217] ✓ LOAD_VAL_MOD @ step 3877: 2 failures, 2922ms, outcome: REJECTED, exit: 101 [proof:GENERATED] G=memory
       r=0.106  T_new=0.00 F_new=0.39 F_rare=0.63 U=0 Q=0.43 Q_l=0.51 Q_g=0.85 dl=2 dg=1
       Value: 0x00000000 -> 0x938D4F09
       Load destination: rd = x8 (s0/fp)
       zkVM errors (1 lines):
         • [prover_impl.rs:280] verify segment (internal proof verification failed)
       Local constraints hit (2 unique):
         - MemoryWrite@mem.zir:100
           cycle=20827, step=3877, pc=0x00203BF0, major=5, minor=2
         - MemoryWrite@mem.zir:99
           cycle=20827, step=3877, pc=0x00203BF0, major=5, minor=2
       Global: memory permutation violated
         x8/s0: wrote 0x938d4f09, expected 0x00000000 (cycle 41655)
  [218] ✓ STORE_OUT_MOD @ step 1104: 2 failures, 2942ms, outcome: REJECTED, exit: 101 [proof:GENERATED] G=memory
       r=0.123  T_new=0.00 F_new=0.39 F_rare=0.79 U=0 Q=0.43 Q_l=0.51 Q_g=0.85 dl=2 dg=1
       Value: 0x0000BEEF -> 0xA24B8073
       Store address: 0x002213b4
       zkVM errors (1 lines):
         • [prover_impl.rs:280] verify segment (internal proof verification failed)
       Local constraints hit (2 unique):
         - MemoryWrite@mem.zir:100
           cycle=17748, step=1104, pc=0x00200C10, major=6, minor=0
         - MemoryWrite@mem.zir:99
           cycle=17748, step=1104, pc=0x00200C10, major=6, minor=0
       Global: memory permutation violated
         0x002213B4 (code): wrote 0xa24b8073, expected 0x0000beef (cycle 35497)
  [219] ✓ MEM_VAL_MOD @ step 1162: 2 failures, 2933ms, outcome: REJECTED, exit: 101 [proof:GENERATED] G=memory
       r=0.183  T_new=0.00 F_new=0.78 F_rare=1.00 U=0 Q=0.43 Q_l=0.51 Q_g=0.85 dl=2 dg=1
       Value: 0x00000000 -> 0xEBFDE304
       Transaction: other_mem_write (WRITE) at address 0xffff0180
       zkVM errors (1 lines):
         • [prover_impl.rs:280] verify segment (internal proof verification failed)
       Local constraints hit (2 unique):
         - MemoryWrite@mem.zir:100
           cycle=17806, step=1162, pc=0x00209A5C, major=1, minor=5
         - MemoryWrite@mem.zir:99
           cycle=17806, step=1162, pc=0x00209A5C, major=1, minor=5
       Global: memory permutation violated
         0xFFFF0180 (data): wrote 0xebfde304, expected 0x00000000 (cycle 35613)
  [220] ✓ MEM_VAL_MOD @ step 1271: 2 failures, 2955ms, outcome: REJECTED, exit: 101 [proof:GENERATED] G=memory
       r=0.119  T_new=0.00 F_new=0.39 F_rare=0.75 U=0 Q=0.43 Q_l=0.51 Q_g=0.85 dl=2 dg=1
       Value: 0x00000000 -> 0x00000010
       Transaction: load_mem_read (READ) at address 0x0022136c
       zkVM errors (1 lines):
         • [prover_impl.rs:280] verify segment (internal proof verification failed)
       Local constraints hit (2 unique):
         - IsRead@mem.zir:79
           cycle=17915, step=1271, pc=0x00203424, major=5, minor=2
         - MemoryWrite@mem.zir:99
           cycle=17915, step=1271, pc=0x00203424, major=5, minor=2
       Global: memory permutation violated
         0x0022136C (code): wrote 0x00000010, expected 0x00000000 (cycle 35830)
  [221] ✓ INSTR_WORD_MOD_SUR @ step 2328: 0 failures, 2962ms, outcome: REJECTED, exit: 101 [proof:GENERATED] G=memory[GO]
       r=0.256  T_new=0.00 F_new=0.78 F_rare=1.00 U=0 Q=0.61 Q_l=1.00 Q_g=0.61 dl=0 dg=3
       Value: 0x00002097 -> 0x00002697
       Surgical: rd = 1 -> 13
       Original: AUIPC x1, 0x2000
       Mutated:  AUIPC x13, 0x2000
       zkVM errors (3 lines):
         • [prover_impl.rs:280] verify segment (internal proof verification failed)
         • [ffi.cpp:113] address mismatch at cycle 18982: preflight=0x3fffc021, actual=0x3fffc02d
         • [kernels/cxx/ffi.cpp:208] SKIP THROW: memory peek not in preflight
       Global: memory permutation violated [GLOBAL-ONLY]
         x1/ra: unexpected write 0x0020129c (cycle 37960)
         x13/a3: expected write missing, needed 0x0020129c (cycle 37960)
         0x002012FC (code): wrote 0x00002097, expected 0x00002697 (cycle 6554)
  [222] ✓ INSTR_WORD_MOD_SUR @ step 291: 1 failures, 3016ms, outcome: REJECTED, exit: 101 [proof:GENERATED] G=memory
       r=0.151  T_new=0.00 F_new=0.39 F_rare=0.65 U=0 Q=0.61 Q_l=0.72 Q_g=0.85 dl=1 dg=1
       Value: 0x00800613 -> 0x00800633
       Surgical: opcode = 19 -> 51
       Original: ADDI x12, x0, 8
       Mutated:  ADD x12, x0, x8
       zkVM errors (1 lines):
         • [prover_impl.rs:280] verify segment (internal proof verification failed)
       Local constraints hit (1 unique):
         - VerifyOpcodeF3@inst.zir:96
           cycle=16873, step=291, pc=0xC000015C, major=0, minor=7
       Global: memory permutation violated
         0xC0000158 (data): wrote 0x00800613, expected 0x00800633 (cycle 33496)
  [223] ✓ INSTR_WORD_MOD_FULL @ step 47: 5 failures, 2953ms, outcome: REJECTED, exit: 101 [proof:GENERATED] G=memory|cycle
       r=0.020  T_new=0.00 F_new=0.99 F_rare=1.00 U=0 Q=0.04 Q_l=0.19 Q_g=0.22 dl=5 dg=9
       Value: 0x00000593 -> 0xFFFDFA6F
       Original: ADDI x11, x0, 0
       Mutated:  JAL x20, -131074
       Format changed: I -> J
       zkVM errors (3 lines):
         • [prover_impl.rs:280] verify segment (internal proof verification failed)
         • [ffi.cpp:113] address mismatch at cycle 16620: preflight=0x3fffc020, actual=0x3fffc03b
         • [kernels/cxx/ffi.cpp:208] SKIP THROW: memory peek not in preflight
       Local constraints hit (5 unique):
         - IsRead@mem.zir:79
           cycle=16620, step=47, pc=0x00201074, major=0, minor=7
         - MemoryWrite@mem.zir:100
           cycle=16620, step=47, pc=0x00201074, major=0, minor=7
         - MemoryWrite@mem.zir:99
           cycle=16620, step=47, pc=0x00201074, major=0, minor=7
         - VerifyOpcodeF3@inst.zir:96
           cycle=16620, step=47, pc=0x00201074, major=0, minor=7
         - VerifyOpcodeF3@inst.zir:97
           cycle=16620, step=47, pc=0x00201074, major=0, minor=7
       Global: memory permutation violated
         x0/zero: unexpected write 0x00000000 (cycle 33238)
         x11/a1: unexpected write 0x00000001 (cycle 33234)
         x20/s4: expected write missing, needed 0x00002097 (cycle 6154)
         x27/s11: expected write missing, needed 0x00000000 (cycle 33238)
         x31/t6: expected write missing, needed 0x00000001 (cycle 33234)
         0x00201070 (code): wrote 0x00000593, expected 0xfffdfa6f (cycle 6154)
       Global: cycle lookup violated (3 indices broken)
         index 5: 350 provides, 1 uses (imbalanced)
         index 6: 413 provides, 1 uses (imbalanced)
         index 27086: 1 provides, 1 uses (imbalanced)
  [224] ✓ INSTR_WORD_MOD_SUR @ step 2600: 0 failures, 2930ms, outcome: REJECTED, exit: 101 [proof:GENERATED] G=memory[GO]
       r=0.256  T_new=0.00 F_new=0.78 F_rare=1.00 U=0 Q=0.61 Q_l=1.00 Q_g=0.61 dl=0 dg=3
       Value: 0x08B12823 -> 0x08912823
       Surgical: rs2 = 11 -> 9
       Original: SW x11, 144(x2)
       Mutated:  SW x9, 144(x2)
       zkVM errors (3 lines):
         • [prover_impl.rs:280] verify segment (internal proof verification failed)
         • [ffi.cpp:113] address mismatch at cycle 19328: preflight=0x3fffc02b, actual=0x3fffc029
         • [kernels/cxx/ffi.cpp:208] SKIP THROW: memory peek not in preflight
       Global: memory permutation violated [GLOBAL-ONLY]
         x9/s1: expected write missing, needed 0x30a10a85 (cycle 38655)
         x11/a1: unexpected write 0x30a10a85 (cycle 38655)
         0x00201588 (code): wrote 0x08b12823, expected 0x08912823 (cycle 6978)
  [225] ✓ INSTR_WORD_MOD_SUR @ step 3114: 1 failures, 2926ms, outcome: REJECTED, exit: 101 [proof:GENERATED] G=memory
       r=0.180  T_new=0.00 F_new=0.39 F_rare=0.85 U=0 Q=0.61 Q_l=0.72 Q_g=0.85 dl=1 dg=1
       Value: 0x004B5693 -> 0x004B56B3
       Surgical: opcode = 19 -> 51
       Original: SRLI x13, x22, 4
       Mutated:  SRL x13, x22, x4
       zkVM errors (1 lines):
         • [prover_impl.rs:280] verify segment (internal proof verification failed)
       Local constraints hit (1 unique):
         - VerifyOpcodeF3F7@inst.zir:102
           cycle=19842, step=3114, pc=0x002057F8, major=4, minor=2
       Global: memory permutation violated
         0x002057F4 (code): wrote 0x004b5693, expected 0x004b56b3 (cycle 16374)
  [226] ✓ INSTR_WORD_MOD_SUR @ step 667: 0 failures, 2951ms, outcome: REJECTED, exit: 101 [proof:GENERATED] G=memory[GO]
       r=0.256  T_new=0.00 F_new=0.78 F_rare=1.00 U=0 Q=0.61 Q_l=1.00 Q_g=0.61 dl=0 dg=3
       Value: 0x02A7F463 -> 0x02AEF463
       Surgical: rs1 = 15 -> 29
       Original: BGEU x15, x10, 40
       Mutated:  BGEU x29, x10, 40
       zkVM errors (3 lines):
         • [prover_impl.rs:280] verify segment (internal proof verification failed)
         • [ffi.cpp:113] address mismatch at cycle 17276: preflight=0x3fffc02f, actual=0x3fffc03d
         • [kernels/cxx/ffi.cpp:208] SKIP THROW: memory peek not in preflight
       Global: memory permutation violated [GLOBAL-ONLY]
         x15/a5: unexpected write 0x00000001 (cycle 34550)
         x29/t4: expected write missing, needed 0x00000001 (cycle 34550)
         0x00206168 (code): wrote 0x02a7f463, expected 0x02aef463 (cycle 34384)
  [227] ✓ INSTR_WORD_MOD_SUR @ step 1802: 1 failures, 2980ms, outcome: REJECTED, exit: 101 [proof:GENERATED] G=memory
       r=0.150  T_new=0.00 F_new=0.39 F_rare=0.64 U=0 Q=0.61 Q_l=0.72 Q_g=0.85 dl=1 dg=1
       Value: 0x00158593 -> 0x00158597
       Surgical: opcode = 19 -> 23
       Original: ADDI x11, x11, 1
       Mutated:  AUIPC x11, 0x158000
       zkVM errors (1 lines):
         • [prover_impl.rs:280] verify segment (internal proof verification failed)
       Local constraints hit (1 unique):
         - VerifyOpcodeF3@inst.zir:96
           cycle=18446, step=1802, pc=0x002184CC, major=0, minor=7
       Global: memory permutation violated
         0x002184C8 (code): wrote 0x00158593, expected 0x00158597 (cycle 36878)
  [228] ✓ COMP_OUT_MOD @ step 2963: 2 failures, 2961ms, outcome: REJECTED, exit: 101 [proof:GENERATED] G=memory
       r=0.123  T_new=0.00 F_new=0.39 F_rare=0.79 U=0 Q=0.43 Q_l=0.51 Q_g=0.85 dl=2 dg=1
       Value: 0x00000010 -> 0xFFFFFFFE
       Destination: rd = x22 (s6)
       zkVM errors (1 lines):
         • [prover_impl.rs:280] verify segment (internal proof verification failed)
       Local constraints hit (2 unique):
         - MemoryWrite@mem.zir:100
           cycle=19691, step=2963, pc=0x0020568C, major=1, minor=2
         - MemoryWrite@mem.zir:99
           cycle=19691, step=2963, pc=0x0020568C, major=1, minor=2
       Global: memory permutation violated
         x22/s6: wrote 0xfffffffe, expected 0x00000010 (cycle 39383)
  [229] ✓ INSTR_WORD_MOD_SUR @ step 184: 1 failures, 2940ms, outcome: REJECTED, exit: 101 [proof:GENERATED] G=memory
       r=0.166  T_new=0.00 F_new=0.39 F_rare=0.75 U=0 Q=0.61 Q_l=0.72 Q_g=0.85 dl=1 dg=1
       Value: 0x0021A5B7 -> 0x0021A5F3
       Surgical: opcode = 55 -> 115
       Original: LUI x11, 0x21a000
       Mutated:  SYSTEM.2 x11, x3, 2
       zkVM errors (1 lines):
         • [prover_impl.rs:280] verify segment (internal proof verification failed)
       Local constraints hit (1 unique):
         - VerifyOpcode@inst.zir:91
           cycle=16763, step=184, pc=0x00200EC4, major=2, minor=5
       Global: memory permutation violated
         0x00200EC0 (code): wrote 0x0021a5b7, expected 0x0021a5f3 (cycle 5890)
  [230] ✓ STORE_OUT_MOD @ step 148: 2 failures, 2975ms, outcome: REJECTED, exit: 101 [proof:GENERATED] G=memory
       r=0.106  T_new=0.00 F_new=0.39 F_rare=0.62 U=0 Q=0.43 Q_l=0.51 Q_g=0.85 dl=2 dg=1
       Value: 0x00000000 -> 0x0B87F71C
       Store address: 0x0022136c
       zkVM errors (1 lines):
         • [prover_impl.rs:280] verify segment (internal proof verification failed)
       Local constraints hit (2 unique):
         - MemoryWrite@mem.zir:100
           cycle=16721, step=148, pc=0x00201110, major=6, minor=2
         - MemoryWrite@mem.zir:99
           cycle=16721, step=148, pc=0x00201110, major=6, minor=2
       Global: memory permutation violated
         0x0022136C (code): wrote 0x0b87f71c, expected 0x00000000 (cycle 33443)
  [231] ✓ INSTR_WORD_MOD_SUR @ step 338: 1 failures, 2941ms, outcome: REJECTED, exit: 101 [proof:GENERATED] G=memory
       r=0.162  T_new=0.00 F_new=0.39 F_rare=0.72 U=0 Q=0.61 Q_l=0.72 Q_g=0.85 dl=1 dg=1
       Value: 0xF80080E7 -> 0xF800C0E7
       Surgical: funct3 = 0 -> 4
       Original: JALR x1, x1, -128
       Mutated:  JALR x1, x1, -128
       zkVM errors (1 lines):
         • [prover_impl.rs:280] verify segment (internal proof verification failed)
       Local constraints hit (1 unique):
         - VerifyOpcodeF3@inst.zir:97
           cycle=16923, step=338, pc=0x00206130, major=2, minor=4
       Global: memory permutation violated
         0x002031B4 (code): wrote 0xf80080e7, expected 0xf800c0e7 (cycle 33676)
  [232] ✓ LOAD_VAL_MOD @ step 1985: 2 failures, 2958ms, outcome: REJECTED, exit: 101 [proof:GENERATED] G=memory
       r=0.116  T_new=0.00 F_new=0.39 F_rare=0.72 U=0 Q=0.43 Q_l=0.51 Q_g=0.85 dl=2 dg=1
       Value: 0x0000004B -> 0x5DCDC247
       Load destination: rd = x13 (a3)
       zkVM errors (1 lines):
         • [prover_impl.rs:280] verify segment (internal proof verification failed)
       Local constraints hit (2 unique):
         - MemoryWrite@mem.zir:100
           cycle=18634, step=1985, pc=0x002184C0, major=5, minor=3
         - MemoryWrite@mem.zir:99
           cycle=18634, step=1985, pc=0x002184C0, major=5, minor=3
       Global: memory permutation violated
         x13/a3: wrote 0x5dcdc247, expected 0x0000004b (cycle 37269)
  [233] ✓ INSTR_WORD_MOD_SUR @ step 341: 1 failures, 2937ms, outcome: REJECTED, exit: 101 [proof:GENERATED] G=memory
       r=0.149  T_new=0.00 F_new=0.39 F_rare=0.63 U=0 Q=0.61 Q_l=0.72 Q_g=0.85 dl=1 dg=1
       Value: 0x00060793 -> 0x00060797
       Surgical: opcode = 19 -> 23
       Original: ADDI x15, x12, 0
       Mutated:  AUIPC x15, 0x60000
       zkVM errors (1 lines):
         • [prover_impl.rs:280] verify segment (internal proof verification failed)
       Local constraints hit (1 unique):
         - VerifyOpcodeF3@inst.zir:96
           cycle=16926, step=341, pc=0x0020613C, major=0, minor=7
       Global: memory permutation violated
         0x00206138 (code): wrote 0x00060793, expected 0x00060797 (cycle 33682)
  [234] ✓ MEM_VAL_MOD @ step 3112: 2 failures, 2932ms, outcome: REJECTED, exit: 101 [proof:GENERATED] G=memory
       r=0.114  T_new=0.00 F_new=0.39 F_rare=0.70 U=0 Q=0.43 Q_l=0.51 Q_g=0.85 dl=2 dg=1
       Value: 0x00000000 -> 0xDAFB5FDF
       Transaction: store_rmw_read (READ) at address 0x00221568
       zkVM errors (1 lines):
         • [prover_impl.rs:280] verify segment (internal proof verification failed)
       Local constraints hit (2 unique):
         - IsRead@mem.zir:79
           cycle=19840, step=3112, pc=0x002057B8, major=6, minor=2
         - IsRead@mem.zir:80
           cycle=19840, step=3112, pc=0x002057B8, major=6, minor=2
       Global: memory permutation violated
         0x00221568 (code): wrote 0xdafb5fdf, expected 0x00000000 (cycle 39680)
  [235] ✓ INSTR_WORD_MOD_SUR @ step 534: 0 failures, 2979ms, outcome: REJECTED, exit: 101 [proof:GENERATED] G=memory[GO]
       r=0.256  T_new=0.00 F_new=0.78 F_rare=1.00 U=0 Q=0.61 Q_l=1.00 Q_g=0.61 dl=0 dg=3
       Value: 0x40B787B3 -> 0x40B781B3
       Surgical: rd = 15 -> 3
       Original: SUB x15, x15, x11
       Mutated:  SUB x3, x15, x11
       zkVM errors (3 lines):
         • [prover_impl.rs:280] verify segment (internal proof verification failed)
         • [ffi.cpp:113] address mismatch at cycle 17137: preflight=0x3fffc02f, actual=0x3fffc023
         • [kernels/cxx/ffi.cpp:208] SKIP THROW: memory peek not in preflight
       Global: memory permutation violated [GLOBAL-ONLY]
         x3/gp: expected write missing, needed 0x00000001 (cycle 34274)
         x15/a5: unexpected write 0x00000001 (cycle 34274)
         0x002061B4 (code): wrote 0x40b787b3, expected 0x40b781b3 (cycle 34106)
  [236] ✓ INSTR_WORD_MOD_SUR @ step 335: 1 failures, 2940ms, outcome: REJECTED, exit: 101 [proof:GENERATED] G=memory
       r=0.148  T_new=0.00 F_new=0.39 F_rare=0.63 U=0 Q=0.61 Q_l=0.72 Q_g=0.85 dl=1 dg=1
       Value: 0x00060593 -> 0x000605BB
       Surgical: opcode = 19 -> 59
       Original: ADDI x11, x12, 0
       Mutated:  UNKNOWN 0x000605bb
       zkVM errors (1 lines):
         • [prover_impl.rs:280] verify segment (internal proof verification failed)
       Local constraints hit (1 unique):
         - VerifyOpcodeF3@inst.zir:96
           cycle=16920, step=335, pc=0x002031AC, major=0, minor=7
       Global: memory permutation violated
         0x002031A8 (code): wrote 0x00060593, expected 0x000605bb (cycle 33670)
  [237] ✓ COMP_OUT_MOD @ step 40: 2 failures, 2938ms, outcome: REJECTED, exit: 101 [proof:GENERATED] G=memory
       r=0.105  T_new=0.00 F_new=0.39 F_rare=0.62 U=0 Q=0.43 Q_l=0.51 Q_g=0.85 dl=2 dg=1
       Value: 0x00221398 -> 0xFFDDEC67
       Destination: rd = x10 (a0)
       zkVM errors (1 lines):
         • [prover_impl.rs:280] verify segment (internal proof verification failed)
       Local constraints hit (2 unique):
         - MemoryWrite@mem.zir:100
           cycle=16613, step=40, pc=0x00201058, major=0, minor=7
         - MemoryWrite@mem.zir:99
           cycle=16613, step=40, pc=0x00201058, major=0, minor=7
       Global: memory permutation violated
         x10/a0: wrote 0xffddec67, expected 0x00221398 (cycle 33227)
  [238] ✓ INSTR_WORD_MOD_SUR @ step 2110: 1 failures, 2969ms, outcome: REJECTED, exit: 101 [proof:GENERATED] G=memory
       r=0.149  T_new=0.00 F_new=0.39 F_rare=0.63 U=0 Q=0.61 Q_l=0.72 Q_g=0.85 dl=1 dg=1
       Value: 0x00060913 -> 0x00067913
       Surgical: funct3 = 0 -> 7
       Original: ADDI x18, x12, 0
       Mutated:  ANDI x18, x12, 0
       zkVM errors (1 lines):
         • [prover_impl.rs:280] verify segment (internal proof verification failed)
       Local constraints hit (1 unique):
         - VerifyOpcodeF3@inst.zir:97
           cycle=18764, step=2110, pc=0x00202514, major=0, minor=7
       Global: memory permutation violated
         0x00202510 (code): wrote 0x00060913, expected 0x00067913 (cycle 8186)
  [239] ✓ INSTR_WORD_MOD_FULL @ step 2700: 1 failures, 2941ms, outcome: REJECTED, exit: 101 [proof:GENERATED] G=memory
       r=0.235  T_new=0.00 F_new=0.63 F_rare=1.00 U=0 Q=0.61 Q_l=0.72 Q_g=0.85 dl=1 dg=1
       Value: 0x01CAA603 -> 0x01CAA613
       Original: LW x12, 28(x21)
       Mutated:  SLTI x12, x21, 28
       zkVM errors (1 lines):
         • [prover_impl.rs:280] verify segment (internal proof verification failed)
       Local constraints hit (1 unique):
         - VerifyOpcodeF3@inst.zir:96
           cycle=19428, step=2700, pc=0x0020162C, major=5, minor=2
       Global: memory permutation violated
         0x00201628 (code): wrote 0x01caa603, expected 0x01caa613 (cycle 7078)
  [240] ✓ INSTR_WORD_MOD_FULL @ step 3091: 4 failures, 3000ms, outcome: REJECTED, exit: 101 [proof:GENERATED] G=memory
       r=0.038  T_new=0.00 F_new=0.97 F_rare=1.00 U=0 Q=0.08 Q_l=0.26 Q_g=0.31 dl=4 dg=7
       Value: 0x0046F793 -> 0xDEA912E7
       Original: ANDI x15, x13, 4
       Mutated:  JALR x5, x18, -534
       zkVM errors (3 lines):
         • [prover_impl.rs:280] verify segment (internal proof verification failed)
         • [ffi.cpp:113] address mismatch at cycle 19819: preflight=0x3fffc02d, actual=0x3fffc032
         • [kernels/cxx/ffi.cpp:208] SKIP THROW: memory peek not in preflight
       Local constraints hit (4 unique):
         - MemoryWrite@mem.zir:100
           cycle=19819, step=3091, pc=0x002032A8, major=1, minor=2
         - MemoryWrite@mem.zir:99
           cycle=19819, step=3091, pc=0x002032A8, major=1, minor=2
         - VerifyOpcodeF3@inst.zir:96
           cycle=19819, step=3091, pc=0x002032A8, major=1, minor=2
         - VerifyOpcodeF3@inst.zir:97
           cycle=19819, step=3091, pc=0x002032A8, major=1, minor=2
       Global: memory permutation violated
         x4/tp: unexpected write 0x00000000 (cycle 39522)
         x5/t0: expected write missing, needed 0x00000019 (cycle 39622)
         x10/a0: expected write missing, needed 0x00000000 (cycle 39522)
         x13/a3: unexpected write 0x0022153c (cycle 39630)
         x15/a5: unexpected write 0x00000019 (cycle 39622)
         x18/s2: expected write missing, needed 0x0022153c (cycle 39630)
         0x002032A4 (code): wrote 0x0046f793, expected 0xdea912e7 (cycle 38052)
  [241] ✓ INSTR_WORD_MOD_SUR @ step 1620: 1 failures, 2963ms, outcome: REJECTED, exit: 101 [proof:GENERATED] G=memory
       r=0.183  T_new=0.00 F_new=0.78 F_rare=1.00 U=0 Q=0.43 Q_l=0.72 Q_g=0.61 dl=1 dg=3
       Value: 0x00452603 -> 0x10D52603
       Surgical: imm = 4 -> 269
       Original: LW x12, 4(x10)
       Mutated:  LW x12, 269(x10)
       zkVM errors (3 lines):
         • [prover_impl.rs:280] verify segment (internal proof verification failed)
         • [ffi.cpp:113] address mismatch at cycle 18264: preflight=0x0008005a, actual=0x0008009c
         • [kernels/cxx/ffi.cpp:208] SKIP THROW: memory peek not in preflight
       Local constraints hit (1 unique):
         - OpLW@inst_mem.zir:108
           cycle=18264, step=1620, pc=0x00204798, major=5, minor=2
       Global: memory permutation violated
         0x00200168 (data): unexpected write 0x00000001 (cycle 36517)
         0x00200270 (data): expected write missing, needed 0x00000001 (cycle 36517)
         0x00204794 (code): wrote 0x00452603, expected 0x10d52603 (cycle 13738)
  [242] ✓ INSTR_WORD_MOD_SUR @ step 3730: 0 failures, 2945ms, outcome: REJECTED, exit: 101 [proof:GENERATED] G=memory[GO]
       r=0.256  T_new=0.00 F_new=0.78 F_rare=1.00 U=0 Q=0.61 Q_l=1.00 Q_g=0.61 dl=0 dg=3
       Value: 0x00B6A223 -> 0x00BB2223
       Surgical: rs1 = 13 -> 22
       Original: SW x11, 4(x13)
       Mutated:  SW x11, 4(x22)
       zkVM errors (3 lines):
         • [prover_impl.rs:280] verify segment (internal proof verification failed)
         • [ffi.cpp:113] address mismatch at cycle 20606: preflight=0x3fffc02d, actual=0x3fffc036
         • [kernels/cxx/ffi.cpp:208] SKIP THROW: memory peek not in preflight
       Global: memory permutation violated [GLOBAL-ONLY]
         x13/a3: unexpected write 0x00221634 (cycle 41206)
         x22/s6: expected write missing, needed 0x00221634 (cycle 41206)
         0x00203270 (code): wrote 0x00b6a223, expected 0x00bb2223 (cycle 39612)
  [243] ✓ INSTR_WORD_MOD_SUR @ step 960: 1 failures, 2966ms, outcome: REJECTED, exit: 101 [proof:GENERATED] G=memory
       r=0.183  T_new=0.00 F_new=0.78 F_rare=1.00 U=0 Q=0.43 Q_l=0.72 Q_g=0.61 dl=1 dg=3
       Value: 0x00050413 -> 0x55D50413
       Surgical: imm = 0 -> 1373
       Original: ADDI x8, x10, 0
       Mutated:  ADDI x8, x10, 1373
       zkVM errors (3 lines):
         • [prover_impl.rs:280] verify segment (internal proof verification failed)
         • [ffi.cpp:113] address mismatch at cycle 17593: preflight=0x3fffc020, actual=0x3fffc03d
         • [kernels/cxx/ffi.cpp:208] SKIP THROW: memory peek not in preflight
       Local constraints hit (1 unique):
         - MemoryWrite@mem.zir:99
           cycle=17593, step=960, pc=0x002031A4, major=0, minor=7
       Global: memory permutation violated
         x0/zero: unexpected write 0x00000000 (cycle 35182)
         x29/t4: expected write missing, needed 0x00000000 (cycle 35182)
         0x002031A0 (code): wrote 0x00050413, expected 0x55d50413 (cycle 35014)
  [244] 💥 PRE_EXEC_REG_MOD @ step 1701: 2 failures, 505ms, outcome: CRASH, exit: -11 [proof:NOT_GENERATED]
       r=0.000  T_new=0.00 F_new=0.00 F_rare=0.00 U=0 Q=0.00 Q_l=0.00 Q_g=1.00 dl=0 dg=0
       Value: 0x0021B164 -> 0xFFDE4E9C
       Register: x10 (a0), READ, strategy=next_read
       Local constraints hit (2 unique):
         - IsRead@mem.zir:79
           cycle=18345, step=1701, pc=0x002184C0, major=5, minor=3
         - IsRead@mem.zir:80
           cycle=18345, step=1701, pc=0x002184C0, major=5, minor=3
       Global: no permutation/lookup violations (local-only)
  [245] ✓ STORE_OUT_MOD @ step 2340: 2 failures, 2947ms, outcome: REJECTED, exit: 101 [proof:GENERATED] G=memory
       r=0.119  T_new=0.00 F_new=0.39 F_rare=0.75 U=0 Q=0.43 Q_l=0.51 Q_g=0.85 dl=2 dg=1
       Value: 0x00000000 -> 0xF7F749F3
       Store address: 0x00200344
       zkVM errors (1 lines):
         • [prover_impl.rs:280] verify segment (internal proof verification failed)
       Local constraints hit (2 unique):
         - MemoryWrite@mem.zir:100
           cycle=18994, step=2340, pc=0x00203228, major=6, minor=0
         - MemoryWrite@mem.zir:99
           cycle=18994, step=2340, pc=0x00203228, major=6, minor=0
       Global: memory permutation violated
         0x00200344 (data): wrote 0xf7f749f3, expected 0x00000000 (cycle 37989)
  [246] ✓ INSTR_WORD_MOD_SUR @ step 495: 1 failures, 2932ms, outcome: REJECTED, exit: 101 [proof:GENERATED] G=memory
       r=0.165  T_new=0.00 F_new=0.39 F_rare=0.75 U=0 Q=0.61 Q_l=0.72 Q_g=0.85 dl=1 dg=1
       Value: 0x00261313 -> 0x00261317
       Surgical: opcode = 19 -> 23
       Original: SLLI x6, x12, 2
       Mutated:  AUIPC x6, 0x261000
       zkVM errors (1 lines):
         • [prover_impl.rs:280] verify segment (internal proof verification failed)
       Local constraints hit (1 unique):
         - VerifyOpcodeF3F7@inst.zir:102
           cycle=17092, step=495, pc=0x00206134, major=3, minor=1
       Global: memory permutation violated
         0x00206130 (code): wrote 0x00261313, expected 0x00261317 (cycle 34016)
  [247] ✓ LOAD_VAL_MOD @ step 3164: 2 failures, 2979ms, outcome: REJECTED, exit: 101 [proof:GENERATED] G=memory
       r=0.106  T_new=0.00 F_new=0.39 F_rare=0.62 U=0 Q=0.43 Q_l=0.51 Q_g=0.85 dl=2 dg=1
       Value: 0x00205460 -> 0x0060FD20
       Load destination: rd = x1 (ra)
       zkVM errors (1 lines):
         • [prover_impl.rs:280] verify segment (internal proof verification failed)
       Local constraints hit (2 unique):
         - MemoryWrite@mem.zir:100
           cycle=19966, step=3164, pc=0x00205820, major=5, minor=2
         - MemoryWrite@mem.zir:99
           cycle=19966, step=3164, pc=0x00205820, major=5, minor=2
       Global: memory permutation violated
         x1/ra: wrote 0x0060fd20, expected 0x00205460 (cycle 39933)
  [248] ✓ INSTR_WORD_MOD_SUR @ step 16: 1 failures, 2942ms, outcome: REJECTED, exit: 101 [proof:GENERATED] G=memory
       r=0.183  T_new=0.00 F_new=0.78 F_rare=1.00 U=0 Q=0.43 Q_l=0.72 Q_g=0.61 dl=1 dg=3
       Value: 0x00052603 -> 0x00552603
       Surgical: imm = 0 -> 5
       Original: LW x12, 0(x10)
       Mutated:  LW x12, 5(x10)
       zkVM errors (3 lines):
         • [prover_impl.rs:280] verify segment (internal proof verification failed)
         • [ffi.cpp:113] address mismatch at cycle 16589: preflight=0x00004000, actual=0x00004001
         • [kernels/cxx/ffi.cpp:208] SKIP THROW: memory peek not in preflight
       Local constraints hit (1 unique):
         - OpLW@inst_mem.zir:108
           cycle=16589, step=16, pc=0xC0000044, major=5, minor=2
       Global: memory permutation violated
         0x00010000 (data): unexpected write 0x00203700 (cycle 3518)
         0x00010004 (data): wrote 0x00010101, expected 0x00203700 (cycle 3518)
         0xC0000040 (data): wrote 0x00052603, expected 0x00552603 (cycle 29962)
  [249] ✓ INSTR_TYPE_MOD @ step 84: 2 failures, 2940ms, outcome: REJECTED, exit: 101 [proof:GENERATED] G=memory
       r=0.046  T_new=0.00 F_new=1.00 F_rare=1.00 U=0 Q=0.10 Q_l=0.51 Q_g=0.19 dl=2 dg=10
       Value: 0x00020001 -> 0x00020000
       Original: BltU [major=2, minor=1]
       Mutated:  Bge [major=2, minor=0]
       zkVM errors (3 lines):
         • [prover_impl.rs:280] verify segment (internal proof verification failed)
         • [ffi.cpp:113] address mismatch at cycle 16658: preflight=0x00080ca2, actual=0x00080cbc
         • [kernels/cxx/buffers.h:43] SKIP THROW: Inconsistent set
       Local constraints hit (2 unique):
         - MemoryWrite@mem.zir:99
           cycle=16684, step=111, pc=0x0020107C, major=2, minor=4
         - VerifyOpcodeF3@inst.zir:97
           cycle=16657, step=84, pc=0x00203288, major=2, minor=0
       Global: memory permutation violated (53 addrs: 53 code)
         + 53 code addresses diverged (instruction fetch cascade)
  [250] ✓ INSTR_WORD_MOD_SUR @ step 3235: 0 failures, 2946ms, outcome: REJECTED, exit: 101 [proof:GENERATED] G=memory[GO]
       r=0.256  T_new=0.00 F_new=0.78 F_rare=1.00 U=0 Q=0.61 Q_l=1.00 Q_g=0.61 dl=0 dg=3
       Value: 0x00008067 -> 0x00068067
       Surgical: rs1 = 1 -> 13
       Original: JALR x0, x1, 0
       Mutated:  JALR x0, x13, 0
       zkVM errors (3 lines):
         • [prover_impl.rs:280] verify segment (internal proof verification failed)
         • [ffi.cpp:113] address mismatch at cycle 20037: preflight=0x3fffc021, actual=0x3fffc02d
         • [kernels/cxx/ffi.cpp:208] SKIP THROW: memory peek not in preflight
       Global: memory permutation violated [GLOBAL-ONLY]
         x1/ra: unexpected write 0x00204bb4 (cycle 40064)
         x13/a3: expected write missing, needed 0x00204bb4 (cycle 40064)
         0x00205E3C (code): wrote 0x00008067, expected 0x00068067 (cycle 39452)
  [251] ✓ INSTR_WORD_MOD_SUR @ step 2130: 1 failures, 2941ms, outcome: REJECTED, exit: 101 [proof:GENERATED] G=memory
       r=0.180  T_new=0.00 F_new=0.39 F_rare=0.85 U=0 Q=0.61 Q_l=0.72 Q_g=0.85 dl=1 dg=1
       Value: 0x00B775B3 -> 0x00B775E3
       Surgical: opcode = 51 -> 99
       Original: AND x11, x14, x11
       Mutated:  BGEU x14, x11, 2058
       zkVM errors (1 lines):
         • [prover_impl.rs:280] verify segment (internal proof verification failed)
       Local constraints hit (1 unique):
         - VerifyOpcodeF3F7@inst.zir:102
           cycle=18784, step=2130, pc=0x00205E18, major=0, minor=4
       Global: memory permutation violated
         0x00205E14 (code): wrote 0x00b775b3, expected 0x00b775e3 (cycle 17362)
  [252] ✓ MEM_VAL_MOD @ step 1517: 3 failures, 3010ms, outcome: REJECTED, exit: 101 [proof:GENERATED] G=memory
       r=0.131  T_new=0.00 F_new=0.78 F_rare=1.00 U=0 Q=0.31 Q_l=0.37 Q_g=0.85 dl=3 dg=1
       Value: 0xABD9831F -> 0x00000010
       Transaction: load_mem_read (READ) at address 0x00200328
       zkVM errors (1 lines):
         • [prover_impl.rs:280] verify segment (internal proof verification failed)
       Local constraints hit (3 unique):
         - IsRead@mem.zir:79
           cycle=18161, step=1517, pc=0x002184C0, major=5, minor=3
         - IsRead@mem.zir:80
           cycle=18161, step=1517, pc=0x002184C0, major=5, minor=3
         - MemoryWrite@mem.zir:99
           cycle=18161, step=1517, pc=0x002184C0, major=5, minor=3
       Global: memory permutation violated
         0x00200328 (data): wrote 0x00000010, expected 0xabd9831f (cycle 36322)
  [253] ✓ INSTR_WORD_MOD_SUR @ step 827: 1 failures, 2915ms, outcome: REJECTED, exit: 101 [proof:GENERATED] G=memory
       r=0.162  T_new=0.00 F_new=0.39 F_rare=0.72 U=0 Q=0.61 Q_l=0.72 Q_g=0.85 dl=1 dg=1
       Value: 0x00251513 -> 0x00251563
       Surgical: opcode = 19 -> 99
       Original: SLLI x10, x10, 2
       Mutated:  BNE x10, x2, 10
       zkVM errors (1 lines):
         • [prover_impl.rs:280] verify segment (internal proof verification failed)
       Local constraints hit (1 unique):
         - VerifyOpcodeF3F7@inst.zir:102
           cycle=17448, step=827, pc=0xC000007C, major=3, minor=1
       Global: memory permutation violated
         0xC0000078 (data): wrote 0x00251513, expected 0x00251563 (cycle 34728)
  [254] ✓ COMP_OUT_MOD @ step 1263: 2 failures, 3064ms, outcome: REJECTED, exit: 101 [proof:GENERATED] G=memory
       r=0.105  T_new=0.00 F_new=0.39 F_rare=0.61 U=0 Q=0.43 Q_l=0.51 Q_g=0.85 dl=2 dg=1
       Value: 0x00221364 -> 0xEC520389
       Destination: rd = x14 (a4)
       zkVM errors (1 lines):
         • [prover_impl.rs:280] verify segment (internal proof verification failed)
       Local constraints hit (2 unique):
         - MemoryWrite@mem.zir:100
           cycle=17907, step=1263, pc=0x00203404, major=0, minor=7
         - MemoryWrite@mem.zir:99
           cycle=17907, step=1263, pc=0x00203404, major=0, minor=7
       Global: memory permutation violated
         x14/a4: wrote 0xec520389, expected 0x00221364 (cycle 35815)
  [255] ✓ INSTR_WORD_MOD_SUR @ step 572: 1 failures, 3020ms, outcome: REJECTED, exit: 101 [proof:GENERATED] G=memory
       r=0.148  T_new=0.00 F_new=0.39 F_rare=0.63 U=0 Q=0.61 Q_l=0.72 Q_g=0.85 dl=1 dg=1
       Value: 0x00068613 -> 0x0006E613
       Surgical: funct3 = 0 -> 6
       Original: ADDI x12, x13, 0
       Mutated:  ORI x12, x13, 0
       zkVM errors (1 lines):
         • [prover_impl.rs:280] verify segment (internal proof verification failed)
       Local constraints hit (1 unique):
         - VerifyOpcodeF3@inst.zir:97
           cycle=17175, step=572, pc=0x002031B0, major=0, minor=7
       Global: memory permutation violated
         0x002031AC (code): wrote 0x00068613, expected 0x0006e613 (cycle 34178)
  [256] ✓ INSTR_WORD_MOD_SUR @ step 2575: 1 failures, 3060ms, outcome: REJECTED, exit: 101 [proof:GENERATED] G=memory
       r=0.180  T_new=0.00 F_new=0.39 F_rare=0.85 U=0 Q=0.61 Q_l=0.72 Q_g=0.85 dl=1 dg=1
       Value: 0x00E5E5B3 -> 0x00E5E583
       Surgical: opcode = 51 -> 3
       Original: OR x11, x11, x14
       Mutated:  LOAD.6 x11, 14(x11)
       zkVM errors (1 lines):
         • [prover_impl.rs:280] verify segment (internal proof verification failed)
       Local constraints hit (1 unique):
         - VerifyOpcodeF3F7@inst.zir:102
           cycle=19303, step=2575, pc=0x00201528, major=0, minor=3
       Global: memory permutation violated
         0x00201524 (code): wrote 0x00e5e5b3, expected 0x00e5e583 (cycle 6918)
  [257] ✓ INSTR_WORD_MOD_FULL @ step 3612: 0 failures, 2930ms, outcome: REJECTED, exit: 101 [proof:GENERATED] G=memory[GO]
       r=0.281  T_new=0.00 F_new=0.39 F_rare=1.00 U=0 Q=0.85 Q_l=1.00 Q_g=0.85 dl=0 dg=1
       Value: 0x00B6E463 -> 0x00B6E063
       Original: BLTU x13, x11, 8
       Mutated:  BLTU x13, x11, 0
       zkVM errors (1 lines):
         • [prover_impl.rs:280] verify segment (internal proof verification failed)
       Global: memory permutation violated [GLOBAL-ONLY]
         0x00205DF8 (code): wrote 0x00b6e463, expected 0x00b6e063 (cycle 40566)
  [258] ✓ INSTR_WORD_MOD_FULL @ step 3362: 1 failures, 2942ms, outcome: REJECTED, exit: 101 [proof:GENERATED] G=memory
       r=0.180  T_new=0.00 F_new=0.39 F_rare=0.85 U=0 Q=0.61 Q_l=0.72 Q_g=0.85 dl=1 dg=1
       Value: 0x02059663 -> 0x0205D663
       Original: BNE x11, x0, 44
       Mutated:  BGE x11, x0, 44
       zkVM errors (1 lines):
         • [prover_impl.rs:280] verify segment (internal proof verification failed)
       Local constraints hit (1 unique):
         - VerifyOpcodeF3@inst.zir:97
           cycle=20164, step=3362, pc=0x002035E0, major=1, minor=6
       Global: memory permutation violated
         0x002035DC (code): wrote 0x02059663, expected 0x0205d663 (cycle 40200)
  [259] ✓ INSTR_WORD_MOD_FULL @ step 3212: 0 failures, 2932ms, outcome: REJECTED, exit: 101 [proof:GENERATED] G=memory[GO]
       r=0.256  T_new=0.00 F_new=0.78 F_rare=1.00 U=0 Q=0.61 Q_l=1.00 Q_g=0.61 dl=0 dg=3
       Value: 0x000A8513 -> 0x000A8D13
       Original: ADDI x10, x21, 0
       Mutated:  ADDI x26, x21, 0
       zkVM errors (3 lines):
         • [prover_impl.rs:280] verify segment (internal proof verification failed)
         • [ffi.cpp:113] address mismatch at cycle 20014: preflight=0x3fffc02a, actual=0x3fffc03a
         • [kernels/cxx/ffi.cpp:208] SKIP THROW: memory peek not in preflight
       Global: memory permutation violated [GLOBAL-ONLY]
         x10/a0: unexpected write 0xd459352d (cycle 40014)
         x26/s10: expected write missing, needed 0xd459352d (cycle 40014)
         0x00204BA8 (code): wrote 0x000a8513, expected 0x000a8d13 (cycle 14402)
  [260] ✓ INSTR_WORD_MOD_FULL @ step 951: 0 failures, 2953ms, outcome: REJECTED, exit: 101 [proof:GENERATED] G=memory[GO]
       r=0.256  T_new=0.00 F_new=0.78 F_rare=1.00 U=0 Q=0.61 Q_l=1.00 Q_g=0.61 dl=0 dg=3
       Value: 0x00100693 -> 0x00180693
       Original: ADDI x13, x0, 1
       Mutated:  ADDI x13, x16, 1
       zkVM errors (3 lines):
         • [prover_impl.rs:280] verify segment (internal proof verification failed)
         • [ffi.cpp:113] address mismatch at cycle 17584: preflight=0x3fffc020, actual=0x3fffc030
         • [kernels/cxx/ffi.cpp:208] SKIP THROW: memory peek not in preflight
       Global: memory permutation violated [GLOBAL-ONLY]
         x0/zero: unexpected write 0x00000000 (cycle 35160)
         x16/a6: expected write missing, needed 0x00000000 (cycle 35160)
         0x00200A5C (code): wrote 0x00100693, expected 0x00180693 (cycle 5166)
  [261] ✓ INSTR_WORD_MOD_FULL @ step 1342: 1 failures, 2935ms, outcome: REJECTED, exit: 101 [proof:GENERATED] G=memory
       r=0.171  T_new=0.00 F_new=0.39 F_rare=0.79 U=0 Q=0.61 Q_l=0.72 Q_g=0.85 dl=1 dg=1
       Value: 0x00054683 -> 0x00050683
       Original: LBU x13, 0(x10)
       Mutated:  LB x13, 0(x10)
       zkVM errors (1 lines):
         • [prover_impl.rs:280] verify segment (internal proof verification failed)
       Local constraints hit (1 unique):
         - VerifyOpcodeF3@inst.zir:97
           cycle=17986, step=1342, pc=0x002184C0, major=5, minor=3
       Global: memory permutation violated
         0x002184BC (code): wrote 0x00054683, expected 0x00050683 (cycle 24870)
  [262] ✓ INSTR_WORD_MOD_FULL @ step 2564: 0 failures, 2939ms, outcome: REJECTED, exit: 101 [proof:GENERATED] G=memory[GO]
       r=0.256  T_new=0.00 F_new=0.78 F_rare=1.00 U=0 Q=0.61 Q_l=1.00 Q_g=0.61 dl=0 dg=3
       Value: 0x00E5E5B3 -> 0x00F5E5B3
       Original: OR x11, x11, x14
       Mutated:  OR x11, x11, x15
       zkVM errors (3 lines):
         • [prover_impl.rs:280] verify segment (internal proof verification failed)
         • [ffi.cpp:113] address mismatch at cycle 19292: preflight=0x3fffc02e, actual=0x3fffc02f
         • [kernels/cxx/ffi.cpp:208] SKIP THROW: memory peek not in preflight
       Global: memory permutation violated [GLOBAL-ONLY]
         x14/a4: unexpected write 0x000000a1 (cycle 38577)
         x15/a5: expected write missing, needed 0x000000a1 (cycle 38577)
         0x002014F8 (code): wrote 0x00e5e5b3, expected 0x00f5e5b3 (cycle 6878)
  [263] ✓ INSTR_WORD_MOD_FULL @ step 2324: 3 failures, 2945ms, outcome: REJECTED, exit: 101 [proof:GENERATED] G=memory
       r=0.054  T_new=0.00 F_new=0.98 F_rare=1.00 U=0 Q=0.11 Q_l=0.37 Q_g=0.31 dl=3 dg=7
       Value: 0x00E50023 -> 0xDC520763
       Original: SB x14, 0(x10)
       Mutated:  BEQ x4, x5, -2610
       Format changed: S -> B
       zkVM errors (3 lines):
         • [prover_impl.rs:280] verify segment (internal proof verification failed)
         • [ffi.cpp:113] address mismatch at cycle 18978: preflight=0x3fffc02a, actual=0x3fffc024
         • [kernels/cxx/ffi.cpp:208] SKIP THROW: memory peek not in preflight
       Local constraints hit (3 unique):
         - MemoryWrite@mem.zir:100
           cycle=18978, step=2324, pc=0x002012F0, major=6, minor=0
         - MemoryWrite@mem.zir:99
           cycle=18978, step=2324, pc=0x002012F0, major=6, minor=0
         - VerifyOpcodeF3@inst.zir:96
           cycle=18978, step=2324, pc=0x002012F0, major=6, minor=0
       Global: memory permutation violated
         0x002000D8 (data): expected write missing, needed 0x00000000 (cycle 37795)
         0x0020030C (data): unexpected write 0x00000000 (cycle 37795)
         x4/tp: expected write missing, needed 0x0020030c (cycle 37949)
         x5/t0: expected write missing, needed 0x00000080 (cycle 37941)
         x10/a0: unexpected write 0x0020030c (cycle 37949)
         x14/a4: unexpected write 0x00000080 (cycle 37941)
         0x002012EC (code): wrote 0x00e50023, expected 0xdc520763 (cycle 6554)
  [264] ✓ STORE_OUT_MOD @ step 62: 2 failures, 2933ms, outcome: REJECTED, exit: 101 [proof:GENERATED] G=memory
       r=0.114  T_new=0.00 F_new=0.39 F_rare=0.70 U=0 Q=0.43 Q_l=0.51 Q_g=0.85 dl=2 dg=1
       Value: 0x00000000 -> 0xA7DF26F1
       Store address: 0x002213ac
       zkVM errors (1 lines):
         • [prover_impl.rs:280] verify segment (internal proof verification failed)
       Local constraints hit (2 unique):
         - MemoryWrite@mem.zir:100
           cycle=16635, step=62, pc=0x00203230, major=6, minor=0
         - MemoryWrite@mem.zir:99
           cycle=16635, step=62, pc=0x00203230, major=6, minor=0
       Global: memory permutation violated
         0x002213AC (code): wrote 0xa7df26f1, expected 0x00000000 (cycle 33271)
  [265] ✓ INSTR_WORD_MOD_SUR @ step 2959: 1 failures, 2990ms, outcome: REJECTED, exit: 101 [proof:GENERATED] [+2 touch] G=memory|cycle
       r=0.107  T_new=0.06 F_new=0.95 F_rare=1.00 U=0 Q=0.22 Q_l=0.72 Q_g=0.31 dl=1 dg=7
       Value: 0x0AE7E463 -> 0x0AE76463
       Surgical: rs1 = 15 -> 14
       Original: BLTU x15, x14, 168
       Mutated:  BLTU x14, x14, 168
       zkVM errors (3 lines):
         • [prover_impl.rs:280] verify segment (internal proof verification failed)
         • [ffi.cpp:113] address mismatch at cycle 19687: preflight=0x3fffc02f, actual=0x3fffc02e
         • [kernels/cxx/ffi.cpp:208] SKIP THROW: memory peek not in preflight
       Local constraints hit (1 unique):
         - MemoryWrite@mem.zir:99
           cycle=19687, step=2959, pc=0x0020567C, major=2, minor=1
       Global: memory permutation violated
         x14/a4: unexpected write 0x00000010 (cycle 39369)
         x15/a5: unexpected write 0xffffffbb (cycle 39371)
         0xFFFF0180 (data): unexpected write 0x00000000 (cycle 39365)
         0x00205678 (code): wrote 0x0ae7e463, expected 0x0ae76463 (cycle 16134)
       Global: cycle lookup violated (3 indices broken)
         index 4: 251 provides, 1 uses (imbalanced)
         index 5: 350 provides, 1 uses (imbalanced)
         index 9: 342 provides, 1 uses (imbalanced)
  [266] ✓ INSTR_WORD_MOD_FULL @ step 2384: 0 failures, 2933ms, outcome: REJECTED, exit: 101 [proof:GENERATED] G=memory[GO]
       r=0.256  T_new=0.00 F_new=0.78 F_rare=1.00 U=0 Q=0.61 Q_l=1.00 Q_g=0.61 dl=0 dg=3
       Value: 0x00B6A823 -> 0x02B6A823
       Original: SW x11, 16(x13)
       Mutated:  SW x11, 48(x13)
       zkVM errors (3 lines):
         • [prover_impl.rs:280] verify segment (internal proof verification failed)
         • [ffi.cpp:113] address mismatch at cycle 19038: preflight=0x000800ce, actual=0x000800d6
         • [kernels/cxx/ffi.cpp:208] SKIP THROW: memory peek not in preflight
       Global: memory permutation violated [GLOBAL-ONLY]
         0x00200338 (data): unexpected write 0x00000000 (cycle 38061)
         0x00200358 (data): expected write missing, needed 0x00000000 (cycle 38061)
         0x002032D4 (code): wrote 0x00b6a823, expected 0x02b6a823 (cycle 33354)
  [267] ✓ INSTR_WORD_MOD_FULL @ step 3265: 2 failures, 2938ms, outcome: REJECTED, exit: 101 [proof:GENERATED] G=memory
       r=0.104  T_new=0.00 F_new=0.97 F_rare=1.00 U=0 Q=0.22 Q_l=0.51 Q_g=0.43 dl=2 dg=5
       Value: 0x02B66C63 -> 0x6AFA5303
       Original: BLTU x12, x11, 56
       Mutated:  LHU x6, 1711(x20)
       Format changed: B -> I
       zkVM errors (3 lines):
         • [prover_impl.rs:280] verify segment (internal proof verification failed)
         • [ffi.cpp:113] address mismatch at cycle 20067: preflight=0x3fffc02c, actual=0x3fffc034
         • [kernels/cxx/ffi.cpp:208] SKIP THROW: memory peek not in preflight
       Local constraints hit (2 unique):
         - VerifyOpcodeF3@inst.zir:96
           cycle=20067, step=3265, pc=0x00203414, major=2, minor=1
         - VerifyOpcodeF3@inst.zir:97
           cycle=20067, step=3265, pc=0x00203414, major=2, minor=1
       Global: memory permutation violated
         x11/a1: unexpected write 0x00000010 (cycle 40133)
         x12/a2: unexpected write 0x00000020 (cycle 40118)
         x15/a5: expected write missing, needed 0x00000010 (cycle 40133)
         x20/s4: expected write missing, needed 0x00000020 (cycle 40118)
         0x00203410 (code): wrote 0x02b66c63, expected 0x6afa5303 (cycle 39494)
  [268] ✓ MEM_VAL_MOD @ step 3881: 4 failures, 2961ms, outcome: REJECTED, exit: 101 [proof:GENERATED] G=memory
       r=0.063  T_new=0.00 F_new=0.39 F_rare=0.79 U=0 Q=0.22 Q_l=0.26 Q_g=0.85 dl=4 dg=1
       Value: 0x00200308 -> 0x434DD336
       Transaction: load_mem_read (READ) at address 0x002002e8
       zkVM errors (1 lines):
         • [prover_impl.rs:280] verify segment (internal proof verification failed)
       Local constraints hit (4 unique):
         - IsRead@mem.zir:79
           cycle=20831, step=3881, pc=0x00203C00, major=5, minor=2
         - IsRead@mem.zir:80
           cycle=20831, step=3881, pc=0x00203C00, major=5, minor=2
         - MemoryWrite@mem.zir:100
           cycle=20831, step=3881, pc=0x00203C00, major=5, minor=2
         - MemoryWrite@mem.zir:99
           cycle=20831, step=3881, pc=0x00203C00, major=5, minor=2
       Global: memory permutation violated
         0x002002E8 (data): wrote 0x434dd336, expected 0x00200308 (cycle 41662)
  [269] ✓ LOAD_VAL_MOD @ step 2641: 2 failures, 2931ms, outcome: REJECTED, exit: 101 [proof:GENERATED] G=memory
       r=0.105  T_new=0.00 F_new=0.39 F_rare=0.62 U=0 Q=0.43 Q_l=0.51 Q_g=0.85 dl=2 dg=1
       Value: 0xBCE109F9 -> 0x431EF607
       Load destination: rd = x17 (a7)
       zkVM errors (1 lines):
         • [prover_impl.rs:280] verify segment (internal proof verification failed)
       Local constraints hit (2 unique):
         - MemoryWrite@mem.zir:100
           cycle=19369, step=2641, pc=0x00203424, major=5, minor=2
         - MemoryWrite@mem.zir:99
           cycle=19369, step=2641, pc=0x00203424, major=5, minor=2
       Global: memory permutation violated
         x17/a7: wrote 0x431ef607, expected 0xbce109f9 (cycle 38739)
  [270] ✓ INSTR_WORD_MOD_SUR @ step 132: 1 failures, 3033ms, outcome: REJECTED, exit: 101 [proof:GENERATED] G=memory
       r=0.159  T_new=0.00 F_new=0.39 F_rare=0.70 U=0 Q=0.61 Q_l=0.72 Q_g=0.85 dl=1 dg=1
       Value: 0x02E62E23 -> 0x02E62E6F
       Surgical: opcode = 35 -> 111
       Original: SW x14, 60(x12)
       Mutated:  JAL x28, 401454
       zkVM errors (1 lines):
         • [prover_impl.rs:280] verify segment (internal proof verification failed)
       Local constraints hit (1 unique):
         - VerifyOpcodeF3@inst.zir:96
           cycle=16705, step=132, pc=0x002010D0, major=6, minor=2
       Global: memory permutation violated
         0x002010CC (code): wrote 0x02e62e23, expected 0x02e62e6f (cycle 6214)
  [271] ✓ INSTR_WORD_MOD_SUR @ step 169: 0 failures, 2943ms, outcome: REJECTED, exit: 101 [proof:GENERATED] G=memory[GO]
       r=0.281  T_new=0.00 F_new=0.39 F_rare=1.00 U=0 Q=0.85 Q_l=1.00 Q_g=0.85 dl=0 dg=1
       Value: 0x00C9EE63 -> 0xCAC9E6E3
       Surgical: imm = 28 -> 7340
       Original: BLTU x19, x12, 28
       Mutated:  BLTU x19, x12, -852
       zkVM errors (1 lines):
         • [prover_impl.rs:280] verify segment (internal proof verification failed)
       Global: memory permutation violated [GLOBAL-ONLY]
         0xC0000148 (data): wrote 0x00c9ee63, expected 0xcac9e6e3 (cycle 30122)
  [272] ✓ INSTR_WORD_MOD_SUR @ step 3362: 1 failures, 3000ms, outcome: REJECTED, exit: 101 [proof:GENERATED] G=memory
       r=0.171  T_new=0.00 F_new=0.39 F_rare=0.79 U=0 Q=0.61 Q_l=0.72 Q_g=0.85 dl=1 dg=1
       Value: 0x02059663 -> 0x02058663
       Surgical: funct3 = 1 -> 0
       Original: BNE x11, x0, 44
       Mutated:  BEQ x11, x0, 44
       zkVM errors (1 lines):
         • [prover_impl.rs:280] verify segment (internal proof verification failed)
       Local constraints hit (1 unique):
         - VerifyOpcodeF3@inst.zir:97
           cycle=20164, step=3362, pc=0x002035E0, major=1, minor=6
       Global: memory permutation violated
         0x002035DC (code): wrote 0x02059663, expected 0x02058663 (cycle 40200)
  [273] ✓ COMP_OUT_MOD @ step 3892: 2 failures, 2945ms, outcome: REJECTED, exit: 101 [proof:GENERATED] G=memory
       r=0.129  T_new=0.00 F_new=0.39 F_rare=0.85 U=0 Q=0.43 Q_l=0.51 Q_g=0.85 dl=2 dg=1
       Value: 0x00000000 -> 0x04613EA3
       Destination: rd = x10 (a0)
       zkVM errors (1 lines):
         • [prover_impl.rs:280] verify segment (internal proof verification failed)
       Local constraints hit (2 unique):
         - MemoryWrite@mem.zir:100
           cycle=20842, step=3892, pc=0x00206064, major=3, minor=1
         - MemoryWrite@mem.zir:99
           cycle=20842, step=3892, pc=0x00206064, major=3, minor=1
       Global: memory permutation violated
         x10/a0: wrote 0x04613ea3, expected 0x00000000 (cycle 41685)
  [274] ✓ INSTR_WORD_MOD_SUR @ step 1449: 0 failures, 2949ms, outcome: REJECTED, exit: 101 [proof:GENERATED] G=memory[GO]
       r=0.281  T_new=0.00 F_new=0.39 F_rare=1.00 U=0 Q=0.85 Q_l=1.00 Q_g=0.85 dl=0 dg=1
       Value: 0x00E69E63 -> 0x5AE69F63
       Surgical: imm = 28 -> 1470
       Original: BNE x13, x14, 28
       Mutated:  BNE x13, x14, 1470
       zkVM errors (1 lines):
         • [prover_impl.rs:280] verify segment (internal proof verification failed)
       Global: memory permutation violated [GLOBAL-ONLY]
         0x002184C4 (code): wrote 0x00e69e63, expected 0x5ae69f63 (cycle 36172)
  [275] ✓ INSTR_WORD_MOD_SUR @ step 319: 1 failures, 2962ms, outcome: REJECTED, exit: 101 [proof:GENERATED] G=memory
       r=0.183  T_new=0.00 F_new=0.78 F_rare=1.00 U=0 Q=0.43 Q_l=0.72 Q_g=0.61 dl=1 dg=3
       Value: 0x00012423 -> 0x30012AA3
       Surgical: imm = 8 -> 789
       Original: SW x0, 8(x2)
       Mutated:  SW x0, 789(x2)
       zkVM errors (3 lines):
         • [prover_impl.rs:280] verify segment (internal proof verification failed)
         • [ffi.cpp:113] address mismatch at cycle 16904: preflight=0x000800da, actual=0x0008019d
         • [kernels/cxx/ffi.cpp:208] SKIP THROW: memory peek not in preflight
       Local constraints hit (1 unique):
         - OpSW@inst_mem.zir:160
           cycle=16904, step=319, pc=0x00200874, major=6, minor=2
       Global: memory permutation violated
         0x00200368 (data): unexpected write 0x00000000 (cycle 33664)
         0x00200674 (data): expected write missing, needed 0x00000000 (cycle 33664)
         0x00200870 (code): wrote 0x00012423, expected 0x30012aa3 (cycle 4866)
  [276] ✓ INSTR_WORD_MOD_SUR @ step 1428: 1 failures, 2948ms, outcome: REJECTED, exit: 101 [proof:GENERATED] G=memory
       r=0.171  T_new=0.00 F_new=0.39 F_rare=0.79 U=0 Q=0.61 Q_l=0.72 Q_g=0.85 dl=1 dg=1
       Value: 0x00E69E63 -> 0x00E69E17
       Surgical: opcode = 99 -> 23
       Original: BNE x13, x14, 28
       Mutated:  AUIPC x28, 0xe69000
       zkVM errors (1 lines):
         • [prover_impl.rs:280] verify segment (internal proof verification failed)
       Local constraints hit (1 unique):
         - VerifyOpcodeF3@inst.zir:96
           cycle=18072, step=1428, pc=0x002184C8, major=1, minor=6
       Global: memory permutation violated
         0x002184C4 (code): wrote 0x00e69e63, expected 0x00e69e17 (cycle 36130)
  [277] ✓ INSTR_WORD_MOD_FULL @ step 1135: 0 failures, 2935ms, outcome: REJECTED, exit: 101 [proof:GENERATED] G=memory[GO]
       r=0.256  T_new=0.00 F_new=0.78 F_rare=1.00 U=0 Q=0.61 Q_l=1.00 Q_g=0.61 dl=0 dg=3
       Value: 0xFEF40593 -> 0xFEF40513
       Original: ADDI x11, x8, -17
       Mutated:  ADDI x10, x8, -17
       zkVM errors (3 lines):
         • [prover_impl.rs:280] verify segment (internal proof verification failed)
         • [ffi.cpp:113] address mismatch at cycle 17779: preflight=0x3fffc02b, actual=0x3fffc02a
         • [kernels/cxx/ffi.cpp:208] SKIP THROW: memory peek not in preflight
       Global: memory permutation violated [GLOBAL-ONLY]
         x10/a0: expected write missing, needed 0x00000001 (cycle 35556)
         x11/a1: unexpected write 0x00000001 (cycle 35556)
         0x0020B934 (code): wrote 0xfef40593, expected 0xfef40513 (cycle 23662)
  [278] ✓ INSTR_WORD_MOD_FULL @ step 2115: 0 failures, 2951ms, outcome: REJECTED, exit: 101 [proof:GENERATED] G=memory[GO]
       r=0.256  T_new=0.00 F_new=0.78 F_rare=1.00 U=0 Q=0.61 Q_l=1.00 Q_g=0.61 dl=0 dg=3
       Value: 0x00008067 -> 0x00048067
       Original: JALR x0, x1, 0
       Mutated:  JALR x0, x9, 0
       zkVM errors (3 lines):
         • [prover_impl.rs:280] verify segment (internal proof verification failed)
         • [ffi.cpp:113] address mismatch at cycle 18769: preflight=0x3fffc021, actual=0x3fffc029
         • [kernels/cxx/ffi.cpp:208] SKIP THROW: memory peek not in preflight
       Global: memory permutation violated [GLOBAL-ONLY]
         x1/ra: unexpected write 0x00202524 (cycle 37537)
         x9/s1: expected write missing, needed 0x00202524 (cycle 37537)
         0x00200EF4 (code): wrote 0x00008067, expected 0x00048067 (cycle 5910)
  [279] ✓ INSTR_WORD_MOD_FULL @ step 3225: 0 failures, 2941ms, outcome: REJECTED, exit: 101 [proof:GENERATED] G=memory[GO]
       r=0.256  T_new=0.00 F_new=0.78 F_rare=1.00 U=0 Q=0.61 Q_l=1.00 Q_g=0.61 dl=0 dg=3
       Value: 0x00B775B3 -> 0x00F775B3
       Original: AND x11, x14, x11
       Mutated:  AND x11, x14, x15
       zkVM errors (3 lines):
         • [prover_impl.rs:280] verify segment (internal proof verification failed)
         • [ffi.cpp:113] address mismatch at cycle 20027: preflight=0x3fffc02b, actual=0x3fffc02f
         • [kernels/cxx/ffi.cpp:208] SKIP THROW: memory peek not in preflight
       Global: memory permutation violated [GLOBAL-ONLY]
         x11/a1: unexpected write 0x00000004 (cycle 40051)
         x15/a5: expected write missing, needed 0x00000004 (cycle 40051)
         0x00205E14 (code): wrote 0x00b775b3, expected 0x00f775b3 (cycle 39432)
  [280] ✓ INSTR_WORD_MOD_FULL @ step 9: 5 failures, 2969ms, outcome: REJECTED, exit: 101 [proof:GENERATED] G=memory|cycle
       r=0.020  T_new=0.00 F_new=1.00 F_rare=1.00 U=0 Q=0.04 Q_l=0.19 Q_g=0.22 dl=5 dg=9
       Value: 0x00000497 -> 0xFFC7D363
       Original: AUIPC x9, 0x0
       Mutated:  BGE x15, x28, -2074
       Format changed: U -> B
       zkVM errors (3 lines):
         • [prover_impl.rs:280] verify segment (internal proof verification failed)
         • [ffi.cpp:113] address mismatch at cycle 16582: preflight=0x3fffc000, actual=0x3fffc00f
         • [kernels/cxx/ffi.cpp:208] SKIP THROW: memory peek not in preflight
       Local constraints hit (5 unique):
         - IsRead@mem.zir:79
           cycle=16582, step=9, pc=0xC0000028, major=2, minor=6
         - IsRead@mem.zir:80
           cycle=16582, step=9, pc=0xC0000028, major=2, minor=6
         - MemoryWrite@mem.zir:100
           cycle=16582, step=9, pc=0xC0000028, major=2, minor=6
         - MemoryWrite@mem.zir:99
           cycle=16582, step=9, pc=0xC0000028, major=2, minor=6
         - VerifyOpcode@inst.zir:91
           cycle=16582, step=9, pc=0xC0000028, major=2, minor=6
       Global: memory permutation violated
         0xC0000024 (data): wrote 0x00000497, expected 0xffc7d363 (cycle 29942)
         0xFFFF0000 (data): unexpected write 0x00000000 (cycle 33162)
         0xFFFF0018 (data): expected write missing, needed 0x02c48493 (cycle 29942)
         0xFFFF0024 (data): unexpected write 0x00000000 (cycle 31874)
         0xFFFF003C (data): expected write missing, needed 0x00000000 (cycle 33162)
         0xFFFF0070 (data): expected write missing, needed 0x00000000 (cycle 31874)
       Global: cycle lookup violated (3 indices broken)
         index 1289: 1 provides, 1 uses (imbalanced)
         index 1290: orphan use (1 entries, no matching provide)
         index 3222: 1 provides, 1 uses (imbalanced)
  [281] ✓ INSTR_WORD_MOD_SUR @ step 3482: 1 failures, 2956ms, outcome: REJECTED, exit: 101 [proof:GENERATED] G=memory
       r=0.183  T_new=0.00 F_new=0.78 F_rare=1.00 U=0 Q=0.43 Q_l=0.72 Q_g=0.61 dl=1 dg=3
       Value: 0x00400593 -> 0x4AE00593
       Surgical: imm = 4 -> 1198
       Original: ADDI x11, x0, 4
       Mutated:  ADDI x11, x0, 1198
       zkVM errors (3 lines):
         • [prover_impl.rs:280] verify segment (internal proof verification failed)
         • [ffi.cpp:113] address mismatch at cycle 20284: preflight=0x3fffc024, actual=0x3fffc02e
         • [kernels/cxx/ffi.cpp:208] SKIP THROW: memory peek not in preflight
       Local constraints hit (1 unique):
         - MemoryWrite@mem.zir:99
           cycle=20284, step=3482, pc=0x00205E00, major=0, minor=7
       Global: memory permutation violated
         x4/tp: unexpected write 0x00000000 (cycle 40564)
         x14/a4: expected write missing, needed 0x00000000 (cycle 40564)
         0x00205DFC (code): wrote 0x00400593, expected 0x4ae00593 (cycle 40042)
  [282] ✓ INSTR_WORD_MOD_SUR @ step 2399: 1 failures, 2921ms, outcome: REJECTED, exit: 101 [proof:GENERATED] G=memory
       r=0.162  T_new=0.00 F_new=0.39 F_rare=0.72 U=0 Q=0.61 Q_l=0.72 Q_g=0.85 dl=1 dg=1
       Value: 0x0021A9B7 -> 0x0021A9E3
       Surgical: opcode = 55 -> 99
       Original: LUI x19, 0x21a000
       Mutated:  BRANCH.2 x3, x2, 2066
       zkVM errors (1 lines):
         • [prover_impl.rs:280] verify segment (internal proof verification failed)
       Local constraints hit (1 unique):
         - VerifyOpcode@inst.zir:91
           cycle=19053, step=2399, pc=0x002013E0, major=2, minor=5
       Global: memory permutation violated
         0x002013DC (code): wrote 0x0021a9b7, expected 0x0021a9e3 (cycle 6694)
  [283] ✓ STORE_OUT_MOD @ step 2423: 2 failures, 2965ms, outcome: REJECTED, exit: 101 [proof:GENERATED] G=memory
       r=0.105  T_new=0.00 F_new=0.39 F_rare=0.62 U=0 Q=0.43 Q_l=0.51 Q_g=0.85 dl=2 dg=1
       Value: 0x00219E74 -> 0x20019F26
       Store address: 0x002002ec
       zkVM errors (1 lines):
         • [prover_impl.rs:280] verify segment (internal proof verification failed)
       Local constraints hit (2 unique):
         - MemoryWrite@mem.zir:100
           cycle=19077, step=2423, pc=0x00205570, major=6, minor=2
         - MemoryWrite@mem.zir:99
           cycle=19077, step=2423, pc=0x00205570, major=6, minor=2
       Global: memory permutation violated
         0x002002EC (data): wrote 0x20019f26, expected 0x00219e74 (cycle 38155)
  [284] ✓ INSTR_WORD_MOD_SUR @ step 1280: 0 failures, 2914ms, outcome: REJECTED, exit: 101 [proof:GENERATED] G=memory[GO]
       r=0.256  T_new=0.00 F_new=0.78 F_rare=1.00 U=0 Q=0.61 Q_l=1.00 Q_g=0.61 dl=0 dg=3
       Value: 0xFCC5EAE3 -> 0xFCA5EAE3
       Surgical: rs2 = 12 -> 10
       Original: BLTU x11, x12, -44
       Mutated:  BLTU x11, x10, -44
       zkVM errors (3 lines):
         • [prover_impl.rs:280] verify segment (internal proof verification failed)
         • [ffi.cpp:113] address mismatch at cycle 17924: preflight=0x3fffc02c, actual=0x3fffc02a
         • [kernels/cxx/ffi.cpp:208] SKIP THROW: memory peek not in preflight
       Global: memory permutation violated [GLOBAL-ONLY]
         x10/a0: expected write missing, needed 0x00000020 (cycle 35845)
         x12/a2: unexpected write 0x00000020 (cycle 35845)
         0x00203444 (code): wrote 0xfcc5eae3, expected 0xfca5eae3 (cycle 10642)
  [285] ✓ INSTR_WORD_MOD_SUR @ step 2020: 0 failures, 2924ms, outcome: REJECTED, exit: 101 [proof:GENERATED] G=memory[GO]
       r=0.256  T_new=0.00 F_new=0.78 F_rare=1.00 U=0 Q=0.61 Q_l=1.00 Q_g=0.61 dl=0 dg=3
       Value: 0x00054683 -> 0x00054383
       Surgical: rd = 13 -> 7
       Original: LBU x13, 0(x10)
       Mutated:  LBU x7, 0(x10)
       zkVM errors (3 lines):
         • [prover_impl.rs:280] verify segment (internal proof verification failed)
         • [ffi.cpp:113] address mismatch at cycle 18669: preflight=0x3fffc02d, actual=0x3fffc027
         • [kernels/cxx/ffi.cpp:208] SKIP THROW: memory peek not in preflight
       Global: memory permutation violated [GLOBAL-ONLY]
         x7/t2: expected write missing, needed 0x00000043 (cycle 37328)
         x13/a3: unexpected write 0x00000043 (cycle 37328)
         0x002184BC (code): wrote 0x00054683, expected 0x00054383 (cycle 37324)
  [286] ✓ INSTR_WORD_MOD_SUR @ step 1875: 13 failures, 2946ms, outcome: REJECTED, exit: 101 [proof:GENERATED] G=memory
       r=0.003  T_new=0.00 F_new=1.00 F_rare=1.00 U=0 Q=0.01 Q_l=0.04 Q_g=0.19 dl=10 dg=10
       Value: 0x00008067 -> 0x26A08067
       Surgical: imm = 0 -> 618
       Original: JALR x0, x1, 0
       Mutated:  JALR x0, x1, 618
       zkVM errors (3 lines):
         • [prover_impl.rs:280] verify segment (internal proof verification failed)
         • [ffi.cpp:113] address mismatch at cycle 18524: preflight=0x3fffc020, actual=0x3fffc02a
         • [kernels/cxx/ffi.cpp:208] SKIP THROW: memory peek not in preflight
       Local constraints hit (2 unique):
         - DecodeInst@inst.zir:29 (x10)
           cycle=18525, step=1876, pc=0x0020AF40, major=5, minor=2
         - MemoryWrite@mem.zir:99 (x3)
           cycle=18528, step=1879, pc=0x0020AF70, major=2, minor=3
       Global: memory permutation violated (23 addrs: 2 register, 21 code)
         x0/zero: unexpected write 0x00000000 (cycle 37046)
         x10/a0: expected write missing, needed 0x00000000 (cycle 37046)
         + 21 code addresses diverged (instruction fetch cascade)
  [287] ✓ INSTR_WORD_MOD_FULL @ step 1945: 0 failures, 2920ms, outcome: REJECTED, exit: 101 [proof:GENERATED] G=memory[GO]
       r=0.256  T_new=0.00 F_new=0.78 F_rare=1.00 U=0 Q=0.61 Q_l=1.00 Q_g=0.61 dl=0 dg=3
       Value: 0x00E69E63 -> 0x00E49E63
       Original: BNE x13, x14, 28
       Mutated:  BNE x9, x14, 28
       zkVM errors (3 lines):
         • [prover_impl.rs:280] verify segment (internal proof verification failed)
         • [ffi.cpp:113] address mismatch at cycle 18594: preflight=0x3fffc02d, actual=0x3fffc029
         • [kernels/cxx/ffi.cpp:208] SKIP THROW: memory peek not in preflight
       Global: memory permutation violated [GLOBAL-ONLY]
         x9/s1: expected write missing, needed 0x00000053 (cycle 37185)
         x13/a3: unexpected write 0x00000053 (cycle 37185)
         0x002184C4 (code): wrote 0x00e69e63, expected 0x00e49e63 (cycle 37174)
  [288] ✓ INSTR_WORD_MOD_FULL @ step 2321: 1 failures, 2927ms, outcome: REJECTED, exit: 101 [proof:GENERATED] G=memory
       r=0.159  T_new=0.00 F_new=0.39 F_rare=0.70 U=0 Q=0.61 Q_l=0.72 Q_g=0.85 dl=1 dg=1
       Value: 0x00859593 -> 0x00859583
       Original: SLLI x11, x11, 8
       Mutated:  LH x11, 8(x11)
       zkVM errors (1 lines):
         • [prover_impl.rs:280] verify segment (internal proof verification failed)
       Local constraints hit (1 unique):
         - VerifyOpcodeF3F7@inst.zir:102
           cycle=18975, step=2321, pc=0x002012E4, major=3, minor=1
       Global: memory permutation violated
         0x002012E0 (code): wrote 0x00859593, expected 0x00859583 (cycle 6554)
  [289] ✓ INSTR_WORD_MOD_FULL @ step 2991: 0 failures, 2937ms, outcome: REJECTED, exit: 101 [proof:GENERATED] G=memory[GO]
       r=0.280  T_new=0.00 F_new=0.39 F_rare=1.00 U=0 Q=0.85 Q_l=1.00 Q_g=0.85 dl=0 dg=1
       Value: 0x02B56063 -> 0x00B56063
       Original: BLTU x10, x11, 32
       Mutated:  BLTU x10, x11, 0
       zkVM errors (1 lines):
         • [prover_impl.rs:280] verify segment (internal proof verification failed)
       Global: memory permutation violated [GLOBAL-ONLY]
         0x00205E20 (code): wrote 0x02b56063, expected 0x00b56063 (cycle 39280)
  [290] ✓ INSTR_WORD_MOD_FULL @ step 3045: 2 failures, 2943ms, outcome: REJECTED, exit: 101 [proof:GENERATED] G=memory
       r=0.088  T_new=0.00 F_new=0.97 F_rare=1.00 U=0 Q=0.19 Q_l=0.51 Q_g=0.37 dl=2 dg=6
       Value: 0x00CA8633 -> 0x97B784A3
       Original: ADD x12, x21, x12
       Mutated:  SB x27, -1687(x15)
       Format changed: R -> S
       zkVM errors (3 lines):
         • [prover_impl.rs:280] verify segment (internal proof verification failed)
         • [ffi.cpp:113] address mismatch at cycle 19773: preflight=0x3fffc035, actual=0x3fffc02f
         • [kernels/cxx/ffi.cpp:208] SKIP THROW: memory peek not in preflight
       Local constraints hit (2 unique):
         - VerifyOpcodeF3F7@inst.zir:102
           cycle=19773, step=3045, pc=0x00205770, major=0, minor=0
         - VerifyOpcodeF3F7@inst.zir:104
           cycle=19773, step=3045, pc=0x00205770, major=0, minor=0
       Global: memory permutation violated
         x9/s1: expected write missing, needed 0xfffffff3 (cycle 39546)
         x12/a2: unexpected write 0xfffffff3 (cycle 39541)
         x15/a5: expected write missing, needed 0x00000040 (cycle 39462)
         x21/s5: unexpected write 0x00000040 (cycle 39462)
         x27/s11: expected write missing, needed 0xfffffff3 (cycle 39541)
         0x0020576C (code): wrote 0x00ca8633, expected 0x97b784a3 (cycle 16294)
  [291] ✓ COMP_OUT_MOD @ step 1636: 2 failures, 2955ms, outcome: REJECTED, exit: 101 [proof:GENERATED] G=memory
       r=0.104  T_new=0.00 F_new=0.39 F_rare=0.61 U=0 Q=0.43 Q_l=0.51 Q_g=0.85 dl=2 dg=1
       Value: 0x002000FC -> 0x4A4DD75A
       Destination: rd = x10 (a0)
       zkVM errors (1 lines):
         • [prover_impl.rs:280] verify segment (internal proof verification failed)
       Local constraints hit (2 unique):
         - MemoryWrite@mem.zir:100
           cycle=18280, step=1636, pc=0x002024CC, major=0, minor=7
         - MemoryWrite@mem.zir:99
           cycle=18280, step=1636, pc=0x002024CC, major=0, minor=7
       Global: memory permutation violated
         x10/a0: wrote 0x4a4dd75a, expected 0x002000fc (cycle 36561)
  [292] ✓ LOAD_VAL_MOD @ step 466: 1 failures, 2947ms, outcome: REJECTED, exit: 101 [proof:GENERATED] G=memory
       r=0.146  T_new=0.00 F_new=0.39 F_rare=0.61 U=0 Q=0.61 Q_l=0.72 Q_g=0.85 dl=1 dg=1
       Value: 0x00000001 -> 0x00002000
       Load destination: rd = x8 (s0/fp)
       zkVM errors (1 lines):
         • [prover_impl.rs:280] verify segment (internal proof verification failed)
       Local constraints hit (1 unique):
         - MemoryWrite@mem.zir:99
           cycle=17063, step=466, pc=0x002031F0, major=5, minor=2
       Global: memory permutation violated
         x8/s0: wrote 0x00002000, expected 0x00000001 (cycle 34127)
  [293] ✓ INSTR_WORD_MOD_SUR @ step 2046: 0 failures, 2941ms, outcome: REJECTED, exit: 101 [proof:GENERATED] G=memory[GO]
       r=0.256  T_new=0.00 F_new=0.78 F_rare=1.00 U=0 Q=0.61 Q_l=1.00 Q_g=0.61 dl=0 dg=3
       Value: 0x02822583 -> 0x0287A583
       Surgical: rs1 = 4 -> 15
       Original: LW x11, 40(x4)
       Mutated:  LW x11, 40(x15)
       zkVM errors (3 lines):
         • [prover_impl.rs:280] verify segment (internal proof verification failed)
         • [ffi.cpp:113] address mismatch at cycle 18695: preflight=0x3fffc004, actual=0x3fffc00f
         • [kernels/cxx/ffi.cpp:208] SKIP THROW: memory peek not in preflight
       Global: memory permutation violated [GLOBAL-ONLY]
         0xC000013C (data): wrote 0x02822583, expected 0x0287a583 (cycle 36980)
         0xFFFF0010 (data): unexpected write 0xffff0080 (cycle 37388)
         0xFFFF003C (data): expected write missing, needed 0xffff0080 (cycle 37388)
  [294] ✓ INSTR_WORD_MOD_SUR @ step 3433: 1 failures, 2900ms, outcome: REJECTED, exit: 101 [proof:GENERATED] G=memory
       r=0.180  T_new=0.00 F_new=0.39 F_rare=0.85 U=0 Q=0.61 Q_l=0.72 Q_g=0.85 dl=1 dg=1
       Value: 0x06098C63 -> 0x06098C2D
       Surgical: opcode = 99 -> 45
       Original: BEQ x19, x0, 120
       Mutated:  UNKNOWN 0x06098c2d
       zkVM errors (1 lines):
         • [prover_impl.rs:280] verify segment (internal proof verification failed)
       Local constraints hit (1 unique):
         - VerifyOpcodeF3@inst.zir:96
           cycle=20235, step=3433, pc=0x00204CF0, major=1, minor=5
       Global: memory permutation violated
         0x00204C78 (code): wrote 0x06098c63, expected 0x06098c2d (cycle 14526)
  [295] ✓ INSTR_WORD_MOD_SUR @ step 507: 1 failures, 2935ms, outcome: REJECTED, exit: 101 [proof:GENERATED] G=memory
       r=0.147  T_new=0.00 F_new=0.39 F_rare=0.62 U=0 Q=0.61 Q_l=0.72 Q_g=0.85 dl=1 dg=1
       Value: 0x40000513 -> 0x40006513
       Surgical: funct3 = 0 -> 6
       Original: ADDI x10, x0, 1024
       Mutated:  ORI x10, x0, 1024
       zkVM errors (1 lines):
         • [prover_impl.rs:280] verify segment (internal proof verification failed)
       Local constraints hit (1 unique):
         - VerifyOpcodeF3@inst.zir:97
           cycle=17104, step=507, pc=0x00206164, major=0, minor=7
       Global: memory permutation violated
         0x00206160 (code): wrote 0x40000513, expected 0x40006513 (cycle 34040)
  [296] ✓ INSTR_WORD_MOD_FULL @ step 1396: 2 failures, 2943ms, outcome: REJECTED, exit: 101 [proof:GENERATED] G=memory
       r=0.105  T_new=0.00 F_new=0.39 F_rare=0.62 U=0 Q=0.43 Q_l=0.51 Q_g=0.85 dl=2 dg=1
       Value: 0x00150513 -> 0x14152513
       Original: ADDI x10, x10, 1
       Mutated:  SLTI x10, x10, 321
       zkVM errors (1 lines):
         • [prover_impl.rs:280] verify segment (internal proof verification failed)
       Local constraints hit (2 unique):
         - MemoryWrite@mem.zir:99
           cycle=18040, step=1396, pc=0x002184D4, major=0, minor=7
         - VerifyOpcodeF3@inst.zir:97
           cycle=18040, step=1396, pc=0x002184D4, major=0, minor=7
       Global: memory permutation violated
         0x002184D0 (code): wrote 0x00150513, expected 0x14152513 (cycle 36066)
  [297] ✓ INSTR_TYPE_MOD @ step 2375: 4 failures, 3012ms, outcome: REJECTED, exit: 101 [proof:GENERATED] [+39 touch]
       r=0.173  T_new=0.67 F_new=0.86 F_rare=1.00 U=0 Q=0.26 Q_l=0.26 Q_g=1.00 dl=4 dg=0
       Value: 0x00000007 -> 0x00000005
       Original: AddI [major=0, minor=7]
       Mutated:  Slt [major=0, minor=5]
       zkVM errors (1 lines):
         • [prover_impl.rs:280] verify segment (internal proof verification failed)
       Local constraints hit (4 unique):
         - MemoryWrite@mem.zir:99
           cycle=19029, step=2375, pc=0x002032B4, major=0, minor=5
         - VerifyOpcodeF3F7@inst.zir:102
           cycle=19029, step=2375, pc=0x002032B4, major=0, minor=5
         - VerifyOpcodeF3F7@inst.zir:103
           cycle=19029, step=2375, pc=0x002032B4, major=0, minor=5
         - VerifyOpcodeF3F7@inst.zir:104
           cycle=19029, step=2375, pc=0x002032B4, major=0, minor=5
       Global: no permutation/lookup violations (local-only)
  [298] ✓ INSTR_WORD_MOD_SUR @ step 997: 0 failures, 2926ms, outcome: REJECTED, exit: 101 [proof:GENERATED] G=memory[GO]
       r=0.256  T_new=0.00 F_new=0.78 F_rare=1.00 U=0 Q=0.61 Q_l=1.00 Q_g=0.61 dl=0 dg=3
       Value: 0x00800613 -> 0x00820613
       Surgical: rs1 = 0 -> 4
       Original: ADDI x12, x0, 8
       Mutated:  ADDI x12, x4, 8
       zkVM errors (3 lines):
         • [prover_impl.rs:280] verify segment (internal proof verification failed)
         • [ffi.cpp:113] address mismatch at cycle 17633: preflight=0x3fffc000, actual=0x3fffc004
         • [kernels/cxx/ffi.cpp:208] SKIP THROW: memory peek not in preflight
       Global: memory permutation violated [GLOBAL-ONLY]
         0xC0000158 (data): wrote 0x00800613, expected 0x00820613 (cycle 35094)
         0xFFFF0000 (data): unexpected write 0x00000000 (cycle 35262)
         0xFFFF0010 (data): expected write missing, needed 0x00000000 (cycle 35262)
  [299] ✓ INSTR_WORD_MOD_SUR @ step 3929: 1 failures, 2988ms, outcome: REJECTED, exit: 101 [proof:GENERATED] G=memory
       r=0.165  T_new=0.00 F_new=0.39 F_rare=0.75 U=0 Q=0.61 Q_l=0.72 Q_g=0.85 dl=1 dg=1
       Value: 0x00000073 -> 0x000A0073
       Surgical: rs1 = 0 -> 20
       Original: ECALL x0, x0, 0
       Mutated:  ECALL x0, x20, 0
       zkVM errors (1 lines):
         • [prover_impl.rs:280] verify segment (internal proof verification failed)
       Local constraints hit (1 unique):
         - MachineECall@inst_ecall.zir:28
           cycle=20879, step=3929, pc=0xC00000F8, major=8, minor=0
       Global: memory permutation violated
         0xC00000F8 (data): wrote 0x00000073, expected 0x000a0073 (cycle 30062)
  [300] ✓ INSTR_TYPE_MOD @ step 1156: 7 failures, 2925ms, outcome: REJECTED, exit: 101 [proof:GENERATED] [+52 touch] G=memory
       r=0.013  T_new=0.77 F_new=1.00 F_rare=1.00 U=0 Q=0.02 Q_l=0.10 Q_g=0.19 dl=7 dg=10
       Value: 0x00010005 -> 0x00040004
       Original: Beq [major=1, minor=5]
       Mutated:  Div [major=4, minor=4]
       zkVM errors (3 lines):
         • [prover_impl.rs:280] verify segment (internal proof verification failed)
         • [ffi.cpp:113] address mismatch at cycle 17800: preflight=0x3fffc060, actual=0x3fffc028
         • [kernels/cxx/ffi.cpp:208] SKIP THROW: memory peek not in preflight
       Local constraints hit (5 unique):
         - MemoryWrite@mem.zir:100
           cycle=17800, step=1156, pc=0x00209A44, major=4, minor=4
         - MemoryWrite@mem.zir:99 (x3)
           cycle=17800, step=1156, pc=0x00209A44, major=4, minor=4
         - VerifyOpcodeF3F7@inst.zir:102
           cycle=17800, step=1156, pc=0x00209A44, major=4, minor=4
         - VerifyOpcodeF3F7@inst.zir:103
           cycle=17800, step=1156, pc=0x00209A44, major=4, minor=4
         - VerifyOpcodeF3F7@inst.zir:104
           cycle=17800, step=1156, pc=0x00209A44, major=4, minor=4
       Global: memory permutation violated (11 addrs: 1 register, 9 code, 1 data)
         x8/s0: expected write missing, needed 0x00000000 (cycle 35599)
         0xFFFF0180 (data): unexpected write 0x00000000 (cycle 35599)
         + 9 code addresses diverged (instruction fetch cascade)
  [301] ✓ INSTR_WORD_MOD_SUR @ step 1743: 1 failures, 2949ms, outcome: REJECTED, exit: 101 [proof:GENERATED] G=memory
       r=0.165  T_new=0.00 F_new=0.39 F_rare=0.75 U=0 Q=0.61 Q_l=0.72 Q_g=0.85 dl=1 dg=1
       Value: 0x00054683 -> 0x00053683
       Surgical: funct3 = 4 -> 3
       Original: LBU x13, 0(x10)
       Mutated:  LOAD.3 x13, 0(x10)
       zkVM errors (1 lines):
         • [prover_impl.rs:280] verify segment (internal proof verification failed)
       Local constraints hit (1 unique):
         - VerifyOpcodeF3@inst.zir:97
           cycle=18387, step=1743, pc=0x002184C0, major=5, minor=3
       Global: memory permutation violated
         0x002184BC (code): wrote 0x00054683, expected 0x00053683 (cycle 36760)
  [302] ✓ INSTR_WORD_MOD_SUR @ step 70: 0 failures, 2953ms, outcome: REJECTED, exit: 101 [proof:GENERATED] G=memory[GO]
       r=0.256  T_new=0.00 F_new=0.78 F_rare=1.00 U=0 Q=0.61 Q_l=1.00 Q_g=0.61 dl=0 dg=3
       Value: 0xFFC67613 -> 0xFFC87613
       Surgical: rs1 = 12 -> 16
       Original: ANDI x12, x12, -4
       Mutated:  ANDI x12, x16, -4
       zkVM errors (3 lines):
         • [prover_impl.rs:280] verify segment (internal proof verification failed)
         • [ffi.cpp:113] address mismatch at cycle 16643: preflight=0x3fffc02c, actual=0x3fffc030
         • [kernels/cxx/ffi.cpp:208] SKIP THROW: memory peek not in preflight
       Global: memory permutation violated [GLOBAL-ONLY]
         x12/a2: unexpected write 0x00000049 (cycle 33285)
         x16/a6: expected write missing, needed 0x00000049 (cycle 33285)
         0x0020324C (code): wrote 0xffc67613, expected 0xffc87613 (cycle 10318)
  [303] ✓ INSTR_WORD_MOD_SUR @ step 3478: 1 failures, 2993ms, outcome: REJECTED, exit: 101 [proof:GENERATED] G=memory
       r=0.159  T_new=0.00 F_new=0.39 F_rare=0.70 U=0 Q=0.61 Q_l=0.72 Q_g=0.85 dl=1 dg=1
       Value: 0x00221637 -> 0x0022163A
       Surgical: opcode = 55 -> 58
       Original: LUI x12, 0x221000
       Mutated:  UNKNOWN 0x0022163a
       zkVM errors (1 lines):
         • [prover_impl.rs:280] verify segment (internal proof verification failed)
       Local constraints hit (1 unique):
         - VerifyOpcode@inst.zir:91
           cycle=20280, step=3478, pc=0x00205DF0, major=2, minor=5
       Global: memory permutation violated
         0x00205DEC (code): wrote 0x00221637, expected 0x0022163a (cycle 40034)
  [304] ✓ LOAD_VAL_MOD @ step 2182: 1 failures, 2914ms, outcome: REJECTED, exit: 101 [proof:GENERATED] G=memory
       r=0.145  T_new=0.00 F_new=0.39 F_rare=0.61 U=0 Q=0.61 Q_l=0.72 Q_g=0.85 dl=1 dg=1
       Value: 0x00000000 -> 0x00000400
       Load destination: rd = x22 (s6)
       zkVM errors (1 lines):
         • [prover_impl.rs:280] verify segment (internal proof verification failed)
       Local constraints hit (1 unique):
         - MemoryWrite@mem.zir:99
           cycle=18836, step=2182, pc=0x00204190, major=5, minor=2
       Global: memory permutation violated
         x22/s6: wrote 0x00000400, expected 0x00000000 (cycle 37673)
  [305] ✓ STORE_OUT_MOD @ step 2619: 1 failures, 2948ms, outcome: REJECTED, exit: 101 [proof:GENERATED] G=memory
       r=0.146  T_new=0.00 F_new=0.39 F_rare=0.62 U=0 Q=0.61 Q_l=0.72 Q_g=0.85 dl=1 dg=1
       Value: 0x00000000 -> 0x00000004
       Store address: 0x002002f8
       zkVM errors (1 lines):
         • [prover_impl.rs:280] verify segment (internal proof verification failed)
       Local constraints hit (1 unique):
         - MemoryWrite@mem.zir:99
           cycle=19347, step=2619, pc=0x002052F0, major=6, minor=2
       Global: memory permutation violated
         0x002002F8 (data): wrote 0x00000004, expected 0x00000000 (cycle 38695)
  [306] ✓ MEM_VAL_MOD @ step 2289: 2 failures, 2979ms, outcome: REJECTED, exit: 101 [proof:GENERATED] G=memory
       r=0.112  T_new=0.00 F_new=0.39 F_rare=0.69 U=0 Q=0.43 Q_l=0.51 Q_g=0.85 dl=2 dg=1
       Value: 0x00000000 -> 0x866BBA45
       Transaction: store_rmw_read (READ) at address 0x00200344
       zkVM errors (1 lines):
         • [prover_impl.rs:280] verify segment (internal proof verification failed)
       Local constraints hit (2 unique):
         - IsRead@mem.zir:79
           cycle=18943, step=2289, pc=0x00203460, major=6, minor=2
         - IsRead@mem.zir:80
           cycle=18943, step=2289, pc=0x00203460, major=6, minor=2
       Global: memory permutation violated
         0x00200344 (data): wrote 0x866bba45, expected 0x00000000 (cycle 37886)
  [307] ✓ INSTR_WORD_MOD_SUR @ step 2258: 0 failures, 2994ms, outcome: REJECTED, exit: 101 [proof:GENERATED] G=memory[GO]
       r=0.256  T_new=0.00 F_new=0.78 F_rare=1.00 U=0 Q=0.61 Q_l=1.00 Q_g=0.61 dl=0 dg=3
       Value: 0x01068693 -> 0x01068313
       Surgical: rd = 13 -> 6
       Original: ADDI x13, x13, 16
       Mutated:  ADDI x6, x13, 16
       zkVM errors (3 lines):
         • [prover_impl.rs:280] verify segment (internal proof verification failed)
         • [ffi.cpp:113] address mismatch at cycle 18912: preflight=0x3fffc02d, actual=0x3fffc026
         • [kernels/cxx/ffi.cpp:208] SKIP THROW: memory peek not in preflight
       Global: memory permutation violated [GLOBAL-ONLY]
         x6/t1: expected write missing, needed 0x00200310 (cycle 37824)
         x13/a3: unexpected write 0x00200310 (cycle 37824)
         0x00203440 (code): wrote 0x01068693, expected 0x01068313 (cycle 37800)
  [308] ✓ INSTR_WORD_MOD_SUR @ step 1543: 0 failures, 2935ms, outcome: REJECTED, exit: 101 [proof:GENERATED] G=memory[GO]
       r=0.256  T_new=0.00 F_new=0.78 F_rare=1.00 U=0 Q=0.61 Q_l=1.00 Q_g=0.61 dl=0 dg=3
       Value: 0x00150513 -> 0x00160513
       Surgical: rs1 = 10 -> 12
       Original: ADDI x10, x10, 1
       Mutated:  ADDI x10, x12, 1
       zkVM errors (3 lines):
         • [prover_impl.rs:280] verify segment (internal proof verification failed)
         • [ffi.cpp:113] address mismatch at cycle 18187: preflight=0x3fffc02a, actual=0x3fffc02c
         • [kernels/cxx/ffi.cpp:208] SKIP THROW: memory peek not in preflight
       Global: memory permutation violated [GLOBAL-ONLY]
         x10/a0: unexpected write 0x0020032c (cycle 36364)
         x12/a2: expected write missing, needed 0x0020032c (cycle 36364)
         0x002184D0 (code): wrote 0x00150513, expected 0x00160513 (cycle 36360)
  [309] ✓ INSTR_WORD_MOD_SUR @ step 137: 1 failures, 2971ms, outcome: REJECTED, exit: 101 [proof:GENERATED] G=memory
       r=0.147  T_new=0.00 F_new=0.39 F_rare=0.62 U=0 Q=0.61 Q_l=0.72 Q_g=0.85 dl=1 dg=1
       Value: 0x59B88713 -> 0x59B88773
       Surgical: opcode = 19 -> 115
       Original: ADDI x14, x17, 1435
       Mutated:  SYSTEM.0 x14, x17, 1435
       zkVM errors (1 lines):
         • [prover_impl.rs:280] verify segment (internal proof verification failed)
       Local constraints hit (1 unique):
         - VerifyOpcodeF3@inst.zir:96
           cycle=16710, step=137, pc=0x002010E4, major=0, minor=7
       Global: memory permutation violated
         0x002010E0 (code): wrote 0x59b88713, expected 0x59b88773 (cycle 6234)
  [310] ✓ INSTR_WORD_MOD_SUR @ step 2721: 1 failures, 2957ms, outcome: REJECTED, exit: 101 [proof:GENERATED] G=memory
       r=0.183  T_new=0.00 F_new=0.78 F_rare=1.00 U=0 Q=0.43 Q_l=0.72 Q_g=0.61 dl=1 dg=3
       Value: 0x09412803 -> 0x68E12803
       Surgical: imm = 148 -> 1678
       Original: LW x16, 148(x2)
       Mutated:  LW x16, 1678(x2)
       zkVM errors (3 lines):
         • [prover_impl.rs:280] verify segment (internal proof verification failed)
         • [ffi.cpp:113] address mismatch at cycle 19449: preflight=0x000800e5, actual=0x00080263
         • [kernels/cxx/ffi.cpp:208] SKIP THROW: memory peek not in preflight
       Local constraints hit (1 unique):
         - OpLW@inst_mem.zir:109
           cycle=19449, step=2721, pc=0x00201690, major=5, minor=2
       Global: memory permutation violated
         0x00200394 (data): unexpected write 0x00000000 (cycle 38881)
         0x0020098C (code): expected write missing, needed 0x00000000 (cycle 38881)
         0x0020168C (code): wrote 0x09412803, expected 0x68e12803 (cycle 7138)
  [311] ✓ PRE_EXEC_REG_MOD @ step 3584: 3 failures, 2941ms, outcome: REJECTED, exit: 101 [proof:GENERATED] G=memory
       r=0.092  T_new=0.00 F_new=0.39 F_rare=0.85 U=0 Q=0.31 Q_l=0.37 Q_g=0.85 dl=3 dg=1
       Value: 0x00000000 -> 0xDFFF6CFF
       Register: x14 (a4), READ, strategy=next_read
       zkVM errors (1 lines):
         • [prover_impl.rs:280] verify segment (internal proof verification failed)
       Local constraints hit (3 unique):
         - IsRead@mem.zir:79
           cycle=20460, step=3584, pc=0x00205644, major=1, minor=2
         - IsRead@mem.zir:80
           cycle=20460, step=3584, pc=0x00205644, major=1, minor=2
         - MemoryWrite@mem.zir:99
           cycle=20460, step=3584, pc=0x00205644, major=1, minor=2
       Global: memory permutation violated
         x14/a4: wrote 0xdfff6cff, expected 0x00000000 (cycle 40920)
  [312] ✓ INSTR_WORD_MOD_FULL @ step 3929: 2 failures, 2945ms, outcome: REJECTED, exit: 101 [proof:GENERATED] G=memory
       r=0.116  T_new=0.00 F_new=0.39 F_rare=0.72 U=0 Q=0.43 Q_l=0.51 Q_g=0.85 dl=2 dg=1
       Value: 0x00000073 -> 0xFE57A5EF
       Original: ECALL x0, x0, 0
       Mutated:  JAL x11, -544796
       Format changed: I -> J
       zkVM errors (1 lines):
         • [prover_impl.rs:280] verify segment (internal proof verification failed)
       Local constraints hit (2 unique):
         - MachineECall@inst_ecall.zir:28
           cycle=20879, step=3929, pc=0xC00000F8, major=8, minor=0
         - MachineECall@inst_ecall.zir:29
           cycle=20879, step=3929, pc=0xC00000F8, major=8, minor=0
       Global: memory permutation violated
         0xC00000F8 (data): wrote 0x00000073, expected 0xfe57a5ef (cycle 30062)
  [313] ✓ COMP_OUT_MOD @ step 2862: 2 failures, 2953ms, outcome: REJECTED, exit: 101 [proof:GENERATED] G=memory
       r=0.104  T_new=0.00 F_new=0.39 F_rare=0.61 U=0 Q=0.43 Q_l=0.51 Q_g=0.85 dl=2 dg=1
       Value: 0x00000004 -> 0x7D723374
       Destination: rd = x18 (s2)
       zkVM errors (1 lines):
         • [prover_impl.rs:280] verify segment (internal proof verification failed)
       Local constraints hit (2 unique):
         - MemoryWrite@mem.zir:100
           cycle=19590, step=2862, pc=0x00204B0C, major=0, minor=7
         - MemoryWrite@mem.zir:99
           cycle=19590, step=2862, pc=0x00204B0C, major=0, minor=7
       Global: memory permutation violated
         x18/s2: wrote 0x7d723374, expected 0x00000004 (cycle 39181)
  [314] ✓ INSTR_WORD_MOD_SUR @ step 3929: 1 failures, 2943ms, outcome: REJECTED, exit: 101 [proof:GENERATED] G=memory
       r=0.159  T_new=0.00 F_new=0.39 F_rare=0.70 U=0 Q=0.61 Q_l=0.72 Q_g=0.85 dl=1 dg=1
       Value: 0x00000073 -> 0x00060073
       Surgical: rs1 = 0 -> 12
       Original: ECALL x0, x0, 0
       Mutated:  ECALL x0, x12, 0
       zkVM errors (1 lines):
         • [prover_impl.rs:280] verify segment (internal proof verification failed)
       Local constraints hit (1 unique):
         - MachineECall@inst_ecall.zir:28
           cycle=20879, step=3929, pc=0xC00000F8, major=8, minor=0
       Global: memory permutation violated
         0xC00000F8 (data): wrote 0x00000073, expected 0x00060073 (cycle 30062)
  [315] ✓ INSTR_WORD_MOD_SUR @ step 3167: 1 failures, 2952ms, outcome: REJECTED, exit: 101 [proof:GENERATED] G=memory
       r=0.183  T_new=0.00 F_new=0.78 F_rare=1.00 U=0 Q=0.43 Q_l=0.72 Q_g=0.61 dl=1 dg=3
       Value: 0x03012903 -> 0xD3512903
       Surgical: imm = 48 -> 3381
       Original: LW x18, 48(x2)
       Mutated:  LW x18, -715(x2)
       zkVM errors (3 lines):
         • [prover_impl.rs:280] verify segment (internal proof verification failed)
         • [ffi.cpp:113] address mismatch at cycle 19969: preflight=0x00080064, actual=0x0007ffa5
         • [kernels/cxx/ffi.cpp:208] SKIP THROW: memory peek not in preflight
       Local constraints hit (1 unique):
         - OpLW@inst_mem.zir:108
           cycle=19969, step=3167, pc=0x0020582C, major=5, minor=2
       Global: memory permutation violated
         0x001FFE94 (data): expected write missing, needed 0x0021ad2c (cycle 39347)
         0x00200190 (data): unexpected write 0x0021ad2c (cycle 39347)
         0x00205828 (code): wrote 0x03012903, expected 0xd3512903 (cycle 16418)
  [316] ✓ INSTR_WORD_MOD_SUR @ step 898: 1 failures, 2932ms, outcome: REJECTED, exit: 101 [proof:GENERATED] G=memory
       r=0.146  T_new=0.00 F_new=0.39 F_rare=0.62 U=0 Q=0.61 Q_l=0.72 Q_g=0.85 dl=1 dg=1
       Value: 0x40000513 -> 0x40007513
       Surgical: funct3 = 0 -> 7
       Original: ADDI x10, x0, 1024
       Mutated:  ANDI x10, x0, 1024
       zkVM errors (1 lines):
         • [prover_impl.rs:280] verify segment (internal proof verification failed)
       Local constraints hit (1 unique):
         - VerifyOpcodeF3@inst.zir:97
           cycle=17525, step=898, pc=0x00206164, major=0, minor=7
       Global: memory permutation violated
         0x00206160 (code): wrote 0x40000513, expected 0x40007513 (cycle 34882)
  [317] ✓ LOAD_VAL_MOD @ step 1398: 2 failures, 2955ms, outcome: REJECTED, exit: 101 [proof:GENERATED] G=memory
       r=0.114  T_new=0.00 F_new=0.39 F_rare=0.70 U=0 Q=0.43 Q_l=0.51 Q_g=0.85 dl=2 dg=1
       Value: 0x0000003C -> 0x10000000
       Load destination: rd = x13 (a3)
       zkVM errors (1 lines):
         • [prover_impl.rs:280] verify segment (internal proof verification failed)
       Local constraints hit (2 unique):
         - MemoryWrite@mem.zir:100
           cycle=18042, step=1398, pc=0x002184C0, major=5, minor=3
         - MemoryWrite@mem.zir:99
           cycle=18042, step=1398, pc=0x002184C0, major=5, minor=3
       Global: memory permutation violated
         x13/a3: wrote 0x10000000, expected 0x0000003c (cycle 36085)
  [318] ✓ STORE_OUT_MOD @ step 3238: 2 failures, 2975ms, outcome: REJECTED, exit: 101 [proof:GENERATED] G=memory
       r=0.105  T_new=0.00 F_new=0.39 F_rare=0.61 U=0 Q=0.43 Q_l=0.51 Q_g=0.85 dl=2 dg=1
       Value: 0x00000062 -> 0xFFFFFF9E
       Store address: 0x002001ec
       zkVM errors (1 lines):
         • [prover_impl.rs:280] verify segment (internal proof verification failed)
       Local constraints hit (2 unique):
         - MemoryWrite@mem.zir:100
           cycle=20040, step=3238, pc=0x00204BC0, major=6, minor=2
         - MemoryWrite@mem.zir:99
           cycle=20040, step=3238, pc=0x00204BC0, major=6, minor=2
       Global: memory permutation violated
         0x002001EC (data): wrote 0xffffff9e, expected 0x00000062 (cycle 40081)
  [319] ✓ INSTR_WORD_MOD_SUR @ step 2068: 1 failures, 3037ms, outcome: REJECTED, exit: 101 [proof:GENERATED] G=memory
       r=0.165  T_new=0.00 F_new=0.39 F_rare=0.75 U=0 Q=0.61 Q_l=0.72 Q_g=0.85 dl=1 dg=1
       Value: 0x01412483 -> 0x01415483
       Surgical: funct3 = 2 -> 5
       Original: LW x9, 20(x2)
       Mutated:  LHU x9, 20(x2)
       zkVM errors (1 lines):
         • [prover_impl.rs:280] verify segment (internal proof verification failed)
       Local constraints hit (1 unique):
         - VerifyOpcodeF3@inst.zir:97
           cycle=18722, step=2068, pc=0x002097BC, major=5, minor=2
       Global: memory permutation violated
         0x002097B8 (code): wrote 0x01412483, expected 0x01415483 (cycle 37034)
  [320] ✓ INSTR_WORD_MOD_FULL @ step 3929: 2 failures, 2948ms, outcome: REJECTED, exit: 101 [proof:GENERATED] G=memory
       r=0.114  T_new=0.00 F_new=0.39 F_rare=0.70 U=0 Q=0.43 Q_l=0.51 Q_g=0.85 dl=2 dg=1
       Value: 0x00000073 -> 0xF3DE37E7
       Original: ECALL x0, x0, 0
       Mutated:  JALR x15, x28, -195
       zkVM errors (1 lines):
         • [prover_impl.rs:280] verify segment (internal proof verification failed)
       Local constraints hit (2 unique):
         - MachineECall@inst_ecall.zir:28
           cycle=20879, step=3929, pc=0xC00000F8, major=8, minor=0
         - MachineECall@inst_ecall.zir:29
           cycle=20879, step=3929, pc=0xC00000F8, major=8, minor=0
       Global: memory permutation violated
         0xC00000F8 (data): wrote 0x00000073, expected 0xf3de37e7 (cycle 30062)
  [321] ✓ INSTR_WORD_MOD_SUR @ step 1699: 1 failures, 2956ms, outcome: REJECTED, exit: 101 [proof:GENERATED] G=memory
       r=0.159  T_new=0.00 F_new=0.39 F_rare=0.70 U=0 Q=0.61 Q_l=0.72 Q_g=0.85 dl=1 dg=1
       Value: 0x4F0080E7 -> 0x4F00C0E7
       Surgical: funct3 = 0 -> 4
       Original: JALR x1, x1, 1264
       Mutated:  JALR x1, x1, 1264
       zkVM errors (1 lines):
         • [prover_impl.rs:280] verify segment (internal proof verification failed)
       Local constraints hit (1 unique):
         - VerifyOpcodeF3@inst.zir:97
           cycle=18343, step=1699, pc=0x002184B8, major=2, minor=4
       Global: memory permutation violated
         0x00205FCC (code): wrote 0x4f0080e7, expected 0x4f00c0e7 (cycle 17642)
  [322] ✓ INSTR_WORD_MOD_SUR @ step 3870: 1 failures, 2950ms, outcome: REJECTED, exit: 101 [proof:GENERATED] G=memory
       r=0.180  T_new=0.00 F_new=0.39 F_rare=0.85 U=0 Q=0.61 Q_l=0.72 Q_g=0.85 dl=1 dg=1
       Value: 0x04812C03 -> 0x04812C23
       Surgical: opcode = 3 -> 35
       Original: LW x24, 72(x2)
       Mutated:  SW x8, 88(x2)
       zkVM errors (1 lines):
         • [prover_impl.rs:280] verify segment (internal proof verification failed)
       Local constraints hit (1 unique):
         - VerifyOpcodeF3@inst.zir:96
           cycle=20820, step=3870, pc=0x00204DAC, major=5, minor=2
       Global: memory permutation violated
         0x00204DA8 (code): wrote 0x04812c03, expected 0x04812c23 (cycle 14726)
  [323] ✓ MEM_VAL_MOD @ step 305: 6 failures, 3048ms, outcome: REJECTED, exit: 101 [proof:GENERATED] [+2 touch] G=memory|cycle
       r=0.008  T_new=0.06 F_new=1.00 F_rare=1.00 U=0 Q=0.02 Q_l=0.14 Q_g=0.11 dl=6 dg=13
       Value: 0x02950063 -> 0x00002000
       Transaction: other_mem_read (READ) at address 0x002031c0
       zkVM errors (3 lines):
         • [prover_impl.rs:280] verify segment (internal proof verification failed)
         • [ffi.cpp:113] address mismatch at cycle 16890: preflight=0x3fffc02a, actual=0x3fffc020
         • [kernels/cxx/ffi.cpp:208] SKIP THROW: memory peek not in preflight
       Local constraints hit (5 unique):
         - IsRead@mem.zir:79
           cycle=16890, step=305, pc=0x002031E0, major=1, minor=5
         - IsRead@mem.zir:80
           cycle=16890, step=305, pc=0x002031E0, major=1, minor=5
         - MemoryWrite@mem.zir:99 (x2)
           cycle=16890, step=305, pc=0x002031E0, major=1, minor=5
         - VerifyOpcodeF3@inst.zir:96
           cycle=16890, step=305, pc=0x002031E0, major=1, minor=5
         - VerifyOpcodeF3@inst.zir:97
           cycle=16890, step=305, pc=0x002031E0, major=1, minor=5
       Global: memory permutation violated (18 addrs: 3 register, 14 code, 1 data)
         x0/zero: expected write missing, needed 0x00000004 (cycle 33773)
         x9/s1: unexpected write 0x00000004 (cycle 33777)
         x10/a0: unexpected write 0x00000004 (cycle 33773)
         + 14 code addresses diverged (instruction fetch cascade)
         + 1 more addresses
       Global: cycle lookup violated (3 indices broken)
         index 2: 861 provides, 1 uses (imbalanced)
         index 3: 698 provides, 1 uses (imbalanced)
         index 5: 348 provides, 1 uses (imbalanced)
  [324] ✓ INSTR_WORD_MOD_SUR @ step 963: 1 failures, 2944ms, outcome: REJECTED, exit: 101 [proof:GENERATED] G=memory
       r=0.147  T_new=0.00 F_new=0.39 F_rare=0.62 U=0 Q=0.61 Q_l=0.72 Q_g=0.85 dl=1 dg=1
       Value: 0x00068613 -> 0x00068623
       Surgical: opcode = 19 -> 35
       Original: ADDI x12, x13, 0
       Mutated:  SB x0, 12(x13)
       zkVM errors (1 lines):
         • [prover_impl.rs:280] verify segment (internal proof verification failed)
       Local constraints hit (1 unique):
         - VerifyOpcodeF3@inst.zir:96
           cycle=17596, step=963, pc=0x002031B0, major=0, minor=7
       Global: memory permutation violated
         0x002031AC (code): wrote 0x00068613, expected 0x00068623 (cycle 35020)
  [325] ✓ COMP_OUT_MOD @ step 3320: 2 failures, 2935ms, outcome: REJECTED, exit: 101 [proof:GENERATED] G=memory
       r=0.129  T_new=0.00 F_new=0.39 F_rare=0.85 U=0 Q=0.43 Q_l=0.51 Q_g=0.85 dl=2 dg=1
       Value: 0x00000001 -> 0xC0108008
       Destination: rd = x13 (a3)
       zkVM errors (1 lines):
         • [prover_impl.rs:280] verify segment (internal proof verification failed)
       Local constraints hit (2 unique):
         - MemoryWrite@mem.zir:100
           cycle=20122, step=3320, pc=0x002032FC, major=1, minor=4
         - MemoryWrite@mem.zir:99
           cycle=20122, step=3320, pc=0x002032FC, major=1, minor=4
       Global: memory permutation violated
         x13/a3: wrote 0xc0108008, expected 0x00000001 (cycle 40245)
  [326] ✓ INSTR_WORD_MOD_FULL @ step 1651: 1 failures, 2932ms, outcome: REJECTED, exit: 101 [proof:GENERATED] G=memory
       r=0.183  T_new=0.00 F_new=0.78 F_rare=1.00 U=0 Q=0.43 Q_l=0.72 Q_g=0.61 dl=1 dg=3
       Value: 0x002215B7 -> 0x002615B7
       Original: LUI x11, 0x221000
       Mutated:  LUI x11, 0x261000
       zkVM errors (3 lines):
         • [prover_impl.rs:280] verify segment (internal proof verification failed)
         • [ffi.cpp:113] address mismatch at cycle 18295: preflight=0x3fffc024, actual=0x3fffc02c
         • [kernels/cxx/ffi.cpp:208] SKIP THROW: memory peek not in preflight
       Local constraints hit (1 unique):
         - MemoryWrite@mem.zir:100
           cycle=18295, step=1651, pc=0x0020AF10, major=2, minor=5
       Global: memory permutation violated
         x4/tp: unexpected write 0x00000000 (cycle 36522)
         x12/a2: expected write missing, needed 0x00000000 (cycle 36522)
         0x0020AF0C (code): wrote 0x002215b7, expected 0x002615b7 (cycle 22674)
  [327] ✓ INSTR_WORD_MOD_SUR @ step 3145: 1 failures, 2933ms, outcome: REJECTED, exit: 101 [proof:GENERATED] G=memory
       r=0.165  T_new=0.00 F_new=0.39 F_rare=0.75 U=0 Q=0.61 Q_l=0.72 Q_g=0.85 dl=1 dg=1
       Value: 0x08D88863 -> 0x08D88837
       Surgical: opcode = 99 -> 55
       Original: BEQ x17, x13, 144
       Mutated:  LUI x16, 0x8d88000
       zkVM errors (1 lines):
         • [prover_impl.rs:280] verify segment (internal proof verification failed)
       Local constraints hit (1 unique):
         - VerifyOpcodeF3@inst.zir:96
           cycle=19873, step=3145, pc=0xC0000530, major=1, minor=5
       Global: memory permutation violated
         0xC00004A0 (data): wrote 0x08d88863, expected 0x08d88837 (cycle 38298)
  [328] ✓ INSTR_WORD_MOD_SUR @ step 3189: 1 failures, 2928ms, outcome: REJECTED, exit: 101 [proof:GENERATED] G=memory
       r=0.156  T_new=0.00 F_new=0.39 F_rare=0.69 U=0 Q=0.61 Q_l=0.72 Q_g=0.85 dl=1 dg=1
       Value: 0x00B12823 -> 0x00B12836
       Surgical: opcode = 35 -> 54
       Original: SW x11, 16(x2)
       Mutated:  UNKNOWN 0x00b12836
       zkVM errors (1 lines):
         • [prover_impl.rs:280] verify segment (internal proof verification failed)
       Local constraints hit (1 unique):
         - VerifyOpcodeF3@inst.zir:96
           cycle=19991, step=3189, pc=0x00204B38, major=6, minor=2
       Global: memory permutation violated
         0x00204B34 (code): wrote 0x00b12823, expected 0x00b12836 (cycle 14322)
  [329] ✓ INSTR_WORD_MOD_FULL @ step 1451: 0 failures, 2950ms, outcome: REJECTED, exit: 101 [proof:GENERATED] G=memory[GO]
       r=0.256  T_new=0.00 F_new=0.78 F_rare=1.00 U=0 Q=0.61 Q_l=1.00 Q_g=0.61 dl=0 dg=3
       Value: 0xFFF60613 -> 0xFFF20613
       Original: ADDI x12, x12, -1
       Mutated:  ADDI x12, x4, -1
       zkVM errors (3 lines):
         • [prover_impl.rs:280] verify segment (internal proof verification failed)
         • [ffi.cpp:113] address mismatch at cycle 18095: preflight=0x3fffc02c, actual=0x3fffc024
         • [kernels/cxx/ffi.cpp:208] SKIP THROW: memory peek not in preflight
       Global: memory permutation violated [GLOBAL-ONLY]
         x4/tp: expected write missing, needed 0x00000011 (cycle 36180)
         x12/a2: unexpected write 0x00000011 (cycle 36180)
         0x002184CC (code): wrote 0xfff60613, expected 0xfff20613 (cycle 36176)
  [330] ✓ INSTR_WORD_MOD_FULL @ step 1030: 1 failures, 2914ms, outcome: REJECTED, exit: 101 [proof:GENERATED] G=memory
       r=0.143  T_new=0.00 F_new=0.39 F_rare=0.59 U=0 Q=0.61 Q_l=0.72 Q_g=0.85 dl=1 dg=1
       Value: 0x70158693 -> 0x50158693
       Original: ADDI x13, x11, 1793
       Mutated:  ADDI x13, x11, 1281
       zkVM errors (1 lines):
         • [prover_impl.rs:280] verify segment (internal proof verification failed)
       Local constraints hit (1 unique):
         - MemoryWrite@mem.zir:99
           cycle=17669, step=1030, pc=0x00200AC8, major=0, minor=7
       Global: memory permutation violated
         0x00200AC4 (code): wrote 0x70158693, expected 0x50158693 (cycle 5246)
  [331] ✓ LOAD_VAL_MOD @ step 1573: 2 failures, 2928ms, outcome: REJECTED, exit: 101 [proof:GENERATED] G=memory
       r=0.104  T_new=0.00 F_new=0.39 F_rare=0.61 U=0 Q=0.43 Q_l=0.51 Q_g=0.85 dl=2 dg=1
       Value: 0x00000000 -> 0x7FFFFFFF
       Load destination: rd = x19 (s3)
       zkVM errors (1 lines):
         • [prover_impl.rs:280] verify segment (internal proof verification failed)
       Local constraints hit (2 unique):
         - MemoryWrite@mem.zir:100
           cycle=18217, step=1573, pc=0x00202EB8, major=5, minor=2
         - MemoryWrite@mem.zir:99
           cycle=18217, step=1573, pc=0x00202EB8, major=5, minor=2
       Global: memory permutation violated
         x19/s3: wrote 0x7fffffff, expected 0x00000000 (cycle 36435)
  [332] ✓ INSTR_WORD_MOD_FULL @ step 258: 3 failures, 2987ms, outcome: REJECTED, exit: 101 [proof:GENERATED] G=memory
       r=0.073  T_new=0.00 F_new=0.92 F_rare=1.00 U=0 Q=0.16 Q_l=0.37 Q_g=0.43 dl=3 dg=5
       Value: 0x00003097 -> 0x92217593
       Original: AUIPC x1, 0x3000
       Mutated:  ANDI x11, x2, -1758
       Format changed: U -> I
       zkVM errors (3 lines):
         • [prover_impl.rs:280] verify segment (internal proof verification failed)
         • [ffi.cpp:113] address mismatch at cycle 16837: preflight=0x3fffc020, actual=0x3fffc022
         • [kernels/cxx/ffi.cpp:208] SKIP THROW: memory peek not in preflight
       Local constraints hit (3 unique):
         - MemoryWrite@mem.zir:100
           cycle=16837, step=258, pc=0x002031B4, major=2, minor=6
         - MemoryWrite@mem.zir:99
           cycle=16837, step=258, pc=0x002031B4, major=2, minor=6
         - VerifyOpcode@inst.zir:91
           cycle=16837, step=258, pc=0x002031B4, major=2, minor=6
       Global: memory permutation violated
         x0/zero: unexpected write 0x00000000 (cycle 33672)
         x1/ra: unexpected write 0x0020084c (cycle 33656)
         x2/sp: expected write missing, needed 0x00000000 (cycle 33672)
         x11/a1: expected write missing, needed 0x0020084c (cycle 33656)
         0x002031B0 (code): wrote 0x00003097, expected 0x92217593 (cycle 10218)
  [333] ✓ STORE_OUT_MOD @ step 2712: 2 failures, 2972ms, outcome: REJECTED, exit: 101 [proof:GENERATED] G=memory
       r=0.104  T_new=0.00 F_new=0.39 F_rare=0.61 U=0 Q=0.43 Q_l=0.51 Q_g=0.85 dl=2 dg=1
       Value: 0x00000000 -> 0x245D50AF
       Store address: 0x00200394
       zkVM errors (1 lines):
         • [prover_impl.rs:280] verify segment (internal proof verification failed)
       Local constraints hit (2 unique):
         - MemoryWrite@mem.zir:100
           cycle=19440, step=2712, pc=0x0020165C, major=6, minor=2
         - MemoryWrite@mem.zir:99
           cycle=19440, step=2712, pc=0x0020165C, major=6, minor=2
       Global: memory permutation violated
         0x00200394 (data): wrote 0x245d50af, expected 0x00000000 (cycle 38881)
  [334] ✓ INSTR_WORD_MOD_SUR @ step 3071: 1 failures, 2939ms, outcome: REJECTED, exit: 101 [proof:GENERATED] G=memory
       r=0.156  T_new=0.00 F_new=0.39 F_rare=0.69 U=0 Q=0.61 Q_l=0.72 Q_g=0.85 dl=1 dg=1
       Value: 0x01010737 -> 0x01010733
       Surgical: opcode = 55 -> 51
       Original: LUI x14, 0x1010000
       Mutated:  ADD x14, x2, x16
       zkVM errors (1 lines):
         • [prover_impl.rs:280] verify segment (internal proof verification failed)
       Local constraints hit (1 unique):
         - VerifyOpcode@inst.zir:91
           cycle=19799, step=3071, pc=0x00203258, major=2, minor=5
       Global: memory permutation violated
         0x00203254 (code): wrote 0x01010737, expected 0x01010733 (cycle 38012)
  [335] ✓ PRE_EXEC_REG_MOD @ step 0: 10 failures, 2923ms, outcome: REJECTED, exit: 101 [proof:GENERATED] G=memory
       r=0.092  T_new=0.00 F_new=0.39 F_rare=0.85 U=0 Q=0.31 Q_l=0.37 Q_g=0.85 dl=3 dg=1
       Value: 0x00000000 -> 0xBE1A650E
       Register: x1 (ra), READ, strategy=next_read
       zkVM errors (2 lines):
         • [prover_impl.rs:280] verify segment (internal proof verification failed)
         • [kernels/cxx/buffers.h:43] SKIP THROW: Inconsistent set
       Local constraints hit (3 unique):
         - IsRead@mem.zir:79
           cycle=15967, step=0, pc=0x00000000, major=9, minor=2
         - IsRead@mem.zir:80
           cycle=15967, step=0, pc=0x00000000, major=9, minor=2
         - PoseidonCheckOut@inst_p2.zir:265 (x8)
           cycle=16247, step=0, pc=0x00000000, major=9, minor=5
       Global: memory permutation violated
         x1/ra: wrote 0xbe1a650e, expected 0x00000000 (cycle 31934)
  [336] ✓ INSTR_WORD_MOD_SUR @ step 856: 0 failures, 2928ms, outcome: REJECTED, exit: 101 [proof:GENERATED] G=memory[GO]
       r=0.256  T_new=0.00 F_new=0.78 F_rare=1.00 U=0 Q=0.61 Q_l=1.00 Q_g=0.61 dl=0 dg=3
       Value: 0x00C12083 -> 0x00C12903
       Surgical: rd = 1 -> 18
       Original: LW x1, 12(x2)
       Mutated:  LW x18, 12(x2)
       zkVM errors (3 lines):
         • [prover_impl.rs:280] verify segment (internal proof verification failed)
         • [ffi.cpp:113] address mismatch at cycle 17483: preflight=0x3fffc021, actual=0x3fffc032
         • [kernels/cxx/ffi.cpp:208] SKIP THROW: memory peek not in preflight
       Global: memory permutation violated [GLOBAL-ONLY]
         x1/ra: unexpected write 0x002031b8 (cycle 34954)
         x18/s2: expected write missing, needed 0x002031b8 (cycle 34954)
         0x002031E8 (code): wrote 0x00c12083, expected 0x00c12903 (cycle 34798)
  [337] ✓ INSTR_WORD_MOD_SUR @ step 2063: 1 failures, 3001ms, outcome: REJECTED, exit: 101 [proof:GENERATED] G=memory
       r=0.155  T_new=0.00 F_new=0.39 F_rare=0.68 U=0 Q=0.61 Q_l=0.72 Q_g=0.85 dl=1 dg=1
       Value: 0x80000537 -> 0x80000517
       Surgical: opcode = 55 -> 23
       Original: LUI x10, 0x80000000
       Mutated:  AUIPC x10, 0x80000000
       zkVM errors (1 lines):
         • [prover_impl.rs:280] verify segment (internal proof verification failed)
       Local constraints hit (1 unique):
         - VerifyOpcode@inst.zir:91
           cycle=18717, step=2063, pc=0x00209758, major=2, minor=5
       Global: memory permutation violated
         0x00209754 (code): wrote 0x80000537, expected 0x80000517 (cycle 37024)
  [338] ✓ COMP_OUT_MOD @ step 647: 2 failures, 3023ms, outcome: REJECTED, exit: 101 [proof:GENERATED] G=memory
       r=0.104  T_new=0.00 F_new=0.39 F_rare=0.61 U=0 Q=0.43 Q_l=0.51 Q_g=0.85 dl=2 dg=1
       Value: 0x00200370 -> 0x00000020
       Destination: rd = x8 (s0/fp)
       zkVM errors (1 lines):
         • [prover_impl.rs:280] verify segment (internal proof verification failed)
       Local constraints hit (2 unique):
         - MemoryWrite@mem.zir:100
           cycle=17256, step=647, pc=0x002031A4, major=0, minor=7
         - MemoryWrite@mem.zir:99
           cycle=17256, step=647, pc=0x002031A4, major=0, minor=7
       Global: memory permutation violated
         x8/s0: wrote 0x00000020, expected 0x00200370 (cycle 34513)
  [339] ✓ INSTR_WORD_MOD_SUR @ step 2188: 0 failures, 2924ms, outcome: REJECTED, exit: 101 [proof:GENERATED] G=memory[GO]
       r=0.280  T_new=0.00 F_new=0.39 F_rare=1.00 U=0 Q=0.85 Q_l=1.00 Q_g=0.85 dl=0 dg=1
       Value: 0x00058E63 -> 0xF8058763
       Surgical: imm = 28 -> 6030
       Original: BEQ x11, x0, 28
       Mutated:  BEQ x11, x0, -2162
       zkVM errors (1 lines):
         • [prover_impl.rs:280] verify segment (internal proof verification failed)
       Global: memory permutation violated [GLOBAL-ONLY]
         0x00202F4C (code): wrote 0x00058e63, expected 0xf8058763 (cycle 9834)
  [340] ✓ INSTR_WORD_MOD_SUR @ step 3002: 1 failures, 2947ms, outcome: REJECTED, exit: 101 [proof:GENERATED] G=memory
       r=0.146  T_new=0.00 F_new=0.39 F_rare=0.61 U=0 Q=0.61 Q_l=0.72 Q_g=0.85 dl=1 dg=1
       Value: 0x000C0613 -> 0x000C3613
       Surgical: funct3 = 0 -> 3
       Original: ADDI x12, x24, 0
       Mutated:  SLTIU x12, x24, 0
       zkVM errors (1 lines):
         • [prover_impl.rs:280] verify segment (internal proof verification failed)
       Local constraints hit (1 unique):
         - VerifyOpcodeF3@inst.zir:97
           cycle=19730, step=3002, pc=0x002056D0, major=0, minor=7
       Global: memory permutation violated
         0x002056CC (code): wrote 0x000c0613, expected 0x000c3613 (cycle 16194)
  [341] ✓ INSTR_WORD_MOD_SUR @ step 2909: 1 failures, 2944ms, outcome: REJECTED, exit: 101 [proof:GENERATED] G=memory
       r=0.180  T_new=0.00 F_new=0.39 F_rare=0.85 U=0 Q=0.61 Q_l=0.72 Q_g=0.85 dl=1 dg=1
       Value: 0x00B775B3 -> 0x00B765B3
       Surgical: funct3 = 7 -> 6
       Original: AND x11, x14, x11
       Mutated:  OR x11, x14, x11
       zkVM errors (1 lines):
         • [prover_impl.rs:280] verify segment (internal proof verification failed)
       Local constraints hit (1 unique):
         - VerifyOpcodeF3F7@inst.zir:103
           cycle=19637, step=2909, pc=0x00205E18, major=0, minor=4
       Global: memory permutation violated
         0x00205E14 (code): wrote 0x00b775b3, expected 0x00b765b3 (cycle 38224)
  [342] ✓ INSTR_WORD_MOD_SUR @ step 3640: 1 failures, 2943ms, outcome: REJECTED, exit: 101 [proof:GENERATED] G=memory
       r=0.171  T_new=0.00 F_new=0.39 F_rare=0.79 U=0 Q=0.61 Q_l=0.72 Q_g=0.85 dl=1 dg=1
       Value: 0x0035F693 -> 0x0035F6B4
       Surgical: opcode = 19 -> 52
       Original: ANDI x13, x11, 3
       Mutated:  UNKNOWN 0x0035f6b4
       zkVM errors (1 lines):
         • [prover_impl.rs:280] verify segment (internal proof verification failed)
       Local constraints hit (1 unique):
         - VerifyOpcodeF3@inst.zir:96
           cycle=20516, step=3640, pc=0x002032F8, major=1, minor=2
       Global: memory permutation violated
         0x002032F4 (code): wrote 0x0035f693, expected 0x0035f6b4 (cycle 40372)
  [343] ✓ INSTR_WORD_MOD_SUR @ step 1998: 1 failures, 2956ms, outcome: REJECTED, exit: 101 [proof:GENERATED] G=memory
       r=0.064  T_new=0.00 F_new=0.99 F_rare=1.00 U=0 Q=0.14 Q_l=0.72 Q_g=0.19 dl=1 dg=10
       Value: 0xFE0614E3 -> 0x20061C63
       Surgical: imm = -24 -> 536
       Original: BNE x12, x0, -24
       Mutated:  BNE x12, x0, 536
       zkVM errors (3 lines):
         • [prover_impl.rs:280] verify segment (internal proof verification failed)
         • [ffi.cpp:113] address mismatch at cycle 18648: preflight=0x0008612f, actual=0x000861bb
         • [kernels/cxx/buffers.h:43] SKIP THROW: Inconsistent set
       Local constraints hit (1 unique):
         - MemoryWrite@mem.zir:99
           cycle=18677, step=2028, pc=0x00205FD0, major=2, minor=4
       Global: memory permutation violated (18 addrs: 18 code)
         + 18 code addresses diverged (instruction fetch cascade)
  [344] ✓ INSTR_WORD_MOD_FULL @ step 2459: 3 failures, 2918ms, outcome: REJECTED, exit: 101 [proof:GENERATED] G=memory
       r=0.099  T_new=0.00 F_new=0.86 F_rare=1.00 U=0 Q=0.22 Q_l=0.37 Q_g=0.61 dl=3 dg=3
       Value: 0x00C585B3 -> 0xC1E5E5E3
       Original: ADD x11, x11, x12
       Mutated:  BLTU x11, x30, -1014
       Format changed: R -> B
       zkVM errors (3 lines):
         • [prover_impl.rs:280] verify segment (internal proof verification failed)
         • [ffi.cpp:113] address mismatch at cycle 19113: preflight=0x3fffc02c, actual=0x3fffc03e
         • [kernels/cxx/ffi.cpp:208] SKIP THROW: memory peek not in preflight
       Local constraints hit (3 unique):
         - VerifyOpcodeF3F7@inst.zir:102
           cycle=19113, step=2459, pc=0x00205E1C, major=0, minor=0
         - VerifyOpcodeF3F7@inst.zir:103
           cycle=19113, step=2459, pc=0x00205E1C, major=0, minor=0
         - VerifyOpcodeF3F7@inst.zir:104
           cycle=19113, step=2459, pc=0x00205E1C, major=0, minor=0
       Global: memory permutation violated
         x12/a2: unexpected write 0x002214ac (cycle 38216)
         x30/t5: expected write missing, needed 0x002214ac (cycle 38216)
         0x00205E18 (code): wrote 0x00c585b3, expected 0xc1e5e5e3 (cycle 37570)
  [345] ✓ INSTR_WORD_MOD_SUR @ step 3039: 0 failures, 2931ms, outcome: REJECTED, exit: 101 [proof:GENERATED] G=memory[GO]
       r=0.256  T_new=0.00 F_new=0.78 F_rare=1.00 U=0 Q=0.61 Q_l=1.00 Q_g=0.61 dl=0 dg=3
       Value: 0x00008067 -> 0x000088E7
       Surgical: rd = 0 -> 17
       Original: JALR x0, x1, 0
       Mutated:  JALR x17, x1, 0
       zkVM errors (3 lines):
         • [prover_impl.rs:280] verify segment (internal proof verification failed)
         • [ffi.cpp:113] address mismatch at cycle 19767: preflight=0x3fffc060, actual=0x3fffc031
         • [kernels/cxx/ffi.cpp:208] SKIP THROW: memory peek not in preflight
       Global: memory permutation violated [GLOBAL-ONLY]
         x17/a7: expected write missing, needed 0x00000000 (cycle 39533)
         0xFFFF0180 (data): unexpected write 0x00000000 (cycle 39533)
         0x002035E0 (code): wrote 0x00008067, expected 0x000088e7 (cycle 38798)
  [346] ✓ INSTR_WORD_MOD_SUR @ step 63: 0 failures, 2933ms, outcome: REJECTED, exit: 101 [proof:GENERATED] G=memory[GO]
       r=0.256  T_new=0.00 F_new=0.78 F_rare=1.00 U=0 Q=0.61 Q_l=1.00 Q_g=0.61 dl=0 dg=3
       Value: 0x00900793 -> 0x009C8793
       Surgical: rs1 = 0 -> 25
       Original: ADDI x15, x0, 9
       Mutated:  ADDI x15, x25, 9
       zkVM errors (3 lines):
         • [prover_impl.rs:280] verify segment (internal proof verification failed)
         • [ffi.cpp:113] address mismatch at cycle 16636: preflight=0x3fffc020, actual=0x3fffc039
         • [kernels/cxx/ffi.cpp:208] SKIP THROW: memory peek not in preflight
       Global: memory permutation violated [GLOBAL-ONLY]
         x0/zero: unexpected write 0x00000000 (cycle 33264)
         x25/s9: expected write missing, needed 0x00000000 (cycle 33264)
         0x00203230 (code): wrote 0x00900793, expected 0x009c8793 (cycle 10298)
  [347] ✓ INSTR_WORD_MOD_SUR @ step 3774: 0 failures, 2925ms, outcome: REJECTED, exit: 101 [proof:GENERATED] G=memory[GO]
       r=0.255  T_new=0.00 F_new=0.78 F_rare=1.00 U=0 Q=0.61 Q_l=1.00 Q_g=0.61 dl=0 dg=3
       Value: 0x3E800693 -> 0x3E800893
       Surgical: rd = 13 -> 17
       Original: ADDI x13, x0, 1000
       Mutated:  ADDI x17, x0, 1000
       zkVM errors (3 lines):
         • [prover_impl.rs:280] verify segment (internal proof verification failed)
         • [ffi.cpp:113] address mismatch at cycle 20650: preflight=0x3fffc02d, actual=0x3fffc031
         • [kernels/cxx/ffi.cpp:208] SKIP THROW: memory peek not in preflight
       Global: memory permutation violated [GLOBAL-ONLY]
         x13/a3: unexpected write 0x00000001 (cycle 41298)
         x17/a7: expected write missing, needed 0x00000001 (cycle 41298)
         0x002061D4 (code): wrote 0x3e800693, expected 0x3e800893 (cycle 40656)
  [348] ✓ INSTR_WORD_MOD_SUR @ step 1827: 0 failures, 2931ms, outcome: REJECTED, exit: 101 [proof:GENERATED] G=memory[GO]
       r=0.255  T_new=0.00 F_new=0.78 F_rare=1.00 U=0 Q=0.61 Q_l=1.00 Q_g=0.61 dl=0 dg=3
       Value: 0x00000513 -> 0x00000C13
       Surgical: rd = 10 -> 24
       Original: ADDI x10, x0, 0
       Mutated:  ADDI x24, x0, 0
       zkVM errors (3 lines):
         • [prover_impl.rs:280] verify segment (internal proof verification failed)
         • [ffi.cpp:113] address mismatch at cycle 18471: preflight=0x3fffc02a, actual=0x3fffc038
         • [kernels/cxx/ffi.cpp:208] SKIP THROW: memory peek not in preflight
       Global: memory permutation violated [GLOBAL-ONLY]
         x10/a0: unexpected write 0x0021b176 (cycle 36939)
         x24/s8: expected write missing, needed 0x0021b176 (cycle 36939)
         0x002184D8 (code): wrote 0x00000513, expected 0x00000c13 (cycle 36420)
  [349] ✓ INSTR_WORD_MOD_SUR @ step 1427: 0 failures, 2928ms, outcome: REJECTED, exit: 101 [proof:GENERATED] G=memory[GO]
       r=0.255  T_new=0.00 F_new=0.78 F_rare=1.00 U=0 Q=0.61 Q_l=1.00 Q_g=0.61 dl=0 dg=3
       Value: 0x0005C703 -> 0x0003C703
       Surgical: rs1 = 11 -> 7
       Original: LBU x14, 0(x11)
       Mutated:  LBU x14, 0(x7)
       zkVM errors (3 lines):
         • [prover_impl.rs:280] verify segment (internal proof verification failed)
         • [ffi.cpp:113] address mismatch at cycle 18071: preflight=0x3fffc02b, actual=0x3fffc027
         • [kernels/cxx/ffi.cpp:208] SKIP THROW: memory peek not in preflight
       Global: memory permutation violated [GLOBAL-ONLY]
         x7/t2: expected write missing, needed 0x00219e80 (cycle 36133)
         x11/a1: unexpected write 0x00219e80 (cycle 36133)
         0x002184C0 (code): wrote 0x0005c703, expected 0x0003c703 (cycle 36128)
  [350] ✓ INSTR_WORD_MOD_SUR @ step 1310: 1 failures, 2941ms, outcome: REJECTED, exit: 101 [proof:GENERATED] G=memory
       r=0.165  T_new=0.00 F_new=0.39 F_rare=0.75 U=0 Q=0.61 Q_l=0.72 Q_g=0.85 dl=1 dg=1
       Value: 0x00059863 -> 0x00059829
       Surgical: opcode = 99 -> 41
       Original: BNE x11, x0, 16
       Mutated:  UNKNOWN 0x00059829
       zkVM errors (1 lines):
         • [prover_impl.rs:280] verify segment (internal proof verification failed)
       Local constraints hit (1 unique):
         - VerifyOpcodeF3@inst.zir:96
           cycle=17954, step=1310, pc=0x002035D8, major=1, minor=6
       Global: memory permutation violated
         0x002035D4 (code): wrote 0x00059863, expected 0x00059829 (cycle 10882)
  [351] ✓ INSTR_WORD_MOD_SUR @ step 3525: 0 failures, 2914ms, outcome: REJECTED, exit: 101 [proof:GENERATED] G=memory[GO]
       r=0.235  T_new=0.00 F_new=0.63 F_rare=1.00 U=0 Q=0.61 Q_l=1.00 Q_g=0.61 dl=0 dg=3
       Value: 0x00068793 -> 0x00068413
       Surgical: rd = 15 -> 8
       Original: ADDI x15, x13, 0
       Mutated:  ADDI x8, x13, 0
       zkVM errors (3 lines):
         • [prover_impl.rs:280] verify segment (internal proof verification failed)
         • [ffi.cpp:113] address mismatch at cycle 20327: preflight=0x3fffc02f, actual=0x3fffc028
         • [kernels/cxx/ffi.cpp:208] SKIP THROW: memory peek not in preflight
       Global: memory permutation violated [GLOBAL-ONLY]
         x8/s0: expected write missing, needed 0x00000310 (cycle 40646)
         x15/a5: unexpected write 0x00000310 (cycle 40646)
         0x002061D0 (code): wrote 0x00068793, expected 0x00068413 (cycle 39698)
  [352] ✓ INSTR_WORD_MOD_SUR @ step 1010: 1 failures, 2945ms, outcome: REJECTED, exit: 101 [proof:GENERATED] G=memory
       r=0.153  T_new=0.00 F_new=0.39 F_rare=0.67 U=0 Q=0.61 Q_l=0.72 Q_g=0.85 dl=1 dg=1
       Value: 0x800005B7 -> 0x800005FF
       Surgical: opcode = 55 -> 127
       Original: LUI x11, 0x80000000
       Mutated:  UNKNOWN 0x800005ff
       zkVM errors (1 lines):
         • [prover_impl.rs:280] verify segment (internal proof verification failed)
       Local constraints hit (1 unique):
         - VerifyOpcode@inst.zir:91
           cycle=17649, step=1010, pc=0x002031C0, major=2, minor=5
       Global: memory permutation violated
         0x002031BC (code): wrote 0x800005b7, expected 0x800005ff (cycle 35126)
  [353] ✓ INSTR_WORD_MOD_SUR @ step 667: 0 failures, 2939ms, outcome: REJECTED, exit: 101 [proof:GENERATED] G=memory[GO]
       r=0.235  T_new=0.00 F_new=0.63 F_rare=1.00 U=0 Q=0.61 Q_l=1.00 Q_g=0.61 dl=0 dg=3
       Value: 0x02A7F463 -> 0x02A87463
       Surgical: rs1 = 15 -> 16
       Original: BGEU x15, x10, 40
       Mutated:  BGEU x16, x10, 40
       zkVM errors (3 lines):
         • [prover_impl.rs:280] verify segment (internal proof verification failed)
         • [ffi.cpp:113] address mismatch at cycle 17276: preflight=0x3fffc02f, actual=0x3fffc030
         • [kernels/cxx/ffi.cpp:208] SKIP THROW: memory peek not in preflight
       Global: memory permutation violated [GLOBAL-ONLY]
         x15/a5: unexpected write 0x00000001 (cycle 34550)
         x16/a6: expected write missing, needed 0x00000001 (cycle 34550)
         0x00206168 (code): wrote 0x02a7f463, expected 0x02a87463 (cycle 34384)
  [354] ✓ INSTR_WORD_MOD_SUR @ step 513: 0 failures, 2971ms, outcome: REJECTED, exit: 101 [proof:GENERATED] G=memory[GO]
       r=0.255  T_new=0.00 F_new=0.78 F_rare=1.00 U=0 Q=0.61 Q_l=1.00 Q_g=0.61 dl=0 dg=3
       Value: 0x01255863 -> 0x0120D863
       Surgical: rs1 = 10 -> 1
       Original: BGE x10, x18, 16
       Mutated:  BGE x1, x18, 16
       zkVM errors (3 lines):
         • [prover_impl.rs:280] verify segment (internal proof verification failed)
         • [ffi.cpp:113] address mismatch at cycle 17110: preflight=0x3fffc00a, actual=0x3fffc001
         • [kernels/cxx/ffi.cpp:208] SKIP THROW: memory peek not in preflight
       Global: memory permutation violated [GLOBAL-ONLY]
         0xC0000074 (data): wrote 0x01255863, expected 0x0120d863 (cycle 34052)
         0xFFFF0004 (data): expected write missing, needed 0x00000002 (cycle 34219)
         0xFFFF0028 (data): unexpected write 0x00000002 (cycle 34219)
  [355] ✓ INSTR_WORD_MOD_SUR @ step 3815: 1 failures, 2917ms, outcome: REJECTED, exit: 101 [proof:GENERATED] G=memory
       r=0.145  T_new=0.00 F_new=0.39 F_rare=0.61 U=0 Q=0.61 Q_l=0.72 Q_g=0.85 dl=1 dg=1
       Value: 0x00040513 -> 0x00046513
       Surgical: funct3 = 0 -> 6
       Original: ADDI x10, x8, 0
       Mutated:  ORI x10, x8, 0
       zkVM errors (1 lines):
         • [prover_impl.rs:280] verify segment (internal proof verification failed)
       Local constraints hit (1 unique):
         - VerifyOpcodeF3@inst.zir:97
           cycle=20765, step=3815, pc=0x0020581C, major=0, minor=7
       Global: memory permutation violated
         0x00205818 (code): wrote 0x00040513, expected 0x00046513 (cycle 39930)
  [356] ✓ LOAD_VAL_MOD @ step 2715: 2 failures, 2963ms, outcome: REJECTED, exit: 101 [proof:GENERATED] G=memory
       r=0.104  T_new=0.00 F_new=0.39 F_rare=0.61 U=0 Q=0.43 Q_l=0.51 Q_g=0.85 dl=2 dg=1
       Value: 0x00000000 -> 0x2E061496
       Load destination: rd = x10 (a0)
       zkVM errors (1 lines):
         • [prover_impl.rs:280] verify segment (internal proof verification failed)
       Local constraints hit (2 unique):
         - MemoryWrite@mem.zir:100
           cycle=19443, step=2715, pc=0x00201678, major=5, minor=2
         - MemoryWrite@mem.zir:99
           cycle=19443, step=2715, pc=0x00201678, major=5, minor=2
       Global: memory permutation violated
         x10/a0: wrote 0x2e061496, expected 0x00000000 (cycle 38887)
  [357] ✓ INSTR_WORD_MOD_SUR @ step 2786: 1 failures, 2975ms, outcome: REJECTED, exit: 101 [proof:GENERATED] G=memory
       r=0.155  T_new=0.00 F_new=0.39 F_rare=0.68 U=0 Q=0.61 Q_l=0.72 Q_g=0.85 dl=1 dg=1
       Value: 0x00A12C23 -> 0x00A12C77
       Surgical: opcode = 35 -> 119
       Original: SW x10, 24(x2)
       Mutated:  UNKNOWN 0x00a12c77
       zkVM errors (1 lines):
         • [prover_impl.rs:280] verify segment (internal proof verification failed)
       Local constraints hit (1 unique):
         - VerifyOpcodeF3@inst.zir:96
           cycle=19514, step=2786, pc=0x00203840, major=6, minor=2
       Global: memory permutation violated
         0x0020383C (code): wrote 0x00a12c23, expected 0x00a12c77 (cycle 11266)
  [358] ✓ STORE_OUT_MOD @ step 3233: 2 failures, 2991ms, outcome: REJECTED, exit: 101 [proof:GENERATED] G=memory
       r=0.104  T_new=0.00 F_new=0.39 F_rare=0.61 U=0 Q=0.43 Q_l=0.51 Q_g=0.85 dl=2 dg=1
       Value: 0x002215CE -> 0x67917FA3
       Store address: 0x002213fc
       zkVM errors (1 lines):
         • [prover_impl.rs:280] verify segment (internal proof verification failed)
       Local constraints hit (2 unique):
         - MemoryWrite@mem.zir:100
           cycle=20035, step=3233, pc=0x00205E38, major=6, minor=2
         - MemoryWrite@mem.zir:99
           cycle=20035, step=3233, pc=0x00205E38, major=6, minor=2
       Global: memory permutation violated
         0x002213FC (code): wrote 0x67917fa3, expected 0x002215ce (cycle 40071)
  [359] ✓ INSTR_WORD_MOD_SUR @ step 1745: 0 failures, 2935ms, outcome: REJECTED, exit: 101 [proof:GENERATED] G=memory[GO]
       r=0.255  T_new=0.00 F_new=0.78 F_rare=1.00 U=0 Q=0.61 Q_l=1.00 Q_g=0.61 dl=0 dg=3
       Value: 0x00E69E63 -> 0x01169E63
       Surgical: rs2 = 14 -> 17
       Original: BNE x13, x14, 28
       Mutated:  BNE x13, x17, 28
       zkVM errors (3 lines):
         • [prover_impl.rs:280] verify segment (internal proof verification failed)
         • [ffi.cpp:113] address mismatch at cycle 18389: preflight=0x3fffc02e, actual=0x3fffc031
         • [kernels/cxx/ffi.cpp:208] SKIP THROW: memory peek not in preflight
       Global: memory permutation violated [GLOBAL-ONLY]
         x14/a4: unexpected write 0x00000049 (cycle 36777)
         x17/a7: expected write missing, needed 0x00000049 (cycle 36777)
         0x002184C4 (code): wrote 0x00e69e63, expected 0x01169e63 (cycle 36764)
  [360] ✓ INSTR_WORD_MOD_SUR @ step 707: 0 failures, 2941ms, outcome: REJECTED, exit: 101 [proof:GENERATED] G=memory[GO]
       r=0.255  T_new=0.00 F_new=0.78 F_rare=1.00 U=0 Q=0.61 Q_l=1.00 Q_g=0.61 dl=0 dg=3
       Value: 0x33451E63 -> 0x33951E63
       Surgical: rs2 = 20 -> 25
       Original: BNE x10, x20, 828
       Mutated:  BNE x10, x25, 828
       zkVM errors (3 lines):
         • [prover_impl.rs:280] verify segment (internal proof verification failed)
         • [ffi.cpp:113] address mismatch at cycle 17322: preflight=0x3fffc034, actual=0x3fffc039
         • [kernels/cxx/ffi.cpp:208] SKIP THROW: memory peek not in preflight
       Global: memory permutation violated [GLOBAL-ONLY]
         x20/s4: unexpected write 0x80000007 (cycle 34480)
         x25/s9: expected write missing, needed 0x80000007 (cycle 34480)
         0x0020097C (code): wrote 0x33451e63, expected 0x33951e63 (cycle 5026)
  [361] ✓ INSTR_WORD_MOD_SUR @ step 3898: 1 failures, 2937ms, outcome: REJECTED, exit: 101 [proof:GENERATED] G=memory
       r=0.165  T_new=0.00 F_new=0.39 F_rare=0.75 U=0 Q=0.61 Q_l=0.72 Q_g=0.85 dl=1 dg=1
       Value: 0x00A485B3 -> 0xCEA485B3
       Surgical: funct7 = 0 -> 103
       Original: ADD x11, x9, x10
       Mutated:  ADD x11, x9, x10
       zkVM errors (1 lines):
         • [prover_impl.rs:280] verify segment (internal proof verification failed)
       Local constraints hit (1 unique):
         - VerifyOpcodeF3F7@inst.zir:104
           cycle=20848, step=3898, pc=0xC0000080, major=0, minor=0
       Global: memory permutation violated
         0xC000007C (data): wrote 0x00a485b3, expected 0xcea485b3 (cycle 41318)
  [362] ✓ INSTR_WORD_MOD_SUR @ step 1749: 1 failures, 2956ms, outcome: REJECTED, exit: 101 [proof:GENERATED] G=memory
       r=0.165  T_new=0.00 F_new=0.39 F_rare=0.75 U=0 Q=0.61 Q_l=0.72 Q_g=0.85 dl=1 dg=1
       Value: 0xFE0614E3 -> 0xFE0664E3
       Surgical: funct3 = 1 -> 6
       Original: BNE x12, x0, -24
       Mutated:  BLTU x12, x0, -24
       zkVM errors (1 lines):
         • [prover_impl.rs:280] verify segment (internal proof verification failed)
       Local constraints hit (1 unique):
         - VerifyOpcodeF3@inst.zir:97
           cycle=18393, step=1749, pc=0x002184BC, major=1, minor=6
       Global: memory permutation violated
         0x002184D4 (code): wrote 0xfe0614e3, expected 0xfe0664e3 (cycle 36772)
  [363] ✓ INSTR_TYPE_MOD @ step 320: 4 failures, 2996ms, outcome: REJECTED, exit: 101 [proof:GENERATED] G=memory|cycle
       r=0.048  T_new=0.00 F_new=0.78 F_rare=1.00 U=0 Q=0.11 Q_l=0.26 Q_g=0.43 dl=4 dg=5
       Value: 0x00060002 -> 0x00000002
       Original: Sw [major=6, minor=2]
       Mutated:  Xor [major=0, minor=2]
       zkVM errors (3 lines):
         • [prover_impl.rs:280] verify segment (internal proof verification failed)
         • [ffi.cpp:113] address mismatch at cycle 16905: preflight=0x000800db, actual=0x3fffc02c
         • [kernels/cxx/ffi.cpp:208] SKIP THROW: memory peek not in preflight
       Local constraints hit (4 unique):
         - MemoryWrite@mem.zir:100
           cycle=16905, step=320, pc=0x00200878, major=0, minor=2
         - MemoryWrite@mem.zir:99
           cycle=16905, step=320, pc=0x00200878, major=0, minor=2
         - VerifyOpcodeF3F7@inst.zir:102
           cycle=16905, step=320, pc=0x00200878, major=0, minor=2
         - VerifyOpcodeF3F7@inst.zir:103
           cycle=16905, step=320, pc=0x00200878, major=0, minor=2
       Global: memory permutation violated
         0x0020036C (data): unexpected write 0x00000000 (cycle 33804)
         x12/a2: expected write missing, needed 0x00000000 (cycle 33804)
       Global: cycle lookup violated (3 indices broken)
         index 0: 2254 provides, 1 uses (imbalanced)
         index 5: 348 provides, 1 uses (imbalanced)
         index 6: 415 provides, 1 uses (imbalanced)
  [364] ✓ COMP_OUT_MOD @ step 2599: 2 failures, 2939ms, outcome: REJECTED, exit: 101 [proof:GENERATED] G=memory
       r=0.183  T_new=0.00 F_new=0.78 F_rare=1.00 U=0 Q=0.43 Q_l=0.51 Q_g=0.85 dl=2 dg=1
       Value: 0x30A10A85 -> 0xB1A04895
       Destination: rd = x11 (a1)
       zkVM errors (1 lines):
         • [prover_impl.rs:280] verify segment (internal proof verification failed)
       Local constraints hit (2 unique):
         - MemoryWrite@mem.zir:100
           cycle=19327, step=2599, pc=0x00201588, major=0, minor=3
         - MemoryWrite@mem.zir:99
           cycle=19327, step=2599, pc=0x00201588, major=0, minor=3
       Global: memory permutation violated
         x11/a1: wrote 0xb1a04895, expected 0x30a10a85 (cycle 38655)
  [365] ✓ INSTR_WORD_MOD_SUR @ step 3825: 1 failures, 2978ms, outcome: REJECTED, exit: 101 [proof:GENERATED] G=memory
       r=0.161  T_new=0.00 F_new=0.39 F_rare=0.72 U=0 Q=0.61 Q_l=0.72 Q_g=0.85 dl=1 dg=1
       Value: 0x01812C03 -> 0x01814C03
       Surgical: funct3 = 2 -> 4
       Original: LW x24, 24(x2)
       Mutated:  LBU x24, 24(x2)
       zkVM errors (1 lines):
         • [prover_impl.rs:280] verify segment (internal proof verification failed)
       Local constraints hit (1 unique):
         - VerifyOpcodeF3@inst.zir:97
           cycle=20775, step=3825, pc=0x00205844, major=5, minor=2
       Global: memory permutation violated
         0x00205840 (code): wrote 0x01812c03, expected 0x01814c03 (cycle 39950)
  [366] ✓ COMP_OUT_MOD @ step 118: 2 failures, 3059ms, outcome: REJECTED, exit: 101 [proof:GENERATED] G=memory
       r=0.122  T_new=0.00 F_new=0.39 F_rare=0.79 U=0 Q=0.43 Q_l=0.51 Q_g=0.85 dl=2 dg=1
       Value: 0x67E61000 -> 0xF9A1AD6B
       Destination: rd = x10 (a0)
       zkVM errors (1 lines):
         • [prover_impl.rs:280] verify segment (internal proof verification failed)
       Local constraints hit (2 unique):
         - MemoryWrite@mem.zir:100
           cycle=16691, step=118, pc=0x00201098, major=2, minor=5
         - MemoryWrite@mem.zir:99
           cycle=16691, step=118, pc=0x00201098, major=2, minor=5
       Global: memory permutation violated
         x10/a0: wrote 0xf9a1ad6b, expected 0x67e61000 (cycle 33383)
  [367] ✓ INSTR_WORD_MOD_SUR @ step 3362: 0 failures, 2959ms, outcome: REJECTED, exit: 101 [proof:GENERATED] G=memory[GO]
       r=0.255  T_new=0.00 F_new=0.78 F_rare=1.00 U=0 Q=0.61 Q_l=1.00 Q_g=0.61 dl=0 dg=3
       Value: 0x02059663 -> 0x02029663
       Surgical: rs1 = 11 -> 5
       Original: BNE x11, x0, 44
       Mutated:  BNE x5, x0, 44
       zkVM errors (3 lines):
         • [prover_impl.rs:280] verify segment (internal proof verification failed)
         • [ffi.cpp:113] address mismatch at cycle 20164: preflight=0x3fffc02b, actual=0x3fffc025
         • [kernels/cxx/ffi.cpp:208] SKIP THROW: memory peek not in preflight
       Global: memory permutation violated [GLOBAL-ONLY]
         x5/t0: expected write missing, needed 0x00000000 (cycle 40327)
         x11/a1: unexpected write 0x00000000 (cycle 40327)
         0x002035DC (code): wrote 0x02059663, expected 0x02029663 (cycle 40200)
  [368] ✓ INSTR_WORD_MOD_SUR @ step 110: 0 failures, 2916ms, outcome: REJECTED, exit: 101 [proof:GENERATED] G=memory[GO]
       r=0.255  T_new=0.00 F_new=0.78 F_rare=1.00 U=0 Q=0.61 Q_l=1.00 Q_g=0.61 dl=0 dg=3
       Value: 0xFCC76CE3 -> 0xFD276CE3
       Surgical: rs2 = 12 -> 18
       Original: BLTU x14, x12, -40
       Mutated:  BLTU x14, x18, -40
       zkVM errors (3 lines):
         • [prover_impl.rs:280] verify segment (internal proof verification failed)
         • [ffi.cpp:113] address mismatch at cycle 16683: preflight=0x3fffc02c, actual=0x3fffc032
         • [kernels/cxx/ffi.cpp:208] SKIP THROW: memory peek not in preflight
       Global: memory permutation violated [GLOBAL-ONLY]
         x12/a2: unexpected write 0x0000000c (cycle 33363)
         x18/s2: expected write missing, needed 0x0000000c (cycle 33363)
         0x002032EC (code): wrote 0xfcc76ce3, expected 0xfd276ce3 (cycle 10418)
  [369] ✓ INSTR_WORD_MOD_SUR @ step 2289: 2 failures, 2920ms, outcome: REJECTED, exit: 101 [proof:GENERATED] G=memory
       r=0.131  T_new=0.00 F_new=0.78 F_rare=1.00 U=0 Q=0.31 Q_l=0.51 Q_g=0.61 dl=2 dg=3
       Value: 0x00F6A223 -> 0x3CF6A5A3
       Surgical: imm = 4 -> 971
       Original: SW x15, 4(x13)
       Mutated:  SW x15, 971(x13)
       zkVM errors (3 lines):
         • [prover_impl.rs:280] verify segment (internal proof verification failed)
         • [ffi.cpp:113] address mismatch at cycle 18943: preflight=0x000800d1, actual=0x000801c2
         • [kernels/cxx/ffi.cpp:208] SKIP THROW: memory peek not in preflight
       Local constraints hit (2 unique):
         - OpSW@inst_mem.zir:160
           cycle=18943, step=2289, pc=0x00203460, major=6, minor=2
         - OpSW@inst_mem.zir:161
           cycle=18943, step=2289, pc=0x00203460, major=6, minor=2
       Global: memory permutation violated
         0x00200344 (data): unexpected write 0x00000000 (cycle 4682)
         0x00200708 (data): expected write missing, needed 0x00000000 (cycle 4682)
         0x0020345C (code): wrote 0x00f6a223, expected 0x3cf6a5a3 (cycle 10642)
  [370] ✓ INSTR_WORD_MOD_FULL @ step 3230: 4 failures, 2937ms, outcome: REJECTED, exit: 101 [proof:GENERATED] G=memory
       r=0.045  T_new=0.00 F_new=0.95 F_rare=1.00 U=0 Q=0.10 Q_l=0.26 Q_g=0.37 dl=4 dg=6
       Value: 0x00160613 -> 0xDFE9FDE7
       Original: ADDI x12, x12, 1
       Mutated:  JALR x27, x19, -514
       zkVM errors (3 lines):
         • [prover_impl.rs:280] verify segment (internal proof verification failed)
         • [ffi.cpp:113] address mismatch at cycle 20032: preflight=0x3fffc02c, actual=0x3fffc033
         • [kernels/cxx/ffi.cpp:208] SKIP THROW: memory peek not in preflight
       Local constraints hit (4 unique):
         - MemoryWrite@mem.zir:100
           cycle=20032, step=3230, pc=0x00205E2C, major=0, minor=7
         - MemoryWrite@mem.zir:99
           cycle=20032, step=3230, pc=0x00205E2C, major=0, minor=7
         - VerifyOpcodeF3@inst.zir:96
           cycle=20032, step=3230, pc=0x00205E2C, major=0, minor=7
         - VerifyOpcodeF3@inst.zir:97
           cycle=20032, step=3230, pc=0x00205E2C, major=0, minor=7
       Global: memory permutation violated
         x1/ra: unexpected write 0x00204bb4 (cycle 40048)
         x12/a2: unexpected write 0xc0000000 (cycle 40063)
         x19/s3: expected write missing, needed 0xc0000000 (cycle 40063)
         x27/s11: expected write missing, needed 0xc0000000 (cycle 40064)
         x30/t5: expected write missing, needed 0x00204bb4 (cycle 40048)
         0x00205E28 (code): wrote 0x00160613, expected 0xdfe9fde7 (cycle 39442)
  [371] ✓ INSTR_WORD_MOD_SUR @ step 3465: 0 failures, 2935ms, outcome: REJECTED, exit: 101 [proof:GENERATED] G=memory[GO]
       r=0.255  T_new=0.00 F_new=0.78 F_rare=1.00 U=0 Q=0.61 Q_l=1.00 Q_g=0.61 dl=0 dg=3
       Value: 0x00B635B3 -> 0x00B63333
       Surgical: rd = 11 -> 6
       Original: SLTU x11, x12, x11
       Mutated:  SLTU x6, x12, x11
       zkVM errors (3 lines):
         • [prover_impl.rs:280] verify segment (internal proof verification failed)
         • [ffi.cpp:113] address mismatch at cycle 20267: preflight=0x3fffc02b, actual=0x3fffc026
         • [kernels/cxx/ffi.cpp:208] SKIP THROW: memory peek not in preflight
       Global: memory permutation violated [GLOBAL-ONLY]
         x6/t1: expected write missing, needed 0x00000007 (cycle 40534)
         x11/a1: unexpected write 0x00000007 (cycle 40534)
         0x0021815C (code): wrote 0x00b635b3, expected 0x00b63333 (cycle 39228)
  [372] ✓ INSTR_WORD_MOD_SUR @ step 153: 0 failures, 2954ms, outcome: REJECTED, exit: 101 [proof:GENERATED] G=memory[GO]
       r=0.255  T_new=0.00 F_new=0.78 F_rare=1.00 U=0 Q=0.61 Q_l=1.00 Q_g=0.61 dl=0 dg=3
       Value: 0x00030067 -> 0x000A0067
       Surgical: rs1 = 6 -> 20
       Original: JALR x0, x6, 0
       Mutated:  JALR x0, x20, 0
       zkVM errors (3 lines):
         • [prover_impl.rs:280] verify segment (internal proof verification failed)
         • [ffi.cpp:113] address mismatch at cycle 16726: preflight=0x3fffc026, actual=0x3fffc034
         • [kernels/cxx/ffi.cpp:208] SKIP THROW: memory peek not in preflight
       Global: memory permutation violated [GLOBAL-ONLY]
         x6/t1: unexpected write 0x0020611c (cycle 33451)
         x20/s4: expected write missing, needed 0x0020611c (cycle 33451)
         0x00201120 (code): wrote 0x00030067, expected 0x000a0067 (cycle 6274)
  [373] ✓ INSTR_WORD_MOD_SUR @ step 2885: 1 failures, 2980ms, outcome: REJECTED, exit: 101 [proof:GENERATED] G=memory
       r=0.171  T_new=0.00 F_new=0.39 F_rare=0.79 U=0 Q=0.61 Q_l=0.72 Q_g=0.85 dl=1 dg=1
       Value: 0x00C5C5B3 -> 0x00C5C597
       Surgical: opcode = 51 -> 23
       Original: XOR x11, x11, x12
       Mutated:  AUIPC x11, 0xc5c000
       zkVM errors (1 lines):
         • [prover_impl.rs:280] verify segment (internal proof verification failed)
       Local constraints hit (1 unique):
         - VerifyOpcodeF3F7@inst.zir:102
           cycle=19613, step=2885, pc=0x0021815C, major=0, minor=2
       Global: memory permutation violated
         0x00218158 (code): wrote 0x00c5c5b3, expected 0x00c5c597 (cycle 38176)
  [374] ✓ INSTR_WORD_MOD_SUR @ step 1683: 1 failures, 2933ms, outcome: REJECTED, exit: 101 [proof:GENERATED] G=memory
       r=0.161  T_new=0.00 F_new=0.39 F_rare=0.72 U=0 Q=0.61 Q_l=0.72 Q_g=0.85 dl=1 dg=1
       Value: 0x00112E23 -> 0x00114E23
       Surgical: funct3 = 2 -> 4
       Original: SW x1, 28(x2)
       Mutated:  STORE.4 x1, 28(x2)
       zkVM errors (1 lines):
         • [prover_impl.rs:280] verify segment (internal proof verification failed)
       Local constraints hit (1 unique):
         - VerifyOpcodeF3@inst.zir:97
           cycle=18327, step=1683, pc=0x00205F60, major=6, minor=2
       Global: memory permutation violated
         0x00205F5C (code): wrote 0x00112e23, expected 0x00114e23 (cycle 17562)
  [375] ✓ INSTR_WORD_MOD_SUR @ step 3672: 0 failures, 2922ms, outcome: REJECTED, exit: 101 [proof:GENERATED] G=memory[GO]
       r=0.255  T_new=0.00 F_new=0.78 F_rare=1.00 U=0 Q=0.61 Q_l=1.00 Q_g=0.61 dl=0 dg=3
       Value: 0x01070713 -> 0x01070F93
       Surgical: rd = 14 -> 31
       Original: ADDI x14, x14, 16
       Mutated:  ADDI x31, x14, 16
       zkVM errors (3 lines):
         • [prover_impl.rs:280] verify segment (internal proof verification failed)
         • [ffi.cpp:113] address mismatch at cycle 20548: preflight=0x3fffc02e, actual=0x3fffc03f
         • [kernels/cxx/ffi.cpp:208] SKIP THROW: memory peek not in preflight
       Global: memory permutation violated [GLOBAL-ONLY]
         x14/a4: unexpected write 0x002215bc (cycle 41096)
         x31/t6: expected write missing, needed 0x002215bc (cycle 41096)
         0x00203438 (code): wrote 0x01070713, expected 0x01070f93 (cycle 41072)
  [376] ✓ INSTR_WORD_MOD_SUR @ step 3331: 0 failures, 2925ms, outcome: REJECTED, exit: 101 [proof:GENERATED] G=memory[GO]
       r=0.255  T_new=0.00 F_new=0.78 F_rare=1.00 U=0 Q=0.61 Q_l=1.00 Q_g=0.61 dl=0 dg=3
       Value: 0x00072783 -> 0x00072583
       Surgical: rd = 15 -> 11
       Original: LW x15, 0(x14)
       Mutated:  LW x11, 0(x14)
       zkVM errors (3 lines):
         • [prover_impl.rs:280] verify segment (internal proof verification failed)
         • [ffi.cpp:113] address mismatch at cycle 20133: preflight=0x3fffc02f, actual=0x3fffc02b
         • [kernels/cxx/ffi.cpp:208] SKIP THROW: memory peek not in preflight
       Global: memory permutation violated [GLOBAL-ONLY]
         x11/a1: expected write missing, needed 0x56f55f08 (cycle 40264)
         x15/a5: unexpected write 0x56f55f08 (cycle 40264)
         0x00203418 (code): wrote 0x00072783, expected 0x00072583 (cycle 40162)
  [377] ✓ INSTR_WORD_MOD_SUR @ step 3929: 1 failures, 3035ms, outcome: REJECTED, exit: 101 [proof:GENERATED] G=memory
       r=0.155  T_new=0.00 F_new=0.39 F_rare=0.68 U=0 Q=0.61 Q_l=0.72 Q_g=0.85 dl=1 dg=1
       Value: 0x00000073 -> 0x000D0073
       Surgical: rs1 = 0 -> 26
       Original: ECALL x0, x0, 0
       Mutated:  ECALL x0, x26, 0
       zkVM errors (1 lines):
         • [prover_impl.rs:280] verify segment (internal proof verification failed)
       Local constraints hit (1 unique):
         - MachineECall@inst_ecall.zir:28
           cycle=20879, step=3929, pc=0xC00000F8, major=8, minor=0
       Global: memory permutation violated
         0xC00000F8 (data): wrote 0x00000073, expected 0x000d0073 (cycle 30062)
  [378] ✓ INSTR_WORD_MOD_SUR @ step 3556: 1 failures, 2941ms, outcome: REJECTED, exit: 101 [proof:GENERATED] G=memory
       r=0.183  T_new=0.00 F_new=0.78 F_rare=1.00 U=0 Q=0.43 Q_l=0.72 Q_g=0.61 dl=1 dg=3
       Value: 0x00080513 -> 0x28280513
       Surgical: imm = 0 -> 642
       Original: ADDI x10, x16, 0
       Mutated:  ADDI x10, x16, 642
       zkVM errors (3 lines):
         • [prover_impl.rs:280] verify segment (internal proof verification failed)
         • [ffi.cpp:113] address mismatch at cycle 20358: preflight=0x3fffc000, actual=0x3fffc002
         • [kernels/cxx/ffi.cpp:208] SKIP THROW: memory peek not in preflight
       Local constraints hit (1 unique):
         - MemoryWrite@mem.zir:99
           cycle=20358, step=3556, pc=0xC0000550, major=0, minor=7
       Global: memory permutation violated
         0xC000054C (data): wrote 0x00080513, expected 0x28280513 (cycle 39760)
         0xFFFF0000 (data): unexpected write 0x00000000 (cycle 40714)
         0xFFFF0008 (data): expected write missing, needed 0x00000000 (cycle 40714)
  [379] ✓ PRE_EXEC_REG_MOD @ step 3623: 1 failures, 2938ms, outcome: REJECTED, exit: 101 [proof:GENERATED] G=memory
       r=0.180  T_new=0.00 F_new=0.39 F_rare=0.85 U=0 Q=0.61 Q_l=0.72 Q_g=0.85 dl=1 dg=1
       Value: 0x00000000 -> 0x00000001
       Register: x0 (zero), READ, strategy=next_read
       zkVM errors (1 lines):
         • [prover_impl.rs:280] verify segment (internal proof verification failed)
       Local constraints hit (1 unique):
         - IsRead@mem.zir:79
           cycle=20499, step=3623, pc=0x00205E28, major=2, minor=5
       Global: memory permutation violated
         x0/zero: wrote 0x00000001, expected 0x00000000 (cycle 40998)
  [380] ✓ PRE_EXEC_REG_MOD @ step 3700: 4 failures, 2919ms, outcome: REJECTED, exit: 101 [proof:GENERATED] G=memory
       r=0.024  T_new=0.00 F_new=0.99 F_rare=1.00 U=0 Q=0.05 Q_l=0.26 Q_g=0.19 dl=4 dg=10
       Value: 0x00203774 -> 0x2E203300
       Register: x1 (ra), READ, strategy=next_read
       zkVM errors (3 lines):
         • [prover_impl.rs:280] verify segment (internal proof verification failed)
         • [ffi.cpp:113] address mismatch at cycle 20577: preflight=0x00080c7f, actual=0x0b880b62
         • [kernels/cxx/buffers.h:43] SKIP THROW: Inconsistent set
       Local constraints hit (4 unique):
         - IsRead@mem.zir:79
           cycle=20576, step=3700, pc=0x002031FC, major=2, minor=4
         - IsRead@mem.zir:80
           cycle=20576, step=3700, pc=0x002031FC, major=2, minor=4
         - MemoryWrite@mem.zir:100
           cycle=20625, step=3749, pc=0x0020577C, major=2, minor=4
         - MemoryWrite@mem.zir:99
           cycle=20625, step=3749, pc=0x0020577C, major=2, minor=4
       Global: memory permutation violated (99 addrs: 1 register, 49 code, 49 data)
         0x2E202D88 (data): expected write missing, needed 0x0e060a63 (cycle 39554)
         0x2E202D8C (data): expected write missing, needed 0x00b50023 (cycle 39556)
         0x2E202D90 (data): expected write missing, needed 0x00a606b3 (cycle 39558)
         + 49 code addresses diverged (instruction fetch cascade)
         + 47 more addresses
  [381] ✓ INSTR_WORD_MOD_SUR @ step 2941: 1 failures, 3006ms, outcome: REJECTED, exit: 101 [proof:GENERATED] G=memory
       r=0.145  T_new=0.00 F_new=0.39 F_rare=0.61 U=0 Q=0.61 Q_l=0.72 Q_g=0.85 dl=1 dg=1
       Value: 0xFC010113 -> 0xFC013113
       Surgical: funct3 = 0 -> 3
       Original: ADDI x2, x2, -64
       Mutated:  SLTIU x2, x2, -64
       zkVM errors (1 lines):
         • [prover_impl.rs:280] verify segment (internal proof verification failed)
       Local constraints hit (1 unique):
         - VerifyOpcodeF3@inst.zir:97
           cycle=19669, step=2941, pc=0x00205614, major=0, minor=7
       Global: memory permutation violated
         0x00205610 (code): wrote 0xfc010113, expected 0xfc013113 (cycle 16074)
  [382] ✓ INSTR_WORD_MOD_SUR @ step 1656: 0 failures, 2944ms, outcome: REJECTED, exit: 101 [proof:GENERATED] G=memory[GO]
       r=0.255  T_new=0.00 F_new=0.78 F_rare=1.00 U=0 Q=0.61 Q_l=1.00 Q_g=0.61 dl=0 dg=3
       Value: 0x18059463 -> 0x18081463
       Surgical: rs1 = 11 -> 16
       Original: BNE x11, x0, 392
       Mutated:  BNE x16, x0, 392
       zkVM errors (3 lines):
         • [prover_impl.rs:280] verify segment (internal proof verification failed)
         • [ffi.cpp:113] address mismatch at cycle 18300: preflight=0x3fffc02b, actual=0x3fffc030
         • [kernels/cxx/ffi.cpp:208] SKIP THROW: memory peek not in preflight
       Global: memory permutation violated [GLOBAL-ONLY]
         x11/a1: unexpected write 0x00000000 (cycle 36598)
         x16/a6: expected write missing, needed 0x00000000 (cycle 36598)
         0x0020AF20 (code): wrote 0x18059463, expected 0x18081463 (cycle 22694)
  [383] ✓ INSTR_WORD_MOD_SUR @ step 1954: 1 failures, 2924ms, outcome: REJECTED, exit: 101 [proof:GENERATED] G=memory
       r=0.146  T_new=0.00 F_new=0.39 F_rare=0.61 U=0 Q=0.61 Q_l=0.72 Q_g=0.85 dl=1 dg=1
       Value: 0xFFF60613 -> 0xFFF60623
       Surgical: opcode = 19 -> 35
       Original: ADDI x12, x12, -1
       Mutated:  SB x31, -20(x12)
       zkVM errors (1 lines):
         • [prover_impl.rs:280] verify segment (internal proof verification failed)
       Local constraints hit (1 unique):
         - VerifyOpcodeF3@inst.zir:96
           cycle=18603, step=1954, pc=0x002184D0, major=0, minor=7
       Global: memory permutation violated
         0x002184CC (code): wrote 0xfff60613, expected 0xfff60623 (cycle 37192)
  [384] ✓ INSTR_WORD_MOD_SUR @ step 800: 0 failures, 2927ms, outcome: REJECTED, exit: 101 [proof:GENERATED] G=memory[GO]
       r=0.255  T_new=0.00 F_new=0.78 F_rare=1.00 U=0 Q=0.61 Q_l=1.00 Q_g=0.61 dl=0 dg=3
       Value: 0x00068493 -> 0x00068E13
       Surgical: rd = 9 -> 28
       Original: ADDI x9, x13, 0
       Mutated:  ADDI x28, x13, 0
       zkVM errors (3 lines):
         • [prover_impl.rs:280] verify segment (internal proof verification failed)
         • [ffi.cpp:113] address mismatch at cycle 17421: preflight=0x3fffc029, actual=0x3fffc03c
         • [kernels/cxx/ffi.cpp:208] SKIP THROW: memory peek not in preflight
       Global: memory permutation violated [GLOBAL-ONLY]
         x9/s1: unexpected write 0x00000000 (cycle 34840)
         x28/t3: expected write missing, needed 0x00000000 (cycle 34840)
         0x00203198 (code): wrote 0x00068493, expected 0x00068e13 (cycle 34674)
  [385] ✓ INSTR_WORD_MOD_SUR @ step 167: 1 failures, 2960ms, outcome: REJECTED, exit: 101 [proof:GENERATED] G=memory
       r=0.183  T_new=0.00 F_new=0.78 F_rare=1.00 U=0 Q=0.43 Q_l=0.72 Q_g=0.61 dl=1 dg=3
       Value: 0x02C22603 -> 0x66A22603
       Surgical: imm = 44 -> 1642
       Original: LW x12, 44(x4)
       Mutated:  LW x12, 1642(x4)
       zkVM errors (3 lines):
         • [prover_impl.rs:280] verify segment (internal proof verification failed)
         • [ffi.cpp:113] address mismatch at cycle 16740: preflight=0x3fffc02b, actual=0x3fffc1ba
         • [kernels/cxx/ffi.cpp:208] SKIP THROW: memory peek not in preflight
       Local constraints hit (1 unique):
         - OpLW@inst_mem.zir:109
           cycle=16740, step=167, pc=0xC0000144, major=5, minor=2
       Global: memory permutation violated
         0xC0000140 (data): wrote 0x02c22603, expected 0x66a22603 (cycle 30122)
         x11/a1: unexpected write 0x00000004 (cycle 33435)
         0xFFFF06E8 (data): expected write missing, needed 0x00000004 (cycle 33435)
  [386] ✓ INSTR_WORD_MOD_SUR @ step 1633: 1 failures, 2942ms, outcome: REJECTED, exit: 101 [proof:GENERATED] G=memory
       r=0.158  T_new=0.00 F_new=0.39 F_rare=0.70 U=0 Q=0.61 Q_l=0.72 Q_g=0.85 dl=1 dg=1
       Value: 0x02912223 -> 0x02913223
       Surgical: funct3 = 2 -> 3
       Original: SW x9, 36(x2)
       Mutated:  STORE.3 x9, 36(x2)
       zkVM errors (1 lines):
         • [prover_impl.rs:280] verify segment (internal proof verification failed)
       Local constraints hit (1 unique):
         - VerifyOpcodeF3@inst.zir:97
           cycle=18277, step=1633, pc=0x002024C0, major=6, minor=2
       Global: memory permutation violated
         0x002024BC (code): wrote 0x02912223, expected 0x02913223 (cycle 8126)
  [387] ✓ LOAD_VAL_MOD @ step 2239: 1 failures, 2961ms, outcome: REJECTED, exit: 101 [proof:GENERATED] G=memory
       r=0.144  T_new=0.00 F_new=0.39 F_rare=0.60 U=0 Q=0.61 Q_l=0.72 Q_g=0.85 dl=1 dg=1
       Value: 0x00000000 -> 0x00000100
       Load destination: rd = x5 (t0)
       zkVM errors (1 lines):
         • [prover_impl.rs:280] verify segment (internal proof verification failed)
       Local constraints hit (1 unique):
         - MemoryWrite@mem.zir:99
           cycle=18893, step=2239, pc=0x00203428, major=5, minor=2
       Global: memory permutation violated
         x5/t0: wrote 0x00000100, expected 0x00000000 (cycle 37787)
  [388] ✓ COMP_OUT_MOD @ step 3499: 2 failures, 2940ms, outcome: REJECTED, exit: 101 [proof:GENERATED] G=memory
       r=0.103  T_new=0.00 F_new=0.39 F_rare=0.60 U=0 Q=0.43 Q_l=0.51 Q_g=0.85 dl=2 dg=1
       Value: 0x002215D0 -> 0x00000001
       Destination: rd = x8 (s0/fp)
       zkVM errors (1 lines):
         • [prover_impl.rs:280] verify segment (internal proof verification failed)
       Local constraints hit (2 unique):
         - MemoryWrite@mem.zir:100
           cycle=20301, step=3499, pc=0x002053A4, major=0, minor=7
         - MemoryWrite@mem.zir:99
           cycle=20301, step=3499, pc=0x002053A4, major=0, minor=7
       Global: memory permutation violated
         x8/s0: wrote 0x00000001, expected 0x002215d0 (cycle 40603)
  [389] ✓ STORE_OUT_MOD @ step 3919: 2 failures, 2958ms, outcome: REJECTED, exit: 101 [proof:GENERATED] G=memory
       r=0.104  T_new=0.00 F_new=0.39 F_rare=0.61 U=0 Q=0.43 Q_l=0.51 Q_g=0.85 dl=2 dg=1
       Value: 0x0F745431 -> 0x20000000
       Store address: 0xffff025c
       zkVM errors (1 lines):
         • [prover_impl.rs:280] verify segment (internal proof verification failed)
       Local constraints hit (2 unique):
         - MemoryWrite@mem.zir:100
           cycle=20869, step=3919, pc=0xC00000D4, major=6, minor=2
         - MemoryWrite@mem.zir:99
           cycle=20869, step=3919, pc=0xC00000D4, major=6, minor=2
       Global: memory permutation violated
         0xFFFF025C (data): wrote 0x20000000, expected 0x0f745431 (cycle 41739)
  [390] ✓ MEM_VAL_MOD @ step 1709: 3 failures, 2950ms, outcome: REJECTED, exit: 101 [proof:GENERATED] G=memory
       r=0.092  T_new=0.00 F_new=0.39 F_rare=0.85 U=0 Q=0.31 Q_l=0.37 Q_g=0.85 dl=3 dg=1
       Value: 0x54535552 -> 0x73C1781E
       Transaction: load_mem_read (READ) at address 0x0021ba78
       zkVM errors (1 lines):
         • [prover_impl.rs:280] verify segment (internal proof verification failed)
       Local constraints hit (3 unique):
         - IsRead@mem.zir:79
           cycle=18353, step=1709, pc=0x002184C4, major=5, minor=3
         - IsRead@mem.zir:80
           cycle=18353, step=1709, pc=0x002184C4, major=5, minor=3
         - MemoryWrite@mem.zir:99
           cycle=18353, step=1709, pc=0x002184C4, major=5, minor=3
       Global: memory permutation violated
         0x0021BA78 (code): wrote 0x73c1781e, expected 0x54535552 (cycle 36706)
  [391] ✓ INSTR_WORD_MOD_SUR @ step 865: 0 failures, 2927ms, outcome: REJECTED, exit: 101 [proof:GENERATED] G=memory[GO]
       r=0.255  T_new=0.00 F_new=0.78 F_rare=1.00 U=0 Q=0.61 Q_l=1.00 Q_g=0.61 dl=0 dg=3
       Value: 0x00050663 -> 0x01C50663
       Surgical: rs2 = 0 -> 28
       Original: BEQ x10, x0, 12
       Mutated:  BEQ x10, x28, 12
       zkVM errors (3 lines):
         • [prover_impl.rs:280] verify segment (internal proof verification failed)
         • [ffi.cpp:113] address mismatch at cycle 17492: preflight=0x3fffc020, actual=0x3fffc03c
         • [kernels/cxx/ffi.cpp:208] SKIP THROW: memory peek not in preflight
       Global: memory permutation violated [GLOBAL-ONLY]
         x0/zero: unexpected write 0x00000000 (cycle 34982)
         x28/t3: expected write missing, needed 0x00000000 (cycle 34982)
         0x002009F8 (code): wrote 0x00050663, expected 0x01c50663 (cycle 5106)
  [392] ✓ INSTR_WORD_MOD_SUR @ step 3929: 1 failures, 2932ms, outcome: REJECTED, exit: 101 [proof:GENERATED] G=memory
       r=0.153  T_new=0.00 F_new=0.39 F_rare=0.67 U=0 Q=0.61 Q_l=0.72 Q_g=0.85 dl=1 dg=1
       Value: 0x00000073 -> 0x000C0073
       Surgical: rs1 = 0 -> 24
       Original: ECALL x0, x0, 0
       Mutated:  ECALL x0, x24, 0
       zkVM errors (1 lines):
         • [prover_impl.rs:280] verify segment (internal proof verification failed)
       Local constraints hit (1 unique):
         - MachineECall@inst_ecall.zir:28
           cycle=20879, step=3929, pc=0xC00000F8, major=8, minor=0
       Global: memory permutation violated
         0xC00000F8 (data): wrote 0x00000073, expected 0x000c0073 (cycle 30062)
  [393] ✓ INSTR_WORD_MOD_SUR @ step 1470: 0 failures, 2955ms, outcome: REJECTED, exit: 101 [proof:GENERATED] G=memory[GO]
       r=0.280  T_new=0.00 F_new=0.39 F_rare=1.00 U=0 Q=0.85 Q_l=1.00 Q_g=0.85 dl=0 dg=1
       Value: 0x00E69E63 -> 0xF6E69263
       Surgical: imm = 28 -> 5988
       Original: BNE x13, x14, 28
       Mutated:  BNE x13, x14, -2204
       zkVM errors (1 lines):
         • [prover_impl.rs:280] verify segment (internal proof verification failed)
       Global: memory permutation violated [GLOBAL-ONLY]
         0x002184C4 (code): wrote 0x00e69e63, expected 0xf6e69263 (cycle 36214)
  [394] ✓ INSTR_WORD_MOD_SUR @ step 825: 1 failures, 2934ms, outcome: REJECTED, exit: 101 [proof:GENERATED] G=memory
       r=0.171  T_new=0.00 F_new=0.39 F_rare=0.79 U=0 Q=0.61 Q_l=0.72 Q_g=0.85 dl=1 dg=1
       Value: 0x01422503 -> 0x01422570
       Surgical: opcode = 3 -> 112
       Original: LW x10, 20(x4)
       Mutated:  UNKNOWN 0x01422570
       zkVM errors (1 lines):
         • [prover_impl.rs:280] verify segment (internal proof verification failed)
       Local constraints hit (1 unique):
         - VerifyOpcodeF3@inst.zir:96
           cycle=17446, step=825, pc=0xC0000074, major=5, minor=2
       Global: memory permutation violated
         0xC0000070 (data): wrote 0x01422503, expected 0x01422570 (cycle 34724)
  [395] ✓ INSTR_WORD_MOD_SUR @ step 279: 2 failures, 2951ms, outcome: REJECTED, exit: 101 [proof:GENERATED] G=memory
       r=0.131  T_new=0.00 F_new=0.78 F_rare=1.00 U=0 Q=0.31 Q_l=0.51 Q_g=0.61 dl=2 dg=3
       Value: 0x00251513 -> 0xE0351513
       Surgical: imm = 2 -> 3587
       Original: SLLI x10, x10, 2
       Mutated:  SLLI x10, x10, -509
       zkVM errors (3 lines):
         • [prover_impl.rs:280] verify segment (internal proof verification failed)
         • [ffi.cpp:113] address mismatch at cycle 16858: preflight=0x3fffc002, actual=0x3fffc003
         • [kernels/cxx/ffi.cpp:208] SKIP THROW: memory peek not in preflight
       Local constraints hit (2 unique):
         - MemoryWrite@mem.zir:99
           cycle=16858, step=279, pc=0xC000007C, major=3, minor=1
         - VerifyOpcodeF3F7@inst.zir:104
           cycle=16858, step=279, pc=0xC000007C, major=3, minor=1
       Global: memory permutation violated
         0xC0000078 (data): wrote 0x00251513, expected 0xe0351513 (cycle 33466)
         0xFFFF0008 (data): unexpected write 0xfff00000 (cycle 33482)
         0xFFFF000C (data): expected write missing, needed 0xfff00000 (cycle 33482)
  [396] ✓ INSTR_WORD_MOD_SUR @ step 3269: 2 failures, 2933ms, outcome: REJECTED, exit: 101 [proof:GENERATED] G=memory
       r=0.131  T_new=0.00 F_new=0.78 F_rare=1.00 U=0 Q=0.31 Q_l=0.51 Q_g=0.61 dl=2 dg=3
       Value: 0x00872883 -> 0x46372883
       Surgical: imm = 8 -> 1123
       Original: LW x17, 8(x14)
       Mutated:  LW x17, 1123(x14)
       zkVM errors (3 lines):
         • [prover_impl.rs:280] verify segment (internal proof verification failed)
         • [ffi.cpp:113] address mismatch at cycle 20071: preflight=0x00080075, actual=0x0008018b
         • [kernels/cxx/ffi.cpp:208] SKIP THROW: memory peek not in preflight
       Local constraints hit (2 unique):
         - OpLW@inst_mem.zir:108
           cycle=20071, step=3269, pc=0x00203424, major=5, minor=2
         - OpLW@inst_mem.zir:109
           cycle=20071, step=3269, pc=0x00203424, major=5, minor=2
       Global: memory permutation violated
         0x002001D4 (data): unexpected write 0xd7e07d74 (cycle 39987)
         0x0020062C (data): expected write missing, needed 0xd7e07d74 (cycle 39987)
         0x00203420 (code): wrote 0x00872883, expected 0x46372883 (cycle 38762)
  [397] ✓ INSTR_WORD_MOD_FULL @ step 3929: 1 failures, 2957ms, outcome: REJECTED, exit: 101 [proof:GENERATED] G=memory
       r=0.156  T_new=0.00 F_new=0.39 F_rare=0.69 U=0 Q=0.61 Q_l=0.72 Q_g=0.85 dl=1 dg=1
       Value: 0x00000073 -> 0x00008073
       Original: ECALL x0, x0, 0
       Mutated:  ECALL x0, x1, 0
       zkVM errors (1 lines):
         • [prover_impl.rs:280] verify segment (internal proof verification failed)
       Local constraints hit (1 unique):
         - MachineECall@inst_ecall.zir:29
           cycle=20879, step=3929, pc=0xC00000F8, major=8, minor=0
       Global: memory permutation violated
         0xC00000F8 (data): wrote 0x00000073, expected 0x00008073 (cycle 30062)
  [398] ✓ LOAD_VAL_MOD @ step 858: 1 failures, 2969ms, outcome: REJECTED, exit: 101 [proof:GENERATED] G=memory
       r=0.145  T_new=0.00 F_new=0.39 F_rare=0.61 U=0 Q=0.61 Q_l=0.72 Q_g=0.85 dl=1 dg=1
       Value: 0x00000000 -> 0x00100000
       Load destination: rd = x9 (s1)
       zkVM errors (1 lines):
         • [prover_impl.rs:280] verify segment (internal proof verification failed)
       Local constraints hit (1 unique):
         - MemoryWrite@mem.zir:100
           cycle=17485, step=858, pc=0x002031F4, major=5, minor=2
       Global: memory permutation violated
         x9/s1: wrote 0x00100000, expected 0x00000000 (cycle 34971)
  [399] ✓ INSTR_WORD_MOD_SUR @ step 3248: 1 failures, 2923ms, outcome: REJECTED, exit: 101 [proof:GENERATED] G=memory
       r=0.145  T_new=0.00 F_new=0.39 F_rare=0.61 U=0 Q=0.61 Q_l=0.72 Q_g=0.85 dl=1 dg=1
       Value: 0x00000D93 -> 0x00000DE3
       Surgical: opcode = 19 -> 99
       Original: ADDI x27, x0, 0
       Mutated:  BEQ x0, x0, 2074
       zkVM errors (1 lines):
         • [prover_impl.rs:280] verify segment (internal proof verification failed)
       Local constraints hit (1 unique):
         - VerifyOpcodeF3@inst.zir:96
           cycle=20050, step=3248, pc=0x00204BE0, major=0, minor=7
       Global: memory permutation violated
         0x00204BDC (code): wrote 0x00000d93, expected 0x00000de3 (cycle 14422)
  [400] ✓ INSTR_WORD_MOD_FULL @ step 1547: 0 failures, 2916ms, outcome: REJECTED, exit: 101 [proof:GENERATED] G=memory[GO]
       r=0.280  T_new=0.00 F_new=0.39 F_rare=1.00 U=0 Q=0.85 Q_l=1.00 Q_g=0.85 dl=0 dg=1
       Value: 0x00E69E63 -> 0x20E69E63
       Original: BNE x13, x14, 28
       Mutated:  BNE x13, x14, 540
       zkVM errors (1 lines):
         • [prover_impl.rs:280] verify segment (internal proof verification failed)
       Global: memory permutation violated [GLOBAL-ONLY]
         0x002184C4 (code): wrote 0x00e69e63, expected 0x20e69e63 (cycle 36368)
  [401] ✓ INSTR_WORD_MOD_FULL @ step 2789: 1 failures, 2959ms, outcome: REJECTED, exit: 101 [proof:GENERATED] G=memory
       r=0.158  T_new=0.00 F_new=0.39 F_rare=0.70 U=0 Q=0.61 Q_l=0.72 Q_g=0.85 dl=1 dg=1
       Value: 0x03C4A583 -> 0x03D4A583
       Original: LW x11, 60(x9)
       Mutated:  LW x11, 61(x9)
       zkVM errors (1 lines):
         • [prover_impl.rs:280] verify segment (internal proof verification failed)
       Local constraints hit (1 unique):
         - OpLW@inst_mem.zir:108
           cycle=19517, step=2789, pc=0x0020384C, major=5, minor=2
       Global: memory permutation violated
         0x00203848 (code): wrote 0x03c4a583, expected 0x03d4a583 (cycle 11286)
  [402] ✓ INSTR_WORD_MOD_FULL @ step 1594: 0 failures, 2932ms, outcome: REJECTED, exit: 101 [proof:GENERATED] G=memory[GO]
       r=0.255  T_new=0.00 F_new=0.78 F_rare=1.00 U=0 Q=0.61 Q_l=1.00 Q_g=0.61 dl=0 dg=3
       Value: 0x0A812423 -> 0x0AC12423
       Original: SW x8, 168(x2)
       Mutated:  SW x12, 168(x2)
       zkVM errors (3 lines):
         • [prover_impl.rs:280] verify segment (internal proof verification failed)
         • [ffi.cpp:113] address mismatch at cycle 18238: preflight=0x3fffc028, actual=0x3fffc02c
         • [kernels/cxx/ffi.cpp:208] SKIP THROW: memory peek not in preflight
       Global: memory permutation violated [GLOBAL-ONLY]
         x8/s0: unexpected write 0x00200300 (cycle 36454)
         x12/a2: expected write missing, needed 0x00200300 (cycle 36454)
         0x00204004 (code): wrote 0x0a812423, expected 0x0ac12423 (cycle 12534)
  [403] ✓ INSTR_WORD_MOD_FULL @ step 3648: 2 failures, 2946ms, outcome: REJECTED, exit: 101 [proof:GENERATED] G=memory
       r=0.101  T_new=0.00 F_new=0.92 F_rare=1.00 U=0 Q=0.22 Q_l=0.51 Q_g=0.43 dl=2 dg=5
       Value: 0xF40592E3 -> 0x6B5BA817
       Original: BNE x11, x0, -188
       Mutated:  AUIPC x16, 0x6b5ba000
       Format changed: B -> U
       zkVM errors (3 lines):
         • [prover_impl.rs:280] verify segment (internal proof verification failed)
         • [ffi.cpp:113] address mismatch at cycle 20524: preflight=0x3fffc02b, actual=0x3fffc037
         • [kernels/cxx/ffi.cpp:208] SKIP THROW: memory peek not in preflight
       Local constraints hit (2 unique):
         - VerifyOpcodeF3@inst.zir:96
           cycle=20524, step=3648, pc=0x0020340C, major=1, minor=6
         - VerifyOpcodeF3@inst.zir:97
           cycle=20524, step=3648, pc=0x0020340C, major=1, minor=6
       Global: memory permutation violated
         x0/zero: unexpected write 0x00000000 (cycle 41044)
         x11/a1: unexpected write 0x00000000 (cycle 41047)
         x21/s5: expected write missing, needed 0x00000000 (cycle 41044)
         x23/s7: expected write missing, needed 0x00000000 (cycle 41047)
         0x00203408 (code): wrote 0xf40592e3, expected 0x6b5ba817 (cycle 40388)
  [404] ✓ INSTR_WORD_MOD_SUR @ step 1380: 1 failures, 2935ms, outcome: REJECTED, exit: 101 [proof:GENERATED] G=memory
       r=0.145  T_new=0.00 F_new=0.39 F_rare=0.61 U=0 Q=0.61 Q_l=0.72 Q_g=0.85 dl=1 dg=1
       Value: 0x00158593 -> 0x001585E3
       Surgical: opcode = 19 -> 99
       Original: ADDI x11, x11, 1
       Mutated:  BEQ x11, x1, 2058
       zkVM errors (1 lines):
         • [prover_impl.rs:280] verify segment (internal proof verification failed)
       Local constraints hit (1 unique):
         - VerifyOpcodeF3@inst.zir:96
           cycle=18024, step=1380, pc=0x002184CC, major=0, minor=7
       Global: memory permutation violated
         0x002184C8 (code): wrote 0x00158593, expected 0x001585e3 (cycle 36034)
  [405] ✓ INSTR_WORD_MOD_FULL @ step 1017: 3 failures, 2947ms, outcome: REJECTED, exit: 101 [proof:GENERATED] G=memory
       r=0.062  T_new=0.00 F_new=0.95 F_rare=1.00 U=0 Q=0.14 Q_l=0.37 Q_g=0.37 dl=3 dg=6
       Value: 0x01010113 -> 0xF2EEF8EF
       Original: ADDI x2, x2, 16
       Mutated:  JAL x17, -67794
       Format changed: I -> J
       zkVM errors (3 lines):
         • [prover_impl.rs:280] verify segment (internal proof verification failed)
         • [ffi.cpp:113] address mismatch at cycle 17656: preflight=0x3fffc022, actual=0x3fffc03d
         • [kernels/cxx/ffi.cpp:208] SKIP THROW: memory peek not in preflight
       Local constraints hit (3 unique):
         - MemoryWrite@mem.zir:99
           cycle=17656, step=1017, pc=0x002031F8, major=0, minor=7
         - VerifyOpcodeF3@inst.zir:96
           cycle=17656, step=1017, pc=0x002031F8, major=0, minor=7
         - VerifyOpcodeF3@inst.zir:97
           cycle=17656, step=1017, pc=0x002031F8, major=0, minor=7
       Global: memory permutation violated
         x2/sp: unexpected write 0x00200350 (cycle 35310)
         x14/a4: expected write missing, needed 0x00000004 (cycle 35292)
         x16/a6: unexpected write 0x00000004 (cycle 35292)
         x17/a7: expected write missing, needed 0x00200350 (cycle 35312)
         x29/t4: expected write missing, needed 0x00200350 (cycle 35310)
         0x002031F4 (code): wrote 0x01010113, expected 0xf2eef8ef (cycle 35140)
  [406] ✓ INSTR_WORD_MOD_SUR @ step 2068: 0 failures, 2960ms, outcome: REJECTED, exit: 101 [proof:GENERATED] G=memory[GO]
       r=0.255  T_new=0.00 F_new=0.78 F_rare=1.00 U=0 Q=0.61 Q_l=1.00 Q_g=0.61 dl=0 dg=3
       Value: 0x01412483 -> 0x01462483
       Surgical: rs1 = 2 -> 12
       Original: LW x9, 20(x2)
       Mutated:  LW x9, 20(x12)
       zkVM errors (3 lines):
         • [prover_impl.rs:280] verify segment (internal proof verification failed)
         • [ffi.cpp:113] address mismatch at cycle 18722: preflight=0x3fffc022, actual=0x3fffc02c
         • [kernels/cxx/ffi.cpp:208] SKIP THROW: memory peek not in preflight
       Global: memory permutation violated [GLOBAL-ONLY]
         x2/sp: unexpected write 0x00200080 (cycle 37442)
         x12/a2: expected write missing, needed 0x00200080 (cycle 37442)
         0x002097B8 (code): wrote 0x01412483, expected 0x01462483 (cycle 37034)
  [407] ✓ INSTR_WORD_MOD_SUR @ step 3223: 0 failures, 2931ms, outcome: REJECTED, exit: 101 [proof:GENERATED] G=memory[GO]
       r=0.255  T_new=0.00 F_new=0.78 F_rare=1.00 U=0 Q=0.61 Q_l=1.00 Q_g=0.61 dl=0 dg=3
       Value: 0x40D585B3 -> 0x40D58833
       Surgical: rd = 11 -> 16
       Original: SUB x11, x11, x13
       Mutated:  SUB x16, x11, x13
       zkVM errors (3 lines):
         • [prover_impl.rs:280] verify segment (internal proof verification failed)
         • [ffi.cpp:113] address mismatch at cycle 20025: preflight=0x3fffc02b, actual=0x3fffc030
         • [kernels/cxx/ffi.cpp:208] SKIP THROW: memory peek not in preflight
       Global: memory permutation violated [GLOBAL-ONLY]
         x11/a1: unexpected write 0x00000004 (cycle 40050)
         x16/a6: expected write missing, needed 0x00000004 (cycle 40050)
         0x00205E0C (code): wrote 0x40d585b3, expected 0x40d58833 (cycle 39428)
  [408] ✓ INSTR_WORD_MOD_SUR @ step 656: 1 failures, 2917ms, outcome: REJECTED, exit: 101 [proof:GENERATED] G=memory
       r=0.144  T_new=0.00 F_new=0.39 F_rare=0.60 U=0 Q=0.61 Q_l=0.72 Q_g=0.85 dl=1 dg=1
       Value: 0x00058893 -> 0x000588F3
       Surgical: opcode = 19 -> 115
       Original: ADDI x17, x11, 0
       Mutated:  ECALL x17, x11, 0
       zkVM errors (1 lines):
         • [prover_impl.rs:280] verify segment (internal proof verification failed)
       Local constraints hit (1 unique):
         - VerifyOpcodeF3@inst.zir:96
           cycle=17265, step=656, pc=0x00206140, major=0, minor=7
       Global: memory permutation violated
         0x0020613C (code): wrote 0x00058893, expected 0x000588f3 (cycle 34362)
  [409] ✓ INSTR_WORD_MOD_SUR @ step 1051: 0 failures, 2957ms, outcome: REJECTED, exit: 101 [proof:GENERATED] G=memory[GO]
       r=0.255  T_new=0.00 F_new=0.78 F_rare=1.00 U=0 Q=0.61 Q_l=1.00 Q_g=0.61 dl=0 dg=3
       Value: 0xEEF50513 -> 0xEEFD8513
       Surgical: rs1 = 10 -> 27
       Original: ADDI x10, x10, -273
       Mutated:  ADDI x10, x27, -273
       zkVM errors (3 lines):
         • [prover_impl.rs:280] verify segment (internal proof verification failed)
         • [ffi.cpp:113] address mismatch at cycle 17690: preflight=0x3fffc02a, actual=0x3fffc03b
         • [kernels/cxx/ffi.cpp:208] SKIP THROW: memory peek not in preflight
       Global: memory permutation violated [GLOBAL-ONLY]
         x10/a0: unexpected write 0xdeadc000 (cycle 35379)
         x27/s11: expected write missing, needed 0xdeadc000 (cycle 35379)
         0x00200BC0 (code): wrote 0xeef50513, expected 0xeefd8513 (cycle 5406)
  [410] ✓ INSTR_WORD_MOD_SUR @ step 3060: 0 failures, 2947ms, outcome: REJECTED, exit: 101 [proof:GENERATED] G=memory[GO]
       r=0.280  T_new=0.00 F_new=0.39 F_rare=1.00 U=0 Q=0.85 Q_l=1.00 Q_g=0.85 dl=0 dg=1
       Value: 0x0CE66463 -> 0x56E667E3
       Surgical: imm = 200 -> 3438
       Original: BLTU x12, x14, 200
       Mutated:  BLTU x12, x14, 3438
       zkVM errors (1 lines):
         • [prover_impl.rs:280] verify segment (internal proof verification failed)
       Global: memory permutation violated [GLOBAL-ONLY]
         0x00203228 (code): wrote 0x0ce66463, expected 0x56e667e3 (cycle 37990)
  [411] ✓ INSTR_WORD_MOD_SUR @ step 2226: 1 failures, 2957ms, outcome: REJECTED, exit: 101 [proof:GENERATED] G=memory
       r=0.235  T_new=0.00 F_new=0.63 F_rare=1.00 U=0 Q=0.61 Q_l=0.72 Q_g=0.85 dl=1 dg=1
       Value: 0x00163713 -> 0x00163703
       Surgical: opcode = 19 -> 3
       Original: SLTIU x14, x12, 1
       Mutated:  LOAD.3 x14, 1(x12)
       zkVM errors (1 lines):
         • [prover_impl.rs:280] verify segment (internal proof verification failed)
       Local constraints hit (1 unique):
         - VerifyOpcodeF3@inst.zir:96
           cycle=18880, step=2226, pc=0x00203300, major=1, minor=4
       Global: memory permutation violated
         0x002032FC (code): wrote 0x00163713, expected 0x00163703 (cycle 35806)
  [412] ✓ INSTR_WORD_MOD_SUR @ step 1290: 1 failures, 3078ms, outcome: REJECTED, exit: 101 [proof:GENERATED] G=memory
       r=0.144  T_new=0.00 F_new=0.39 F_rare=0.60 U=0 Q=0.61 Q_l=0.72 Q_g=0.85 dl=1 dg=1
       Value: 0xFF060613 -> 0xFF064613
       Surgical: funct3 = 0 -> 4
       Original: ADDI x12, x12, -16
       Mutated:  XORI x12, x12, -16
       zkVM errors (1 lines):
         • [prover_impl.rs:280] verify segment (internal proof verification failed)
       Local constraints hit (1 unique):
         - VerifyOpcodeF3@inst.zir:97
           cycle=17934, step=1290, pc=0x00203440, major=0, minor=7
       Global: memory permutation violated
         0x0020343C (code): wrote 0xff060613, expected 0xff064613 (cycle 35844)
  [413] ✓ INSTR_WORD_MOD_SUR @ step 2340: 0 failures, 3001ms, outcome: REJECTED, exit: 101 [proof:GENERATED] G=memory[GO]
       r=0.255  T_new=0.00 F_new=0.78 F_rare=1.00 U=0 Q=0.61 Q_l=1.00 Q_g=0.61 dl=0 dg=3
       Value: 0xFEB68EA3 -> 0xFE368EA3
       Surgical: rs2 = 11 -> 3
       Original: SB x11, -3(x13)
       Mutated:  SB x3, -3(x13)
       zkVM errors (3 lines):
         • [prover_impl.rs:280] verify segment (internal proof verification failed)
         • [ffi.cpp:113] address mismatch at cycle 18994: preflight=0x3fffc02b, actual=0x3fffc023
         • [kernels/cxx/ffi.cpp:208] SKIP THROW: memory peek not in preflight
       Global: memory permutation violated [GLOBAL-ONLY]
         x3/gp: expected write missing, needed 0x00000000 (cycle 37984)
         x11/a1: unexpected write 0x00000000 (cycle 37984)
         0x00203224 (code): wrote 0xfeb68ea3, expected 0xfe368ea3 (cycle 33266)
  [414] ✓ INSTR_WORD_MOD_SUR @ step 3881: 2 failures, 2954ms, outcome: REJECTED, exit: 101 [proof:GENERATED] G=memory
       r=0.131  T_new=0.00 F_new=0.78 F_rare=1.00 U=0 Q=0.31 Q_l=0.51 Q_g=0.61 dl=2 dg=3
       Value: 0x0B812A03 -> 0xF6312A03
       Surgical: imm = 184 -> 3939
       Original: LW x20, 184(x2)
       Mutated:  LW x20, -157(x2)
       zkVM errors (3 lines):
         • [prover_impl.rs:280] verify segment (internal proof verification failed)
         • [ffi.cpp:113] address mismatch at cycle 20831: preflight=0x000800ba, actual=0x00080064
         • [kernels/cxx/ffi.cpp:208] SKIP THROW: memory peek not in preflight
       Local constraints hit (2 unique):
         - OpLW@inst_mem.zir:108
           cycle=20831, step=3881, pc=0x00203C00, major=5, minor=2
         - OpLW@inst_mem.zir:109
           cycle=20831, step=3881, pc=0x00203C00, major=5, minor=2
       Global: memory permutation violated
         0x00200190 (data): expected write missing, needed 0x00200308 (cycle 38977)
         0x002002E8 (data): unexpected write 0x00200308 (cycle 38977)
         0x00203BFC (code): wrote 0x0b812a03, expected 0xf6312a03 (cycle 11866)
  [415] ✓ COMP_OUT_MOD @ step 2244: 2 failures, 2946ms, outcome: REJECTED, exit: 101 [proof:GENERATED] G=memory
       r=0.103  T_new=0.00 F_new=0.39 F_rare=0.60 U=0 Q=0.43 Q_l=0.51 Q_g=0.85 dl=2 dg=1
       Value: 0x002213BC -> 0x00000002
       Destination: rd = x14 (a4)
       zkVM errors (1 lines):
         • [prover_impl.rs:280] verify segment (internal proof verification failed)
       Local constraints hit (2 unique):
         - MemoryWrite@mem.zir:100
           cycle=18898, step=2244, pc=0x0020343C, major=0, minor=7
         - MemoryWrite@mem.zir:99
           cycle=18898, step=2244, pc=0x0020343C, major=0, minor=7
       Global: memory permutation violated
         x14/a4: wrote 0x00000002, expected 0x002213bc (cycle 37797)
  [416] ✓ INSTR_WORD_MOD_SUR @ step 721: 0 failures, 2949ms, outcome: REJECTED, exit: 101 [proof:GENERATED] G=memory[GO]
       r=0.255  T_new=0.00 F_new=0.78 F_rare=1.00 U=0 Q=0.61 Q_l=1.00 Q_g=0.61 dl=0 dg=3
       Value: 0x00912223 -> 0x0099A223
       Surgical: rs1 = 2 -> 19
       Original: SW x9, 4(x2)
       Mutated:  SW x9, 4(x19)
       zkVM errors (3 lines):
         • [prover_impl.rs:280] verify segment (internal proof verification failed)
         • [ffi.cpp:113] address mismatch at cycle 17336: preflight=0x3fffc022, actual=0x3fffc033
         • [kernels/cxx/ffi.cpp:208] SKIP THROW: memory peek not in preflight
       Global: memory permutation violated [GLOBAL-ONLY]
         x2/sp: unexpected write 0x00200350 (cycle 34670)
         x19/s3: expected write missing, needed 0x00200350 (cycle 34670)
         0x00203194 (code): wrote 0x00912223, expected 0x0099a223 (cycle 34506)
  [417] ✓ INSTR_WORD_MOD_SUR @ step 2807: 0 failures, 2928ms, outcome: REJECTED, exit: 101 [proof:GENERATED] G=memory[GO]
       r=0.255  T_new=0.00 F_new=0.78 F_rare=1.00 U=0 Q=0.61 Q_l=1.00 Q_g=0.61 dl=0 dg=3
       Value: 0x02412603 -> 0x74012603
       Surgical: imm = 36 -> 1856
       Original: LW x12, 36(x2)
       Mutated:  LW x12, 1856(x2)
       zkVM errors (3 lines):
         • [prover_impl.rs:280] verify segment (internal proof verification failed)
         • [ffi.cpp:113] address mismatch at cycle 19535: preflight=0x00080095, actual=0x0008025c
         • [kernels/cxx/ffi.cpp:208] SKIP THROW: memory peek not in preflight
       Global: memory permutation violated [GLOBAL-ONLY]
         0x00200254 (data): unexpected write 0x17e32f5a (cycle 39017)
         0x00200970 (code): expected write missing, needed 0x17e32f5a (cycle 39017)
         0x00203B48 (code): wrote 0x02412603, expected 0x74012603 (cycle 11766)
  [418] ✓ INSTR_WORD_MOD_SUR @ step 1644: 1 failures, 2967ms, outcome: REJECTED, exit: 101 [proof:GENERATED] G=memory
       r=0.153  T_new=0.00 F_new=0.39 F_rare=0.67 U=0 Q=0.61 Q_l=0.72 Q_g=0.85 dl=1 dg=1
       Value: 0x03312E23 -> 0x03312E13
       Surgical: opcode = 35 -> 19
       Original: SW x19, 60(x2)
       Mutated:  SLTI x28, x2, 51
       zkVM errors (1 lines):
         • [prover_impl.rs:280] verify segment (internal proof verification failed)
       Local constraints hit (1 unique):
         - VerifyOpcodeF3@inst.zir:96
           cycle=18288, step=1644, pc=0x0020AEF4, major=6, minor=2
       Global: memory permutation violated
         0x0020AEF0 (code): wrote 0x03312e23, expected 0x03312e13 (cycle 22654)
  [419] ✓ INSTR_WORD_MOD_SUR @ step 2430: 1 failures, 2936ms, outcome: REJECTED, exit: 101 [proof:GENERATED] G=memory
       r=0.156  T_new=0.00 F_new=0.39 F_rare=0.69 U=0 Q=0.61 Q_l=0.72 Q_g=0.85 dl=1 dg=1
       Value: 0xBC8080E7 -> 0xBC80C0E7
       Surgical: funct3 = 0 -> 4
       Original: JALR x1, x1, -1080
       Mutated:  JALR x1, x1, -1080
       zkVM errors (1 lines):
         • [prover_impl.rs:280] verify segment (internal proof verification failed)
       Local constraints hit (1 unique):
         - VerifyOpcodeF3@inst.zir:97
           cycle=19084, step=2430, pc=0x0021814C, major=2, minor=4
       Global: memory permutation violated
         0x00205588 (code): wrote 0xbc8080e7, expected 0xbc80c0e7 (cycle 15994)
  [420] ✓ LOAD_VAL_MOD @ step 1482: 1 failures, 2919ms, outcome: REJECTED, exit: 101 [proof:GENERATED] G=memory
       r=0.151  T_new=0.00 F_new=0.39 F_rare=0.65 U=0 Q=0.61 Q_l=0.72 Q_g=0.85 dl=1 dg=1
       Value: 0x0000009B -> 0x00008000
       Load destination: rd = x13 (a3)
       zkVM errors (1 lines):
         • [prover_impl.rs:280] verify segment (internal proof verification failed)
       Local constraints hit (1 unique):
         - MemoryWrite@mem.zir:99
           cycle=18126, step=1482, pc=0x002184C0, major=5, minor=3
       Global: memory permutation violated
         x13/a3: wrote 0x00008000, expected 0x0000009b (cycle 36253)
  [421] ✓ STORE_OUT_MOD @ step 1910: 2 failures, 2939ms, outcome: REJECTED, exit: 101 [proof:GENERATED] G=memory
       r=0.103  T_new=0.00 F_new=0.39 F_rare=0.60 U=0 Q=0.43 Q_l=0.51 Q_g=0.85 dl=2 dg=1
       Value: 0x00000001 -> 0xF7FFFFFE
       Store address: 0x0020006c
       zkVM errors (1 lines):
         • [prover_impl.rs:280] verify segment (internal proof verification failed)
       Local constraints hit (2 unique):
         - MemoryWrite@mem.zir:100
           cycle=18559, step=1910, pc=0x00205F70, major=6, minor=2
         - MemoryWrite@mem.zir:99
           cycle=18559, step=1910, pc=0x00205F70, major=6, minor=2
       Global: memory permutation violated
         0x0020006C (data): wrote 0xf7fffffe, expected 0x00000001 (cycle 37119)
  [422] ✓ INSTR_WORD_MOD_SUR @ step 2019: 1 failures, 2934ms, outcome: REJECTED, exit: 101 [proof:GENERATED] G=memory
       r=0.158  T_new=0.00 F_new=0.39 F_rare=0.70 U=0 Q=0.61 Q_l=0.72 Q_g=0.85 dl=1 dg=1
       Value: 0xFE0614E3 -> 0xFE0654E3
       Surgical: funct3 = 1 -> 5
       Original: BNE x12, x0, -24
       Mutated:  BGE x12, x0, -24
       zkVM errors (1 lines):
         • [prover_impl.rs:280] verify segment (internal proof verification failed)
       Local constraints hit (1 unique):
         - VerifyOpcodeF3@inst.zir:97
           cycle=18668, step=2019, pc=0x002184BC, major=1, minor=6
       Global: memory permutation violated
         0x002184D4 (code): wrote 0xfe0614e3, expected 0xfe0654e3 (cycle 37322)
  [423] ✓ INSTR_WORD_MOD_SUR @ step 1979: 1 failures, 2939ms, outcome: REJECTED, exit: 101 [proof:GENERATED] G=memory
       r=0.235  T_new=0.00 F_new=0.63 F_rare=1.00 U=0 Q=0.61 Q_l=0.72 Q_g=0.85 dl=1 dg=1
       Value: 0x0005C703 -> 0x0005C713
       Surgical: opcode = 3 -> 19
       Original: LBU x14, 0(x11)
       Mutated:  XORI x14, x11, 0
       zkVM errors (1 lines):
         • [prover_impl.rs:280] verify segment (internal proof verification failed)
       Local constraints hit (1 unique):
         - VerifyOpcodeF3@inst.zir:96
           cycle=18628, step=1979, pc=0x002184C4, major=5, minor=3
       Global: memory permutation violated
         0x002184C0 (code): wrote 0x0005c703, expected 0x0005c713 (cycle 37242)
  [424] ✓ INSTR_WORD_MOD_SUR @ step 2740: 1 failures, 3043ms, outcome: REJECTED, exit: 101 [proof:GENERATED] G=memory
       r=0.152  T_new=0.00 F_new=0.39 F_rare=0.66 U=0 Q=0.61 Q_l=0.72 Q_g=0.85 dl=1 dg=1
       Value: 0x02E12423 -> 0x02E12473
       Surgical: opcode = 35 -> 115
       Original: SW x14, 40(x2)
       Mutated:  SYSTEM.2 x8, x2, 46
       zkVM errors (1 lines):
         • [prover_impl.rs:280] verify segment (internal proof verification failed)
       Local constraints hit (1 unique):
         - VerifyOpcodeF3@inst.zir:96
           cycle=19468, step=2740, pc=0x002016DC, major=6, minor=2
       Global: memory permutation violated
         0x002016D8 (code): wrote 0x02e12423, expected 0x02e12473 (cycle 7178)
  [425] ✓ INSTR_WORD_MOD_SUR @ step 2288: 0 failures, 2931ms, outcome: REJECTED, exit: 101 [proof:GENERATED] G=memory[GO]
       r=0.255  T_new=0.00 F_new=0.78 F_rare=1.00 U=0 Q=0.61 Q_l=1.00 Q_g=0.61 dl=0 dg=3
       Value: 0x00B6A023 -> 0x00B52023
       Surgical: rs1 = 13 -> 10
       Original: SW x11, 0(x13)
       Mutated:  SW x11, 0(x10)
       zkVM errors (3 lines):
         • [prover_impl.rs:280] verify segment (internal proof verification failed)
         • [ffi.cpp:113] address mismatch at cycle 18942: preflight=0x3fffc02d, actual=0x3fffc02a
         • [kernels/cxx/ffi.cpp:208] SKIP THROW: memory peek not in preflight
       Global: memory permutation violated [GLOBAL-ONLY]
         x10/a0: expected write missing, needed 0x00200340 (cycle 37873)
         x13/a3: unexpected write 0x00200340 (cycle 37873)
         0x00203458 (code): wrote 0x00b6a023, expected 0x00b52023 (cycle 10642)
  [426] ✓ INSTR_WORD_MOD_SUR @ step 246: 3 failures, 2980ms, outcome: REJECTED, exit: 101 [proof:GENERATED] G=memory|cycle
       r=0.045  T_new=0.00 F_new=0.97 F_rare=1.00 U=0 Q=0.10 Q_l=0.37 Q_g=0.26 dl=3 dg=8
       Value: 0x00003097 -> 0x79318097
       Surgical: imm = 12288 -> 2033287168
       Original: AUIPC x1, 0x3000
       Mutated:  AUIPC x1, 0x79318000
       zkVM errors (3 lines):
         • [prover_impl.rs:280] verify segment (internal proof verification failed)
         • [ffi.cpp:113] address mismatch at cycle 16825: preflight=0x3fffc020, actual=0x3fffc023
         • [kernels/cxx/ffi.cpp:208] SKIP THROW: memory peek not in preflight
       Local constraints hit (3 unique):
         - IsRead@mem.zir:79
           cycle=16825, step=246, pc=0x00200848, major=2, minor=6
         - MemoryWrite@mem.zir:100
           cycle=16825, step=246, pc=0x00200848, major=2, minor=6
         - MemoryWrite@mem.zir:99
           cycle=16825, step=246, pc=0x00200848, major=2, minor=6
       Global: memory permutation violated
         x0/zero: unexpected write 0x00000000 (cycle 33648)
         x1/ra: expected write missing, needed 0x944080e7 (cycle 4846)
         x3/gp: expected write missing, needed 0x00000000 (cycle 33648)
         x19/s3: expected write missing, needed 0x00200d3c (cycle 33648)
         0x00200844 (code): wrote 0x00003097, expected 0x79318097 (cycle 4846)
       Global: cycle lookup violated (3 indices broken)
         index 1: 1798 provides, 1 uses (imbalanced)
         index 2: 861 provides, 1 uses (imbalanced)
         index 28804: 1 provides, 1 uses (imbalanced)
  [427] ✓ MEM_VAL_MOD @ step 214: 2 failures, 2941ms, outcome: REJECTED, exit: 101 [proof:GENERATED] G=memory
       r=0.111  T_new=0.00 F_new=0.39 F_rare=0.68 U=0 Q=0.43 Q_l=0.51 Q_g=0.85 dl=2 dg=1
       Value: 0x00000000 -> 0xFE1EB280
       Transaction: store_rmw_read (READ) at address 0x00221460
       zkVM errors (1 lines):
         • [prover_impl.rs:280] verify segment (internal proof verification failed)
       Local constraints hit (2 unique):
         - IsRead@mem.zir:79
           cycle=16793, step=214, pc=0x0020B8F0, major=6, minor=2
         - IsRead@mem.zir:80
           cycle=16793, step=214, pc=0x0020B8F0, major=6, minor=2
       Global: memory permutation violated
         0x00221460 (code): wrote 0xfe1eb280, expected 0x00000000 (cycle 33586)
  [428] ✓ INSTR_TYPE_MOD @ step 836: 4 failures, 2926ms, outcome: REJECTED, exit: 101 [proof:GENERATED] G=memory
       r=0.061  T_new=0.00 F_new=0.92 F_rare=1.00 U=0 Q=0.14 Q_l=0.26 Q_g=0.51 dl=4 dg=4
       Value: 0x00020001 -> 0x00050002
       Original: BltU [major=2, minor=1]
       Mutated:  Lw [major=5, minor=2]
       zkVM errors (3 lines):
         • [prover_impl.rs:280] verify segment (internal proof verification failed)
         • [ffi.cpp:113] address mismatch at cycle 17457: preflight=0x3fffc00c, actual=0x00000103
         • [kernels/cxx/ffi.cpp:208] SKIP THROW: memory peek not in preflight
       Local constraints hit (4 unique):
         - AddrDecomposeBits@u32.zir:87
           cycle=17457, step=836, pc=0xC000014C, major=5, minor=2
         - MemoryWrite@mem.zir:99
           cycle=17457, step=836, pc=0xC000014C, major=5, minor=2
         - VerifyOpcodeF3@inst.zir:96
           cycle=17457, step=836, pc=0xC000014C, major=5, minor=2
         - VerifyOpcodeF3@inst.zir:97
           cycle=17457, step=836, pc=0xC000014C, major=5, minor=2
       Global: memory permutation violated
         0x0000040C (data): expected write missing, needed 0x00000004 (cycle 34913)
         0xFFFF0030 (data): unexpected write 0x00000004 (cycle 34913)
         0xFFFF0070 (data): expected write missing, needed 0xc000005c (cycle 34903)
         0xFFFF0100 (data): unexpected write 0xc000005c (cycle 34903)
  [429] ✓ LOAD_VAL_MOD @ step 2306: 2 failures, 2939ms, outcome: REJECTED, exit: 101 [proof:GENERATED] G=memory
       r=0.112  T_new=0.00 F_new=0.39 F_rare=0.69 U=0 Q=0.43 Q_l=0.51 Q_g=0.85 dl=2 dg=1
       Value: 0x00000004 -> 0xDDBAF6D9
       Load destination: rd = x19 (s3)
       zkVM errors (1 lines):
         • [prover_impl.rs:280] verify segment (internal proof verification failed)
       Local constraints hit (2 unique):
         - MemoryWrite@mem.zir:100
           cycle=18960, step=2306, pc=0x002012A8, major=5, minor=3
         - MemoryWrite@mem.zir:99
           cycle=18960, step=2306, pc=0x002012A8, major=5, minor=3
       Global: memory permutation violated
         x19/s3: wrote 0xddbaf6d9, expected 0x00000004 (cycle 37921)
  [430] ✓ INSTR_WORD_MOD_SUR @ step 901: 0 failures, 3077ms, outcome: REJECTED, exit: 101 [proof:GENERATED] G=memory[GO]
       r=0.255  T_new=0.00 F_new=0.78 F_rare=1.00 U=0 Q=0.61 Q_l=1.00 Q_g=0.61 dl=0 dg=3
       Value: 0x00088513 -> 0x00058513
       Surgical: rs1 = 17 -> 11
       Original: ADDI x10, x17, 0
       Mutated:  ADDI x10, x11, 0
       zkVM errors (3 lines):
         • [prover_impl.rs:280] verify segment (internal proof verification failed)
         • [ffi.cpp:113] address mismatch at cycle 17528: preflight=0x3fffc031, actual=0x3fffc02b
         • [kernels/cxx/ffi.cpp:208] SKIP THROW: memory peek not in preflight
       Global: memory permutation violated [GLOBAL-ONLY]
         x11/a1: expected write missing, needed 0x0020036c (cycle 35033)
         x17/a7: unexpected write 0x0020036c (cycle 35033)
         0x0020616C (code): wrote 0x00088513, expected 0x00058513 (cycle 34888)
  [431] ✓ INSTR_WORD_MOD_SUR @ step 3715: 1 failures, 2945ms, outcome: REJECTED, exit: 101 [proof:GENERATED] G=memory
       r=0.180  T_new=0.00 F_new=0.39 F_rare=0.85 U=0 Q=0.61 Q_l=0.72 Q_g=0.85 dl=1 dg=1
       Value: 0xFEB68E23 -> 0xFEB68E71
       Surgical: opcode = 35 -> 113
       Original: SB x11, -4(x13)
       Mutated:  UNKNOWN 0xfeb68e71
       zkVM errors (1 lines):
         • [prover_impl.rs:280] verify segment (internal proof verification failed)
       Local constraints hit (1 unique):
         - VerifyOpcodeF3@inst.zir:96
           cycle=20591, step=3715, pc=0x00203238, major=6, minor=0
       Global: memory permutation violated
         0x00203234 (code): wrote 0xfeb68e23, expected 0xfeb68e71 (cycle 39582)
  [432] ✓ INSTR_WORD_MOD_SUR @ step 1102: 2 failures, 2952ms, outcome: REJECTED, exit: 101 [proof:GENERATED] G=memory
       r=0.131  T_new=0.00 F_new=0.78 F_rare=1.00 U=0 Q=0.31 Q_l=0.51 Q_g=0.61 dl=2 dg=3
       Value: 0xFEF00793 -> 0x7EA00793
       Surgical: imm = -17 -> 2026
       Original: ADDI x15, x0, -17
       Mutated:  ADDI x15, x0, 2026
       zkVM errors (3 lines):
         • [prover_impl.rs:280] verify segment (internal proof verification failed)
         • [ffi.cpp:113] address mismatch at cycle 17746: preflight=0x3fffc02f, actual=0x3fffc02a
         • [kernels/cxx/ffi.cpp:208] SKIP THROW: memory peek not in preflight
       Local constraints hit (2 unique):
         - MemoryWrite@mem.zir:100
           cycle=17746, step=1102, pc=0x00200C08, major=0, minor=7
         - MemoryWrite@mem.zir:99
           cycle=17746, step=1102, pc=0x00200C08, major=0, minor=7
       Global: memory permutation violated
         x10/a0: expected write missing, needed 0x00000004 (cycle 35468)
         x15/a5: unexpected write 0x00000004 (cycle 35468)
         0x00200C04 (code): wrote 0xfef00793, expected 0x7ea00793 (cycle 5450)
  [433] ✓ INSTR_WORD_MOD_FULL @ step 1076: 3 failures, 2956ms, outcome: REJECTED, exit: 101 [proof:GENERATED] G=memory
       r=0.053  T_new=0.00 F_new=0.97 F_rare=1.00 U=0 Q=0.11 Q_l=0.37 Q_g=0.31 dl=3 dg=7
       Value: 0x00A485B3 -> 0xFD5B7A6F
       Original: ADD x11, x9, x10
       Mutated:  JAL x20, -294956
       Format changed: R -> J
       zkVM errors (3 lines):
         • [prover_impl.rs:280] verify segment (internal proof verification failed)
         • [ffi.cpp:113] address mismatch at cycle 17715: preflight=0x3fffc009, actual=0x3fffc016
         • [kernels/cxx/ffi.cpp:208] SKIP THROW: memory peek not in preflight
       Local constraints hit (3 unique):
         - VerifyOpcodeF3F7@inst.zir:102
           cycle=17715, step=1076, pc=0xC0000080, major=0, minor=0
         - VerifyOpcodeF3F7@inst.zir:103
           cycle=17715, step=1076, pc=0xC0000080, major=0, minor=0
         - VerifyOpcodeF3F7@inst.zir:104
           cycle=17715, step=1076, pc=0xC0000080, major=0, minor=0
       Global: memory permutation violated
         0xC000007C (data): wrote 0x00a485b3, expected 0xfd5b7a6f (cycle 35238)
         0xFFFF0024 (data): unexpected write 0xc0000050 (cycle 35238)
         0xFFFF0028 (data): unexpected write 0x00000008 (cycle 35429)
         0xFFFF002C (data): unexpected write 0xffff00a8 (cycle 35270)
         0xFFFF0050 (data): expected write missing, needed 0xffff00a8 (cycle 35270)
         0xFFFF0054 (data): expected write missing, needed 0x00000008 (cycle 35429)
         0xFFFF0058 (data): expected write missing, needed 0xc0000050 (cycle 35238)
  [434] ✓ INSTR_WORD_MOD_SUR @ step 1773: 0 failures, 2943ms, outcome: REJECTED, exit: 101 [proof:GENERATED] G=memory[GO]
       r=0.255  T_new=0.00 F_new=0.78 F_rare=1.00 U=0 Q=0.61 Q_l=1.00 Q_g=0.61 dl=0 dg=3
       Value: 0x00E69E63 -> 0x00E59E63
       Surgical: rs1 = 13 -> 11
       Original: BNE x13, x14, 28
       Mutated:  BNE x11, x14, 28
       zkVM errors (3 lines):
         • [prover_impl.rs:280] verify segment (internal proof verification failed)
         • [ffi.cpp:113] address mismatch at cycle 18417: preflight=0x3fffc02d, actual=0x3fffc02b
         • [kernels/cxx/ffi.cpp:208] SKIP THROW: memory peek not in preflight
       Global: memory permutation violated [GLOBAL-ONLY]
         x11/a1: expected write missing, needed 0x00000041 (cycle 36831)
         x13/a3: unexpected write 0x00000041 (cycle 36831)
         0x002184C4 (code): wrote 0x00e69e63, expected 0x00e59e63 (cycle 36820)
  [435] ✓ INSTR_WORD_MOD_SUR @ step 1832: 1 failures, 2946ms, outcome: REJECTED, exit: 101 [proof:GENERATED] G=memory
       r=0.144  T_new=0.00 F_new=0.39 F_rare=0.60 U=0 Q=0.61 Q_l=0.72 Q_g=0.85 dl=1 dg=1
       Value: 0x00200293 -> 0x002002EF
       Surgical: opcode = 19 -> 111
       Original: ADDI x5, x0, 2
       Mutated:  JAL x5, 2
       zkVM errors (1 lines):
         • [prover_impl.rs:280] verify segment (internal proof verification failed)
       Local constraints hit (1 unique):
         - VerifyOpcodeF3@inst.zir:96
           cycle=18476, step=1832, pc=0x00205FE0, major=0, minor=7
       Global: memory permutation violated
         0x00205FDC (code): wrote 0x00200293, expected 0x002002ef (cycle 17642)
  [436] ✓ COMP_OUT_MOD @ step 2928: 1 failures, 2948ms, outcome: REJECTED, exit: 101 [proof:GENERATED] G=memory
       r=0.161  T_new=0.00 F_new=0.39 F_rare=0.72 U=0 Q=0.61 Q_l=0.72 Q_g=0.85 dl=1 dg=1
       Value: 0x0000000C -> 0x0000000E
       Destination: rd = x14 (a4)
       zkVM errors (1 lines):
         • [prover_impl.rs:280] verify segment (internal proof verification failed)
       Local constraints hit (1 unique):
         - MemoryWrite@mem.zir:99
           cycle=19656, step=2928, pc=0x002053DC, major=0, minor=1
       Global: memory permutation violated
         x14/a4: wrote 0x0000000e, expected 0x0000000c (cycle 39313)
  [437] ✓ INSTR_WORD_MOD_SUR @ step 2760: 1 failures, 2948ms, outcome: REJECTED, exit: 101 [proof:GENERATED] G=memory
       r=0.183  T_new=0.00 F_new=0.78 F_rare=1.00 U=0 Q=0.43 Q_l=0.72 Q_g=0.61 dl=1 dg=3
       Value: 0x0B412C23 -> 0x9F412323
       Surgical: imm = 184 -> 2534
       Original: SW x20, 184(x2)
       Mutated:  SW x20, -1562(x2)
       zkVM errors (3 lines):
         • [prover_impl.rs:280] verify segment (internal proof verification failed)
         • [ffi.cpp:113] address mismatch at cycle 19488: preflight=0x000800ba, actual=0x0007ff05
         • [kernels/cxx/ffi.cpp:208] SKIP THROW: memory peek not in preflight
       Local constraints hit (1 unique):
         - OpSW@inst_mem.zir:161
           cycle=19488, step=2760, pc=0x002037C8, major=6, minor=2
       Global: memory permutation violated
         0x001FFC14 (data): expected write missing, needed 0x00000000 (cycle 4622)
         0x002002E8 (data): unexpected write 0x00000000 (cycle 4622)
         0x002037C4 (code): wrote 0x0b412c23, expected 0x9f412323 (cycle 11202)
  [438] ✓ INSTR_WORD_MOD_SUR @ step 290: 1 failures, 2946ms, outcome: REJECTED, exit: 101 [proof:GENERATED] G=memory
       r=0.183  T_new=0.00 F_new=0.78 F_rare=1.00 U=0 Q=0.43 Q_l=0.72 Q_g=0.61 dl=1 dg=3
       Value: 0x02820593 -> 0x18120593
       Surgical: imm = 40 -> 385
       Original: ADDI x11, x4, 40
       Mutated:  ADDI x11, x4, 385
       zkVM errors (3 lines):
         • [prover_impl.rs:280] verify segment (internal proof verification failed)
         • [ffi.cpp:113] address mismatch at cycle 16872: preflight=0x3fffc008, actual=0x3fffc001
         • [kernels/cxx/ffi.cpp:208] SKIP THROW: memory peek not in preflight
       Local constraints hit (1 unique):
         - MemoryWrite@mem.zir:99
           cycle=16872, step=290, pc=0xC0000158, major=0, minor=7
       Global: memory permutation violated
         0xC0000154 (data): wrote 0x02820593, expected 0x18120593 (cycle 33494)
         0xFFFF0004 (data): expected write missing, needed 0x00000000 (cycle 33496)
         0xFFFF0020 (data): unexpected write 0x00000000 (cycle 33496)
  [439] ✓ INSTR_WORD_MOD_SUR @ step 3472: 0 failures, 2955ms, outcome: REJECTED, exit: 101 [proof:GENERATED] G=memory[GO]
       r=0.255  T_new=0.00 F_new=0.78 F_rare=1.00 U=0 Q=0.61 Q_l=1.00 Q_g=0.61 dl=0 dg=3
       Value: 0xB6C080E7 -> 0xB6C280E7
       Surgical: rs1 = 1 -> 5
       Original: JALR x1, x1, -1172
       Mutated:  JALR x1, x5, -1172
       zkVM errors (3 lines):
         • [prover_impl.rs:280] verify segment (internal proof verification failed)
         • [ffi.cpp:113] address mismatch at cycle 20274: preflight=0x3fffc021, actual=0x3fffc025
         • [kernels/cxx/ffi.cpp:208] SKIP THROW: memory peek not in preflight
       Global: memory permutation violated [GLOBAL-ONLY]
         x1/ra: unexpected write 0x00201388 (cycle 40547)
         x5/t0: expected write missing, needed 0x00201388 (cycle 40547)
         0x0020538C (code): wrote 0xb6c080e7, expected 0xb6c280e7 (cycle 39242)
  [440] ✓ INSTR_WORD_MOD_SUR @ step 2266: 1 failures, 2967ms, outcome: REJECTED, exit: 101 [proof:GENERATED] G=memory
       r=0.151  T_new=0.00 F_new=0.39 F_rare=0.65 U=0 Q=0.61 Q_l=0.72 Q_g=0.85 dl=1 dg=1
       Value: 0x0116A423 -> 0x0116A466
       Surgical: opcode = 35 -> 102
       Original: SW x17, 8(x13)
       Mutated:  UNKNOWN 0x0116a466
       zkVM errors (1 lines):
         • [prover_impl.rs:280] verify segment (internal proof verification failed)
       Local constraints hit (1 unique):
         - VerifyOpcodeF3@inst.zir:96
           cycle=18920, step=2266, pc=0x00203434, major=6, minor=2
       Global: memory permutation violated
         0x00203430 (code): wrote 0x0116a423, expected 0x0116a466 (cycle 37816)
  [441] ✓ INSTR_WORD_MOD_SUR @ step 3929: 1 failures, 2920ms, outcome: REJECTED, exit: 101 [proof:GENERATED] G=memory
       r=0.154  T_new=0.00 F_new=0.39 F_rare=0.68 U=0 Q=0.61 Q_l=0.72 Q_g=0.85 dl=1 dg=1
       Value: 0x00000073 -> 0x00003073
       Surgical: funct3 = 0 -> 3
       Original: ECALL x0, x0, 0
       Mutated:  SYSTEM.3 x0, x0, 0
       zkVM errors (1 lines):
         • [prover_impl.rs:280] verify segment (internal proof verification failed)
       Local constraints hit (1 unique):
         - MachineECall@inst_ecall.zir:29
           cycle=20879, step=3929, pc=0xC00000F8, major=8, minor=0
       Global: memory permutation violated
         0xC00000F8 (data): wrote 0x00000073, expected 0x00003073 (cycle 30062)
  [442] ✓ STORE_OUT_MOD @ step 2875: 1 failures, 2948ms, outcome: REJECTED, exit: 101 [proof:GENERATED] G=memory
       r=0.143  T_new=0.00 F_new=0.39 F_rare=0.60 U=0 Q=0.61 Q_l=0.72 Q_g=0.85 dl=1 dg=1
       Value: 0x00000000 -> 0x80000000
       Store address: 0x002001ac
       zkVM errors (1 lines):
         • [prover_impl.rs:280] verify segment (internal proof verification failed)
       Local constraints hit (1 unique):
         - MemoryWrite@mem.zir:100
           cycle=19603, step=2875, pc=0x0020536C, major=6, minor=2
       Global: memory permutation violated
         0x002001AC (data): wrote 0x80000000, expected 0x00000000 (cycle 39207)
  [443] ✓ COMP_OUT_MOD @ step 67: 2 failures, 2934ms, outcome: REJECTED, exit: 101 [proof:GENERATED] G=memory
       r=0.115  T_new=0.00 F_new=0.39 F_rare=0.72 U=0 Q=0.43 Q_l=0.51 Q_g=0.85 dl=2 dg=1
       Value: 0x00000000 -> 0xDB6209C0
       Destination: rd = x14 (a4)
       zkVM errors (1 lines):
         • [prover_impl.rs:280] verify segment (internal proof verification failed)
       Local constraints hit (2 unique):
         - MemoryWrite@mem.zir:100
           cycle=16640, step=67, pc=0x00203244, major=1, minor=2
         - MemoryWrite@mem.zir:99
           cycle=16640, step=67, pc=0x00203244, major=1, minor=2
       Global: memory permutation violated
         x14/a4: wrote 0xdb6209c0, expected 0x00000000 (cycle 33281)
  [444] ✓ INSTR_WORD_MOD_SUR @ step 2443: 8 failures, 2997ms, outcome: REJECTED, exit: 101 [proof:GENERATED] [+2 touch] G=memory|cycle
       r=0.009  T_new=0.06 F_new=1.00 F_rare=1.00 U=0 Q=0.02 Q_l=0.14 Q_g=0.14 dl=6 dg=12
       Value: 0x00008067 -> 0xF0108067
       Surgical: imm = 0 -> 3841
       Original: JALR x0, x1, 0
       Mutated:  JALR x0, x1, -255
       zkVM errors (3 lines):
         • [prover_impl.rs:280] verify segment (internal proof verification failed)
         • [ffi.cpp:113] address mismatch at cycle 19097: preflight=0x3fffc020, actual=0x3fffc060
         • [kernels/cxx/ffi.cpp:208] SKIP THROW: memory peek not in preflight
       Local constraints hit (3 unique):
         - DecodeInst@inst.zir:29 (x4)
           cycle=19098, step=2444, pc=0x0020559C, major=0, minor=7
         - MemoryWrite@mem.zir:100
           cycle=19097, step=2443, pc=0x00205598, major=2, minor=4
         - MemoryWrite@mem.zir:99 (x3)
           cycle=19097, step=2443, pc=0x00205598, major=2, minor=4
       Global: memory permutation violated (11 addrs: 1 register, 9 code, 1 data)
         x0/zero: unexpected write 0x00000000 (cycle 38188)
         0xFFFF0180 (data): expected write missing, needed 0x00000000 (cycle 38188)
         + 9 code addresses diverged (instruction fetch cascade)
       Global: cycle lookup violated (2 indices broken)
         index 5: 347 provides, 1 uses (imbalanced)
         index 6: 415 provides, 1 uses (imbalanced)
  [445] ✓ PRE_EXEC_REG_MOD @ step 208: 2 failures, 2918ms, outcome: REJECTED, exit: 101 [proof:GENERATED] G=memory
       r=0.183  T_new=0.00 F_new=0.78 F_rare=1.00 U=0 Q=0.43 Q_l=0.51 Q_g=0.85 dl=2 dg=1
       Value: 0x00200ED8 -> 0x00000200
       Register: x1 (ra), READ, strategy=next_read
       zkVM errors (1 lines):
         • [prover_impl.rs:280] verify segment (internal proof verification failed)
       Local constraints hit (2 unique):
         - IsRead@mem.zir:79
           cycle=16787, step=208, pc=0x0020B8D8, major=1, minor=4
         - IsRead@mem.zir:80
           cycle=16787, step=208, pc=0x0020B8D8, major=1, minor=4
       Global: memory permutation violated
         x1/ra: wrote 0x00000200, expected 0x00200ed8 (cycle 33574)
  [446] ✓ PRE_EXEC_REG_MOD @ step 780: 1 failures, 2951ms, outcome: REJECTED, exit: 101 [proof:GENERATED] G=memory
       r=0.183  T_new=0.00 F_new=0.78 F_rare=1.00 U=0 Q=0.43 Q_l=0.72 Q_g=0.61 dl=1 dg=3
       Value: 0x00200350 -> 0x00200450
       Register: x2 (sp), READ, strategy=next_read
       zkVM errors (3 lines):
         • [prover_impl.rs:280] verify segment (internal proof verification failed)
         • [ffi.cpp:113] address mismatch at cycle 17401: preflight=0x000800d5, actual=0x00080115
         • [kernels/cxx/ffi.cpp:208] SKIP THROW: memory peek not in preflight
       Local constraints hit (1 unique):
         - IsRead@mem.zir:79
           cycle=17401, step=780, pc=0x002031F4, major=5, minor=2
       Global: memory permutation violated
         0x00200354 (data): unexpected write 0x00000000 (cycle 34673)
         0x00200454 (data): expected write missing, needed 0x00000000 (cycle 34673)
         x2/sp: wrote 0x00200450, expected 0x00200350 (cycle 34802)
  [447] ✓ PRE_EXEC_REG_MOD @ step 1570: 1 failures, 2950ms, outcome: REJECTED, exit: 101 [proof:GENERATED] G=memory
       r=0.183  T_new=0.00 F_new=0.78 F_rare=1.00 U=0 Q=0.43 Q_l=0.72 Q_g=0.61 dl=1 dg=3
       Value: 0x00200140 -> 0x00200138
       Register: x2 (sp), READ, strategy=next_read
       zkVM errors (3 lines):
         • [prover_impl.rs:280] verify segment (internal proof verification failed)
         • [ffi.cpp:113] address mismatch at cycle 18214: preflight=0x00080072, actual=0x00080070
         • [kernels/cxx/ffi.cpp:208] SKIP THROW: memory peek not in preflight
       Local constraints hit (1 unique):
         - IsRead@mem.zir:79
           cycle=18214, step=1570, pc=0x00202EAC, major=5, minor=2
       Global: memory permutation violated
         0x002001C0 (data): expected write missing, needed 0x00200300 (cycle 35939)
         0x002001C8 (data): unexpected write 0x00200300 (cycle 35939)
         x2/sp: wrote 0x00200138, expected 0x00200140 (cycle 36428)
  [448] ✓ PRE_EXEC_REG_MOD @ step 2167: 5 failures, 2956ms, outcome: REJECTED, exit: 101 [proof:GENERATED] G=memory
       r=0.048  T_new=0.00 F_new=0.78 F_rare=1.00 U=0 Q=0.11 Q_l=0.19 Q_g=0.61 dl=5 dg=3
       Value: 0x002000F0 -> 0x00007FFF
       Register: x2 (sp), READ, strategy=next_read
       zkVM errors (3 lines):
         • [prover_impl.rs:280] verify segment (internal proof verification failed)
         • [ffi.cpp:113] address mismatch at cycle 18821: preflight=0x00080045, actual=0x00002008
         • [kernels/cxx/ffi.cpp:208] SKIP THROW: memory peek not in preflight
       Local constraints hit (5 unique):
         - AddrDecomposeBits@u32.zir:87
           cycle=18821, step=2167, pc=0x002024F4, major=5, minor=2
         - IsRead@mem.zir:79
           cycle=18821, step=2167, pc=0x002024F4, major=5, minor=2
         - IsRead@mem.zir:80
           cycle=18821, step=2167, pc=0x002024F4, major=5, minor=2
         - OpLW@inst_mem.zir:108
           cycle=18821, step=2167, pc=0x002024F4, major=5, minor=2
         - OpLW@inst_mem.zir:109
           cycle=18821, step=2167, pc=0x002024F4, major=5, minor=2
       Global: memory permutation violated
         0x00008020 (data): expected write missing, needed 0x00200274 (cycle 36555)
         0x00200114 (data): unexpected write 0x00200274 (cycle 36555)
         x2/sp: wrote 0x00007fff, expected 0x002000f0 (cycle 37642)
  [449] ✓ LOAD_VAL_MOD @ step 706: 2 failures, 2938ms, outcome: REJECTED, exit: 101 [proof:GENERATED] G=memory
       r=0.103  T_new=0.00 F_new=0.39 F_rare=0.61 U=0 Q=0.43 Q_l=0.51 Q_g=0.85 dl=2 dg=1
       Value: 0x80000007 -> 0x949E7005
       Load destination: rd = x10 (a0)
       zkVM errors (1 lines):
         • [prover_impl.rs:280] verify segment (internal proof verification failed)
       Local constraints hit (2 unique):
         - MemoryWrite@mem.zir:100
           cycle=17321, step=706, pc=0x0020097C, major=5, minor=2
         - MemoryWrite@mem.zir:99
           cycle=17321, step=706, pc=0x0020097C, major=5, minor=2
       Global: memory permutation violated
         x10/a0: wrote 0x949e7005, expected 0x80000007 (cycle 34643)
  [450] ✓ MEM_VAL_MOD @ step 2644: 2 failures, 2953ms, outcome: REJECTED, exit: 101 [proof:GENERATED] G=memory
       r=0.110  T_new=0.00 F_new=0.39 F_rare=0.67 U=0 Q=0.43 Q_l=0.51 Q_g=0.85 dl=2 dg=1
       Value: 0xDEADBEEF -> 0x39A78C17
       Transaction: store_rmw_read (READ) at address 0x00200308
       zkVM errors (1 lines):
         • [prover_impl.rs:280] verify segment (internal proof verification failed)
       Local constraints hit (2 unique):
         - IsRead@mem.zir:79
           cycle=19372, step=2644, pc=0x00203430, major=6, minor=2
         - IsRead@mem.zir:80
           cycle=19372, step=2644, pc=0x00203430, major=6, minor=2
       Global: memory permutation violated
         0x00200308 (data): wrote 0x39a78c17, expected 0xdeadbeef (cycle 38744)
  [451] ✓ INSTR_WORD_MOD_FULL @ step 1047: 0 failures, 2926ms, outcome: REJECTED, exit: 101 [proof:GENERATED] G=memory[GO]
       r=0.197  T_new=0.00 F_new=0.92 F_rare=1.00 U=0 Q=0.43 Q_l=1.00 Q_g=0.43 dl=0 dg=5
       Value: 0x00070E63 -> 0x101F0A63
       Original: BEQ x14, x0, 28
       Mutated:  BEQ x30, x1, 276
       zkVM errors (3 lines):
         • [prover_impl.rs:280] verify segment (internal proof verification failed)
         • [ffi.cpp:113] address mismatch at cycle 17686: preflight=0x3fffc02e, actual=0x3fffc03e
         • [kernels/cxx/ffi.cpp:208] SKIP THROW: memory peek not in preflight
       Global: memory permutation violated [GLOBAL-ONLY]
         x0/zero: unexpected write 0x00000000 (cycle 35370)
         x1/ra: expected write missing, needed 0x00000000 (cycle 35370)
         x14/a4: unexpected write 0x00000001 (cycle 35367)
         x30/t5: expected write missing, needed 0x00000001 (cycle 35367)
         0x00200B4C (code): wrote 0x00070e63, expected 0x101f0a63 (cycle 5326)
  [452] ✓ INSTR_WORD_MOD_FULL @ step 3060: 2 failures, 2894ms, outcome: REJECTED, exit: 101 [proof:GENERATED] G=memory
       r=0.101  T_new=0.00 F_new=0.92 F_rare=1.00 U=0 Q=0.22 Q_l=0.51 Q_g=0.43 dl=2 dg=5
       Value: 0x0CE66463 -> 0x76B20A17
       Original: BLTU x12, x14, 200
       Mutated:  AUIPC x20, 0x76b20000
       Format changed: B -> U
       zkVM errors (3 lines):
         • [prover_impl.rs:280] verify segment (internal proof verification failed)
         • [ffi.cpp:113] address mismatch at cycle 19788: preflight=0x3fffc02c, actual=0x3fffc024
         • [kernels/cxx/ffi.cpp:208] SKIP THROW: memory peek not in preflight
       Local constraints hit (2 unique):
         - VerifyOpcodeF3@inst.zir:96
           cycle=19788, step=3060, pc=0x0020322C, major=2, minor=1
         - VerifyOpcodeF3@inst.zir:97
           cycle=19788, step=3060, pc=0x0020322C, major=2, minor=1
       Global: memory permutation violated
         x4/tp: expected write missing, needed 0x00000033 (cycle 39564)
         x11/a1: expected write missing, needed 0x00000007 (cycle 39573)
         x12/a2: unexpected write 0x00000033 (cycle 39564)
         x14/a4: unexpected write 0x00000007 (cycle 39573)
         0x00203228 (code): wrote 0x0ce66463, expected 0x76b20a17 (cycle 37990)
  [453] ✓ STORE_OUT_MOD @ step 1649: 2 failures, 2990ms, outcome: REJECTED, exit: 101 [proof:GENERATED] G=memory
       r=0.103  T_new=0.00 F_new=0.39 F_rare=0.60 U=0 Q=0.43 Q_l=0.51 Q_g=0.85 dl=2 dg=1
       Value: 0x00000000 -> 0x90220050
       Store address: 0x002000c8
       zkVM errors (1 lines):
         • [prover_impl.rs:280] verify segment (internal proof verification failed)
       Local constraints hit (2 unique):
         - MemoryWrite@mem.zir:100
           cycle=18293, step=1649, pc=0x0020AF08, major=6, minor=2
         - MemoryWrite@mem.zir:99
           cycle=18293, step=1649, pc=0x0020AF08, major=6, minor=2
       Global: memory permutation violated
         0x002000C8 (data): wrote 0x90220050, expected 0x00000000 (cycle 36587)
  [454] ✓ INSTR_WORD_MOD_SUR @ step 1969: 1 failures, 2966ms, outcome: REJECTED, exit: 101 [proof:GENERATED] G=memory
       r=0.143  T_new=0.00 F_new=0.39 F_rare=0.60 U=0 Q=0.61 Q_l=0.72 Q_g=0.85 dl=1 dg=1
       Value: 0x00150513 -> 0x00150517
       Surgical: opcode = 19 -> 23
       Original: ADDI x10, x10, 1
       Mutated:  AUIPC x10, 0x150000
       zkVM errors (1 lines):
         • [prover_impl.rs:280] verify segment (internal proof verification failed)
       Local constraints hit (1 unique):
         - VerifyOpcodeF3@inst.zir:96
           cycle=18618, step=1969, pc=0x002184D4, major=0, minor=7
       Global: memory permutation violated
         0x002184D0 (code): wrote 0x00150513, expected 0x00150517 (cycle 37222)
  [455] ✓ INSTR_WORD_MOD_SUR @ step 1179: 2 failures, 3008ms, outcome: REJECTED, exit: 101 [proof:GENERATED] G=memory
       r=0.116  T_new=0.00 F_new=0.86 F_rare=1.00 U=0 Q=0.26 Q_l=0.51 Q_g=0.51 dl=2 dg=4
       Value: 0x00221537 -> 0x9E452537
       Surgical: imm = 2232320 -> 2655330304
       Original: LUI x10, 0x221000
       Mutated:  LUI x10, 0x9e452000
       zkVM errors (3 lines):
         • [prover_impl.rs:280] verify segment (internal proof verification failed)
         • [ffi.cpp:113] address mismatch at cycle 17823: preflight=0x3fffc024, actual=0x3fffc02a
         • [kernels/cxx/ffi.cpp:208] SKIP THROW: memory peek not in preflight
       Local constraints hit (2 unique):
         - MemoryWrite@mem.zir:100
           cycle=17823, step=1179, pc=0x00208CCC, major=2, minor=5
         - MemoryWrite@mem.zir:99
           cycle=17823, step=1179, pc=0x00208CCC, major=2, minor=5
       Global: memory permutation violated
         x2/sp: unexpected write 0x00200360 (cycle 35634)
         x4/tp: wrote 0x00000000, expected 0x00200360 (cycle 35634)
         x10/a0: expected write missing, needed 0x00000000 (cycle 35634)
         0x00208CC8 (code): wrote 0x00221537, expected 0x9e452537 (cycle 19738)
  [456] ✓ COMP_OUT_MOD @ step 2230: 2 failures, 2903ms, outcome: REJECTED, exit: 101 [proof:GENERATED] G=memory
       r=0.102  T_new=0.00 F_new=0.39 F_rare=0.60 U=0 Q=0.43 Q_l=0.51 Q_g=0.85 dl=2 dg=1
       Value: 0x002213AC -> 0x802233AC
       Destination: rd = x14 (a4)
       zkVM errors (1 lines):
         • [prover_impl.rs:280] verify segment (internal proof verification failed)
       Local constraints hit (2 unique):
         - MemoryWrite@mem.zir:100
           cycle=18884, step=2230, pc=0x00203404, major=0, minor=7
         - MemoryWrite@mem.zir:99
           cycle=18884, step=2230, pc=0x00203404, major=0, minor=7
       Global: memory permutation violated
         x14/a4: wrote 0x802233ac, expected 0x002213ac (cycle 37769)
  [457] ✓ INSTR_WORD_MOD_SUR @ step 3929: 1 failures, 2913ms, outcome: REJECTED, exit: 101 [proof:GENERATED] G=memory
       r=0.152  T_new=0.00 F_new=0.39 F_rare=0.66 U=0 Q=0.61 Q_l=0.72 Q_g=0.85 dl=1 dg=1
       Value: 0x00000073 -> 0x000F0073
       Surgical: rs1 = 0 -> 30
       Original: ECALL x0, x0, 0
       Mutated:  ECALL x0, x30, 0
       zkVM errors (1 lines):
         • [prover_impl.rs:280] verify segment (internal proof verification failed)
       Local constraints hit (1 unique):
         - MachineECall@inst_ecall.zir:28
           cycle=20879, step=3929, pc=0xC00000F8, major=8, minor=0
       Global: memory permutation violated
         0xC00000F8 (data): wrote 0x00000073, expected 0x000f0073 (cycle 30062)
  [458] ✓ INSTR_WORD_MOD_SUR @ step 3059: 1 failures, 2930ms, outcome: REJECTED, exit: 101 [proof:GENERATED] G=memory
       r=0.180  T_new=0.00 F_new=0.39 F_rare=0.85 U=0 Q=0.61 Q_l=0.72 Q_g=0.85 dl=1 dg=1
       Value: 0xFEB68EA3 -> 0xFEB6CEA3
       Surgical: funct3 = 0 -> 4
       Original: SB x11, -3(x13)
       Mutated:  STORE.4 x11, -3(x13)
       zkVM errors (1 lines):
         • [prover_impl.rs:280] verify segment (internal proof verification failed)
       Local constraints hit (1 unique):
         - VerifyOpcodeF3@inst.zir:97
           cycle=19787, step=3059, pc=0x00203228, major=6, minor=0
       Global: memory permutation violated
         0x00203224 (code): wrote 0xfeb68ea3, expected 0xfeb6cea3 (cycle 37988)
  [459] ✓ INSTR_WORD_MOD_SUR @ step 2366: 1 failures, 2927ms, outcome: REJECTED, exit: 101 [proof:GENERATED] G=memory
       r=0.150  T_new=0.00 F_new=0.39 F_rare=0.64 U=0 Q=0.61 Q_l=0.72 Q_g=0.85 dl=1 dg=1
       Value: 0x00B6A823 -> 0x00B6A863
       Surgical: opcode = 35 -> 99
       Original: SW x11, 16(x13)
       Mutated:  BRANCH.2 x13, x11, 16
       zkVM errors (1 lines):
         • [prover_impl.rs:280] verify segment (internal proof verification failed)
       Local constraints hit (1 unique):
         - VerifyOpcodeF3@inst.zir:96
           cycle=19020, step=2366, pc=0x00203290, major=6, minor=2
       Global: memory permutation violated
         0x0020328C (code): wrote 0x00b6a823, expected 0x00b6a863 (cycle 33318)
  [460] ✓ INSTR_WORD_MOD_FULL @ step 2454: 0 failures, 2942ms, outcome: REJECTED, exit: 101 [proof:GENERATED] G=memory[GO]
       r=0.255  T_new=0.00 F_new=0.78 F_rare=1.00 U=0 Q=0.61 Q_l=1.00 Q_g=0.61 dl=0 dg=3
       Value: 0x00D676B3 -> 0x00D276B3
       Original: AND x13, x12, x13
       Mutated:  AND x13, x4, x13
       zkVM errors (3 lines):
         • [prover_impl.rs:280] verify segment (internal proof verification failed)
         • [ffi.cpp:113] address mismatch at cycle 19108: preflight=0x3fffc02c, actual=0x3fffc024
         • [kernels/cxx/ffi.cpp:208] SKIP THROW: memory peek not in preflight
       Global: memory permutation violated [GLOBAL-ONLY]
         x4/tp: expected write missing, needed 0x002214ac (cycle 38207)
         x12/a2: unexpected write 0x002214ac (cycle 38207)
         0x00205E04 (code): wrote 0x00d676b3, expected 0x00d276b3 (cycle 37560)
  [461] ✓ INSTR_WORD_MOD_FULL @ step 505: 1 failures, 2933ms, outcome: REJECTED, exit: 101 [proof:GENERATED] G=memory
       r=0.141  T_new=0.00 F_new=0.39 F_rare=0.58 U=0 Q=0.61 Q_l=0.72 Q_g=0.85 dl=1 dg=1
       Value: 0x00030713 -> 0x02030713
       Original: ADDI x14, x6, 0
       Mutated:  ADDI x14, x6, 32
       zkVM errors (1 lines):
         • [prover_impl.rs:280] verify segment (internal proof verification failed)
       Local constraints hit (1 unique):
         - MemoryWrite@mem.zir:99
           cycle=17102, step=505, pc=0x0020615C, major=0, minor=7
       Global: memory permutation violated
         0x00206158 (code): wrote 0x00030713, expected 0x02030713 (cycle 34036)
  [462] ✓ INSTR_WORD_MOD_FULL @ step 3790: 0 failures, 2936ms, outcome: REJECTED, exit: 101 [proof:GENERATED] G=memory[GO]
       r=0.255  T_new=0.00 F_new=0.78 F_rare=1.00 U=0 Q=0.61 Q_l=1.00 Q_g=0.61 dl=0 dg=3
       Value: 0x03822703 -> 0x03832703
       Original: LW x14, 56(x4)
       Mutated:  LW x14, 56(x6)
       zkVM errors (3 lines):
         • [prover_impl.rs:280] verify segment (internal proof verification failed)
         • [ffi.cpp:113] address mismatch at cycle 20666: preflight=0x3fffc004, actual=0x3fffc006
         • [kernels/cxx/ffi.cpp:208] SKIP THROW: memory peek not in preflight
       Global: memory permutation violated [GLOBAL-ONLY]
         0xC0000180 (data): wrote 0x03822703, expected 0x03832703 (cycle 40688)
         0xFFFF0010 (data): unexpected write 0xffff0080 (cycle 41330)
         0xFFFF0018 (data): expected write missing, needed 0xffff0080 (cycle 41330)
  [463] ✓ INSTR_WORD_MOD_FULL @ step 3929: 1 failures, 2983ms, outcome: REJECTED, exit: 101 [proof:GENERATED] G=memory
       r=0.153  T_new=0.00 F_new=0.39 F_rare=0.67 U=0 Q=0.61 Q_l=0.72 Q_g=0.85 dl=1 dg=1
       Value: 0x00000073 -> 0x000000F3
       Original: ECALL x0, x0, 0
       Mutated:  ECALL x1, x0, 0
       zkVM errors (1 lines):
         • [prover_impl.rs:280] verify segment (internal proof verification failed)
       Local constraints hit (1 unique):
         - MachineECall@inst_ecall.zir:29
           cycle=20879, step=3929, pc=0xC00000F8, major=8, minor=0
       Global: memory permutation violated
         0xC00000F8 (data): wrote 0x00000073, expected 0x000000f3 (cycle 30062)
  [464] ✓ INSTR_WORD_MOD_FULL @ step 3455: 1 failures, 2936ms, outcome: REJECTED, exit: 101 [proof:GENERATED] G=memory
       r=0.143  T_new=0.00 F_new=0.39 F_rare=0.60 U=0 Q=0.61 Q_l=0.72 Q_g=0.85 dl=1 dg=1
       Value: 0x00058493 -> 0x000584B3
       Original: ADDI x9, x11, 0
       Mutated:  ADD x9, x11, x0
       Format changed: I -> R
       zkVM errors (1 lines):
         • [prover_impl.rs:280] verify segment (internal proof verification failed)
       Local constraints hit (1 unique):
         - VerifyOpcodeF3@inst.zir:96
           cycle=20257, step=3455, pc=0x00205370, major=0, minor=7
       Global: memory permutation violated
         0x0020536C (code): wrote 0x00058493, expected 0x000584b3 (cycle 39208)
  [465] ✓ INSTR_WORD_MOD_SUR @ step 1129: 0 failures, 3009ms, outcome: REJECTED, exit: 101 [proof:GENERATED] G=memory[GO]
       r=0.255  T_new=0.00 F_new=0.78 F_rare=1.00 U=0 Q=0.61 Q_l=1.00 Q_g=0.61 dl=0 dg=3
       Value: 0x002215B7 -> 0x002210B7
       Surgical: rd = 11 -> 1
       Original: LUI x11, 0x221000
       Mutated:  LUI x1, 0x221000
       zkVM errors (3 lines):
         • [prover_impl.rs:280] verify segment (internal proof verification failed)
         • [ffi.cpp:113] address mismatch at cycle 17773: preflight=0x3fffc02b, actual=0x3fffc021
         • [kernels/cxx/ffi.cpp:208] SKIP THROW: memory peek not in preflight
       Global: memory permutation violated [GLOBAL-ONLY]
         x1/ra: expected write missing, needed 0x002213a8 (cycle 35500)
         x11/a1: unexpected write 0x002213a8 (cycle 35500)
         0x0020B908 (code): wrote 0x002215b7, expected 0x002210b7 (cycle 23642)
  [466] ✓ INSTR_WORD_MOD_SUR @ step 1859: 1 failures, 2930ms, outcome: REJECTED, exit: 101 [proof:GENERATED] G=memory
       r=0.143  T_new=0.00 F_new=0.39 F_rare=0.60 U=0 Q=0.61 Q_l=0.72 Q_g=0.85 dl=1 dg=1
       Value: 0x02010113 -> 0x02010123
       Surgical: opcode = 19 -> 35
       Original: ADDI x2, x2, 32
       Mutated:  SB x0, 34(x2)
       zkVM errors (1 lines):
         • [prover_impl.rs:280] verify segment (internal proof verification failed)
       Local constraints hit (1 unique):
         - VerifyOpcodeF3@inst.zir:96
           cycle=18508, step=1859, pc=0x0020600C, major=0, minor=7
       Global: memory permutation violated
         0x00206008 (code): wrote 0x02010113, expected 0x02010123 (cycle 17686)
  [467] ✓ INSTR_WORD_MOD_SUR @ step 2615: 0 failures, 2933ms, outcome: REJECTED, exit: 101 [proof:GENERATED] G=memory[GO]
       r=0.255  T_new=0.00 F_new=0.78 F_rare=1.00 U=0 Q=0.61 Q_l=1.00 Q_g=0.61 dl=0 dg=3
       Value: 0x00004097 -> 0x00004197
       Surgical: rd = 1 -> 3
       Original: AUIPC x1, 0x4000
       Mutated:  AUIPC x3, 0x4000
       zkVM errors (3 lines):
         • [prover_impl.rs:280] verify segment (internal proof verification failed)
         • [ffi.cpp:113] address mismatch at cycle 19343: preflight=0x3fffc021, actual=0x3fffc023
         • [kernels/cxx/ffi.cpp:208] SKIP THROW: memory peek not in preflight
       Global: memory permutation violated [GLOBAL-ONLY]
         x1/ra: unexpected write 0x00201450 (cycle 38498)
         x3/gp: expected write missing, needed 0x00201450 (cycle 38498)
         0x002015C4 (code): wrote 0x00004097, expected 0x00004197 (cycle 7018)
  [468] ✓ INSTR_WORD_MOD_SUR @ step 903: 0 failures, 2953ms, outcome: REJECTED, exit: 101 [proof:GENERATED] G=memory[GO]
       r=0.255  T_new=0.00 F_new=0.78 F_rare=1.00 U=0 Q=0.61 Q_l=1.00 Q_g=0.61 dl=0 dg=3
       Value: 0x01422503 -> 0x01422383
       Surgical: rd = 10 -> 7
       Original: LW x10, 20(x4)
       Mutated:  LW x7, 20(x4)
       zkVM errors (3 lines):
         • [prover_impl.rs:280] verify segment (internal proof verification failed)
         • [ffi.cpp:113] address mismatch at cycle 17530: preflight=0x3fffc00a, actual=0x3fffc007
         • [kernels/cxx/ffi.cpp:208] SKIP THROW: memory peek not in preflight
       Global: memory permutation violated [GLOBAL-ONLY]
         0xC0000070 (data): wrote 0x01422503, expected 0x01422383 (cycle 34892)
         0xFFFF001C (data): expected write missing, needed 0x00000008 (cycle 34931)
         0xFFFF0028 (data): unexpected write 0x00000008 (cycle 34931)
  [469] ✓ INSTR_WORD_MOD_SUR @ step 3327: 0 failures, 2933ms, outcome: REJECTED, exit: 101 [proof:GENERATED] G=memory[GO]
       r=0.280  T_new=0.00 F_new=0.39 F_rare=1.00 U=0 Q=0.85 Q_l=1.00 Q_g=0.85 dl=0 dg=1
       Value: 0xF40592E3 -> 0x70059963
       Surgical: imm = -188 -> 1810
       Original: BNE x11, x0, -188
       Mutated:  BNE x11, x0, 1810
       zkVM errors (1 lines):
         • [prover_impl.rs:280] verify segment (internal proof verification failed)
       Global: memory permutation violated [GLOBAL-ONLY]
         0x00203408 (code): wrote 0xf40592e3, expected 0x70059963 (cycle 40130)
  [470] ✓ INSTR_WORD_MOD_SUR @ step 2690: 0 failures, 2947ms, outcome: REJECTED, exit: 101 [proof:GENERATED] G=memory[GO]
       r=0.255  T_new=0.00 F_new=0.78 F_rare=1.00 U=0 Q=0.61 Q_l=1.00 Q_g=0.61 dl=0 dg=3
       Value: 0x06D12423 -> 0x07112423
       Surgical: rs2 = 13 -> 17
       Original: SW x13, 104(x2)
       Mutated:  SW x17, 104(x2)
       zkVM errors (3 lines):
         • [prover_impl.rs:280] verify segment (internal proof verification failed)
         • [ffi.cpp:113] address mismatch at cycle 19418: preflight=0x3fffc02d, actual=0x3fffc031
         • [kernels/cxx/ffi.cpp:208] SKIP THROW: memory peek not in preflight
       Global: memory permutation violated [GLOBAL-ONLY]
         x13/a3: unexpected write 0x0f4bd989 (cycle 38821)
         x17/a7: expected write missing, needed 0x0f4bd989 (cycle 38821)
         0x00201600 (code): wrote 0x06d12423, expected 0x07112423 (cycle 7058)
  [471] ✓ INSTR_WORD_MOD_SUR @ step 3046: 0 failures, 2926ms, outcome: REJECTED, exit: 101 [proof:GENERATED] G=memory[GO]
       r=0.255  T_new=0.00 F_new=0.78 F_rare=1.00 U=0 Q=0.61 Q_l=1.00 Q_g=0.61 dl=0 dg=3
       Value: 0x00000593 -> 0x00000613
       Surgical: rd = 11 -> 12
       Original: ADDI x11, x0, 0
       Mutated:  ADDI x12, x0, 0
       zkVM errors (3 lines):
         • [prover_impl.rs:280] verify segment (internal proof verification failed)
         • [ffi.cpp:113] address mismatch at cycle 19774: preflight=0x3fffc02b, actual=0x3fffc02c
         • [kernels/cxx/ffi.cpp:208] SKIP THROW: memory peek not in preflight
       Global: memory permutation violated [GLOBAL-ONLY]
         x11/a1: unexpected write 0x00000080 (cycle 39542)
         x12/a2: expected write missing, needed 0x00000080 (cycle 39542)
         0x00205770 (code): wrote 0x00000593, expected 0x00000613 (cycle 16294)
  [472] ✓ INSTR_WORD_MOD_SUR @ step 1845: 0 failures, 2920ms, outcome: REJECTED, exit: 101 [proof:GENERATED] G=memory[GO]
       r=0.255  T_new=0.00 F_new=0.78 F_rare=1.00 U=0 Q=0.61 Q_l=1.00 Q_g=0.61 dl=0 dg=3
       Value: 0x03022503 -> 0x03022E03
       Surgical: rd = 10 -> 28
       Original: LW x10, 48(x4)
       Mutated:  LW x28, 48(x4)
       zkVM errors (3 lines):
         • [prover_impl.rs:280] verify segment (internal proof verification failed)
         • [ffi.cpp:113] address mismatch at cycle 18489: preflight=0x3fffc00a, actual=0x3fffc01c
         • [kernels/cxx/ffi.cpp:208] SKIP THROW: memory peek not in preflight
       Global: memory permutation violated [GLOBAL-ONLY]
         0xC0000138 (data): wrote 0x03022503, expected 0x03022e03 (cycle 35438)
         0xFFFF0028 (data): unexpected write 0x00000008 (cycle 36970)
         0xFFFF0070 (data): expected write missing, needed 0x00000008 (cycle 36970)
  [473] ✓ INSTR_WORD_MOD_SUR @ step 3929: 1 failures, 2945ms, outcome: REJECTED, exit: 101 [proof:GENERATED] G=memory
       r=0.151  T_new=0.00 F_new=0.39 F_rare=0.65 U=0 Q=0.61 Q_l=0.72 Q_g=0.85 dl=1 dg=1
       Value: 0x00000073 -> 0x70200073
       Surgical: imm = 0 -> 1794
       Original: ECALL x0, x0, 0
       Mutated:  SYSTEM.0 x0, x0, 1794
       zkVM errors (1 lines):
         • [prover_impl.rs:280] verify segment (internal proof verification failed)
       Local constraints hit (1 unique):
         - MachineECall@inst_ecall.zir:28
           cycle=20879, step=3929, pc=0xC00000F8, major=8, minor=0
       Global: memory permutation violated
         0xC00000F8 (data): wrote 0x00000073, expected 0x70200073 (cycle 30062)
  [474] ✓ INSTR_WORD_MOD_SUR @ step 3530: 2 failures, 2936ms, outcome: REJECTED, exit: 101 [proof:GENERATED] G=memory
       r=0.131  T_new=0.00 F_new=0.78 F_rare=1.00 U=0 Q=0.31 Q_l=0.51 Q_g=0.61 dl=2 dg=3
       Value: 0x00300293 -> 0x90A00293
       Surgical: imm = 3 -> 2314
       Original: ADDI x5, x0, 3
       Mutated:  ADDI x5, x0, -1782
       zkVM errors (3 lines):
         • [prover_impl.rs:280] verify segment (internal proof verification failed)
         • [ffi.cpp:113] address mismatch at cycle 20332: preflight=0x3fffc023, actual=0x3fffc02a
         • [kernels/cxx/ffi.cpp:208] SKIP THROW: memory peek not in preflight
       Local constraints hit (2 unique):
         - MemoryWrite@mem.zir:100
           cycle=20332, step=3530, pc=0x002061EC, major=0, minor=7
         - MemoryWrite@mem.zir:99
           cycle=20332, step=3530, pc=0x002061EC, major=0, minor=7
       Global: memory permutation violated
         x3/gp: unexpected write 0x00010800 (cycle 40632)
         x10/a0: expected write missing, needed 0x00010800 (cycle 40632)
         0x002061E8 (code): wrote 0x00300293, expected 0x90a00293 (cycle 39708)
  [475] ✓ INSTR_WORD_MOD_SUR @ step 861: 0 failures, 2959ms, outcome: REJECTED, exit: 101 [proof:GENERATED] G=memory[GO]
       r=0.235  T_new=0.00 F_new=0.63 F_rare=1.00 U=0 Q=0.61 Q_l=1.00 Q_g=0.61 dl=0 dg=3
       Value: 0x01012503 -> 0x01012D03
       Surgical: rd = 10 -> 26
       Original: LW x10, 16(x2)
       Mutated:  LW x26, 16(x2)
       zkVM errors (3 lines):
         • [prover_impl.rs:280] verify segment (internal proof verification failed)
         • [ffi.cpp:113] address mismatch at cycle 17488: preflight=0x3fffc02a, actual=0x3fffc03a
         • [kernels/cxx/ffi.cpp:208] SKIP THROW: memory peek not in preflight
       Global: memory permutation violated [GLOBAL-ONLY]
         x10/a0: unexpected write 0x80000007 (cycle 34964)
         x26/s10: expected write missing, needed 0x80000007 (cycle 34964)
         0x002009E8 (code): wrote 0x01012503, expected 0x01012d03 (cycle 5106)
  [476] ✓ INSTR_WORD_MOD_SUR @ step 3101: 0 failures, 2928ms, outcome: REJECTED, exit: 101 [proof:GENERATED] G=memory[GO]
       r=0.255  T_new=0.00 F_new=0.78 F_rare=1.00 U=0 Q=0.61 Q_l=1.00 Q_g=0.61 dl=0 dg=3
       Value: 0x008A5513 -> 0x008A5913
       Surgical: rd = 10 -> 18
       Original: SRLI x10, x20, 8
       Mutated:  SRLI x18, x20, 8
       zkVM errors (3 lines):
         • [prover_impl.rs:280] verify segment (internal proof verification failed)
         • [ffi.cpp:113] address mismatch at cycle 19829: preflight=0x3fffc02a, actual=0x3fffc032
         • [kernels/cxx/ffi.cpp:208] SKIP THROW: memory peek not in preflight
       Global: memory permutation violated [GLOBAL-ONLY]
         x10/a0: unexpected write 0x00000000 (cycle 39656)
         x18/s2: expected write missing, needed 0x00000000 (cycle 39656)
         0x00205788 (code): wrote 0x008a5513, expected 0x008a5913 (cycle 16314)
  [477] ✓ INSTR_WORD_MOD_SUR @ step 3500: 0 failures, 2936ms, outcome: REJECTED, exit: 101 [proof:GENERATED] G=memory[GO]
       r=0.255  T_new=0.00 F_new=0.78 F_rare=1.00 U=0 Q=0.61 Q_l=1.00 Q_g=0.61 dl=0 dg=3
       Value: 0x00390593 -> 0x00390913
       Surgical: rd = 11 -> 18
       Original: ADDI x11, x18, 3
       Mutated:  ADDI x18, x18, 3
       zkVM errors (3 lines):
         • [prover_impl.rs:280] verify segment (internal proof verification failed)
         • [ffi.cpp:113] address mismatch at cycle 20302: preflight=0x3fffc02b, actual=0x3fffc032
         • [kernels/cxx/ffi.cpp:208] SKIP THROW: memory peek not in preflight
       Global: memory permutation violated [GLOBAL-ONLY]
         x11/a1: unexpected write 0x002215d0 (cycle 40598)
         x18/s2: expected write missing, needed 0x002215d0 (cycle 40598)
         0x002053A4 (code): wrote 0x00390593, expected 0x00390913 (cycle 39298)
  [478] ✓ INSTR_WORD_MOD_SUR @ step 1299: 0 failures, 2964ms, outcome: REJECTED, exit: 101 [proof:GENERATED] G=memory[GO]
       r=0.255  T_new=0.00 F_new=0.78 F_rare=1.00 U=0 Q=0.61 Q_l=1.00 Q_g=0.61 dl=0 dg=3
       Value: 0x0116A423 -> 0x00E6A423
       Surgical: rs2 = 17 -> 14
       Original: SW x17, 8(x13)
       Mutated:  SW x14, 8(x13)
       zkVM errors (3 lines):
         • [prover_impl.rs:280] verify segment (internal proof verification failed)
         • [ffi.cpp:113] address mismatch at cycle 17943: preflight=0x3fffc031, actual=0x3fffc02e
         • [kernels/cxx/ffi.cpp:208] SKIP THROW: memory peek not in preflight
       Global: memory permutation violated [GLOBAL-ONLY]
         x14/a4: expected write missing, needed 0x19cde05b (cycle 35879)
         x17/a7: unexpected write 0x19cde05b (cycle 35879)
         0x00203430 (code): wrote 0x0116a423, expected 0x00e6a423 (cycle 35862)
  [479] ✓ INSTR_WORD_MOD_SUR @ step 870: 1 failures, 2991ms, outcome: REJECTED, exit: 101 [proof:GENERATED] G=memory
       r=0.143  T_new=0.00 F_new=0.39 F_rare=0.60 U=0 Q=0.61 Q_l=0.72 Q_g=0.85 dl=1 dg=1
       Value: 0x00C10613 -> 0x00C12613
       Surgical: funct3 = 0 -> 2
       Original: ADDI x12, x2, 12
       Mutated:  SLTI x12, x2, 12
       zkVM errors (1 lines):
         • [prover_impl.rs:280] verify segment (internal proof verification failed)
       Local constraints hit (1 unique):
         - VerifyOpcodeF3@inst.zir:97
           cycle=17497, step=870, pc=0x00200A18, major=0, minor=7
       Global: memory permutation violated
         0x00200A14 (code): wrote 0x00c10613, expected 0x00c12613 (cycle 5126)
  [480] ✓ INSTR_WORD_MOD_SUR @ step 2112: 0 failures, 2948ms, outcome: REJECTED, exit: 101 [proof:GENERATED] G=memory[GO]
       r=0.255  T_new=0.00 F_new=0.78 F_rare=1.00 U=0 Q=0.61 Q_l=1.00 Q_g=0.61 dl=0 dg=3
       Value: 0x00050493 -> 0x00050813
       Surgical: rd = 9 -> 16
       Original: ADDI x9, x10, 0
       Mutated:  ADDI x16, x10, 0
       zkVM errors (3 lines):
         • [prover_impl.rs:280] verify segment (internal proof verification failed)
         • [ffi.cpp:113] address mismatch at cycle 18766: preflight=0x3fffc029, actual=0x3fffc030
         • [kernels/cxx/ffi.cpp:208] SKIP THROW: memory peek not in preflight
       Global: memory permutation violated [GLOBAL-ONLY]
         x9/s1: unexpected write 0x0021ae5a (cycle 37524)
         x16/a6: expected write missing, needed 0x0021ae5a (cycle 37524)
         0x00202518 (code): wrote 0x00050493, expected 0x00050813 (cycle 8186)
  [481] ✓ INSTR_WORD_MOD_SUR @ step 3826: 0 failures, 2926ms, outcome: REJECTED, exit: 101 [proof:GENERATED] G=memory[GO]
       r=0.255  T_new=0.00 F_new=0.78 F_rare=1.00 U=0 Q=0.61 Q_l=1.00 Q_g=0.61 dl=0 dg=3
       Value: 0x04010113 -> 0x040A8113
       Surgical: rs1 = 2 -> 21
       Original: ADDI x2, x2, 64
       Mutated:  ADDI x2, x21, 64
       zkVM errors (3 lines):
         • [prover_impl.rs:280] verify segment (internal proof verification failed)
         • [ffi.cpp:113] address mismatch at cycle 20776: preflight=0x3fffc022, actual=0x3fffc035
         • [kernels/cxx/ffi.cpp:208] SKIP THROW: memory peek not in preflight
       Global: memory permutation violated [GLOBAL-ONLY]
         x2/sp: unexpected write 0x00200160 (cycle 41550)
         x21/s5: expected write missing, needed 0x00200160 (cycle 41550)
         0x00205844 (code): wrote 0x04010113, expected 0x040a8113 (cycle 39952)
  [482] ✓ INSTR_WORD_MOD_SUR @ step 3112: 0 failures, 2940ms, outcome: REJECTED, exit: 101 [proof:GENERATED] G=memory[GO]
       r=0.255  T_new=0.00 F_new=0.78 F_rare=1.00 U=0 Q=0.61 Q_l=1.00 Q_g=0.61 dl=0 dg=3
       Value: 0xFEA5AE23 -> 0x4AA5A823
       Surgical: imm = -4 -> 1200
       Original: SW x10, -4(x11)
       Mutated:  SW x10, 1200(x11)
       zkVM errors (3 lines):
         • [prover_impl.rs:280] verify segment (internal proof verification failed)
         • [ffi.cpp:113] address mismatch at cycle 19840: preflight=0x0008855a, actual=0x00088687
         • [kernels/cxx/ffi.cpp:208] SKIP THROW: memory peek not in preflight
       Global: memory permutation violated [GLOBAL-ONLY]
         0x002057B4 (code): wrote 0xfea5ae23, expected 0x4aa5a823 (cycle 16334)
         0x00221568 (code): unexpected write 0x00000000 (cycle 39654)
         0x00221A1C (code): expected write missing, needed 0x00000000 (cycle 39654)
  [483] ✓ INSTR_WORD_MOD_SUR @ step 3144: 1 failures, 2929ms, outcome: REJECTED, exit: 101 [proof:GENERATED] G=memory
       r=0.143  T_new=0.00 F_new=0.39 F_rare=0.59 U=0 Q=0.61 Q_l=0.72 Q_g=0.85 dl=1 dg=1
       Value: 0x00050593 -> 0x000505D6
       Surgical: opcode = 19 -> 86
       Original: ADDI x11, x10, 0
       Mutated:  UNKNOWN 0x000505d6
       zkVM errors (1 lines):
         • [prover_impl.rs:280] verify segment (internal proof verification failed)
       Local constraints hit (1 unique):
         - VerifyOpcodeF3@inst.zir:96
           cycle=19872, step=3144, pc=0xC00004A0, major=0, minor=7
       Global: memory permutation violated
         0xC000049C (data): wrote 0x00050593, expected 0x000505d6 (cycle 38296)
  [484] ✓ INSTR_WORD_MOD_SUR @ step 3797: 1 failures, 2956ms, outcome: REJECTED, exit: 101 [proof:GENERATED] G=memory
       r=0.165  T_new=0.00 F_new=0.39 F_rare=0.75 U=0 Q=0.61 Q_l=0.72 Q_g=0.85 dl=1 dg=1
       Value: 0x08D88863 -> 0x08D8A863
       Surgical: funct3 = 0 -> 2
       Original: BEQ x17, x13, 144
       Mutated:  BRANCH.2 x17, x13, 144
       zkVM errors (1 lines):
         • [prover_impl.rs:280] verify segment (internal proof verification failed)
       Local constraints hit (1 unique):
         - VerifyOpcodeF3@inst.zir:97
           cycle=20673, step=3797, pc=0xC0000530, major=1, minor=5
       Global: memory permutation violated
         0xC00004A0 (data): wrote 0x08d88863, expected 0x08d8a863 (cycle 40702)
  [485] ✓ INSTR_WORD_MOD_SUR @ step 349: 2 failures, 2932ms, outcome: REJECTED, exit: 101 [proof:GENERATED] G=memory
       r=0.131  T_new=0.00 F_new=0.78 F_rare=1.00 U=0 Q=0.31 Q_l=0.51 Q_g=0.61 dl=2 dg=3
       Value: 0x00030713 -> 0xC9A30713
       Surgical: imm = 0 -> 3226
       Original: ADDI x14, x6, 0
       Mutated:  ADDI x14, x6, -870
       zkVM errors (3 lines):
         • [prover_impl.rs:280] verify segment (internal proof verification failed)
         • [ffi.cpp:113] address mismatch at cycle 16934: preflight=0x3fffc020, actual=0x3fffc03a
         • [kernels/cxx/ffi.cpp:208] SKIP THROW: memory peek not in preflight
       Local constraints hit (2 unique):
         - MemoryWrite@mem.zir:100
           cycle=16934, step=349, pc=0x0020615C, major=0, minor=7
         - MemoryWrite@mem.zir:99
           cycle=16934, step=349, pc=0x0020615C, major=0, minor=7
       Global: memory permutation violated
         x0/zero: unexpected write 0x00000000 (cycle 33866)
         x26/s10: expected write missing, needed 0x00000000 (cycle 33866)
         0x00206158 (code): wrote 0x00030713, expected 0xc9a30713 (cycle 33698)
  [486] ✓ LOAD_VAL_MOD @ step 1392: 2 failures, 2958ms, outcome: REJECTED, exit: 101 [proof:GENERATED] G=memory
       r=0.111  T_new=0.00 F_new=0.39 F_rare=0.68 U=0 Q=0.43 Q_l=0.51 Q_g=0.85 dl=2 dg=1
       Value: 0x00000085 -> 0x80000000
       Load destination: rd = x14 (a4)
       zkVM errors (1 lines):
         • [prover_impl.rs:280] verify segment (internal proof verification failed)
       Local constraints hit (2 unique):
         - MemoryWrite@mem.zir:100
           cycle=18036, step=1392, pc=0x002184C4, major=5, minor=3
         - MemoryWrite@mem.zir:99
           cycle=18036, step=1392, pc=0x002184C4, major=5, minor=3
       Global: memory permutation violated
         x14/a4: wrote 0x80000000, expected 0x00000085 (cycle 36073)
  [487] ✓ INSTR_WORD_MOD_SUR @ step 2814: 1 failures, 2964ms, outcome: REJECTED, exit: 101 [proof:GENERATED] G=memory
       r=0.161  T_new=0.00 F_new=0.39 F_rare=0.72 U=0 Q=0.61 Q_l=0.72 Q_g=0.85 dl=1 dg=1
       Value: 0x01012583 -> 0x010125D6
       Surgical: opcode = 3 -> 86
       Original: LW x11, 16(x2)
       Mutated:  UNKNOWN 0x010125d6
       zkVM errors (1 lines):
         • [prover_impl.rs:280] verify segment (internal proof verification failed)
       Local constraints hit (1 unique):
         - VerifyOpcodeF3@inst.zir:96
           cycle=19542, step=2814, pc=0x00203B68, major=5, minor=2
       Global: memory permutation violated
         0x00203B64 (code): wrote 0x01012583, expected 0x010125d6 (cycle 11786)
  [488] ✓ MEM_VAL_MOD @ step 2503: 2 failures, 2949ms, outcome: REJECTED, exit: 101 [proof:GENERATED] G=memory
       r=0.168  T_new=0.00 F_new=0.63 F_rare=1.00 U=0 Q=0.43 Q_l=0.51 Q_g=0.85 dl=2 dg=1
       Value: 0x00000001 -> 0x00000010
       Transaction: other_mem_read (READ) at address 0xffff003c
       zkVM errors (1 lines):
         • [prover_impl.rs:280] verify segment (internal proof verification failed)
       Local constraints hit (2 unique):
         - IsRead@mem.zir:79
           cycle=19231, step=2503, pc=0xC0000558, major=0, minor=1
         - MemoryWrite@mem.zir:99
           cycle=19231, step=2503, pc=0xC0000558, major=0, minor=1
       Global: memory permutation violated
         0xFFFF003C (data): wrote 0x00000010, expected 0x00000001 (cycle 38462)
  [489] ✓ INSTR_WORD_MOD_SUR @ step 2299: 1 failures, 2954ms, outcome: REJECTED, exit: 101 [proof:GENERATED] G=memory
       r=0.183  T_new=0.00 F_new=0.78 F_rare=1.00 U=0 Q=0.43 Q_l=0.72 Q_g=0.61 dl=1 dg=3
       Value: 0x00267593 -> 0xEDD67593
       Surgical: imm = 2 -> 3805
       Original: ANDI x11, x12, 2
       Mutated:  ANDI x11, x12, -291
       zkVM errors (3 lines):
         • [prover_impl.rs:280] verify segment (internal proof verification failed)
         • [ffi.cpp:113] address mismatch at cycle 18953: preflight=0x3fffc022, actual=0x3fffc03d
         • [kernels/cxx/ffi.cpp:208] SKIP THROW: memory peek not in preflight
       Local constraints hit (1 unique):
         - MemoryWrite@mem.zir:99
           cycle=18953, step=2299, pc=0x002035D4, major=1, minor=2
       Global: memory permutation violated
         x2/sp: unexpected write 0x00200300 (cycle 37748)
         x29/t4: expected write missing, needed 0x00200300 (cycle 37748)
         0x002035D0 (code): wrote 0x00267593, expected 0xedd67593 (cycle 35906)
  [490] ✓ INSTR_TYPE_MOD @ step 3554: 4 failures, 2889ms, outcome: REJECTED, exit: 101 [proof:GENERATED]
       r=0.074  T_new=0.00 F_new=0.39 F_rare=0.79 U=0 Q=0.26 Q_l=0.26 Q_g=1.00 dl=4 dg=0
       Value: 0x00000007 -> 0x00000002
       Original: AddI [major=0, minor=7]
       Mutated:  Xor [major=0, minor=2]
       zkVM errors (1 lines):
         • [prover_impl.rs:280] verify segment (internal proof verification failed)
       Local constraints hit (4 unique):
         - MemoryWrite@mem.zir:99
           cycle=20356, step=3554, pc=0xC0000548, major=0, minor=2
         - VerifyOpcodeF3F7@inst.zir:102
           cycle=20356, step=3554, pc=0xC0000548, major=0, minor=2
         - VerifyOpcodeF3F7@inst.zir:103
           cycle=20356, step=3554, pc=0xC0000548, major=0, minor=2
         - VerifyOpcodeF3F7@inst.zir:104
           cycle=20356, step=3554, pc=0xC0000548, major=0, minor=2
       Global: no permutation/lookup violations (local-only)
  [491] ✓ INSTR_WORD_MOD_SUR @ step 3413: 1 failures, 2956ms, outcome: REJECTED, exit: 101 [proof:GENERATED] G=memory
       r=0.156  T_new=0.00 F_new=0.39 F_rare=0.69 U=0 Q=0.61 Q_l=0.72 Q_g=0.85 dl=1 dg=1
       Value: 0x0106A223 -> 0x0106F223
       Surgical: funct3 = 2 -> 7
       Original: SW x16, 4(x13)
       Mutated:  STORE.7 x16, 4(x13)
       zkVM errors (1 lines):
         • [prover_impl.rs:280] verify segment (internal proof verification failed)
       Local constraints hit (1 unique):
         - VerifyOpcodeF3@inst.zir:97
           cycle=20215, step=3413, pc=0x00203430, major=6, minor=2
       Global: memory permutation violated
         0x0020342C (code): wrote 0x0106a223, expected 0x0106f223 (cycle 40406)
  [492] ✓ MEM_VAL_MOD @ step 2423: 2 failures, 2948ms, outcome: REJECTED, exit: 101 [proof:GENERATED] G=memory
       r=0.109  T_new=0.00 F_new=0.39 F_rare=0.66 U=0 Q=0.43 Q_l=0.51 Q_g=0.85 dl=2 dg=1
       Value: 0x00000000 -> 0xDBCF3526
       Transaction: store_rmw_read (READ) at address 0x002002ec
       zkVM errors (1 lines):
         • [prover_impl.rs:280] verify segment (internal proof verification failed)
       Local constraints hit (2 unique):
         - IsRead@mem.zir:79
           cycle=19077, step=2423, pc=0x00205570, major=6, minor=2
         - IsRead@mem.zir:80
           cycle=19077, step=2423, pc=0x00205570, major=6, minor=2
       Global: memory permutation violated
         0x002002EC (data): wrote 0xdbcf3526, expected 0x00000000 (cycle 38154)
  [493] ✓ INSTR_WORD_MOD_FULL @ step 1632: 1 failures, 2936ms, outcome: REJECTED, exit: 101 [proof:GENERATED] G=memory
       r=0.161  T_new=0.00 F_new=0.39 F_rare=0.72 U=0 Q=0.61 Q_l=0.72 Q_g=0.85 dl=1 dg=1
       Value: 0x02812423 -> 0x02812523
       Original: SW x8, 40(x2)
       Mutated:  SW x8, 42(x2)
       zkVM errors (1 lines):
         • [prover_impl.rs:280] verify segment (internal proof verification failed)
       Local constraints hit (1 unique):
         - OpSW@inst_mem.zir:161
           cycle=18276, step=1632, pc=0x002024BC, major=6, minor=2
       Global: memory permutation violated
         0x002024B8 (code): wrote 0x02812423, expected 0x02812523 (cycle 8126)
  [494] ✓ STORE_OUT_MOD @ step 2741: 2 failures, 2941ms, outcome: REJECTED, exit: 101 [proof:GENERATED] G=memory
       r=0.103  T_new=0.00 F_new=0.39 F_rare=0.60 U=0 Q=0.43 Q_l=0.51 Q_g=0.85 dl=2 dg=1
       Value: 0x00000000 -> 0x00200800
       Store address: 0x0020032c
       zkVM errors (1 lines):
         • [prover_impl.rs:280] verify segment (internal proof verification failed)
       Local constraints hit (2 unique):
         - MemoryWrite@mem.zir:100
           cycle=19469, step=2741, pc=0x002016E0, major=6, minor=2
         - MemoryWrite@mem.zir:99
           cycle=19469, step=2741, pc=0x002016E0, major=6, minor=2
       Global: memory permutation violated
         0x0020032C (data): wrote 0x00200800, expected 0x00000000 (cycle 38939)
  [495] ✓ INSTR_WORD_MOD_SUR @ step 3562: 0 failures, 2935ms, outcome: REJECTED, exit: 101 [proof:GENERATED] G=memory[GO]
       r=0.255  T_new=0.00 F_new=0.78 F_rare=1.00 U=0 Q=0.61 Q_l=1.00 Q_g=0.61 dl=0 dg=3
       Value: 0x04078263 -> 0x04070263
       Surgical: rs1 = 15 -> 14
       Original: BEQ x15, x0, 68
       Mutated:  BEQ x14, x0, 68
       zkVM errors (3 lines):
         • [prover_impl.rs:280] verify segment (internal proof verification failed)
         • [ffi.cpp:113] address mismatch at cycle 20438: preflight=0x3fffc02f, actual=0x3fffc02e
         • [kernels/cxx/ffi.cpp:208] SKIP THROW: memory peek not in preflight
       Global: memory permutation violated [GLOBAL-ONLY]
         x14/a4: expected write missing, needed 0x00000000 (cycle 40875)
         x15/a5: unexpected write 0x00000000 (cycle 40875)
         0x002061F4 (code): wrote 0x04078263, expected 0x04070263 (cycle 39920)
  [496] ✓ INSTR_WORD_MOD_SUR @ step 1080: 0 failures, 3034ms, outcome: REJECTED, exit: 101 [proof:GENERATED] G=memory[GO]
       r=0.255  T_new=0.00 F_new=0.78 F_rare=1.00 U=0 Q=0.61 Q_l=1.00 Q_g=0.61 dl=0 dg=3
       Value: 0x03022503 -> 0xE3822503
       Surgical: imm = 48 -> 3640
       Original: LW x10, 48(x4)
       Mutated:  LW x10, -456(x4)
       zkVM errors (3 lines):
         • [prover_impl.rs:280] verify segment (internal proof verification failed)
         • [ffi.cpp:113] address mismatch at cycle 17719: preflight=0x3fffc02c, actual=0x3fffbfae
         • [kernels/cxx/ffi.cpp:208] SKIP THROW: memory peek not in preflight
       Global: memory permutation violated [GLOBAL-ONLY]
         0xC0000138 (data): wrote 0x03022503, expected 0xe3822503 (cycle 35246)
         0xFFFEFEB8 (data): expected write missing, needed 0x0021a076 (cycle 35407)
         x12/a2: unexpected write 0x0021a076 (cycle 35407)
  [497] ✓ INSTR_WORD_MOD_SUR @ step 297: 0 failures, 2933ms, outcome: REJECTED, exit: 101 [proof:GENERATED] G=memory[GO]
       r=0.255  T_new=0.00 F_new=0.78 F_rare=1.00 U=0 Q=0.61 Q_l=1.00 Q_g=0.61 dl=0 dg=3
       Value: 0x40A30333 -> 0x40A30FB3
       Surgical: rd = 6 -> 31
       Original: SUB x6, x6, x10
       Mutated:  SUB x31, x6, x10
       zkVM errors (3 lines):
         • [prover_impl.rs:280] verify segment (internal proof verification failed)
         • [ffi.cpp:113] address mismatch at cycle 16882: preflight=0x3fffc026, actual=0x3fffc03f
         • [kernels/cxx/ffi.cpp:208] SKIP THROW: memory peek not in preflight
       Global: memory permutation violated [GLOBAL-ONLY]
         x6/t1: unexpected write 0x00000004 (cycle 33764)
         x31/t6: expected write missing, needed 0x00000004 (cycle 33764)
         0x002061AC (code): wrote 0x40a30333, expected 0x40a30fb3 (cycle 17946)
  [498] ✓ INSTR_WORD_MOD_SUR @ step 3004: 1 failures, 2932ms, outcome: REJECTED, exit: 101 [proof:GENERATED] G=memory
       r=0.143  T_new=0.00 F_new=0.39 F_rare=0.60 U=0 Q=0.61 Q_l=0.72 Q_g=0.85 dl=1 dg=1
       Value: 0x00040513 -> 0x00044513
       Surgical: funct3 = 0 -> 4
       Original: ADDI x10, x8, 0
       Mutated:  XORI x10, x8, 0
       zkVM errors (1 lines):
         • [prover_impl.rs:280] verify segment (internal proof verification failed)
       Local constraints hit (1 unique):
         - VerifyOpcodeF3@inst.zir:97
           cycle=19732, step=3004, pc=0x00205748, major=0, minor=7
       Global: memory permutation violated
         0x00205744 (code): wrote 0x00040513, expected 0x00044513 (cycle 16274)
  [499] ✓ INSTR_WORD_MOD_SUR @ step 3406: 0 failures, 2934ms, outcome: REJECTED, exit: 101 [proof:GENERATED] G=memory[GO]
       r=0.255  T_new=0.00 F_new=0.78 F_rare=1.00 U=0 Q=0.61 Q_l=1.00 Q_g=0.61 dl=0 dg=3
       Value: 0x01068693 -> 0x01020693
       Surgical: rs1 = 13 -> 4
       Original: ADDI x13, x13, 16
       Mutated:  ADDI x13, x4, 16
       zkVM errors (3 lines):
         • [prover_impl.rs:280] verify segment (internal proof verification failed)
         • [ffi.cpp:113] address mismatch at cycle 20208: preflight=0x3fffc02d, actual=0x3fffc024
         • [kernels/cxx/ffi.cpp:208] SKIP THROW: memory peek not in preflight
       Global: memory permutation violated [GLOBAL-ONLY]
         x4/tp: expected write missing, needed 0x002215ac (cycle 40410)
         x13/a3: unexpected write 0x002215ac (cycle 40410)
         0x00203440 (code): wrote 0x01068693, expected 0x01020693 (cycle 40310)
  [500] ✓ INSTR_WORD_MOD_SUR @ step 3180: 0 failures, 2925ms, outcome: REJECTED, exit: 101 [proof:GENERATED] G=memory[GO]
       r=0.255  T_new=0.00 F_new=0.78 F_rare=1.00 U=0 Q=0.61 Q_l=1.00 Q_g=0.61 dl=0 dg=3
       Value: 0x01812403 -> 0x01812003
       Surgical: rd = 8 -> 0
       Original: LW x8, 24(x2)
       Mutated:  LW x0, 24(x2)
       zkVM errors (3 lines):
         • [prover_impl.rs:280] verify segment (internal proof verification failed)
         • [ffi.cpp:113] address mismatch at cycle 19982: preflight=0x3fffc028, actual=0x3fffc060
         • [kernels/cxx/ffi.cpp:208] SKIP THROW: memory peek not in preflight
       Global: memory permutation violated [GLOBAL-ONLY]
         x8/s0: unexpected write 0x002214ec (cycle 39960)
         0xFFFF0180 (data): expected write missing, needed 0x002214ec (cycle 39960)
         0x00205468 (code): wrote 0x01812403, expected 0x01812003 (cycle 15814)

============================================================
Campaign Summary
============================================================
Total mutations:     500
Successful (caused failures): 499
Skipped (no valid target):    0
Total failures:      761
Unique constraints:  27
New coverage:        27
New touch:           1817
Distinct touched:    1817

Global Constraint Summary:
  Mutations with global violations: 491
  Global-only (no local failures):  130
  Local-only (no global violations):9
Execution time:      1492116ms

Outcome breakdown:
  REJECTED (mutation detected): 499
  CRASH (segfault, etc.):       1
  NO_EFFECT:                    0
  ACCEPTED (BUG!):              0 
  SKIPPED:                      0

Mutations by kind:
  COMP_OUT_MOD: 38
  INSTR_TYPE_MOD: 19
  INSTR_WORD_MOD_FULL: 75
  INSTR_WORD_MOD_SUR: 256
  LOAD_VAL_MOD: 32
  MEM_VAL_MOD: 26
  PRE_EXEC_REG_MOD: 22
  STORE_OUT_MOD: 32
[run_campaign_pos] campaign rc=0
[run_campaign_pos] EXIT trap firing, rc=0
